player,team,market,line,over_price,under_price,book,event,game_time,home_team,away_team,is_ladder
Austin Hooper,NE,Anytime TD,,725.0,,Bovada,Houston Texans @ New England Patriots,1768767000000,Patriots,Texans,False
Austin Hooper (NE) - 1H,,Anytime TD,,1400.0,,Bovada,Houston Texans @ New England Patriots,1768767000000,Patriots,Texans,False
Austin Hooper (NE) - 1Q,,Anytime TD,,5000.0,,Bovada,Houston Texans @ New England Patriots,1768767000000,Patriots,Texans,False
Blake Corum,LAR,Anytime TD,,220.0,,Bovada,Los Angeles Rams @ Chicago Bears,1768779000000,Bears,Rams,False
Blake Corum & Chicago Bears,,Anytime TD,,900.0,,Bovada,Los Angeles Rams @ Chicago Bears,1768779000000,Bears,Rams,False
Blake Corum & Los Angeles Rams,,Anytime TD,,350.0,,Bovada,Los Angeles Rams @ Chicago Bears,1768779000000,Bears,Rams,False
Blake Corum (LAR) - 1H,,Anytime TD,,500.0,,Bovada,Los Angeles Rams @ Chicago Bears,1768779000000,Bears,Rams,False
Blake Corum (LAR) - 1Q,,Anytime TD,,1300.0,,Bovada,Los Angeles Rams @ Chicago Bears,1768779000000,Bears,Rams,False
Braxton Berrios,HOU,Anytime TD,,2800.0,,Bovada,Houston Texans @ New England Patriots,1768767000000,Patriots,Texans,False
Braxton Berrios (HOU) - 1H,,Anytime TD,,1700.0,,Bovada,Houston Texans @ New England Patriots,1768767000000,Patriots,Texans,False
Braxton Berrios (HOU) - 1Q,,Anytime TD,,5000.0,,Bovada,Houston Texans @ New England Patriots,1768767000000,Patriots,Texans,False
British Brooks,HOU,Anytime TD,,3300.0,,Bovada,Houston Texans @ New England Patriots,1768767000000,Patriots,Texans,False
British Brooks (HOU) - 1Q,,Anytime TD,,12500.0,,Bovada,Houston Texans @ New England Patriots,1768767000000,Patriots,Texans,False
C.J. Stroud,HOU,Anytime TD,,900.0,,Bovada,Houston Texans @ New England Patriots,1768767000000,Patriots,Texans,False
C.J. Stroud (HOU) - 1H,,Anytime TD,,1300.0,,Bovada,Houston Texans @ New England Patriots,1768767000000,Patriots,Texans,False
C.J. Stroud (HOU) - 1Q,,Anytime TD,,3000.0,,Bovada,Houston Texans @ New England Patriots,1768767000000,Patriots,Texans,False
CHI Bears D/ST,,Anytime TD,,600.0,,Bovada,Los Angeles Rams @ Chicago Bears,1768779000000,Bears,Rams,False
CHI Bears D/ST - 1H,,Anytime TD,,1600.0,,Bovada,Los Angeles Rams @ Chicago Bears,1768779000000,Bears,Rams,False
CHI Bears D/ST - 1Q,,Anytime TD,,3500.0,,Bovada,Los Angeles Rams @ Chicago Bears,1768779000000,Bears,Rams,False
Cade Stover,HOU,Anytime TD,,800.0,,Bovada,Houston Texans @ New England Patriots,1768767000000,Patriots,Texans,False
Cade Stover (HOU) - 1H,,Anytime TD,,1200.0,,Bovada,Houston Texans @ New England Patriots,1768767000000,Patriots,Texans,False
Cade Stover (HOU) - 1Q,,Anytime TD,,3500.0,,Bovada,Houston Texans @ New England Patriots,1768767000000,Patriots,Texans,False
Caleb Williams,CHI,Anytime TD,,310.0,,Bovada,Los Angeles Rams @ Chicago Bears,1768779000000,Bears,Rams,False
Caleb Williams (CHI) - 1H,,Anytime TD,,650.0,,Bovada,Los Angeles Rams @ Chicago Bears,1768779000000,Bears,Rams,False
Caleb Williams (CHI) - 1Q,,Anytime TD,,1400.0,,Bovada,Los Angeles Rams @ Chicago Bears,1768779000000,Bears,Rams,False
Christian Kirk,HOU,Anytime TD,,290.0,,Bovada,Houston Texans @ New England Patriots,1768767000000,Patriots,Texans,False
Christian Kirk & Houston Texans,,Anytime TD,,550.0,,Bovada,Houston Texans @ New England Patriots,1768767000000,Patriots,Texans,False
Christian Kirk & New England Patriots,,Anytime TD,,500.0,,Bovada,Houston Texans @ New England Patriots,1768767000000,Patriots,Texans,False
Christian Kirk (HOU) - 1H,,Anytime TD,,500.0,,Bovada,Houston Texans @ New England Patriots,1768767000000,Patriots,Texans,False
Christian Kirk (HOU) - 1Q,,Anytime TD,,1100.0,,Bovada,Houston Texans @ New England Patriots,1768767000000,Patriots,Texans,False
Colby Parkinson,LAR,Anytime TD,,230.0,,Bovada,Los Angeles Rams @ Chicago Bears,1768779000000,Bears,Rams,False
Colby Parkinson & Chicago Bears,,Anytime TD,,600.0,,Bovada,Los Angeles Rams @ Chicago Bears,1768779000000,Bears,Rams,False
Colby Parkinson & Los Angeles Rams,,Anytime TD,,310.0,,Bovada,Los Angeles Rams @ Chicago Bears,1768779000000,Bears,Rams,False
Colby Parkinson (LAR) - 1H,,Anytime TD,,460.0,,Bovada,Los Angeles Rams @ Chicago Bears,1768779000000,Bears,Rams,False
Colby Parkinson (LAR) - 1Q,,Anytime TD,,1100.0,,Bovada,Los Angeles Rams @ Chicago Bears,1768779000000,Bears,Rams,False
Cole Kmet,CHI,Anytime TD,,525.0,,Bovada,Los Angeles Rams @ Chicago Bears,1768779000000,Bears,Rams,False
Cole Kmet (CHI) - 1H,,Anytime TD,,1000.0,,Bovada,Los Angeles Rams @ Chicago Bears,1768779000000,Bears,Rams,False
Cole Kmet (CHI) - 1Q,,Anytime TD,,2200.0,,Bovada,Los Angeles Rams @ Chicago Bears,1768779000000,Bears,Rams,False
Colston Loveland,CHI,Anytime TD,,200.0,,Bovada,Los Angeles Rams @ Chicago Bears,1768779000000,Bears,Rams,False
Colston Loveland & Chicago Bears,,Anytime TD,,550.0,,Bovada,Los Angeles Rams @ Chicago Bears,1768779000000,Bears,Rams,False
Colston Loveland & Los Angeles Rams,,Anytime TD,,370.0,,Bovada,Los Angeles Rams @ Chicago Bears,1768779000000,Bears,Rams,False
Colston Loveland (CHI) - 1H,,Anytime TD,,400.0,,Bovada,Los Angeles Rams @ Chicago Bears,1768779000000,Bears,Rams,False
Colston Loveland (CHI) - 1Q,,Anytime TD,,900.0,,Bovada,Los Angeles Rams @ Chicago Bears,1768779000000,Bears,Rams,False
D'Andre Swift,CHI,Anytime TD,,150.0,,Bovada,Los Angeles Rams @ Chicago Bears,1768779000000,Bears,Rams,False
D'Andre Swift & Chicago Bears,,Anytime TD,,420.0,,Bovada,Los Angeles Rams @ Chicago Bears,1768779000000,Bears,Rams,False
D'Andre Swift & Los Angeles Rams,,Anytime TD,,290.0,,Bovada,Los Angeles Rams @ Chicago Bears,1768779000000,Bears,Rams,False
D'Andre Swift (CHI) - 1H,,Anytime TD,,310.0,,Bovada,Los Angeles Rams @ Chicago Bears,1768779000000,Bears,Rams,False
D'Andre Swift (CHI) - 1Q,,Anytime TD,,650.0,,Bovada,Los Angeles Rams @ Chicago Bears,1768779000000,Bears,Rams,False
D'Ernest Johnson,NE,Anytime TD,,2200.0,,Bovada,Houston Texans @ New England Patriots,1768767000000,Patriots,Texans,False
D.J. Moore (CHI) - 1H,,Anytime TD,,550.0,,Bovada,Los Angeles Rams @ Chicago Bears,1768779000000,Bears,Rams,False
D.J. Moore (CHI) - 1Q,,Anytime TD,,1200.0,,Bovada,Los Angeles Rams @ Chicago Bears,1768779000000,Bears,Rams,False
DJ Moore,CHI,Anytime TD,,330.0,,Bovada,Los Angeles Rams @ Chicago Bears,1768779000000,Bears,Rams,False
Dalton Schultz,HOU,Anytime TD,,255.0,,Bovada,Houston Texans @ New England Patriots,1768767000000,Patriots,Texans,False
Dalton Schultz & Houston Texans,,Anytime TD,,460.0,,Bovada,Houston Texans @ New England Patriots,1768767000000,Patriots,Texans,False
Dalton Schultz & New England Patriots,,Anytime TD,,440.0,,Bovada,Houston Texans @ New England Patriots,1768767000000,Patriots,Texans,False
Dalton Schultz (HOU) - 1H,,Anytime TD,,420.0,,Bovada,Houston Texans @ New England Patriots,1768767000000,Patriots,Texans,False
Dalton Schultz (HOU) - 1Q,,Anytime TD,,900.0,,Bovada,Houston Texans @ New England Patriots,1768767000000,Patriots,Texans,False
Dare Ogunbowale,HOU,Anytime TD,,2700.0,,Bovada,Houston Texans @ New England Patriots,1768767000000,Patriots,Texans,False
Dare Ogunbowale (HOU) - 1Q,,Anytime TD,,12500.0,,Bovada,Houston Texans @ New England Patriots,1768767000000,Patriots,Texans,False
Davante Adams,LAR,Anytime TD,,-117.0,,Bovada,Los Angeles Rams @ Chicago Bears,1768779000000,Bears,Rams,False
Davante Adams & Chicago Bears,,Anytime TD,,470.0,,Bovada,Los Angeles Rams @ Chicago Bears,1768779000000,Bears,Rams,False
Davante Adams & Los Angeles Rams,,Anytime TD,,130.0,,Bovada,Los Angeles Rams @ Chicago Bears,1768779000000,Bears,Rams,False
Davante Adams (LAR) - 1H,,Anytime TD,,190.0,,Bovada,Los Angeles Rams @ Chicago Bears,1768779000000,Bears,Rams,False
Davante Adams (LAR) - 1Q,,Anytime TD,,460.0,,Bovada,Los Angeles Rams @ Chicago Bears,1768779000000,Bears,Rams,False
Davis Allen,LAR,Anytime TD,,1100.0,,Bovada,Los Angeles Rams @ Chicago Bears,1768779000000,Bears,Rams,False
Davis Allen (LAR) - 1H,,Anytime TD,,2200.0,,Bovada,Los Angeles Rams @ Chicago Bears,1768779000000,Bears,Rams,False
Davis Allen (LAR) - 1Q,,Anytime TD,,10000.0,,Bovada,Los Angeles Rams @ Chicago Bears,1768779000000,Bears,Rams,False
Demario Douglas,NE,Anytime TD,,500.0,,Bovada,Houston Texans @ New England Patriots,1768767000000,Patriots,Texans,False
Demario Douglas (NE) - 1H,,Anytime TD,,950.0,,Bovada,Houston Texans @ New England Patriots,1768767000000,Patriots,Texans,False
Demario Douglas (NE) - 1Q,,Anytime TD,,2000.0,,Bovada,Houston Texans @ New England Patriots,1768767000000,Patriots,Texans,False
Devin Duvernay,CHI,Anytime TD,,1900.0,,Bovada,Los Angeles Rams @ Chicago Bears,1768779000000,Bears,Rams,False
Devin Duvernay (CHI) - 1H,,Anytime TD,,3300.0,,Bovada,Los Angeles Rams @ Chicago Bears,1768779000000,Bears,Rams,False
Devin Duvernay (CHI) - 1Q,,Anytime TD,,12500.0,,Bovada,Los Angeles Rams @ Chicago Bears,1768779000000,Bears,Rams,False
Drake Maye,NE,Anytime TD,,330.0,,Bovada,Houston Texans @ New England Patriots,1768767000000,Patriots,Texans,False
Drake Maye & Houston Texans,,Anytime TD,,1050.0,,Bovada,Houston Texans @ New England Patriots,1768767000000,Patriots,Texans,False
Drake Maye & New England Patriots,,Anytime TD,,600.0,,Bovada,Houston Texans @ New England Patriots,1768767000000,Patriots,Texans,False
Drake Maye (NE) - 1H,,Anytime TD,,700.0,,Bovada,Houston Texans @ New England Patriots,1768767000000,Patriots,Texans,False
Drake Maye (NE) - 1Q,,Anytime TD,,1700.0,,Bovada,Houston Texans @ New England Patriots,1768767000000,Patriots,Texans,False
Durham Smythe,CHI,Anytime TD,,1800.0,,Bovada,Los Angeles Rams @ Chicago Bears,1768779000000,Bears,Rams,False
Durham Smythe (CHI) - 1H,,Anytime TD,,3000.0,,Bovada,Los Angeles Rams @ Chicago Bears,1768779000000,Bears,Rams,False
Durham Smythe (CHI) - 1Q,,Anytime TD,,10000.0,,Bovada,Los Angeles Rams @ Chicago Bears,1768779000000,Bears,Rams,False
Efton Chism,NE,Anytime TD,,1200.0,,Bovada,Houston Texans @ New England Patriots,1768767000000,Patriots,Texans,False
Efton Chism (NE) - 1H,,Anytime TD,,2700.0,,Bovada,Houston Texans @ New England Patriots,1768767000000,Patriots,Texans,False
Efton Chism (NE) - 1Q,,Anytime TD,,10000.0,,Bovada,Houston Texans @ New England Patriots,1768767000000,Patriots,Texans,False
Harrison Bryant,HOU,Anytime TD,,3300.0,,Bovada,Houston Texans @ New England Patriots,1768767000000,Patriots,Texans,False
Houston Texans Def/ST,HOU,Anytime TD,,525.0,,Bovada,Houston Texans @ New England Patriots,1768767000000,Patriots,Texans,False
Houston Texans Def/ST (HOU) - 1H,,Anytime TD,,1900.0,,Bovada,Houston Texans @ New England Patriots,1768767000000,Patriots,Texans,False
Houston Texans Def/ST (HOU) - 1Q,,Anytime TD,,3000.0,,Bovada,Houston Texans @ New England Patriots,1768767000000,Patriots,Texans,False
Hunter Henry,NE,Anytime TD,,195.0,,Bovada,Houston Texans @ New England Patriots,1768767000000,Patriots,Texans,False
Hunter Henry & Houston Texans,,Anytime TD,,700.0,,Bovada,Houston Texans @ New England Patriots,1768767000000,Patriots,Texans,False
Hunter Henry & New England Patriots,,Anytime TD,,340.0,,Bovada,Houston Texans @ New England Patriots,1768767000000,Patriots,Texans,False
Hunter Henry (NE) - 1H,,Anytime TD,,410.0,,Bovada,Houston Texans @ New England Patriots,1768767000000,Patriots,Texans,False
Hunter Henry (NE) - 1Q,,Anytime TD,,900.0,,Bovada,Houston Texans @ New England Patriots,1768767000000,Patriots,Texans,False
Jack Westover,NE,Anytime TD,,2500.0,,Bovada,Houston Texans @ New England Patriots,1768767000000,Patriots,Texans,False
Jahdae Walker,CHI,Anytime TD,,800.0,,Bovada,Los Angeles Rams @ Chicago Bears,1768779000000,Bears,Rams,False
Jahdae Walker (CHI) - 1H,,Anytime TD,,1500.0,,Bovada,Los Angeles Rams @ Chicago Bears,1768779000000,Bears,Rams,False
Jahdae Walker (CHI) - 1Q,,Anytime TD,,6500.0,,Bovada,Los Angeles Rams @ Chicago Bears,1768779000000,Bears,Rams,False
Jawhar Jordan (HOU) - 1H,,Anytime TD,,1600.0,,Bovada,Houston Texans @ New England Patriots,1768767000000,Patriots,Texans,False
Jawhar Jordan (HOU) - 1Q,,Anytime TD,,4000.0,,Bovada,Houston Texans @ New England Patriots,1768767000000,Patriots,Texans,False
Jayden Higgins,HOU,Anytime TD,,320.0,,Bovada,Houston Texans @ New England Patriots,1768767000000,Patriots,Texans,False
Jayden Higgins & Houston Texans,,Anytime TD,,650.0,,Bovada,Houston Texans @ New England Patriots,1768767000000,Patriots,Texans,False
Jayden Higgins & New England Patriots,,Anytime TD,,600.0,,Bovada,Houston Texans @ New England Patriots,1768767000000,Patriots,Texans,False
Jayden Higgins (HOU) - 1H,,Anytime TD,,550.0,,Bovada,Houston Texans @ New England Patriots,1768767000000,Patriots,Texans,False
Jayden Higgins (HOU) - 1Q,,Anytime TD,,1200.0,,Bovada,Houston Texans @ New England Patriots,1768767000000,Patriots,Texans,False
Jaylin Noel,HOU,Anytime TD,,1100.0,,Bovada,Houston Texans @ New England Patriots,1768767000000,Patriots,Texans,False
Jaylin Noel (HOU) - 1H,,Anytime TD,,1700.0,,Bovada,Houston Texans @ New England Patriots,1768767000000,Patriots,Texans,False
Jaylin Noel (HOU) - 1Q,,Anytime TD,,5000.0,,Bovada,Houston Texans @ New England Patriots,1768767000000,Patriots,Texans,False
Jordan Whittington,LAR,Anytime TD,,1700.0,,Bovada,Los Angeles Rams @ Chicago Bears,1768779000000,Bears,Rams,False
Jordan Whittington (LAR) - 1H,,Anytime TD,,3500.0,,Bovada,Los Angeles Rams @ Chicago Bears,1768779000000,Bears,Rams,False
Justin Watson (HOU) - 1H,,Anytime TD,,1700.0,,Bovada,Houston Texans @ New England Patriots,1768767000000,Patriots,Texans,False
Justin Watson (HOU) - 1Q,,Anytime TD,,5000.0,,Bovada,Houston Texans @ New England Patriots,1768767000000,Patriots,Texans,False
Kayshon Boutte,NE,Anytime TD,,390.0,,Bovada,Houston Texans @ New England Patriots,1768767000000,Patriots,Texans,False
Kayshon Boutte & Houston Texans,,Anytime TD,,1050.0,,Bovada,Houston Texans @ New England Patriots,1768767000000,Patriots,Texans,False
Kayshon Boutte & New England Patriots,,Anytime TD,,600.0,,Bovada,Houston Texans @ New England Patriots,1768767000000,Patriots,Texans,False
Kayshon Boutte (NE) - 1H,,Anytime TD,,700.0,,Bovada,Houston Texans @ New England Patriots,1768767000000,Patriots,Texans,False
Kayshon Boutte (NE) - 1Q,,Anytime TD,,1500.0,,Bovada,Houston Texans @ New England Patriots,1768767000000,Patriots,Texans,False
Konata Mumpfield,LAR,Anytime TD,,1900.0,,Bovada,Los Angeles Rams @ Chicago Bears,1768779000000,Bears,Rams,False
Konata Mumpfield (LAR) - 1H,,Anytime TD,,3500.0,,Bovada,Los Angeles Rams @ Chicago Bears,1768779000000,Bears,Rams,False
Kyle Monangai,CHI,Anytime TD,,215.0,,Bovada,Los Angeles Rams @ Chicago Bears,1768779000000,Bears,Rams,False
Kyle Monangai & Chicago Bears,,Anytime TD,,550.0,,Bovada,Los Angeles Rams @ Chicago Bears,1768779000000,Bears,Rams,False
Kyle Monangai & Los Angeles Rams,,Anytime TD,,390.0,,Bovada,Los Angeles Rams @ Chicago Bears,1768779000000,Bears,Rams,False
Kyle Monangai (CHI) - 1H,,Anytime TD,,450.0,,Bovada,Los Angeles Rams @ Chicago Bears,1768779000000,Bears,Rams,False
Kyle Monangai (CHI) - 1Q,,Anytime TD,,1100.0,,Bovada,Los Angeles Rams @ Chicago Bears,1768779000000,Bears,Rams,False
Kyle Williams,NE,Anytime TD,,800.0,,Bovada,Houston Texans @ New England Patriots,1768767000000,Patriots,Texans,False
Kyle Williams (NE) - 1H,,Anytime TD,,1500.0,,Bovada,Houston Texans @ New England Patriots,1768767000000,Patriots,Texans,False
Kyle Williams (NE) - 1Q,,Anytime TD,,4500.0,,Bovada,Houston Texans @ New England Patriots,1768767000000,Patriots,Texans,False
Kyren Williams,LAR,Anytime TD,,115.0,,Bovada,Los Angeles Rams @ Chicago Bears,1768779000000,Bears,Rams,False
Kyren Williams & Chicago Bears,,Anytime TD,,600.0,,Bovada,Los Angeles Rams @ Chicago Bears,1768779000000,Bears,Rams,False
Kyren Williams & Los Angeles Rams,,Anytime TD,,180.0,,Bovada,Los Angeles Rams @ Chicago Bears,1768779000000,Bears,Rams,False
Kyren Williams (LAR) - 1H,,Anytime TD,,270.0,,Bovada,Los Angeles Rams @ Chicago Bears,1768779000000,Bears,Rams,False
Kyren Williams (LAR) - 1Q,,Anytime TD,,600.0,,Bovada,Los Angeles Rams @ Chicago Bears,1768779000000,Bears,Rams,False
Los Angeles Rams Def/ST (LAR) - 1H,,Anytime TD,,1500.0,,Bovada,Los Angeles Rams @ Chicago Bears,1768779000000,Bears,Rams,False
Los Angeles Rams Def/ST (LAR) - 1Q,,Anytime TD,,3500.0,,Bovada,Los Angeles Rams @ Chicago Bears,1768779000000,Bears,Rams,False
Luther Burden III,CHI,Anytime TD,,320.0,,Bovada,Los Angeles Rams @ Chicago Bears,1768779000000,Bears,Rams,False
Luther Burden III (CHI) - 1H,,Anytime TD,,550.0,,Bovada,Los Angeles Rams @ Chicago Bears,1768779000000,Bears,Rams,False
Luther Burden III (CHI) - 1Q,,Anytime TD,,1200.0,,Bovada,Los Angeles Rams @ Chicago Bears,1768779000000,Bears,Rams,False
Matthew Stafford,LAR,Anytime TD,,2200.0,,Bovada,Los Angeles Rams @ Chicago Bears,1768779000000,Bears,Rams,False
New England Patriots Def/ST,NE,Anytime TD,,500.0,,Bovada,Houston Texans @ New England Patriots,1768767000000,Patriots,Texans,False
New England Patriots Def/ST (NE) - 1H,,Anytime TD,,1800.0,,Bovada,Houston Texans @ New England Patriots,1768767000000,Patriots,Texans,False
New England Patriots Def/ST (NE) - 1Q,,Anytime TD,,4000.0,,Bovada,Houston Texans @ New England Patriots,1768767000000,Patriots,Texans,False
Nick Chubb,HOU,Anytime TD,,625.0,,Bovada,Houston Texans @ New England Patriots,1768767000000,Patriots,Texans,False
Nick Chubb (HOU) - 1H,,Anytime TD,,1600.0,,Bovada,Houston Texans @ New England Patriots,1768767000000,Patriots,Texans,False
Nick Chubb (HOU) - 1Q,,Anytime TD,,4000.0,,Bovada,Houston Texans @ New England Patriots,1768767000000,Patriots,Texans,False
Nikola Kalinic,,Anytime TD,,1900.0,,Bovada,Los Angeles Rams @ Chicago Bears,1768779000000,Bears,Rams,False
Olamide Zaccheaus,CHI,Anytime TD,,800.0,,Bovada,Los Angeles Rams @ Chicago Bears,1768779000000,Bears,Rams,False
Olamide Zaccheaus (CHI) - 1H,,Anytime TD,,1500.0,,Bovada,Los Angeles Rams @ Chicago Bears,1768779000000,Bears,Rams,False
Olamide Zaccheaus (CHI) - 1Q,,Anytime TD,,6500.0,,Bovada,Los Angeles Rams @ Chicago Bears,1768779000000,Bears,Rams,False
Puka Nacua,LAR,Anytime TD,,-114.0,,Bovada,Los Angeles Rams @ Chicago Bears,1768779000000,Bears,Rams,False
Puka Nacua & Chicago Bears,,Anytime TD,,480.0,,Bovada,Los Angeles Rams @ Chicago Bears,1768779000000,Bears,Rams,False
Puka Nacua & Los Angeles Rams,,Anytime TD,,140.0,,Bovada,Los Angeles Rams @ Chicago Bears,1768779000000,Bears,Rams,False
Puka Nacua (LAR) - 1H,,Anytime TD,,155.0,,Bovada,Los Angeles Rams @ Chicago Bears,1768779000000,Bears,Rams,False
Puka Nacua (LAR) - 1Q,,Anytime TD,,460.0,,Bovada,Los Angeles Rams @ Chicago Bears,1768779000000,Bears,Rams,False
Rhamondre Stevenson,NE,Anytime TD,,165.0,,Bovada,Houston Texans @ New England Patriots,1768767000000,Patriots,Texans,False
Rhamondre Stevenson & Houston Texans,,Anytime TD,,700.0,,Bovada,Houston Texans @ New England Patriots,1768767000000,Patriots,Texans,False
Rhamondre Stevenson & New England Patriots,,Anytime TD,,320.0,,Bovada,Houston Texans @ New England Patriots,1768767000000,Patriots,Texans,False
Rhamondre Stevenson (NE) - 1H,,Anytime TD,,420.0,,Bovada,Houston Texans @ New England Patriots,1768767000000,Patriots,Texans,False
Rhamondre Stevenson (NE) - 1Q,,Anytime TD,,900.0,,Bovada,Houston Texans @ New England Patriots,1768767000000,Patriots,Texans,False
Rome Odunze,CHI,Anytime TD,,270.0,,Bovada,Los Angeles Rams @ Chicago Bears,1768779000000,Bears,Rams,False
Rome Odunze & Chicago Bears,,Anytime TD,,750.0,,Bovada,Los Angeles Rams @ Chicago Bears,1768779000000,Bears,Rams,False
Rome Odunze & Los Angeles Rams,,Anytime TD,,500.0,,Bovada,Los Angeles Rams @ Chicago Bears,1768779000000,Bears,Rams,False
Rome Odunze (CHI) - 1H,,Anytime TD,,500.0,,Bovada,Los Angeles Rams @ Chicago Bears,1768779000000,Bears,Rams,False
Rome Odunze (CHI) - 1Q,,Anytime TD,,1100.0,,Bovada,Los Angeles Rams @ Chicago Bears,1768779000000,Bears,Rams,False
Ronnie Rivers,LAR,Anytime TD,,4000.0,,Bovada,Los Angeles Rams @ Chicago Bears,1768779000000,Bears,Rams,False
Stefon Diggs,NE,Anytime TD,,210.0,,Bovada,Houston Texans @ New England Patriots,1768767000000,Patriots,Texans,False
Stefon Diggs & Houston Texans,,Anytime TD,,700.0,,Bovada,Houston Texans @ New England Patriots,1768767000000,Patriots,Texans,False
Stefon Diggs & New England Patriots,,Anytime TD,,340.0,,Bovada,Houston Texans @ New England Patriots,1768767000000,Patriots,Texans,False
Stefon Diggs (NE) - 1H,,Anytime TD,,410.0,,Bovada,Houston Texans @ New England Patriots,1768767000000,Patriots,Texans,False
Stefon Diggs (NE) - 1Q,,Anytime TD,,850.0,,Bovada,Houston Texans @ New England Patriots,1768767000000,Patriots,Texans,False
Terrance Ferguson,LAR,Anytime TD,,700.0,,Bovada,Los Angeles Rams @ Chicago Bears,1768779000000,Bears,Rams,False
Terrance Ferguson (LAR) - 1H,,Anytime TD,,2200.0,,Bovada,Los Angeles Rams @ Chicago Bears,1768779000000,Bears,Rams,False
Terrance Ferguson (LAR) - 1Q,,Anytime TD,,10000.0,,Bovada,Los Angeles Rams @ Chicago Bears,1768779000000,Bears,Rams,False
Travis Homer,CHI,Anytime TD,,4000.0,,Bovada,Los Angeles Rams @ Chicago Bears,1768779000000,Bears,Rams,False
TreVeyon Henderson,NE,Anytime TD,,240.0,,Bovada,Houston Texans @ New England Patriots,1768767000000,Patriots,Texans,False
TreVeyon Henderson & Houston Texans,,Anytime TD,,700.0,,Bovada,Houston Texans @ New England Patriots,1768767000000,Patriots,Texans,False
TreVeyon Henderson & New England Patriots,,Anytime TD,,320.0,,Bovada,Houston Texans @ New England Patriots,1768767000000,Patriots,Texans,False
TreVeyon Henderson (NE) - 1H,,Anytime TD,,430.0,,Bovada,Houston Texans @ New England Patriots,1768767000000,Patriots,Texans,False
TreVeyon Henderson (NE) - 1Q,,Anytime TD,,1000.0,,Bovada,Houston Texans @ New England Patriots,1768767000000,Patriots,Texans,False
TuTu Atwell,LAR,Anytime TD,,1900.0,,Bovada,Los Angeles Rams @ Chicago Bears,1768779000000,Bears,Rams,False
Tyler Higbee,LAR,Anytime TD,,320.0,,Bovada,Los Angeles Rams @ Chicago Bears,1768779000000,Bears,Rams,False
Tyler Higbee & Chicago Bears,,Anytime TD,,1050.0,,Bovada,Los Angeles Rams @ Chicago Bears,1768779000000,Bears,Rams,False
Tyler Higbee & Los Angeles Rams,,Anytime TD,,410.0,,Bovada,Los Angeles Rams @ Chicago Bears,1768779000000,Bears,Rams,False
Tyler Higbee (LAR) - 1H,,Anytime TD,,500.0,,Bovada,Los Angeles Rams @ Chicago Bears,1768779000000,Bears,Rams,False
Tyler Higbee (LAR) - 1Q,,Anytime TD,,1100.0,,Bovada,Los Angeles Rams @ Chicago Bears,1768779000000,Bears,Rams,False
Woody Marks,HOU,Anytime TD,,155.0,,Bovada,Houston Texans @ New England Patriots,1768767000000,Patriots,Texans,False
Woody Marks & Houston Texans,,Anytime TD,,360.0,,Bovada,Houston Texans @ New England Patriots,1768767000000,Patriots,Texans,False
Woody Marks & New England Patriots,,Anytime TD,,350.0,,Bovada,Houston Texans @ New England Patriots,1768767000000,Patriots,Texans,False
Woody Marks (HOU) - 1H,,Anytime TD,,330.0,,Bovada,Houston Texans @ New England Patriots,1768767000000,Patriots,Texans,False
Woody Marks (HOU) - 1Q,,Anytime TD,,800.0,,Bovada,Houston Texans @ New England Patriots,1768767000000,Patriots,Texans,False
Xavier Hutchinson,HOU,Anytime TD,,400.0,,Bovada,Houston Texans @ New England Patriots,1768767000000,Patriots,Texans,False
Xavier Hutchinson (HOU) - 1H,,Anytime TD,,900.0,,Bovada,Houston Texans @ New England Patriots,1768767000000,Patriots,Texans,False
Xavier Hutchinson (HOU) - 1Q,,Anytime TD,,1900.0,,Bovada,Houston Texans @ New England Patriots,1768767000000,Patriots,Texans,False
Xavier Smith,LAR,Anytime TD,,1000.0,,Bovada,Los Angeles Rams @ Chicago Bears,1768779000000,Bears,Rams,False
Xavier Smith (LAR) - 1H,,Anytime TD,,2700.0,,Bovada,Los Angeles Rams @ Chicago Bears,1768779000000,Bears,Rams,False
C.J. Stroud,HOU,Interceptions,0.5,-125.0,-105.0,Bovada,Houston Texans @ New England Patriots,1768767000000,Patriots,Texans,False
Caleb Williams,CHI,Interceptions,0.5,,-130.0,Bovada,Los Angeles Rams @ Chicago Bears,1768779000000,Bears,Rams,False
Drake Maye,NE,Interceptions,0.5,-120.0,-110.0,Bovada,Houston Texans @ New England Patriots,1768767000000,Patriots,Texans,False
Matthew Stafford,LAR,Interceptions,0.5,,-130.0,Bovada,Los Angeles Rams @ Chicago Bears,1768779000000,Bears,Rams,False
C.J. Stroud,HOU,Passing Attempts,31.5,-110.0,-120.0,Bovada,Houston Texans @ New England Patriots,1768767000000,Patriots,Texans,False
Caleb Williams,CHI,Passing Attempts,32.5,-110.0,-120.0,Bovada,Los Angeles Rams @ Chicago Bears,1768779000000,Bears,Rams,False
Drake Maye,NE,Passing Attempts,29.5,-115.0,-115.0,Bovada,Houston Texans @ New England Patriots,1768767000000,Patriots,Texans,False
Matthew Stafford,LAR,Passing Attempts,34.5,-115.0,-115.0,Bovada,Los Angeles Rams @ Chicago Bears,1768779000000,Bears,Rams,False
C.J. Stroud,HOU,Passing TDs,1.0,-420.0,,Bovada,Houston Texans @ New England Patriots,1768767000000,Patriots,Texans,True
C.J. Stroud,HOU,Passing TDs,1.5,145.0,-190.0,Bovada,Houston Texans @ New England Patriots,1768767000000,Patriots,Texans,False
C.J. Stroud,HOU,Passing TDs,2.0,130.0,,Bovada,Houston Texans @ New England Patriots,1768767000000,Patriots,Texans,True
C.J. Stroud,HOU,Passing TDs,3.0,475.0,,Bovada,Houston Texans @ New England Patriots,1768767000000,Patriots,Texans,True
Caleb Williams,CHI,Passing TDs,1.0,-550.0,,Bovada,Los Angeles Rams @ Chicago Bears,1768779000000,Bears,Rams,True
Caleb Williams,CHI,Passing TDs,1.5,110.0,-145.0,Bovada,Los Angeles Rams @ Chicago Bears,1768779000000,Bears,Rams,False
Caleb Williams,CHI,Passing TDs,2.0,-110.0,,Bovada,Los Angeles Rams @ Chicago Bears,1768779000000,Bears,Rams,True
Caleb Williams,CHI,Passing TDs,3.0,360.0,,Bovada,Los Angeles Rams @ Chicago Bears,1768779000000,Bears,Rams,True
Caleb Williams,CHI,Passing TDs,4.0,1100.0,,Bovada,Los Angeles Rams @ Chicago Bears,1768779000000,Bears,Rams,True
Drake Maye,NE,Passing TDs,1.0,-480.0,,Bovada,Houston Texans @ New England Patriots,1768767000000,Patriots,Texans,True
Drake Maye,NE,Passing TDs,1.5,130.0,-170.0,Bovada,Houston Texans @ New England Patriots,1768767000000,Patriots,Texans,False
Drake Maye,NE,Passing TDs,2.0,120.0,,Bovada,Houston Texans @ New England Patriots,1768767000000,Patriots,Texans,True
Drake Maye,NE,Passing TDs,3.0,475.0,,Bovada,Houston Texans @ New England Patriots,1768767000000,Patriots,Texans,True
Matthew Stafford,LAR,Passing TDs,1.0,-2000.0,,Bovada,Los Angeles Rams @ Chicago Bears,1768779000000,Bears,Rams,True
Matthew Stafford,LAR,Passing TDs,2.0,-280.0,,Bovada,Los Angeles Rams @ Chicago Bears,1768779000000,Bears,Rams,True
Matthew Stafford,LAR,Passing TDs,2.5,150.0,-200.0,Bovada,Los Angeles Rams @ Chicago Bears,1768779000000,Bears,Rams,False
Matthew Stafford,LAR,Passing TDs,3.0,130.0,,Bovada,Los Angeles Rams @ Chicago Bears,1768779000000,Bears,Rams,True
Matthew Stafford,LAR,Passing TDs,4.0,450.0,,Bovada,Los Angeles Rams @ Chicago Bears,1768779000000,Bears,Rams,True
Matthew Stafford,LAR,Passing TDs,5.0,1300.0,,Bovada,Los Angeles Rams @ Chicago Bears,1768779000000,Bears,Rams,True
C.J. Stroud,HOU,Passing Yards,125.0,-1550.0,,Bovada,Houston Texans @ New England Patriots,1768767000000,Patriots,Texans,True
C.J. Stroud,HOU,Passing Yards,150.0,-660.0,,Bovada,Houston Texans @ New England Patriots,1768767000000,Patriots,Texans,True
C.J. Stroud,HOU,Passing Yards,175.0,-340.0,,Bovada,Houston Texans @ New England Patriots,1768767000000,Patriots,Texans,True
C.J. Stroud,HOU,Passing Yards,200.0,-175.0,,Bovada,Houston Texans @ New England Patriots,1768767000000,Patriots,Texans,True
C.J. Stroud,HOU,Passing Yards,207.5,-125.0,-105.0,Bovada,Houston Texans @ New England Patriots,1768767000000,Patriots,Texans,False
C.J. Stroud,HOU,Passing Yards,225.0,105.0,,Bovada,Houston Texans @ New England Patriots,1768767000000,Patriots,Texans,True
C.J. Stroud,HOU,Passing Yards,250.0,190.0,,Bovada,Houston Texans @ New England Patriots,1768767000000,Patriots,Texans,True
C.J. Stroud,HOU,Passing Yards,275.0,340.0,,Bovada,Houston Texans @ New England Patriots,1768767000000,Patriots,Texans,True
C.J. Stroud,HOU,Passing Yards,300.0,585.0,,Bovada,Houston Texans @ New England Patriots,1768767000000,Patriots,Texans,True
C.J. Stroud,HOU,Passing Yards,325.0,900.0,,Bovada,Houston Texans @ New England Patriots,1768767000000,Patriots,Texans,True
C.J. Stroud,HOU,Passing Yards,350.0,1350.0,,Bovada,Houston Texans @ New England Patriots,1768767000000,Patriots,Texans,True
C.J. Stroud,HOU,Passing Yards,375.0,3200.0,,Bovada,Houston Texans @ New England Patriots,1768767000000,Patriots,Texans,True
C.J. Stroud,HOU,Passing Yards,,110.0,,Bovada,Houston Texans @ New England Patriots,1768767000000,Patriots,Texans,False
Caleb Williams,CHI,Passing Yards,150.0,-990.0,,Bovada,Los Angeles Rams @ Chicago Bears,1768779000000,Bears,Rams,True
Caleb Williams,CHI,Passing Yards,175.0,-500.0,,Bovada,Los Angeles Rams @ Chicago Bears,1768779000000,Bears,Rams,True
Caleb Williams,CHI,Passing Yards,200.0,-260.0,,Bovada,Los Angeles Rams @ Chicago Bears,1768779000000,Bears,Rams,True
Caleb Williams,CHI,Passing Yards,216.5,-115.0,-115.0,Bovada,Los Angeles Rams @ Chicago Bears,1768779000000,Bears,Rams,False
Caleb Williams,CHI,Passing Yards,225.0,-140.0,,Bovada,Los Angeles Rams @ Chicago Bears,1768779000000,Bears,Rams,True
Caleb Williams,CHI,Passing Yards,250.0,130.0,,Bovada,Los Angeles Rams @ Chicago Bears,1768779000000,Bears,Rams,True
Caleb Williams,CHI,Passing Yards,275.0,220.0,,Bovada,Los Angeles Rams @ Chicago Bears,1768779000000,Bears,Rams,True
Caleb Williams,CHI,Passing Yards,300.0,370.0,,Bovada,Los Angeles Rams @ Chicago Bears,1768779000000,Bears,Rams,True
Caleb Williams,CHI,Passing Yards,325.0,630.0,,Bovada,Los Angeles Rams @ Chicago Bears,1768779000000,Bears,Rams,True
Caleb Williams,CHI,Passing Yards,350.0,1100.0,,Bovada,Los Angeles Rams @ Chicago Bears,1768779000000,Bears,Rams,True
Caleb Williams,CHI,Passing Yards,375.0,1800.0,,Bovada,Los Angeles Rams @ Chicago Bears,1768779000000,Bears,Rams,True
Caleb Williams,CHI,Passing Yards,,180.0,,Bovada,Los Angeles Rams @ Chicago Bears,1768779000000,Bears,Rams,False
Drake Maye,NE,Passing Yards,150.0,-1200.0,,Bovada,Houston Texans @ New England Patriots,1768767000000,Patriots,Texans,True
Drake Maye,NE,Passing Yards,175.0,-480.0,,Bovada,Houston Texans @ New England Patriots,1768767000000,Patriots,Texans,True
Drake Maye,NE,Passing Yards,200.0,-250.0,,Bovada,Houston Texans @ New England Patriots,1768767000000,Patriots,Texans,True
Drake Maye,NE,Passing Yards,217.5,-125.0,-105.0,Bovada,Houston Texans @ New England Patriots,1768767000000,Patriots,Texans,False
Drake Maye,NE,Passing Yards,225.0,-130.0,,Bovada,Houston Texans @ New England Patriots,1768767000000,Patriots,Texans,True
Drake Maye,NE,Passing Yards,250.0,145.0,,Bovada,Houston Texans @ New England Patriots,1768767000000,Patriots,Texans,True
Drake Maye,NE,Passing Yards,275.0,250.0,,Bovada,Houston Texans @ New England Patriots,1768767000000,Patriots,Texans,True
Drake Maye,NE,Passing Yards,300.0,420.0,,Bovada,Houston Texans @ New England Patriots,1768767000000,Patriots,Texans,True
Drake Maye,NE,Passing Yards,325.0,730.0,,Bovada,Houston Texans @ New England Patriots,1768767000000,Patriots,Texans,True
Drake Maye,NE,Passing Yards,350.0,1150.0,,Bovada,Houston Texans @ New England Patriots,1768767000000,Patriots,Texans,True
Drake Maye,NE,Passing Yards,375.0,2000.0,,Bovada,Houston Texans @ New England Patriots,1768767000000,Patriots,Texans,True
Drake Maye,NE,Passing Yards,,-140.0,,Bovada,Houston Texans @ New England Patriots,1768767000000,Patriots,Texans,False
Matthew Stafford,LAR,Passing Yards,175.0,-1600.0,,Bovada,Los Angeles Rams @ Chicago Bears,1768779000000,Bears,Rams,True
Matthew Stafford,LAR,Passing Yards,200.0,-730.0,,Bovada,Los Angeles Rams @ Chicago Bears,1768779000000,Bears,Rams,True
Matthew Stafford,LAR,Passing Yards,225.0,-370.0,,Bovada,Los Angeles Rams @ Chicago Bears,1768779000000,Bears,Rams,True
Matthew Stafford,LAR,Passing Yards,250.0,-200.0,,Bovada,Los Angeles Rams @ Chicago Bears,1768779000000,Bears,Rams,True
Matthew Stafford,LAR,Passing Yards,262.5,-115.0,-115.0,Bovada,Los Angeles Rams @ Chicago Bears,1768779000000,Bears,Rams,False
Matthew Stafford,LAR,Passing Yards,275.0,-115.0,,Bovada,Los Angeles Rams @ Chicago Bears,1768779000000,Bears,Rams,True
Matthew Stafford,LAR,Passing Yards,300.0,130.0,,Bovada,Los Angeles Rams @ Chicago Bears,1768779000000,Bears,Rams,True
Matthew Stafford,LAR,Passing Yards,325.0,270.0,,Bovada,Los Angeles Rams @ Chicago Bears,1768779000000,Bears,Rams,True
Matthew Stafford,LAR,Passing Yards,350.0,475.0,,Bovada,Los Angeles Rams @ Chicago Bears,1768779000000,Bears,Rams,True
Matthew Stafford,LAR,Passing Yards,375.0,800.0,,Bovada,Los Angeles Rams @ Chicago Bears,1768779000000,Bears,Rams,True
Matthew Stafford,LAR,Passing Yards,400.0,1150.0,,Bovada,Los Angeles Rams @ Chicago Bears,1768779000000,Bears,Rams,True
Matthew Stafford,LAR,Passing Yards,,-245.0,,Bovada,Los Angeles Rams @ Chicago Bears,1768779000000,Bears,Rams,False
Over - 1H,CHI,Passing Yards,102.5,-115.0,,Bovada,Los Angeles Rams @ Chicago Bears,1768779000000,Bears,Rams,False
Over - 1H,HOU,Passing Yards,97.5,-115.0,,Bovada,Houston Texans @ New England Patriots,1768767000000,Patriots,Texans,False
Over - 1H,LAR,Passing Yards,137.5,-115.0,,Bovada,Los Angeles Rams @ Chicago Bears,1768779000000,Bears,Rams,False
Over - 1H,NE,Passing Yards,111.5,-115.0,,Bovada,Houston Texans @ New England Patriots,1768767000000,Patriots,Texans,False
Over - 1Q,CHI,Passing Yards,48.5,-115.0,,Bovada,Los Angeles Rams @ Chicago Bears,1768779000000,Bears,Rams,False
Over - 1Q,HOU,Passing Yards,46.5,-120.0,,Bovada,Houston Texans @ New England Patriots,1768767000000,Patriots,Texans,False
Over - 1Q,LAR,Passing Yards,61.5,-115.0,,Bovada,Los Angeles Rams @ Chicago Bears,1768779000000,Bears,Rams,False
Over - 1Q,NE,Passing Yards,50.5,-115.0,,Bovada,Houston Texans @ New England Patriots,1768767000000,Patriots,Texans,False
Under - 1H,CHI,Passing Yards,102.5,-115.0,,Bovada,Los Angeles Rams @ Chicago Bears,1768779000000,Bears,Rams,False
Under - 1H,HOU,Passing Yards,97.5,-115.0,,Bovada,Houston Texans @ New England Patriots,1768767000000,Patriots,Texans,False
Under - 1H,LAR,Passing Yards,137.5,-115.0,,Bovada,Los Angeles Rams @ Chicago Bears,1768779000000,Bears,Rams,False
Under - 1H,NE,Passing Yards,111.5,-115.0,,Bovada,Houston Texans @ New England Patriots,1768767000000,Patriots,Texans,False
Under - 1Q,CHI,Passing Yards,48.5,-115.0,,Bovada,Los Angeles Rams @ Chicago Bears,1768779000000,Bears,Rams,False
Under - 1Q,HOU,Passing Yards,46.5,-110.0,,Bovada,Houston Texans @ New England Patriots,1768767000000,Patriots,Texans,False
Under - 1Q,LAR,Passing Yards,61.5,-115.0,,Bovada,Los Angeles Rams @ Chicago Bears,1768779000000,Bears,Rams,False
Under - 1Q,NE,Passing Yards,50.5,-115.0,,Bovada,Houston Texans @ New England Patriots,1768767000000,Patriots,Texans,False
Austin Hooper,NE,Receiving Yards,9.5,-115.0,-115.0,Bovada,Houston Texans @ New England Patriots,1768767000000,Patriots,Texans,False
Austin Hooper,NE,Receiving Yards,,8000.0,,Bovada,Houston Texans @ New England Patriots,1768767000000,Patriots,Texans,False
Cade Stover,HOU,Receiving Yards,,25000.0,,Bovada,Houston Texans @ New England Patriots,1768767000000,Patriots,Texans,False
Cade Stover Total Receiving Yards,,Receiving Yards,8.5,-115.0,-115.0,Bovada,Houston Texans @ New England Patriots,1768767000000,Patriots,Texans,False
Christian Kirk,HOU,Receiving Yards,10.0,-1600.0,,Bovada,Houston Texans @ New England Patriots,1768767000000,Patriots,Texans,True
Christian Kirk,HOU,Receiving Yards,15.0,-750.0,,Bovada,Houston Texans @ New England Patriots,1768767000000,Patriots,Texans,True
Christian Kirk,HOU,Receiving Yards,20.0,-450.0,,Bovada,Houston Texans @ New England Patriots,1768767000000,Patriots,Texans,True
Christian Kirk,HOU,Receiving Yards,25.0,-300.0,,Bovada,Houston Texans @ New England Patriots,1768767000000,Patriots,Texans,True
Christian Kirk,HOU,Receiving Yards,30.0,-210.0,,Bovada,Houston Texans @ New England Patriots,1768767000000,Patriots,Texans,True
Christian Kirk,HOU,Receiving Yards,38.5,-120.0,-110.0,Bovada,Houston Texans @ New England Patriots,1768767000000,Patriots,Texans,False
Christian Kirk,HOU,Receiving Yards,40.0,-110.0,,Bovada,Houston Texans @ New England Patriots,1768767000000,Patriots,Texans,True
Christian Kirk,HOU,Receiving Yards,50.0,150.0,,Bovada,Houston Texans @ New England Patriots,1768767000000,Patriots,Texans,True
Christian Kirk,HOU,Receiving Yards,60.0,250.0,,Bovada,Houston Texans @ New England Patriots,1768767000000,Patriots,Texans,True
Christian Kirk,HOU,Receiving Yards,70.0,375.0,,Bovada,Houston Texans @ New England Patriots,1768767000000,Patriots,Texans,True
Christian Kirk,HOU,Receiving Yards,80.0,575.0,,Bovada,Houston Texans @ New England Patriots,1768767000000,Patriots,Texans,True
Christian Kirk,HOU,Receiving Yards,90.0,800.0,,Bovada,Houston Texans @ New England Patriots,1768767000000,Patriots,Texans,True
Christian Kirk,HOU,Receiving Yards,100.0,1100.0,,Bovada,Houston Texans @ New England Patriots,1768767000000,Patriots,Texans,True
Christian Kirk,HOU,Receiving Yards,110.0,1500.0,,Bovada,Houston Texans @ New England Patriots,1768767000000,Patriots,Texans,True
Christian Kirk,HOU,Receiving Yards,125.0,2800.0,,Bovada,Houston Texans @ New England Patriots,1768767000000,Patriots,Texans,True
Christian Kirk,HOU,Receiving Yards,,600.0,,Bovada,Houston Texans @ New England Patriots,1768767000000,Patriots,Texans,False
Colby Parkinson,LAR,Receiving Yards,10.0,-370.0,,Bovada,Los Angeles Rams @ Chicago Bears,1768779000000,Bears,Rams,True
Colby Parkinson,LAR,Receiving Yards,15.0,-215.0,,Bovada,Los Angeles Rams @ Chicago Bears,1768779000000,Bears,Rams,True
Colby Parkinson,LAR,Receiving Yards,19.5,-115.0,-115.0,Bovada,Los Angeles Rams @ Chicago Bears,1768779000000,Bears,Rams,False
Colby Parkinson,LAR,Receiving Yards,20.0,-125.0,,Bovada,Los Angeles Rams @ Chicago Bears,1768779000000,Bears,Rams,True
Colby Parkinson,LAR,Receiving Yards,25.0,125.0,,Bovada,Los Angeles Rams @ Chicago Bears,1768779000000,Bears,Rams,True
Colby Parkinson,LAR,Receiving Yards,30.0,180.0,,Bovada,Los Angeles Rams @ Chicago Bears,1768779000000,Bears,Rams,True
Colby Parkinson,LAR,Receiving Yards,40.0,360.0,,Bovada,Los Angeles Rams @ Chicago Bears,1768779000000,Bears,Rams,True
Colby Parkinson,LAR,Receiving Yards,50.0,685.0,,Bovada,Los Angeles Rams @ Chicago Bears,1768779000000,Bears,Rams,True
Colby Parkinson,LAR,Receiving Yards,60.0,1100.0,,Bovada,Los Angeles Rams @ Chicago Bears,1768779000000,Bears,Rams,True
Colby Parkinson,LAR,Receiving Yards,70.0,1550.0,,Bovada,Los Angeles Rams @ Chicago Bears,1768779000000,Bears,Rams,True
Colby Parkinson,LAR,Receiving Yards,,8000.0,,Bovada,Los Angeles Rams @ Chicago Bears,1768779000000,Bears,Rams,False
Cole Kmet,CHI,Receiving Yards,10.0,-140.0,,Bovada,Los Angeles Rams @ Chicago Bears,1768779000000,Bears,Rams,True
Cole Kmet,CHI,Receiving Yards,10.5,-130.0,,Bovada,Los Angeles Rams @ Chicago Bears,1768779000000,Bears,Rams,False
Cole Kmet,CHI,Receiving Yards,15.0,120.0,,Bovada,Los Angeles Rams @ Chicago Bears,1768779000000,Bears,Rams,True
Cole Kmet,CHI,Receiving Yards,20.0,190.0,,Bovada,Los Angeles Rams @ Chicago Bears,1768779000000,Bears,Rams,True
Cole Kmet,CHI,Receiving Yards,25.0,290.0,,Bovada,Los Angeles Rams @ Chicago Bears,1768779000000,Bears,Rams,True
Cole Kmet,CHI,Receiving Yards,30.0,420.0,,Bovada,Los Angeles Rams @ Chicago Bears,1768779000000,Bears,Rams,True
Cole Kmet,CHI,Receiving Yards,40.0,800.0,,Bovada,Los Angeles Rams @ Chicago Bears,1768779000000,Bears,Rams,True
Cole Kmet,CHI,Receiving Yards,50.0,1250.0,,Bovada,Los Angeles Rams @ Chicago Bears,1768779000000,Bears,Rams,True
Cole Kmet,CHI,Receiving Yards,60.0,2250.0,,Bovada,Los Angeles Rams @ Chicago Bears,1768779000000,Bears,Rams,True
Cole Kmet,CHI,Receiving Yards,,25000.0,,Bovada,Los Angeles Rams @ Chicago Bears,1768779000000,Bears,Rams,False
Colston Loveland,CHI,Receiving Yards,20.0,-1600.0,,Bovada,Los Angeles Rams @ Chicago Bears,1768779000000,Bears,Rams,True
Colston Loveland,CHI,Receiving Yards,25.0,-1200.0,,Bovada,Los Angeles Rams @ Chicago Bears,1768779000000,Bears,Rams,True
Colston Loveland,CHI,Receiving Yards,30.0,-675.0,,Bovada,Los Angeles Rams @ Chicago Bears,1768779000000,Bears,Rams,True
Colston Loveland,CHI,Receiving Yards,40.0,-330.0,,Bovada,Los Angeles Rams @ Chicago Bears,1768779000000,Bears,Rams,True
Colston Loveland,CHI,Receiving Yards,50.0,-180.0,,Bovada,Los Angeles Rams @ Chicago Bears,1768779000000,Bears,Rams,True
Colston Loveland,CHI,Receiving Yards,58.5,-115.0,-115.0,Bovada,Los Angeles Rams @ Chicago Bears,1768779000000,Bears,Rams,False
Colston Loveland,CHI,Receiving Yards,60.0,-110.0,,Bovada,Los Angeles Rams @ Chicago Bears,1768779000000,Bears,Rams,True
Colston Loveland,CHI,Receiving Yards,70.0,150.0,,Bovada,Los Angeles Rams @ Chicago Bears,1768779000000,Bears,Rams,True
Colston Loveland,CHI,Receiving Yards,80.0,225.0,,Bovada,Los Angeles Rams @ Chicago Bears,1768779000000,Bears,Rams,True
Colston Loveland,CHI,Receiving Yards,90.0,330.0,,Bovada,Los Angeles Rams @ Chicago Bears,1768779000000,Bears,Rams,True
Colston Loveland,CHI,Receiving Yards,100.0,475.0,,Bovada,Los Angeles Rams @ Chicago Bears,1768779000000,Bears,Rams,True
Colston Loveland,CHI,Receiving Yards,110.0,700.0,,Bovada,Los Angeles Rams @ Chicago Bears,1768779000000,Bears,Rams,True
Colston Loveland,CHI,Receiving Yards,125.0,1000.0,,Bovada,Los Angeles Rams @ Chicago Bears,1768779000000,Bears,Rams,True
Colston Loveland,CHI,Receiving Yards,150.0,2400.0,,Bovada,Los Angeles Rams @ Chicago Bears,1768779000000,Bears,Rams,True
Colston Loveland,CHI,Receiving Yards,,600.0,,Bovada,Los Angeles Rams @ Chicago Bears,1768779000000,Bears,Rams,False
D'Andre Swift,CHI,Receiving Yards,10.0,-225.0,,Bovada,Los Angeles Rams @ Chicago Bears,1768779000000,Bears,Rams,True
D'Andre Swift,CHI,Receiving Yards,14.5,-105.0,-125.0,Bovada,Los Angeles Rams @ Chicago Bears,1768779000000,Bears,Rams,False
D'Andre Swift,CHI,Receiving Yards,15.0,-125.0,,Bovada,Los Angeles Rams @ Chicago Bears,1768779000000,Bears,Rams,True
D'Andre Swift,CHI,Receiving Yards,20.0,130.0,,Bovada,Los Angeles Rams @ Chicago Bears,1768779000000,Bears,Rams,True
D'Andre Swift,CHI,Receiving Yards,25.0,185.0,,Bovada,Los Angeles Rams @ Chicago Bears,1768779000000,Bears,Rams,True
D'Andre Swift,CHI,Receiving Yards,30.0,270.0,,Bovada,Los Angeles Rams @ Chicago Bears,1768779000000,Bears,Rams,True
D'Andre Swift,CHI,Receiving Yards,40.0,500.0,,Bovada,Los Angeles Rams @ Chicago Bears,1768779000000,Bears,Rams,True
D'Andre Swift,CHI,Receiving Yards,50.0,800.0,,Bovada,Los Angeles Rams @ Chicago Bears,1768779000000,Bears,Rams,True
D'Andre Swift,CHI,Receiving Yards,60.0,1250.0,,Bovada,Los Angeles Rams @ Chicago Bears,1768779000000,Bears,Rams,True
D'Andre Swift,CHI,Receiving Yards,70.0,2250.0,,Bovada,Los Angeles Rams @ Chicago Bears,1768779000000,Bears,Rams,True
D'Andre Swift,CHI,Receiving Yards,,12000.0,,Bovada,Los Angeles Rams @ Chicago Bears,1768779000000,Bears,Rams,False
D.J. Moore,CHI,Receiving Yards,,2000.0,,Bovada,Los Angeles Rams @ Chicago Bears,1768779000000,Bears,Rams,False
DJ Moore,CHI,Receiving Yards,10.0,-660.0,,Bovada,Los Angeles Rams @ Chicago Bears,1768779000000,Bears,Rams,True
DJ Moore,CHI,Receiving Yards,15.0,-380.0,,Bovada,Los Angeles Rams @ Chicago Bears,1768779000000,Bears,Rams,True
DJ Moore,CHI,Receiving Yards,20.0,-250.0,,Bovada,Los Angeles Rams @ Chicago Bears,1768779000000,Bears,Rams,True
DJ Moore,CHI,Receiving Yards,25.0,-175.0,,Bovada,Los Angeles Rams @ Chicago Bears,1768779000000,Bears,Rams,True
DJ Moore,CHI,Receiving Yards,29.5,-110.0,-120.0,Bovada,Los Angeles Rams @ Chicago Bears,1768779000000,Bears,Rams,False
DJ Moore,CHI,Receiving Yards,30.0,-125.0,,Bovada,Los Angeles Rams @ Chicago Bears,1768779000000,Bears,Rams,True
DJ Moore,CHI,Receiving Yards,40.0,145.0,,Bovada,Los Angeles Rams @ Chicago Bears,1768779000000,Bears,Rams,True
DJ Moore,CHI,Receiving Yards,50.0,230.0,,Bovada,Los Angeles Rams @ Chicago Bears,1768779000000,Bears,Rams,True
DJ Moore,CHI,Receiving Yards,60.0,360.0,,Bovada,Los Angeles Rams @ Chicago Bears,1768779000000,Bears,Rams,True
DJ Moore,CHI,Receiving Yards,70.0,530.0,,Bovada,Los Angeles Rams @ Chicago Bears,1768779000000,Bears,Rams,True
DJ Moore,CHI,Receiving Yards,80.0,775.0,,Bovada,Los Angeles Rams @ Chicago Bears,1768779000000,Bears,Rams,True
DJ Moore,CHI,Receiving Yards,90.0,1000.0,,Bovada,Los Angeles Rams @ Chicago Bears,1768779000000,Bears,Rams,True
DJ Moore,CHI,Receiving Yards,100.0,1350.0,,Bovada,Los Angeles Rams @ Chicago Bears,1768779000000,Bears,Rams,True
DJ Moore,CHI,Receiving Yards,110.0,2000.0,,Bovada,Los Angeles Rams @ Chicago Bears,1768779000000,Bears,Rams,True
Dalton Schultz,HOU,Receiving Yards,15.0,-1200.0,,Bovada,Houston Texans @ New England Patriots,1768767000000,Patriots,Texans,True
Dalton Schultz,HOU,Receiving Yards,20.0,-600.0,,Bovada,Houston Texans @ New England Patriots,1768767000000,Patriots,Texans,True
Dalton Schultz,HOU,Receiving Yards,25.0,-350.0,,Bovada,Houston Texans @ New England Patriots,1768767000000,Patriots,Texans,True
Dalton Schultz,HOU,Receiving Yards,30.0,-250.0,,Bovada,Houston Texans @ New England Patriots,1768767000000,Patriots,Texans,True
Dalton Schultz,HOU,Receiving Yards,40.0,-115.0,,Bovada,Houston Texans @ New England Patriots,1768767000000,Patriots,Texans,True
Dalton Schultz,HOU,Receiving Yards,40.5,-115.0,-115.0,Bovada,Houston Texans @ New England Patriots,1768767000000,Patriots,Texans,False
Dalton Schultz,HOU,Receiving Yards,50.0,150.0,,Bovada,Houston Texans @ New England Patriots,1768767000000,Patriots,Texans,True
Dalton Schultz,HOU,Receiving Yards,60.0,275.0,,Bovada,Houston Texans @ New England Patriots,1768767000000,Patriots,Texans,True
Dalton Schultz,HOU,Receiving Yards,70.0,420.0,,Bovada,Houston Texans @ New England Patriots,1768767000000,Patriots,Texans,True
Dalton Schultz,HOU,Receiving Yards,80.0,650.0,,Bovada,Houston Texans @ New England Patriots,1768767000000,Patriots,Texans,True
Dalton Schultz,HOU,Receiving Yards,90.0,900.0,,Bovada,Houston Texans @ New England Patriots,1768767000000,Patriots,Texans,True
Dalton Schultz,HOU,Receiving Yards,100.0,1200.0,,Bovada,Houston Texans @ New England Patriots,1768767000000,Patriots,Texans,True
Dalton Schultz,HOU,Receiving Yards,110.0,2200.0,,Bovada,Houston Texans @ New England Patriots,1768767000000,Patriots,Texans,True
Dalton Schultz,HOU,Receiving Yards,,450.0,,Bovada,Houston Texans @ New England Patriots,1768767000000,Patriots,Texans,False
Davante Adams,LAR,Receiving Yards,20.0,-1300.0,,Bovada,Los Angeles Rams @ Chicago Bears,1768779000000,Bears,Rams,True
Davante Adams,LAR,Receiving Yards,25.0,-770.0,,Bovada,Los Angeles Rams @ Chicago Bears,1768779000000,Bears,Rams,True
Davante Adams,LAR,Receiving Yards,30.0,-490.0,,Bovada,Los Angeles Rams @ Chicago Bears,1768779000000,Bears,Rams,True
Davante Adams,LAR,Receiving Yards,40.0,-265.0,,Bovada,Los Angeles Rams @ Chicago Bears,1768779000000,Bears,Rams,True
Davante Adams,LAR,Receiving Yards,50.0,-150.0,,Bovada,Los Angeles Rams @ Chicago Bears,1768779000000,Bears,Rams,True
Davante Adams,LAR,Receiving Yards,55.5,-115.0,-115.0,Bovada,Los Angeles Rams @ Chicago Bears,1768779000000,Bears,Rams,False
Davante Adams,LAR,Receiving Yards,60.0,105.0,,Bovada,Los Angeles Rams @ Chicago Bears,1768779000000,Bears,Rams,True
Davante Adams,LAR,Receiving Yards,70.0,165.0,,Bovada,Los Angeles Rams @ Chicago Bears,1768779000000,Bears,Rams,True
Davante Adams,LAR,Receiving Yards,80.0,240.0,,Bovada,Los Angeles Rams @ Chicago Bears,1768779000000,Bears,Rams,True
Davante Adams,LAR,Receiving Yards,90.0,340.0,,Bovada,Los Angeles Rams @ Chicago Bears,1768779000000,Bears,Rams,True
Davante Adams,LAR,Receiving Yards,100.0,475.0,,Bovada,Los Angeles Rams @ Chicago Bears,1768779000000,Bears,Rams,True
Davante Adams,LAR,Receiving Yards,110.0,630.0,,Bovada,Los Angeles Rams @ Chicago Bears,1768779000000,Bears,Rams,True
Davante Adams,LAR,Receiving Yards,125.0,1000.0,,Bovada,Los Angeles Rams @ Chicago Bears,1768779000000,Bears,Rams,True
Davante Adams,LAR,Receiving Yards,150.0,2250.0,,Bovada,Los Angeles Rams @ Chicago Bears,1768779000000,Bears,Rams,True
Davante Adams,LAR,Receiving Yards,,500.0,,Bovada,Los Angeles Rams @ Chicago Bears,1768779000000,Bears,Rams,False
DeMario Douglas,NE,Receiving Yards,10.0,-245.0,,Bovada,Houston Texans @ New England Patriots,1768767000000,Patriots,Texans,True
DeMario Douglas,NE,Receiving Yards,15.0,-150.0,,Bovada,Houston Texans @ New England Patriots,1768767000000,Patriots,Texans,True
DeMario Douglas,NE,Receiving Yards,18.5,-130.0,,Bovada,Houston Texans @ New England Patriots,1768767000000,Patriots,Texans,False
DeMario Douglas,NE,Receiving Yards,20.0,,,Bovada,Houston Texans @ New England Patriots,1768767000000,Patriots,Texans,True
DeMario Douglas,NE,Receiving Yards,25.0,140.0,,Bovada,Houston Texans @ New England Patriots,1768767000000,Patriots,Texans,True
DeMario Douglas,NE,Receiving Yards,30.0,180.0,,Bovada,Houston Texans @ New England Patriots,1768767000000,Patriots,Texans,True
DeMario Douglas,NE,Receiving Yards,40.0,330.0,,Bovada,Houston Texans @ New England Patriots,1768767000000,Patriots,Texans,True
DeMario Douglas,NE,Receiving Yards,50.0,530.0,,Bovada,Houston Texans @ New England Patriots,1768767000000,Patriots,Texans,True
DeMario Douglas,NE,Receiving Yards,60.0,775.0,,Bovada,Houston Texans @ New England Patriots,1768767000000,Patriots,Texans,True
DeMario Douglas,NE,Receiving Yards,70.0,1100.0,,Bovada,Houston Texans @ New England Patriots,1768767000000,Patriots,Texans,True
DeMario Douglas,NE,Receiving Yards,80.0,1350.0,,Bovada,Houston Texans @ New England Patriots,1768767000000,Patriots,Texans,True
DeMario Douglas,NE,Receiving Yards,90.0,2550.0,,Bovada,Houston Texans @ New England Patriots,1768767000000,Patriots,Texans,True
Demario Douglas,NE,Receiving Yards,,2200.0,,Bovada,Houston Texans @ New England Patriots,1768767000000,Patriots,Texans,False
Hunter Henry,NE,Receiving Yards,15.0,-880.0,,Bovada,Houston Texans @ New England Patriots,1768767000000,Patriots,Texans,True
Hunter Henry,NE,Receiving Yards,20.0,-510.0,,Bovada,Houston Texans @ New England Patriots,1768767000000,Patriots,Texans,True
Hunter Henry,NE,Receiving Yards,25.0,-340.0,,Bovada,Houston Texans @ New England Patriots,1768767000000,Patriots,Texans,True
Hunter Henry,NE,Receiving Yards,30.0,-240.0,,Bovada,Houston Texans @ New England Patriots,1768767000000,Patriots,Texans,True
Hunter Henry,NE,Receiving Yards,39.5,-110.0,-120.0,Bovada,Houston Texans @ New England Patriots,1768767000000,Patriots,Texans,False
Hunter Henry,NE,Receiving Yards,40.0,-125.0,,Bovada,Houston Texans @ New England Patriots,1768767000000,Patriots,Texans,True
Hunter Henry,NE,Receiving Yards,50.0,135.0,,Bovada,Houston Texans @ New England Patriots,1768767000000,Patriots,Texans,True
Hunter Henry,NE,Receiving Yards,60.0,210.0,,Bovada,Houston Texans @ New England Patriots,1768767000000,Patriots,Texans,True
Hunter Henry,NE,Receiving Yards,70.0,330.0,,Bovada,Houston Texans @ New England Patriots,1768767000000,Patriots,Texans,True
Hunter Henry,NE,Receiving Yards,80.0,500.0,,Bovada,Houston Texans @ New England Patriots,1768767000000,Patriots,Texans,True
Hunter Henry,NE,Receiving Yards,90.0,725.0,,Bovada,Houston Texans @ New England Patriots,1768767000000,Patriots,Texans,True
Hunter Henry,NE,Receiving Yards,100.0,1000.0,,Bovada,Houston Texans @ New England Patriots,1768767000000,Patriots,Texans,True
Hunter Henry,NE,Receiving Yards,110.0,1250.0,,Bovada,Houston Texans @ New England Patriots,1768767000000,Patriots,Texans,True
Hunter Henry,NE,Receiving Yards,125.0,2550.0,,Bovada,Houston Texans @ New England Patriots,1768767000000,Patriots,Texans,True
Hunter Henry,NE,Receiving Yards,,600.0,,Bovada,Houston Texans @ New England Patriots,1768767000000,Patriots,Texans,False
Jayden Higgins,HOU,Receiving Yards,10.0,-1200.0,,Bovada,Houston Texans @ New England Patriots,1768767000000,Patriots,Texans,True
Jayden Higgins,HOU,Receiving Yards,15.0,-650.0,,Bovada,Houston Texans @ New England Patriots,1768767000000,Patriots,Texans,True
Jayden Higgins,HOU,Receiving Yards,20.0,-400.0,,Bovada,Houston Texans @ New England Patriots,1768767000000,Patriots,Texans,True
Jayden Higgins,HOU,Receiving Yards,25.0,-250.0,,Bovada,Houston Texans @ New England Patriots,1768767000000,Patriots,Texans,True
Jayden Higgins,HOU,Receiving Yards,30.0,-190.0,,Bovada,Houston Texans @ New England Patriots,1768767000000,Patriots,Texans,True
Jayden Higgins,HOU,Receiving Yards,37.5,-115.0,-115.0,Bovada,Houston Texans @ New England Patriots,1768767000000,Patriots,Texans,False
Jayden Higgins,HOU,Receiving Yards,40.0,-110.0,,Bovada,Houston Texans @ New England Patriots,1768767000000,Patriots,Texans,True
Jayden Higgins,HOU,Receiving Yards,50.0,140.0,,Bovada,Houston Texans @ New England Patriots,1768767000000,Patriots,Texans,True
Jayden Higgins,HOU,Receiving Yards,60.0,225.0,,Bovada,Houston Texans @ New England Patriots,1768767000000,Patriots,Texans,True
Jayden Higgins,HOU,Receiving Yards,70.0,325.0,,Bovada,Houston Texans @ New England Patriots,1768767000000,Patriots,Texans,True
Jayden Higgins,HOU,Receiving Yards,80.0,450.0,,Bovada,Houston Texans @ New England Patriots,1768767000000,Patriots,Texans,True
Jayden Higgins,HOU,Receiving Yards,90.0,650.0,,Bovada,Houston Texans @ New England Patriots,1768767000000,Patriots,Texans,True
Jayden Higgins,HOU,Receiving Yards,100.0,875.0,,Bovada,Houston Texans @ New England Patriots,1768767000000,Patriots,Texans,True
Jayden Higgins,HOU,Receiving Yards,110.0,1200.0,,Bovada,Houston Texans @ New England Patriots,1768767000000,Patriots,Texans,True
Jayden Higgins,HOU,Receiving Yards,125.0,1600.0,,Bovada,Houston Texans @ New England Patriots,1768767000000,Patriots,Texans,True
Jayden Higgins,HOU,Receiving Yards,,500.0,,Bovada,Houston Texans @ New England Patriots,1768767000000,Patriots,Texans,False
Jaylin Noel,HOU,Receiving Yards,8.5,-115.0,-115.0,Bovada,Houston Texans @ New England Patriots,1768767000000,Patriots,Texans,False
Jaylin Noel,HOU,Receiving Yards,10.0,-110.0,,Bovada,Houston Texans @ New England Patriots,1768767000000,Patriots,Texans,True
Jaylin Noel,HOU,Receiving Yards,15.0,150.0,,Bovada,Houston Texans @ New England Patriots,1768767000000,Patriots,Texans,True
Jaylin Noel,HOU,Receiving Yards,20.0,200.0,,Bovada,Houston Texans @ New England Patriots,1768767000000,Patriots,Texans,True
Jaylin Noel,HOU,Receiving Yards,25.0,275.0,,Bovada,Houston Texans @ New England Patriots,1768767000000,Patriots,Texans,True
Jaylin Noel,HOU,Receiving Yards,30.0,400.0,,Bovada,Houston Texans @ New England Patriots,1768767000000,Patriots,Texans,True
Jaylin Noel,HOU,Receiving Yards,40.0,600.0,,Bovada,Houston Texans @ New England Patriots,1768767000000,Patriots,Texans,True
Jaylin Noel,HOU,Receiving Yards,50.0,900.0,,Bovada,Houston Texans @ New England Patriots,1768767000000,Patriots,Texans,True
Jaylin Noel,HOU,Receiving Yards,60.0,1200.0,,Bovada,Houston Texans @ New England Patriots,1768767000000,Patriots,Texans,True
Jaylin Noel,HOU,Receiving Yards,70.0,2000.0,,Bovada,Houston Texans @ New England Patriots,1768767000000,Patriots,Texans,True
Jaylin Noel,HOU,Receiving Yards,80.0,2800.0,,Bovada,Houston Texans @ New England Patriots,1768767000000,Patriots,Texans,True
Jaylin Noel,HOU,Receiving Yards,,5000.0,,Bovada,Houston Texans @ New England Patriots,1768767000000,Patriots,Texans,False
Kayshon Boutte,NE,Receiving Yards,10.0,-660.0,,Bovada,Houston Texans @ New England Patriots,1768767000000,Patriots,Texans,True
Kayshon Boutte,NE,Receiving Yards,15.0,-390.0,,Bovada,Houston Texans @ New England Patriots,1768767000000,Patriots,Texans,True
Kayshon Boutte,NE,Receiving Yards,20.0,-265.0,,Bovada,Houston Texans @ New England Patriots,1768767000000,Patriots,Texans,True
Kayshon Boutte,NE,Receiving Yards,25.0,-195.0,,Bovada,Houston Texans @ New England Patriots,1768767000000,Patriots,Texans,True
Kayshon Boutte,NE,Receiving Yards,30.0,-140.0,,Bovada,Houston Texans @ New England Patriots,1768767000000,Patriots,Texans,True
Kayshon Boutte,NE,Receiving Yards,31.5,-120.0,-110.0,Bovada,Houston Texans @ New England Patriots,1768767000000,Patriots,Texans,False
Kayshon Boutte,NE,Receiving Yards,40.0,120.0,,Bovada,Houston Texans @ New England Patriots,1768767000000,Patriots,Texans,True
Kayshon Boutte,NE,Receiving Yards,50.0,185.0,,Bovada,Houston Texans @ New England Patriots,1768767000000,Patriots,Texans,True
Kayshon Boutte,NE,Receiving Yards,60.0,280.0,,Bovada,Houston Texans @ New England Patriots,1768767000000,Patriots,Texans,True
Kayshon Boutte,NE,Receiving Yards,70.0,390.0,,Bovada,Houston Texans @ New England Patriots,1768767000000,Patriots,Texans,True
Kayshon Boutte,NE,Receiving Yards,80.0,575.0,,Bovada,Houston Texans @ New England Patriots,1768767000000,Patriots,Texans,True
Kayshon Boutte,NE,Receiving Yards,90.0,800.0,,Bovada,Houston Texans @ New England Patriots,1768767000000,Patriots,Texans,True
Kayshon Boutte,NE,Receiving Yards,100.0,1100.0,,Bovada,Houston Texans @ New England Patriots,1768767000000,Patriots,Texans,True
Kayshon Boutte,NE,Receiving Yards,110.0,1350.0,,Bovada,Houston Texans @ New England Patriots,1768767000000,Patriots,Texans,True
Kayshon Boutte,NE,Receiving Yards,125.0,2250.0,,Bovada,Houston Texans @ New England Patriots,1768767000000,Patriots,Texans,True
Kayshon Boutte,NE,Receiving Yards,,700.0,,Bovada,Houston Texans @ New England Patriots,1768767000000,Patriots,Texans,False
Kyle Monangai,CHI,Receiving Yards,7.5,-125.0,-105.0,Bovada,Los Angeles Rams @ Chicago Bears,1768779000000,Bears,Rams,False
Kyle Monangai,CHI,Receiving Yards,10.0,105.0,,Bovada,Los Angeles Rams @ Chicago Bears,1768779000000,Bears,Rams,True
Kyle Monangai,CHI,Receiving Yards,15.0,180.0,,Bovada,Los Angeles Rams @ Chicago Bears,1768779000000,Bears,Rams,True
Kyle Monangai,CHI,Receiving Yards,20.0,280.0,,Bovada,Los Angeles Rams @ Chicago Bears,1768779000000,Bears,Rams,True
Kyle Monangai,CHI,Receiving Yards,25.0,420.0,,Bovada,Los Angeles Rams @ Chicago Bears,1768779000000,Bears,Rams,True
Kyle Monangai,CHI,Receiving Yards,30.0,575.0,,Bovada,Los Angeles Rams @ Chicago Bears,1768779000000,Bears,Rams,True
Kyle Monangai,CHI,Receiving Yards,40.0,1000.0,,Bovada,Los Angeles Rams @ Chicago Bears,1768779000000,Bears,Rams,True
Kyle Monangai,CHI,Receiving Yards,50.0,1800.0,,Bovada,Los Angeles Rams @ Chicago Bears,1768779000000,Bears,Rams,True
Kyle Monangai,CHI,Receiving Yards,,25000.0,,Bovada,Los Angeles Rams @ Chicago Bears,1768779000000,Bears,Rams,False
Kyle Williams,NE,Receiving Yards,,7500.0,,Bovada,Houston Texans @ New England Patriots,1768767000000,Patriots,Texans,False
Kyren Williams,LAR,Receiving Yards,10.0,-150.0,,Bovada,Los Angeles Rams @ Chicago Bears,1768779000000,Bears,Rams,True
Kyren Williams,LAR,Receiving Yards,10.5,-125.0,-105.0,Bovada,Los Angeles Rams @ Chicago Bears,1768779000000,Bears,Rams,False
Kyren Williams,LAR,Receiving Yards,15.0,120.0,,Bovada,Los Angeles Rams @ Chicago Bears,1768779000000,Bears,Rams,True
Kyren Williams,LAR,Receiving Yards,20.0,200.0,,Bovada,Los Angeles Rams @ Chicago Bears,1768779000000,Bears,Rams,True
Kyren Williams,LAR,Receiving Yards,25.0,290.0,,Bovada,Los Angeles Rams @ Chicago Bears,1768779000000,Bears,Rams,True
Kyren Williams,LAR,Receiving Yards,30.0,430.0,,Bovada,Los Angeles Rams @ Chicago Bears,1768779000000,Bears,Rams,True
Kyren Williams,LAR,Receiving Yards,40.0,800.0,,Bovada,Los Angeles Rams @ Chicago Bears,1768779000000,Bears,Rams,True
Kyren Williams,LAR,Receiving Yards,50.0,1150.0,,Bovada,Los Angeles Rams @ Chicago Bears,1768779000000,Bears,Rams,True
Kyren Williams,LAR,Receiving Yards,60.0,2250.0,,Bovada,Los Angeles Rams @ Chicago Bears,1768779000000,Bears,Rams,True
Kyren Williams,LAR,Receiving Yards,,15000.0,,Bovada,Los Angeles Rams @ Chicago Bears,1768779000000,Bears,Rams,False
Luther Burden,CHI,Receiving Yards,38.5,-120.0,-110.0,Bovada,Los Angeles Rams @ Chicago Bears,1768779000000,Bears,Rams,False
Luther Burden III,CHI,Receiving Yards,10.0,-1200.0,,Bovada,Los Angeles Rams @ Chicago Bears,1768779000000,Bears,Rams,True
Luther Burden III,CHI,Receiving Yards,15.0,-630.0,,Bovada,Los Angeles Rams @ Chicago Bears,1768779000000,Bears,Rams,True
Luther Burden III,CHI,Receiving Yards,20.0,-390.0,,Bovada,Los Angeles Rams @ Chicago Bears,1768779000000,Bears,Rams,True
Luther Burden III,CHI,Receiving Yards,25.0,-280.0,,Bovada,Los Angeles Rams @ Chicago Bears,1768779000000,Bears,Rams,True
Luther Burden III,CHI,Receiving Yards,30.0,-210.0,,Bovada,Los Angeles Rams @ Chicago Bears,1768779000000,Bears,Rams,True
Luther Burden III,CHI,Receiving Yards,40.0,-120.0,,Bovada,Los Angeles Rams @ Chicago Bears,1768779000000,Bears,Rams,True
Luther Burden III,CHI,Receiving Yards,50.0,140.0,,Bovada,Los Angeles Rams @ Chicago Bears,1768779000000,Bears,Rams,True
Luther Burden III,CHI,Receiving Yards,60.0,210.0,,Bovada,Los Angeles Rams @ Chicago Bears,1768779000000,Bears,Rams,True
Luther Burden III,CHI,Receiving Yards,70.0,320.0,,Bovada,Los Angeles Rams @ Chicago Bears,1768779000000,Bears,Rams,True
Luther Burden III,CHI,Receiving Yards,80.0,450.0,,Bovada,Los Angeles Rams @ Chicago Bears,1768779000000,Bears,Rams,True
Luther Burden III,CHI,Receiving Yards,90.0,630.0,,Bovada,Los Angeles Rams @ Chicago Bears,1768779000000,Bears,Rams,True
Luther Burden III,CHI,Receiving Yards,100.0,850.0,,Bovada,Los Angeles Rams @ Chicago Bears,1768779000000,Bears,Rams,True
Luther Burden III,CHI,Receiving Yards,110.0,1150.0,,Bovada,Los Angeles Rams @ Chicago Bears,1768779000000,Bears,Rams,True
Luther Burden III,CHI,Receiving Yards,125.0,1800.0,,Bovada,Los Angeles Rams @ Chicago Bears,1768779000000,Bears,Rams,True
Luther Burden III,CHI,Receiving Yards,,1200.0,,Bovada,Los Angeles Rams @ Chicago Bears,1768779000000,Bears,Rams,False
Over - 1H,CHI,Receiving Yards,11.5,-115.0,,Bovada,Los Angeles Rams @ Chicago Bears,1768779000000,Bears,Rams,False
Over - 1H,CHI,Receiving Yards,15.5,-115.0,,Bovada,Los Angeles Rams @ Chicago Bears,1768779000000,Bears,Rams,False
Over - 1H,CHI,Receiving Yards,17.5,-115.0,,Bovada,Los Angeles Rams @ Chicago Bears,1768779000000,Bears,Rams,False
Over - 1H,CHI,Receiving Yards,24.5,-115.0,,Bovada,Los Angeles Rams @ Chicago Bears,1768779000000,Bears,Rams,False
Over - 1H,HOU,Receiving Yards,12.5,-110.0,,Bovada,Houston Texans @ New England Patriots,1768767000000,Patriots,Texans,False
Over - 1H,HOU,Receiving Yards,17.5,-115.0,,Bovada,Houston Texans @ New England Patriots,1768767000000,Patriots,Texans,False
Over - 1H,HOU,Receiving Yards,18.5,-120.0,,Bovada,Houston Texans @ New England Patriots,1768767000000,Patriots,Texans,False
Over - 1H,LAR,Receiving Yards,8.5,-115.0,,Bovada,Los Angeles Rams @ Chicago Bears,1768779000000,Bears,Rams,False
Over - 1H,LAR,Receiving Yards,10.5,-115.0,,Bovada,Los Angeles Rams @ Chicago Bears,1768779000000,Bears,Rams,False
Over - 1H,LAR,Receiving Yards,26.5,-115.0,,Bovada,Los Angeles Rams @ Chicago Bears,1768779000000,Bears,Rams,False
Over - 1H,LAR,Receiving Yards,51.5,-115.0,,Bovada,Los Angeles Rams @ Chicago Bears,1768779000000,Bears,Rams,False
Over - 1H,NE,Receiving Yards,9.5,-110.0,,Bovada,Houston Texans @ New England Patriots,1768767000000,Patriots,Texans,False
Over - 1H,NE,Receiving Yards,14.5,-120.0,,Bovada,Houston Texans @ New England Patriots,1768767000000,Patriots,Texans,False
Over - 1H,NE,Receiving Yards,17.5,-120.0,,Bovada,Houston Texans @ New England Patriots,1768767000000,Patriots,Texans,False
Over - 1H,NE,Receiving Yards,25.5,-115.0,,Bovada,Houston Texans @ New England Patriots,1768767000000,Patriots,Texans,False
Over - 1Q,CHI,Receiving Yards,0.5,115.0,,Bovada,Los Angeles Rams @ Chicago Bears,1768779000000,Bears,Rams,False
Over - 1Q,CHI,Receiving Yards,0.5,-115.0,,Bovada,Los Angeles Rams @ Chicago Bears,1768779000000,Bears,Rams,False
Over - 1Q,CHI,Receiving Yards,0.5,-110.0,,Bovada,Los Angeles Rams @ Chicago Bears,1768779000000,Bears,Rams,False
Over - 1Q,CHI,Receiving Yards,9.5,-110.0,,Bovada,Los Angeles Rams @ Chicago Bears,1768779000000,Bears,Rams,False
Over - 1Q,LAR,Receiving Yards,0.5,120.0,,Bovada,Los Angeles Rams @ Chicago Bears,1768779000000,Bears,Rams,False
Over - 1Q,LAR,Receiving Yards,0.5,-105.0,,Bovada,Los Angeles Rams @ Chicago Bears,1768779000000,Bears,Rams,False
Over - 1Q,LAR,Receiving Yards,10.5,-110.0,,Bovada,Los Angeles Rams @ Chicago Bears,1768779000000,Bears,Rams,False
Over - 1Q,LAR,Receiving Yards,22.5,-120.0,,Bovada,Los Angeles Rams @ Chicago Bears,1768779000000,Bears,Rams,False
Over - 1Q,NE,Receiving Yards,0.5,115.0,,Bovada,Houston Texans @ New England Patriots,1768767000000,Patriots,Texans,False
Over - 1Q,NE,Receiving Yards,6.5,-115.0,,Bovada,Houston Texans @ New England Patriots,1768767000000,Patriots,Texans,False
Over - 1Q,NE,Receiving Yards,9.5,-110.0,,Bovada,Houston Texans @ New England Patriots,1768767000000,Patriots,Texans,False
Puka Nacua,LAR,Receiving Yards,50.0,-1300.0,,Bovada,Los Angeles Rams @ Chicago Bears,1768779000000,Bears,Rams,True
Puka Nacua,LAR,Receiving Yards,60.0,-710.0,,Bovada,Los Angeles Rams @ Chicago Bears,1768779000000,Bears,Rams,True
Puka Nacua,LAR,Receiving Yards,70.0,-390.0,,Bovada,Los Angeles Rams @ Chicago Bears,1768779000000,Bears,Rams,True
Puka Nacua,LAR,Receiving Yards,80.0,-260.0,,Bovada,Los Angeles Rams @ Chicago Bears,1768779000000,Bears,Rams,True
Puka Nacua,LAR,Receiving Yards,90.0,-175.0,,Bovada,Los Angeles Rams @ Chicago Bears,1768779000000,Bears,Rams,True
Puka Nacua,LAR,Receiving Yards,97.5,-115.0,-115.0,Bovada,Los Angeles Rams @ Chicago Bears,1768779000000,Bears,Rams,False
Puka Nacua,LAR,Receiving Yards,100.0,-125.0,,Bovada,Los Angeles Rams @ Chicago Bears,1768779000000,Bears,Rams,True
Puka Nacua,LAR,Receiving Yards,110.0,120.0,,Bovada,Los Angeles Rams @ Chicago Bears,1768779000000,Bears,Rams,True
Puka Nacua,LAR,Receiving Yards,125.0,185.0,,Bovada,Los Angeles Rams @ Chicago Bears,1768779000000,Bears,Rams,True
Puka Nacua,LAR,Receiving Yards,150.0,390.0,,Bovada,Los Angeles Rams @ Chicago Bears,1768779000000,Bears,Rams,True
Puka Nacua,LAR,Receiving Yards,175.0,800.0,,Bovada,Los Angeles Rams @ Chicago Bears,1768779000000,Bears,Rams,True
Puka Nacua,LAR,Receiving Yards,,-170.0,,Bovada,Los Angeles Rams @ Chicago Bears,1768779000000,Bears,Rams,False
Rhamondre Stevenson,NE,Receiving Yards,10.0,-375.0,,Bovada,Houston Texans @ New England Patriots,1768767000000,Patriots,Texans,True
Rhamondre Stevenson,NE,Receiving Yards,15.0,-225.0,,Bovada,Houston Texans @ New England Patriots,1768767000000,Patriots,Texans,True
Rhamondre Stevenson,NE,Receiving Yards,20.0,-125.0,,Bovada,Houston Texans @ New England Patriots,1768767000000,Patriots,Texans,True
Rhamondre Stevenson,NE,Receiving Yards,20.5,-135.0,105.0,Bovada,Houston Texans @ New England Patriots,1768767000000,Patriots,Texans,False
Rhamondre Stevenson,NE,Receiving Yards,25.0,115.0,,Bovada,Houston Texans @ New England Patriots,1768767000000,Patriots,Texans,True
Rhamondre Stevenson,NE,Receiving Yards,30.0,165.0,,Bovada,Houston Texans @ New England Patriots,1768767000000,Patriots,Texans,True
Rhamondre Stevenson,NE,Receiving Yards,40.0,300.0,,Bovada,Houston Texans @ New England Patriots,1768767000000,Patriots,Texans,True
Rhamondre Stevenson,NE,Receiving Yards,50.0,525.0,,Bovada,Houston Texans @ New England Patriots,1768767000000,Patriots,Texans,True
Rhamondre Stevenson,NE,Receiving Yards,60.0,850.0,,Bovada,Houston Texans @ New England Patriots,1768767000000,Patriots,Texans,True
Rhamondre Stevenson,NE,Receiving Yards,70.0,1200.0,,Bovada,Houston Texans @ New England Patriots,1768767000000,Patriots,Texans,True
Rhamondre Stevenson,NE,Receiving Yards,80.0,2200.0,,Bovada,Houston Texans @ New England Patriots,1768767000000,Patriots,Texans,True
Rhamondre Stevenson,NE,Receiving Yards,,2500.0,,Bovada,Houston Texans @ New England Patriots,1768767000000,Patriots,Texans,False
Rome Odunze,CHI,Receiving Yards,10.0,-1200.0,,Bovada,Los Angeles Rams @ Chicago Bears,1768779000000,Bears,Rams,True
Rome Odunze,CHI,Receiving Yards,15.0,-600.0,,Bovada,Los Angeles Rams @ Chicago Bears,1768779000000,Bears,Rams,True
Rome Odunze,CHI,Receiving Yards,20.0,-360.0,,Bovada,Los Angeles Rams @ Chicago Bears,1768779000000,Bears,Rams,True
Rome Odunze,CHI,Receiving Yards,25.0,-260.0,,Bovada,Los Angeles Rams @ Chicago Bears,1768779000000,Bears,Rams,True
Rome Odunze,CHI,Receiving Yards,30.0,-185.0,,Bovada,Los Angeles Rams @ Chicago Bears,1768779000000,Bears,Rams,True
Rome Odunze,CHI,Receiving Yards,33.5,-115.0,-115.0,Bovada,Los Angeles Rams @ Chicago Bears,1768779000000,Bears,Rams,False
Rome Odunze,CHI,Receiving Yards,40.0,-110.0,,Bovada,Los Angeles Rams @ Chicago Bears,1768779000000,Bears,Rams,True
Rome Odunze,CHI,Receiving Yards,50.0,155.0,,Bovada,Los Angeles Rams @ Chicago Bears,1768779000000,Bears,Rams,True
Rome Odunze,CHI,Receiving Yards,60.0,240.0,,Bovada,Los Angeles Rams @ Chicago Bears,1768779000000,Bears,Rams,True
Rome Odunze,CHI,Receiving Yards,70.0,360.0,,Bovada,Los Angeles Rams @ Chicago Bears,1768779000000,Bears,Rams,True
Rome Odunze,CHI,Receiving Yards,80.0,530.0,,Bovada,Los Angeles Rams @ Chicago Bears,1768779000000,Bears,Rams,True
Rome Odunze,CHI,Receiving Yards,90.0,685.0,,Bovada,Los Angeles Rams @ Chicago Bears,1768779000000,Bears,Rams,True
Rome Odunze,CHI,Receiving Yards,100.0,900.0,,Bovada,Los Angeles Rams @ Chicago Bears,1768779000000,Bears,Rams,True
Rome Odunze,CHI,Receiving Yards,110.0,1150.0,,Bovada,Los Angeles Rams @ Chicago Bears,1768779000000,Bears,Rams,True
Rome Odunze,CHI,Receiving Yards,125.0,2250.0,,Bovada,Los Angeles Rams @ Chicago Bears,1768779000000,Bears,Rams,True
Rome Odunze,CHI,Receiving Yards,,1300.0,,Bovada,Los Angeles Rams @ Chicago Bears,1768779000000,Bears,Rams,False
Stefon Diggs,NE,Receiving Yards,20.0,-990.0,,Bovada,Houston Texans @ New England Patriots,1768767000000,Patriots,Texans,True
Stefon Diggs,NE,Receiving Yards,25.0,-600.0,,Bovada,Houston Texans @ New England Patriots,1768767000000,Patriots,Texans,True
Stefon Diggs,NE,Receiving Yards,30.0,-390.0,,Bovada,Houston Texans @ New England Patriots,1768767000000,Patriots,Texans,True
Stefon Diggs,NE,Receiving Yards,40.0,-205.0,,Bovada,Houston Texans @ New England Patriots,1768767000000,Patriots,Texans,True
Stefon Diggs,NE,Receiving Yards,47.5,-115.0,-115.0,Bovada,Houston Texans @ New England Patriots,1768767000000,Patriots,Texans,False
Stefon Diggs,NE,Receiving Yards,50.0,-120.0,,Bovada,Houston Texans @ New England Patriots,1768767000000,Patriots,Texans,True
Stefon Diggs,NE,Receiving Yards,60.0,135.0,,Bovada,Houston Texans @ New England Patriots,1768767000000,Patriots,Texans,True
Stefon Diggs,NE,Receiving Yards,70.0,205.0,,Bovada,Houston Texans @ New England Patriots,1768767000000,Patriots,Texans,True
Stefon Diggs,NE,Receiving Yards,80.0,320.0,,Bovada,Houston Texans @ New England Patriots,1768767000000,Patriots,Texans,True
Stefon Diggs,NE,Receiving Yards,90.0,475.0,,Bovada,Houston Texans @ New England Patriots,1768767000000,Patriots,Texans,True
Stefon Diggs,NE,Receiving Yards,100.0,630.0,,Bovada,Houston Texans @ New England Patriots,1768767000000,Patriots,Texans,True
Stefon Diggs,NE,Receiving Yards,110.0,850.0,,Bovada,Houston Texans @ New England Patriots,1768767000000,Patriots,Texans,True
Stefon Diggs,NE,Receiving Yards,125.0,1350.0,,Bovada,Houston Texans @ New England Patriots,1768767000000,Patriots,Texans,True
Stefon Diggs,NE,Receiving Yards,,330.0,,Bovada,Houston Texans @ New England Patriots,1768767000000,Patriots,Texans,False
TreVeyon Henderson,NE,Receiving Yards,5.5,-120.0,-110.0,Bovada,Houston Texans @ New England Patriots,1768767000000,Patriots,Texans,False
TreVeyon Henderson,NE,Receiving Yards,10.0,-110.0,,Bovada,Houston Texans @ New England Patriots,1768767000000,Patriots,Texans,True
TreVeyon Henderson,NE,Receiving Yards,15.0,165.0,,Bovada,Houston Texans @ New England Patriots,1768767000000,Patriots,Texans,True
TreVeyon Henderson,NE,Receiving Yards,20.0,260.0,,Bovada,Houston Texans @ New England Patriots,1768767000000,Patriots,Texans,True
TreVeyon Henderson,NE,Receiving Yards,25.0,360.0,,Bovada,Houston Texans @ New England Patriots,1768767000000,Patriots,Texans,True
TreVeyon Henderson,NE,Receiving Yards,30.0,530.0,,Bovada,Houston Texans @ New England Patriots,1768767000000,Patriots,Texans,True
TreVeyon Henderson,NE,Receiving Yards,40.0,900.0,,Bovada,Houston Texans @ New England Patriots,1768767000000,Patriots,Texans,True
TreVeyon Henderson,NE,Receiving Yards,50.0,1350.0,,Bovada,Houston Texans @ New England Patriots,1768767000000,Patriots,Texans,True
TreVeyon Henderson,NE,Receiving Yards,60.0,3200.0,,Bovada,Houston Texans @ New England Patriots,1768767000000,Patriots,Texans,True
TreVeyon Henderson,NE,Receiving Yards,,10000.0,,Bovada,Houston Texans @ New England Patriots,1768767000000,Patriots,Texans,False
Tyler Higbee,LAR,Receiving Yards,10.0,-600.0,,Bovada,Los Angeles Rams @ Chicago Bears,1768779000000,Bears,Rams,True
Tyler Higbee,LAR,Receiving Yards,15.0,-330.0,,Bovada,Los Angeles Rams @ Chicago Bears,1768779000000,Bears,Rams,True
Tyler Higbee,LAR,Receiving Yards,20.0,-210.0,,Bovada,Los Angeles Rams @ Chicago Bears,1768779000000,Bears,Rams,True
Tyler Higbee,LAR,Receiving Yards,22.5,120.0,-160.0,Bovada,Los Angeles Rams @ Chicago Bears,1768779000000,Bears,Rams,False
Tyler Higbee,LAR,Receiving Yards,25.0,-135.0,,Bovada,Los Angeles Rams @ Chicago Bears,1768779000000,Bears,Rams,True
Tyler Higbee,LAR,Receiving Yards,30.0,105.0,,Bovada,Los Angeles Rams @ Chicago Bears,1768779000000,Bears,Rams,True
Tyler Higbee,LAR,Receiving Yards,40.0,200.0,,Bovada,Los Angeles Rams @ Chicago Bears,1768779000000,Bears,Rams,True
Tyler Higbee,LAR,Receiving Yards,50.0,340.0,,Bovada,Los Angeles Rams @ Chicago Bears,1768779000000,Bears,Rams,True
Tyler Higbee,LAR,Receiving Yards,60.0,575.0,,Bovada,Los Angeles Rams @ Chicago Bears,1768779000000,Bears,Rams,True
Tyler Higbee,LAR,Receiving Yards,70.0,850.0,,Bovada,Los Angeles Rams @ Chicago Bears,1768779000000,Bears,Rams,True
Tyler Higbee,LAR,Receiving Yards,80.0,1150.0,,Bovada,Los Angeles Rams @ Chicago Bears,1768779000000,Bears,Rams,True
Tyler Higbee,LAR,Receiving Yards,90.0,2000.0,,Bovada,Los Angeles Rams @ Chicago Bears,1768779000000,Bears,Rams,True
Tyler Higbee,LAR,Receiving Yards,100.0,3200.0,,Bovada,Los Angeles Rams @ Chicago Bears,1768779000000,Bears,Rams,True
Tyler Higbee,LAR,Receiving Yards,,3500.0,,Bovada,Los Angeles Rams @ Chicago Bears,1768779000000,Bears,Rams,False
Under - 1H,CHI,Receiving Yards,11.5,-115.0,,Bovada,Los Angeles Rams @ Chicago Bears,1768779000000,Bears,Rams,False
Under - 1H,CHI,Receiving Yards,15.5,-115.0,,Bovada,Los Angeles Rams @ Chicago Bears,1768779000000,Bears,Rams,False
Under - 1H,CHI,Receiving Yards,17.5,-115.0,,Bovada,Los Angeles Rams @ Chicago Bears,1768779000000,Bears,Rams,False
Under - 1H,CHI,Receiving Yards,24.5,-115.0,,Bovada,Los Angeles Rams @ Chicago Bears,1768779000000,Bears,Rams,False
Under - 1H,HOU,Receiving Yards,12.5,-120.0,,Bovada,Houston Texans @ New England Patriots,1768767000000,Patriots,Texans,False
Under - 1H,HOU,Receiving Yards,17.5,-115.0,,Bovada,Houston Texans @ New England Patriots,1768767000000,Patriots,Texans,False
Under - 1H,HOU,Receiving Yards,18.5,-110.0,,Bovada,Houston Texans @ New England Patriots,1768767000000,Patriots,Texans,False
Under - 1H,LAR,Receiving Yards,8.5,-115.0,,Bovada,Los Angeles Rams @ Chicago Bears,1768779000000,Bears,Rams,False
Under - 1H,LAR,Receiving Yards,10.5,-115.0,,Bovada,Los Angeles Rams @ Chicago Bears,1768779000000,Bears,Rams,False
Under - 1H,LAR,Receiving Yards,26.5,-115.0,,Bovada,Los Angeles Rams @ Chicago Bears,1768779000000,Bears,Rams,False
Under - 1H,LAR,Receiving Yards,51.5,-115.0,,Bovada,Los Angeles Rams @ Chicago Bears,1768779000000,Bears,Rams,False
Under - 1H,NE,Receiving Yards,9.5,-120.0,,Bovada,Houston Texans @ New England Patriots,1768767000000,Patriots,Texans,False
Under - 1H,NE,Receiving Yards,14.5,-110.0,,Bovada,Houston Texans @ New England Patriots,1768767000000,Patriots,Texans,False
Under - 1H,NE,Receiving Yards,17.5,-110.0,,Bovada,Houston Texans @ New England Patriots,1768767000000,Patriots,Texans,False
Under - 1H,NE,Receiving Yards,25.5,-115.0,,Bovada,Houston Texans @ New England Patriots,1768767000000,Patriots,Texans,False
Under - 1Q,CHI,Receiving Yards,0.5,-150.0,,Bovada,Los Angeles Rams @ Chicago Bears,1768779000000,Bears,Rams,False
Under - 1Q,CHI,Receiving Yards,0.5,-115.0,,Bovada,Los Angeles Rams @ Chicago Bears,1768779000000,Bears,Rams,False
Under - 1Q,CHI,Receiving Yards,0.5,-120.0,,Bovada,Los Angeles Rams @ Chicago Bears,1768779000000,Bears,Rams,False
Under - 1Q,CHI,Receiving Yards,9.5,-120.0,,Bovada,Los Angeles Rams @ Chicago Bears,1768779000000,Bears,Rams,False
Under - 1Q,LAR,Receiving Yards,0.5,-160.0,,Bovada,Los Angeles Rams @ Chicago Bears,1768779000000,Bears,Rams,False
Under - 1Q,LAR,Receiving Yards,0.5,-125.0,,Bovada,Los Angeles Rams @ Chicago Bears,1768779000000,Bears,Rams,False
Under - 1Q,LAR,Receiving Yards,10.5,-120.0,,Bovada,Los Angeles Rams @ Chicago Bears,1768779000000,Bears,Rams,False
Under - 1Q,LAR,Receiving Yards,22.5,-110.0,,Bovada,Los Angeles Rams @ Chicago Bears,1768779000000,Bears,Rams,False
Under - 1Q,NE,Receiving Yards,0.5,-150.0,,Bovada,Houston Texans @ New England Patriots,1768767000000,Patriots,Texans,False
Under - 1Q,NE,Receiving Yards,6.5,-115.0,,Bovada,Houston Texans @ New England Patriots,1768767000000,Patriots,Texans,False
Under - 1Q,NE,Receiving Yards,9.5,-120.0,,Bovada,Houston Texans @ New England Patriots,1768767000000,Patriots,Texans,False
Woody Marks,HOU,Receiving Yards,8.5,-110.0,-120.0,Bovada,Houston Texans @ New England Patriots,1768767000000,Patriots,Texans,False
Woody Marks,HOU,Receiving Yards,10.0,-105.0,,Bovada,Houston Texans @ New England Patriots,1768767000000,Patriots,Texans,True
Woody Marks,HOU,Receiving Yards,15.0,170.0,,Bovada,Houston Texans @ New England Patriots,1768767000000,Patriots,Texans,True
Woody Marks,HOU,Receiving Yards,20.0,275.0,,Bovada,Houston Texans @ New England Patriots,1768767000000,Patriots,Texans,True
Woody Marks,HOU,Receiving Yards,25.0,400.0,,Bovada,Houston Texans @ New England Patriots,1768767000000,Patriots,Texans,True
Woody Marks,HOU,Receiving Yards,30.0,625.0,,Bovada,Houston Texans @ New England Patriots,1768767000000,Patriots,Texans,True
Woody Marks,HOU,Receiving Yards,,10000.0,,Bovada,Houston Texans @ New England Patriots,1768767000000,Patriots,Texans,False
Xavier Hutchinson,HOU,Receiving Yards,10.0,-650.0,,Bovada,Houston Texans @ New England Patriots,1768767000000,Patriots,Texans,True
Xavier Hutchinson,HOU,Receiving Yards,15.0,-350.0,,Bovada,Houston Texans @ New England Patriots,1768767000000,Patriots,Texans,True
Xavier Hutchinson,HOU,Receiving Yards,20.0,-250.0,,Bovada,Houston Texans @ New England Patriots,1768767000000,Patriots,Texans,True
Xavier Hutchinson,HOU,Receiving Yards,25.0,-160.0,,Bovada,Houston Texans @ New England Patriots,1768767000000,Patriots,Texans,True
Xavier Hutchinson,HOU,Receiving Yards,30.0,-115.0,,Bovada,Houston Texans @ New England Patriots,1768767000000,Patriots,Texans,True
Xavier Hutchinson,HOU,Receiving Yards,30.5,-115.0,-115.0,Bovada,Houston Texans @ New England Patriots,1768767000000,Patriots,Texans,False
Xavier Hutchinson,HOU,Receiving Yards,40.0,150.0,,Bovada,Houston Texans @ New England Patriots,1768767000000,Patriots,Texans,True
Xavier Hutchinson,HOU,Receiving Yards,50.0,225.0,,Bovada,Houston Texans @ New England Patriots,1768767000000,Patriots,Texans,True
Xavier Hutchinson,HOU,Receiving Yards,60.0,375.0,,Bovada,Houston Texans @ New England Patriots,1768767000000,Patriots,Texans,True
Xavier Hutchinson,HOU,Receiving Yards,70.0,575.0,,Bovada,Houston Texans @ New England Patriots,1768767000000,Patriots,Texans,True
Xavier Hutchinson,HOU,Receiving Yards,80.0,850.0,,Bovada,Houston Texans @ New England Patriots,1768767000000,Patriots,Texans,True
Xavier Hutchinson,HOU,Receiving Yards,90.0,1200.0,,Bovada,Houston Texans @ New England Patriots,1768767000000,Patriots,Texans,True
Xavier Hutchinson,HOU,Receiving Yards,100.0,1400.0,,Bovada,Houston Texans @ New England Patriots,1768767000000,Patriots,Texans,True
Xavier Hutchinson,HOU,Receiving Yards,110.0,2200.0,,Bovada,Houston Texans @ New England Patriots,1768767000000,Patriots,Texans,True
Xavier Hutchinson,HOU,Receiving Yards,,1200.0,,Bovada,Houston Texans @ New England Patriots,1768767000000,Patriots,Texans,False
Austin Hooper,NE,Receptions,1.5,155.0,-210.0,Bovada,Houston Texans @ New England Patriots,1768767000000,Patriots,Texans,False
Cade Stover Total Receptions,,Receptions,1.5,125.0,-165.0,Bovada,Houston Texans @ New England Patriots,1768767000000,Patriots,Texans,False
Christian Kirk,HOU,Receptions,2.0,-1400.0,,Bovada,Houston Texans @ New England Patriots,1768767000000,Patriots,Texans,True
Christian Kirk,HOU,Receptions,3.0,-350.0,,Bovada,Houston Texans @ New England Patriots,1768767000000,Patriots,Texans,True
Christian Kirk,HOU,Receptions,3.5,-145.0,110.0,Bovada,Houston Texans @ New England Patriots,1768767000000,Patriots,Texans,False
Christian Kirk,HOU,Receptions,4.0,-150.0,,Bovada,Houston Texans @ New England Patriots,1768767000000,Patriots,Texans,True
Christian Kirk,HOU,Receptions,5.0,150.0,,Bovada,Houston Texans @ New England Patriots,1768767000000,Patriots,Texans,True
Christian Kirk,HOU,Receptions,6.0,275.0,,Bovada,Houston Texans @ New England Patriots,1768767000000,Patriots,Texans,True
Christian Kirk,HOU,Receptions,7.0,550.0,,Bovada,Houston Texans @ New England Patriots,1768767000000,Patriots,Texans,True
Colby Parkinson,LAR,Receptions,2.0,-350.0,,Bovada,Los Angeles Rams @ Chicago Bears,1768779000000,Bears,Rams,True
Colby Parkinson,LAR,Receptions,2.5,,-130.0,Bovada,Los Angeles Rams @ Chicago Bears,1768779000000,Bears,Rams,False
Colby Parkinson,LAR,Receptions,3.0,-110.0,,Bovada,Los Angeles Rams @ Chicago Bears,1768779000000,Bears,Rams,True
Colby Parkinson,LAR,Receptions,4.0,220.0,,Bovada,Los Angeles Rams @ Chicago Bears,1768779000000,Bears,Rams,True
Colby Parkinson,LAR,Receptions,5.0,500.0,,Bovada,Los Angeles Rams @ Chicago Bears,1768779000000,Bears,Rams,True
Cole Kmet,CHI,Receptions,1.0,-440.0,,Bovada,Los Angeles Rams @ Chicago Bears,1768779000000,Bears,Rams,True
Cole Kmet,CHI,Receptions,1.5,130.0,-170.0,Bovada,Los Angeles Rams @ Chicago Bears,1768779000000,Bears,Rams,False
Cole Kmet,CHI,Receptions,2.0,110.0,,Bovada,Los Angeles Rams @ Chicago Bears,1768779000000,Bears,Rams,True
Cole Kmet,CHI,Receptions,3.0,340.0,,Bovada,Los Angeles Rams @ Chicago Bears,1768779000000,Bears,Rams,True
Cole Kmet,CHI,Receptions,4.0,800.0,,Bovada,Los Angeles Rams @ Chicago Bears,1768779000000,Bears,Rams,True
Colston Loveland,CHI,Receptions,3.0,-1400.0,,Bovada,Los Angeles Rams @ Chicago Bears,1768779000000,Bears,Rams,True
Colston Loveland,CHI,Receptions,4.0,-425.0,,Bovada,Los Angeles Rams @ Chicago Bears,1768779000000,Bears,Rams,True
Colston Loveland,CHI,Receptions,4.5,-170.0,130.0,Bovada,Los Angeles Rams @ Chicago Bears,1768779000000,Bears,Rams,False
Colston Loveland,CHI,Receptions,5.0,-190.0,,Bovada,Los Angeles Rams @ Chicago Bears,1768779000000,Bears,Rams,True
Colston Loveland,CHI,Receptions,6.0,110.0,,Bovada,Los Angeles Rams @ Chicago Bears,1768779000000,Bears,Rams,True
Colston Loveland,CHI,Receptions,7.0,200.0,,Bovada,Los Angeles Rams @ Chicago Bears,1768779000000,Bears,Rams,True
Colston Loveland,CHI,Receptions,8.0,350.0,,Bovada,Los Angeles Rams @ Chicago Bears,1768779000000,Bears,Rams,True
D'Andre Swift,CHI,Receptions,1.0,-1200.0,,Bovada,Los Angeles Rams @ Chicago Bears,1768779000000,Bears,Rams,True
D'Andre Swift,CHI,Receptions,2.0,-230.0,,Bovada,Los Angeles Rams @ Chicago Bears,1768779000000,Bears,Rams,True
D'Andre Swift,CHI,Receptions,2.5,155.0,-210.0,Bovada,Los Angeles Rams @ Chicago Bears,1768779000000,Bears,Rams,False
D'Andre Swift,CHI,Receptions,3.0,130.0,,Bovada,Los Angeles Rams @ Chicago Bears,1768779000000,Bears,Rams,True
D'Andre Swift,CHI,Receptions,4.0,320.0,,Bovada,Los Angeles Rams @ Chicago Bears,1768779000000,Bears,Rams,True
D'Andre Swift,CHI,Receptions,5.0,680.0,,Bovada,Los Angeles Rams @ Chicago Bears,1768779000000,Bears,Rams,True
DJ Moore,CHI,Receptions,2.0,-360.0,,Bovada,Los Angeles Rams @ Chicago Bears,1768779000000,Bears,Rams,True
DJ Moore,CHI,Receptions,2.5,-115.0,-115.0,Bovada,Los Angeles Rams @ Chicago Bears,1768779000000,Bears,Rams,False
DJ Moore,CHI,Receptions,3.0,-120.0,,Bovada,Los Angeles Rams @ Chicago Bears,1768779000000,Bears,Rams,True
DJ Moore,CHI,Receptions,4.0,205.0,,Bovada,Los Angeles Rams @ Chicago Bears,1768779000000,Bears,Rams,True
DJ Moore,CHI,Receptions,5.0,450.0,,Bovada,Los Angeles Rams @ Chicago Bears,1768779000000,Bears,Rams,True
Dalton Schultz,HOU,Receptions,3.0,-700.0,,Bovada,Houston Texans @ New England Patriots,1768767000000,Patriots,Texans,True
Dalton Schultz,HOU,Receptions,4.0,-250.0,,Bovada,Houston Texans @ New England Patriots,1768767000000,Patriots,Texans,True
Dalton Schultz,HOU,Receptions,4.5,-110.0,-120.0,Bovada,Houston Texans @ New England Patriots,1768767000000,Patriots,Texans,False
Dalton Schultz,HOU,Receptions,5.0,-120.0,,Bovada,Houston Texans @ New England Patriots,1768767000000,Patriots,Texans,True
Dalton Schultz,HOU,Receptions,6.0,165.0,,Bovada,Houston Texans @ New England Patriots,1768767000000,Patriots,Texans,True
Dalton Schultz,HOU,Receptions,7.0,325.0,,Bovada,Houston Texans @ New England Patriots,1768767000000,Patriots,Texans,True
Dalton Schultz,HOU,Receptions,8.0,575.0,,Bovada,Houston Texans @ New England Patriots,1768767000000,Patriots,Texans,True
Davante Adams,LAR,Receptions,3.0,-660.0,,Bovada,Los Angeles Rams @ Chicago Bears,1768779000000,Bears,Rams,True
Davante Adams,LAR,Receptions,4.0,-255.0,,Bovada,Los Angeles Rams @ Chicago Bears,1768779000000,Bears,Rams,True
Davante Adams,LAR,Receptions,4.5,,-130.0,Bovada,Los Angeles Rams @ Chicago Bears,1768779000000,Bears,Rams,False
Davante Adams,LAR,Receptions,5.0,-115.0,,Bovada,Los Angeles Rams @ Chicago Bears,1768779000000,Bears,Rams,True
Davante Adams,LAR,Receptions,6.0,180.0,,Bovada,Los Angeles Rams @ Chicago Bears,1768779000000,Bears,Rams,True
Davante Adams,LAR,Receptions,7.0,340.0,,Bovada,Los Angeles Rams @ Chicago Bears,1768779000000,Bears,Rams,True
Davante Adams,LAR,Receptions,8.0,580.0,,Bovada,Los Angeles Rams @ Chicago Bears,1768779000000,Bears,Rams,True
DeMario Douglas,NE,Receptions,1.0,-710.0,,Bovada,Houston Texans @ New England Patriots,1768767000000,Patriots,Texans,True
DeMario Douglas,NE,Receptions,1.5,-150.0,115.0,Bovada,Houston Texans @ New England Patriots,1768767000000,Patriots,Texans,False
DeMario Douglas,NE,Receptions,2.0,-140.0,,Bovada,Houston Texans @ New England Patriots,1768767000000,Patriots,Texans,True
DeMario Douglas,NE,Receptions,3.0,220.0,,Bovada,Houston Texans @ New England Patriots,1768767000000,Patriots,Texans,True
DeMario Douglas,NE,Receptions,4.0,575.0,,Bovada,Houston Texans @ New England Patriots,1768767000000,Patriots,Texans,True
Hunter Henry,NE,Receptions,2.0,-1200.0,,Bovada,Houston Texans @ New England Patriots,1768767000000,Patriots,Texans,True
Hunter Henry,NE,Receptions,3.0,-300.0,,Bovada,Houston Texans @ New England Patriots,1768767000000,Patriots,Texans,True
Hunter Henry,NE,Receptions,3.5,-115.0,-115.0,Bovada,Houston Texans @ New England Patriots,1768767000000,Patriots,Texans,False
Hunter Henry,NE,Receptions,4.0,-125.0,,Bovada,Houston Texans @ New England Patriots,1768767000000,Patriots,Texans,True
Hunter Henry,NE,Receptions,5.0,175.0,,Bovada,Houston Texans @ New England Patriots,1768767000000,Patriots,Texans,True
Hunter Henry,NE,Receptions,6.0,340.0,,Bovada,Houston Texans @ New England Patriots,1768767000000,Patriots,Texans,True
Hunter Henry,NE,Receptions,7.0,630.0,,Bovada,Houston Texans @ New England Patriots,1768767000000,Patriots,Texans,True
Jayden Higgins,HOU,Receptions,2.0,-700.0,,Bovada,Houston Texans @ New England Patriots,1768767000000,Patriots,Texans,True
Jayden Higgins,HOU,Receptions,3.0,-225.0,,Bovada,Houston Texans @ New England Patriots,1768767000000,Patriots,Texans,True
Jayden Higgins,HOU,Receptions,3.5,110.0,-145.0,Bovada,Houston Texans @ New England Patriots,1768767000000,Patriots,Texans,False
Jayden Higgins,HOU,Receptions,4.0,,,Bovada,Houston Texans @ New England Patriots,1768767000000,Patriots,Texans,True
Jayden Higgins,HOU,Receptions,5.0,220.0,,Bovada,Houston Texans @ New England Patriots,1768767000000,Patriots,Texans,True
Jayden Higgins,HOU,Receptions,6.0,400.0,,Bovada,Houston Texans @ New England Patriots,1768767000000,Patriots,Texans,True
Jayden Higgins,HOU,Receptions,7.0,700.0,,Bovada,Houston Texans @ New England Patriots,1768767000000,Patriots,Texans,True
Jaylin Noel,HOU,Receptions,1.5,165.0,-220.0,Bovada,Houston Texans @ New England Patriots,1768767000000,Patriots,Texans,False
Kayshon Boutte,NE,Receptions,1.0,-1800.0,,Bovada,Houston Texans @ New England Patriots,1768767000000,Patriots,Texans,True
Kayshon Boutte,NE,Receptions,2.0,-280.0,,Bovada,Houston Texans @ New England Patriots,1768767000000,Patriots,Texans,True
Kayshon Boutte,NE,Receptions,2.5,120.0,-160.0,Bovada,Houston Texans @ New England Patriots,1768767000000,Patriots,Texans,False
Kayshon Boutte,NE,Receptions,3.0,110.0,,Bovada,Houston Texans @ New England Patriots,1768767000000,Patriots,Texans,True
Kayshon Boutte,NE,Receptions,4.0,280.0,,Bovada,Houston Texans @ New England Patriots,1768767000000,Patriots,Texans,True
Kayshon Boutte,NE,Receptions,5.0,675.0,,Bovada,Houston Texans @ New England Patriots,1768767000000,Patriots,Texans,True
Kyle Monangai,CHI,Receptions,1.0,-370.0,,Bovada,Los Angeles Rams @ Chicago Bears,1768779000000,Bears,Rams,True
Kyle Monangai,CHI,Receptions,1.5,130.0,-170.0,Bovada,Los Angeles Rams @ Chicago Bears,1768779000000,Bears,Rams,False
Kyle Monangai,CHI,Receptions,2.0,120.0,,Bovada,Los Angeles Rams @ Chicago Bears,1768779000000,Bears,Rams,True
Kyle Monangai,CHI,Receptions,3.0,360.0,,Bovada,Los Angeles Rams @ Chicago Bears,1768779000000,Bears,Rams,True
Kyren Williams,LAR,Receptions,1.0,-880.0,,Bovada,Los Angeles Rams @ Chicago Bears,1768779000000,Bears,Rams,True
Kyren Williams,LAR,Receptions,1.5,-165.0,125.0,Bovada,Los Angeles Rams @ Chicago Bears,1768779000000,Bears,Rams,False
Kyren Williams,LAR,Receptions,2.0,-180.0,,Bovada,Los Angeles Rams @ Chicago Bears,1768779000000,Bears,Rams,True
Kyren Williams,LAR,Receptions,3.0,165.0,,Bovada,Los Angeles Rams @ Chicago Bears,1768779000000,Bears,Rams,True
Kyren Williams,LAR,Receptions,4.0,370.0,,Bovada,Los Angeles Rams @ Chicago Bears,1768779000000,Bears,Rams,True
Kyren Williams,LAR,Receptions,5.0,800.0,,Bovada,Los Angeles Rams @ Chicago Bears,1768779000000,Bears,Rams,True
Luther Burden,CHI,Receptions,2.5,-170.0,130.0,Bovada,Los Angeles Rams @ Chicago Bears,1768779000000,Bears,Rams,False
Luther Burden III,CHI,Receptions,2.0,-510.0,,Bovada,Los Angeles Rams @ Chicago Bears,1768779000000,Bears,Rams,True
Luther Burden III,CHI,Receptions,3.0,-170.0,,Bovada,Los Angeles Rams @ Chicago Bears,1768779000000,Bears,Rams,True
Luther Burden III,CHI,Receptions,4.0,155.0,,Bovada,Los Angeles Rams @ Chicago Bears,1768779000000,Bears,Rams,True
Luther Burden III,CHI,Receptions,5.0,340.0,,Bovada,Los Angeles Rams @ Chicago Bears,1768779000000,Bears,Rams,True
Luther Burden III,CHI,Receptions,6.0,685.0,,Bovada,Los Angeles Rams @ Chicago Bears,1768779000000,Bears,Rams,True
Puka Nacua,LAR,Receptions,5.0,-1200.0,,Bovada,Los Angeles Rams @ Chicago Bears,1768779000000,Bears,Rams,True
Puka Nacua,LAR,Receptions,6.0,-480.0,,Bovada,Los Angeles Rams @ Chicago Bears,1768779000000,Bears,Rams,True
Puka Nacua,LAR,Receptions,7.0,-240.0,,Bovada,Los Angeles Rams @ Chicago Bears,1768779000000,Bears,Rams,True
Puka Nacua,LAR,Receptions,7.5,-115.0,-115.0,Bovada,Los Angeles Rams @ Chicago Bears,1768779000000,Bears,Rams,False
Puka Nacua,LAR,Receptions,8.0,-125.0,,Bovada,Los Angeles Rams @ Chicago Bears,1768779000000,Bears,Rams,True
Puka Nacua,LAR,Receptions,9.0,130.0,,Bovada,Los Angeles Rams @ Chicago Bears,1768779000000,Bears,Rams,True
Puka Nacua,LAR,Receptions,10.0,245.0,,Bovada,Los Angeles Rams @ Chicago Bears,1768779000000,Bears,Rams,True
Puka Nacua,LAR,Receptions,11.0,370.0,,Bovada,Los Angeles Rams @ Chicago Bears,1768779000000,Bears,Rams,True
Rhamondre Stevenson,NE,Receptions,2.0,-370.0,,Bovada,Houston Texans @ New England Patriots,1768767000000,Patriots,Texans,True
Rhamondre Stevenson,NE,Receptions,2.5,-115.0,-115.0,Bovada,Houston Texans @ New England Patriots,1768767000000,Patriots,Texans,False
Rhamondre Stevenson,NE,Receptions,3.0,-125.0,,Bovada,Houston Texans @ New England Patriots,1768767000000,Patriots,Texans,True
Rhamondre Stevenson,NE,Receptions,4.0,185.0,,Bovada,Houston Texans @ New England Patriots,1768767000000,Patriots,Texans,True
Rhamondre Stevenson,NE,Receptions,5.0,380.0,,Bovada,Houston Texans @ New England Patriots,1768767000000,Patriots,Texans,True
Rhamondre Stevenson,NE,Receptions,6.0,775.0,,Bovada,Houston Texans @ New England Patriots,1768767000000,Patriots,Texans,True
Rome Odunze,CHI,Receptions,2.0,-535.0,,Bovada,Los Angeles Rams @ Chicago Bears,1768779000000,Bears,Rams,True
Rome Odunze,CHI,Receptions,2.5,-110.0,-120.0,Bovada,Los Angeles Rams @ Chicago Bears,1768779000000,Bears,Rams,False
Rome Odunze,CHI,Receptions,3.0,-175.0,,Bovada,Los Angeles Rams @ Chicago Bears,1768779000000,Bears,Rams,True
Rome Odunze,CHI,Receptions,4.0,145.0,,Bovada,Los Angeles Rams @ Chicago Bears,1768779000000,Bears,Rams,True
Rome Odunze,CHI,Receptions,5.0,320.0,,Bovada,Los Angeles Rams @ Chicago Bears,1768779000000,Bears,Rams,True
Rome Odunze,CHI,Receptions,6.0,630.0,,Bovada,Los Angeles Rams @ Chicago Bears,1768779000000,Bears,Rams,True
Stefon Diggs,NE,Receptions,3.0,-725.0,,Bovada,Houston Texans @ New England Patriots,1768767000000,Patriots,Texans,True
Stefon Diggs,NE,Receptions,4.0,-265.0,,Bovada,Houston Texans @ New England Patriots,1768767000000,Patriots,Texans,True
Stefon Diggs,NE,Receptions,4.5,-110.0,-120.0,Bovada,Houston Texans @ New England Patriots,1768767000000,Patriots,Texans,False
Stefon Diggs,NE,Receptions,5.0,-120.0,,Bovada,Houston Texans @ New England Patriots,1768767000000,Patriots,Texans,True
Stefon Diggs,NE,Receptions,6.0,165.0,,Bovada,Houston Texans @ New England Patriots,1768767000000,Patriots,Texans,True
Stefon Diggs,NE,Receptions,7.0,290.0,,Bovada,Houston Texans @ New England Patriots,1768767000000,Patriots,Texans,True
Stefon Diggs,NE,Receptions,8.0,575.0,,Bovada,Houston Texans @ New England Patriots,1768767000000,Patriots,Texans,True
TreVeyon Henderson,NE,Receptions,1.0,-250.0,,Bovada,Houston Texans @ New England Patriots,1768767000000,Patriots,Texans,True
TreVeyon Henderson,NE,Receptions,2.0,175.0,,Bovada,Houston Texans @ New England Patriots,1768767000000,Patriots,Texans,True
TreVeyon Henderson,NE,Receptions,3.0,400.0,,Bovada,Houston Texans @ New England Patriots,1768767000000,Patriots,Texans,True
Tyler Higbee,LAR,Receptions,2.0,-380.0,,Bovada,Los Angeles Rams @ Chicago Bears,1768779000000,Bears,Rams,True
Tyler Higbee,LAR,Receptions,2.5,155.0,-210.0,Bovada,Los Angeles Rams @ Chicago Bears,1768779000000,Bears,Rams,False
Tyler Higbee,LAR,Receptions,3.0,-125.0,,Bovada,Los Angeles Rams @ Chicago Bears,1768779000000,Bears,Rams,True
Tyler Higbee,LAR,Receptions,4.0,200.0,,Bovada,Los Angeles Rams @ Chicago Bears,1768779000000,Bears,Rams,True
Tyler Higbee,LAR,Receptions,5.0,430.0,,Bovada,Los Angeles Rams @ Chicago Bears,1768779000000,Bears,Rams,True
Tyler Higbee,LAR,Receptions,6.0,800.0,,Bovada,Los Angeles Rams @ Chicago Bears,1768779000000,Bears,Rams,True
Woody Marks,HOU,Receptions,1.0,-500.0,,Bovada,Houston Texans @ New England Patriots,1768767000000,Patriots,Texans,True
Woody Marks,HOU,Receptions,1.5,-110.0,-120.0,Bovada,Houston Texans @ New England Patriots,1768767000000,Patriots,Texans,False
Woody Marks,HOU,Receptions,2.0,-115.0,,Bovada,Houston Texans @ New England Patriots,1768767000000,Patriots,Texans,True
Woody Marks,HOU,Receptions,3.0,275.0,,Bovada,Houston Texans @ New England Patriots,1768767000000,Patriots,Texans,True
Woody Marks,HOU,Receptions,4.0,650.0,,Bovada,Houston Texans @ New England Patriots,1768767000000,Patriots,Texans,True
Xavier Hutchinson,HOU,Receptions,2.0,-450.0,,Bovada,Houston Texans @ New England Patriots,1768767000000,Patriots,Texans,True
Xavier Hutchinson,HOU,Receptions,2.5,-145.0,110.0,Bovada,Houston Texans @ New England Patriots,1768767000000,Patriots,Texans,False
Xavier Hutchinson,HOU,Receptions,3.0,-135.0,,Bovada,Houston Texans @ New England Patriots,1768767000000,Patriots,Texans,True
Xavier Hutchinson,HOU,Receptions,4.0,180.0,,Bovada,Houston Texans @ New England Patriots,1768767000000,Patriots,Texans,True
Xavier Hutchinson,HOU,Receptions,5.0,400.0,,Bovada,Houston Texans @ New England Patriots,1768767000000,Patriots,Texans,True
Xavier Hutchinson,HOU,Receptions,6.0,800.0,,Bovada,Houston Texans @ New England Patriots,1768767000000,Patriots,Texans,True
D'Andre Swift,CHI,Rush+Rec Yards,71.5,-115.0,-115.0,Bovada,Los Angeles Rams @ Chicago Bears,1768779000000,Bears,Rams,False
DJ Moore,CHI,Rush+Rec Yards,32.5,-115.0,-115.0,Bovada,Los Angeles Rams @ Chicago Bears,1768779000000,Bears,Rams,False
Kyle Monangai,CHI,Rush+Rec Yards,48.5,-115.0,-115.0,Bovada,Los Angeles Rams @ Chicago Bears,1768779000000,Bears,Rams,False
Kyren Williams,LAR,Rush+Rec Yards,73.5,-120.0,-110.0,Bovada,Los Angeles Rams @ Chicago Bears,1768779000000,Bears,Rams,False
Luther Burden III,CHI,Rush+Rec Yards,40.5,-115.0,-115.0,Bovada,Los Angeles Rams @ Chicago Bears,1768779000000,Bears,Rams,False
Rhamondre Stevenson,NE,Rush+Rec Yards,63.5,-115.0,-115.0,Bovada,Houston Texans @ New England Patriots,1768767000000,Patriots,Texans,False
TreVeyon Henderson,NE,Rush+Rec Yards,44.5,-125.0,-105.0,Bovada,Houston Texans @ New England Patriots,1768767000000,Patriots,Texans,False
Woody Marks,HOU,Rush+Rec Yards,66.5,-125.0,-105.0,Bovada,Houston Texans @ New England Patriots,1768767000000,Patriots,Texans,False
Blake Corum,LAR,Rushing Attempts,10.5,115.0,-150.0,Bovada,Los Angeles Rams @ Chicago Bears,1768779000000,Bears,Rams,False
C.J. Stroud,HOU,Rushing Attempts,3.5,110.0,-145.0,Bovada,Houston Texans @ New England Patriots,1768767000000,Patriots,Texans,False
Caleb Williams,CHI,Rushing Attempts,4.5,-105.0,-125.0,Bovada,Los Angeles Rams @ Chicago Bears,1768779000000,Bears,Rams,False
D'Andre Swift,CHI,Rushing Attempts,13.5,105.0,-135.0,Bovada,Los Angeles Rams @ Chicago Bears,1768779000000,Bears,Rams,False
Drake Maye,NE,Rushing Attempts,6.5,-160.0,120.0,Bovada,Houston Texans @ New England Patriots,1768767000000,Patriots,Texans,False
Kyle Monangai,CHI,Rushing Attempts,8.5,-125.0,-105.0,Bovada,Los Angeles Rams @ Chicago Bears,1768779000000,Bears,Rams,False
Kyren Williams,LAR,Rushing Attempts,13.5,-120.0,-110.0,Bovada,Los Angeles Rams @ Chicago Bears,1768779000000,Bears,Rams,False
Rhamondre Stevenson,NE,Rushing Attempts,10.5,-110.0,-120.0,Bovada,Houston Texans @ New England Patriots,1768767000000,Patriots,Texans,False
TreVeyon Henderson,NE,Rushing Attempts,9.5,-130.0,,Bovada,Houston Texans @ New England Patriots,1768767000000,Patriots,Texans,False
Woody Marks,HOU,Rushing Attempts,15.5,-115.0,-115.0,Bovada,Houston Texans @ New England Patriots,1768767000000,Patriots,Texans,False
Blake Corum,LAR,Rushing Yards,20.0,-1550.0,,Bovada,Los Angeles Rams @ Chicago Bears,1768779000000,Bears,Rams,True
Blake Corum,LAR,Rushing Yards,25.0,-710.0,,Bovada,Los Angeles Rams @ Chicago Bears,1768779000000,Bears,Rams,True
Blake Corum,LAR,Rushing Yards,30.0,-440.0,,Bovada,Los Angeles Rams @ Chicago Bears,1768779000000,Bears,Rams,True
Blake Corum,LAR,Rushing Yards,40.0,-200.0,,Bovada,Los Angeles Rams @ Chicago Bears,1768779000000,Bears,Rams,True
Blake Corum,LAR,Rushing Yards,46.5,-115.0,-115.0,Bovada,Los Angeles Rams @ Chicago Bears,1768779000000,Bears,Rams,False
Blake Corum,LAR,Rushing Yards,50.0,-105.0,,Bovada,Los Angeles Rams @ Chicago Bears,1768779000000,Bears,Rams,True
Blake Corum,LAR,Rushing Yards,60.0,180.0,,Bovada,Los Angeles Rams @ Chicago Bears,1768779000000,Bears,Rams,True
Blake Corum,LAR,Rushing Yards,70.0,280.0,,Bovada,Los Angeles Rams @ Chicago Bears,1768779000000,Bears,Rams,True
Blake Corum,LAR,Rushing Yards,80.0,450.0,,Bovada,Los Angeles Rams @ Chicago Bears,1768779000000,Bears,Rams,True
Blake Corum,LAR,Rushing Yards,90.0,685.0,,Bovada,Los Angeles Rams @ Chicago Bears,1768779000000,Bears,Rams,True
Blake Corum,LAR,Rushing Yards,100.0,900.0,,Bovada,Los Angeles Rams @ Chicago Bears,1768779000000,Bears,Rams,True
Blake Corum,LAR,Rushing Yards,110.0,1250.0,,Bovada,Los Angeles Rams @ Chicago Bears,1768779000000,Bears,Rams,True
Blake Corum,LAR,Rushing Yards,125.0,2550.0,,Bovada,Los Angeles Rams @ Chicago Bears,1768779000000,Bears,Rams,True
Blake Corum,LAR,Rushing Yards,,350.0,,Bovada,Los Angeles Rams @ Chicago Bears,1768779000000,Bears,Rams,False
C.J. Stroud,HOU,Rushing Yards,10.0,-150.0,,Bovada,Houston Texans @ New England Patriots,1768767000000,Patriots,Texans,True
C.J. Stroud,HOU,Rushing Yards,10.5,-105.0,-125.0,Bovada,Houston Texans @ New England Patriots,1768767000000,Patriots,Texans,False
C.J. Stroud,HOU,Rushing Yards,15.0,135.0,,Bovada,Houston Texans @ New England Patriots,1768767000000,Patriots,Texans,True
C.J. Stroud,HOU,Rushing Yards,20.0,230.0,,Bovada,Houston Texans @ New England Patriots,1768767000000,Patriots,Texans,True
C.J. Stroud,HOU,Rushing Yards,25.0,360.0,,Bovada,Houston Texans @ New England Patriots,1768767000000,Patriots,Texans,True
C.J. Stroud,HOU,Rushing Yards,30.0,585.0,,Bovada,Houston Texans @ New England Patriots,1768767000000,Patriots,Texans,True
C.J. Stroud,HOU,Rushing Yards,40.0,1150.0,,Bovada,Houston Texans @ New England Patriots,1768767000000,Patriots,Texans,True
C.J. Stroud,HOU,Rushing Yards,50.0,2550.0,,Bovada,Houston Texans @ New England Patriots,1768767000000,Patriots,Texans,True
C.J. Stroud,HOU,Rushing Yards,220.5,-110.0,-120.0,Bovada,Houston Texans @ New England Patriots,1768767000000,Patriots,Texans,False
C.J. Stroud,HOU,Rushing Yards,,7000.0,,Bovada,Houston Texans @ New England Patriots,1768767000000,Patriots,Texans,False
Caleb Williams,CHI,Rushing Yards,10.0,-460.0,,Bovada,Los Angeles Rams @ Chicago Bears,1768779000000,Bears,Rams,True
Caleb Williams,CHI,Rushing Yards,15.0,-230.0,,Bovada,Los Angeles Rams @ Chicago Bears,1768779000000,Bears,Rams,True
Caleb Williams,CHI,Rushing Yards,19.5,-125.0,-105.0,Bovada,Los Angeles Rams @ Chicago Bears,1768779000000,Bears,Rams,False
Caleb Williams,CHI,Rushing Yards,20.0,-125.0,,Bovada,Los Angeles Rams @ Chicago Bears,1768779000000,Bears,Rams,True
Caleb Williams,CHI,Rushing Yards,25.0,130.0,,Bovada,Los Angeles Rams @ Chicago Bears,1768779000000,Bears,Rams,True
Caleb Williams,CHI,Rushing Yards,30.0,200.0,,Bovada,Los Angeles Rams @ Chicago Bears,1768779000000,Bears,Rams,True
Caleb Williams,CHI,Rushing Yards,40.0,420.0,,Bovada,Los Angeles Rams @ Chicago Bears,1768779000000,Bears,Rams,True
Caleb Williams,CHI,Rushing Yards,50.0,800.0,,Bovada,Los Angeles Rams @ Chicago Bears,1768779000000,Bears,Rams,True
Caleb Williams,CHI,Rushing Yards,60.0,1250.0,,Bovada,Los Angeles Rams @ Chicago Bears,1768779000000,Bears,Rams,True
Caleb Williams,CHI,Rushing Yards,70.0,2550.0,,Bovada,Los Angeles Rams @ Chicago Bears,1768779000000,Bears,Rams,True
Caleb Williams,CHI,Rushing Yards,236.5,-115.0,-115.0,Bovada,Los Angeles Rams @ Chicago Bears,1768779000000,Bears,Rams,False
Caleb Williams,CHI,Rushing Yards,,3500.0,,Bovada,Los Angeles Rams @ Chicago Bears,1768779000000,Bears,Rams,False
D'Andre Swift,CHI,Rushing Yards,25.0,-1550.0,,Bovada,Los Angeles Rams @ Chicago Bears,1768779000000,Bears,Rams,True
D'Andre Swift,CHI,Rushing Yards,30.0,-770.0,,Bovada,Los Angeles Rams @ Chicago Bears,1768779000000,Bears,Rams,True
D'Andre Swift,CHI,Rushing Yards,40.0,-330.0,,Bovada,Los Angeles Rams @ Chicago Bears,1768779000000,Bears,Rams,True
D'Andre Swift,CHI,Rushing Yards,50.0,-170.0,,Bovada,Los Angeles Rams @ Chicago Bears,1768779000000,Bears,Rams,True
D'Andre Swift,CHI,Rushing Yards,54.5,,-130.0,Bovada,Los Angeles Rams @ Chicago Bears,1768779000000,Bears,Rams,False
D'Andre Swift,CHI,Rushing Yards,60.0,105.0,,Bovada,Los Angeles Rams @ Chicago Bears,1768779000000,Bears,Rams,True
D'Andre Swift,CHI,Rushing Yards,70.0,165.0,,Bovada,Los Angeles Rams @ Chicago Bears,1768779000000,Bears,Rams,True
D'Andre Swift,CHI,Rushing Yards,80.0,270.0,,Bovada,Los Angeles Rams @ Chicago Bears,1768779000000,Bears,Rams,True
D'Andre Swift,CHI,Rushing Yards,90.0,375.0,,Bovada,Los Angeles Rams @ Chicago Bears,1768779000000,Bears,Rams,True
D'Andre Swift,CHI,Rushing Yards,100.0,585.0,,Bovada,Los Angeles Rams @ Chicago Bears,1768779000000,Bears,Rams,True
D'Andre Swift,CHI,Rushing Yards,110.0,800.0,,Bovada,Los Angeles Rams @ Chicago Bears,1768779000000,Bears,Rams,True
D'Andre Swift,CHI,Rushing Yards,125.0,1250.0,,Bovada,Los Angeles Rams @ Chicago Bears,1768779000000,Bears,Rams,True
D'Andre Swift,CHI,Rushing Yards,150.0,3200.0,,Bovada,Los Angeles Rams @ Chicago Bears,1768779000000,Bears,Rams,True
D'Andre Swift,CHI,Rushing Yards,,190.0,,Bovada,Los Angeles Rams @ Chicago Bears,1768779000000,Bears,Rams,False
Drake Maye,NE,Rushing Yards,15.0,-1200.0,,Bovada,Houston Texans @ New England Patriots,1768767000000,Patriots,Texans,True
Drake Maye,NE,Rushing Yards,20.0,-530.0,,Bovada,Houston Texans @ New England Patriots,1768767000000,Patriots,Texans,True
Drake Maye,NE,Rushing Yards,25.0,-320.0,,Bovada,Houston Texans @ New England Patriots,1768767000000,Patriots,Texans,True
Drake Maye,NE,Rushing Yards,30.0,-210.0,,Bovada,Houston Texans @ New England Patriots,1768767000000,Patriots,Texans,True
Drake Maye,NE,Rushing Yards,39.5,-120.0,-110.0,Bovada,Houston Texans @ New England Patriots,1768767000000,Patriots,Texans,False
Drake Maye,NE,Rushing Yards,40.0,105.0,,Bovada,Houston Texans @ New England Patriots,1768767000000,Patriots,Texans,True
Drake Maye,NE,Rushing Yards,50.0,200.0,,Bovada,Houston Texans @ New England Patriots,1768767000000,Patriots,Texans,True
Drake Maye,NE,Rushing Yards,60.0,340.0,,Bovada,Houston Texans @ New England Patriots,1768767000000,Patriots,Texans,True
Drake Maye,NE,Rushing Yards,70.0,585.0,,Bovada,Houston Texans @ New England Patriots,1768767000000,Patriots,Texans,True
Drake Maye,NE,Rushing Yards,80.0,800.0,,Bovada,Houston Texans @ New England Patriots,1768767000000,Patriots,Texans,True
Drake Maye,NE,Rushing Yards,90.0,1150.0,,Bovada,Houston Texans @ New England Patriots,1768767000000,Patriots,Texans,True
Drake Maye,NE,Rushing Yards,100.0,1550.0,,Bovada,Houston Texans @ New England Patriots,1768767000000,Patriots,Texans,True
Drake Maye,NE,Rushing Yards,110.0,2550.0,,Bovada,Houston Texans @ New England Patriots,1768767000000,Patriots,Texans,True
Drake Maye,NE,Rushing Yards,262.5,-115.0,-115.0,Bovada,Houston Texans @ New England Patriots,1768767000000,Patriots,Texans,False
Drake Maye,NE,Rushing Yards,,425.0,,Bovada,Houston Texans @ New England Patriots,1768767000000,Patriots,Texans,False
Kyle Monangai,CHI,Rushing Yards,15.0,-1200.0,,Bovada,Los Angeles Rams @ Chicago Bears,1768779000000,Bears,Rams,True
Kyle Monangai,CHI,Rushing Yards,20.0,-530.0,,Bovada,Los Angeles Rams @ Chicago Bears,1768779000000,Bears,Rams,True
Kyle Monangai,CHI,Rushing Yards,25.0,-330.0,,Bovada,Los Angeles Rams @ Chicago Bears,1768779000000,Bears,Rams,True
Kyle Monangai,CHI,Rushing Yards,30.0,-220.0,,Bovada,Los Angeles Rams @ Chicago Bears,1768779000000,Bears,Rams,True
Kyle Monangai,CHI,Rushing Yards,36.5,-115.0,-115.0,Bovada,Los Angeles Rams @ Chicago Bears,1768779000000,Bears,Rams,False
Kyle Monangai,CHI,Rushing Yards,40.0,-105.0,,Bovada,Los Angeles Rams @ Chicago Bears,1768779000000,Bears,Rams,True
Kyle Monangai,CHI,Rushing Yards,50.0,180.0,,Bovada,Los Angeles Rams @ Chicago Bears,1768779000000,Bears,Rams,True
Kyle Monangai,CHI,Rushing Yards,60.0,280.0,,Bovada,Los Angeles Rams @ Chicago Bears,1768779000000,Bears,Rams,True
Kyle Monangai,CHI,Rushing Yards,70.0,475.0,,Bovada,Los Angeles Rams @ Chicago Bears,1768779000000,Bears,Rams,True
Kyle Monangai,CHI,Rushing Yards,80.0,685.0,,Bovada,Los Angeles Rams @ Chicago Bears,1768779000000,Bears,Rams,True
Kyle Monangai,CHI,Rushing Yards,90.0,900.0,,Bovada,Los Angeles Rams @ Chicago Bears,1768779000000,Bears,Rams,True
Kyle Monangai,CHI,Rushing Yards,100.0,1250.0,,Bovada,Los Angeles Rams @ Chicago Bears,1768779000000,Bears,Rams,True
Kyle Monangai,CHI,Rushing Yards,110.0,1800.0,,Bovada,Los Angeles Rams @ Chicago Bears,1768779000000,Bears,Rams,True
Kyle Monangai,CHI,Rushing Yards,,600.0,,Bovada,Los Angeles Rams @ Chicago Bears,1768779000000,Bears,Rams,False
Kyren Williams,LAR,Rushing Yards,30.0,-1600.0,,Bovada,Los Angeles Rams @ Chicago Bears,1768779000000,Bears,Rams,True
Kyren Williams,LAR,Rushing Yards,40.0,-535.0,,Bovada,Los Angeles Rams @ Chicago Bears,1768779000000,Bears,Rams,True
Kyren Williams,LAR,Rushing Yards,50.0,-255.0,,Bovada,Los Angeles Rams @ Chicago Bears,1768779000000,Bears,Rams,True
Kyren Williams,LAR,Rushing Yards,60.0,-140.0,,Bovada,Los Angeles Rams @ Chicago Bears,1768779000000,Bears,Rams,True
Kyren Williams,LAR,Rushing Yards,61.5,-115.0,-115.0,Bovada,Los Angeles Rams @ Chicago Bears,1768779000000,Bears,Rams,False
Kyren Williams,LAR,Rushing Yards,70.0,125.0,,Bovada,Los Angeles Rams @ Chicago Bears,1768779000000,Bears,Rams,True
Kyren Williams,LAR,Rushing Yards,80.0,200.0,,Bovada,Los Angeles Rams @ Chicago Bears,1768779000000,Bears,Rams,True
Kyren Williams,LAR,Rushing Yards,90.0,290.0,,Bovada,Los Angeles Rams @ Chicago Bears,1768779000000,Bears,Rams,True
Kyren Williams,LAR,Rushing Yards,100.0,475.0,,Bovada,Los Angeles Rams @ Chicago Bears,1768779000000,Bears,Rams,True
Kyren Williams,LAR,Rushing Yards,110.0,635.0,,Bovada,Los Angeles Rams @ Chicago Bears,1768779000000,Bears,Rams,True
Kyren Williams,LAR,Rushing Yards,125.0,1100.0,,Bovada,Los Angeles Rams @ Chicago Bears,1768779000000,Bears,Rams,True
Kyren Williams,LAR,Rushing Yards,150.0,3200.0,,Bovada,Los Angeles Rams @ Chicago Bears,1768779000000,Bears,Rams,True
Kyren Williams,LAR,Rushing Yards,,130.0,,Bovada,Los Angeles Rams @ Chicago Bears,1768779000000,Bears,Rams,False
Matthew Stafford,LAR,Rushing Yards,10.0,350.0,,Bovada,Los Angeles Rams @ Chicago Bears,1768779000000,Bears,Rams,True
Matthew Stafford,LAR,Rushing Yards,15.0,690.0,,Bovada,Los Angeles Rams @ Chicago Bears,1768779000000,Bears,Rams,True
Matthew Stafford,LAR,Rushing Yards,20.0,1000.0,,Bovada,Los Angeles Rams @ Chicago Bears,1768779000000,Bears,Rams,True
Matthew Stafford,LAR,Rushing Yards,25.0,1350.0,,Bovada,Los Angeles Rams @ Chicago Bears,1768779000000,Bears,Rams,True
Matthew Stafford,LAR,Rushing Yards,30.0,1700.0,,Bovada,Los Angeles Rams @ Chicago Bears,1768779000000,Bears,Rams,True
Matthew Stafford,LAR,Rushing Yards,40.0,3300.0,,Bovada,Los Angeles Rams @ Chicago Bears,1768779000000,Bears,Rams,True
Matthew Stafford,LAR,Rushing Yards,,25000.0,,Bovada,Los Angeles Rams @ Chicago Bears,1768779000000,Bears,Rams,False
Matthew Stafford Total Rushing Yards,,Rushing Yards,0.5,130.0,-170.0,Bovada,Los Angeles Rams @ Chicago Bears,1768779000000,Bears,Rams,False
Over - 1H,CHI,Rushing Yards,17.5,-110.0,,Bovada,Los Angeles Rams @ Chicago Bears,1768779000000,Bears,Rams,False
Over - 1H,CHI,Rushing Yards,26.5,-115.0,,Bovada,Los Angeles Rams @ Chicago Bears,1768779000000,Bears,Rams,False
Over - 1H,HOU,Rushing Yards,4.5,-110.0,,Bovada,Houston Texans @ New England Patriots,1768767000000,Patriots,Texans,False
Over - 1H,HOU,Rushing Yards,26.5,-125.0,,Bovada,Houston Texans @ New England Patriots,1768767000000,Patriots,Texans,False
Over - 1H,LAR,Rushing Yards,19.5,-110.0,,Bovada,Los Angeles Rams @ Chicago Bears,1768779000000,Bears,Rams,False
Over - 1H,LAR,Rushing Yards,25.5,-115.0,,Bovada,Los Angeles Rams @ Chicago Bears,1768779000000,Bears,Rams,False
Over - 1H,NE,Rushing Yards,15.5,-115.0,,Bovada,Houston Texans @ New England Patriots,1768767000000,Patriots,Texans,False
Over - 1H,NE,Rushing Yards,15.5,-120.0,,Bovada,Houston Texans @ New England Patriots,1768767000000,Patriots,Texans,False
Over - 1H,NE,Rushing Yards,18.5,-120.0,,Bovada,Houston Texans @ New England Patriots,1768767000000,Patriots,Texans,False
Over - 1Q,CHI,Rushing Yards,6.5,-120.0,,Bovada,Los Angeles Rams @ Chicago Bears,1768779000000,Bears,Rams,False
Over - 1Q,CHI,Rushing Yards,14.5,-115.0,,Bovada,Los Angeles Rams @ Chicago Bears,1768779000000,Bears,Rams,False
Over - 1Q,HOU,Rushing Yards,0.5,145.0,,Bovada,Houston Texans @ New England Patriots,1768767000000,Patriots,Texans,False
Over - 1Q,HOU,Rushing Yards,14.5,-115.0,,Bovada,Houston Texans @ New England Patriots,1768767000000,Patriots,Texans,False
Over - 1Q,HOU,Rushing Yards,48.5,-115.0,,Bovada,Houston Texans @ New England Patriots,1768767000000,Patriots,Texans,False
Over - 1Q,LAR,Rushing Yards,7.5,-120.0,,Bovada,Los Angeles Rams @ Chicago Bears,1768779000000,Bears,Rams,False
Over - 1Q,LAR,Rushing Yards,12.5,-115.0,,Bovada,Los Angeles Rams @ Chicago Bears,1768779000000,Bears,Rams,False
Over - 1Q,NE,Rushing Yards,5.5,-120.0,,Bovada,Houston Texans @ New England Patriots,1768767000000,Patriots,Texans,False
Over - 1Q,NE,Rushing Yards,5.5,-115.0,,Bovada,Houston Texans @ New England Patriots,1768767000000,Patriots,Texans,False
Over - 1Q,NE,Rushing Yards,9.5,-120.0,,Bovada,Houston Texans @ New England Patriots,1768767000000,Patriots,Texans,False
Over - 1Q,NE,Rushing Yards,59.5,-115.0,,Bovada,Houston Texans @ New England Patriots,1768767000000,Patriots,Texans,False
Rhamondre Stevenson,NE,Rushing Yards,15.0,-1550.0,,Bovada,Houston Texans @ New England Patriots,1768767000000,Patriots,Texans,True
Rhamondre Stevenson,NE,Rushing Yards,20.0,-660.0,,Bovada,Houston Texans @ New England Patriots,1768767000000,Patriots,Texans,True
Rhamondre Stevenson,NE,Rushing Yards,25.0,-350.0,,Bovada,Houston Texans @ New England Patriots,1768767000000,Patriots,Texans,True
Rhamondre Stevenson,NE,Rushing Yards,30.0,-225.0,,Bovada,Houston Texans @ New England Patriots,1768767000000,Patriots,Texans,True
Rhamondre Stevenson,NE,Rushing Yards,39.5,-115.0,-115.0,Bovada,Houston Texans @ New England Patriots,1768767000000,Patriots,Texans,False
Rhamondre Stevenson,NE,Rushing Yards,40.0,-105.0,,Bovada,Houston Texans @ New England Patriots,1768767000000,Patriots,Texans,True
Rhamondre Stevenson,NE,Rushing Yards,50.0,180.0,,Bovada,Houston Texans @ New England Patriots,1768767000000,Patriots,Texans,True
Rhamondre Stevenson,NE,Rushing Yards,60.0,330.0,,Bovada,Houston Texans @ New England Patriots,1768767000000,Patriots,Texans,True
Rhamondre Stevenson,NE,Rushing Yards,70.0,530.0,,Bovada,Houston Texans @ New England Patriots,1768767000000,Patriots,Texans,True
Rhamondre Stevenson,NE,Rushing Yards,80.0,800.0,,Bovada,Houston Texans @ New England Patriots,1768767000000,Patriots,Texans,True
Rhamondre Stevenson,NE,Rushing Yards,90.0,1100.0,,Bovada,Houston Texans @ New England Patriots,1768767000000,Patriots,Texans,True
Rhamondre Stevenson,NE,Rushing Yards,100.0,1800.0,,Bovada,Houston Texans @ New England Patriots,1768767000000,Patriots,Texans,True
Rhamondre Stevenson,NE,Rushing Yards,110.0,2550.0,,Bovada,Houston Texans @ New England Patriots,1768767000000,Patriots,Texans,True
Rhamondre Stevenson,NE,Rushing Yards,,425.0,,Bovada,Houston Texans @ New England Patriots,1768767000000,Patriots,Texans,False
TreVeyon Henderson,NE,Rushing Yards,15.0,-1600.0,,Bovada,Houston Texans @ New England Patriots,1768767000000,Patriots,Texans,True
TreVeyon Henderson,NE,Rushing Yards,20.0,-710.0,,Bovada,Houston Texans @ New England Patriots,1768767000000,Patriots,Texans,True
TreVeyon Henderson,NE,Rushing Yards,25.0,-390.0,,Bovada,Houston Texans @ New England Patriots,1768767000000,Patriots,Texans,True
TreVeyon Henderson,NE,Rushing Yards,30.0,-260.0,,Bovada,Houston Texans @ New England Patriots,1768767000000,Patriots,Texans,True
TreVeyon Henderson,NE,Rushing Yards,35.5,-115.0,-115.0,Bovada,Houston Texans @ New England Patriots,1768767000000,Patriots,Texans,False
TreVeyon Henderson,NE,Rushing Yards,40.0,-120.0,,Bovada,Houston Texans @ New England Patriots,1768767000000,Patriots,Texans,True
TreVeyon Henderson,NE,Rushing Yards,50.0,165.0,,Bovada,Houston Texans @ New England Patriots,1768767000000,Patriots,Texans,True
TreVeyon Henderson,NE,Rushing Yards,60.0,270.0,,Bovada,Houston Texans @ New England Patriots,1768767000000,Patriots,Texans,True
TreVeyon Henderson,NE,Rushing Yards,70.0,450.0,,Bovada,Houston Texans @ New England Patriots,1768767000000,Patriots,Texans,True
TreVeyon Henderson,NE,Rushing Yards,80.0,675.0,,Bovada,Houston Texans @ New England Patriots,1768767000000,Patriots,Texans,True
TreVeyon Henderson,NE,Rushing Yards,90.0,1000.0,,Bovada,Houston Texans @ New England Patriots,1768767000000,Patriots,Texans,True
TreVeyon Henderson,NE,Rushing Yards,100.0,1350.0,,Bovada,Houston Texans @ New England Patriots,1768767000000,Patriots,Texans,True
TreVeyon Henderson,NE,Rushing Yards,110.0,2250.0,,Bovada,Houston Texans @ New England Patriots,1768767000000,Patriots,Texans,True
TreVeyon Henderson,NE,Rushing Yards,,325.0,,Bovada,Houston Texans @ New England Patriots,1768767000000,Patriots,Texans,False
Under - 1H,CHI,Rushing Yards,17.5,-120.0,,Bovada,Los Angeles Rams @ Chicago Bears,1768779000000,Bears,Rams,False
Under - 1H,CHI,Rushing Yards,26.5,-115.0,,Bovada,Los Angeles Rams @ Chicago Bears,1768779000000,Bears,Rams,False
Under - 1H,HOU,Rushing Yards,4.5,-120.0,,Bovada,Houston Texans @ New England Patriots,1768767000000,Patriots,Texans,False
Under - 1H,HOU,Rushing Yards,26.5,-105.0,,Bovada,Houston Texans @ New England Patriots,1768767000000,Patriots,Texans,False
Under - 1H,LAR,Rushing Yards,19.5,-120.0,,Bovada,Los Angeles Rams @ Chicago Bears,1768779000000,Bears,Rams,False
Under - 1H,LAR,Rushing Yards,25.5,-115.0,,Bovada,Los Angeles Rams @ Chicago Bears,1768779000000,Bears,Rams,False
Under - 1H,NE,Rushing Yards,15.5,-115.0,,Bovada,Houston Texans @ New England Patriots,1768767000000,Patriots,Texans,False
Under - 1H,NE,Rushing Yards,15.5,-110.0,,Bovada,Houston Texans @ New England Patriots,1768767000000,Patriots,Texans,False
Under - 1H,NE,Rushing Yards,18.5,-110.0,,Bovada,Houston Texans @ New England Patriots,1768767000000,Patriots,Texans,False
Under - 1Q,CHI,Rushing Yards,6.5,-110.0,,Bovada,Los Angeles Rams @ Chicago Bears,1768779000000,Bears,Rams,False
Under - 1Q,CHI,Rushing Yards,14.5,-115.0,,Bovada,Los Angeles Rams @ Chicago Bears,1768779000000,Bears,Rams,False
Under - 1Q,HOU,Rushing Yards,0.5,-190.0,,Bovada,Houston Texans @ New England Patriots,1768767000000,Patriots,Texans,False
Under - 1Q,HOU,Rushing Yards,14.5,-115.0,,Bovada,Houston Texans @ New England Patriots,1768767000000,Patriots,Texans,False
Under - 1Q,HOU,Rushing Yards,48.5,-115.0,,Bovada,Houston Texans @ New England Patriots,1768767000000,Patriots,Texans,False
Under - 1Q,LAR,Rushing Yards,7.5,-110.0,,Bovada,Los Angeles Rams @ Chicago Bears,1768779000000,Bears,Rams,False
Under - 1Q,LAR,Rushing Yards,12.5,-115.0,,Bovada,Los Angeles Rams @ Chicago Bears,1768779000000,Bears,Rams,False
Under - 1Q,NE,Rushing Yards,5.5,-110.0,,Bovada,Houston Texans @ New England Patriots,1768767000000,Patriots,Texans,False
Under - 1Q,NE,Rushing Yards,5.5,-115.0,,Bovada,Houston Texans @ New England Patriots,1768767000000,Patriots,Texans,False
Under - 1Q,NE,Rushing Yards,9.5,-110.0,,Bovada,Houston Texans @ New England Patriots,1768767000000,Patriots,Texans,False
Under - 1Q,NE,Rushing Yards,59.5,-115.0,,Bovada,Houston Texans @ New England Patriots,1768767000000,Patriots,Texans,False
Woody Marks,HOU,Rushing Yards,30.0,-1100.0,,Bovada,Houston Texans @ New England Patriots,1768767000000,Patriots,Texans,True
Woody Marks,HOU,Rushing Yards,40.0,-390.0,,Bovada,Houston Texans @ New England Patriots,1768767000000,Patriots,Texans,True
Woody Marks,HOU,Rushing Yards,50.0,-210.0,,Bovada,Houston Texans @ New England Patriots,1768767000000,Patriots,Texans,True
Woody Marks,HOU,Rushing Yards,53.5,-115.0,-115.0,Bovada,Houston Texans @ New England Patriots,1768767000000,Patriots,Texans,False
Woody Marks,HOU,Rushing Yards,60.0,-115.0,,Bovada,Houston Texans @ New England Patriots,1768767000000,Patriots,Texans,True
Woody Marks,HOU,Rushing Yards,70.0,150.0,,Bovada,Houston Texans @ New England Patriots,1768767000000,Patriots,Texans,True
Woody Marks,HOU,Rushing Yards,80.0,235.0,,Bovada,Houston Texans @ New England Patriots,1768767000000,Patriots,Texans,True
Woody Marks,HOU,Rushing Yards,90.0,360.0,,Bovada,Houston Texans @ New England Patriots,1768767000000,Patriots,Texans,True
Woody Marks,HOU,Rushing Yards,100.0,530.0,,Bovada,Houston Texans @ New England Patriots,1768767000000,Patriots,Texans,True
Woody Marks,HOU,Rushing Yards,110.0,775.0,,Bovada,Houston Texans @ New England Patriots,1768767000000,Patriots,Texans,True
Woody Marks,HOU,Rushing Yards,125.0,1150.0,,Bovada,Houston Texans @ New England Patriots,1768767000000,Patriots,Texans,True
Woody Marks,HOU,Rushing Yards,,-120.0,,Bovada,Houston Texans @ New England Patriots,1768767000000,Patriots,Texans,False
