season,week,game_id,crew_name,crew_penalty_rate,crew_dpi_rate,crew_pace_adj
2025,20,2025_20_DENVER BRONCOS_BUFFALO BILLS,LEAGUE_AVG,0.07398206240262747,0.005958145606130784,0.0
2025,20,2025_20_SEATTLE SEAHAWKS_SAN FRANCISCO 49ERS,LEAGUE_AVG,0.07398206240262747,0.005958145606130784,0.0
2025,20,2025_20_NEW ENGLAND PATRIOTS_HOUSTON TEXANS,LEAGUE_AVG,0.07398206240262747,0.005958145606130784,0.0
2025,20,2025_20_CHICAGO BEARS_LOS ANGELES RAMS,LEAGUE_AVG,0.07398206240262747,0.005958145606130784,0.0
