season,week,date,game_id,team,player,position,player_id_x,is_active,pass_attempts,pass_yards,pass_tds,interceptions,rush_attempts,rush_yards,rush_tds,targets,receptions,rec_yards,rec_tds,any_td_prob,team_plays,team_pass_attempts,team_rush_attempts,team_pass_yards,team_rush_yards,team_exp_pass_tds,team_exp_rush_tds,team_exp_int,is_active_pid,is_active_nm,_name_norm,_name_norm_loose,_alias_init_last,team_norm,player_id_y,pass_attempts_act,pass_yards_act,pass_tds_act,interceptions_act,rush_attempts_act,rush_yards_act,rush_tds_act,targets_act,receptions_act,rec_yards_act,rec_tds_act,player_act,team_act,match_strategy,pass_attempts_err,pass_yards_err,pass_tds_err,interceptions_err,rush_attempts_err,rush_yards_err,rush_tds_err,targets_err,receptions_err,rec_yards_err,rec_tds_err
2025,8,0.0,2025_08_BUF_CAR,Buffalo Bills,Josh Allen,QB,00-0034857,1.0,42.23,285.2,2.8,0.94,7.69,26.9,0.34,0.0,0.0,0.0,0.0,0.286,72.0,44.14,25.26,335.0,124.9,3.1317817928799787,1.01445046208375,1.103540506177056,1.0,1.0,josh allen,joshallen,jallen,Buffalo Bills,00-0034857,22.0,163.0,1.0,0.0,4.0,7.0,2.0,0.0,0.0,0.0,0.0,J.Allen,BUF,team_norm & _alias_init_last,20.229999999999997,122.19999999999999,1.7999999999999998,0.94,3.6900000000000004,19.9,-1.66,0.0,0.0,0.0,0.0
2025,8,0.0,2025_08_BUF_CAR,Buffalo Bills,James Cook III,RB,,1.0,0.0,0.0,0.0,0.0,11.3,59.0,0.55,4.89,2.94,29.2,0.35,0.5936,72.0,44.14,25.26,335.0,124.9,3.1317817928799787,1.01445046208375,1.103540506177056,0.0,0.0,james cook iii,jamescookiii,jcook,Buffalo Bills,00-0037248,0.0,0.0,0.0,0.0,20.0,216.0,2.0,0.0,0.0,0.0,0.0,J.Cook,BUF,team_norm & _alias_init_last,0.0,0.0,0.0,0.0,-8.7,-157.0,-1.45,4.89,2.94,29.2,0.35
2025,8,0.0,2025_08_BUF_CAR,Buffalo Bills,Ty Johnson,RB,00-0035537,1.0,0.0,0.0,0.0,0.0,6.28,27.6,0.2,3.04,1.63,13.8,0.21,0.3398,72.0,44.14,25.26,335.0,124.9,3.1317817928799787,1.01445046208375,1.103540506177056,1.0,1.0,ty johnson,tyjohnson,tjohnson,Buffalo Bills,00-0034376,0.0,0.0,0.0,0.0,4.0,6.0,0.0,0.0,0.0,0.0,0.0,Ty.Johnson,BUF,team_norm & _name_norm_loose,0.0,0.0,0.0,0.0,2.2800000000000002,21.6,0.2,3.04,1.63,13.8,0.21
2025,8,0.0,2025_08_BUF_CAR,Buffalo Bills,Ray Davis,RB,00-0039875,1.0,0.0,0.0,0.0,0.0,0.0,0.0,0.0,0.0,0.0,0.0,0.0,0.0,72.0,44.14,25.26,335.0,124.9,3.1317817928799787,1.01445046208375,1.103540506177056,1.0,1.0,ray davis,raydavis,rdavis,Buffalo Bills,00-0039875,0.0,0.0,0.0,0.0,9.0,16.0,0.0,1.0,0.0,0.0,0.0,R.Davis,BUF,team_norm & _alias_init_last,0.0,0.0,0.0,0.0,-9.0,-16.0,0.0,-1.0,0.0,0.0,0.0
2025,8,0.0,2025_08_BUF_CAR,Buffalo Bills,Dalton Kincaid,TE,00-0038933,1.0,0.0,0.0,0.0,0.0,0.0,0.0,0.0,8.19,5.3,48.2,0.52,0.4067,72.0,44.14,25.26,335.0,124.9,3.1317817928799787,1.01445046208375,1.103540506177056,1.0,1.0,dalton kincaid,daltonkincaid,dkincaid,Buffalo Bills,00-0038933,0.0,0.0,0.0,0.0,0.0,0.0,0.0,3.0,1.0,23.0,0.0,D.Kincaid,BUF,team_norm & _alias_init_last,0.0,0.0,0.0,0.0,0.0,0.0,0.0,5.1899999999999995,4.3,25.200000000000003,0.52
2025,8,0.0,2025_08_BUF_CAR,Buffalo Bills,Dawson Knox,TE,00-0035689,1.0,0.0,0.0,0.0,0.0,0.0,0.0,0.0,4.23,2.72,24.5,0.29,0.255,72.0,44.14,25.26,335.0,124.9,3.1317817928799787,1.01445046208375,1.103540506177056,1.0,1.0,dawson knox,dawsonknox,dknox,Buffalo Bills,00-0035689,0.0,0.0,0.0,0.0,0.0,0.0,0.0,1.0,1.0,15.0,0.0,D.Knox,BUF,team_norm & _alias_init_last,0.0,0.0,0.0,0.0,0.0,0.0,0.0,3.2300000000000004,1.7200000000000002,9.5,0.29
2025,8,0.0,2025_08_BUF_CAR,Buffalo Bills,Jackson Hawes,TE,00-0040194,1.0,0.0,0.0,0.0,0.0,0.0,0.0,0.0,0.0,0.0,0.0,0.0,0.0,72.0,44.14,25.26,335.0,124.9,3.1317817928799787,1.01445046208375,1.103540506177056,1.0,1.0,jackson hawes,jacksonhawes,jhawes,Buffalo Bills,00-0040194,0.0,0.0,0.0,0.0,0.0,0.0,0.0,3.0,2.0,15.0,0.0,J.Hawes,BUF,team_norm & _alias_init_last,0.0,0.0,0.0,0.0,0.0,0.0,0.0,-3.0,-2.0,-15.0,0.0
2025,8,0.0,2025_08_BUF_CAR,Buffalo Bills,Keon Coleman,WR,00-0039901,1.0,0.0,0.0,0.0,0.0,0.0,0.0,0.0,10.52,5.43,70.4,0.75,0.5253,72.0,44.14,25.26,335.0,124.9,3.1317817928799787,1.01445046208375,1.103540506177056,1.0,1.0,keon coleman,keoncoleman,kcoleman,Buffalo Bills,00-0039901,0.0,0.0,0.0,0.0,0.0,0.0,0.0,4.0,3.0,30.0,0.0,K.Coleman,BUF,team_norm & _alias_init_last,0.0,0.0,0.0,0.0,0.0,0.0,0.0,6.52,2.4299999999999997,40.400000000000006,0.75
2025,8,0.0,2025_08_BUF_CAR,Buffalo Bills,Khalil Shakir,WR,00-0037261,1.0,0.0,0.0,0.0,0.0,0.0,0.0,0.0,7.92,5.99,47.2,0.52,0.4077,72.0,44.14,25.26,335.0,124.9,3.1317817928799787,1.01445046208375,1.103540506177056,1.0,1.0,khalil shakir,khalilshakir,kshakir,Buffalo Bills,00-0037261,0.0,0.0,0.0,0.0,0.0,0.0,0.0,7.0,6.0,88.0,1.0,K.Shakir,BUF,team_norm & _alias_init_last,0.0,0.0,0.0,0.0,0.0,0.0,0.0,0.9199999999999999,-0.009999999999999787,-40.8,-0.48
2025,8,0.0,2025_08_BUF_CAR,Buffalo Bills,Joshua Palmer,WR,,1.0,0.0,0.0,0.0,0.0,0.0,0.0,0.0,5.28,3.51,59.5,0.37,0.3126,72.0,44.14,25.26,335.0,124.9,3.1317817928799787,1.01445046208375,1.103540506177056,0.0,0.0,joshua palmer,joshuapalmer,jpalmer,Buffalo Bills,00-0036988,,,,,,,,,,,,,,,,,,,,,,,,,
2025,8,0.0,2025_08_BUF_CAR,Buffalo Bills,Brandin Cooks,WR,00-0031236,1.0,0.0,0.0,0.0,0.0,0.0,0.0,0.0,0.0,0.0,0.0,0.0,0.0,72.0,44.14,25.26,335.0,124.9,3.1317817928799787,1.01445046208375,1.103540506177056,0.0,0.0,brandin cooks,brandincooks,bcooks,Buffalo Bills,00-0031236,0.0,0.0,0.0,0.0,0.0,0.0,0.0,4.0,3.0,22.0,0.0,B.Cooks,NO,_alias_init_last,0.0,0.0,0.0,0.0,0.0,0.0,0.0,-4.0,-3.0,-22.0,0.0
2025,8,0.0,2025_08_BUF_CAR,Buffalo Bills,Curtis Samuel,WR,00-0033282,1.0,0.0,0.0,0.0,0.0,0.0,0.0,0.0,0.0,0.0,0.0,0.0,0.0,72.0,44.14,25.26,335.0,124.9,3.1317817928799787,1.01445046208375,1.103540506177056,1.0,1.0,curtis samuel,curtissamuel,csamuel,Buffalo Bills,00-0033282,,,,,,,,,,,,,,,,,,,,,,,,,
2025,8,0.0,2025_08_BUF_CAR,Buffalo Bills,David White,WR,00-0039562,1.0,0.0,0.0,0.0,0.0,0.0,0.0,0.0,0.0,0.0,0.0,0.0,0.0,72.0,44.14,25.26,335.0,124.9,3.1317817928799787,1.01445046208375,1.103540506177056,1.0,1.0,david white,davidwhite,dwhite,Buffalo Bills,00-0039562,,,,,,,,,,,,,,,,,,,,,,,,,
2025,8,0.0,2025_08_BUF_CAR,Buffalo Bills,Tyrell Shavers,WR,00-0038679,1.0,0.0,0.0,0.0,0.0,0.0,0.0,0.0,0.0,0.0,0.0,0.0,0.0,72.0,44.14,25.26,335.0,124.9,3.1317817928799787,1.01445046208375,1.103540506177056,1.0,1.0,tyrell shavers,tyrellshavers,tshavers,Buffalo Bills,00-0038679,0.0,0.0,0.0,0.0,0.0,0.0,0.0,1.0,0.0,0.0,0.0,T.Shavers,BUF,team_norm & _alias_init_last,0.0,0.0,0.0,0.0,0.0,0.0,0.0,-1.0,0.0,0.0,0.0
2025,8,0.0,2025_08_BUF_CAR,Carolina Panthers,Bryce Young,QB,00-0039150,1.0,36.88,193.7,1.17,0.77,5.82,17.0,0.1,0.0,0.0,0.0,0.0,0.0912,72.0,36.19,33.39,203.0,122.0,1.1607758303273927,0.55317406829272,0.9047542143916149,0.0,0.0,bryce young,bryceyoung,byoung,Carolina Panthers,00-0039150,,,,,,,,,,,,,,,,,,,,,,,,,
2025,8,0.0,2025_08_BUF_CAR,Carolina Panthers,Chuba Hubbard,RB,00-0036555,1.0,0.0,0.0,0.0,0.0,17.73,54.7,0.36,4.06,2.57,12.2,0.13,0.3848,72.0,36.19,33.39,203.0,122.0,1.1607758303273927,0.55317406829272,0.9047542143916149,1.0,1.0,chuba hubbard,chubahubbard,chubbard,Carolina Panthers,00-0036555,0.0,0.0,0.0,0.0,12.0,34.0,1.0,1.0,0.0,0.0,0.0,C.Hubbard,CAR,team_norm & _alias_init_last,0.0,0.0,0.0,0.0,5.73,20.700000000000003,-0.64,3.0599999999999996,2.57,12.2,0.13
2025,8,0.0,2025_08_BUF_CAR,Carolina Panthers,Rico Dowdle,RB,00-0036139,1.0,0.0,0.0,0.0,0.0,9.85,29.0,0.12,2.53,1.63,7.7,0.08,0.187,72.0,36.19,33.39,203.0,122.0,1.1607758303273927,0.55317406829272,0.9047542143916149,1.0,1.0,rico dowdle,ricodowdle,rdowdle,Carolina Panthers,00-0036139,0.0,0.0,0.0,0.0,8.0,54.0,0.0,0.0,0.0,0.0,0.0,R.Dowdle,CAR,team_norm & _alias_init_last,0.0,0.0,0.0,0.0,1.8499999999999996,-25.0,0.12,2.53,1.63,7.7,0.08
2025,8,0.0,2025_08_BUF_CAR,Carolina Panthers,Trevor Etienne,RB,00-0040644,1.0,0.0,0.0,0.0,0.0,0.0,0.0,0.0,0.0,0.0,0.0,0.0,0.0,72.0,36.19,33.39,203.0,122.0,1.1607758303273927,0.55317406829272,0.9047542143916149,1.0,1.0,trevor etienne,trevoretienne,tetienne,Carolina Panthers,00-0040644,0.0,0.0,0.0,0.0,4.0,16.0,0.0,0.0,0.0,0.0,0.0,T.Etienne,CAR,team_norm & _alias_init_last,0.0,0.0,0.0,0.0,-4.0,-16.0,0.0,0.0,0.0,0.0,0.0
2025,8,0.0,2025_08_BUF_CAR,Carolina Panthers,Ja'Tavion Sanders,TE,00-0039356,1.0,0.0,0.0,0.0,0.0,0.0,0.0,0.0,6.3,4.3,29.0,0.19,0.177,72.0,36.19,33.39,203.0,122.0,1.1607758303273927,0.55317406829272,0.9047542143916149,1.0,1.0,ja'tavion sanders,jatavionsanders,jsanders,Carolina Panthers,00-0039356,0.0,0.0,0.0,0.0,0.0,0.0,0.0,3.0,3.0,19.0,0.0,J.Sanders,CAR,team_norm & _alias_init_last,0.0,0.0,0.0,0.0,0.0,0.0,0.0,3.3,1.2999999999999998,10.0,0.19
2025,8,0.0,2025_08_BUF_CAR,Carolina Panthers,Tommy Tremble,TE,00-0037005,1.0,0.0,0.0,0.0,0.0,0.0,0.0,0.0,3.26,2.06,13.5,0.1,0.0923,72.0,36.19,33.39,203.0,122.0,1.1607758303273927,0.55317406829272,0.9047542143916149,1.0,1.0,tommy tremble,tommytremble,ttremble,Carolina Panthers,00-0037005,0.0,0.0,0.0,0.0,0.0,0.0,0.0,1.0,1.0,4.0,0.0,T.Tremble,CAR,team_norm & _alias_init_last,0.0,0.0,0.0,0.0,0.0,0.0,0.0,2.26,1.06,9.5,0.1
2025,8,0.0,2025_08_BUF_CAR,Carolina Panthers,Dominique Dafney,TE,00-0036456,1.0,0.0,0.0,0.0,0.0,0.0,0.0,0.0,0.0,0.0,0.0,0.0,0.0,72.0,36.19,33.39,203.0,122.0,1.1607758303273927,0.55317406829272,0.9047542143916149,0.0,0.0,dominique dafney,dominiquedafney,ddafney,Carolina Panthers,00-0036456,,,,,,,,,,,,,,,,,,,,,,,,,
2025,8,0.0,2025_08_BUF_CAR,Carolina Panthers,Mitchell Evans,TE,00-0040187,1.0,0.0,0.0,0.0,0.0,0.0,0.0,0.0,0.0,0.0,0.0,0.0,0.0,72.0,36.19,33.39,203.0,122.0,1.1607758303273927,0.55317406829272,0.9047542143916149,1.0,1.0,mitchell evans,mitchellevans,mevans,Carolina Panthers,00-0040187,,,,,,,,,,,,,,,,,,,,,,,,,
2025,8,0.0,2025_08_BUF_CAR,Carolina Panthers,Tetairoa McMillan,WR,00-0040124,1.0,0.0,0.0,0.0,0.0,0.0,0.0,0.0,8.89,5.24,47.6,0.27,0.2358,72.0,36.19,33.39,203.0,122.0,1.1607758303273927,0.55317406829272,0.9047542143916149,1.0,1.0,tetairoa mcmillan,tetairoamcmillan,tmcmillan,Carolina Panthers,00-0040124,0.0,0.0,0.0,0.0,0.0,0.0,0.0,10.0,7.0,99.0,0.0,T.McMillan,CAR,team_norm & _alias_init_last,0.0,0.0,0.0,0.0,0.0,0.0,0.0,-1.1099999999999994,-1.7599999999999998,-51.4,0.27
2025,8,0.0,2025_08_BUF_CAR,Carolina Panthers,Xavier Legette,WR,00-0039342,1.0,0.0,0.0,0.0,0.0,0.0,0.0,0.0,6.69,3.77,33.4,0.21,0.1911,72.0,36.19,33.39,203.0,122.0,1.1607758303273927,0.55317406829272,0.9047542143916149,1.0,1.0,xavier legette,xavierlegette,xlegette,Carolina Panthers,00-0039342,0.0,0.0,0.0,0.0,0.0,0.0,0.0,3.0,2.0,17.0,0.0,X.Legette,CAR,team_norm & _alias_init_last,0.0,0.0,0.0,0.0,0.0,0.0,0.0,3.6900000000000004,1.77,16.4,0.21
2025,8,0.0,2025_08_BUF_CAR,Carolina Panthers,Jalen Coker,WR,00-0039491,1.0,0.0,0.0,0.0,0.0,0.0,0.0,0.0,4.46,3.12,23.0,0.14,0.1277,72.0,36.19,33.39,203.0,122.0,1.1607758303273927,0.55317406829272,0.9047542143916149,1.0,1.0,jalen coker,jalencoker,jcoker,Carolina Panthers,00-0039491,0.0,0.0,0.0,0.0,0.0,0.0,0.0,4.0,3.0,36.0,0.0,J.Coker,CAR,team_norm & _alias_init_last,0.0,0.0,0.0,0.0,0.0,0.0,0.0,0.45999999999999996,0.1200000000000001,-13.0,0.14
2025,8,0.0,2025_08_BUF_CAR,Carolina Panthers,Brycen Tremayne,WR,00-0038840,1.0,0.0,0.0,0.0,0.0,0.0,0.0,0.0,0.0,0.0,0.0,0.0,0.0,72.0,36.19,33.39,203.0,122.0,1.1607758303273927,0.55317406829272,0.9047542143916149,1.0,1.0,brycen tremayne,brycentremayne,btremayne,Carolina Panthers,00-0038840,0.0,0.0,0.0,0.0,0.0,0.0,0.0,1.0,0.0,0.0,0.0,B.Tremayne,CAR,team_norm & _alias_init_last,0.0,0.0,0.0,0.0,0.0,0.0,0.0,-1.0,0.0,0.0,0.0
2025,8,0.0,2025_08_BUF_CAR,Carolina Panthers,Jimmy Horn Jr.,WR,00-0040218,1.0,0.0,0.0,0.0,0.0,0.0,0.0,0.0,0.0,0.0,0.0,0.0,0.0,72.0,36.19,33.39,203.0,122.0,1.1607758303273927,0.55317406829272,0.9047542143916149,1.0,1.0,jimmy horn jr.,jimmyhornjr,jhorn,Carolina Panthers,00-0036944,0.0,0.0,0.0,0.0,2.0,9.0,0.0,1.0,0.0,0.0,0.0,Ji.Horn,CAR,team_norm & _alias_init_last,0.0,0.0,0.0,0.0,-2.0,-9.0,0.0,-1.0,0.0,0.0,0.0
2025,8,0.0,2025_08_CHI_BAL,Baltimore Ravens,Lamar Jackson,QB,00-0034796,1.0,35.13,213.2,2.27,0.75,11.22,31.5,0.31,0.0,0.0,0.0,0.0,0.2663,72.0,35.47,33.66,219.7,135.9,2.344558832205288,1.0813748835043515,0.8867482640463833,0.0,0.0,lamar jackson,lamarjackson,ljackson,Baltimore Ravens,00-0034796,,,,,,,,,,,,,,,,,,,,,,,,,
2025,8,0.0,2025_08_CHI_BAL,Baltimore Ravens,Derrick Henry,RB,00-0032764,1.0,0.0,0.0,0.0,0.0,14.43,46.8,0.61,3.87,2.37,14.1,0.26,0.5804,72.0,35.47,33.66,219.7,135.9,2.344558832205288,1.0813748835043515,0.8867482640463833,1.0,1.0,derrick henry,derrickhenry,dhenry,Baltimore Ravens,00-0032764,0.0,0.0,0.0,0.0,21.0,71.0,2.0,1.0,0.0,0.0,0.0,D.Henry,BAL,team_norm & _alias_init_last,0.0,0.0,0.0,0.0,-6.57,-24.200000000000003,-1.3900000000000001,2.87,2.37,14.1,0.26
2025,8,0.0,2025_08_CHI_BAL,Baltimore Ravens,Justice Hill,RB,00-0034975,1.0,0.0,0.0,0.0,0.0,8.01,27.1,0.22,2.41,1.51,8.3,0.16,0.3145,72.0,35.47,33.66,219.7,135.9,2.344558832205288,1.0813748835043515,0.8867482640463833,1.0,1.0,justice hill,justicehill,jhill,Baltimore Ravens,00-0034975,0.0,0.0,0.0,0.0,1.0,2.0,0.0,0.0,0.0,0.0,0.0,J.Hill,BAL,team_norm & _alias_init_last,0.0,0.0,0.0,0.0,7.01,25.1,0.22,2.41,1.51,8.3,0.16
2025,8,0.0,2025_08_CHI_BAL,Baltimore Ravens,Keaton Mitchell,RB,00-0038454,1.0,0.0,0.0,0.0,0.0,0.0,0.0,0.0,0.0,0.0,0.0,0.0,0.0,72.0,35.47,33.66,219.7,135.9,2.344558832205288,1.0813748835043515,0.8867482640463833,1.0,1.0,keaton mitchell,keatonmitchell,kmitchell,Baltimore Ravens,00-0038454,0.0,0.0,0.0,0.0,5.0,43.0,0.0,0.0,0.0,0.0,0.0,K.Mitchell,BAL,team_norm & _alias_init_last,0.0,0.0,0.0,0.0,-5.0,-43.0,0.0,0.0,0.0,0.0,0.0
2025,8,0.0,2025_08_CHI_BAL,Baltimore Ravens,Rasheen Ali,RB,00-0039796,1.0,0.0,0.0,0.0,0.0,0.0,0.0,0.0,0.0,0.0,0.0,0.0,0.0,72.0,35.47,33.66,219.7,135.9,2.344558832205288,1.0813748835043515,0.8867482640463833,1.0,1.0,rasheen ali,rasheenali,rali,Baltimore Ravens,00-0039796,,,,,,,,,,,,,,,,,,,,,,,,,
2025,8,0.0,2025_08_CHI_BAL,Baltimore Ravens,Mark Andrews,TE,00-0034753,1.0,0.0,0.0,0.0,0.0,0.0,0.0,0.0,6.65,4.09,29.0,0.42,0.3442,72.0,35.47,33.66,219.7,135.9,2.344558832205288,1.0813748835043515,0.8867482640463833,1.0,1.0,mark andrews,markandrews,mandrews,Baltimore Ravens,00-0034753,0.0,0.0,0.0,0.0,0.0,0.0,0.0,4.0,3.0,34.0,0.0,M.Andrews,BAL,team_norm & _alias_init_last,0.0,0.0,0.0,0.0,0.0,0.0,0.0,2.6500000000000004,1.0899999999999999,-5.0,0.42
2025,8,0.0,2025_08_CHI_BAL,Baltimore Ravens,Isaiah Likely,TE,00-0037838,1.0,0.0,0.0,0.0,0.0,0.0,0.0,0.0,3.44,2.2,15.3,0.22,0.194,72.0,35.47,33.66,219.7,135.9,2.344558832205288,1.0813748835043515,0.8867482640463833,1.0,1.0,isaiah likely,isaiahlikely,ilikely,Baltimore Ravens,00-0037838,0.0,0.0,0.0,0.0,0.0,0.0,0.0,2.0,2.0,8.0,0.0,I.Likely,BAL,team_norm & _alias_init_last,0.0,0.0,0.0,0.0,0.0,0.0,0.0,1.44,0.20000000000000018,7.300000000000001,0.22
2025,8,0.0,2025_08_CHI_BAL,Baltimore Ravens,Baylor Cupp,TE,00-0039316,1.0,0.0,0.0,0.0,0.0,0.0,0.0,0.0,0.0,0.0,0.0,0.0,0.0,72.0,35.47,33.66,219.7,135.9,2.344558832205288,1.0813748835043515,0.8867482640463833,0.0,0.0,baylor cupp,baylorcupp,bcupp,Baltimore Ravens,00-0039316,,,,,,,,,,,,,,,,,,,,,,,,,
2025,8,0.0,2025_08_CHI_BAL,Baltimore Ravens,Charlie Kolar,TE,00-0038046,1.0,0.0,0.0,0.0,0.0,0.0,0.0,0.0,0.0,0.0,0.0,0.0,0.0,72.0,35.47,33.66,219.7,135.9,2.344558832205288,1.0813748835043515,0.8867482640463833,1.0,1.0,charlie kolar,charliekolar,ckolar,Baltimore Ravens,00-0038046,0.0,0.0,0.0,0.0,0.0,0.0,0.0,1.0,1.0,10.0,1.0,C.Kolar,BAL,team_norm & _alias_init_last,0.0,0.0,0.0,0.0,0.0,0.0,0.0,-1.0,-1.0,-10.0,-1.0
2025,8,0.0,2025_08_CHI_BAL,Baltimore Ravens,Zay Flowers,WR,00-0039064,1.0,0.0,0.0,0.0,0.0,0.0,0.0,0.0,8.36,5.96,46.7,0.51,0.3976,72.0,35.47,33.66,219.7,135.9,2.344558832205288,1.0813748835043515,0.8867482640463833,1.0,1.0,zay flowers,zayflowers,zflowers,Baltimore Ravens,,0.0,0.0,0.0,0.0,1.0,8.0,0.0,10.0,7.0,63.0,0.0,Z.Flowers,BAL,team_norm & _alias_init_last,0.0,0.0,0.0,0.0,-1.0,-8.0,0.0,-1.6400000000000006,-1.04,-16.299999999999997,0.51
2025,8,0.0,2025_08_CHI_BAL,Baltimore Ravens,Rashod Bateman,WR,00-0036550,1.0,0.0,0.0,0.0,0.0,0.0,0.0,0.0,6.29,3.89,35.2,0.39,0.3235,72.0,35.47,33.66,219.7,135.9,2.344558832205288,1.0813748835043515,0.8867482640463833,1.0,1.0,rashod bateman,rashodbateman,rbateman,Baltimore Ravens,00-0036550,0.0,0.0,0.0,0.0,0.0,0.0,0.0,4.0,2.0,51.0,0.0,R.Bateman,BAL,team_norm & _alias_init_last,0.0,0.0,0.0,0.0,0.0,0.0,0.0,2.29,1.8900000000000001,-15.799999999999997,0.39
2025,8,0.0,2025_08_CHI_BAL,Baltimore Ravens,DeAndre Hopkins,WR,00-0030564,1.0,0.0,0.0,0.0,0.0,0.0,0.0,0.0,4.2,2.59,21.5,0.26,0.2263,72.0,35.47,33.66,219.7,135.9,2.344558832205288,1.0813748835043515,0.8867482640463833,1.0,1.0,deandre hopkins,deandrehopkins,dhopkins,Baltimore Ravens,00-0030564,0.0,0.0,0.0,0.0,0.0,0.0,0.0,1.0,1.0,14.0,0.0,D.Hopkins,BAL,team_norm & _alias_init_last,0.0,0.0,0.0,0.0,0.0,0.0,0.0,3.2,1.5899999999999999,7.5,0.26
2025,8,0.0,2025_08_CHI_BAL,Baltimore Ravens,Anthony Miller,WR,00-0034353,1.0,0.0,0.0,0.0,0.0,0.0,0.0,0.0,0.0,0.0,0.0,0.0,0.0,72.0,35.47,33.66,219.7,135.9,2.344558832205288,1.0813748835043515,0.8867482640463833,0.0,0.0,anthony miller,anthonymiller,amiller,Baltimore Ravens,00-0034353,,,,,,,,,,,,,,,,,,,,,,,,,
2025,8,0.0,2025_08_CHI_BAL,Baltimore Ravens,LaJohntay Wester,WR,00-0040075,1.0,0.0,0.0,0.0,0.0,0.0,0.0,0.0,0.0,0.0,0.0,0.0,0.0,72.0,35.47,33.66,219.7,135.9,2.344558832205288,1.0813748835043515,0.8867482640463833,1.0,1.0,lajohntay wester,lajohntaywester,lwester,Baltimore Ravens,00-0040075,,,,,,,,,,,,,,,,,,,,,,,,,
2025,8,0.0,2025_08_CHI_BAL,Baltimore Ravens,Tylan Wallace,WR,00-0036630,1.0,0.0,0.0,0.0,0.0,0.0,0.0,0.0,0.0,0.0,0.0,0.0,0.0,72.0,35.47,33.66,219.7,135.9,2.344558832205288,1.0813748835043515,0.8867482640463833,1.0,1.0,tylan wallace,tylanwallace,twallace,Baltimore Ravens,00-0036630,0.0,0.0,0.0,0.0,0.0,0.0,0.0,1.0,1.0,6.0,0.0,T.Wallace,BAL,team_norm & _alias_init_last,0.0,0.0,0.0,0.0,0.0,0.0,0.0,-1.0,-1.0,-6.0,0.0
2025,8,0.0,2025_08_CHI_BAL,Chicago Bears,Caleb Williams,QB,00-0039918,1.0,34.71,221.0,1.02,0.65,9.76,37.7,0.15,0.0,0.0,0.0,0.0,0.1435,72.0,30.75,39.6,233.4,195.8,0.8615831428387473,0.5946684131912865,0.7686633746335745,1.0,1.0,caleb williams,calebwilliams,cwilliams,Chicago Bears,00-0035857,42.0,285.0,0.0,1.0,1.0,0.0,0.0,0.0,0.0,0.0,0.0,C.Williams,CHI,team_norm & _alias_init_last,-7.289999999999999,-64.0,1.02,-0.35,8.76,37.7,0.15,0.0,0.0,0.0,0.0
2025,8,0.0,2025_08_CHI_BAL,Chicago Bears,D'Andre Swift,RB,00-0036275,1.0,0.0,0.0,0.0,0.0,19.18,80.5,0.35,3.37,2.07,15.0,0.09,0.3584,72.0,30.75,39.6,233.4,195.8,0.8615831428387473,0.5946684131912865,0.7686633746335745,1.0,1.0,d'andre swift,dandreswift,dswift,Chicago Bears,00-0036275,0.0,0.0,0.0,0.0,11.0,45.0,1.0,2.0,2.0,26.0,0.0,D.Swift,CHI,team_norm & _alias_init_last,0.0,0.0,0.0,0.0,8.18,35.5,-0.65,1.37,0.06999999999999984,-11.0,0.09
2025,8,0.0,2025_08_CHI_BAL,Chicago Bears,Kyle Monangai,RB,00-0040236,1.0,0.0,0.0,0.0,0.0,10.66,43.9,0.13,2.1,1.09,10.4,0.06,0.1711,72.0,30.75,39.6,233.4,195.8,0.8615831428387473,0.5946684131912865,0.7686633746335745,1.0,1.0,kyle monangai,kylemonangai,kmonangai,Chicago Bears,00-0040236,0.0,0.0,0.0,0.0,7.0,24.0,0.0,0.0,0.0,0.0,0.0,K.Monangai,CHI,team_norm & _alias_init_last,0.0,0.0,0.0,0.0,3.66,19.9,0.13,2.1,1.09,10.4,0.06
2025,8,0.0,2025_08_CHI_BAL,Chicago Bears,Travis Homer,RB,00-0035594,1.0,0.0,0.0,0.0,0.0,0.0,0.0,0.0,0.0,0.0,0.0,0.0,0.0,72.0,30.75,39.6,233.4,195.8,0.8615831428387473,0.5946684131912865,0.7686633746335745,1.0,1.0,travis homer,travishomer,thomer,Chicago Bears,00-0035594,,,,,,,,,,,,,,,,,,,,,,,,,
2025,8,0.0,2025_08_CHI_BAL,Chicago Bears,Cole Kmet,TE,00-0036290,1.0,0.0,0.0,0.0,0.0,0.0,0.0,0.0,5.58,3.89,34.2,0.15,0.1359,72.0,30.75,39.6,233.4,195.8,0.8615831428387473,0.5946684131912865,0.7686633746335745,0.0,0.0,cole kmet,colekmet,ckmet,Chicago Bears,00-0036290,,,,,,,,,,,,,,,,,,,,,,,,,
2025,8,0.0,2025_08_CHI_BAL,Chicago Bears,Colston Loveland,TE,00-0040126,1.0,0.0,0.0,0.0,0.0,0.0,0.0,0.0,2.89,1.85,18.5,0.08,0.0741,72.0,30.75,39.6,233.4,195.8,0.8615831428387473,0.5946684131912865,0.7686633746335745,1.0,1.0,colston loveland,colstonloveland,cloveland,Chicago Bears,00-0040126,0.0,0.0,0.0,0.0,0.0,0.0,0.0,5.0,3.0,38.0,0.0,C.Loveland,CHI,team_norm & _alias_init_last,0.0,0.0,0.0,0.0,0.0,0.0,0.0,-2.11,-1.15,-19.5,0.08
2025,8,0.0,2025_08_CHI_BAL,Chicago Bears,Durham Smythe,TE,00-0034798,1.0,0.0,0.0,0.0,0.0,0.0,0.0,0.0,0.0,0.0,0.0,0.0,0.0,72.0,30.75,39.6,233.4,195.8,0.8615831428387473,0.5946684131912865,0.7686633746335745,1.0,1.0,durham smythe,durhamsmythe,dsmythe,Chicago Bears,00-0034798,,,,,,,,,,,,,,,,,,,,,,,,,
2025,8,0.0,2025_08_CHI_BAL,Chicago Bears,Stephen Carlson,TE,00-0035039,1.0,0.0,0.0,0.0,0.0,0.0,0.0,0.0,0.0,0.0,0.0,0.0,0.0,72.0,30.75,39.6,233.4,195.8,0.8615831428387473,0.5946684131912865,0.7686633746335745,1.0,1.0,stephen carlson,stephencarlson,scarlson,Chicago Bears,00-0035039,,,,,,,,,,,,,,,,,,,,,,,,,
2025,8,0.0,2025_08_CHI_BAL,Chicago Bears,Rome Odunze,WR,00-0039919,1.0,0.0,0.0,0.0,0.0,0.0,0.0,0.0,7.46,3.94,50.0,0.2,0.1832,72.0,30.75,39.6,233.4,195.8,0.8615831428387473,0.5946684131912865,0.7686633746335745,1.0,1.0,rome odunze,romeodunze,rodunze,Chicago Bears,00-0039919,0.0,0.0,0.0,0.0,0.0,0.0,0.0,11.0,7.0,114.0,0.0,R.Odunze,CHI,team_norm & _alias_init_last,0.0,0.0,0.0,0.0,0.0,0.0,0.0,-3.54,-3.06,-64.0,0.2
2025,8,0.0,2025_08_CHI_BAL,Chicago Bears,DJ Moore,WR,00-0034827,1.0,0.0,0.0,0.0,0.0,0.0,0.0,0.0,5.62,3.53,32.7,0.15,0.1352,72.0,30.75,39.6,233.4,195.8,0.8615831428387473,0.5946684131912865,0.7686633746335745,1.0,1.0,dj moore,djmoore,dmoore,Chicago Bears,00-0034827,0.0,0.0,0.0,0.0,2.0,3.0,0.0,7.0,4.0,73.0,0.0,D.Moore,CHI,team_norm & _alias_init_last,0.0,0.0,0.0,0.0,-2.0,-3.0,0.0,-1.38,-0.4700000000000002,-40.3,0.15
2025,8,0.0,2025_08_CHI_BAL,Chicago Bears,Olamide Zaccheaus,WR,00-0035208,1.0,0.0,0.0,0.0,0.0,0.0,0.0,0.0,3.74,2.34,22.1,0.1,0.0958,72.0,30.75,39.6,233.4,195.8,0.8615831428387473,0.5946684131912865,0.7686633746335745,1.0,1.0,olamide zaccheaus,olamidezaccheaus,ozaccheaus,Chicago Bears,00-0035208,0.0,0.0,0.0,0.0,0.0,0.0,0.0,7.0,7.0,33.0,0.0,O.Zaccheaus,CHI,team_norm & _alias_init_last,0.0,0.0,0.0,0.0,0.0,0.0,0.0,-3.26,-4.66,-10.899999999999999,0.1
2025,8,0.0,2025_08_CHI_BAL,Chicago Bears,Devin Duvernay,WR,00-0036331,1.0,0.0,0.0,0.0,0.0,0.0,0.0,0.0,0.0,0.0,0.0,0.0,0.0,72.0,30.75,39.6,233.4,195.8,0.8615831428387473,0.5946684131912865,0.7686633746335745,1.0,1.0,devin duvernay,devinduvernay,dduvernay,Chicago Bears,00-0036331,0.0,0.0,0.0,0.0,0.0,0.0,0.0,3.0,1.0,2.0,0.0,D.Duvernay,CHI,team_norm & _alias_init_last,0.0,0.0,0.0,0.0,0.0,0.0,0.0,-3.0,-1.0,-2.0,0.0
2025,8,0.0,2025_08_CHI_BAL,Chicago Bears,Jahdae Walker,WR,00-0040277,1.0,0.0,0.0,0.0,0.0,0.0,0.0,0.0,0.0,0.0,0.0,0.0,0.0,72.0,30.75,39.6,233.4,195.8,0.8615831428387473,0.5946684131912865,0.7686633746335745,1.0,1.0,jahdae walker,jahdaewalker,jwalker,Chicago Bears,00-0040277,,,,,,,,,,,,,,,,,,,,,,,,,
2025,8,0.0,2025_08_CHI_BAL,Chicago Bears,Luther Burden III,WR,00-0040735,1.0,0.0,0.0,0.0,0.0,0.0,0.0,0.0,0.0,0.0,0.0,0.0,0.0,72.0,30.75,39.6,233.4,195.8,0.8615831428387473,0.5946684131912865,0.7686633746335745,1.0,1.0,luther burden iii,lutherburdeniii,lburden,Chicago Bears,00-0040735,0.0,0.0,0.0,0.0,0.0,0.0,0.0,1.0,1.0,-1.0,0.0,L.Burden,CHI,team_norm & _alias_init_last,0.0,0.0,0.0,0.0,0.0,0.0,0.0,-1.0,-1.0,1.0,0.0
2025,8,0.0,2025_08_CLE_NE,Cleveland Browns,Dillon Gabriel,QB,00-0040704,1.0,32.64,224.1,1.27,0.66,1.01,4.2,0.02,0.0,0.0,0.0,0.0,0.018,72.0,31.18,38.57,236.6,190.7,1.2311597120834572,0.7490582105901631,0.7794740665527295,1.0,1.0,dillon gabriel,dillongabriel,dgabriel,Cleveland Browns,00-0040704,39.0,156.0,2.0,2.0,0.0,0.0,0.0,0.0,0.0,0.0,0.0,D.Gabriel,CLE,team_norm & _alias_init_last,-6.359999999999999,68.1,-0.73,-1.3399999999999999,1.01,4.2,0.02,0.0,0.0,0.0,0.0
2025,8,0.0,2025_08_CLE_NE,Cleveland Browns,Quinshon Judkins,RB,00-0040784,1.0,0.0,0.0,0.0,0.0,24.15,100.3,0.55,3.49,2.09,18.8,0.13,0.4938,72.0,31.18,38.57,236.6,190.7,1.2311597120834572,0.7490582105901631,0.7794740665527295,1.0,1.0,quinshon judkins,quinshonjudkins,qjudkins,Cleveland Browns,00-0040784,0.0,0.0,0.0,0.0,9.0,19.0,0.0,3.0,3.0,-2.0,0.0,Q.Judkins,CLE,team_norm & _alias_init_last,0.0,0.0,0.0,0.0,15.149999999999999,81.3,0.55,0.4900000000000002,-0.9100000000000001,20.8,0.13
2025,8,0.0,2025_08_CLE_NE,Cleveland Browns,Dylan Sampson,RB,00-0040162,1.0,0.0,0.0,0.0,0.0,13.42,60.0,0.19,2.17,1.4,10.7,0.09,0.2426,72.0,31.18,38.57,236.6,190.7,1.2311597120834572,0.7490582105901631,0.7794740665527295,1.0,1.0,dylan sampson,dylansampson,dsampson,Cleveland Browns,00-0040162,0.0,0.0,0.0,0.0,3.0,0.0,0.0,6.0,5.0,29.0,0.0,D.Sampson,CLE,team_norm & _alias_init_last,0.0,0.0,0.0,0.0,10.42,60.0,0.19,-3.83,-3.6,-18.3,0.09
2025,8,0.0,2025_08_CLE_NE,Cleveland Browns,Jerome Ford,RB,00-0037267,1.0,0.0,0.0,0.0,0.0,0.0,0.0,0.0,0.0,0.0,0.0,0.0,0.0,72.0,31.18,38.57,236.6,190.7,1.2311597120834572,0.7490582105901631,0.7794740665527295,1.0,1.0,jerome ford,jeromeford,jford,Cleveland Browns,00-0037267,0.0,0.0,0.0,0.0,0.0,0.0,0.0,2.0,1.0,-1.0,0.0,J.Ford,CLE,team_norm & _alias_init_last,0.0,0.0,0.0,0.0,0.0,0.0,0.0,-2.0,-1.0,1.0,0.0
2025,8,0.0,2025_08_CLE_NE,Cleveland Browns,David Njoku,TE,00-0033885,1.0,0.0,0.0,0.0,0.0,0.0,0.0,0.0,5.68,3.4,32.6,0.21,0.1896,72.0,31.18,38.57,236.6,190.7,1.2311597120834572,0.7490582105901631,0.7794740665527295,1.0,1.0,david njoku,davidnjoku,dnjoku,Cleveland Browns,00-0033885,0.0,0.0,0.0,0.0,0.0,0.0,0.0,5.0,4.0,37.0,1.0,D.Njoku,CLE,team_norm & _alias_init_last,0.0,0.0,0.0,0.0,0.0,0.0,0.0,0.6799999999999997,-0.6000000000000001,-4.399999999999999,-0.79
2025,8,0.0,2025_08_CLE_NE,Cleveland Browns,Harold Fannin Jr.,TE,00-0040663,1.0,0.0,0.0,0.0,0.0,0.0,0.0,0.0,2.94,1.74,17.5,0.1,0.0985,72.0,31.18,38.57,236.6,190.7,1.2311597120834572,0.7490582105901631,0.7794740665527295,1.0,1.0,harold fannin jr.,haroldfanninjr,hfannin,Cleveland Browns,00-0040663,0.0,0.0,0.0,0.0,1.0,2.0,0.0,9.0,6.0,62.0,1.0,H.Fannin,CLE,team_norm & _alias_init_last,0.0,0.0,0.0,0.0,-1.0,-2.0,0.0,-6.0600000000000005,-4.26,-44.5,-0.9
2025,8,0.0,2025_08_CLE_NE,Cleveland Browns,Blake Whiteheart,TE,00-0038710,1.0,0.0,0.0,0.0,0.0,0.0,0.0,0.0,0.0,0.0,0.0,0.0,0.0,72.0,31.18,38.57,236.6,190.7,1.2311597120834572,0.7490582105901631,0.7794740665527295,1.0,1.0,blake whiteheart,blakewhiteheart,bwhiteheart,Cleveland Browns,00-0038710,,,,,,,,,,,,,,,,,,,,,,,,,
2025,8,0.0,2025_08_CLE_NE,Cleveland Browns,Brenden Bates,TE,00-0039458,1.0,0.0,0.0,0.0,0.0,0.0,0.0,0.0,0.0,0.0,0.0,0.0,0.0,72.0,31.18,38.57,236.6,190.7,1.2311597120834572,0.7490582105901631,0.7794740665527295,0.0,0.0,brenden bates,brendenbates,bbates,Cleveland Browns,00-0039458,,,,,,,,,,,,,,,,,,,,,,,,,
2025,8,0.0,2025_08_CLE_NE,Cleveland Browns,Caden Prieskorn,TE,00-0040392,1.0,0.0,0.0,0.0,0.0,0.0,0.0,0.0,0.0,0.0,0.0,0.0,0.0,72.0,31.18,38.57,236.6,190.7,1.2311597120834572,0.7490582105901631,0.7794740665527295,0.0,0.0,caden prieskorn,cadenprieskorn,cprieskorn,Cleveland Browns,00-0040392,,,,,,,,,,,,,,,,,,,,,,,,,
2025,8,0.0,2025_08_CLE_NE,Cleveland Browns,Jerry Jeudy,WR,00-0036407,1.0,0.0,0.0,0.0,0.0,0.0,0.0,0.0,7.35,4.51,49.6,0.27,0.2346,72.0,31.18,38.57,236.6,190.7,1.2311597120834572,0.7490582105901631,0.7794740665527295,1.0,1.0,jerry jeudy,jerryjeudy,jjeudy,Cleveland Browns,00-0036407,0.0,0.0,0.0,0.0,0.0,0.0,0.0,2.0,0.0,0.0,0.0,J.Jeudy,CLE,team_norm & _alias_init_last,0.0,0.0,0.0,0.0,0.0,0.0,0.0,5.35,4.51,49.6,0.27
2025,8,0.0,2025_08_CLE_NE,Cleveland Browns,Isaiah Bond,WR,00-0040782,1.0,0.0,0.0,0.0,0.0,0.0,0.0,0.0,5.53,2.79,46.6,0.21,0.1864,72.0,31.18,38.57,236.6,190.7,1.2311597120834572,0.7490582105901631,0.7794740665527295,1.0,1.0,isaiah bond,isaiahbond,ibond,Cleveland Browns,00-0040782,0.0,0.0,0.0,0.0,0.0,0.0,0.0,5.0,0.0,0.0,0.0,I.Bond,CLE,team_norm & _alias_init_last,0.0,0.0,0.0,0.0,0.0,0.0,0.0,0.5300000000000002,2.79,46.6,0.21
2025,8,0.0,2025_08_CLE_NE,Cleveland Browns,Jamari Thrash,WR,00-0039379,1.0,0.0,0.0,0.0,0.0,0.0,0.0,0.0,3.69,2.26,32.7,0.14,0.1293,72.0,31.18,38.57,236.6,190.7,1.2311597120834572,0.7490582105901631,0.7794740665527295,1.0,1.0,jamari thrash,jamarithrash,jthrash,Cleveland Browns,00-0039379,0.0,0.0,0.0,0.0,0.0,0.0,0.0,3.0,2.0,31.0,0.0,J.Thrash,CLE,team_norm & _alias_init_last,0.0,0.0,0.0,0.0,0.0,0.0,0.0,0.69,0.2599999999999998,1.7000000000000028,0.14
2025,8,0.0,2025_08_CLE_NE,Cleveland Browns,Chase Cota,WR,00-0038651,1.0,0.0,0.0,0.0,0.0,0.0,0.0,0.0,0.0,0.0,0.0,0.0,0.0,72.0,31.18,38.57,236.6,190.7,1.2311597120834572,0.7490582105901631,0.7794740665527295,0.0,0.0,chase cota,chasecota,ccota,Cleveland Browns,00-0038651,,,,,,,,,,,,,,,,,,,,,,,,,
2025,8,0.0,2025_08_CLE_NE,Cleveland Browns,David Bell,WR,00-0037257,1.0,0.0,0.0,0.0,0.0,0.0,0.0,0.0,0.0,0.0,0.0,0.0,0.0,72.0,31.18,38.57,236.6,190.7,1.2311597120834572,0.7490582105901631,0.7794740665527295,1.0,1.0,david bell,davidbell,dbell,Cleveland Browns,00-0037257,,,,,,,,,,,,,,,,,,,,,,,,,
2025,8,0.0,2025_08_CLE_NE,Cleveland Browns,Gage Larvadain,WR,00-0040259,1.0,0.0,0.0,0.0,0.0,0.0,0.0,0.0,0.0,0.0,0.0,0.0,0.0,72.0,31.18,38.57,236.6,190.7,1.2311597120834572,0.7490582105901631,0.7794740665527295,1.0,1.0,gage larvadain,gagelarvadain,glarvadain,Cleveland Browns,,,,,,,,,,,,,,,,,,,,,,,,,,
2025,8,0.0,2025_08_CLE_NE,Cleveland Browns,Malachi Corley,WR,00-0039920,1.0,0.0,0.0,0.0,0.0,0.0,0.0,0.0,0.0,0.0,0.0,0.0,0.0,72.0,31.18,38.57,236.6,190.7,1.2311597120834572,0.7490582105901631,0.7794740665527295,1.0,1.0,malachi corley,malachicorley,mcorley,Cleveland Browns,00-0039920,0.0,0.0,0.0,0.0,1.0,31.0,0.0,0.0,0.0,0.0,0.0,M.Corley,CLE,team_norm & _alias_init_last,0.0,0.0,0.0,0.0,-1.0,-31.0,0.0,0.0,0.0,0.0,0.0
2025,8,0.0,2025_08_CLE_NE,New England Patriots,Drake Maye,QB,00-0039851,1.0,36.87,239.8,2.05,0.82,6.7,25.2,0.19,0.0,0.0,0.0,0.0,0.1706,72.0,38.66,30.19,293.4,149.3,2.4003977892435224,0.8338905193228277,0.9664910601944346,1.0,1.0,drake maye,drakemaye,dmaye,New England Patriots,00-0039851,37.0,282.0,3.0,1.0,0.0,0.0,0.0,0.0,0.0,0.0,0.0,D.Maye,NE,team_norm & _alias_init_last,-0.13000000000000256,-42.19999999999999,-0.9500000000000002,-0.18000000000000005,6.7,25.2,0.19,0.0,0.0,0.0,0.0
2025,8,0.0,2025_08_CLE_NE,New England Patriots,Rhamondre Stevenson,RB,00-0036875,1.0,0.0,0.0,0.0,0.0,15.1,62.4,0.51,4.27,2.66,17.0,0.27,0.5409,72.0,38.66,30.19,293.4,149.3,2.4003977892435224,0.8338905193228277,0.9664910601944346,1.0,1.0,rhamondre stevenson,rhamondrestevenson,rstevenson,New England Patriots,00-0036875,0.0,0.0,0.0,0.0,14.0,34.0,0.0,2.0,1.0,15.0,0.0,R.Stevenson,NE,team_norm & _alias_init_last,0.0,0.0,0.0,0.0,1.0999999999999996,28.4,0.51,2.2699999999999996,1.6600000000000001,2.0,0.27
2025,8,0.0,2025_08_CLE_NE,New England Patriots,TreVeyon Henderson,RB,00-0040734,1.0,0.0,0.0,0.0,0.0,8.39,35.9,0.18,2.66,1.78,12.0,0.16,0.2926,72.0,38.66,30.19,293.4,149.3,2.4003977892435224,0.8338905193228277,0.9664910601944346,1.0,1.0,treveyon henderson,treveyonhenderson,thenderson,New England Patriots,00-0040734,0.0,0.0,0.0,0.0,10.0,75.0,0.0,0.0,0.0,0.0,0.0,T.Henderson,NE,team_norm & _alias_init_last,0.0,0.0,0.0,0.0,-1.6099999999999994,-39.1,0.18,2.66,1.78,12.0,0.16
2025,8,0.0,2025_08_CLE_NE,New England Patriots,Terrell Jennings,RB,00-0039757,1.0,0.0,0.0,0.0,0.0,0.0,0.0,0.0,0.0,0.0,0.0,0.0,0.0,72.0,38.66,30.19,293.4,149.3,2.4003977892435224,0.8338905193228277,0.9664910601944346,1.0,1.0,terrell jennings,terrelljennings,tjennings,New England Patriots,00-0039757,0.0,0.0,0.0,0.0,2.0,15.0,0.0,0.0,0.0,0.0,0.0,T.Jennings,NE,team_norm & _alias_init_last,0.0,0.0,0.0,0.0,-2.0,-15.0,0.0,0.0,0.0,0.0,0.0
2025,8,0.0,2025_08_CLE_NE,New England Patriots,Hunter Henry,TE,00-0033090,1.0,0.0,0.0,0.0,0.0,0.0,0.0,0.0,7.11,4.58,40.7,0.41,0.3384,72.0,38.66,30.19,293.4,149.3,2.4003977892435224,0.8338905193228277,0.9664910601944346,1.0,1.0,hunter henry,hunterhenry,hhenry,New England Patriots,00-0033090,0.0,0.0,0.0,0.0,0.0,0.0,0.0,1.0,1.0,7.0,1.0,H.Henry,NE,team_norm & _alias_init_last,0.0,0.0,0.0,0.0,0.0,0.0,0.0,6.11,3.58,33.7,-0.5900000000000001
2025,8,0.0,2025_08_CLE_NE,New England Patriots,Austin Hooper,TE,00-0032392,1.0,0.0,0.0,0.0,0.0,0.0,0.0,0.0,3.67,2.41,19.8,0.21,0.1894,72.0,38.66,30.19,293.4,149.3,2.4003977892435224,0.8338905193228277,0.9664910601944346,1.0,1.0,austin hooper,austinhooper,ahooper,New England Patriots,00-0032392,0.0,0.0,0.0,0.0,0.0,0.0,0.0,2.0,2.0,38.0,0.0,A.Hooper,NE,team_norm & _alias_init_last,0.0,0.0,0.0,0.0,0.0,0.0,0.0,1.67,0.41000000000000014,-18.2,0.21
2025,8,0.0,2025_08_CLE_NE,New England Patriots,Cole Fotheringham,TE,00-0037506,1.0,0.0,0.0,0.0,0.0,0.0,0.0,0.0,0.0,0.0,0.0,0.0,0.0,72.0,38.66,30.19,293.4,149.3,2.4003977892435224,0.8338905193228277,0.9664910601944346,0.0,0.0,cole fotheringham,colefotheringham,cfotheringham,New England Patriots,00-0037506,,,,,,,,,,,,,,,,,,,,,,,,,
2025,8,0.0,2025_08_CLE_NE,New England Patriots,Stefon Diggs,WR,00-0031588,1.0,0.0,0.0,0.0,0.0,0.0,0.0,0.0,9.24,6.69,59.4,0.53,0.4115,72.0,38.66,30.19,293.4,149.3,2.4003977892435224,0.8338905193228277,0.9664910601944346,1.0,1.0,stefon diggs,stefondiggs,sdiggs,New England Patriots,00-0031588,0.0,0.0,0.0,0.0,0.0,0.0,0.0,7.0,3.0,14.0,1.0,S.Diggs,NE,team_norm & _alias_init_last,0.0,0.0,0.0,0.0,0.0,0.0,0.0,2.24,3.6900000000000004,45.4,-0.47
2025,8,0.0,2025_08_CLE_NE,New England Patriots,Kayshon Boutte,WR,00-0038608,1.0,0.0,0.0,0.0,0.0,0.0,0.0,0.0,6.96,4.32,46.2,0.4,0.3288,72.0,38.66,30.19,293.4,149.3,2.4003977892435224,0.8338905193228277,0.9664910601944346,1.0,1.0,kayshon boutte,kayshonboutte,kboutte,New England Patriots,00-0038608,0.0,0.0,0.0,0.0,0.0,0.0,0.0,5.0,3.0,75.0,1.0,K.Boutte,NE,team_norm & _alias_init_last,0.0,0.0,0.0,0.0,0.0,0.0,0.0,1.96,1.3200000000000003,-28.799999999999997,-0.6
2025,8,0.0,2025_08_CLE_NE,New England Patriots,Mack Hollins,WR,00-0033555,1.0,0.0,0.0,0.0,0.0,0.0,0.0,0.0,4.64,2.95,28.0,0.27,0.2341,72.0,38.66,30.19,293.4,149.3,2.4003977892435224,0.8338905193228277,0.9664910601944346,1.0,1.0,mack hollins,mackhollins,mhollins,New England Patriots,00-0033555,0.0,0.0,0.0,0.0,0.0,0.0,0.0,7.0,7.0,89.0,0.0,M.Hollins,NE,team_norm & _alias_init_last,0.0,0.0,0.0,0.0,0.0,0.0,0.0,-2.3600000000000003,-4.05,-61.0,0.27
2025,8,0.0,2025_08_CLE_NE,New England Patriots,Brandon Smith,WR,00-0036775,1.0,0.0,0.0,0.0,0.0,0.0,0.0,0.0,0.0,0.0,0.0,0.0,0.0,72.0,38.66,30.19,293.4,149.3,2.4003977892435224,0.8338905193228277,0.9664910601944346,0.0,0.0,brandon smith,brandonsmith,bsmith,New England Patriots,00-0036775,0.0,0.0,0.0,0.0,3.0,8.0,0.0,0.0,0.0,0.0,0.0,B.Smith,KC,_alias_init_last,0.0,0.0,0.0,0.0,-3.0,-8.0,0.0,0.0,0.0,0.0,0.0
2025,8,0.0,2025_08_CLE_NE,New England Patriots,DeMario Douglas,WR,00-0038621,1.0,0.0,0.0,0.0,0.0,0.0,0.0,0.0,0.0,0.0,0.0,0.0,0.0,72.0,38.66,30.19,293.4,149.3,2.4003977892435224,0.8338905193228277,0.9664910601944346,1.0,1.0,demario douglas,demariodouglas,ddouglas,New England Patriots,00-0038621,0.0,0.0,0.0,0.0,2.0,3.0,0.0,2.0,1.0,44.0,0.0,D.Douglas,NE,team_norm & _alias_init_last,0.0,0.0,0.0,0.0,-2.0,-3.0,0.0,-2.0,-1.0,-44.0,0.0
2025,8,0.0,2025_08_CLE_NE,New England Patriots,Efton Chism III,WR,00-0040563,1.0,0.0,0.0,0.0,0.0,0.0,0.0,0.0,0.0,0.0,0.0,0.0,0.0,72.0,38.66,30.19,293.4,149.3,2.4003977892435224,0.8338905193228277,0.9664910601944346,0.0,0.0,efton chism iii,eftonchismiii,echism,New England Patriots,00-0040563,,,,,,,,,,,,,,,,,,,,,,,,,
2025,8,0.0,2025_08_CLE_NE,New England Patriots,Kyle Williams,WR,00-0040131,1.0,0.0,0.0,0.0,0.0,0.0,0.0,0.0,0.0,0.0,0.0,0.0,0.0,72.0,38.66,30.19,293.4,149.3,2.4003977892435224,0.8338905193228277,0.9664910601944346,1.0,1.0,kyle williams,kylewilliams,kwilliams,New England Patriots,00-0040131,,,,,,,,,,,,,,,,,,,,,,,,,
2025,8,0.0,2025_08_DAL_DEN,Dallas Cowboys,Dak Prescott,QB,00-0033077,1.0,40.71,264.0,1.59,0.83,3.0,10.5,0.05,0.0,0.0,0.0,0.0,0.0496,72.0,39.04,29.91,286.2,142.9,1.2557102006456755,0.4565348250943513,0.9759971868131868,1.0,1.0,dak prescott,dakprescott,dprescott,Dallas Cowboys,,42.0,188.0,0.0,2.0,1.0,0.0,0.0,0.0,0.0,0.0,0.0,D.Prescott,DAL,team_norm & _alias_init_last,-1.2899999999999991,76.0,1.59,-1.17,2.0,10.5,0.05,0.0,0.0,0.0,0.0
2025,8,0.0,2025_08_DAL_DEN,Dallas Cowboys,Javonte Williams,RB,00-0036997,1.0,0.0,0.0,0.0,0.0,17.3,67.2,0.33,4.04,2.44,17.2,0.13,0.368,72.0,39.04,29.91,286.2,142.9,1.2557102006456755,0.4565348250943513,0.9759971868131868,1.0,1.0,javonte williams,javontewilliams,jwilliams,Dallas Cowboys,00-0036997,0.0,0.0,0.0,0.0,13.0,41.0,2.0,2.0,1.0,8.0,0.0,J.Williams,DAL,team_norm & _alias_init_last,0.0,0.0,0.0,0.0,4.300000000000001,26.200000000000003,-1.67,2.04,1.44,9.2,0.13
2025,8,0.0,2025_08_DAL_DEN,Dallas Cowboys,Jaydon Blue,RB,00-0040586,1.0,0.0,0.0,0.0,0.0,9.61,43.1,0.11,2.51,1.56,15.4,0.08,0.1762,72.0,39.04,29.91,286.2,142.9,1.2557102006456755,0.4565348250943513,0.9759971868131868,1.0,1.0,jaydon blue,jaydonblue,jblue,Dallas Cowboys,00-0040586,0.0,0.0,0.0,0.0,10.0,29.0,0.0,0.0,0.0,0.0,0.0,J.Blue,DAL,team_norm & _alias_init_last,0.0,0.0,0.0,0.0,-0.39000000000000057,14.100000000000001,0.11,2.51,1.56,15.4,0.08
2025,8,0.0,2025_08_DAL_DEN,Dallas Cowboys,Malik Davis,RB,00-0037563,1.0,0.0,0.0,0.0,0.0,0.0,0.0,0.0,0.0,0.0,0.0,0.0,0.0,72.0,39.04,29.91,286.2,142.9,1.2557102006456755,0.4565348250943513,0.9759971868131868,1.0,1.0,malik davis,malikdavis,mdavis,Dallas Cowboys,00-0037563,0.0,0.0,0.0,0.0,2.0,3.0,0.0,0.0,0.0,0.0,0.0,M.Davis,DAL,team_norm & _alias_init_last,0.0,0.0,0.0,0.0,-2.0,-3.0,0.0,0.0,0.0,0.0,0.0
2025,8,0.0,2025_08_DAL_DEN,Dallas Cowboys,Jake Ferguson,TE,00-0038041,1.0,0.0,0.0,0.0,0.0,0.0,0.0,0.0,7.04,4.9,40.1,0.22,0.195,72.0,39.04,29.91,286.2,142.9,1.2557102006456755,0.4565348250943513,0.9759971868131868,1.0,1.0,jake ferguson,jakeferguson,jferguson,Dallas Cowboys,00-0038041,0.0,0.0,0.0,0.0,0.0,0.0,0.0,1.0,0.0,0.0,0.0,J.Ferguson,DAL,team_norm & _alias_init_last,0.0,0.0,0.0,0.0,0.0,0.0,0.0,6.04,4.9,40.1,0.22
2025,8,0.0,2025_08_DAL_DEN,Dallas Cowboys,Luke Schoonmaker,TE,00-0038547,1.0,0.0,0.0,0.0,0.0,0.0,0.0,0.0,3.64,2.19,21.6,0.11,0.1019,72.0,39.04,29.91,286.2,142.9,1.2557102006456755,0.4565348250943513,0.9759971868131868,1.0,1.0,luke schoonmaker,lukeschoonmaker,lschoonmaker,Dallas Cowboys,00-0038547,0.0,0.0,0.0,0.0,0.0,0.0,0.0,3.0,2.0,25.0,0.0,L.Schoonmaker,DAL,team_norm & _alias_init_last,0.0,0.0,0.0,0.0,0.0,0.0,0.0,0.6400000000000001,0.18999999999999995,-3.3999999999999986,0.11
2025,8,0.0,2025_08_DAL_DEN,Dallas Cowboys,Brevyn Spann-Ford,TE,00-0039530,1.0,0.0,0.0,0.0,0.0,0.0,0.0,0.0,0.0,0.0,0.0,0.0,0.0,72.0,39.04,29.91,286.2,142.9,1.2557102006456755,0.4565348250943513,0.9759971868131868,1.0,1.0,brevyn spann-ford,brevynspannford,bspannford,Dallas Cowboys,00-0039530,0.0,0.0,0.0,0.0,0.0,0.0,0.0,1.0,1.0,9.0,0.0,B.Spann-Ford,DAL,team_norm & _alias_init_last,0.0,0.0,0.0,0.0,0.0,0.0,0.0,-1.0,-1.0,-9.0,0.0
2025,8,0.0,2025_08_DAL_DEN,Dallas Cowboys,CeeDee Lamb,WR,00-0036358,1.0,0.0,0.0,0.0,0.0,0.0,0.0,0.0,9.67,6.3,52.8,0.29,0.2546,72.0,39.04,29.91,286.2,142.9,1.2557102006456755,0.4565348250943513,0.9759971868131868,1.0,1.0,ceedee lamb,ceedeelamb,clamb,Dallas Cowboys,00-0036358,0.0,0.0,0.0,0.0,1.0,2.0,0.0,13.0,7.0,74.0,0.0,C.Lamb,DAL,team_norm & _alias_init_last,0.0,0.0,0.0,0.0,-1.0,-2.0,0.0,-3.33,-0.7000000000000002,-21.200000000000003,0.29
2025,8,0.0,2025_08_DAL_DEN,Dallas Cowboys,George Pickens,WR,00-0037247,1.0,0.0,0.0,0.0,0.0,0.0,0.0,0.0,7.28,4.25,38.8,0.22,0.1974,72.0,39.04,29.91,286.2,142.9,1.2557102006456755,0.4565348250943513,0.9759971868131868,1.0,1.0,george pickens,georgepickens,gpickens,Dallas Cowboys,00-0037247,0.0,0.0,0.0,0.0,0.0,0.0,0.0,9.0,7.0,78.0,0.0,G.Pickens,DAL,team_norm & _alias_init_last,0.0,0.0,0.0,0.0,0.0,0.0,0.0,-1.7199999999999998,-2.75,-39.2,0.22
2025,8,0.0,2025_08_DAL_DEN,Dallas Cowboys,Jalen Tolbert,WR,00-0037666,1.0,0.0,0.0,0.0,0.0,0.0,0.0,0.0,4.85,2.91,28.4,0.15,0.1395,72.0,39.04,29.91,286.2,142.9,1.2557102006456755,0.4565348250943513,0.9759971868131868,1.0,1.0,jalen tolbert,jalentolbert,jtolbert,Dallas Cowboys,00-0037666,0.0,0.0,0.0,0.0,0.0,0.0,0.0,2.0,2.0,47.0,1.0,J.Tolbert,DAL,team_norm & _alias_init_last,0.0,0.0,0.0,0.0,0.0,0.0,0.0,2.8499999999999996,0.9100000000000001,-18.6,-0.85
2025,8,0.0,2025_08_DAL_DEN,Dallas Cowboys,KaVontae Turpin,WR,00-0037801,1.0,0.0,0.0,0.0,0.0,0.0,0.0,0.0,0.0,0.0,0.0,0.0,0.0,72.0,39.04,29.91,286.2,142.9,1.2557102006456755,0.4565348250943513,0.9759971868131868,1.0,1.0,kavontae turpin,kavontaeturpin,kturpin,Dallas Cowboys,00-0037801,0.0,0.0,0.0,0.0,0.0,0.0,0.0,5.0,1.0,-2.0,0.0,K.Turpin,DAL,team_norm & _alias_init_last,0.0,0.0,0.0,0.0,0.0,0.0,0.0,-5.0,-1.0,2.0,0.0
2025,8,0.0,2025_08_DAL_DEN,Dallas Cowboys,Ryan Flournoy,WR,00-0039410,1.0,0.0,0.0,0.0,0.0,0.0,0.0,0.0,0.0,0.0,0.0,0.0,0.0,72.0,39.04,29.91,286.2,142.9,1.2557102006456755,0.4565348250943513,0.9759971868131868,1.0,1.0,ryan flournoy,ryanflournoy,rflournoy,Dallas Cowboys,00-0039410,0.0,0.0,0.0,0.0,0.0,0.0,0.0,2.0,1.0,7.0,0.0,R.Flournoy,DAL,team_norm & _alias_init_last,0.0,0.0,0.0,0.0,0.0,0.0,0.0,-2.0,-1.0,-7.0,0.0
2025,8,0.0,2025_08_DAL_DEN,Denver Broncos,Bo Nix,QB,00-0039732,1.0,45.1,295.7,2.49,1.02,5.85,21.2,0.17,0.0,0.0,0.0,0.0,0.1584,72.0,47.86,21.6,363.2,106.8,2.706731422092516,0.604549480213084,1.196402413926499,1.0,1.0,bo nix,bonix,bnix,Denver Broncos,00-0039732,34.0,247.0,4.0,1.0,0.0,0.0,0.0,0.0,0.0,0.0,0.0,B.Nix,DEN,team_norm & _alias_init_last,11.100000000000001,48.69999999999999,-1.5099999999999998,0.020000000000000018,5.85,21.2,0.17,0.0,0.0,0.0,0.0
2025,8,0.0,2025_08_DAL_DEN,Denver Broncos,J.K. Dobbins,RB,00-0036158,1.0,0.0,0.0,0.0,0.0,10.12,41.1,0.34,5.28,3.32,25.6,0.3,0.4727,72.0,47.86,21.6,363.2,106.8,2.706731422092516,0.604549480213084,1.196402413926499,1.0,1.0,j.k. dobbins,jkdobbins,jdobbins,Denver Broncos,00-0036158,0.0,0.0,0.0,0.0,16.0,111.0,0.0,2.0,2.0,10.0,0.0,J.Dobbins,DEN,team_norm & _alias_init_last,0.0,0.0,0.0,0.0,-5.880000000000001,-69.9,0.34,3.2800000000000002,1.3199999999999998,15.600000000000001,0.3
2025,8,0.0,2025_08_DAL_DEN,Denver Broncos,RJ Harvey,RB,00-0040730,1.0,0.0,0.0,0.0,0.0,5.62,23.6,0.13,3.29,2.17,16.1,0.19,0.2722,72.0,47.86,21.6,363.2,106.8,2.706731422092516,0.604549480213084,1.196402413926499,1.0,1.0,rj harvey,rjharvey,rharvey,Denver Broncos,00-0040730,0.0,0.0,0.0,0.0,7.0,46.0,2.0,1.0,1.0,5.0,1.0,R.Harvey,DEN,team_norm & _alias_init_last,0.0,0.0,0.0,0.0,-1.38,-22.4,-1.87,2.29,1.17,11.100000000000001,-0.81
2025,8,0.0,2025_08_DAL_DEN,Denver Broncos,Tyler Badie,RB,00-0037085,1.0,0.0,0.0,0.0,0.0,0.0,0.0,0.0,0.0,0.0,0.0,0.0,0.0,72.0,47.86,21.6,363.2,106.8,2.706731422092516,0.604549480213084,1.196402413926499,1.0,1.0,tyler badie,tylerbadie,tbadie,Denver Broncos,00-0037085,0.0,0.0,0.0,0.0,1.0,6.0,0.0,0.0,0.0,0.0,0.0,T.Badie,DEN,team_norm & _alias_init_last,0.0,0.0,0.0,0.0,-1.0,-6.0,0.0,0.0,0.0,0.0,0.0
2025,8,0.0,2025_08_DAL_DEN,Denver Broncos,Evan Engram,TE,00-0033881,1.0,0.0,0.0,0.0,0.0,0.0,0.0,0.0,8.9,5.99,50.6,0.44,0.357,72.0,47.86,21.6,363.2,106.8,2.706731422092516,0.604549480213084,1.196402413926499,1.0,1.0,evan engram,evanengram,eengram,Denver Broncos,00-0033881,0.0,0.0,0.0,0.0,0.0,0.0,0.0,6.0,4.0,36.0,0.0,E.Engram,DEN,team_norm & _alias_init_last,0.0,0.0,0.0,0.0,0.0,0.0,0.0,2.9000000000000004,1.9900000000000002,14.600000000000001,0.44
2025,8,0.0,2025_08_DAL_DEN,Denver Broncos,Nate Adkins,TE,00-0038783,1.0,0.0,0.0,0.0,0.0,0.0,0.0,0.0,4.6,3.07,31.6,0.25,0.2241,72.0,47.86,21.6,363.2,106.8,2.706731422092516,0.604549480213084,1.196402413926499,1.0,1.0,nate adkins,nateadkins,nadkins,Denver Broncos,00-0038783,0.0,0.0,0.0,0.0,0.0,0.0,0.0,1.0,0.0,0.0,0.0,N.Adkins,DEN,team_norm & _alias_init_last,0.0,0.0,0.0,0.0,0.0,0.0,0.0,3.5999999999999996,3.07,31.6,0.25
2025,8,0.0,2025_08_DAL_DEN,Denver Broncos,Adam Trautman,TE,00-0036422,1.0,0.0,0.0,0.0,0.0,0.0,0.0,0.0,0.0,0.0,0.0,0.0,0.0,72.0,47.86,21.6,363.2,106.8,2.706731422092516,0.604549480213084,1.196402413926499,1.0,1.0,adam trautman,adamtrautman,atrautman,Denver Broncos,00-0036422,,,,,,,,,,,,,,,,,,,,,,,,,
2025,8,0.0,2025_08_DAL_DEN,Denver Broncos,Courtland Sutton,WR,00-0034348,1.0,0.0,0.0,0.0,0.0,0.0,0.0,0.0,11.44,6.96,77.6,0.62,0.464,72.0,47.86,21.6,363.2,106.8,2.706731422092516,0.604549480213084,1.196402413926499,1.0,1.0,courtland sutton,courtlandsutton,csutton,Denver Broncos,00-0034348,0.0,0.0,0.0,0.0,0.0,0.0,0.0,8.0,4.0,67.0,0.0,C.Sutton,DEN,team_norm & _alias_init_last,0.0,0.0,0.0,0.0,0.0,0.0,0.0,3.4399999999999995,2.96,10.599999999999994,0.62
2025,8,0.0,2025_08_DAL_DEN,Denver Broncos,Troy Franklin,WR,00-0039868,1.0,0.0,0.0,0.0,0.0,0.0,0.0,0.0,8.61,5.23,60.0,0.48,0.3806,72.0,47.86,21.6,363.2,106.8,2.706731422092516,0.604549480213084,1.196402413926499,1.0,1.0,troy franklin,troyfranklin,tfranklin,Denver Broncos,00-0039868,0.0,0.0,0.0,0.0,0.0,0.0,0.0,8.0,6.0,89.0,2.0,T.Franklin,DEN,team_norm & _alias_init_last,0.0,0.0,0.0,0.0,0.0,0.0,0.0,0.6099999999999994,-0.7699999999999996,-29.0,-1.52
2025,8,0.0,2025_08_DAL_DEN,Denver Broncos,Marvin Mims Jr.,WR,00-0038976,1.0,0.0,0.0,0.0,0.0,0.0,0.0,0.0,5.74,4.0,37.7,0.29,0.2538,72.0,47.86,21.6,363.2,106.8,2.706731422092516,0.604549480213084,1.196402413926499,1.0,1.0,marvin mims jr.,marvinmimsjr,mmims,Denver Broncos,00-0038976,0.0,0.0,0.0,0.0,3.0,18.0,0.0,2.0,0.0,0.0,0.0,M.Mims,DEN,team_norm & _alias_init_last,0.0,0.0,0.0,0.0,-3.0,-18.0,0.0,3.74,4.0,37.7,0.29
2025,8,0.0,2025_08_DAL_DEN,Denver Broncos,Elijah Moore,WR,00-0036980,1.0,0.0,0.0,0.0,0.0,0.0,0.0,0.0,0.0,0.0,0.0,0.0,0.0,72.0,47.86,21.6,363.2,106.8,2.706731422092516,0.604549480213084,1.196402413926499,0.0,0.0,elijah moore,elijahmoore,emoore,Denver Broncos,00-0036980,0.0,0.0,0.0,0.0,0.0,0.0,0.0,4.0,1.0,14.0,0.0,E.Moore,BUF,_alias_init_last,0.0,0.0,0.0,0.0,0.0,0.0,0.0,-4.0,-1.0,-14.0,0.0
2025,8,0.0,2025_08_DAL_DEN,Denver Broncos,Pat Bryant,WR,00-0040134,1.0,0.0,0.0,0.0,0.0,0.0,0.0,0.0,0.0,0.0,0.0,0.0,0.0,72.0,47.86,21.6,363.2,106.8,2.706731422092516,0.604549480213084,1.196402413926499,1.0,1.0,pat bryant,patbryant,pbryant,Denver Broncos,00-0040134,0.0,0.0,0.0,0.0,0.0,0.0,0.0,4.0,2.0,40.0,1.0,P.Bryant,DEN,team_norm & _alias_init_last,0.0,0.0,0.0,0.0,0.0,0.0,0.0,-4.0,-2.0,-40.0,-1.0
2025,8,0.0,2025_08_GB_PIT,Green Bay Packers,Jordan Love,QB,00-0036264,1.0,41.95,230.0,2.82,0.94,2.55,7.2,0.09,0.0,0.0,0.0,0.0,0.0865,72.0,44.05,24.87,247.1,90.9,3.192936813871444,0.8388539927088661,1.1012620607699162,1.0,1.0,jordan love,jordanlove,jlove,Green Bay Packers,00-0036264,38.0,360.0,3.0,0.0,0.0,0.0,0.0,0.0,0.0,0.0,0.0,J.Love,GB,team_norm & _alias_init_last,3.950000000000003,-130.0,-0.18000000000000016,0.94,2.55,7.2,0.09,0.0,0.0,0.0,0.0
2025,8,0.0,2025_08_GB_PIT,Green Bay Packers,Josh Jacobs,RB,00-0035700,1.0,0.0,0.0,0.0,0.0,14.35,43.4,0.59,4.71,3.03,14.8,0.34,0.605,72.0,44.05,24.87,247.1,90.9,3.192936813871444,0.8388539927088661,1.1012620607699162,1.0,1.0,josh jacobs,joshjacobs,jjacobs,Green Bay Packers,00-0035700,0.0,0.0,0.0,0.0,13.0,33.0,1.0,3.0,3.0,12.0,0.0,J.Jacobs,GB,team_norm & _alias_init_last,0.0,0.0,0.0,0.0,1.3499999999999996,10.399999999999999,-0.41000000000000003,1.71,0.029999999999999805,2.8000000000000007,0.34
2025,8,0.0,2025_08_GB_PIT,Green Bay Packers,Emanuel Wilson,RB,00-0038797,1.0,0.0,0.0,0.0,0.0,7.97,25.0,0.21,2.93,1.81,10.9,0.21,0.3479,72.0,44.05,24.87,247.1,90.9,3.192936813871444,0.8388539927088661,1.1012620607699162,1.0,1.0,emanuel wilson,emanuelwilson,ewilson,Green Bay Packers,00-0038797,0.0,0.0,0.0,0.0,11.0,61.0,0.0,4.0,3.0,26.0,0.0,E.Wilson,GB,team_norm & _alias_init_last,0.0,0.0,0.0,0.0,-3.0300000000000002,-36.0,0.21,-1.0699999999999998,-1.19,-15.1,0.21
2025,8,0.0,2025_08_GB_PIT,Green Bay Packers,Chris Brooks,RB,00-0038685,1.0,0.0,0.0,0.0,0.0,0.0,0.0,0.0,0.0,0.0,0.0,0.0,0.0,72.0,44.05,24.87,247.1,90.9,3.192936813871444,0.8388539927088661,1.1012620607699162,1.0,1.0,chris brooks,chrisbrooks,cbrooks,Green Bay Packers,00-0038685,,,,,,,,,,,,,,,,,,,,,,,,,
2025,8,0.0,2025_08_GB_PIT,Green Bay Packers,Tucker Kraft,TE,00-0038996,1.0,0.0,0.0,0.0,0.0,0.0,0.0,0.0,7.94,5.11,35.6,0.57,0.4356,72.0,44.05,24.87,247.1,90.9,3.192936813871444,0.8388539927088661,1.1012620607699162,1.0,1.0,tucker kraft,tuckerkraft,tkraft,Green Bay Packers,00-0038996,0.0,0.0,0.0,0.0,0.0,0.0,0.0,9.0,7.0,143.0,2.0,T.Kraft,GB,team_norm & _alias_init_last,0.0,0.0,0.0,0.0,0.0,0.0,0.0,-1.0599999999999996,-1.8899999999999997,-107.4,-1.4300000000000002
2025,8,0.0,2025_08_GB_PIT,Green Bay Packers,John FitzPatrick,TE,00-0037306,1.0,0.0,0.0,0.0,0.0,0.0,0.0,0.0,4.11,2.69,24.1,0.29,0.255,72.0,44.05,24.87,247.1,90.9,3.192936813871444,0.8388539927088661,1.1012620607699162,1.0,1.0,john fitzpatrick,johnfitzpatrick,jfitzpatrick,Green Bay Packers,00-0037306,0.0,0.0,0.0,0.0,0.0,0.0,0.0,1.0,1.0,4.0,0.0,J.FitzPatrick,GB,team_norm & _alias_init_last,0.0,0.0,0.0,0.0,0.0,0.0,0.0,3.1100000000000003,1.69,20.1,0.29
2025,8,0.0,2025_08_GB_PIT,Green Bay Packers,Drake Dabney,TE,00-0040628,1.0,0.0,0.0,0.0,0.0,0.0,0.0,0.0,0.0,0.0,0.0,0.0,0.0,72.0,44.05,24.87,247.1,90.9,3.192936813871444,0.8388539927088661,1.1012620607699162,0.0,0.0,drake dabney,drakedabney,ddabney,Green Bay Packers,00-0040628,,,,,,,,,,,,,,,,,,,,,,,,,
2025,8,0.0,2025_08_GB_PIT,Green Bay Packers,Johnny Lumpkin,TE,00-0038913,1.0,0.0,0.0,0.0,0.0,0.0,0.0,0.0,0.0,0.0,0.0,0.0,0.0,72.0,44.05,24.87,247.1,90.9,3.192936813871444,0.8388539927088661,1.1012620607699162,0.0,0.0,johnny lumpkin,johnnylumpkin,jlumpkin,Green Bay Packers,00-0038913,,,,,,,,,,,,,,,,,,,,,,,,,
2025,8,0.0,2025_08_GB_PIT,Green Bay Packers,Luke Musgrave,TE,00-0039144,1.0,0.0,0.0,0.0,0.0,0.0,0.0,0.0,0.0,0.0,0.0,0.0,0.0,72.0,44.05,24.87,247.1,90.9,3.192936813871444,0.8388539927088661,1.1012620607699162,1.0,1.0,luke musgrave,lukemusgrave,lmusgrave,Green Bay Packers,00-0039144,0.0,0.0,0.0,0.0,0.0,0.0,0.0,1.0,1.0,5.0,0.0,L.Musgrave,GB,team_norm & _alias_init_last,0.0,0.0,0.0,0.0,0.0,0.0,0.0,-1.0,-1.0,-5.0,0.0
2025,8,0.0,2025_08_GB_PIT,Green Bay Packers,Romeo Doubs,WR,00-0037816,1.0,0.0,0.0,0.0,0.0,0.0,0.0,0.0,10.8,6.86,50.6,0.77,0.5363,72.0,44.05,24.87,247.1,90.9,3.192936813871444,0.8388539927088661,1.1012620607699162,1.0,1.0,romeo doubs,romeodoubs,rdoubs,Green Bay Packers,00-0037816,0.0,0.0,0.0,0.0,0.0,0.0,0.0,7.0,3.0,44.0,0.0,R.Doubs,GB,team_norm & _alias_init_last,0.0,0.0,0.0,0.0,0.0,0.0,0.0,3.8000000000000007,3.8600000000000003,6.600000000000001,0.77
2025,8,0.0,2025_08_GB_PIT,Green Bay Packers,Matthew Golden,WR,00-0040667,1.0,0.0,0.0,0.0,0.0,0.0,0.0,0.0,8.14,5.49,47.7,0.54,0.4184,72.0,44.05,24.87,247.1,90.9,3.192936813871444,0.8388539927088661,1.1012620607699162,1.0,1.0,matthew golden,matthewgolden,mgolden,Green Bay Packers,00-0040667,0.0,0.0,0.0,0.0,0.0,0.0,0.0,3.0,3.0,4.0,0.0,M.Golden,GB,team_norm & _alias_init_last,0.0,0.0,0.0,0.0,0.0,0.0,0.0,5.140000000000001,2.49,43.7,0.54
2025,8,0.0,2025_08_GB_PIT,Green Bay Packers,Christian Watson,WR,00-0038124,1.0,0.0,0.0,0.0,0.0,0.0,0.0,0.0,5.42,3.27,24.6,0.39,0.3212,72.0,44.05,24.87,247.1,90.9,3.192936813871444,0.8388539927088661,1.1012620607699162,1.0,1.0,christian watson,christianwatson,cwatson,Green Bay Packers,00-0038124,0.0,0.0,0.0,0.0,0.0,0.0,0.0,4.0,4.0,85.0,0.0,C.Watson,GB,team_norm & _alias_init_last,0.0,0.0,0.0,0.0,0.0,0.0,0.0,1.42,-0.73,-60.4,0.39
2025,8,0.0,2025_08_GB_PIT,Green Bay Packers,Dontayvion Wicks,WR,00-0038393,1.0,0.0,0.0,0.0,0.0,0.0,0.0,0.0,0.0,0.0,0.0,0.0,0.0,72.0,44.05,24.87,247.1,90.9,3.192936813871444,0.8388539927088661,1.1012620607699162,0.0,0.0,dontayvion wicks,dontayvionwicks,dwicks,Green Bay Packers,00-0038393,,,,,,,,,,,,,,,,,,,,,,,,,
2025,8,0.0,2025_08_GB_PIT,Green Bay Packers,Savion Williams,WR,00-0040009,1.0,0.0,0.0,0.0,0.0,0.0,0.0,0.0,0.0,0.0,0.0,0.0,0.0,72.0,44.05,24.87,247.1,90.9,3.192936813871444,0.8388539927088661,1.1012620607699162,1.0,1.0,savion williams,savionwilliams,swilliams,Green Bay Packers,00-0040009,0.0,0.0,0.0,0.0,1.0,1.0,0.0,1.0,1.0,8.0,1.0,S.Williams,GB,team_norm & _alias_init_last,0.0,0.0,0.0,0.0,-1.0,-1.0,0.0,-1.0,-1.0,-8.0,-1.0
2025,8,0.0,2025_08_GB_PIT,Pittsburgh Steelers,Aaron Rodgers,QB,00-0023459,1.0,42.42,275.1,1.96,0.93,2.04,8.4,0.05,0.0,0.0,0.0,0.0,0.0482,71.38,43.53,25.04,330.4,123.8,2.005371568941537,0.657621244779953,1.0883046841381516,1.0,1.0,aaron rodgers,aaronrodgers,arodgers,Pittsburgh Steelers,00-0023459,45.0,219.0,2.0,0.0,0.0,0.0,0.0,0.0,0.0,0.0,0.0,A.Rodgers,PIT,team_norm & _alias_init_last,-2.5799999999999983,56.10000000000002,-0.040000000000000036,0.93,2.04,8.4,0.05,0.0,0.0,0.0,0.0
2025,8,0.0,2025_08_GB_PIT,Pittsburgh Steelers,Jaylen Warren,RB,00-0037228,1.0,0.0,0.0,0.0,0.0,14.79,61.0,0.46,4.72,3.25,19.4,0.21,0.4925,71.38,43.53,25.04,330.4,123.8,2.005371568941537,0.657621244779953,1.0883046841381516,1.0,1.0,jaylen warren,jaylenwarren,jwarren,Pittsburgh Steelers,00-0037228,0.0,0.0,0.0,0.0,13.0,62.0,0.0,3.0,2.0,11.0,0.0,J.Warren,PIT,team_norm & _alias_init_last,0.0,0.0,0.0,0.0,1.7899999999999991,-1.0,0.46,1.7199999999999998,1.25,8.399999999999999,0.21
2025,8,0.0,2025_08_GB_PIT,Pittsburgh Steelers,Kenneth Gainwell,RB,00-0036919,1.0,0.0,0.0,0.0,0.0,8.21,33.6,0.18,2.94,1.91,11.4,0.14,0.2715,71.38,43.53,25.04,330.4,123.8,2.005371568941537,0.657621244779953,1.0883046841381516,1.0,1.0,kenneth gainwell,kennethgainwell,kgainwell,Pittsburgh Steelers,00-0036919,0.0,0.0,0.0,0.0,5.0,31.0,0.0,2.0,2.0,4.0,0.0,K.Gainwell,PIT,team_norm & _alias_init_last,0.0,0.0,0.0,0.0,3.210000000000001,2.6000000000000014,0.18,0.94,-0.09000000000000008,7.4,0.14
2025,8,0.0,2025_08_GB_PIT,Pittsburgh Steelers,Kaleb Johnson,RB,00-0040142,1.0,0.0,0.0,0.0,0.0,0.0,0.0,0.0,0.0,0.0,0.0,0.0,0.0,71.38,43.53,25.04,330.4,123.8,2.005371568941537,0.657621244779953,1.0883046841381516,1.0,1.0,kaleb johnson,kalebjohnson,kjohnson,Pittsburgh Steelers,00-0040142,,,,,,,,,,,,,,,,,,,,,,,,,
2025,8,0.0,2025_08_GB_PIT,Pittsburgh Steelers,Jonnu Smith,TE,00-0033858,1.0,0.0,0.0,0.0,0.0,0.0,0.0,0.0,8.3,5.78,45.7,0.35,0.2929,71.38,43.53,25.04,330.4,123.8,2.005371568941537,0.657621244779953,1.0883046841381516,1.0,1.0,jonnu smith,jonnusmith,jsmith,Pittsburgh Steelers,00-0033858,0.0,0.0,0.0,0.0,0.0,0.0,0.0,4.0,2.0,17.0,0.0,J.Smith,PIT,team_norm & _alias_init_last,0.0,0.0,0.0,0.0,0.0,0.0,0.0,4.300000000000001,3.7800000000000002,28.700000000000003,0.35
2025,8,0.0,2025_08_GB_PIT,Pittsburgh Steelers,Pat Freiermuth,TE,00-0036894,1.0,0.0,0.0,0.0,0.0,0.0,0.0,0.0,4.29,2.7,21.0,0.18,0.1656,71.38,43.53,25.04,330.4,123.8,2.005371568941537,0.657621244779953,1.0883046841381516,1.0,1.0,pat freiermuth,patfreiermuth,pfreiermuth,Pittsburgh Steelers,00-0036894,0.0,0.0,0.0,0.0,0.0,0.0,0.0,5.0,3.0,13.0,0.0,P.Freiermuth,PIT,team_norm & _alias_init_last,0.0,0.0,0.0,0.0,0.0,0.0,0.0,-0.71,-0.2999999999999998,8.0,0.18
2025,8,0.0,2025_08_GB_PIT,Pittsburgh Steelers,Connor Heyward,TE,00-0037304,1.0,0.0,0.0,0.0,0.0,0.0,0.0,0.0,0.0,0.0,0.0,0.0,0.0,71.38,43.53,25.04,330.4,123.8,2.005371568941537,0.657621244779953,1.0883046841381516,1.0,1.0,connor heyward,connorheyward,cheyward,Pittsburgh Steelers,00-0027969,,,,,,,,,,,,,,,,,,,,,,,,,
2025,8,0.0,2025_08_GB_PIT,Pittsburgh Steelers,Darnell Washington,TE,00-0038558,1.0,0.0,0.0,0.0,0.0,0.0,0.0,0.0,0.0,0.0,0.0,0.0,0.0,71.38,43.53,25.04,330.4,123.8,2.005371568941537,0.657621244779953,1.0883046841381516,1.0,1.0,darnell washington,darnellwashington,dwashington,Pittsburgh Steelers,00-0038558,0.0,0.0,0.0,0.0,0.0,0.0,0.0,1.0,0.0,0.0,0.0,D.Washington,PIT,team_norm & _alias_init_last,0.0,0.0,0.0,0.0,0.0,0.0,0.0,-1.0,0.0,0.0,0.0
2025,8,0.0,2025_08_GB_PIT,Pittsburgh Steelers,DK Metcalf,WR,00-0035640,1.0,0.0,0.0,0.0,0.0,0.0,0.0,0.0,10.33,6.12,63.9,0.46,0.367,71.38,43.53,25.04,330.4,123.8,2.005371568941537,0.657621244779953,1.0883046841381516,1.0,1.0,dk metcalf,dkmetcalf,dmetcalf,Pittsburgh Steelers,00-0035640,0.0,0.0,0.0,0.0,0.0,0.0,0.0,9.0,5.0,55.0,1.0,D.Metcalf,PIT,team_norm & _alias_init_last,0.0,0.0,0.0,0.0,0.0,0.0,0.0,1.33,1.12,8.899999999999999,-0.54
2025,8,0.0,2025_08_GB_PIT,Pittsburgh Steelers,Calvin Austin III,WR,00-0037837,1.0,0.0,0.0,0.0,0.0,0.0,0.0,0.0,7.78,4.44,49.3,0.32,0.2738,71.38,43.53,25.04,330.4,123.8,2.005371568941537,0.657621244779953,1.0883046841381516,1.0,1.0,calvin austin iii,calvinaustiniii,caustin,Pittsburgh Steelers,00-0037837,0.0,0.0,0.0,0.0,0.0,0.0,0.0,7.0,4.0,28.0,0.0,C.Austin,PIT,team_norm & _alias_init_last,0.0,0.0,0.0,0.0,0.0,0.0,0.0,0.7800000000000002,0.4400000000000004,21.299999999999997,0.32
2025,8,0.0,2025_08_GB_PIT,Pittsburgh Steelers,Roman Wilson,WR,00-0039739,1.0,0.0,0.0,0.0,0.0,0.0,0.0,0.0,5.19,3.3,45.3,0.23,0.204,71.38,43.53,25.04,330.4,123.8,2.005371568941537,0.657621244779953,1.0883046841381516,1.0,1.0,roman wilson,romanwilson,rwilson,Pittsburgh Steelers,00-0039739,0.0,0.0,0.0,0.0,0.0,0.0,0.0,5.0,4.0,74.0,1.0,R.Wilson,PIT,team_norm & _alias_init_last,0.0,0.0,0.0,0.0,0.0,0.0,0.0,0.1900000000000004,-0.7000000000000002,-28.700000000000003,-0.77
2025,8,0.0,2025_08_GB_PIT,Pittsburgh Steelers,Adam Thielen,WR,00-0030035,1.0,0.0,0.0,0.0,0.0,0.0,0.0,0.0,0.0,0.0,0.0,0.0,0.0,71.38,43.53,25.04,330.4,123.8,2.005371568941537,0.657621244779953,1.0883046841381516,0.0,0.0,adam thielen,adamthielen,athielen,Pittsburgh Steelers,00-0030035,0.0,0.0,0.0,0.0,0.0,0.0,0.0,2.0,0.0,0.0,0.0,A.Thielen,MIN,_alias_init_last,0.0,0.0,0.0,0.0,0.0,0.0,0.0,-2.0,0.0,0.0,0.0
2025,8,0.0,2025_08_GB_PIT,Pittsburgh Steelers,Ben Skowronek,WR,00-0036862,1.0,0.0,0.0,0.0,0.0,0.0,0.0,0.0,0.0,0.0,0.0,0.0,0.0,71.38,43.53,25.04,330.4,123.8,2.005371568941537,0.657621244779953,1.0883046841381516,1.0,1.0,ben skowronek,benskowronek,bskowronek,Pittsburgh Steelers,00-0036862,0.0,0.0,0.0,0.0,0.0,0.0,0.0,1.0,1.0,13.0,0.0,B.Skowronek,PIT,team_norm & _alias_init_last,0.0,0.0,0.0,0.0,0.0,0.0,0.0,-1.0,-1.0,-13.0,0.0
2025,8,0.0,2025_08_GB_PIT,Pittsburgh Steelers,Brandon Johnson,WR,00-0037382,1.0,0.0,0.0,0.0,0.0,0.0,0.0,0.0,0.0,0.0,0.0,0.0,0.0,71.38,43.53,25.04,330.4,123.8,2.005371568941537,0.657621244779953,1.0883046841381516,0.0,0.0,brandon johnson,brandonjohnson,bjohnson,Pittsburgh Steelers,00-0037382,,,,,,,,,,,,,,,,,,,,,,,,,
2025,8,0.0,2025_08_MIA_ATL,Atlanta Falcons,Michael Penix Jr.,QB,00-0039917,1.0,48.0,279.4,3.2,0.99,1.87,6.4,0.06,0.0,0.0,0.0,0.0,0.0548,70.87,46.81,21.26,295.2,87.3,3.2409562493544586,0.6714605402031819,1.1702441198472149,0.0,0.0,michael penix jr.,michaelpenixjr,mpenix,Atlanta Falcons,00-0039917,,,,,,,,,,,,,,,,,,,,,,,,,
2025,8,0.0,2025_08_MIA_ATL,Atlanta Falcons,Bijan Robinson,RB,00-0038542,1.0,0.0,0.0,0.0,0.0,12.47,41.0,0.47,5.23,3.3,19.7,0.37,0.5653,70.87,46.81,21.26,295.2,87.3,3.2409562493544586,0.6714605402031819,1.1702441198472149,1.0,1.0,bijan robinson,bijanrobinson,brobinson,Atlanta Falcons,00-0038542,0.0,0.0,0.0,0.0,9.0,25.0,0.0,3.0,3.0,23.0,0.0,B.Robinson,ATL,team_norm & _alias_init_last,0.0,0.0,0.0,0.0,3.4700000000000006,16.0,0.47,2.2300000000000004,0.2999999999999998,-3.3000000000000007,0.37
2025,8,0.0,2025_08_MIA_ATL,Atlanta Falcons,Tyler Allgeier,RB,00-0037263,1.0,0.0,0.0,0.0,0.0,6.93,22.8,0.17,3.25,2.16,12.6,0.22,0.3245,70.87,46.81,21.26,295.2,87.3,3.2409562493544586,0.6714605402031819,1.1702441198472149,1.0,1.0,tyler allgeier,tylerallgeier,tallgeier,Atlanta Falcons,00-0037263,0.0,0.0,0.0,0.0,4.0,4.0,1.0,2.0,2.0,10.0,0.0,T.Allgeier,ATL,team_norm & _alias_init_last,0.0,0.0,0.0,0.0,2.9299999999999997,18.8,-0.83,1.25,0.16000000000000014,2.5999999999999996,0.22
2025,8,0.0,2025_08_MIA_ATL,Atlanta Falcons,Nate Carter,RB,00-0040547,1.0,0.0,0.0,0.0,0.0,0.0,0.0,0.0,0.0,0.0,0.0,0.0,0.0,70.87,46.81,21.26,295.2,87.3,3.2409562493544586,0.6714605402031819,1.1702441198472149,1.0,1.0,nate carter,natecarter,ncarter,Atlanta Falcons,00-0040547,0.0,0.0,0.0,0.0,2.0,14.0,0.0,0.0,0.0,0.0,0.0,N.Carter,ATL,team_norm & _alias_init_last,0.0,0.0,0.0,0.0,-2.0,-14.0,0.0,0.0,0.0,0.0,0.0
2025,8,0.0,2025_08_MIA_ATL,Atlanta Falcons,Kyle Pitts Sr.,TE,,1.0,0.0,0.0,0.0,0.0,0.0,0.0,0.0,8.67,5.31,73.0,0.6,0.4513,70.87,46.81,21.26,295.2,87.3,3.2409562493544586,0.6714605402031819,1.1702441198472149,0.0,0.0,kyle pitts sr.,kylepittssr,kpitts,Atlanta Falcons,00-0036970,0.0,0.0,0.0,0.0,0.0,0.0,0.0,9.0,9.0,59.0,0.0,K.Pitts,ATL,team_norm & _alias_init_last,0.0,0.0,0.0,0.0,0.0,0.0,0.0,-0.33000000000000007,-3.6900000000000004,14.0,0.6
2025,8,0.0,2025_08_MIA_ATL,Atlanta Falcons,Charlie Woerner,TE,00-0036429,1.0,0.0,0.0,0.0,0.0,0.0,0.0,0.0,4.48,2.95,29.1,0.29,0.2532,70.87,46.81,21.26,295.2,87.3,3.2409562493544586,0.6714605402031819,1.1702441198472149,1.0,1.0,charlie woerner,charliewoerner,cwoerner,Atlanta Falcons,00-0036429,,,,,,,,,,,,,,,,,,,,,,,,,
2025,8,0.0,2025_08_MIA_ATL,Atlanta Falcons,Feleipe Franks,TE,00-0036825,1.0,0.0,0.0,0.0,0.0,0.0,0.0,0.0,0.0,0.0,0.0,0.0,0.0,70.87,46.81,21.26,295.2,87.3,3.2409562493544586,0.6714605402031819,1.1702441198472149,1.0,1.0,feleipe franks,feleipefranks,ffranks,Atlanta Falcons,00-0036825,,,,,,,,,,,,,,,,,,,,,,,,,
2025,8,0.0,2025_08_MIA_ATL,Atlanta Falcons,Teagan Quitoriano,TE,00-0037277,1.0,0.0,0.0,0.0,0.0,0.0,0.0,0.0,0.0,0.0,0.0,0.0,0.0,70.87,46.81,21.26,295.2,87.3,3.2409562493544586,0.6714605402031819,1.1702441198472149,1.0,1.0,teagan quitoriano,teaganquitoriano,tquitoriano,Atlanta Falcons,00-0037277,,,,,,,,,,,,,,,,,,,,,,,,,
2025,8,0.0,2025_08_MIA_ATL,Atlanta Falcons,Drake London,WR,00-0037238,1.0,0.0,0.0,0.0,0.0,0.0,0.0,0.0,10.86,6.86,56.9,0.72,0.5154,70.87,46.81,21.26,295.2,87.3,3.2409562493544586,0.6714605402031819,1.1702441198472149,0.0,0.0,drake london,drakelondon,dlondon,Atlanta Falcons,00-0037238,,,,,,,,,,,,,,,,,,,,,,,,,
2025,8,0.0,2025_08_MIA_ATL,Atlanta Falcons,Darnell Mooney,WR,00-0036309,1.0,0.0,0.0,0.0,0.0,0.0,0.0,0.0,8.18,4.67,43.0,0.51,0.4019,70.87,46.81,21.26,295.2,87.3,3.2409562493544586,0.6714605402031819,1.1702441198472149,1.0,1.0,darnell mooney,darnellmooney,dmooney,Atlanta Falcons,00-0036309,0.0,0.0,0.0,0.0,0.0,0.0,0.0,5.0,1.0,11.0,0.0,D.Mooney,ATL,team_norm & _alias_init_last,0.0,0.0,0.0,0.0,0.0,0.0,0.0,3.1799999999999997,3.67,32.0,0.51
2025,8,0.0,2025_08_MIA_ATL,Atlanta Falcons,David Sills V,WR,,1.0,0.0,0.0,0.0,0.0,0.0,0.0,0.0,5.45,3.6,51.6,0.38,0.3144,70.87,46.81,21.26,295.2,87.3,3.2409562493544586,0.6714605402031819,1.1702441198472149,0.0,0.0,david sills v,davidsillsv,dsills,Atlanta Falcons,00-0035359,0.0,0.0,0.0,0.0,0.0,0.0,0.0,3.0,2.0,14.0,0.0,D.Sills,ATL,team_norm & _alias_init_last,0.0,0.0,0.0,0.0,0.0,0.0,0.0,2.45,1.6,37.6,0.38
2025,8,0.0,2025_08_MIA_ATL,Atlanta Falcons,Casey Washington,WR,00-0039394,1.0,0.0,0.0,0.0,0.0,0.0,0.0,0.0,0.0,0.0,0.0,0.0,0.0,70.87,46.81,21.26,295.2,87.3,3.2409562493544586,0.6714605402031819,1.1702441198472149,1.0,1.0,casey washington,caseywashington,cwashington,Atlanta Falcons,00-0038930,0.0,0.0,0.0,0.0,0.0,0.0,0.0,1.0,1.0,25.0,0.0,C.Washington,ATL,team_norm & _alias_init_last,0.0,0.0,0.0,0.0,0.0,0.0,0.0,-1.0,-1.0,-25.0,0.0
2025,8,0.0,2025_08_MIA_ATL,Atlanta Falcons,Dylan Drummond,WR,00-0038953,1.0,0.0,0.0,0.0,0.0,0.0,0.0,0.0,0.0,0.0,0.0,0.0,0.0,70.87,46.81,21.26,295.2,87.3,3.2409562493544586,0.6714605402031819,1.1702441198472149,1.0,1.0,dylan drummond,dylandrummond,ddrummond,Atlanta Falcons,00-0038953,,,,,,,,,,,,,,,,,,,,,,,,,
2025,8,0.0,2025_08_MIA_ATL,Atlanta Falcons,KhaDarel Hodge,WR,00-0034854,1.0,0.0,0.0,0.0,0.0,0.0,0.0,0.0,0.0,0.0,0.0,0.0,0.0,70.87,46.81,21.26,295.2,87.3,3.2409562493544586,0.6714605402031819,1.1702441198472149,1.0,1.0,khadarel hodge,khadarelhodge,khodge,Atlanta Falcons,00-0034854,0.0,0.0,0.0,0.0,0.0,0.0,0.0,8.0,3.0,31.0,0.0,K.Hodge,ATL,team_norm & _alias_init_last,0.0,0.0,0.0,0.0,0.0,0.0,0.0,-8.0,-3.0,-31.0,0.0
2025,8,0.0,2025_08_MIA_ATL,Miami Dolphins,Tua Tagovailoa,QB,00-0036212,1.0,35.52,200.5,1.97,0.69,1.91,5.5,0.05,0.0,0.0,0.0,0.0,0.0488,55.0,32.62,19.91,183.0,72.8,1.9312586352985173,0.5429900165224204,0.8154402322024472,1.0,1.0,tua tagovailoa,tuatagovailoa,ttagovailoa,Miami Dolphins,00-0036212,30.0,205.0,4.0,0.0,0.0,0.0,0.0,0.0,0.0,0.0,0.0,T.Tagovailoa,MIA,team_norm & _alias_init_last,5.520000000000003,-4.5,-2.0300000000000002,0.69,1.91,5.5,0.05,0.0,0.0,0.0,0.0
2025,8,0.0,2025_08_MIA_ATL,Miami Dolphins,De'Von Achane,RB,00-0039040,1.0,0.0,0.0,0.0,0.0,11.57,35.2,0.38,3.51,2.32,10.7,0.21,0.4469,55.0,32.62,19.91,183.0,72.8,1.9312586352985173,0.5429900165224204,0.8154402322024472,1.0,1.0,de'von achane,devonachane,dachane,Miami Dolphins,00-0039040,0.0,0.0,0.0,0.0,19.0,67.0,0.0,7.0,5.0,24.0,1.0,D.Achane,MIA,team_norm & _alias_init_last,0.0,0.0,0.0,0.0,-7.43,-31.799999999999997,0.38,-3.49,-2.68,-13.3,-0.79
2025,8,0.0,2025_08_MIA_ATL,Miami Dolphins,Ollie Gordon II,RB,00-0040198,1.0,0.0,0.0,0.0,0.0,6.43,20.7,0.14,2.18,1.4,8.8,0.13,0.2395,55.0,32.62,19.91,183.0,72.8,1.9312586352985173,0.5429900165224204,0.8154402322024472,1.0,1.0,ollie gordon ii,olliegordonii,ogordon,Miami Dolphins,00-0040198,0.0,0.0,0.0,0.0,10.0,46.0,0.0,1.0,1.0,20.0,1.0,O.Gordon,MIA,team_norm & _alias_init_last,0.0,0.0,0.0,0.0,-3.5700000000000003,-25.3,0.14,1.1800000000000002,0.3999999999999999,-11.2,-0.87
2025,8,0.0,2025_08_MIA_ATL,Miami Dolphins,Jaylen Wright,RB,00-0039874,1.0,0.0,0.0,0.0,0.0,0.0,0.0,0.0,0.0,0.0,0.0,0.0,0.0,55.0,32.62,19.91,183.0,72.8,1.9312586352985173,0.5429900165224204,0.8154402322024472,1.0,1.0,jaylen wright,jaylenwright,jwright,Miami Dolphins,00-0039874,0.0,0.0,0.0,0.0,9.0,28.0,0.0,1.0,1.0,0.0,0.0,J.Wright,MIA,team_norm & _alias_init_last,0.0,0.0,0.0,0.0,-9.0,-28.0,0.0,-1.0,-1.0,0.0,0.0
2025,8,0.0,2025_08_MIA_ATL,Miami Dolphins,Julian Hill,TE,00-0038720,1.0,0.0,0.0,0.0,0.0,0.0,0.0,0.0,5.67,3.41,27.0,0.33,0.2827,55.0,32.62,19.91,183.0,72.8,1.9312586352985173,0.5429900165224204,0.8154402322024472,0.0,0.0,julian hill,julianhill,jhill,Miami Dolphins,00-0038720,0.0,0.0,0.0,0.0,1.0,2.0,0.0,0.0,0.0,0.0,0.0,J.Hill,BAL,_alias_init_last,0.0,0.0,0.0,0.0,-1.0,-2.0,0.0,5.67,3.41,27.0,0.33
2025,8,0.0,2025_08_MIA_ATL,Miami Dolphins,Tanner Conner,TE,,1.0,0.0,0.0,0.0,0.0,0.0,0.0,0.0,2.93,1.78,18.5,0.17,0.1592,55.0,32.62,19.91,183.0,72.8,1.9312586352985173,0.5429900165224204,0.8154402322024472,0.0,1.0,tanner conner,tannerconner,tconner,Miami Dolphins,,0.0,0.0,0.0,0.0,0.0,0.0,0.0,2.0,2.0,6.0,0.0,T.Conner,MIA,team_norm & _alias_init_last,0.0,0.0,0.0,0.0,0.0,0.0,0.0,0.9300000000000002,-0.21999999999999997,12.5,0.17
2025,8,0.0,2025_08_MIA_ATL,Miami Dolphins,Greg Dulcich,TE,00-0037252,1.0,0.0,0.0,0.0,0.0,0.0,0.0,0.0,0.0,0.0,0.0,0.0,0.0,55.0,32.62,19.91,183.0,72.8,1.9312586352985173,0.5429900165224204,0.8154402322024472,1.0,1.0,greg dulcich,gregdulcich,gdulcich,Miami Dolphins,00-0037252,,,,,,,,,,,,,,,,,,,,,,,,,
2025,8,0.0,2025_08_MIA_ATL,Miami Dolphins,Jaylen Waddle,WR,00-0036613,1.0,0.0,0.0,0.0,0.0,0.0,0.0,0.0,8.13,5.22,36.0,0.44,0.3554,55.0,32.62,19.91,183.0,72.8,1.9312586352985173,0.5429900165224204,0.8154402322024472,1.0,1.0,jaylen waddle,jaylenwaddle,jwaddle,Miami Dolphins,00-0036613,0.0,0.0,0.0,0.0,0.0,0.0,0.0,7.0,5.0,99.0,1.0,J.Waddle,MIA,team_norm & _alias_init_last,0.0,0.0,0.0,0.0,0.0,0.0,0.0,1.1300000000000008,0.21999999999999975,-63.0,-0.56
2025,8,0.0,2025_08_MIA_ATL,Miami Dolphins,Malik Washington,WR,00-0039880,1.0,0.0,0.0,0.0,0.0,0.0,0.0,0.0,6.12,4.38,31.5,0.35,0.294,55.0,32.62,19.91,183.0,72.8,1.9312586352985173,0.5429900165224204,0.8154402322024472,1.0,1.0,malik washington,malikwashington,mwashington,Miami Dolphins,00-0039880,0.0,0.0,0.0,0.0,0.0,0.0,0.0,5.0,4.0,36.0,1.0,M.Washington,MIA,team_norm & _alias_init_last,0.0,0.0,0.0,0.0,0.0,0.0,0.0,1.12,0.3799999999999999,-4.5,-0.65
2025,8,0.0,2025_08_MIA_ATL,Miami Dolphins,Nick Westbrook-Ikhine,WR,00-0036182,1.0,0.0,0.0,0.0,0.0,0.0,0.0,0.0,4.08,2.2,18.1,0.23,0.2057,55.0,32.62,19.91,183.0,72.8,1.9312586352985173,0.5429900165224204,0.8154402322024472,1.0,1.0,nick westbrook-ikhine,nickwestbrookikhine,nwestbrookikhine,Miami Dolphins,00-0036182,0.0,0.0,0.0,0.0,0.0,0.0,0.0,4.0,1.0,18.0,0.0,N.Westbrook-Ikhine,MIA,team_norm & _alias_init_last,0.0,0.0,0.0,0.0,0.0,0.0,0.0,0.08000000000000007,1.2000000000000002,0.10000000000000142,0.23
2025,8,0.0,2025_08_MIA_ATL,Miami Dolphins,Cedrick Wilson Jr.,WR,00-0034418,1.0,0.0,0.0,0.0,0.0,0.0,0.0,0.0,0.0,0.0,0.0,0.0,0.0,55.0,32.62,19.91,183.0,72.8,1.9312586352985173,0.5429900165224204,0.8154402322024472,1.0,1.0,cedrick wilson jr.,cedrickwilsonjr,cwilson,Miami Dolphins,00-0034418,0.0,0.0,0.0,0.0,0.0,0.0,0.0,2.0,1.0,2.0,0.0,C.Wilson,MIA,team_norm & _alias_init_last,0.0,0.0,0.0,0.0,0.0,0.0,0.0,-2.0,-1.0,-2.0,0.0
2025,8,0.0,2025_08_MIA_ATL,Miami Dolphins,Dee Eskridge,WR,00-0036620,1.0,0.0,0.0,0.0,0.0,0.0,0.0,0.0,0.0,0.0,0.0,0.0,0.0,55.0,32.62,19.91,183.0,72.8,1.9312586352985173,0.5429900165224204,0.8154402322024472,1.0,1.0,dee eskridge,deeeskridge,deskridge,Miami Dolphins,00-0036620,,,,,,,,,,,,,,,,,,,,,,,,,
2025,8,0.0,2025_08_MIN_LAC,Los Angeles Chargers,Justin Herbert,QB,00-0036355,1.0,39.64,246.9,1.99,0.84,3.99,13.5,0.04,0.0,0.0,0.0,0.0,0.0401,61.07,39.67,18.32,275.4,82.9,2.146875526680327,0.1808848902444126,0.9917194901097872,1.0,1.0,justin herbert,justinherbert,jherbert,Los Angeles Chargers,00-0036355,35.0,227.0,3.0,1.0,0.0,0.0,0.0,0.0,0.0,0.0,0.0,J.Herbert,LAC,team_norm & _alias_init_last,4.640000000000001,19.900000000000006,-1.01,-0.16000000000000003,3.99,13.5,0.04,0.0,0.0,0.0,0.0
2025,8,0.0,2025_08_MIN_LAC,Los Angeles Chargers,Kimani Vidal,RB,00-0039391,1.0,0.0,0.0,0.0,0.0,9.21,36.1,0.11,4.41,2.59,19.8,0.24,0.297,61.07,39.67,18.32,275.4,82.9,2.146875526680327,0.1808848902444126,0.9917194901097872,1.0,1.0,kimani vidal,kimanividal,kvidal,Los Angeles Chargers,00-0039391,0.0,0.0,0.0,0.0,24.0,117.0,1.0,2.0,1.0,10.0,0.0,K.Vidal,LAC,team_norm & _alias_init_last,0.0,0.0,0.0,0.0,-14.79,-80.9,-0.89,2.41,1.5899999999999999,9.8,0.24
2025,8,0.0,2025_08_MIN_LAC,Los Angeles Chargers,Hassan Haskins,RB,00-0037617,1.0,0.0,0.0,0.0,0.0,5.12,20.4,0.04,2.75,1.88,12.6,0.14,0.1673,61.07,39.67,18.32,275.4,82.9,2.146875526680327,0.1808848902444126,0.9917194901097872,0.0,0.0,hassan haskins,hassanhaskins,hhaskins,Los Angeles Chargers,00-0037617,,,,,,,,,,,,,,,,,,,,,,,,,
2025,8,0.0,2025_08_MIN_LAC,Los Angeles Chargers,Jaret Patterson,RB,00-0036755,1.0,0.0,0.0,0.0,0.0,0.0,0.0,0.0,0.0,0.0,0.0,0.0,0.0,61.07,39.67,18.32,275.4,82.9,2.146875526680327,0.1808848902444126,0.9917194901097872,1.0,1.0,jaret patterson,jaretpatterson,jpatterson,Los Angeles Chargers,00-0036755,0.0,0.0,0.0,0.0,11.0,30.0,0.0,0.0,0.0,0.0,0.0,J.Patterson,LAC,team_norm & _alias_init_last,0.0,0.0,0.0,0.0,-11.0,-30.0,0.0,0.0,0.0,0.0,0.0
2025,8,0.0,2025_08_MIN_LAC,Los Angeles Chargers,Oronde Gadsden II,TE,00-0040189,1.0,0.0,0.0,0.0,0.0,0.0,0.0,0.0,7.45,4.85,43.0,0.39,0.3228,61.07,39.67,18.32,275.4,82.9,2.146875526680327,0.1808848902444126,0.9917194901097872,1.0,1.0,oronde gadsden ii,orondegadsdenii,ogadsden,Los Angeles Chargers,00-0040189,0.0,0.0,0.0,0.0,0.0,0.0,0.0,5.0,5.0,77.0,1.0,O.Gadsden,LAC,team_norm & _alias_init_last,0.0,0.0,0.0,0.0,0.0,0.0,0.0,2.45,-0.15000000000000036,-34.0,-0.61
2025,8,0.0,2025_08_MIN_LAC,Los Angeles Chargers,Tucker Fisk,TE,00-0037654,1.0,0.0,0.0,0.0,0.0,0.0,0.0,0.0,3.85,2.71,26.6,0.2,0.1825,61.07,39.67,18.32,275.4,82.9,2.146875526680327,0.1808848902444126,0.9917194901097872,1.0,1.0,tucker fisk,tuckerfisk,tfisk,Los Angeles Chargers,00-0037654,,,,,,,,,,,,,,,,,,,,,,,,,
2025,8,0.0,2025_08_MIN_LAC,Los Angeles Chargers,Stevo Klotz,TE,00-0040469,1.0,0.0,0.0,0.0,0.0,0.0,0.0,0.0,0.0,0.0,0.0,0.0,0.0,61.07,39.67,18.32,275.4,82.9,2.146875526680327,0.1808848902444126,0.9917194901097872,0.0,0.0,stevo klotz,stevoklotz,sklotz,Los Angeles Chargers,00-0040469,,,,,,,,,,,,,,,,,,,,,,,,,
2025,8,0.0,2025_08_MIN_LAC,Los Angeles Chargers,Tanner McLachlan,TE,00-0039399,1.0,0.0,0.0,0.0,0.0,0.0,0.0,0.0,0.0,0.0,0.0,0.0,0.0,61.07,39.67,18.32,275.4,82.9,2.146875526680327,0.1808848902444126,0.9917194901097872,0.0,0.0,tanner mclachlan,tannermclachlan,tmclachlan,Los Angeles Chargers,00-0039399,,,,,,,,,,,,,,,,,,,,,,,,,
2025,8,0.0,2025_08_MIN_LAC,Los Angeles Chargers,Tyler Conklin,TE,00-0034270,1.0,0.0,0.0,0.0,0.0,0.0,0.0,0.0,0.0,0.0,0.0,0.0,0.0,61.07,39.67,18.32,275.4,82.9,2.146875526680327,0.1808848902444126,0.9917194901097872,1.0,1.0,tyler conklin,tylerconklin,tconklin,Los Angeles Chargers,00-0034270,,,,,,,,,,,,,,,,,,,,,,,,,
2025,8,0.0,2025_08_MIN_LAC,Los Angeles Chargers,Ladd McConkey,WR,00-0039915,1.0,0.0,0.0,0.0,0.0,0.0,0.0,0.0,9.22,6.32,59.0,0.46,0.3683,61.07,39.67,18.32,275.4,82.9,2.146875526680327,0.1808848902444126,0.9917194901097872,1.0,1.0,ladd mcconkey,laddmcconkey,lmcconkey,Los Angeles Chargers,,0.0,0.0,0.0,0.0,0.0,0.0,0.0,11.0,6.0,88.0,1.0,L.McConkey,LAC,team_norm & _alias_init_last,0.0,0.0,0.0,0.0,0.0,0.0,0.0,-1.7799999999999994,0.3200000000000003,-29.0,-0.54
2025,8,0.0,2025_08_MIN_LAC,Los Angeles Chargers,Keenan Allen,WR,00-0030279,1.0,0.0,0.0,0.0,0.0,0.0,0.0,0.0,6.94,4.67,40.6,0.36,0.2996,61.07,39.67,18.32,275.4,82.9,2.146875526680327,0.1808848902444126,0.9917194901097872,1.0,1.0,keenan allen,keenanallen,kallen,Los Angeles Chargers,00-0030279,0.0,0.0,0.0,0.0,0.0,0.0,0.0,5.0,4.0,44.0,0.0,K.Allen,LAC,team_norm & _alias_init_last,0.0,0.0,0.0,0.0,0.0,0.0,0.0,1.9400000000000004,0.6699999999999999,-3.3999999999999986,0.36
2025,8,0.0,2025_08_MIN_LAC,Los Angeles Chargers,Quentin Johnston,WR,00-0038544,1.0,0.0,0.0,0.0,0.0,0.0,0.0,0.0,4.63,2.64,26.2,0.24,0.2113,61.07,39.67,18.32,275.4,82.9,2.146875526680327,0.1808848902444126,0.9917194901097872,1.0,1.0,quentin johnston,quentinjohnston,qjohnston,Los Angeles Chargers,00-0038544,,,,,,,,,,,,,,,,,,,,,,,,,
2025,8,0.0,2025_08_MIN_LAC,Los Angeles Chargers,Derius Davis,WR,00-0038573,1.0,0.0,0.0,0.0,0.0,0.0,0.0,0.0,0.0,0.0,0.0,0.0,0.0,61.07,39.67,18.32,275.4,82.9,2.146875526680327,0.1808848902444126,0.9917194901097872,1.0,1.0,derius davis,deriusdavis,ddavis,Los Angeles Chargers,00-0038573,,,,,,,,,,,,,,,,,,,,,,,,,
2025,8,0.0,2025_08_MIN_LAC,Los Angeles Chargers,Tre Harris,WR,00-0040727,1.0,0.0,0.0,0.0,0.0,0.0,0.0,0.0,0.0,0.0,0.0,0.0,0.0,61.07,39.67,18.32,275.4,82.9,2.146875526680327,0.1808848902444126,0.9917194901097872,1.0,1.0,tre harris,treharris,tharris,Los Angeles Chargers,,0.0,0.0,0.0,0.0,0.0,0.0,0.0,2.0,2.0,8.0,1.0,T.Harris,LAC,team_norm & _alias_init_last,0.0,0.0,0.0,0.0,0.0,0.0,0.0,-2.0,-2.0,-8.0,-1.0
2025,8,0.0,2025_08_MIN_LAC,Minnesota Vikings,J.J. McCarthy,QB,00-0039923,1.0,48.0,245.9,2.71,0.98,0.93,2.9,0.02,0.0,0.0,0.0,0.0,0.0219,72.0,46.29,21.91,259.7,80.1,2.494186697861161,0.5474735290914059,1.1573262994642908,0.0,0.0,j.j. mccarthy,jjmccarthy,jmccarthy,Minnesota Vikings,00-0039923,,,,,,,,,,,,,,,,,,,,,,,,,
2025,8,0.0,2025_08_MIN_LAC,Minnesota Vikings,Jordan Mason,RB,00-0037525,1.0,0.0,0.0,0.0,0.0,13.49,40.2,0.41,4.85,3.17,18.1,0.26,0.487,72.0,46.29,21.91,259.7,80.1,2.494186697861161,0.5474735290914059,1.1573262994642908,1.0,1.0,jordan mason,jordanmason,jmason,Minnesota Vikings,00-0037525,0.0,0.0,0.0,0.0,5.0,3.0,0.0,1.0,1.0,3.0,0.0,J.Mason,MIN,team_norm & _alias_init_last,0.0,0.0,0.0,0.0,8.49,37.2,0.41,3.8499999999999996,2.17,15.100000000000001,0.26
2025,8,0.0,2025_08_MIN_LAC,Minnesota Vikings,Aaron Jones Sr.,RB,,1.0,0.0,0.0,0.0,0.0,7.49,27.3,0.14,3.02,1.85,13.7,0.16,0.2598,72.0,46.29,21.91,259.7,80.1,2.494186697861161,0.5474735290914059,1.1573262994642908,0.0,0.0,aaron jones sr.,aaronjonessr,ajones,Minnesota Vikings,00-0033293,0.0,0.0,0.0,0.0,5.0,15.0,0.0,4.0,2.0,15.0,0.0,A.Jones,MIN,team_norm & _alias_init_last,0.0,0.0,0.0,0.0,2.49,12.3,0.14,-0.98,-0.1499999999999999,-1.3000000000000007,0.16
2025,8,0.0,2025_08_MIN_LAC,Minnesota Vikings,Zavier Scott,RB,00-0038440,1.0,0.0,0.0,0.0,0.0,0.0,0.0,0.0,0.0,0.0,0.0,0.0,0.0,72.0,46.29,21.91,259.7,80.1,2.494186697861161,0.5474735290914059,1.1573262994642908,1.0,1.0,zavier scott,zavierscott,zscott,Minnesota Vikings,00-0038440,0.0,0.0,0.0,0.0,2.0,16.0,0.0,2.0,2.0,8.0,0.0,Z.Scott,MIN,team_norm & _alias_init_last,0.0,0.0,0.0,0.0,-2.0,-16.0,0.0,-2.0,-2.0,-8.0,0.0
2025,8,0.0,2025_08_MIN_LAC,Minnesota Vikings,T.J. Hockenson,TE,00-0035229,1.0,0.0,0.0,0.0,0.0,0.0,0.0,0.0,8.37,5.43,33.7,0.41,0.3337,72.0,46.29,21.91,259.7,80.1,2.494186697861161,0.5474735290914059,1.1573262994642908,1.0,1.0,t.j. hockenson,tjhockenson,thockenson,Minnesota Vikings,00-0035229,0.0,0.0,0.0,0.0,0.0,0.0,0.0,3.0,2.0,26.0,0.0,T.Hockenson,MIN,team_norm & _alias_init_last,0.0,0.0,0.0,0.0,0.0,0.0,0.0,5.369999999999999,3.4299999999999997,7.700000000000003,0.41
2025,8,0.0,2025_08_MIN_LAC,Minnesota Vikings,Josh Oliver,TE,00-0035249,1.0,0.0,0.0,0.0,0.0,0.0,0.0,0.0,4.2,2.78,17.9,0.22,0.2008,72.0,46.29,21.91,259.7,80.1,2.494186697861161,0.5474735290914059,1.1573262994642908,1.0,1.0,josh oliver,josholiver,joliver,Minnesota Vikings,00-0035249,,,,,,,,,,,,,,,,,,,,,,,,,
2025,8,0.0,2025_08_MIN_LAC,Minnesota Vikings,Ben Sims,TE,00-0038809,1.0,0.0,0.0,0.0,0.0,0.0,0.0,0.0,0.0,0.0,0.0,0.0,0.0,72.0,46.29,21.91,259.7,80.1,2.494186697861161,0.5474735290914059,1.1573262994642908,0.0,0.0,ben sims,bensims,bsims,Minnesota Vikings,00-0038809,,,,,,,,,,,,,,,,,,,,,,,,,
2025,8,0.0,2025_08_MIN_LAC,Minnesota Vikings,Ben Yurosek,TE,00-0040509,1.0,0.0,0.0,0.0,0.0,0.0,0.0,0.0,0.0,0.0,0.0,0.0,0.0,72.0,46.29,21.91,259.7,80.1,2.494186697861161,0.5474735290914059,1.1573262994642908,1.0,1.0,ben yurosek,benyurosek,byurosek,Minnesota Vikings,00-0040509,0.0,0.0,0.0,0.0,0.0,0.0,0.0,2.0,1.0,5.0,0.0,B.Yurosek,MIN,team_norm & _alias_init_last,0.0,0.0,0.0,0.0,0.0,0.0,0.0,-2.0,-1.0,-5.0,0.0
2025,8,0.0,2025_08_MIN_LAC,Minnesota Vikings,Justin Jefferson,WR,00-0036322,1.0,0.0,0.0,0.0,0.0,0.0,0.0,0.0,11.58,7.63,52.4,0.6,0.4497,72.0,46.29,21.91,259.7,80.1,2.494186697861161,0.5474735290914059,1.1573262994642908,1.0,1.0,justin jefferson,justinjefferson,jjefferson,Minnesota Vikings,00-0036322,0.0,0.0,0.0,0.0,0.0,0.0,0.0,11.0,7.0,74.0,0.0,J.Jefferson,MIN,team_norm & _alias_init_last,0.0,0.0,0.0,0.0,0.0,0.0,0.0,0.5800000000000001,0.6299999999999999,-21.6,0.6
2025,8,0.0,2025_08_MIN_LAC,Minnesota Vikings,Jordan Addison,WR,00-0038994,1.0,0.0,0.0,0.0,0.0,0.0,0.0,0.0,8.57,5.14,38.3,0.45,0.3608,72.0,46.29,21.91,259.7,80.1,2.494186697861161,0.5474735290914059,1.1573262994642908,1.0,1.0,jordan addison,jordanaddison,jaddison,Minnesota Vikings,00-0038994,0.0,0.0,0.0,0.0,0.0,0.0,0.0,4.0,3.0,26.0,1.0,J.Addison,MIN,team_norm & _alias_init_last,0.0,0.0,0.0,0.0,0.0,0.0,0.0,4.57,2.1399999999999997,12.299999999999997,-0.55
2025,8,0.0,2025_08_MIN_LAC,Minnesota Vikings,Jalen Nailor,WR,00-0037291,1.0,0.0,0.0,0.0,0.0,0.0,0.0,0.0,5.71,3.52,27.2,0.3,0.2621,72.0,46.29,21.91,259.7,80.1,2.494186697861161,0.5474735290914059,1.1573262994642908,1.0,1.0,jalen nailor,jalennailor,jnailor,Minnesota Vikings,00-0037291,0.0,0.0,0.0,0.0,0.0,0.0,0.0,1.0,0.0,0.0,0.0,J.Nailor,MIN,team_norm & _alias_init_last,0.0,0.0,0.0,0.0,0.0,0.0,0.0,4.71,3.52,27.2,0.3
2025,8,0.0,2025_08_MIN_LAC,Minnesota Vikings,Myles Price,WR,00-0040506,1.0,0.0,0.0,0.0,0.0,0.0,0.0,0.0,0.0,0.0,0.0,0.0,0.0,72.0,46.29,21.91,259.7,80.1,2.494186697861161,0.5474735290914059,1.1573262994642908,1.0,1.0,myles price,mylesprice,mprice,Minnesota Vikings,00-0040506,,,,,,,,,,,,,,,,,,,,,,,,,
2025,8,0.0,2025_08_MIN_LAC,Minnesota Vikings,Tai Felton,WR,00-0040154,1.0,0.0,0.0,0.0,0.0,0.0,0.0,0.0,0.0,0.0,0.0,0.0,0.0,72.0,46.29,21.91,259.7,80.1,2.494186697861161,0.5474735290914059,1.1573262994642908,1.0,1.0,tai felton,taifelton,tfelton,Minnesota Vikings,00-0040154,,,,,,,,,,,,,,,,,,,,,,,,,
2025,8,0.0,2025_08_NYG_PHI,New York Giants,Jaxson Dart,QB,00-0040691,1.0,40.5,278.0,2.31,0.82,4.57,17.8,0.15,0.0,0.0,0.0,0.0,0.1372,72.0,38.69,30.86,293.7,152.6,2.2130747221211453,0.8894715434984763,0.9672375464638407,1.0,1.0,jaxson dart,jaxsondart,jdart,New York Giants,00-0040691,32.0,193.0,1.0,0.0,3.0,9.0,1.0,0.0,0.0,0.0,0.0,J.Dart,NYG,team_norm & _alias_init_last,8.5,85.0,1.31,0.82,1.5700000000000003,8.8,-0.85,0.0,0.0,0.0,0.0
2025,8,0.0,2025_08_NYG_PHI,New York Giants,Tyrone Tracy Jr.,RB,00-0039384,1.0,0.0,0.0,0.0,0.0,16.9,68.3,0.56,4.1,2.42,19.1,0.23,0.549,72.0,38.69,30.86,293.7,152.6,2.2130747221211453,0.8894715434984763,0.9672375464638407,1.0,1.0,tyrone tracy jr.,tyronetracyjr,ttracy,New York Giants,00-0039384,0.0,0.0,0.0,0.0,10.0,39.0,0.0,3.0,2.0,14.0,0.0,T.Tracy,NYG,team_norm & _alias_init_last,0.0,0.0,0.0,0.0,6.899999999999999,29.299999999999997,0.56,1.0999999999999996,0.41999999999999993,5.100000000000001,0.23
2025,8,0.0,2025_08_NYG_PHI,New York Giants,Devin Singletary,RB,00-0035250,1.0,0.0,0.0,0.0,0.0,9.39,38.7,0.21,2.55,1.61,11.1,0.14,0.2976,72.0,38.69,30.86,293.7,152.6,2.2130747221211453,0.8894715434984763,0.9672375464638407,1.0,1.0,devin singletary,devinsingletary,dsingletary,New York Giants,00-0035250,0.0,0.0,0.0,0.0,2.0,0.0,0.0,1.0,1.0,28.0,0.0,D.Singletary,NYG,team_norm & _alias_init_last,0.0,0.0,0.0,0.0,7.390000000000001,38.7,0.21,1.5499999999999998,0.6100000000000001,-16.9,0.14
2025,8,0.0,2025_08_NYG_PHI,New York Giants,Theo Johnson,TE,00-0039847,1.0,0.0,0.0,0.0,0.0,0.0,0.0,0.0,6.9,3.9,39.4,0.36,0.3041,72.0,38.69,30.86,293.7,152.6,2.2130747221211453,0.8894715434984763,0.9672375464638407,1.0,1.0,theo johnson,theojohnson,tjohnson,New York Giants,00-0039847,0.0,0.0,0.0,0.0,0.0,0.0,0.0,4.0,3.0,20.0,0.0,T.Johnson,NYG,team_norm & _alias_init_last,0.0,0.0,0.0,0.0,0.0,0.0,0.0,2.9000000000000004,0.8999999999999999,19.4,0.36
2025,8,0.0,2025_08_NYG_PHI,New York Giants,Daniel Bellinger,TE,00-0038115,1.0,0.0,0.0,0.0,0.0,0.0,0.0,0.0,3.57,2.55,19.6,0.19,0.1723,72.0,38.69,30.86,293.7,152.6,2.2130747221211453,0.8894715434984763,0.9672375464638407,1.0,1.0,daniel bellinger,danielbellinger,dbellinger,New York Giants,00-0038115,0.0,0.0,0.0,0.0,0.0,0.0,0.0,1.0,1.0,21.0,0.0,D.Bellinger,NYG,team_norm & _alias_init_last,0.0,0.0,0.0,0.0,0.0,0.0,0.0,2.57,1.5499999999999998,-1.3999999999999986,0.19
2025,8,0.0,2025_08_NYG_PHI,New York Giants,Chris Manhertz,TE,00-0031484,1.0,0.0,0.0,0.0,0.0,0.0,0.0,0.0,0.0,0.0,0.0,0.0,0.0,72.0,38.69,30.86,293.7,152.6,2.2130747221211453,0.8894715434984763,0.9672375464638407,1.0,1.0,chris manhertz,chrismanhertz,cmanhertz,New York Giants,00-0031484,,,,,,,,,,,,,,,,,,,,,,,,,
2025,8,0.0,2025_08_NYG_PHI,New York Giants,Jermaine Terry,TE,00-0040457,1.0,0.0,0.0,0.0,0.0,0.0,0.0,0.0,0.0,0.0,0.0,0.0,0.0,72.0,38.69,30.86,293.7,152.6,2.2130747221211453,0.8894715434984763,0.9672375464638407,0.0,0.0,jermaine terry,jermaineterry,jterry,New York Giants,00-0040457,,,,,,,,,,,,,,,,,,,,,,,,,
2025,8,0.0,2025_08_NYG_PHI,New York Giants,Thomas Fidone II,TE,00-0040225,1.0,0.0,0.0,0.0,0.0,0.0,0.0,0.0,0.0,0.0,0.0,0.0,0.0,72.0,38.69,30.86,293.7,152.6,2.2130747221211453,0.8894715434984763,0.9672375464638407,1.0,1.0,thomas fidone ii,thomasfidoneii,tfidone,New York Giants,00-0040225,,,,,,,,,,,,,,,,,,,,,,,,,
2025,8,0.0,2025_08_NYG_PHI,New York Giants,Wan'Dale Robinson,WR,00-0038117,1.0,0.0,0.0,0.0,0.0,0.0,0.0,0.0,9.57,6.57,59.9,0.49,0.3903,72.0,38.69,30.86,293.7,152.6,2.2130747221211453,0.8894715434984763,0.9672375464638407,1.0,1.0,wan'dale robinson,wandalerobinson,wrobinson,New York Giants,,0.0,0.0,0.0,0.0,0.0,0.0,0.0,4.0,3.0,48.0,0.0,W.Robinson,NYG,team_norm & _alias_init_last,0.0,0.0,0.0,0.0,0.0,0.0,0.0,5.57,3.5700000000000003,11.899999999999999,0.49
2025,8,0.0,2025_08_NYG_PHI,New York Giants,Darius Slayton,WR,00-0035535,1.0,0.0,0.0,0.0,0.0,0.0,0.0,0.0,7.2,4.21,44.3,0.37,0.3088,72.0,38.69,30.86,293.7,152.6,2.2130747221211453,0.8894715434984763,0.9672375464638407,1.0,1.0,darius slayton,dariusslayton,dslayton,New York Giants,00-0035535,0.0,0.0,0.0,0.0,0.0,0.0,0.0,6.0,2.0,26.0,0.0,D.Slayton,NYG,team_norm & _alias_init_last,0.0,0.0,0.0,0.0,0.0,0.0,0.0,1.2000000000000002,2.21,18.299999999999997,0.37
2025,8,0.0,2025_08_NYG_PHI,New York Giants,Beaux Collins,WR,00-0040432,1.0,0.0,0.0,0.0,0.0,0.0,0.0,0.0,4.8,2.99,50.2,0.27,0.2388,72.0,38.69,30.86,293.7,152.6,2.2130747221211453,0.8894715434984763,0.9672375464638407,1.0,1.0,beaux collins,beauxcollins,bcollins,New York Giants,00-0040432,0.0,0.0,0.0,0.0,0.0,0.0,0.0,2.0,1.0,18.0,0.0,B.Collins,NYG,team_norm & _alias_init_last,0.0,0.0,0.0,0.0,0.0,0.0,0.0,2.8,1.9900000000000002,32.2,0.27
2025,8,0.0,2025_08_NYG_PHI,New York Giants,Gunner Olszewski,WR,00-0035645,1.0,0.0,0.0,0.0,0.0,0.0,0.0,0.0,0.0,0.0,0.0,0.0,0.0,72.0,38.69,30.86,293.7,152.6,2.2130747221211453,0.8894715434984763,0.9672375464638407,1.0,1.0,gunner olszewski,gunnerolszewski,golszewski,New York Giants,,,,,,,,,,,,,,,,,,,,,,,,,,
2025,8,0.0,2025_08_NYG_PHI,Philadelphia Eagles,Jalen Hurts,QB,00-0036389,1.0,35.31,202.4,2.28,0.76,11.27,31.6,0.41,0.0,0.0,0.0,0.0,0.3355,72.0,35.64,33.8,216.2,133.6,2.67624225993072,1.2679157874766238,0.8909234076066167,1.0,1.0,jalen hurts,jalenhurts,jhurts,Philadelphia Eagles,00-0036389,29.0,179.0,4.0,0.0,1.0,2.0,0.0,0.0,0.0,0.0,0.0,J.Hurts,PHI,team_norm & _alias_init_last,6.310000000000002,23.400000000000006,-1.7200000000000002,0.76,10.27,29.6,0.41,0.0,0.0,0.0,0.0
2025,8,0.0,2025_08_NYG_PHI,Philadelphia Eagles,Saquon Barkley,RB,00-0034844,1.0,0.0,0.0,0.0,0.0,14.48,48.4,0.72,3.81,2.32,12.5,0.28,0.6326,72.0,35.64,33.8,216.2,133.6,2.67624225993072,1.2679157874766238,0.8909234076066167,1.0,1.0,saquon barkley,saquonbarkley,sbarkley,Philadelphia Eagles,00-0034844,0.0,0.0,0.0,0.0,14.0,150.0,1.0,5.0,4.0,24.0,1.0,S.Barkley,PHI,team_norm & _alias_init_last,0.0,0.0,0.0,0.0,0.4800000000000004,-101.6,-0.28,-1.19,-1.6800000000000002,-11.5,-0.72
2025,8,0.0,2025_08_NYG_PHI,Philadelphia Eagles,Tank Bigsby,RB,00-0038555,1.0,0.0,0.0,0.0,0.0,8.05,26.8,0.27,2.37,1.22,9.1,0.18,0.3598,72.0,35.64,33.8,216.2,133.6,2.67624225993072,1.2679157874766238,0.8909234076066167,1.0,1.0,tank bigsby,tankbigsby,tbigsby,Philadelphia Eagles,,0.0,0.0,0.0,0.0,9.0,104.0,0.0,0.0,0.0,0.0,0.0,T.Bigsby,PHI,team_norm & _alias_init_last,0.0,0.0,0.0,0.0,-0.9499999999999993,-77.2,0.27,2.37,1.22,9.1,0.18
2025,8,0.0,2025_08_NYG_PHI,Philadelphia Eagles,AJ Dillon,RB,00-0036265,1.0,0.0,0.0,0.0,0.0,0.0,0.0,0.0,0.0,0.0,0.0,0.0,0.0,72.0,35.64,33.8,216.2,133.6,2.67624225993072,1.2679157874766238,0.8909234076066167,1.0,1.0,aj dillon,ajdillon,adillon,Philadelphia Eagles,00-0036265,,,,,,,,,,,,,,,,,,,,,,,,,
2025,8,0.0,2025_08_NYG_PHI,Philadelphia Eagles,Will Shipley,RB,00-0039746,1.0,0.0,0.0,0.0,0.0,0.0,0.0,0.0,0.0,0.0,0.0,0.0,0.0,72.0,35.64,33.8,216.2,133.6,2.67624225993072,1.2679157874766238,0.8909234076066167,1.0,1.0,will shipley,willshipley,wshipley,Philadelphia Eagles,00-0039746,0.0,0.0,0.0,0.0,3.0,2.0,0.0,0.0,0.0,0.0,0.0,W.Shipley,PHI,team_norm & _alias_init_last,0.0,0.0,0.0,0.0,-3.0,-2.0,0.0,0.0,0.0,0.0,0.0
2025,8,0.0,2025_08_NYG_PHI,Philadelphia Eagles,Dallas Goedert,TE,00-0034351,1.0,0.0,0.0,0.0,0.0,0.0,0.0,0.0,6.51,4.47,27.8,0.45,0.3604,72.0,35.64,33.8,216.2,133.6,2.67624225993072,1.2679157874766238,0.8909234076066167,1.0,1.0,dallas goedert,dallasgoedert,dgoedert,Philadelphia Eagles,00-0034351,0.0,0.0,0.0,0.0,0.0,0.0,0.0,3.0,3.0,28.0,2.0,D.Goedert,PHI,team_norm & _alias_init_last,0.0,0.0,0.0,0.0,0.0,0.0,0.0,3.51,1.4699999999999998,-0.1999999999999993,-1.55
2025,8,0.0,2025_08_NYG_PHI,Philadelphia Eagles,Grant Calcaterra,TE,00-0037086,1.0,0.0,0.0,0.0,0.0,0.0,0.0,0.0,3.37,2.32,16.8,0.24,0.213,72.0,35.64,33.8,216.2,133.6,2.67624225993072,1.2679157874766238,0.8909234076066167,1.0,1.0,grant calcaterra,grantcalcaterra,gcalcaterra,Philadelphia Eagles,00-0037086,,,,,,,,,,,,,,,,,,,,,,,,,
2025,8,0.0,2025_08_NYG_PHI,Philadelphia Eagles,Cameron Latu,TE,00-0038564,1.0,0.0,0.0,0.0,0.0,0.0,0.0,0.0,0.0,0.0,0.0,0.0,0.0,72.0,35.64,33.8,216.2,133.6,2.67624225993072,1.2679157874766238,0.8909234076066167,1.0,1.0,cameron latu,cameronlatu,clatu,Philadelphia Eagles,00-0038564,,,,,,,,,,,,,,,,,,,,,,,,,
2025,8,0.0,2025_08_NYG_PHI,Philadelphia Eagles,Kylen Granson,TE,00-0036876,1.0,0.0,0.0,0.0,0.0,0.0,0.0,0.0,0.0,0.0,0.0,0.0,0.0,72.0,35.64,33.8,216.2,133.6,2.67624225993072,1.2679157874766238,0.8909234076066167,1.0,1.0,kylen granson,kylengranson,kgranson,Philadelphia Eagles,00-0036876,,,,,,,,,,,,,,,,,,,,,,,,,
2025,8,0.0,2025_08_NYG_PHI,Philadelphia Eagles,DeVonta Smith,WR,00-0036912,1.0,0.0,0.0,0.0,0.0,0.0,0.0,0.0,8.68,6.34,43.6,0.6,0.4491,72.0,35.64,33.8,216.2,133.6,2.67624225993072,1.2679157874766238,0.8909234076066167,1.0,1.0,devonta smith,devontasmith,dsmith,Philadelphia Eagles,00-0036912,0.0,0.0,0.0,0.0,0.0,0.0,0.0,10.0,6.0,84.0,0.0,D.Smith,PHI,team_norm & _alias_init_last,0.0,0.0,0.0,0.0,0.0,0.0,0.0,-1.3200000000000003,0.33999999999999986,-40.4,0.6
2025,8,0.0,2025_08_NYG_PHI,Philadelphia Eagles,Jahan Dotson,WR,00-0037741,1.0,0.0,0.0,0.0,0.0,0.0,0.0,0.0,6.54,3.69,32.2,0.47,0.374,72.0,35.64,33.8,216.2,133.6,2.67624225993072,1.2679157874766238,0.8909234076066167,1.0,1.0,jahan dotson,jahandotson,jdotson,Philadelphia Eagles,00-0037741,0.0,0.0,0.0,0.0,0.0,0.0,0.0,2.0,1.0,40.0,1.0,J.Dotson,PHI,team_norm & _alias_init_last,0.0,0.0,0.0,0.0,0.0,0.0,0.0,4.54,2.69,-7.799999999999997,-0.53
2025,8,0.0,2025_08_NYG_PHI,Philadelphia Eagles,Darius Cooper,WR,00-0040024,1.0,0.0,0.0,0.0,0.0,0.0,0.0,0.0,4.36,2.99,32.3,0.32,0.2731,72.0,35.64,33.8,216.2,133.6,2.67624225993072,1.2679157874766238,0.8909234076066167,1.0,1.0,darius cooper,dariuscooper,dcooper,Philadelphia Eagles,00-0040024,,,,,,,,,,,,,,,,,,,,,,,,,
2025,8,0.0,2025_08_NYG_PHI,Philadelphia Eagles,Danny Gray,WR,00-0037828,1.0,0.0,0.0,0.0,0.0,0.0,0.0,0.0,0.0,0.0,0.0,0.0,0.0,72.0,35.64,33.8,216.2,133.6,2.67624225993072,1.2679157874766238,0.8909234076066167,0.0,0.0,danny gray,dannygray,dgray,Philadelphia Eagles,00-0037828,,,,,,,,,,,,,,,,,,,,,,,,,
2025,8,0.0,2025_08_NYJ_CIN,Cincinnati Bengals,Joe Flacco,QB,00-0026158,1.0,47.22,315.6,2.66,1.01,1.75,6.9,0.05,0.0,0.0,0.0,0.0,0.045,72.0,47.45,21.6,360.2,106.8,2.732281708635855,0.5294711798209195,1.186350199439327,1.0,1.0,joe flacco,joeflacco,jflacco,Cincinnati Bengals,00-0026158,37.0,223.0,2.0,0.0,1.0,1.0,1.0,0.0,0.0,0.0,0.0,J.Flacco,CIN,team_norm & _alias_init_last,10.219999999999999,92.60000000000002,0.6600000000000001,1.01,0.75,5.9,-0.95,0.0,0.0,0.0,0.0
2025,8,0.0,2025_08_NYJ_CIN,Cincinnati Bengals,Chase Brown,RB,00-0038597,1.0,0.0,0.0,0.0,0.0,12.76,51.1,0.38,5.0,3.29,20.9,0.3,0.4914,72.0,47.45,21.6,360.2,106.8,2.732281708635855,0.5294711798209195,1.186350199439327,1.0,1.0,chase brown,chasebrown,cbrown,Cincinnati Bengals,00-0038597,0.0,0.0,0.0,0.0,12.0,73.0,1.0,4.0,3.0,32.0,1.0,C.Brown,CIN,team_norm & _alias_init_last,0.0,0.0,0.0,0.0,0.7599999999999998,-21.9,-0.62,1.0,0.29000000000000004,-11.100000000000001,-0.7
2025,8,0.0,2025_08_NYJ_CIN,Cincinnati Bengals,Samaje Perine,RB,00-0033526,1.0,0.0,0.0,0.0,0.0,7.09,29.6,0.14,3.11,2.03,12.3,0.18,0.2676,72.0,47.45,21.6,360.2,106.8,2.732281708635855,0.5294711798209195,1.186350199439327,1.0,1.0,samaje perine,samajeperine,sperine,Cincinnati Bengals,00-0033526,0.0,0.0,0.0,0.0,9.0,94.0,1.0,1.0,1.0,6.0,0.0,S.Perine,CIN,team_norm & _alias_init_last,0.0,0.0,0.0,0.0,-1.9100000000000001,-64.4,-0.86,2.11,1.0299999999999998,6.300000000000001,0.18
2025,8,0.0,2025_08_NYJ_CIN,Cincinnati Bengals,Tahj Brooks,RB,00-0040208,1.0,0.0,0.0,0.0,0.0,0.0,0.0,0.0,0.0,0.0,0.0,0.0,0.0,72.0,47.45,21.6,360.2,106.8,2.732281708635855,0.5294711798209195,1.186350199439327,1.0,1.0,tahj brooks,tahjbrooks,tbrooks,Cincinnati Bengals,00-0040208,,,,,,,,,,,,,,,,,,,,,,,,,
2025,8,0.0,2025_08_NYJ_CIN,Cincinnati Bengals,Noah Fant,TE,00-0035644,1.0,0.0,0.0,0.0,0.0,0.0,0.0,0.0,8.86,6.05,48.1,0.45,0.3614,72.0,47.45,21.6,360.2,106.8,2.732281708635855,0.5294711798209195,1.186350199439327,1.0,1.0,noah fant,noahfant,nfant,Cincinnati Bengals,00-0035644,0.0,0.0,0.0,0.0,0.0,0.0,0.0,3.0,3.0,41.0,0.0,N.Fant,CIN,team_norm & _alias_init_last,0.0,0.0,0.0,0.0,0.0,0.0,0.0,5.859999999999999,3.05,7.100000000000001,0.45
2025,8,0.0,2025_08_NYJ_CIN,Cincinnati Bengals,Drew Sample,TE,00-0035631,1.0,0.0,0.0,0.0,0.0,0.0,0.0,0.0,4.58,3.35,27.5,0.24,0.2125,72.0,47.45,21.6,360.2,106.8,2.732281708635855,0.5294711798209195,1.186350199439327,1.0,1.0,drew sample,drewsample,dsample,Cincinnati Bengals,00-0035631,,,,,,,,,,,,,,,,,,,,,,,,,
2025,8,0.0,2025_08_NYJ_CIN,Cincinnati Bengals,Cam Grandy,TE,00-0039631,1.0,0.0,0.0,0.0,0.0,0.0,0.0,0.0,0.0,0.0,0.0,0.0,0.0,72.0,47.45,21.6,360.2,106.8,2.732281708635855,0.5294711798209195,1.186350199439327,0.0,0.0,cam grandy,camgrandy,cgrandy,Cincinnati Bengals,00-0039631,,,,,,,,,,,,,,,,,,,,,,,,,
2025,8,0.0,2025_08_NYJ_CIN,Cincinnati Bengals,Tanner Hudson,TE,00-0034613,1.0,0.0,0.0,0.0,0.0,0.0,0.0,0.0,0.0,0.0,0.0,0.0,0.0,72.0,47.45,21.6,360.2,106.8,2.732281708635855,0.5294711798209195,1.186350199439327,1.0,1.0,tanner hudson,tannerhudson,thudson,Cincinnati Bengals,00-0034613,0.0,0.0,0.0,0.0,0.0,0.0,0.0,2.0,1.0,9.0,0.0,T.Hudson,CIN,team_norm & _alias_init_last,0.0,0.0,0.0,0.0,0.0,0.0,0.0,-2.0,-1.0,-9.0,0.0
2025,8,0.0,2025_08_NYJ_CIN,Cincinnati Bengals,Ja'Marr Chase,WR,00-0036900,1.0,0.0,0.0,0.0,0.0,0.0,0.0,0.0,11.49,7.82,73.2,0.64,0.4715,72.0,47.45,21.6,360.2,106.8,2.732281708635855,0.5294711798209195,1.186350199439327,1.0,1.0,ja'marr chase,jamarrchase,jchase,Cincinnati Bengals,00-0036900,0.0,0.0,0.0,0.0,0.0,0.0,0.0,19.0,12.0,91.0,0.0,J.Chase,CIN,team_norm & _alias_init_last,0.0,0.0,0.0,0.0,0.0,0.0,0.0,-7.51,-4.18,-17.799999999999997,0.64
2025,8,0.0,2025_08_NYJ_CIN,Cincinnati Bengals,Tee Higgins,WR,00-0036410,1.0,0.0,0.0,0.0,0.0,0.0,0.0,0.0,8.65,5.49,55.7,0.49,0.3844,72.0,47.45,21.6,360.2,106.8,2.732281708635855,0.5294711798209195,1.186350199439327,1.0,1.0,tee higgins,teehiggins,thiggins,Cincinnati Bengals,00-0036410,0.0,0.0,0.0,0.0,0.0,0.0,0.0,2.0,1.0,44.0,1.0,T.Higgins,CIN,team_norm & _alias_init_last,0.0,0.0,0.0,0.0,0.0,0.0,0.0,6.65,4.49,11.700000000000003,-0.51
2025,8,0.0,2025_08_NYJ_CIN,Cincinnati Bengals,Andrei Iosivas,WR,00-0038619,1.0,0.0,0.0,0.0,0.0,0.0,0.0,0.0,5.77,3.3,37.6,0.32,0.2755,72.0,47.45,21.6,360.2,106.8,2.732281708635855,0.5294711798209195,1.186350199439327,1.0,1.0,andrei iosivas,andreiiosivas,aiosivas,Cincinnati Bengals,00-0038619,0.0,0.0,0.0,0.0,0.0,0.0,0.0,3.0,0.0,0.0,0.0,A.Iosivas,CIN,team_norm & _alias_init_last,0.0,0.0,0.0,0.0,0.0,0.0,0.0,2.7699999999999996,3.3,37.6,0.32
2025,8,0.0,2025_08_NYJ_CIN,Cincinnati Bengals,Charlie Jones,WR,00-0038576,1.0,0.0,0.0,0.0,0.0,0.0,0.0,0.0,0.0,0.0,0.0,0.0,0.0,72.0,47.45,21.6,360.2,106.8,2.732281708635855,0.5294711798209195,1.186350199439327,1.0,1.0,charlie jones,charliejones,cjones,Cincinnati Bengals,00-0038576,,,,,,,,,,,,,,,,,,,,,,,,,
2025,8,0.0,2025_08_NYJ_CIN,Cincinnati Bengals,Cole Burgess,WR,00-0039626,1.0,0.0,0.0,0.0,0.0,0.0,0.0,0.0,0.0,0.0,0.0,0.0,0.0,72.0,47.45,21.6,360.2,106.8,2.732281708635855,0.5294711798209195,1.186350199439327,0.0,0.0,cole burgess,coleburgess,cburgess,Cincinnati Bengals,00-0039626,,,,,,,,,,,,,,,,,,,,,,,,,
2025,8,0.0,2025_08_NYJ_CIN,Cincinnati Bengals,Mitchell Tinsley,WR,00-0038839,1.0,0.0,0.0,0.0,0.0,0.0,0.0,0.0,0.0,0.0,0.0,0.0,0.0,72.0,47.45,21.6,360.2,106.8,2.732281708635855,0.5294711798209195,1.186350199439327,1.0,1.0,mitchell tinsley,mitchelltinsley,mtinsley,Cincinnati Bengals,00-0038839,,,,,,,,,,,,,,,,,,,,,,,,,
2025,8,0.0,2025_08_NYJ_CIN,New York Jets,Justin Fields,QB,00-0036945,1.0,40.29,210.0,2.45,0.93,6.07,15.6,0.14,0.0,0.0,0.0,0.0,0.1286,67.77,43.96,20.33,246.6,74.3,3.04644123067948,0.4928955392527938,1.0990562497278662,1.0,1.0,justin fields,justinfields,jfields,New York Jets,00-0036945,37.0,244.0,1.0,0.0,6.0,16.0,0.0,0.0,0.0,0.0,0.0,J.Fields,NYJ,team_norm & _alias_init_last,3.289999999999999,-34.0,1.4500000000000002,0.93,0.07000000000000028,-0.40000000000000036,0.14,0.0,0.0,0.0,0.0
2025,8,0.0,2025_08_NYJ_CIN,New York Jets,Breece Hall,RB,00-0038120,1.0,0.0,0.0,0.0,0.0,9.17,27.3,0.27,4.79,2.82,16.0,0.34,0.4531,67.77,43.96,20.33,246.6,74.3,3.04644123067948,0.4928955392527938,1.0990562497278662,1.0,1.0,breece hall,breecehall,bhall,New York Jets,00-0038120,1.0,4.0,1.0,0.0,18.0,133.0,2.0,3.0,2.0,14.0,0.0,B.Hall,NYJ,team_norm & _alias_init_last,-1.0,-4.0,-1.0,0.0,-8.83,-105.7,-1.73,1.79,0.8199999999999998,2.0,0.34
2025,8,0.0,2025_08_NYJ_CIN,New York Jets,Isaiah Davis,RB,00-0039798,1.0,0.0,0.0,0.0,0.0,5.09,16.5,0.1,2.98,1.75,11.0,0.21,0.2625,67.77,43.96,20.33,246.6,74.3,3.04644123067948,0.4928955392527938,1.0990562497278662,1.0,1.0,isaiah davis,isaiahdavis,idavis,New York Jets,00-0039798,0.0,0.0,0.0,0.0,7.0,65.0,0.0,6.0,5.0,44.0,0.0,I.Davis,NYJ,team_norm & _alias_init_last,0.0,0.0,0.0,0.0,-1.9100000000000001,-48.5,0.1,-3.02,-3.25,-33.0,0.21
2025,8,0.0,2025_08_NYJ_CIN,New York Jets,Khalil Herbert,RB,00-0036906,1.0,0.0,0.0,0.0,0.0,0.0,0.0,0.0,0.0,0.0,0.0,0.0,0.0,67.77,43.96,20.33,246.6,74.3,3.04644123067948,0.4928955392527938,1.0990562497278662,1.0,1.0,khalil herbert,khalilherbert,kherbert,New York Jets,00-0036906,,,,,,,,,,,,,,,,,,,,,,,,,
2025,8,0.0,2025_08_NYJ_CIN,New York Jets,Mason Taylor,TE,00-0040736,1.0,0.0,0.0,0.0,0.0,0.0,0.0,0.0,8.44,5.14,41.3,0.54,0.4201,67.77,43.96,20.33,246.6,74.3,3.04644123067948,0.4928955392527938,1.0990562497278662,1.0,1.0,mason taylor,masontaylor,mtaylor,New York Jets,00-0040736,0.0,0.0,0.0,0.0,0.0,0.0,0.0,8.0,5.0,34.0,1.0,M.Taylor,NYJ,team_norm & _alias_init_last,0.0,0.0,0.0,0.0,0.0,0.0,0.0,0.4399999999999995,0.13999999999999968,7.299999999999997,-0.45999999999999996
2025,8,0.0,2025_08_NYJ_CIN,New York Jets,Jeremy Ruckert,TE,00-0037805,1.0,0.0,0.0,0.0,0.0,0.0,0.0,0.0,4.36,2.88,19.7,0.27,0.2378,67.77,43.96,20.33,246.6,74.3,3.04644123067948,0.4928955392527938,1.0990562497278662,1.0,1.0,jeremy ruckert,jeremyruckert,jruckert,New York Jets,00-0037805,0.0,0.0,0.0,0.0,0.0,0.0,0.0,1.0,1.0,24.0,0.0,J.Ruckert,NYJ,team_norm & _alias_init_last,0.0,0.0,0.0,0.0,0.0,0.0,0.0,3.3600000000000003,1.88,-4.300000000000001,0.27
2025,8,0.0,2025_08_NYJ_CIN,New York Jets,Jelani Woods,TE,00-0037755,1.0,0.0,0.0,0.0,0.0,0.0,0.0,0.0,0.0,0.0,0.0,0.0,0.0,67.77,43.96,20.33,246.6,74.3,3.04644123067948,0.4928955392527938,1.0990562497278662,1.0,1.0,jelani woods,jelaniwoods,jwoods,New York Jets,00-0037755,,,,,,,,,,,,,,,,,,,,,,,,,
2025,8,0.0,2025_08_NYJ_CIN,New York Jets,Tyler Johnson,WR,00-0036427,1.0,0.0,0.0,0.0,0.0,0.0,0.0,0.0,10.24,6.49,61.4,0.73,0.5163,67.77,43.96,20.33,246.6,74.3,3.04644123067948,0.4928955392527938,1.0990562497278662,1.0,1.0,tyler johnson,tylerjohnson,tjohnson,New York Jets,00-0036427,0.0,0.0,0.0,0.0,0.0,0.0,0.0,5.0,3.0,64.0,1.0,T.Johnson,NYJ,team_norm & _alias_init_last,0.0,0.0,0.0,0.0,0.0,0.0,0.0,5.24,3.49,-2.6000000000000014,-0.27
2025,8,0.0,2025_08_NYJ_CIN,New York Jets,Allen Lazard,WR,00-0034521,1.0,0.0,0.0,0.0,0.0,0.0,0.0,0.0,7.71,4.55,38.2,0.52,0.4066,67.77,43.96,20.33,246.6,74.3,3.04644123067948,0.4928955392527938,1.0990562497278662,1.0,1.0,allen lazard,allenlazard,alazard,New York Jets,00-0034521,0.0,0.0,0.0,0.0,0.0,0.0,0.0,2.0,1.0,5.0,0.0,A.Lazard,NYJ,team_norm & _alias_init_last,0.0,0.0,0.0,0.0,0.0,0.0,0.0,5.71,3.55,33.2,0.52
2025,8,0.0,2025_08_NYJ_CIN,New York Jets,Isaiah Williams,WR,00-0039451,1.0,0.0,0.0,0.0,0.0,0.0,0.0,0.0,5.14,3.51,31.0,0.33,0.2796,67.77,43.96,20.33,246.6,74.3,3.04644123067948,0.4928955392527938,1.0990562497278662,1.0,1.0,isaiah williams,isaiahwilliams,iwilliams,New York Jets,00-0039451,0.0,0.0,0.0,0.0,1.0,25.0,0.0,4.0,3.0,31.0,0.0,I.Williams,NYJ,team_norm & _alias_init_last,0.0,0.0,0.0,0.0,-1.0,-25.0,0.0,1.1399999999999997,0.5099999999999998,0.0,0.33
2025,8,0.0,2025_08_NYJ_CIN,New York Jets,Adonai Mitchell,WR,00-0039890,1.0,0.0,0.0,0.0,0.0,0.0,0.0,0.0,0.0,0.0,0.0,0.0,0.0,67.77,43.96,20.33,246.6,74.3,3.04644123067948,0.4928955392527938,1.0990562497278662,0.0,0.0,adonai mitchell,adonaimitchell,amitchell,New York Jets,00-0039890,0.0,0.0,0.0,0.0,0.0,0.0,0.0,1.0,0.0,0.0,0.0,A.Mitchell,IND,_alias_init_last,0.0,0.0,0.0,0.0,0.0,0.0,0.0,-1.0,0.0,0.0,0.0
2025,8,0.0,2025_08_NYJ_CIN,New York Jets,Arian Smith,WR,00-0040582,1.0,0.0,0.0,0.0,0.0,0.0,0.0,0.0,0.0,0.0,0.0,0.0,0.0,67.77,43.96,20.33,246.6,74.3,3.04644123067948,0.4928955392527938,1.0990562497278662,1.0,1.0,arian smith,ariansmith,asmith,New York Jets,00-0040407,0.0,0.0,0.0,0.0,0.0,0.0,0.0,1.0,1.0,23.0,0.0,A.Smith,NYJ,team_norm & _alias_init_last,0.0,0.0,0.0,0.0,0.0,0.0,0.0,-1.0,-1.0,-23.0,0.0
2025,8,0.0,2025_08_SF_HOU,Houston Texans,C.J. Stroud,QB,00-0039163,1.0,37.46,206.6,2.81,0.77,2.86,8.4,0.07,0.0,0.0,0.0,0.0,0.069,55.0,36.35,16.5,203.9,60.3,3.316637553552105,0.3897329785998535,0.9086334782608696,1.0,1.0,c.j. stroud,cjstroud,cstroud,Houston Texans,00-0039163,45.0,318.0,2.0,1.0,3.0,5.0,0.0,0.0,0.0,0.0,0.0,C.Stroud,HOU,team_norm & _alias_init_last,-7.539999999999999,-111.4,0.81,-0.22999999999999998,-0.14000000000000012,3.4000000000000004,0.07,0.0,0.0,0.0,0.0
2025,8,0.0,2025_08_SF_HOU,Houston Texans,Nick Chubb,RB,00-0034791,1.0,0.0,0.0,0.0,0.0,8.77,26.1,0.24,3.96,2.27,13.0,0.35,0.4463,55.0,36.35,16.5,203.9,60.3,3.316637553552105,0.3897329785998535,0.9086334782608696,1.0,1.0,nick chubb,nickchubb,nchubb,Houston Texans,00-0034791,0.0,0.0,0.0,0.0,18.0,56.0,0.0,2.0,2.0,13.0,0.0,N.Chubb,HOU,team_norm & _alias_init_last,0.0,0.0,0.0,0.0,-9.23,-29.9,0.24,1.96,0.27,0.0,0.35
2025,8,0.0,2025_08_SF_HOU,Houston Texans,Woody Marks,RB,00-0040583,1.0,0.0,0.0,0.0,0.0,4.87,14.8,0.09,2.47,1.38,8.3,0.23,0.276,55.0,36.35,16.5,203.9,60.3,3.316637553552105,0.3897329785998535,0.9086334782608696,1.0,1.0,woody marks,woodymarks,wmarks,Houston Texans,,0.0,0.0,0.0,0.0,12.0,62.0,0.0,4.0,4.0,49.0,0.0,W.Marks,HOU,team_norm & _alias_init_last,0.0,0.0,0.0,0.0,-7.13,-47.2,0.09,-1.5299999999999998,-2.62,-40.7,0.23
2025,8,0.0,2025_08_SF_HOU,Houston Texans,Dare Ogunbowale,RB,00-0033854,1.0,0.0,0.0,0.0,0.0,0.0,0.0,0.0,0.0,0.0,0.0,0.0,0.0,55.0,36.35,16.5,203.9,60.3,3.316637553552105,0.3897329785998535,0.9086334782608696,1.0,1.0,dare ogunbowale,dareogunbowale,dogunbowale,Houston Texans,,0.0,0.0,0.0,0.0,1.0,9.0,0.0,1.0,1.0,8.0,0.0,D.Ogunbowale,HOU,team_norm & _alias_init_last,0.0,0.0,0.0,0.0,-1.0,-9.0,0.0,-1.0,-1.0,-8.0,0.0
2025,8,0.0,2025_08_SF_HOU,Houston Texans,Dalton Schultz,TE,00-0034383,1.0,0.0,0.0,0.0,0.0,0.0,0.0,0.0,6.79,4.32,27.2,0.56,0.4273,55.0,36.35,16.5,203.9,60.3,3.316637553552105,0.3897329785998535,0.9086334782608696,1.0,1.0,dalton schultz,daltonschultz,dschultz,Houston Texans,00-0034383,0.0,0.0,0.0,0.0,0.0,0.0,0.0,3.0,2.0,24.0,0.0,D.Schultz,HOU,team_norm & _alias_init_last,0.0,0.0,0.0,0.0,0.0,0.0,0.0,3.79,2.3200000000000003,3.1999999999999993,0.56
2025,8,0.0,2025_08_SF_HOU,Houston Texans,Harrison Bryant,TE,00-0036232,1.0,0.0,0.0,0.0,0.0,0.0,0.0,0.0,3.51,2.12,14.7,0.3,0.2624,55.0,36.35,16.5,203.9,60.3,3.316637553552105,0.3897329785998535,0.9086334782608696,1.0,1.0,harrison bryant,harrisonbryant,hbryant,Houston Texans,00-0036232,0.0,0.0,0.0,0.0,0.0,0.0,0.0,1.0,0.0,0.0,0.0,H.Bryant,HOU,team_norm & _alias_init_last,0.0,0.0,0.0,0.0,0.0,0.0,0.0,2.51,2.12,14.7,0.3
2025,8,0.0,2025_08_SF_HOU,Houston Texans,Dalton Keene,TE,00-0036225,1.0,0.0,0.0,0.0,0.0,0.0,0.0,0.0,0.0,0.0,0.0,0.0,0.0,55.0,36.35,16.5,203.9,60.3,3.316637553552105,0.3897329785998535,0.9086334782608696,0.0,0.0,dalton keene,daltonkeene,dkeene,Houston Texans,00-0036225,,,,,,,,,,,,,,,,,,,,,,,,,
2025,8,0.0,2025_08_SF_HOU,Houston Texans,Nico Collins,WR,00-0036554,1.0,0.0,0.0,0.0,0.0,0.0,0.0,0.0,8.7,5.51,40.4,0.75,0.5286,55.0,36.35,16.5,203.9,60.3,3.316637553552105,0.3897329785998535,0.9086334782608696,0.0,0.0,nico collins,nicocollins,ncollins,Houston Texans,00-0036554,,,,,,,,,,,,,,,,,,,,,,,,,
2025,8,0.0,2025_08_SF_HOU,Houston Texans,Christian Kirk,WR,00-0034775,1.0,0.0,0.0,0.0,0.0,0.0,0.0,0.0,6.55,4.14,30.5,0.56,0.4303,55.0,36.35,16.5,203.9,60.3,3.316637553552105,0.3897329785998535,0.9086334782608696,0.0,0.0,christian kirk,christiankirk,ckirk,Houston Texans,00-0034775,,,,,,,,,,,,,,,,,,,,,,,,,
2025,8,0.0,2025_08_SF_HOU,Houston Texans,Jayden Higgins,WR,00-0040130,1.0,0.0,0.0,0.0,0.0,0.0,0.0,0.0,4.37,2.71,23.3,0.38,0.3157,55.0,36.35,16.5,203.9,60.3,3.316637553552105,0.3897329785998535,0.9086334782608696,1.0,1.0,jayden higgins,jaydenhiggins,jhiggins,Houston Texans,00-0040130,0.0,0.0,0.0,0.0,0.0,0.0,0.0,8.0,4.0,34.0,1.0,J.Higgins,HOU,team_norm & _alias_init_last,0.0,0.0,0.0,0.0,0.0,0.0,0.0,-3.63,-1.29,-10.7,-0.62
2025,8,0.0,2025_08_SF_HOU,Houston Texans,Braxton Berrios,WR,00-0034419,1.0,0.0,0.0,0.0,0.0,0.0,0.0,0.0,0.0,0.0,0.0,0.0,0.0,55.0,36.35,16.5,203.9,60.3,3.316637553552105,0.3897329785998535,0.9086334782608696,1.0,1.0,braxton berrios,braxtonberrios,bberrios,Houston Texans,00-0034419,0.0,0.0,0.0,0.0,0.0,0.0,0.0,5.0,5.0,38.0,0.0,B.Berrios,HOU,team_norm & _alias_init_last,0.0,0.0,0.0,0.0,0.0,0.0,0.0,-5.0,-5.0,-38.0,0.0
2025,8,0.0,2025_08_SF_HOU,Houston Texans,Daniel Jackson,WR,00-0040412,1.0,0.0,0.0,0.0,0.0,0.0,0.0,0.0,0.0,0.0,0.0,0.0,0.0,55.0,36.35,16.5,203.9,60.3,3.316637553552105,0.3897329785998535,0.9086334782608696,0.0,0.0,daniel jackson,danieljackson,djackson,Houston Texans,00-0040412,,,,,,,,,,,,,,,,,,,,,,,,,
2025,8,0.0,2025_08_SF_HOU,Houston Texans,Jared Wayne,WR,00-0038728,1.0,0.0,0.0,0.0,0.0,0.0,0.0,0.0,0.0,0.0,0.0,0.0,0.0,55.0,36.35,16.5,203.9,60.3,3.316637553552105,0.3897329785998535,0.9086334782608696,1.0,1.0,jared wayne,jaredwayne,jwayne,Houston Texans,00-0038728,0.0,0.0,0.0,0.0,0.0,0.0,0.0,2.0,2.0,20.0,0.0,J.Wayne,HOU,team_norm & _alias_init_last,0.0,0.0,0.0,0.0,0.0,0.0,0.0,-2.0,-2.0,-20.0,0.0
2025,8,0.0,2025_08_SF_HOU,Houston Texans,Jaylin Noel,WR,00-0040138,1.0,0.0,0.0,0.0,0.0,0.0,0.0,0.0,0.0,0.0,0.0,0.0,0.0,55.0,36.35,16.5,203.9,60.3,3.316637553552105,0.3897329785998535,0.9086334782608696,1.0,1.0,jaylin noel,jaylinnoel,jnoel,Houston Texans,00-0040138,0.0,0.0,0.0,0.0,0.0,0.0,0.0,6.0,5.0,63.0,0.0,J.Noel,HOU,team_norm & _alias_init_last,0.0,0.0,0.0,0.0,0.0,0.0,0.0,-6.0,-5.0,-63.0,0.0
2025,8,0.0,2025_08_SF_HOU,Houston Texans,Xavier Hutchinson,WR,00-0038618,1.0,0.0,0.0,0.0,0.0,0.0,0.0,0.0,0.0,0.0,0.0,0.0,0.0,55.0,36.35,16.5,203.9,60.3,3.316637553552105,0.3897329785998535,0.9086334782608696,1.0,1.0,xavier hutchinson,xavierhutchinson,xhutchinson,Houston Texans,00-0038618,0.0,0.0,0.0,0.0,0.0,0.0,0.0,7.0,5.0,69.0,1.0,X.Hutchinson,HOU,team_norm & _alias_init_last,0.0,0.0,0.0,0.0,0.0,0.0,0.0,-7.0,-5.0,-69.0,-1.0
2025,8,0.0,2025_08_SF_HOU,San Francisco 49ers,Brock Purdy,QB,00-0037834,1.0,32.25,227.8,1.88,0.65,9.19,33.4,0.35,0.0,0.0,0.0,0.0,0.2926,72.0,30.44,39.6,231.0,195.8,1.9370399122643476,1.37792324993078,0.7608957783566185,0.0,0.0,brock purdy,brockpurdy,bpurdy,San Francisco 49ers,00-0037834,,,,,,,,,,,,,,,,,,,,,,,,,
2025,8,0.0,2025_08_SF_HOU,San Francisco 49ers,Christian McCaffrey,RB,00-0033280,1.0,0.0,0.0,0.0,0.0,19.55,78.5,0.86,3.27,2.2,13.2,0.22,0.6579,72.0,30.44,39.6,231.0,195.8,1.9370399122643476,1.37792324993078,0.7608957783566185,1.0,1.0,christian mccaffrey,christianmccaffrey,cmccaffrey,San Francisco 49ers,00-0033280,0.0,0.0,0.0,0.0,10.0,25.0,0.0,6.0,3.0,43.0,0.0,C.McCaffrey,SF,team_norm & _alias_init_last,0.0,0.0,0.0,0.0,9.55,53.5,0.86,-2.73,-0.7999999999999998,-29.8,0.22
2025,8,0.0,2025_08_SF_HOU,San Francisco 49ers,Brian Robinson Jr.,RB,,1.0,0.0,0.0,0.0,0.0,10.86,55.2,0.28,2.03,1.26,11.9,0.13,0.3378,72.0,30.44,39.6,231.0,195.8,1.9370399122643476,1.37792324993078,0.7608957783566185,0.0,0.0,brian robinson jr.,brianrobinsonjr,brobinson,San Francisco 49ers,00-0037746,0.0,0.0,0.0,0.0,9.0,25.0,0.0,3.0,3.0,23.0,0.0,B.Robinson,ATL,_alias_init_last,0.0,0.0,0.0,0.0,1.8599999999999994,30.200000000000003,0.28,-0.9700000000000002,-1.74,-11.1,0.13
2025,8,0.0,2025_08_SF_HOU,San Francisco 49ers,Isaac Guerendo,RB,00-0039363,1.0,0.0,0.0,0.0,0.0,0.0,0.0,0.0,0.0,0.0,0.0,0.0,0.0,72.0,30.44,39.6,231.0,195.8,1.9370399122643476,1.37792324993078,0.7608957783566185,1.0,1.0,isaac guerendo,isaacguerendo,iguerendo,San Francisco 49ers,00-0039363,,,,,,,,,,,,,,,,,,,,,,,,,
2025,8,0.0,2025_08_SF_HOU,San Francisco 49ers,George Kittle,TE,00-0033288,1.0,0.0,0.0,0.0,0.0,0.0,0.0,0.0,5.45,3.67,28.4,0.32,0.2771,72.0,30.44,39.6,231.0,195.8,1.9370399122643476,1.37792324993078,0.7608957783566185,1.0,1.0,george kittle,georgekittle,gkittle,San Francisco 49ers,00-0033288,0.0,0.0,0.0,0.0,0.0,0.0,0.0,5.0,4.0,43.0,1.0,G.Kittle,SF,team_norm & _alias_init_last,0.0,0.0,0.0,0.0,0.0,0.0,0.0,0.4500000000000002,-0.33000000000000007,-14.600000000000001,-0.6799999999999999
2025,8,0.0,2025_08_SF_HOU,San Francisco 49ers,Luke Farrell,TE,00-0036887,1.0,0.0,0.0,0.0,0.0,0.0,0.0,0.0,2.82,1.91,17.1,0.17,0.1532,72.0,30.44,39.6,231.0,195.8,1.9370399122643476,1.37792324993078,0.7608957783566185,1.0,1.0,luke farrell,lukefarrell,lfarrell,San Francisco 49ers,00-0036887,,,,,,,,,,,,,,,,,,,,,,,,,
2025,8,0.0,2025_08_SF_HOU,San Francisco 49ers,Hayden Rucci,TE,00-0039489,1.0,0.0,0.0,0.0,0.0,0.0,0.0,0.0,0.0,0.0,0.0,0.0,0.0,72.0,30.44,39.6,231.0,195.8,1.9370399122643476,1.37792324993078,0.7608957783566185,0.0,0.0,hayden rucci,haydenrucci,hrucci,San Francisco 49ers,00-0039489,,,,,,,,,,,,,,,,,,,,,,,,,
2025,8,0.0,2025_08_SF_HOU,San Francisco 49ers,Jake Tonges,TE,00-0037112,1.0,0.0,0.0,0.0,0.0,0.0,0.0,0.0,0.0,0.0,0.0,0.0,0.0,72.0,30.44,39.6,231.0,195.8,1.9370399122643476,1.37792324993078,0.7608957783566185,1.0,1.0,jake tonges,jaketonges,jtonges,San Francisco 49ers,00-0037112,0.0,0.0,0.0,0.0,0.0,0.0,0.0,1.0,1.0,2.0,1.0,J.Tonges,SF,team_norm & _alias_init_last,0.0,0.0,0.0,0.0,0.0,0.0,0.0,-1.0,-1.0,-2.0,-1.0
2025,8,0.0,2025_08_SF_HOU,San Francisco 49ers,Jauan Jennings,WR,00-0036259,1.0,0.0,0.0,0.0,0.0,0.0,0.0,0.0,7.45,4.81,47.2,0.45,0.3622,72.0,30.44,39.6,231.0,195.8,1.9370399122643476,1.37792324993078,0.7608957783566185,1.0,1.0,jauan jennings,jauanjennings,jjennings,San Francisco 49ers,,0.0,0.0,0.0,0.0,0.0,0.0,0.0,7.0,4.0,45.0,0.0,J.Jennings,SF,team_norm & _alias_init_last,0.0,0.0,0.0,0.0,0.0,0.0,0.0,0.4500000000000002,0.8099999999999996,2.200000000000003,0.45
2025,8,0.0,2025_08_SF_HOU,San Francisco 49ers,Ricky Pearsall,WR,00-0039916,1.0,0.0,0.0,0.0,0.0,0.0,0.0,0.0,5.61,3.6,38.6,0.34,0.2889,72.0,30.44,39.6,231.0,195.8,1.9370399122643476,1.37792324993078,0.7608957783566185,0.0,0.0,ricky pearsall,rickypearsall,rpearsall,San Francisco 49ers,00-0039916,,,,,,,,,,,,,,,,,,,,,,,,,
2025,8,0.0,2025_08_SF_HOU,San Francisco 49ers,Kendrick Bourne,WR,00-0033307,1.0,0.0,0.0,0.0,0.0,0.0,0.0,0.0,3.74,2.6,22.9,0.22,0.1945,72.0,30.44,39.6,231.0,195.8,1.9370399122643476,1.37792324993078,0.7608957783566185,1.0,1.0,kendrick bourne,kendrickbourne,kbourne,San Francisco 49ers,00-0033307,0.0,0.0,0.0,0.0,0.0,0.0,0.0,4.0,3.0,44.0,0.0,K.Bourne,SF,team_norm & _alias_init_last,0.0,0.0,0.0,0.0,0.0,0.0,0.0,-0.2599999999999998,-0.3999999999999999,-21.1,0.22
2025,8,0.0,2025_08_SF_HOU,San Francisco 49ers,Colton Dowell,WR,00-0038632,1.0,0.0,0.0,0.0,0.0,0.0,0.0,0.0,0.0,0.0,0.0,0.0,0.0,72.0,30.44,39.6,231.0,195.8,1.9370399122643476,1.37792324993078,0.7608957783566185,0.0,0.0,colton dowell,coltondowell,cdowell,San Francisco 49ers,00-0038632,,,,,,,,,,,,,,,,,,,,,,,,,
2025,8,0.0,2025_08_SF_HOU,San Francisco 49ers,Demarcus Robinson,WR,00-0032775,1.0,0.0,0.0,0.0,0.0,0.0,0.0,0.0,0.0,0.0,0.0,0.0,0.0,72.0,30.44,39.6,231.0,195.8,1.9370399122643476,1.37792324993078,0.7608957783566185,1.0,1.0,demarcus robinson,demarcusrobinson,drobinson,San Francisco 49ers,00-0032775,0.0,0.0,0.0,0.0,0.0,0.0,0.0,4.0,2.0,5.0,0.0,D.Robinson,SF,team_norm & _alias_init_last,0.0,0.0,0.0,0.0,0.0,0.0,0.0,-4.0,-2.0,-5.0,0.0
2025,8,0.0,2025_08_SF_HOU,San Francisco 49ers,Jordan Watkins,WR,00-0040172,1.0,0.0,0.0,0.0,0.0,0.0,0.0,0.0,0.0,0.0,0.0,0.0,0.0,72.0,30.44,39.6,231.0,195.8,1.9370399122643476,1.37792324993078,0.7608957783566185,1.0,1.0,jordan watkins,jordanwatkins,jwatkins,San Francisco 49ers,00-0040172,0.0,0.0,0.0,0.0,0.0,0.0,0.0,2.0,1.0,7.0,0.0,J.Watkins,SF,team_norm & _alias_init_last,0.0,0.0,0.0,0.0,0.0,0.0,0.0,-2.0,-1.0,-7.0,0.0
2025,8,0.0,2025_08_SF_HOU,San Francisco 49ers,Skyy Moore,WR,00-0038090,1.0,0.0,0.0,0.0,0.0,0.0,0.0,0.0,0.0,0.0,0.0,0.0,0.0,72.0,30.44,39.6,231.0,195.8,1.9370399122643476,1.37792324993078,0.7608957783566185,1.0,1.0,skyy moore,skyymoore,smoore,San Francisco 49ers,00-0038090,0.0,0.0,0.0,0.0,0.0,0.0,0.0,1.0,0.0,0.0,0.0,S.Moore,SF,team_norm & _alias_init_last,0.0,0.0,0.0,0.0,0.0,0.0,0.0,-1.0,0.0,0.0,0.0
2025,8,0.0,2025_08_TB_NO,New Orleans Saints,Spencer Rattler,QB,00-0039376,1.0,38.45,202.1,2.12,0.79,2.6,7.5,0.08,0.0,0.0,0.0,0.0,0.0804,57.11,37.2,17.34,208.7,63.4,2.501896404929916,0.582292834904989,0.9299332110109488,1.0,1.0,spencer rattler,spencerrattler,srattler,New Orleans Saints,00-0039376,26.0,136.0,0.0,1.0,1.0,3.0,0.0,0.0,0.0,0.0,0.0,S.Rattler,NO,team_norm & _alias_init_last,12.450000000000003,66.1,2.12,-0.20999999999999996,1.6,4.5,0.08,0.0,0.0,0.0,0.0
2025,8,0.0,2025_08_TB_NO,New Orleans Saints,Alvin Kamara,RB,00-0033906,1.0,0.0,0.0,0.0,0.0,9.47,28.6,0.38,4.07,2.67,13.2,0.27,0.4785,57.11,37.2,17.34,208.7,63.4,2.501896404929916,0.582292834904989,0.9299332110109488,1.0,1.0,alvin kamara,alvinkamara,akamara,New Orleans Saints,00-0033906,0.0,0.0,0.0,0.0,6.0,21.0,0.0,2.0,2.0,24.0,0.0,A.Kamara,NO,team_norm & _alias_init_last,0.0,0.0,0.0,0.0,3.4700000000000006,7.600000000000001,0.38,2.0700000000000003,0.6699999999999999,-10.8,0.27
2025,8,0.0,2025_08_TB_NO,New Orleans Saints,Devin Neal,RB,00-0040202,1.0,0.0,0.0,0.0,0.0,5.26,17.7,0.13,2.53,1.67,10.3,0.17,0.2561,57.11,37.2,17.34,208.7,63.4,2.501896404929916,0.582292834904989,0.9299332110109488,1.0,1.0,devin neal,devinneal,dneal,New Orleans Saints,00-0040202,0.0,0.0,0.0,0.0,0.0,0.0,0.0,3.0,3.0,11.0,0.0,D.Neal,NO,team_norm & _alias_init_last,0.0,0.0,0.0,0.0,5.26,17.7,0.13,-0.4700000000000002,-1.33,-0.6999999999999993,0.17
2025,8,0.0,2025_08_TB_NO,New Orleans Saints,Juwan Johnson,TE,00-0036040,1.0,0.0,0.0,0.0,0.0,0.0,0.0,0.0,6.73,4.15,27.0,0.4,0.3312,57.11,37.2,17.34,208.7,63.4,2.501896404929916,0.582292834904989,0.9299332110109488,1.0,1.0,juwan johnson,juwanjohnson,jjohnson,New Orleans Saints,00-0036040,0.0,0.0,0.0,0.0,0.0,0.0,0.0,8.0,5.0,53.0,0.0,J.Johnson,NO,team_norm & _alias_init_last,0.0,0.0,0.0,0.0,0.0,0.0,0.0,-1.2699999999999996,-0.8499999999999996,-26.0,0.4
2025,8,0.0,2025_08_TB_NO,New Orleans Saints,Foster Moreau,TE,00-0034981,1.0,0.0,0.0,0.0,0.0,0.0,0.0,0.0,3.48,2.18,14.3,0.22,0.1941,57.11,37.2,17.34,208.7,63.4,2.501896404929916,0.582292834904989,0.9299332110109488,1.0,1.0,foster moreau,fostermoreau,fmoreau,New Orleans Saints,00-0034981,0.0,0.0,0.0,0.0,0.0,0.0,0.0,1.0,0.0,0.0,0.0,F.Moreau,NO,team_norm & _alias_init_last,0.0,0.0,0.0,0.0,0.0,0.0,0.0,2.48,2.18,14.3,0.22
2025,8,0.0,2025_08_TB_NO,New Orleans Saints,Jack Stoll,TE,00-0036741,1.0,0.0,0.0,0.0,0.0,0.0,0.0,0.0,0.0,0.0,0.0,0.0,0.0,57.11,37.2,17.34,208.7,63.4,2.501896404929916,0.582292834904989,0.9299332110109488,1.0,1.0,jack stoll,jackstoll,jstoll,New Orleans Saints,00-0036741,0.0,0.0,0.0,0.0,0.0,0.0,0.0,1.0,0.0,0.0,0.0,J.Stoll,NO,team_norm & _alias_init_last,0.0,0.0,0.0,0.0,0.0,0.0,0.0,-1.0,0.0,0.0,0.0
2025,8,0.0,2025_08_TB_NO,New Orleans Saints,Chris Olave,WR,00-0037239,1.0,0.0,0.0,0.0,0.0,0.0,0.0,0.0,9.04,5.78,42.0,0.55,0.4242,57.11,37.2,17.34,208.7,63.4,2.501896404929916,0.582292834904989,0.9299332110109488,1.0,1.0,chris olave,chrisolave,colave,New Orleans Saints,00-0037239,0.0,0.0,0.0,0.0,1.0,-3.0,0.0,12.0,8.0,63.0,0.0,C.Olave,NO,team_norm & _alias_init_last,0.0,0.0,0.0,0.0,-1.0,3.0,0.0,-2.960000000000001,-2.2199999999999998,-21.0,0.55
2025,8,0.0,2025_08_TB_NO,New Orleans Saints,Rashid Shaheed,WR,,1.0,0.0,0.0,0.0,0.0,0.0,0.0,0.0,6.81,4.61,60.9,0.46,0.3673,57.11,37.2,17.34,208.7,63.4,2.501896404929916,0.582292834904989,0.9299332110109488,0.0,1.0,rashid shaheed,rashidshaheed,rshaheed,New Orleans Saints,,0.0,0.0,0.0,0.0,0.0,0.0,0.0,12.0,9.0,75.0,0.0,R.Shaheed,NO,team_norm & _alias_init_last,0.0,0.0,0.0,0.0,0.0,0.0,0.0,-5.19,-4.39,-14.100000000000001,0.46
2025,8,0.0,2025_08_TB_NO,New Orleans Saints,Brandin Cooks,WR,,1.0,0.0,0.0,0.0,0.0,0.0,0.0,0.0,4.54,3.07,38.9,0.31,0.263,57.11,37.2,17.34,208.7,63.4,2.501896404929916,0.582292834904989,0.9299332110109488,0.0,1.0,brandin cooks,brandincooks,bcooks,New Orleans Saints,,0.0,0.0,0.0,0.0,0.0,0.0,0.0,4.0,3.0,22.0,0.0,B.Cooks,NO,team_norm & _alias_init_last,0.0,0.0,0.0,0.0,0.0,0.0,0.0,0.54,0.06999999999999984,16.9,0.31
2025,8,0.0,2025_08_TB_NO,New Orleans Saints,Devaughn Vele,WR,00-0039424,1.0,0.0,0.0,0.0,0.0,0.0,0.0,0.0,0.0,0.0,0.0,0.0,0.0,57.11,37.2,17.34,208.7,63.4,2.501896404929916,0.582292834904989,0.9299332110109488,1.0,1.0,devaughn vele,devaughnvele,dvele,New Orleans Saints,00-0039424,0.0,0.0,0.0,0.0,0.0,0.0,0.0,5.0,1.0,10.0,0.0,D.Vele,NO,team_norm & _alias_init_last,0.0,0.0,0.0,0.0,0.0,0.0,0.0,-5.0,-1.0,-10.0,0.0
2025,8,0.0,2025_08_TB_NO,New Orleans Saints,Mason Tipton,WR,00-0039623,1.0,0.0,0.0,0.0,0.0,0.0,0.0,0.0,0.0,0.0,0.0,0.0,0.0,57.11,37.2,17.34,208.7,63.4,2.501896404929916,0.582292834904989,0.9299332110109488,1.0,1.0,mason tipton,masontipton,mtipton,New Orleans Saints,00-0039623,0.0,0.0,0.0,0.0,0.0,0.0,0.0,1.0,0.0,0.0,0.0,M.Tipton,NO,team_norm & _alias_init_last,0.0,0.0,0.0,0.0,0.0,0.0,0.0,-1.0,0.0,0.0,0.0
2025,8,0.0,2025_08_TB_NO,Tampa Bay Buccaneers,Baker Mayfield,QB,00-0034855,1.0,39.72,219.2,3.1,0.83,3.47,9.9,0.08,0.0,0.0,0.0,0.0,0.0774,59.29,39.06,17.79,219.1,65.0,3.3974320258293598,0.4072079689535761,0.9764484007476016,1.0,1.0,baker mayfield,bakermayfield,bmayfield,Tampa Bay Buccaneers,00-0034855,27.0,152.0,0.0,0.0,0.0,0.0,0.0,0.0,0.0,0.0,0.0,B.Mayfield,TB,team_norm & _alias_init_last,12.719999999999999,67.19999999999999,3.1,0.83,3.47,9.9,0.08,0.0,0.0,0.0,0.0
2025,8,0.0,2025_08_TB_NO,Tampa Bay Buccaneers,Rachaad White,RB,00-0037256,1.0,0.0,0.0,0.0,0.0,9.2,28.0,0.25,4.26,3.03,13.3,0.38,0.4666,59.29,39.06,17.79,219.1,65.0,3.3974320258293598,0.4072079689535761,0.9764484007476016,1.0,1.0,rachaad white,rachaadwhite,rwhite,Tampa Bay Buccaneers,00-0037256,0.0,0.0,0.0,0.0,13.0,35.0,0.0,2.0,2.0,26.0,0.0,R.White,TB,team_norm & _alias_init_last,0.0,0.0,0.0,0.0,-3.8000000000000007,-7.0,0.25,2.26,1.0299999999999998,-12.7,0.38
2025,8,0.0,2025_08_TB_NO,Tampa Bay Buccaneers,Sean Tucker,RB,00-0038951,1.0,0.0,0.0,0.0,0.0,5.11,16.0,0.09,2.65,1.64,9.9,0.23,0.2752,59.29,39.06,17.79,219.1,65.0,3.3974320258293598,0.4072079689535761,0.9764484007476016,1.0,1.0,sean tucker,seantucker,stucker,Tampa Bay Buccaneers,00-0038951,0.0,0.0,0.0,0.0,13.0,42.0,1.0,0.0,0.0,0.0,0.0,S.Tucker,TB,team_norm & _alias_init_last,0.0,0.0,0.0,0.0,-7.89,-26.0,-0.91,2.65,1.64,9.9,0.23
2025,8,0.0,2025_08_TB_NO,Tampa Bay Buccaneers,Josh Williams,RB,00-0040429,1.0,0.0,0.0,0.0,0.0,0.0,0.0,0.0,0.0,0.0,0.0,0.0,0.0,59.29,39.06,17.79,219.1,65.0,3.3974320258293598,0.4072079689535761,0.9764484007476016,1.0,1.0,josh williams,joshwilliams,jwilliams,Tampa Bay Buccaneers,00-0040429,0.0,0.0,0.0,0.0,5.0,11.0,0.0,0.0,0.0,0.0,0.0,J.Williams,TB,team_norm & _alias_init_last,0.0,0.0,0.0,0.0,-5.0,-11.0,0.0,0.0,0.0,0.0,0.0
2025,8,0.0,2025_08_TB_NO,Tampa Bay Buccaneers,Cade Otton,TE,00-0038129,1.0,0.0,0.0,0.0,0.0,0.0,0.0,0.0,7.19,4.48,30.7,0.58,0.4395,59.29,39.06,17.79,219.1,65.0,3.3974320258293598,0.4072079689535761,0.9764484007476016,1.0,1.0,cade otton,cadeotton,cotton,Tampa Bay Buccaneers,00-0038129,0.0,0.0,0.0,0.0,0.0,0.0,0.0,5.0,4.0,40.0,0.0,C.Otton,TB,team_norm & _alias_init_last,0.0,0.0,0.0,0.0,0.0,0.0,0.0,2.1900000000000004,0.4800000000000004,-9.3,0.58
2025,8,0.0,2025_08_TB_NO,Tampa Bay Buccaneers,Payne Durham,TE,00-0039050,1.0,0.0,0.0,0.0,0.0,0.0,0.0,0.0,3.71,2.39,20.4,0.31,0.2684,59.29,39.06,17.79,219.1,65.0,3.3974320258293598,0.4072079689535761,0.9764484007476016,1.0,1.0,payne durham,paynedurham,pdurham,Tampa Bay Buccaneers,00-0039050,,,,,,,,,,,,,,,,,,,,,,,,,
2025,8,0.0,2025_08_TB_NO,Tampa Bay Buccaneers,Devin Culp,TE,00-0039754,1.0,0.0,0.0,0.0,0.0,0.0,0.0,0.0,0.0,0.0,0.0,0.0,0.0,59.29,39.06,17.79,219.1,65.0,3.3974320258293598,0.4072079689535761,0.9764484007476016,1.0,1.0,devin culp,devinculp,dculp,Tampa Bay Buccaneers,00-0039754,,,,,,,,,,,,,,,,,,,,,,,,,
2025,8,0.0,2025_08_TB_NO,Tampa Bay Buccaneers,Emeka Egbuka,WR,00-0040129,1.0,0.0,0.0,0.0,0.0,0.0,0.0,0.0,9.42,4.92,50.4,0.78,0.5393,59.29,39.06,17.79,219.1,65.0,3.3974320258293598,0.4072079689535761,0.9764484007476016,1.0,1.0,emeka egbuka,emekaegbuka,eegbuka,Tampa Bay Buccaneers,00-0040129,0.0,0.0,0.0,0.0,0.0,0.0,0.0,9.0,3.0,35.0,0.0,E.Egbuka,TB,team_norm & _alias_init_last,0.0,0.0,0.0,0.0,0.0,0.0,0.0,0.41999999999999993,1.92,15.399999999999999,0.78
2025,8,0.0,2025_08_TB_NO,Tampa Bay Buccaneers,Tez Johnson,WR,00-0040237,1.0,0.0,0.0,0.0,0.0,0.0,0.0,0.0,7.09,4.45,42.2,0.6,0.4528,59.29,39.06,17.79,219.1,65.0,3.3974320258293598,0.4072079689535761,0.9764484007476016,1.0,1.0,tez johnson,tezjohnson,tjohnson,Tampa Bay Buccaneers,00-0040237,0.0,0.0,0.0,0.0,0.0,0.0,0.0,6.0,5.0,43.0,0.0,T.Johnson,TB,team_norm & _alias_init_last,0.0,0.0,0.0,0.0,0.0,0.0,0.0,1.0899999999999999,-0.5499999999999998,-0.7999999999999972,0.6
2025,8,0.0,2025_08_TB_NO,Tampa Bay Buccaneers,Sterling Shepard,WR,00-0032385,1.0,0.0,0.0,0.0,0.0,0.0,0.0,0.0,4.73,2.96,22.9,0.4,0.3281,59.29,39.06,17.79,219.1,65.0,3.3974320258293598,0.4072079689535761,0.9764484007476016,1.0,1.0,sterling shepard,sterlingshepard,sshepard,Tampa Bay Buccaneers,00-0032385,0.0,0.0,0.0,0.0,0.0,0.0,0.0,2.0,1.0,8.0,0.0,S.Shepard,TB,team_norm & _alias_init_last,0.0,0.0,0.0,0.0,0.0,0.0,0.0,2.7300000000000004,1.96,14.899999999999999,0.4
2025,8,0.0,2025_08_TB_NO,Tampa Bay Buccaneers,Kameron Johnson,WR,00-0039589,1.0,0.0,0.0,0.0,0.0,0.0,0.0,0.0,0.0,0.0,0.0,0.0,0.0,59.29,39.06,17.79,219.1,65.0,3.3974320258293598,0.4072079689535761,0.9764484007476016,1.0,1.0,kameron johnson,kameronjohnson,kjohnson,Tampa Bay Buccaneers,00-0039589,,,,,,,,,,,,,,,,,,,,,,,,,
2025,8,0.0,2025_08_TEN_IND,Indianapolis Colts,Daniel Jones,QB,00-0035710,1.0,42.88,278.1,3.2,0.93,8.1,28.5,0.4,0.0,0.0,0.0,0.0,0.3311,72.0,43.98,25.71,333.8,127.2,4.443701227760833,1.329312333090847,1.0995279258204766,1.0,1.0,daniel jones,danieljones,djones,Indianapolis Colts,00-0035710,33.0,272.0,3.0,0.0,0.0,0.0,0.0,0.0,0.0,0.0,0.0,D.Jones,IND,team_norm & _alias_init_last,9.880000000000003,6.100000000000023,0.20000000000000018,0.93,8.1,28.5,0.4,0.0,0.0,0.0,0.0
2025,8,0.0,2025_08_TEN_IND,Indianapolis Colts,Jonathan Taylor,RB,00-0036223,1.0,0.0,0.0,0.0,0.0,11.32,46.3,0.78,4.91,2.88,20.1,0.49,0.7206,72.0,43.98,25.71,333.8,127.2,4.443701227760833,1.329312333090847,1.0995279258204766,1.0,1.0,jonathan taylor,jonathantaylor,jtaylor,Indianapolis Colts,00-0036223,0.0,0.0,0.0,0.0,13.0,153.0,2.0,2.0,2.0,21.0,1.0,J.Taylor,IND,team_norm & _alias_init_last,0.0,0.0,0.0,0.0,-1.6799999999999997,-106.7,-1.22,2.91,0.8799999999999999,-0.8999999999999986,-0.51
2025,8,0.0,2025_08_TEN_IND,Indianapolis Colts,Ameer Abdullah,RB,00-0032104,1.0,0.0,0.0,0.0,0.0,6.29,27.4,0.27,3.06,2.03,12.3,0.31,0.4406,72.0,43.98,25.71,333.8,127.2,4.443701227760833,1.329312333090847,1.0995279258204766,1.0,1.0,ameer abdullah,ameerabdullah,aabdullah,Indianapolis Colts,00-0032104,0.0,0.0,0.0,0.0,2.0,5.0,0.0,1.0,1.0,3.0,0.0,A.Abdullah,IND,team_norm & _alias_init_last,0.0,0.0,0.0,0.0,4.29,22.4,0.27,2.06,1.0299999999999998,9.3,0.31
2025,8,0.0,2025_08_TEN_IND,Indianapolis Colts,Tyler Goodson,RB,00-0037120,1.0,0.0,0.0,0.0,0.0,0.0,0.0,0.0,0.0,0.0,0.0,0.0,0.0,72.0,43.98,25.71,333.8,127.2,4.443701227760833,1.329312333090847,1.0995279258204766,1.0,1.0,tyler goodson,tylergoodson,tgoodson,Indianapolis Colts,00-0037120,0.0,0.0,0.0,0.0,2.0,2.0,0.0,0.0,0.0,0.0,0.0,T.Goodson,IND,team_norm & _alias_init_last,0.0,0.0,0.0,0.0,-2.0,-2.0,0.0,0.0,0.0,0.0,0.0
2025,8,0.0,2025_08_TEN_IND,Indianapolis Colts,Tyler Warren,TE,00-0040128,1.0,0.0,0.0,0.0,0.0,0.0,0.0,0.0,7.95,4.77,46.4,0.78,0.5414,72.0,43.98,25.71,333.8,127.2,4.443701227760833,1.329312333090847,1.0995279258204766,1.0,1.0,tyler warren,tylerwarren,twarren,Indianapolis Colts,00-0040128,0.0,0.0,0.0,0.0,0.0,0.0,0.0,5.0,4.0,53.0,0.0,T.Warren,IND,team_norm & _alias_init_last,0.0,0.0,0.0,0.0,0.0,0.0,0.0,2.95,0.7699999999999996,-6.600000000000001,0.78
2025,8,0.0,2025_08_TEN_IND,Indianapolis Colts,Mo Alie-Cox,TE,00-0033217,1.0,0.0,0.0,0.0,0.0,0.0,0.0,0.0,4.11,2.45,24.2,0.41,0.3361,72.0,43.98,25.71,333.8,127.2,4.443701227760833,1.329312333090847,1.0995279258204766,1.0,1.0,mo alie-cox,moaliecox,maliecox,Indianapolis Colts,00-0033217,,,,,,,,,,,,,,,,,,,,,,,,,
2025,8,0.0,2025_08_TEN_IND,Indianapolis Colts,Andrew Ogletree,TE,00-0037292,1.0,0.0,0.0,0.0,0.0,0.0,0.0,0.0,0.0,0.0,0.0,0.0,0.0,72.0,43.98,25.71,333.8,127.2,4.443701227760833,1.329312333090847,1.0995279258204766,1.0,1.0,andrew ogletree,andrewogletree,aogletree,Indianapolis Colts,00-0037292,0.0,0.0,0.0,0.0,0.0,0.0,0.0,1.0,0.0,0.0,0.0,A.Ogletree,IND,team_norm & _alias_init_last,0.0,0.0,0.0,0.0,0.0,0.0,0.0,-1.0,0.0,0.0,0.0
2025,8,0.0,2025_08_TEN_IND,Indianapolis Colts,Michael Pittman Jr.,WR,,1.0,0.0,0.0,0.0,0.0,0.0,0.0,0.0,10.39,6.75,132.9,1.05,0.65,72.0,43.98,25.71,333.8,127.2,4.443701227760833,1.329312333090847,1.0995279258204766,0.0,0.0,michael pittman jr.,michaelpittmanjr,mpittman,Indianapolis Colts,00-0036252,0.0,0.0,0.0,0.0,0.0,0.0,0.0,9.0,8.0,95.0,1.0,M.Pittman,IND,team_norm & _alias_init_last,0.0,0.0,0.0,0.0,0.0,0.0,0.0,1.3900000000000006,-1.25,37.900000000000006,0.050000000000000044
2025,8,0.0,2025_08_TEN_IND,Indianapolis Colts,Alec Pierce,WR,00-0037664,1.0,0.0,0.0,0.0,0.0,0.0,0.0,0.0,7.82,4.16,52.1,0.72,0.5126,72.0,43.98,25.71,333.8,127.2,4.443701227760833,1.329312333090847,1.0995279258204766,1.0,1.0,alec pierce,alecpierce,apierce,Indianapolis Colts,00-0037664,0.0,0.0,0.0,0.0,0.0,0.0,0.0,5.0,2.0,69.0,0.0,A.Pierce,IND,team_norm & _alias_init_last,0.0,0.0,0.0,0.0,0.0,0.0,0.0,2.8200000000000003,2.16,-16.9,0.72
2025,8,0.0,2025_08_TEN_IND,Indianapolis Colts,Josh Downs,WR,00-0038997,1.0,0.0,0.0,0.0,0.0,0.0,0.0,0.0,5.22,3.45,31.9,0.5,0.3907,72.0,43.98,25.71,333.8,127.2,4.443701227760833,1.329312333090847,1.0995279258204766,1.0,1.0,josh downs,joshdowns,jdowns,Indianapolis Colts,00-0038997,0.0,0.0,0.0,0.0,0.0,0.0,0.0,3.0,3.0,39.0,1.0,J.Downs,IND,team_norm & _alias_init_last,0.0,0.0,0.0,0.0,0.0,0.0,0.0,2.2199999999999998,0.4500000000000002,-7.100000000000001,-0.5
2025,8,0.0,2025_08_TEN_IND,Indianapolis Colts,Ajou Ajou,WR,00-0039957,1.0,0.0,0.0,0.0,0.0,0.0,0.0,0.0,0.0,0.0,0.0,0.0,0.0,72.0,43.98,25.71,333.8,127.2,4.443701227760833,1.329312333090847,1.0995279258204766,0.0,0.0,ajou ajou,ajouajou,aajou,Indianapolis Colts,00-0039957,,,,,,,,,,,,,,,,,,,,,,,,,
2025,8,0.0,2025_08_TEN_IND,Indianapolis Colts,Anthony Gould,WR,00-0039816,1.0,0.0,0.0,0.0,0.0,0.0,0.0,0.0,0.0,0.0,0.0,0.0,0.0,72.0,43.98,25.71,333.8,127.2,4.443701227760833,1.329312333090847,1.0995279258204766,1.0,1.0,anthony gould,anthonygould,agould,Indianapolis Colts,00-0039816,,,,,,,,,,,,,,,,,,,,,,,,,
2025,8,0.0,2025_08_TEN_IND,Indianapolis Colts,Ashton Dulin,WR,00-0035021,1.0,0.0,0.0,0.0,0.0,0.0,0.0,0.0,0.0,0.0,0.0,0.0,0.0,72.0,43.98,25.71,333.8,127.2,4.443701227760833,1.329312333090847,1.0995279258204766,1.0,1.0,ashton dulin,ashtondulin,adulin,Indianapolis Colts,00-0035021,0.0,0.0,0.0,0.0,0.0,0.0,0.0,1.0,1.0,-8.0,0.0,A.Dulin,IND,team_norm & _alias_init_last,0.0,0.0,0.0,0.0,0.0,0.0,0.0,-1.0,-1.0,8.0,0.0
2025,8,0.0,2025_08_TEN_IND,Tennessee Titans,Cam Ward,QB,00-0040676,1.0,41.13,208.7,2.82,0.84,0.71,2.2,0.01,0.0,0.0,0.0,0.0,0.0128,60.83,39.29,18.25,220.4,66.7,2.6153051099607314,0.3339669638608611,0.9823662440148486,1.0,1.0,cam ward,camward,cward,Tennessee Titans,00-0040676,46.0,259.0,1.0,1.0,1.0,-3.0,0.0,0.0,0.0,0.0,0.0,C.Ward,TEN,team_norm & _alias_init_last,-4.869999999999997,-50.30000000000001,1.8199999999999998,-0.16000000000000003,-0.29000000000000004,5.2,0.01,0.0,0.0,0.0,0.0
2025,8,0.0,2025_08_TEN_IND,Tennessee Titans,Tony Pollard,RB,00-0035261,1.0,0.0,0.0,0.0,0.0,11.28,34.5,0.24,4.1,2.44,11.9,0.27,0.4035,60.83,39.29,18.25,220.4,66.7,2.6153051099607314,0.3339669638608611,0.9823662440148486,1.0,1.0,tony pollard,tonypollard,tpollard,Tennessee Titans,00-0035261,0.0,0.0,0.0,0.0,11.0,44.0,0.0,2.0,1.0,9.0,0.0,T.Pollard,TEN,team_norm & _alias_init_last,0.0,0.0,0.0,0.0,0.27999999999999936,-9.5,0.24,2.0999999999999996,1.44,2.9000000000000004,0.27
2025,8,0.0,2025_08_TEN_IND,Tennessee Titans,Tyjae Spears,RB,00-0039032,1.0,0.0,0.0,0.0,0.0,6.26,19.3,0.09,2.55,1.65,7.3,0.17,0.2233,60.83,39.29,18.25,220.4,66.7,2.6153051099607314,0.3339669638608611,0.9823662440148486,1.0,1.0,tyjae spears,tyjaespears,tspears,Tennessee Titans,00-0039032,0.0,0.0,0.0,0.0,9.0,59.0,1.0,3.0,3.0,23.0,0.0,T.Spears,TEN,team_norm & _alias_init_last,0.0,0.0,0.0,0.0,-2.74,-39.7,-0.91,-0.4500000000000002,-1.35,-15.7,0.17
2025,8,0.0,2025_08_TEN_IND,Tennessee Titans,Julius Chestnut,RB,00-0037594,1.0,0.0,0.0,0.0,0.0,0.0,0.0,0.0,0.0,0.0,0.0,0.0,0.0,60.83,39.29,18.25,220.4,66.7,2.6153051099607314,0.3339669638608611,0.9823662440148486,1.0,1.0,julius chestnut,juliuschestnut,jchestnut,Tennessee Titans,00-0037594,0.0,0.0,0.0,0.0,2.0,5.0,0.0,0.0,0.0,0.0,0.0,J.Chestnut,TEN,team_norm & _alias_init_last,0.0,0.0,0.0,0.0,-2.0,-5.0,0.0,0.0,0.0,0.0,0.0
2025,8,0.0,2025_08_TEN_IND,Tennessee Titans,Chig Okonkwo,TE,00-0037809,1.0,0.0,0.0,0.0,0.0,0.0,0.0,0.0,7.21,4.72,32.5,0.41,0.339,60.83,39.29,18.25,220.4,66.7,2.6153051099607314,0.3339669638608611,0.9823662440148486,1.0,1.0,chig okonkwo,chigokonkwo,cokonkwo,Tennessee Titans,00-0037809,0.0,0.0,0.0,0.0,0.0,0.0,0.0,6.0,4.0,53.0,0.0,C.Okonkwo,TEN,team_norm & _alias_init_last,0.0,0.0,0.0,0.0,0.0,0.0,0.0,1.21,0.7199999999999998,-20.5,0.41
2025,8,0.0,2025_08_TEN_IND,Tennessee Titans,Gunnar Helm,TE,00-0040584,1.0,0.0,0.0,0.0,0.0,0.0,0.0,0.0,3.73,2.71,19.2,0.24,0.2104,60.83,39.29,18.25,220.4,66.7,2.6153051099607314,0.3339669638608611,0.9823662440148486,1.0,1.0,gunnar helm,gunnarhelm,ghelm,Tennessee Titans,00-0040584,0.0,0.0,0.0,0.0,0.0,0.0,0.0,3.0,2.0,23.0,1.0,G.Helm,TEN,team_norm & _alias_init_last,0.0,0.0,0.0,0.0,0.0,0.0,0.0,0.73,0.71,-3.8000000000000007,-0.76
2025,8,0.0,2025_08_TEN_IND,Tennessee Titans,Cole Turner,TE,00-0037078,1.0,0.0,0.0,0.0,0.0,0.0,0.0,0.0,0.0,0.0,0.0,0.0,0.0,60.83,39.29,18.25,220.4,66.7,2.6153051099607314,0.3339669638608611,0.9823662440148486,0.0,0.0,cole turner,coleturner,cturner,Tennessee Titans,00-0037078,,,,,,,,,,,,,,,,,,,,,,,,,
2025,8,0.0,2025_08_TEN_IND,Tennessee Titans,David Martin-Robinson,TE,00-0039648,1.0,0.0,0.0,0.0,0.0,0.0,0.0,0.0,0.0,0.0,0.0,0.0,0.0,60.83,39.29,18.25,220.4,66.7,2.6153051099607314,0.3339669638608611,0.9823662440148486,1.0,1.0,david martin-robinson,davidmartinrobinson,dmartinrobinson,Tennessee Titans,00-0039648,,,,,,,,,,,,,,,,,,,,,,,,,
2025,8,0.0,2025_08_TEN_IND,Tennessee Titans,Calvin Ridley,WR,00-0034837,1.0,0.0,0.0,0.0,0.0,0.0,0.0,0.0,9.62,5.04,44.3,0.6,0.4513,60.83,39.29,18.25,220.4,66.7,2.6153051099607314,0.3339669638608611,0.9823662440148486,0.0,0.0,calvin ridley,calvinridley,cridley,Tennessee Titans,00-0034837,,,,,,,,,,,,,,,,,,,,,,,,,
2025,8,0.0,2025_08_TEN_IND,Tennessee Titans,Elic Ayomanor,WR,00-0040170,1.0,0.0,0.0,0.0,0.0,0.0,0.0,0.0,7.25,3.61,37.0,0.45,0.3624,60.83,39.29,18.25,220.4,66.7,2.6153051099607314,0.3339669638608611,0.9823662440148486,1.0,1.0,elic ayomanor,elicayomanor,eayomanor,Tennessee Titans,00-0040170,0.0,0.0,0.0,0.0,0.0,0.0,0.0,8.0,4.0,52.0,0.0,E.Ayomanor,TEN,team_norm & _alias_init_last,0.0,0.0,0.0,0.0,0.0,0.0,0.0,-0.75,-0.3900000000000001,-15.0,0.45
2025,8,0.0,2025_08_TEN_IND,Tennessee Titans,Chimere Dike,WR,00-0040705,1.0,0.0,0.0,0.0,0.0,0.0,0.0,0.0,4.83,3.16,25.7,0.32,0.2711,60.83,39.29,18.25,220.4,66.7,2.6153051099607314,0.3339669638608611,0.9823662440148486,1.0,1.0,chimere dike,chimeredike,cdike,Tennessee Titans,00-0040705,0.0,0.0,0.0,0.0,1.0,1.0,0.0,9.0,7.0,93.0,0.0,C.Dike,TEN,team_norm & _alias_init_last,0.0,0.0,0.0,0.0,-1.0,-1.0,0.0,-4.17,-3.84,-67.3,0.32
2025,8,0.0,2025_08_TEN_IND,Tennessee Titans,Bryce Oliver,WR,00-0039650,1.0,0.0,0.0,0.0,0.0,0.0,0.0,0.0,0.0,0.0,0.0,0.0,0.0,60.83,39.29,18.25,220.4,66.7,2.6153051099607314,0.3339669638608611,0.9823662440148486,0.0,0.0,bryce oliver,bryceoliver,boliver,Tennessee Titans,00-0039650,,,,,,,,,,,,,,,,,,,,,,,,,
2025,8,0.0,2025_08_TEN_IND,Tennessee Titans,James Proche,WR,00-0036133,1.0,0.0,0.0,0.0,0.0,0.0,0.0,0.0,0.0,0.0,0.0,0.0,0.0,60.83,39.29,18.25,220.4,66.7,2.6153051099607314,0.3339669638608611,0.9823662440148486,1.0,1.0,james proche,jamesproche,jproche,Tennessee Titans,00-0036133,,,,,,,,,,,,,,,,,,,,,,,,,
2025,8,0.0,2025_08_TEN_IND,Tennessee Titans,Mason Kinsey,WR,00-0036176,1.0,0.0,0.0,0.0,0.0,0.0,0.0,0.0,0.0,0.0,0.0,0.0,0.0,60.83,39.29,18.25,220.4,66.7,2.6153051099607314,0.3339669638608611,0.9823662440148486,1.0,1.0,mason kinsey,masonkinsey,mkinsey,Tennessee Titans,00-0036176,,,,,,,,,,,,,,,,,,,,,,,,,
2025,8,0.0,2025_08_TEN_IND,Tennessee Titans,Van Jefferson,WR,00-0036415,1.0,0.0,0.0,0.0,0.0,0.0,0.0,0.0,0.0,0.0,0.0,0.0,0.0,60.83,39.29,18.25,220.4,66.7,2.6153051099607314,0.3339669638608611,0.9823662440148486,1.0,1.0,van jefferson,vanjefferson,vjefferson,Tennessee Titans,00-0036415,0.0,0.0,0.0,0.0,0.0,0.0,0.0,9.0,1.0,6.0,0.0,V.Jefferson,TEN,team_norm & _alias_init_last,0.0,0.0,0.0,0.0,0.0,0.0,0.0,-9.0,-1.0,-6.0,0.0
2025,8,0.0,2025_08_WAS_KC,Kansas City Chiefs,Patrick Mahomes,QB,00-0033873,1.0,40.02,239.3,2.45,0.81,6.19,21.2,0.2,0.0,0.0,0.0,0.0,0.1824,72.0,38.18,31.38,252.9,135.4,2.636495045204005,0.9913344053305716,0.954498923590314,1.0,1.0,patrick mahomes,patrickmahomes,pmahomes,Kansas City Chiefs,00-0033873,42.0,299.0,3.0,2.0,0.0,0.0,0.0,0.0,0.0,0.0,0.0,P.Mahomes,KC,team_norm & _alias_init_last,-1.9799999999999969,-59.69999999999999,-0.5499999999999998,-1.19,6.19,21.2,0.2,0.0,0.0,0.0,0.0
2025,8,0.0,2025_08_WAS_KC,Kansas City Chiefs,Isiah Pacheco,RB,00-0037197,1.0,0.0,0.0,0.0,0.0,16.31,56.8,0.63,4.06,2.65,16.0,0.28,0.5999,72.0,38.18,31.38,252.9,135.4,2.636495045204005,0.9913344053305716,0.954498923590314,1.0,1.0,isiah pacheco,isiahpacheco,ipacheco,Kansas City Chiefs,00-0037197,0.0,0.0,0.0,0.0,12.0,58.0,0.0,0.0,0.0,0.0,0.0,I.Pacheco,KC,team_norm & _alias_init_last,0.0,0.0,0.0,0.0,4.309999999999999,-1.2000000000000028,0.63,4.06,2.65,16.0,0.28
2025,8,0.0,2025_08_WAS_KC,Kansas City Chiefs,Kareem Hunt,RB,00-0033923,1.0,0.0,0.0,0.0,0.0,8.88,31.3,0.23,2.52,1.48,9.6,0.19,0.3416,72.0,38.18,31.38,252.9,135.4,2.636495045204005,0.9913344053305716,0.954498923590314,1.0,1.0,kareem hunt,kareemhunt,khunt,Kansas City Chiefs,00-0033923,0.0,0.0,0.0,0.0,9.0,40.0,1.0,1.0,1.0,2.0,1.0,K.Hunt,KC,team_norm & _alias_init_last,0.0,0.0,0.0,0.0,-0.11999999999999922,-8.7,-0.77,1.52,0.48,7.6,-0.81
2025,8,0.0,2025_08_WAS_KC,Kansas City Chiefs,Brashard Smith,RB,00-0040078,1.0,0.0,0.0,0.0,0.0,0.0,0.0,0.0,0.0,0.0,0.0,0.0,0.0,72.0,38.18,31.38,252.9,135.4,2.636495045204005,0.9913344053305716,0.954498923590314,1.0,1.0,brashard smith,brashardsmith,bsmith,Kansas City Chiefs,00-0040078,0.0,0.0,0.0,0.0,3.0,8.0,0.0,0.0,0.0,0.0,0.0,B.Smith,KC,team_norm & _alias_init_last,0.0,0.0,0.0,0.0,-3.0,-8.0,0.0,0.0,0.0,0.0,0.0
2025,8,0.0,2025_08_WAS_KC,Kansas City Chiefs,Travis Kelce,TE,00-0030506,1.0,0.0,0.0,0.0,0.0,0.0,0.0,0.0,6.9,4.53,33.4,0.45,0.3593,72.0,38.18,31.38,252.9,135.4,2.636495045204005,0.9913344053305716,0.954498923590314,1.0,1.0,travis kelce,traviskelce,tkelce,Kansas City Chiefs,00-0030506,0.0,0.0,0.0,0.0,0.0,0.0,0.0,8.0,6.0,99.0,1.0,T.Kelce,KC,team_norm & _alias_init_last,0.0,0.0,0.0,0.0,0.0,0.0,0.0,-1.0999999999999996,-1.4699999999999998,-65.6,-0.55
2025,8,0.0,2025_08_WAS_KC,Kansas City Chiefs,Noah Gray,TE,00-0036637,1.0,0.0,0.0,0.0,0.0,0.0,0.0,0.0,3.57,2.3,17.8,0.22,0.1989,72.0,38.18,31.38,252.9,135.4,2.636495045204005,0.9913344053305716,0.954498923590314,1.0,1.0,noah gray,noahgray,ngray,Kansas City Chiefs,00-0036637,0.0,0.0,0.0,0.0,0.0,0.0,0.0,5.0,2.0,23.0,0.0,N.Gray,KC,team_norm & _alias_init_last,0.0,0.0,0.0,0.0,0.0,0.0,0.0,-1.4300000000000002,0.2999999999999998,-5.199999999999999,0.22
2025,8,0.0,2025_08_WAS_KC,Kansas City Chiefs,Geor'Quarius Spivey,TE,00-0039941,1.0,0.0,0.0,0.0,0.0,0.0,0.0,0.0,0.0,0.0,0.0,0.0,0.0,72.0,38.18,31.38,252.9,135.4,2.636495045204005,0.9913344053305716,0.954498923590314,0.0,0.0,geor'quarius spivey,georquariusspivey,gspivey,Kansas City Chiefs,00-0039941,,,,,,,,,,,,,,,,,,,,,,,,,
2025,8,0.0,2025_08_WAS_KC,Kansas City Chiefs,Jared Wiley,TE,00-0039824,1.0,0.0,0.0,0.0,0.0,0.0,0.0,0.0,0.0,0.0,0.0,0.0,0.0,72.0,38.18,31.38,252.9,135.4,2.636495045204005,0.9913344053305716,0.954498923590314,0.0,0.0,jared wiley,jaredwiley,jwiley,Kansas City Chiefs,00-0039824,,,,,,,,,,,,,,,,,,,,,,,,,
2025,8,0.0,2025_08_WAS_KC,Kansas City Chiefs,Robert Tonyan,TE,00-0033757,1.0,0.0,0.0,0.0,0.0,0.0,0.0,0.0,0.0,0.0,0.0,0.0,0.0,72.0,38.18,31.38,252.9,135.4,2.636495045204005,0.9913344053305716,0.954498923590314,1.0,1.0,robert tonyan,roberttonyan,rtonyan,Kansas City Chiefs,00-0033757,,,,,,,,,,,,,,,,,,,,,,,,,
2025,8,0.0,2025_08_WAS_KC,Kansas City Chiefs,Rashee Rice,WR,00-0039067,1.0,0.0,0.0,0.0,0.0,0.0,0.0,0.0,9.37,7.11,56.1,0.65,0.4758,72.0,38.18,31.38,252.9,135.4,2.636495045204005,0.9913344053305716,0.954498923590314,1.0,1.0,rashee rice,rasheerice,rrice,Kansas City Chiefs,00-0039067,0.0,0.0,0.0,0.0,2.0,12.0,0.0,9.0,9.0,93.0,1.0,R.Rice,KC,team_norm & _alias_init_last,0.0,0.0,0.0,0.0,-2.0,-12.0,0.0,0.3699999999999992,-1.8899999999999997,-36.9,-0.35
2025,8,0.0,2025_08_WAS_KC,Kansas City Chiefs,Xavier Worthy,WR,00-0039894,1.0,0.0,0.0,0.0,0.0,0.0,0.0,0.0,7.06,4.54,42.2,0.47,0.3765,72.0,38.18,31.38,252.9,135.4,2.636495045204005,0.9913344053305716,0.954498923590314,1.0,1.0,xavier worthy,xavierworthy,xworthy,Kansas City Chiefs,00-0039894,0.0,0.0,0.0,0.0,0.0,0.0,0.0,8.0,5.0,53.0,0.0,X.Worthy,KC,team_norm & _alias_init_last,0.0,0.0,0.0,0.0,0.0,0.0,0.0,-0.9400000000000004,-0.45999999999999996,-10.799999999999997,0.47
2025,8,0.0,2025_08_WAS_KC,Kansas City Chiefs,Marquise Brown,WR,00-0035662,1.0,0.0,0.0,0.0,0.0,0.0,0.0,0.0,4.7,2.64,24.7,0.3,0.261,72.0,38.18,31.38,252.9,135.4,2.636495045204005,0.9913344053305716,0.954498923590314,1.0,1.0,marquise brown,marquisebrown,mbrown,Kansas City Chiefs,00-0035662,0.0,0.0,0.0,0.0,0.0,0.0,0.0,1.0,0.0,0.0,0.0,M.Brown,KC,team_norm & _alias_init_last,0.0,0.0,0.0,0.0,0.0,0.0,0.0,3.7,2.64,24.7,0.3
2025,8,0.0,2025_08_WAS_KC,Kansas City Chiefs,Elijhah Badger,WR,00-0040080,1.0,0.0,0.0,0.0,0.0,0.0,0.0,0.0,0.0,0.0,0.0,0.0,0.0,72.0,38.18,31.38,252.9,135.4,2.636495045204005,0.9913344053305716,0.954498923590314,0.0,0.0,elijhah badger,elijhahbadger,ebadger,Kansas City Chiefs,00-0040080,,,,,,,,,,,,,,,,,,,,,,,,,
2025,8,0.0,2025_08_WAS_KC,Kansas City Chiefs,Jalen Royals,WR,00-0040646,1.0,0.0,0.0,0.0,0.0,0.0,0.0,0.0,0.0,0.0,0.0,0.0,0.0,72.0,38.18,31.38,252.9,135.4,2.636495045204005,0.9913344053305716,0.954498923590314,0.0,0.0,jalen royals,jalenroyals,jroyals,Kansas City Chiefs,00-0040646,,,,,,,,,,,,,,,,,,,,,,,,,
2025,8,0.0,2025_08_WAS_KC,Kansas City Chiefs,JuJu Smith-Schuster,WR,00-0033857,1.0,0.0,0.0,0.0,0.0,0.0,0.0,0.0,0.0,0.0,0.0,0.0,0.0,72.0,38.18,31.38,252.9,135.4,2.636495045204005,0.9913344053305716,0.954498923590314,1.0,1.0,juju smith-schuster,jujusmithschuster,jsmithschuster,Kansas City Chiefs,00-0033857,0.0,0.0,0.0,0.0,0.0,0.0,0.0,2.0,2.0,29.0,0.0,J.Smith-Schuster,KC,team_norm & _alias_init_last,0.0,0.0,0.0,0.0,0.0,0.0,0.0,-2.0,-2.0,-29.0,0.0
2025,8,0.0,2025_08_WAS_KC,Kansas City Chiefs,Nikko Remigio,WR,00-0038519,1.0,0.0,0.0,0.0,0.0,0.0,0.0,0.0,0.0,0.0,0.0,0.0,0.0,72.0,38.18,31.38,252.9,135.4,2.636495045204005,0.9913344053305716,0.954498923590314,1.0,1.0,nikko remigio,nikkoremigio,nremigio,Kansas City Chiefs,00-0038519,,,,,,,,,,,,,,,,,,,,,,,,,
2025,8,0.0,2025_08_WAS_KC,Kansas City Chiefs,Tyquan Thornton,WR,00-0038104,1.0,0.0,0.0,0.0,0.0,0.0,0.0,0.0,0.0,0.0,0.0,0.0,0.0,72.0,38.18,31.38,252.9,135.4,2.636495045204005,0.9913344053305716,0.954498923590314,1.0,1.0,tyquan thornton,tyquanthornton,tthornton,Kansas City Chiefs,00-0038104,,,,,,,,,,,,,,,,,,,,,,,,,
2025,8,0.0,2025_08_WAS_KC,Washington Commanders,Jayden Daniels,QB,00-0039910,1.0,40.99,272.4,2.01,0.91,8.73,31.6,0.19,0.0,0.0,0.0,0.0,0.1703,72.0,42.74,26.18,324.4,129.5,2.234329393840204,0.5883636420386922,1.068575717728719,0.0,0.0,jayden daniels,jaydendaniels,jdaniels,Washington Commanders,00-0039910,,,,,,,,,,,,,,,,,,,,,,,,,
2025,8,0.0,2025_08_WAS_KC,Washington Commanders,Jacory Croskey-Merritt,RB,00-0040242,1.0,0.0,0.0,0.0,0.0,11.22,48.9,0.34,4.8,2.84,27.2,0.25,0.4432,72.0,42.74,26.18,324.4,129.5,2.234329393840204,0.5883636420386922,1.068575717728719,1.0,1.0,jacory croskey-merritt,jacorycroskeymerritt,jcroskeymerritt,Washington Commanders,00-0040242,0.0,0.0,0.0,0.0,9.0,25.0,0.0,1.0,0.0,0.0,0.0,J.Croskey-Merritt,WAS,team_norm & _alias_init_last,0.0,0.0,0.0,0.0,2.2200000000000006,23.9,0.34,3.8,2.84,27.2,0.25
2025,8,0.0,2025_08_WAS_KC,Washington Commanders,Jeremy McNichols,RB,00-0033955,1.0,0.0,0.0,0.0,0.0,6.23,26.7,0.12,2.99,1.83,13.8,0.16,0.2414,72.0,42.74,26.18,324.4,129.5,2.234329393840204,0.5883636420386922,1.068575717728719,1.0,1.0,jeremy mcnichols,jeremymcnichols,jmcnichols,Washington Commanders,00-0033955,0.0,0.0,0.0,0.0,1.0,4.0,0.0,6.0,5.0,64.0,0.0,J.McNichols,WAS,team_norm & _alias_init_last,0.0,0.0,0.0,0.0,5.23,22.7,0.12,-3.01,-3.17,-50.2,0.16
2025,8,0.0,2025_08_WAS_KC,Washington Commanders,Chris Rodriguez Jr.,RB,00-0038611,1.0,0.0,0.0,0.0,0.0,0.0,0.0,0.0,0.0,0.0,0.0,0.0,0.0,72.0,42.74,26.18,324.4,129.5,2.234329393840204,0.5883636420386922,1.068575717728719,1.0,1.0,chris rodriguez jr.,chrisrodriguezjr,crodriguez,Washington Commanders,00-0038611,0.0,0.0,0.0,0.0,1.0,2.0,0.0,0.0,0.0,0.0,0.0,C.Rodriguez,WAS,team_norm & _alias_init_last,0.0,0.0,0.0,0.0,-1.0,-2.0,0.0,0.0,0.0,0.0,0.0
2025,8,0.0,2025_08_WAS_KC,Washington Commanders,Zach Ertz,TE,00-0030061,1.0,0.0,0.0,0.0,0.0,0.0,0.0,0.0,7.34,4.49,42.1,0.36,0.3056,72.0,42.74,26.18,324.4,129.5,2.234329393840204,0.5883636420386922,1.068575717728719,1.0,1.0,zach ertz,zachertz,zertz,Washington Commanders,00-0030061,0.0,0.0,0.0,0.0,0.0,0.0,0.0,6.0,4.0,16.0,0.0,Z.Ertz,WAS,team_norm & _alias_init_last,0.0,0.0,0.0,0.0,0.0,0.0,0.0,1.3399999999999999,0.4900000000000002,26.1,0.36
2025,8,0.0,2025_08_WAS_KC,Washington Commanders,John Bates,TE,00-0036628,1.0,0.0,0.0,0.0,0.0,0.0,0.0,0.0,3.79,2.32,23.9,0.18,0.1668,72.0,42.74,26.18,324.4,129.5,2.234329393840204,0.5883636420386922,1.068575717728719,1.0,1.0,john bates,johnbates,jbates,Washington Commanders,00-0036628,0.0,0.0,0.0,0.0,0.0,0.0,0.0,1.0,1.0,22.0,0.0,J.Bates,WAS,team_norm & _alias_init_last,0.0,0.0,0.0,0.0,0.0,0.0,0.0,2.79,1.3199999999999998,1.8999999999999986,0.18
2025,8,0.0,2025_08_WAS_KC,Washington Commanders,Ben Sinnott,TE,00-0039912,1.0,0.0,0.0,0.0,0.0,0.0,0.0,0.0,0.0,0.0,0.0,0.0,0.0,72.0,42.74,26.18,324.4,129.5,2.234329393840204,0.5883636420386922,1.068575717728719,1.0,1.0,ben sinnott,bensinnott,bsinnott,Washington Commanders,00-0039912,0.0,0.0,0.0,0.0,0.0,0.0,0.0,1.0,1.0,22.0,0.0,B.Sinnott,WAS,team_norm & _alias_init_last,0.0,0.0,0.0,0.0,0.0,0.0,0.0,-1.0,-1.0,-22.0,0.0
2025,8,0.0,2025_08_WAS_KC,Washington Commanders,Colson Yankoff,TE,00-0039686,1.0,0.0,0.0,0.0,0.0,0.0,0.0,0.0,0.0,0.0,0.0,0.0,0.0,72.0,42.74,26.18,324.4,129.5,2.234329393840204,0.5883636420386922,1.068575717728719,0.0,0.0,colson yankoff,colsonyankoff,cyankoff,Washington Commanders,00-0039686,,,,,,,,,,,,,,,,,,,,,,,,,
2025,8,0.0,2025_08_WAS_KC,Washington Commanders,Gee Scott Jr.,TE,00-0040571,1.0,0.0,0.0,0.0,0.0,0.0,0.0,0.0,0.0,0.0,0.0,0.0,0.0,72.0,42.74,26.18,324.4,129.5,2.234329393840204,0.5883636420386922,1.068575717728719,0.0,0.0,gee scott jr.,geescottjr,gscott,Washington Commanders,00-0040571,,,,,,,,,,,,,,,,,,,,,,,,,
2025,8,0.0,2025_08_WAS_KC,Washington Commanders,Terry McLaurin,WR,00-0035659,1.0,0.0,0.0,0.0,0.0,0.0,0.0,0.0,10.32,6.6,62.9,0.5,0.3945,72.0,42.74,26.18,324.4,129.5,2.234329393840204,0.5883636420386922,1.068575717728719,1.0,1.0,terry mclaurin,terrymclaurin,tmclaurin,Washington Commanders,00-0035659,0.0,0.0,0.0,0.0,0.0,0.0,0.0,4.0,3.0,54.0,1.0,T.McLaurin,WAS,team_norm & _alias_init_last,0.0,0.0,0.0,0.0,0.0,0.0,0.0,6.32,3.5999999999999996,8.899999999999999,-0.5
2025,8,0.0,2025_08_WAS_KC,Washington Commanders,Deebo Samuel,WR,,1.0,0.0,0.0,0.0,0.0,0.0,0.0,0.0,7.77,5.13,89.3,0.41,0.334,72.0,42.74,26.18,324.4,129.5,2.234329393840204,0.5883636420386922,1.068575717728719,0.0,0.0,deebo samuel,deebosamuel,dsamuel,Washington Commanders,,0.0,0.0,0.0,0.0,1.0,1.0,0.0,6.0,3.0,11.0,0.0,D.Samuel,WAS,team_norm & _alias_init_last,0.0,0.0,0.0,0.0,-1.0,-1.0,0.0,1.7699999999999996,2.13,78.3,0.41
2025,8,0.0,2025_08_WAS_KC,Washington Commanders,Chris Moore,WR,00-0032398,1.0,0.0,0.0,0.0,0.0,0.0,0.0,0.0,5.18,3.14,32.2,0.25,0.2217,72.0,42.74,26.18,324.4,129.5,2.234329393840204,0.5883636420386922,1.068575717728719,1.0,1.0,chris moore,chrismoore,cmoore,Washington Commanders,00-0032398,0.0,0.0,0.0,0.0,0.0,0.0,0.0,1.0,0.0,0.0,0.0,C.Moore,WAS,team_norm & _alias_init_last,0.0,0.0,0.0,0.0,0.0,0.0,0.0,4.18,3.14,32.2,0.25
2025,8,0.0,2025_08_WAS_KC,Washington Commanders,Braylon Sanders,WR,00-0037355,1.0,0.0,0.0,0.0,0.0,0.0,0.0,0.0,0.0,0.0,0.0,0.0,0.0,72.0,42.74,26.18,324.4,129.5,2.234329393840204,0.5883636420386922,1.068575717728719,0.0,0.0,braylon sanders,braylonsanders,bsanders,Washington Commanders,00-0037355,,,,,,,,,,,,,,,,,,,,,,,,,
2025,8,0.0,2025_08_WAS_KC,Washington Commanders,Jaylin Lane,WR,00-0040164,1.0,0.0,0.0,0.0,0.0,0.0,0.0,0.0,0.0,0.0,0.0,0.0,0.0,72.0,42.74,26.18,324.4,129.5,2.234329393840204,0.5883636420386922,1.068575717728719,1.0,1.0,jaylin lane,jaylinlane,jlane,Washington Commanders,00-0040164,0.0,0.0,0.0,0.0,0.0,0.0,0.0,2.0,1.0,0.0,0.0,J.Lane,WAS,team_norm & _alias_init_last,0.0,0.0,0.0,0.0,0.0,0.0,0.0,-2.0,-1.0,0.0,0.0
2025,8,0.0,2025_08_WAS_KC,Washington Commanders,Luke McCaffrey,WR,00-0039355,1.0,0.0,0.0,0.0,0.0,0.0,0.0,0.0,0.0,0.0,0.0,0.0,0.0,72.0,42.74,26.18,324.4,129.5,2.234329393840204,0.5883636420386922,1.068575717728719,1.0,1.0,luke mccaffrey,lukemccaffrey,lmccaffrey,Washington Commanders,00-0039355,0.0,0.0,0.0,0.0,0.0,0.0,0.0,3.0,3.0,24.0,0.0,L.McCaffrey,WAS,team_norm & _alias_init_last,0.0,0.0,0.0,0.0,0.0,0.0,0.0,-3.0,-3.0,-24.0,0.0
