season,week,date,game_id,team,player,position,player_id_x,is_active,pass_attempts,pass_yards,pass_tds,interceptions,rush_attempts,rush_yards,rush_tds,targets,receptions,rec_yards,rec_tds,any_td_prob,team_plays,team_pass_attempts,team_rush_attempts,team_pass_yards,team_rush_yards,team_exp_pass_tds,team_exp_rush_tds,team_exp_int,is_active_pid,is_active_nm,_name_norm,_name_norm_loose,_alias_init_last,team_norm,player_id_y,pass_attempts_act,pass_yards_act,pass_tds_act,interceptions_act,rush_attempts_act,rush_yards_act,rush_tds_act,targets_act,receptions_act,rec_yards_act,rec_tds_act,player_act,team_act,match_strategy,pass_attempts_err,pass_yards_err,pass_tds_err,interceptions_err,rush_attempts_err,rush_yards_err,rush_tds_err,targets_err,receptions_err,rec_yards_err,rec_tds_err
2025,13,0.0,2025_13_ARI_TB,Arizona Cardinals,Jacoby Brissett,QB,00-0033119,1.0,39.97,206.0,1.01,1.19,2.77,7.6,0.02,0.0,0.0,0.0,0.0,0.0177,72.0,46.95,21.6,263.4,78.9,1.3237108037582153,0.1342459045693278,1.173798060066741,1.0,1.0,jacoby brissett,jacobybrissett,jbrissett,Arizona Cardinals,00-0033119,44.0,301.0,2.0,1.0,0.0,0.0,0.0,0.0,0.0,0.0,0.0,J.Brissett,ARI,team_norm & _alias_init_last,-4.030000000000001,-95.0,-0.99,0.18999999999999995,2.77,7.6,0.02,0.0,0.0,0.0,0.0
2025,13,0.0,2025_13_ARI_TB,Arizona Cardinals,Bam Knight,RB,00-0037157,1.0,0.0,0.0,0.0,0.0,12.1,38.3,0.09,5.81,4.37,27.6,0.17,0.2269,72.0,46.95,21.6,263.4,78.9,1.3237108037582153,0.1342459045693278,1.173798060066741,1.0,1.0,bam knight,bamknight,bknight,Arizona Cardinals,,,,,,,,,,,,,,,,,,,,,,,,,,
2025,13,0.0,2025_13_ARI_TB,Arizona Cardinals,Emari Demercado,RB,00-0038705,1.0,0.0,0.0,0.0,0.0,6.72,21.9,0.03,3.61,2.59,16.1,0.1,0.1236,72.0,46.95,21.6,263.4,78.9,1.3237108037582153,0.1342459045693278,1.173798060066741,0.0,0.0,emari demercado,emaridemercado,edemercado,Arizona Cardinals,00-0038705,,,,,,,,,,,,,,,,,,,,,,,,,
2025,13,0.0,2025_13_ARI_TB,Arizona Cardinals,Jermar Jefferson,RB,00-0036670,1.0,0.0,0.0,0.0,0.0,0.0,0.0,0.0,0.0,0.0,0.0,0.0,0.0,72.0,46.95,21.6,263.4,78.9,1.3237108037582153,0.1342459045693278,1.173798060066741,1.0,1.0,jermar jefferson,jermarjefferson,jjefferson,Arizona Cardinals,00-0036670,0.0,0.0,0.0,0.0,0.0,0.0,0.0,6.0,2.0,4.0,0.0,J.Jefferson,MIN,_alias_init_last,0.0,0.0,0.0,0.0,0.0,0.0,0.0,-6.0,-2.0,-4.0,0.0
2025,13,0.0,2025_13_ARI_TB,Arizona Cardinals,Michael Carter,RB,00-0036924,1.0,0.0,0.0,0.0,0.0,0.0,0.0,0.0,0.0,0.0,0.0,0.0,0.0,72.0,46.95,21.6,263.4,78.9,1.3237108037582153,0.1342459045693278,1.173798060066741,1.0,1.0,michael carter,michaelcarter,mcarter,Arizona Cardinals,00-0036924,0.0,0.0,0.0,0.0,5.0,17.0,0.0,6.0,5.0,47.0,0.0,M.Carter,ARI,team_norm & _alias_init_last,0.0,0.0,0.0,0.0,-5.0,-17.0,0.0,-6.0,-5.0,-47.0,0.0
2025,13,0.0,2025_13_ARI_TB,Arizona Cardinals,Trey McBride,TE,00-0037744,1.0,0.0,0.0,0.0,0.0,0.0,0.0,0.0,8.19,5.44,30.2,0.21,0.1894,72.0,46.95,21.6,263.4,78.9,1.3237108037582153,0.1342459045693278,1.173798060066741,1.0,1.0,trey mcbride,treymcbride,tmcbride,Arizona Cardinals,00-0037744,0.0,0.0,0.0,0.0,0.0,0.0,0.0,9.0,8.0,82.0,1.0,T.McBride,ARI,team_norm & _alias_init_last,0.0,0.0,0.0,0.0,0.0,0.0,0.0,-0.8100000000000005,-2.5599999999999996,-51.8,-0.79
2025,13,0.0,2025_13_ARI_TB,Arizona Cardinals,Elijah Higgins,TE,00-0039041,1.0,0.0,0.0,0.0,0.0,0.0,0.0,0.0,4.23,2.85,17.2,0.11,0.1037,72.0,46.95,21.6,263.4,78.9,1.3237108037582153,0.1342459045693278,1.173798060066741,1.0,1.0,elijah higgins,elijahhiggins,ehiggins,Arizona Cardinals,00-0039041,0.0,0.0,0.0,0.0,0.0,0.0,0.0,2.0,2.0,17.0,0.0,E.Higgins,ARI,team_norm & _alias_init_last,0.0,0.0,0.0,0.0,0.0,0.0,0.0,2.2300000000000004,0.8500000000000001,0.1999999999999993,0.11
2025,13,0.0,2025_13_ARI_TB,Arizona Cardinals,Josiah Deguara,TE,00-0036332,1.0,0.0,0.0,0.0,0.0,0.0,0.0,0.0,0.0,0.0,0.0,0.0,0.0,72.0,46.95,21.6,263.4,78.9,1.3237108037582153,0.1342459045693278,1.173798060066741,1.0,1.0,josiah deguara,josiahdeguara,jdeguara,Arizona Cardinals,00-0036332,,,,,,,,,,,,,,,,,,,,,,,,,
2025,13,0.0,2025_13_ARI_TB,Arizona Cardinals,Oscar Cardenas,TE,00-0040381,1.0,0.0,0.0,0.0,0.0,0.0,0.0,0.0,0.0,0.0,0.0,0.0,0.0,72.0,46.95,21.6,263.4,78.9,1.3237108037582153,0.1342459045693278,1.173798060066741,0.0,0.0,oscar cardenas,oscarcardenas,ocardenas,Arizona Cardinals,00-0040381,,,,,,,,,,,,,,,,,,,,,,,,,
2025,13,0.0,2025_13_ARI_TB,Arizona Cardinals,Pharaoh Brown,TE,00-0033439,1.0,0.0,0.0,0.0,0.0,0.0,0.0,0.0,0.0,0.0,0.0,0.0,0.0,72.0,46.95,21.6,263.4,78.9,1.3237108037582153,0.1342459045693278,1.173798060066741,1.0,1.0,pharaoh brown,pharaohbrown,pbrown,Arizona Cardinals,00-0033439,,,,,,,,,,,,,,,,,,,,,,,,,
2025,13,0.0,2025_13_ARI_TB,Arizona Cardinals,Marvin Harrison Jr.,WR,00-0039849,1.0,0.0,0.0,0.0,0.0,0.0,0.0,0.0,11.14,5.63,52.5,0.3,0.2565,72.0,46.95,21.6,263.4,78.9,1.3237108037582153,0.1342459045693278,1.173798060066741,1.0,1.0,marvin harrison jr.,marvinharrisonjr,mharrison,Arizona Cardinals,00-0039849,0.0,0.0,0.0,0.0,0.0,0.0,0.0,7.0,6.0,69.0,0.0,M.Harrison,ARI,team_norm & _alias_init_last,0.0,0.0,0.0,0.0,0.0,0.0,0.0,4.140000000000001,-0.3700000000000001,-16.5,0.3
2025,13,0.0,2025_13_ARI_TB,Arizona Cardinals,Michael Wilson,WR,00-0038559,1.0,0.0,0.0,0.0,0.0,0.0,0.0,0.0,8.39,4.73,45.3,0.23,0.2077,72.0,46.95,21.6,263.4,78.9,1.3237108037582153,0.1342459045693278,1.173798060066741,1.0,1.0,michael wilson,michaelwilson,mwilson,Arizona Cardinals,00-0035144,0.0,0.0,0.0,0.0,0.0,0.0,0.0,7.0,3.0,36.0,0.0,M.Wilson,ARI,team_norm & _alias_init_last,0.0,0.0,0.0,0.0,0.0,0.0,0.0,1.3900000000000006,1.7300000000000004,9.299999999999997,0.23
2025,13,0.0,2025_13_ARI_TB,Arizona Cardinals,Greg Dortch,WR,00-0035500,1.0,0.0,0.0,0.0,0.0,0.0,0.0,0.0,5.59,4.0,25.3,0.15,0.1384,72.0,46.95,21.6,263.4,78.9,1.3237108037582153,0.1342459045693278,1.173798060066741,1.0,1.0,greg dortch,gregdortch,gdortch,Arizona Cardinals,00-0035500,0.0,0.0,0.0,0.0,0.0,0.0,0.0,2.0,2.0,14.0,0.0,G.Dortch,ARI,team_norm & _alias_init_last,0.0,0.0,0.0,0.0,0.0,0.0,0.0,3.59,2.0,11.3,0.15
2025,13,0.0,2025_13_ARI_TB,Arizona Cardinals,Andre Baccellia,WR,00-0035876,1.0,0.0,0.0,0.0,0.0,0.0,0.0,0.0,0.0,0.0,0.0,0.0,0.0,72.0,46.95,21.6,263.4,78.9,1.3237108037582153,0.1342459045693278,1.173798060066741,1.0,1.0,andre baccellia,andrebaccellia,abaccellia,Arizona Cardinals,00-0035876,,,,,,,,,,,,,,,,,,,,,,,,,
2025,13,0.0,2025_13_ARI_TB,Arizona Cardinals,Bryson Green,WR,00-0040383,1.0,0.0,0.0,0.0,0.0,0.0,0.0,0.0,0.0,0.0,0.0,0.0,0.0,72.0,46.95,21.6,263.4,78.9,1.3237108037582153,0.1342459045693278,1.173798060066741,0.0,0.0,bryson green,brysongreen,bgreen,Arizona Cardinals,00-0040383,,,,,,,,,,,,,,,,,,,,,,,,,
2025,13,0.0,2025_13_ARI_TB,Arizona Cardinals,Xavier Weaver,WR,00-0039521,1.0,0.0,0.0,0.0,0.0,0.0,0.0,0.0,0.0,0.0,0.0,0.0,0.0,72.0,46.95,21.6,263.4,78.9,1.3237108037582153,0.1342459045693278,1.173798060066741,1.0,1.0,xavier weaver,xavierweaver,xweaver,Arizona Cardinals,00-0039521,0.0,0.0,0.0,0.0,0.0,0.0,0.0,1.0,0.0,0.0,0.0,X.Weaver,ARI,team_norm & _alias_init_last,0.0,0.0,0.0,0.0,0.0,0.0,0.0,-1.0,0.0,0.0,0.0
2025,13,0.0,2025_13_ARI_TB,Tampa Bay Buccaneers,Baker Mayfield,QB,00-0034855,1.0,42.54,232.0,2.08,1.1,5.02,14.3,0.12,0.0,0.0,0.0,0.0,0.1137,72.0,43.57,25.71,244.4,94.0,2.3534931939839034,0.6098194802865828,1.0892899702831955,1.0,1.0,baker mayfield,bakermayfield,bmayfield,Tampa Bay Buccaneers,00-0034855,35.0,194.0,1.0,0.0,0.0,0.0,0.0,0.0,0.0,0.0,0.0,B.Mayfield,TB,team_norm & _alias_init_last,7.539999999999999,38.0,1.08,1.1,5.02,14.3,0.12,0.0,0.0,0.0,0.0
2025,13,0.0,2025_13_ARI_TB,Tampa Bay Buccaneers,Bucky Irving,RB,00-0039361,1.0,0.0,0.0,0.0,0.0,13.31,42.5,0.38,5.45,4.46,22.9,0.3,0.4917,72.0,43.57,25.71,244.4,94.0,2.3534931939839034,0.6098194802865828,1.0892899702831955,1.0,1.0,bucky irving,buckyirving,birving,Tampa Bay Buccaneers,,0.0,0.0,0.0,0.0,18.0,61.0,1.0,2.0,2.0,20.0,0.0,B.Irving,TB,team_norm & _alias_init_last,0.0,0.0,0.0,0.0,-4.6899999999999995,-18.5,-0.62,3.45,2.46,2.8999999999999986,0.3
2025,13,0.0,2025_13_ARI_TB,Tampa Bay Buccaneers,Rachaad White,RB,00-0037256,1.0,0.0,0.0,0.0,0.0,7.39,22.8,0.13,3.39,2.83,12.5,0.19,0.2741,72.0,43.57,25.71,244.4,94.0,2.3534931939839034,0.6098194802865828,1.0892899702831955,1.0,1.0,rachaad white,rachaadwhite,rwhite,Tampa Bay Buccaneers,00-0037256,0.0,0.0,0.0,0.0,2.0,7.0,0.0,4.0,3.0,22.0,0.0,R.White,TB,team_norm & _alias_init_last,0.0,0.0,0.0,0.0,5.39,15.8,0.13,-0.6099999999999999,-0.16999999999999993,-9.5,0.19
2025,13,0.0,2025_13_ARI_TB,Tampa Bay Buccaneers,Sean Tucker,RB,00-0038951,1.0,0.0,0.0,0.0,0.0,0.0,0.0,0.0,0.0,0.0,0.0,0.0,0.0,72.0,43.57,25.71,244.4,94.0,2.3534931939839034,0.6098194802865828,1.0892899702831955,1.0,1.0,sean tucker,seantucker,stucker,Tampa Bay Buccaneers,00-0038951,0.0,0.0,0.0,0.0,3.0,0.0,0.0,0.0,0.0,0.0,0.0,S.Tucker,TB,team_norm & _alias_init_last,0.0,0.0,0.0,0.0,-3.0,0.0,0.0,0.0,0.0,0.0,0.0
2025,13,0.0,2025_13_ARI_TB,Tampa Bay Buccaneers,Cade Otton,TE,00-0038129,1.0,0.0,0.0,0.0,0.0,0.0,0.0,0.0,7.9,4.77,31.6,0.4,0.3266,72.0,43.57,25.71,244.4,94.0,2.3534931939839034,0.6098194802865828,1.0892899702831955,1.0,1.0,cade otton,cadeotton,cotton,Tampa Bay Buccaneers,00-0038129,0.0,0.0,0.0,0.0,0.0,0.0,0.0,2.0,2.0,9.0,0.0,C.Otton,TB,team_norm & _alias_init_last,0.0,0.0,0.0,0.0,0.0,0.0,0.0,5.9,2.7699999999999996,22.6,0.4
2025,13,0.0,2025_13_ARI_TB,Tampa Bay Buccaneers,Payne Durham,TE,00-0039050,1.0,0.0,0.0,0.0,0.0,0.0,0.0,0.0,4.09,2.55,21.1,0.21,0.1922,72.0,43.57,25.71,244.4,94.0,2.3534931939839034,0.6098194802865828,1.0892899702831955,1.0,1.0,payne durham,paynedurham,pdurham,Tampa Bay Buccaneers,00-0039050,0.0,0.0,0.0,0.0,0.0,0.0,0.0,1.0,1.0,11.0,0.0,P.Durham,TB,team_norm & _alias_init_last,0.0,0.0,0.0,0.0,0.0,0.0,0.0,3.09,1.5499999999999998,10.100000000000001,0.21
2025,13,0.0,2025_13_ARI_TB,Tampa Bay Buccaneers,Devin Culp,TE,00-0039754,1.0,0.0,0.0,0.0,0.0,0.0,0.0,0.0,0.0,0.0,0.0,0.0,0.0,72.0,43.57,25.71,244.4,94.0,2.3534931939839034,0.6098194802865828,1.0892899702831955,1.0,1.0,devin culp,devinculp,dculp,Tampa Bay Buccaneers,00-0039754,,,,,,,,,,,,,,,,,,,,,,,,,
2025,13,0.0,2025_13_ARI_TB,Tampa Bay Buccaneers,Emeka Egbuka,WR,00-0040129,1.0,0.0,0.0,0.0,0.0,0.0,0.0,0.0,10.09,4.98,50.7,0.52,0.4027,72.0,43.57,25.71,244.4,94.0,2.3534931939839034,0.6098194802865828,1.0892899702831955,1.0,1.0,emeka egbuka,emekaegbuka,eegbuka,Tampa Bay Buccaneers,00-0040129,0.0,0.0,0.0,0.0,0.0,0.0,0.0,9.0,4.0,42.0,0.0,E.Egbuka,TB,team_norm & _alias_init_last,0.0,0.0,0.0,0.0,0.0,0.0,0.0,1.0899999999999999,0.9800000000000004,8.700000000000003,0.52
2025,13,0.0,2025_13_ARI_TB,Tampa Bay Buccaneers,Chris Godwin Jr.,WR,00-0033921,1.0,0.0,0.0,0.0,0.0,0.0,0.0,0.0,7.6,4.96,32.7,0.39,0.32,72.0,43.57,25.71,244.4,94.0,2.3534931939839034,0.6098194802865828,1.0892899702831955,1.0,1.0,chris godwin jr.,chrisgodwinjr,cgodwin,Tampa Bay Buccaneers,,0.0,0.0,0.0,0.0,0.0,0.0,0.0,5.0,3.0,78.0,0.0,C.Godwin,TB,team_norm & _alias_init_last,0.0,0.0,0.0,0.0,0.0,0.0,0.0,2.5999999999999996,1.96,-45.3,0.39
2025,13,0.0,2025_13_ARI_TB,Tampa Bay Buccaneers,Tez Johnson,WR,00-0040237,1.0,0.0,0.0,0.0,0.0,0.0,0.0,0.0,5.06,3.0,27.2,0.27,0.2345,72.0,43.57,25.71,244.4,94.0,2.3534931939839034,0.6098194802865828,1.0892899702831955,1.0,1.0,tez johnson,tezjohnson,tjohnson,Tampa Bay Buccaneers,00-0040237,0.0,0.0,0.0,0.0,0.0,0.0,0.0,2.0,1.0,5.0,0.0,T.Johnson,TB,team_norm & _alias_init_last,0.0,0.0,0.0,0.0,0.0,0.0,0.0,3.0599999999999996,2.0,22.2,0.27
2025,13,0.0,2025_13_ARI_TB,Tampa Bay Buccaneers,Kameron Johnson,WR,00-0039589,1.0,0.0,0.0,0.0,0.0,0.0,0.0,0.0,0.0,0.0,0.0,0.0,0.0,72.0,43.57,25.71,244.4,94.0,2.3534931939839034,0.6098194802865828,1.0892899702831955,1.0,1.0,kameron johnson,kameronjohnson,kjohnson,Tampa Bay Buccaneers,00-0039589,0.0,0.0,0.0,0.0,2.0,3.0,0.0,0.0,0.0,0.0,0.0,K.Johnson,PIT,_alias_init_last,0.0,0.0,0.0,0.0,-2.0,-3.0,0.0,0.0,0.0,0.0,0.0
2025,13,0.0,2025_13_ARI_TB,Tampa Bay Buccaneers,Sterling Shepard,WR,00-0032385,1.0,0.0,0.0,0.0,0.0,0.0,0.0,0.0,0.0,0.0,0.0,0.0,0.0,72.0,43.57,25.71,244.4,94.0,2.3534931939839034,0.6098194802865828,1.0892899702831955,1.0,1.0,sterling shepard,sterlingshepard,sshepard,Tampa Bay Buccaneers,00-0032385,0.0,0.0,0.0,0.0,0.0,0.0,0.0,2.0,1.0,5.0,0.0,S.Shepard,TB,team_norm & _alias_init_last,0.0,0.0,0.0,0.0,0.0,0.0,0.0,-2.0,-1.0,-5.0,0.0
2025,13,0.0,2025_13_ATL_NYJ,Atlanta Falcons,Kirk Cousins,QB,00-0029604,1.0,35.58,198.8,1.59,0.83,3.79,11.0,0.1,0.0,0.0,0.0,0.0,0.0968,72.0,32.79,37.33,183.9,136.5,1.8636910342617816,0.9959472374174508,0.8196297494792545,1.0,1.0,kirk cousins,kirkcousins,kcousins,Atlanta Falcons,00-0029604,36.0,234.0,1.0,0.0,0.0,0.0,0.0,0.0,0.0,0.0,0.0,K.Cousins,ATL,team_norm & _alias_init_last,-0.4200000000000017,-35.19999999999999,0.5900000000000001,0.83,3.79,11.0,0.1,0.0,0.0,0.0,0.0
2025,13,0.0,2025_13_ATL_NYJ,Atlanta Falcons,Bijan Robinson,RB,00-0038542,1.0,0.0,0.0,0.0,0.0,21.57,64.2,0.68,4.17,3.09,16.2,0.24,0.6026,72.0,32.79,37.33,183.9,136.5,1.8636910342617816,0.9959472374174508,0.8196297494792545,1.0,1.0,bijan robinson,bijanrobinson,brobinson,Atlanta Falcons,00-0038542,0.0,0.0,0.0,0.0,24.0,142.0,1.0,7.0,5.0,51.0,0.0,B.Robinson,ATL,team_norm & _alias_init_last,0.0,0.0,0.0,0.0,-2.4299999999999997,-77.8,-0.31999999999999995,-2.83,-1.9100000000000001,-34.8,0.24
2025,13,0.0,2025_13_ATL_NYJ,Atlanta Falcons,Tyler Allgeier,RB,00-0037263,1.0,0.0,0.0,0.0,0.0,11.98,35.7,0.25,2.59,2.02,10.4,0.14,0.328,72.0,32.79,37.33,183.9,136.5,1.8636910342617816,0.9959472374174508,0.8196297494792545,1.0,1.0,tyler allgeier,tylerallgeier,tallgeier,Atlanta Falcons,00-0037263,0.0,0.0,0.0,0.0,8.0,20.0,1.0,2.0,2.0,35.0,0.0,T.Allgeier,ATL,team_norm & _alias_init_last,0.0,0.0,0.0,0.0,3.9800000000000004,15.700000000000003,-0.75,0.5899999999999999,0.020000000000000018,-24.6,0.14
2025,13,0.0,2025_13_ATL_NYJ,Atlanta Falcons,Nate Carter,RB,00-0040547,1.0,0.0,0.0,0.0,0.0,0.0,0.0,0.0,0.0,0.0,0.0,0.0,0.0,72.0,32.79,37.33,183.9,136.5,1.8636910342617816,0.9959472374174508,0.8196297494792545,1.0,1.0,nate carter,natecarter,ncarter,Atlanta Falcons,00-0040547,,,,,,,,,,,,,,,,,,,,,,,,,
2025,13,0.0,2025_13_ATL_NYJ,Atlanta Falcons,Kyle Pitts Sr.,TE,,1.0,0.0,0.0,0.0,0.0,0.0,0.0,0.0,5.8,3.44,36.9,0.33,0.2809,72.0,32.79,37.33,183.9,136.5,1.8636910342617816,0.9959472374174508,0.8196297494792545,0.0,0.0,kyle pitts sr.,kylepittssr,kpitts,Atlanta Falcons,00-0036970,0.0,0.0,0.0,0.0,0.0,0.0,0.0,8.0,7.0,82.0,0.0,K.Pitts,ATL,team_norm & _alias_init_last,0.0,0.0,0.0,0.0,0.0,0.0,0.0,-2.2,-3.56,-45.1,0.33
2025,13,0.0,2025_13_ATL_NYJ,Atlanta Falcons,Charlie Woerner,TE,00-0036429,1.0,0.0,0.0,0.0,0.0,0.0,0.0,0.0,3.0,1.91,14.7,0.16,0.1482,72.0,32.79,37.33,183.9,136.5,1.8636910342617816,0.9959472374174508,0.8196297494792545,1.0,1.0,charlie woerner,charliewoerner,cwoerner,Atlanta Falcons,00-0036429,,,,,,,,,,,,,,,,,,,,,,,,,
2025,13,0.0,2025_13_ATL_NYJ,Atlanta Falcons,Feleipe Franks,TE,00-0036825,1.0,0.0,0.0,0.0,0.0,0.0,0.0,0.0,0.0,0.0,0.0,0.0,0.0,72.0,32.79,37.33,183.9,136.5,1.8636910342617816,0.9959472374174508,0.8196297494792545,1.0,1.0,feleipe franks,feleipefranks,ffranks,Atlanta Falcons,00-0036825,,,,,,,,,,,,,,,,,,,,,,,,,
2025,13,0.0,2025_13_ATL_NYJ,Atlanta Falcons,Teagan Quitoriano,TE,00-0037277,1.0,0.0,0.0,0.0,0.0,0.0,0.0,0.0,0.0,0.0,0.0,0.0,0.0,72.0,32.79,37.33,183.9,136.5,1.8636910342617816,0.9959472374174508,0.8196297494792545,1.0,1.0,teagan quitoriano,teaganquitoriano,tquitoriano,Atlanta Falcons,00-0037277,,,,,,,,,,,,,,,,,,,,,,,,,
2025,13,0.0,2025_13_ATL_NYJ,Atlanta Falcons,Drake London,WR,00-0037238,1.0,0.0,0.0,0.0,0.0,0.0,0.0,0.0,7.58,4.52,34.7,0.41,0.3396,72.0,32.79,37.33,183.9,136.5,1.8636910342617816,0.9959472374174508,0.8196297494792545,0.0,0.0,drake london,drakelondon,dlondon,Atlanta Falcons,00-0037238,,,,,,,,,,,,,,,,,,,,,,,,,
2025,13,0.0,2025_13_ATL_NYJ,Atlanta Falcons,Darnell Mooney,WR,00-0036309,1.0,0.0,0.0,0.0,0.0,0.0,0.0,0.0,5.7,3.08,26.2,0.29,0.255,72.0,32.79,37.33,183.9,136.5,1.8636910342617816,0.9959472374174508,0.8196297494792545,1.0,1.0,darnell mooney,darnellmooney,dmooney,Atlanta Falcons,00-0036309,0.0,0.0,0.0,0.0,0.0,0.0,0.0,5.0,2.0,25.0,0.0,D.Mooney,ATL,team_norm & _alias_init_last,0.0,0.0,0.0,0.0,0.0,0.0,0.0,0.7000000000000002,1.08,1.1999999999999993,0.29
2025,13,0.0,2025_13_ATL_NYJ,Atlanta Falcons,David Sills V,WR,,1.0,0.0,0.0,0.0,0.0,0.0,0.0,0.0,3.8,2.38,31.5,0.22,0.1944,72.0,32.79,37.33,183.9,136.5,1.8636910342617816,0.9959472374174508,0.8196297494792545,0.0,0.0,david sills v,davidsillsv,dsills,Atlanta Falcons,00-0035359,0.0,0.0,0.0,0.0,0.0,0.0,0.0,5.0,2.0,15.0,1.0,D.Sills,ATL,team_norm & _alias_init_last,0.0,0.0,0.0,0.0,0.0,0.0,0.0,-1.2000000000000002,0.3799999999999999,16.5,-0.78
2025,13,0.0,2025_13_ATL_NYJ,Atlanta Falcons,Casey Washington,WR,00-0039394,1.0,0.0,0.0,0.0,0.0,0.0,0.0,0.0,0.0,0.0,0.0,0.0,0.0,72.0,32.79,37.33,183.9,136.5,1.8636910342617816,0.9959472374174508,0.8196297494792545,0.0,0.0,casey washington,caseywashington,cwashington,Atlanta Falcons,00-0038930,,,,,,,,,,,,,,,,,,,,,,,,,
2025,13,0.0,2025_13_ATL_NYJ,Atlanta Falcons,Deven Thompkins,WR,00-0037487,1.0,0.0,0.0,0.0,0.0,0.0,0.0,0.0,0.0,0.0,0.0,0.0,0.0,72.0,32.79,37.33,183.9,136.5,1.8636910342617816,0.9959472374174508,0.8196297494792545,1.0,1.0,deven thompkins,deventhompkins,dthompkins,Atlanta Falcons,00-0037487,0.0,0.0,0.0,0.0,1.0,5.0,0.0,2.0,2.0,23.0,0.0,D.Thompkins,ATL,team_norm & _alias_init_last,0.0,0.0,0.0,0.0,-1.0,-5.0,0.0,-2.0,-2.0,-23.0,0.0
2025,13,0.0,2025_13_ATL_NYJ,Atlanta Falcons,Dylan Drummond,WR,00-0038953,1.0,0.0,0.0,0.0,0.0,0.0,0.0,0.0,0.0,0.0,0.0,0.0,0.0,72.0,32.79,37.33,183.9,136.5,1.8636910342617816,0.9959472374174508,0.8196297494792545,1.0,1.0,dylan drummond,dylandrummond,ddrummond,Atlanta Falcons,00-0038953,0.0,0.0,0.0,0.0,0.0,0.0,0.0,3.0,1.0,3.0,0.0,D.Drummond,ATL,team_norm & _alias_init_last,0.0,0.0,0.0,0.0,0.0,0.0,0.0,-3.0,-1.0,-3.0,0.0
2025,13,0.0,2025_13_ATL_NYJ,New York Jets,Tyrod Taylor,QB,00-0028118,1.0,31.81,209.6,1.38,0.89,2.46,10.1,0.06,0.0,0.0,0.0,0.0,0.0618,64.83,35.18,26.37,267.0,130.4,1.9222977468167992,0.7212084633595375,0.879572811760442,1.0,1.0,tyrod taylor,tyrodtaylor,ttaylor,New York Jets,00-0028118,43.0,172.0,1.0,0.0,1.0,2.0,0.0,0.0,0.0,0.0,0.0,T.Taylor,NYJ,team_norm & _alias_init_last,-11.190000000000001,37.599999999999994,0.3799999999999999,0.89,1.46,8.1,0.06,0.0,0.0,0.0,0.0
2025,13,0.0,2025_13_ATL_NYJ,New York Jets,Breece Hall,RB,00-0038120,1.0,0.0,0.0,0.0,0.0,15.37,62.9,0.48,4.57,3.16,24.0,0.25,0.5197,64.83,35.18,26.37,267.0,130.4,1.9222977468167992,0.7212084633595375,0.879572811760442,1.0,1.0,breece hall,breecehall,bhall,New York Jets,00-0038120,0.0,0.0,0.0,0.0,20.0,68.0,1.0,2.0,2.0,8.0,0.0,B.Hall,NYJ,team_norm & _alias_init_last,0.0,0.0,0.0,0.0,-4.630000000000001,-5.100000000000001,-0.52,2.5700000000000003,1.1600000000000001,16.0,0.25
2025,13,0.0,2025_13_ATL_NYJ,New York Jets,Isaiah Davis,RB,00-0039798,1.0,0.0,0.0,0.0,0.0,8.54,38.1,0.18,2.84,1.97,16.5,0.15,0.2832,64.83,35.18,26.37,267.0,130.4,1.9222977468167992,0.7212084633595375,0.879572811760442,1.0,1.0,isaiah davis,isaiahdavis,idavis,New York Jets,00-0039798,0.0,0.0,0.0,0.0,0.0,0.0,0.0,2.0,0.0,0.0,0.0,I.Davis,NYJ,team_norm & _alias_init_last,0.0,0.0,0.0,0.0,8.54,38.1,0.18,0.8399999999999999,1.97,16.5,0.15
2025,13,0.0,2025_13_ATL_NYJ,New York Jets,Kene Nwangwu,RB,00-0036842,1.0,0.0,0.0,0.0,0.0,0.0,0.0,0.0,0.0,0.0,0.0,0.0,0.0,64.83,35.18,26.37,267.0,130.4,1.9222977468167992,0.7212084633595375,0.879572811760442,1.0,1.0,kene nwangwu,kenenwangwu,knwangwu,New York Jets,00-0036842,,,,,,,,,,,,,,,,,,,,,,,,,
2025,13,0.0,2025_13_ATL_NYJ,New York Jets,Mason Taylor,TE,00-0040736,1.0,0.0,0.0,0.0,0.0,0.0,0.0,0.0,6.09,3.59,37.8,0.31,0.2666,64.83,35.18,26.37,267.0,130.4,1.9222977468167992,0.7212084633595375,0.879572811760442,1.0,1.0,mason taylor,masontaylor,mtaylor,New York Jets,00-0040736,0.0,0.0,0.0,0.0,0.0,0.0,0.0,4.0,2.0,21.0,0.0,M.Taylor,NYJ,team_norm & _alias_init_last,0.0,0.0,0.0,0.0,0.0,0.0,0.0,2.09,1.5899999999999999,16.799999999999997,0.31
2025,13,0.0,2025_13_ATL_NYJ,New York Jets,Jeremy Ruckert,TE,00-0037805,1.0,0.0,0.0,0.0,0.0,0.0,0.0,0.0,3.15,2.01,18.1,0.15,0.1432,64.83,35.18,26.37,267.0,130.4,1.9222977468167992,0.7212084633595375,0.879572811760442,1.0,1.0,jeremy ruckert,jeremyruckert,jruckert,New York Jets,00-0037805,0.0,0.0,0.0,0.0,0.0,0.0,0.0,2.0,2.0,12.0,0.0,J.Ruckert,NYJ,team_norm & _alias_init_last,0.0,0.0,0.0,0.0,0.0,0.0,0.0,1.15,0.009999999999999787,6.100000000000001,0.15
2025,13,0.0,2025_13_ATL_NYJ,New York Jets,Jelani Woods,TE,00-0037755,1.0,0.0,0.0,0.0,0.0,0.0,0.0,0.0,0.0,0.0,0.0,0.0,0.0,64.83,35.18,26.37,267.0,130.4,1.9222977468167992,0.7212084633595375,0.879572811760442,0.0,0.0,jelani woods,jelaniwoods,jwoods,New York Jets,00-0037755,,,,,,,,,,,,,,,,,,,,,,,,,
2025,13,0.0,2025_13_ATL_NYJ,New York Jets,Stone Smartt,TE,00-0037475,1.0,0.0,0.0,0.0,0.0,0.0,0.0,0.0,0.0,0.0,0.0,0.0,0.0,64.83,35.18,26.37,267.0,130.4,1.9222977468167992,0.7212084633595375,0.879572811760442,1.0,1.0,stone smartt,stonesmartt,ssmartt,New York Jets,00-0037475,,,,,,,,,,,,,,,,,,,,,,,,,
2025,13,0.0,2025_13_ATL_NYJ,New York Jets,John Metchie III,WR,00-0037614,1.0,0.0,0.0,0.0,0.0,0.0,0.0,0.0,8.22,5.16,56.7,0.43,0.3505,64.83,35.18,26.37,267.0,130.4,1.9222977468167992,0.7212084633595375,0.879572811760442,1.0,1.0,john metchie iii,johnmetchieiii,jmetchie,New York Jets,00-0037614,0.0,0.0,0.0,0.0,1.0,-2.0,0.0,8.0,4.0,19.0,0.0,J.Metchie,NYJ,team_norm & _alias_init_last,0.0,0.0,0.0,0.0,-1.0,2.0,0.0,0.22000000000000064,1.1600000000000001,37.7,0.43
2025,13,0.0,2025_13_ATL_NYJ,New York Jets,Adonai Mitchell,WR,00-0039890,1.0,0.0,0.0,0.0,0.0,0.0,0.0,0.0,6.19,2.71,40.2,0.32,0.2732,64.83,35.18,26.37,267.0,130.4,1.9222977468167992,0.7212084633595375,0.879572811760442,1.0,1.0,adonai mitchell,adonaimitchell,amitchell,New York Jets,00-0039890,0.0,0.0,0.0,0.0,0.0,0.0,0.0,13.0,8.0,102.0,1.0,A.Mitchell,NYJ,team_norm & _alias_init_last,0.0,0.0,0.0,0.0,0.0,0.0,0.0,-6.81,-5.29,-61.8,-0.6799999999999999
2025,13,0.0,2025_13_ATL_NYJ,New York Jets,Allen Lazard,WR,00-0034521,1.0,0.0,0.0,0.0,0.0,0.0,0.0,0.0,4.13,2.3,24.7,0.22,0.1977,64.83,35.18,26.37,267.0,130.4,1.9222977468167992,0.7212084633595375,0.879572811760442,1.0,1.0,allen lazard,allenlazard,alazard,New York Jets,00-0034521,0.0,0.0,0.0,0.0,0.0,0.0,0.0,1.0,1.0,10.0,0.0,A.Lazard,NYJ,team_norm & _alias_init_last,0.0,0.0,0.0,0.0,0.0,0.0,0.0,3.13,1.2999999999999998,14.7,0.22
2025,13,0.0,2025_13_ATL_NYJ,New York Jets,Arian Smith,WR,00-0040582,1.0,0.0,0.0,0.0,0.0,0.0,0.0,0.0,0.0,0.0,0.0,0.0,0.0,64.83,35.18,26.37,267.0,130.4,1.9222977468167992,0.7212084633595375,0.879572811760442,0.0,0.0,arian smith,ariansmith,asmith,New York Jets,00-0040407,,,,,,,,,,,,,,,,,,,,,,,,,
2025,13,0.0,2025_13_ATL_NYJ,New York Jets,Isaiah Williams,WR,00-0039451,1.0,0.0,0.0,0.0,0.0,0.0,0.0,0.0,0.0,0.0,0.0,0.0,0.0,64.83,35.18,26.37,267.0,130.4,1.9222977468167992,0.7212084633595375,0.879572811760442,1.0,1.0,isaiah williams,isaiahwilliams,iwilliams,New York Jets,00-0039451,0.0,0.0,0.0,0.0,0.0,0.0,0.0,1.0,0.0,0.0,0.0,I.Williams,NYJ,team_norm & _alias_init_last,0.0,0.0,0.0,0.0,0.0,0.0,0.0,-1.0,0.0,0.0,0.0
2025,13,0.0,2025_13_ATL_NYJ,New York Jets,Tyler Johnson,WR,00-0036427,1.0,0.0,0.0,0.0,0.0,0.0,0.0,0.0,0.0,0.0,0.0,0.0,0.0,64.83,35.18,26.37,267.0,130.4,1.9222977468167992,0.7212084633595375,0.879572811760442,1.0,1.0,tyler johnson,tylerjohnson,tjohnson,New York Jets,00-0036427,0.0,0.0,0.0,0.0,0.0,0.0,0.0,9.0,3.0,29.0,0.0,T.Johnson,NYG,_alias_init_last,0.0,0.0,0.0,0.0,0.0,0.0,0.0,-9.0,-3.0,-29.0,0.0
2025,13,0.0,2025_13_BUF_PIT,Buffalo Bills,Josh Allen,QB,00-0034857,1.0,43.54,238.6,1.79,1.17,6.75,17.6,0.16,0.0,0.0,0.0,0.0,0.1494,72.0,46.46,22.15,263.9,82.0,2.1070870293465163,0.4873701650231155,1.1614708040201005,1.0,1.0,josh allen,joshallen,jallen,Buffalo Bills,00-0034857,27.0,123.0,1.0,1.0,4.0,16.0,1.0,0.0,0.0,0.0,0.0,J.Allen,BUF,team_norm & _alias_init_last,16.54,115.6,0.79,0.16999999999999993,2.75,1.6000000000000014,-0.84,0.0,0.0,0.0,0.0
2025,13,0.0,2025_13_BUF_PIT,Buffalo Bills,James Cook III,RB,,1.0,0.0,0.0,0.0,0.0,9.9,39.3,0.27,5.72,4.03,32.4,0.26,0.4086,72.0,46.46,22.15,263.9,82.0,2.1070870293465163,0.4873701650231155,1.1614708040201005,0.0,0.0,james cook iii,jamescookiii,jcook,Buffalo Bills,00-0037248,0.0,0.0,0.0,0.0,32.0,144.0,0.0,3.0,3.0,33.0,0.0,J.Cook,BUF,team_norm & _alias_init_last,0.0,0.0,0.0,0.0,-22.1,-104.7,0.27,2.7199999999999998,1.0300000000000002,-0.6000000000000014,0.26
2025,13,0.0,2025_13_BUF_PIT,Buffalo Bills,Ray Davis,RB,00-0039875,1.0,0.0,0.0,0.0,0.0,5.5,17.6,0.1,3.56,2.7,15.8,0.17,0.2313,72.0,46.46,22.15,263.9,82.0,2.1070870293465163,0.4873701650231155,1.1614708040201005,1.0,1.0,ray davis,raydavis,rdavis,Buffalo Bills,00-0039875,0.0,0.0,0.0,0.0,9.0,62.0,0.0,0.0,0.0,0.0,0.0,R.Davis,BUF,team_norm & _alias_init_last,0.0,0.0,0.0,0.0,-3.5,-44.4,0.1,3.56,2.7,15.8,0.17
2025,13,0.0,2025_13_BUF_PIT,Buffalo Bills,Ty Johnson,RB,00-0035537,1.0,0.0,0.0,0.0,0.0,0.0,0.0,0.0,0.0,0.0,0.0,0.0,0.0,72.0,46.46,22.15,263.9,82.0,2.1070870293465163,0.4873701650231155,1.1614708040201005,1.0,1.0,ty johnson,tyjohnson,tjohnson,Buffalo Bills,00-0034376,0.0,0.0,0.0,0.0,2.0,5.0,0.0,5.0,3.0,20.0,0.0,Ty.Johnson,BUF,team_norm & _name_norm_loose,0.0,0.0,0.0,0.0,-2.0,-5.0,0.0,-5.0,-3.0,-20.0,0.0
2025,13,0.0,2025_13_BUF_PIT,Buffalo Bills,Dalton Kincaid,TE,00-0038933,1.0,0.0,0.0,0.0,0.0,0.0,0.0,0.0,8.21,5.14,32.7,0.33,0.2842,72.0,46.46,22.15,263.9,82.0,2.1070870293465163,0.4873701650231155,1.1614708040201005,0.0,0.0,dalton kincaid,daltonkincaid,dkincaid,Buffalo Bills,00-0038933,,,,,,,,,,,,,,,,,,,,,,,,,
2025,13,0.0,2025_13_BUF_PIT,Buffalo Bills,Dawson Knox,TE,00-0035689,1.0,0.0,0.0,0.0,0.0,0.0,0.0,0.0,4.24,2.64,16.6,0.19,0.1719,72.0,46.46,22.15,263.9,82.0,2.1070870293465163,0.4873701650231155,1.1614708040201005,1.0,1.0,dawson knox,dawsonknox,dknox,Buffalo Bills,00-0035689,0.0,0.0,0.0,0.0,0.0,0.0,0.0,4.0,3.0,28.0,0.0,D.Knox,BUF,team_norm & _alias_init_last,0.0,0.0,0.0,0.0,0.0,0.0,0.0,0.2400000000000002,-0.3599999999999999,-11.399999999999999,0.19
2025,13,0.0,2025_13_BUF_PIT,Buffalo Bills,Jackson Hawes,TE,00-0040194,1.0,0.0,0.0,0.0,0.0,0.0,0.0,0.0,0.0,0.0,0.0,0.0,0.0,72.0,46.46,22.15,263.9,82.0,2.1070870293465163,0.4873701650231155,1.1614708040201005,1.0,1.0,jackson hawes,jacksonhawes,jhawes,Buffalo Bills,00-0040194,0.0,0.0,0.0,0.0,0.0,0.0,0.0,1.0,1.0,10.0,0.0,J.Hawes,BUF,team_norm & _alias_init_last,0.0,0.0,0.0,0.0,0.0,0.0,0.0,-1.0,-1.0,-10.0,0.0
2025,13,0.0,2025_13_BUF_PIT,Buffalo Bills,Keleki Latu,TE,00-0040363,1.0,0.0,0.0,0.0,0.0,0.0,0.0,0.0,0.0,0.0,0.0,0.0,0.0,72.0,46.46,22.15,263.9,82.0,2.1070870293465163,0.4873701650231155,1.1614708040201005,1.0,1.0,keleki latu,kelekilatu,klatu,Buffalo Bills,00-0040363,,,,,,,,,,,,,,,,,,,,,,,,,
2025,13,0.0,2025_13_BUF_PIT,Buffalo Bills,Khalil Shakir,WR,00-0037261,1.0,0.0,0.0,0.0,0.0,0.0,0.0,0.0,10.97,7.83,49.9,0.46,0.3708,72.0,46.46,22.15,263.9,82.0,2.1070870293465163,0.4873701650231155,1.1614708040201005,1.0,1.0,khalil shakir,khalilshakir,kshakir,Buffalo Bills,00-0037261,0.0,0.0,0.0,0.0,0.0,0.0,0.0,4.0,1.0,5.0,0.0,K.Shakir,BUF,team_norm & _alias_init_last,0.0,0.0,0.0,0.0,0.0,0.0,0.0,6.970000000000001,6.83,44.9,0.46
2025,13,0.0,2025_13_BUF_PIT,Buffalo Bills,Joshua Palmer,WR,,1.0,0.0,0.0,0.0,0.0,0.0,0.0,0.0,8.26,5.18,71.2,0.37,0.3124,72.0,46.46,22.15,263.9,82.0,2.1070870293465163,0.4873701650231155,1.1614708040201005,0.0,0.0,joshua palmer,joshuapalmer,jpalmer,Buffalo Bills,00-0036988,,,,,,,,,,,,,,,,,,,,,,,,,
2025,13,0.0,2025_13_BUF_PIT,Buffalo Bills,Gabe Davis,WR,00-0036196,1.0,0.0,0.0,0.0,0.0,0.0,0.0,0.0,5.5,2.79,23.6,0.25,0.2189,72.0,46.46,22.15,263.9,82.0,2.1070870293465163,0.4873701650231155,1.1614708040201005,1.0,1.0,gabe davis,gabedavis,gdavis,Buffalo Bills,00-0036196,0.0,0.0,0.0,0.0,0.0,0.0,0.0,2.0,1.0,5.0,0.0,G.Davis,BUF,team_norm & _alias_init_last,0.0,0.0,0.0,0.0,0.0,0.0,0.0,3.5,1.79,18.6,0.25
2025,13,0.0,2025_13_BUF_PIT,Buffalo Bills,Brandin Cooks,WR,00-0031236,1.0,0.0,0.0,0.0,0.0,0.0,0.0,0.0,0.0,0.0,0.0,0.0,0.0,72.0,46.46,22.15,263.9,82.0,2.1070870293465163,0.4873701650231155,1.1614708040201005,1.0,1.0,brandin cooks,brandincooks,bcooks,Buffalo Bills,00-0031236,0.0,0.0,0.0,0.0,0.0,0.0,0.0,1.0,1.0,13.0,0.0,B.Cooks,BUF,team_norm & _alias_init_last,0.0,0.0,0.0,0.0,0.0,0.0,0.0,-1.0,-1.0,-13.0,0.0
2025,13,0.0,2025_13_BUF_PIT,Buffalo Bills,David White,WR,00-0039562,1.0,0.0,0.0,0.0,0.0,0.0,0.0,0.0,0.0,0.0,0.0,0.0,0.0,72.0,46.46,22.15,263.9,82.0,2.1070870293465163,0.4873701650231155,1.1614708040201005,1.0,1.0,david white,davidwhite,dwhite,Buffalo Bills,00-0039562,,,,,,,,,,,,,,,,,,,,,,,,,
2025,13,0.0,2025_13_BUF_PIT,Buffalo Bills,Keon Coleman,WR,00-0039901,1.0,0.0,0.0,0.0,0.0,0.0,0.0,0.0,0.0,0.0,0.0,0.0,0.0,72.0,46.46,22.15,263.9,82.0,2.1070870293465163,0.4873701650231155,1.1614708040201005,1.0,1.0,keon coleman,keoncoleman,kcoleman,Buffalo Bills,00-0039901,0.0,0.0,0.0,0.0,0.0,0.0,0.0,3.0,2.0,9.0,1.0,K.Coleman,BUF,team_norm & _alias_init_last,0.0,0.0,0.0,0.0,0.0,0.0,0.0,-3.0,-2.0,-9.0,-1.0
2025,13,0.0,2025_13_BUF_PIT,Buffalo Bills,Tyrell Shavers,WR,00-0038679,1.0,0.0,0.0,0.0,0.0,0.0,0.0,0.0,0.0,0.0,0.0,0.0,0.0,72.0,46.46,22.15,263.9,82.0,2.1070870293465163,0.4873701650231155,1.1614708040201005,1.0,1.0,tyrell shavers,tyrellshavers,tshavers,Buffalo Bills,00-0038679,,,,,,,,,,,,,,,,,,,,,,,,,
2025,13,0.0,2025_13_BUF_PIT,Pittsburgh Steelers,Aaron Rodgers,QB,00-0023459,1.0,36.13,220.8,0.94,0.87,2.86,11.1,0.03,0.0,0.0,0.0,0.0,0.0274,72.0,34.6,35.0,246.4,162.4,0.7733621672708998,0.3689051253278631,0.8650301579822618,1.0,1.0,aaron rodgers,aaronrodgers,arodgers,Pittsburgh Steelers,00-0023459,22.0,117.0,0.0,0.0,1.0,0.0,0.0,0.0,0.0,0.0,0.0,A.Rodgers,PIT,team_norm & _alias_init_last,14.130000000000003,103.80000000000001,0.94,0.87,1.8599999999999999,11.1,0.03,0.0,0.0,0.0,0.0
2025,13,0.0,2025_13_BUF_PIT,Pittsburgh Steelers,Jaylen Warren,RB,00-0037228,1.0,0.0,0.0,0.0,0.0,20.66,81.2,0.26,4.46,3.6,21.4,0.1,0.3013,72.0,34.6,35.0,246.4,162.4,0.7733621672708998,0.3689051253278631,0.8650301579822618,1.0,1.0,jaylen warren,jaylenwarren,jwarren,Pittsburgh Steelers,00-0037228,0.0,0.0,0.0,0.0,10.0,35.0,1.0,4.0,2.0,9.0,0.0,J.Warren,PIT,team_norm & _alias_init_last,0.0,0.0,0.0,0.0,10.66,46.2,-0.74,0.45999999999999996,1.6,12.399999999999999,0.1
2025,13,0.0,2025_13_BUF_PIT,Pittsburgh Steelers,Kenneth Gainwell,RB,00-0036919,1.0,0.0,0.0,0.0,0.0,11.48,44.8,0.1,2.78,2.12,12.7,0.06,0.151,72.0,34.6,35.0,246.4,162.4,0.7733621672708998,0.3689051253278631,0.8650301579822618,1.0,1.0,kenneth gainwell,kennethgainwell,kgainwell,Pittsburgh Steelers,00-0036919,0.0,0.0,0.0,0.0,5.0,20.0,0.0,3.0,2.0,25.0,0.0,K.Gainwell,PIT,team_norm & _alias_init_last,0.0,0.0,0.0,0.0,6.48,24.799999999999997,0.1,-0.2200000000000002,0.1200000000000001,-12.3,0.06
2025,13,0.0,2025_13_BUF_PIT,Pittsburgh Steelers,Kaleb Johnson,RB,00-0040142,1.0,0.0,0.0,0.0,0.0,0.0,0.0,0.0,0.0,0.0,0.0,0.0,0.0,72.0,34.6,35.0,246.4,162.4,0.7733621672708998,0.3689051253278631,0.8650301579822618,1.0,1.0,kaleb johnson,kalebjohnson,kjohnson,Pittsburgh Steelers,00-0040142,0.0,0.0,0.0,0.0,2.0,3.0,0.0,0.0,0.0,0.0,0.0,K.Johnson,PIT,team_norm & _alias_init_last,0.0,0.0,0.0,0.0,-2.0,-3.0,0.0,0.0,0.0,0.0,0.0
2025,13,0.0,2025_13_BUF_PIT,Pittsburgh Steelers,Darnell Washington,TE,00-0038558,1.0,0.0,0.0,0.0,0.0,0.0,0.0,0.0,5.87,3.59,31.3,0.13,0.1183,72.0,34.6,35.0,246.4,162.4,0.7733621672708998,0.3689051253278631,0.8650301579822618,1.0,1.0,darnell washington,darnellwashington,dwashington,Pittsburgh Steelers,00-0038558,0.0,0.0,0.0,0.0,0.0,0.0,0.0,4.0,2.0,45.0,0.0,D.Washington,PIT,team_norm & _alias_init_last,0.0,0.0,0.0,0.0,0.0,0.0,0.0,1.87,1.5899999999999999,-13.7,0.13
2025,13,0.0,2025_13_BUF_PIT,Pittsburgh Steelers,Jonnu Smith,TE,00-0033858,1.0,0.0,0.0,0.0,0.0,0.0,0.0,0.0,3.03,2.05,13.9,0.06,0.0596,72.0,34.6,35.0,246.4,162.4,0.7733621672708998,0.3689051253278631,0.8650301579822618,1.0,1.0,jonnu smith,jonnusmith,jsmith,Pittsburgh Steelers,00-0033858,0.0,0.0,0.0,0.0,0.0,0.0,0.0,2.0,1.0,6.0,0.0,J.Smith,PIT,team_norm & _alias_init_last,0.0,0.0,0.0,0.0,0.0,0.0,0.0,1.0299999999999998,1.0499999999999998,7.9,0.06
2025,13,0.0,2025_13_BUF_PIT,Pittsburgh Steelers,Connor Heyward,TE,00-0037304,1.0,0.0,0.0,0.0,0.0,0.0,0.0,0.0,0.0,0.0,0.0,0.0,0.0,72.0,34.6,35.0,246.4,162.4,0.7733621672708998,0.3689051253278631,0.8650301579822618,1.0,1.0,connor heyward,connorheyward,cheyward,Pittsburgh Steelers,00-0027969,,,,,,,,,,,,,,,,,,,,,,,,,
2025,13,0.0,2025_13_BUF_PIT,Pittsburgh Steelers,Pat Freiermuth,TE,00-0036894,1.0,0.0,0.0,0.0,0.0,0.0,0.0,0.0,0.0,0.0,0.0,0.0,0.0,72.0,34.6,35.0,246.4,162.4,0.7733621672708998,0.3689051253278631,0.8650301579822618,1.0,1.0,pat freiermuth,patfreiermuth,pfreiermuth,Pittsburgh Steelers,00-0036894,,,,,,,,,,,,,,,,,,,,,,,,,
2025,13,0.0,2025_13_BUF_PIT,Pittsburgh Steelers,DK Metcalf,WR,00-0035640,1.0,0.0,0.0,0.0,0.0,0.0,0.0,0.0,8.16,4.57,47.7,0.18,0.1607,72.0,34.6,35.0,246.4,162.4,0.7733621672708998,0.3689051253278631,0.8650301579822618,1.0,1.0,dk metcalf,dkmetcalf,dmetcalf,Pittsburgh Steelers,00-0035640,0.0,0.0,0.0,0.0,0.0,0.0,0.0,5.0,3.0,32.0,0.0,D.Metcalf,PIT,team_norm & _alias_init_last,0.0,0.0,0.0,0.0,0.0,0.0,0.0,3.16,1.5700000000000003,15.700000000000003,0.18
2025,13,0.0,2025_13_BUF_PIT,Pittsburgh Steelers,Calvin Austin III,WR,00-0037837,1.0,0.0,0.0,0.0,0.0,0.0,0.0,0.0,6.14,3.32,36.8,0.12,0.1154,72.0,34.6,35.0,246.4,162.4,0.7733621672708998,0.3689051253278631,0.8650301579822618,1.0,1.0,calvin austin iii,calvinaustiniii,caustin,Pittsburgh Steelers,00-0037837,0.0,0.0,0.0,0.0,0.0,0.0,0.0,2.0,0.0,0.0,0.0,C.Austin,PIT,team_norm & _alias_init_last,0.0,0.0,0.0,0.0,0.0,0.0,0.0,4.14,3.32,36.8,0.12
2025,13,0.0,2025_13_BUF_PIT,Pittsburgh Steelers,Roman Wilson,WR,00-0039739,1.0,0.0,0.0,0.0,0.0,0.0,0.0,0.0,4.1,2.46,33.8,0.09,0.0837,72.0,34.6,35.0,246.4,162.4,0.7733621672708998,0.3689051253278631,0.8650301579822618,1.0,1.0,roman wilson,romanwilson,rwilson,Pittsburgh Steelers,00-0039739,0.0,0.0,0.0,0.0,0.0,0.0,0.0,1.0,0.0,0.0,0.0,R.Wilson,PIT,team_norm & _alias_init_last,0.0,0.0,0.0,0.0,0.0,0.0,0.0,3.0999999999999996,2.46,33.8,0.09
2025,13,0.0,2025_13_BUF_PIT,Pittsburgh Steelers,Adam Thielen,WR,00-0030035,1.0,0.0,0.0,0.0,0.0,0.0,0.0,0.0,0.0,0.0,0.0,0.0,0.0,72.0,34.6,35.0,246.4,162.4,0.7733621672708998,0.3689051253278631,0.8650301579822618,0.0,0.0,adam thielen,adamthielen,athielen,Pittsburgh Steelers,00-0030035,,,,,,,,,,,,,,,,,,,,,,,,,
2025,13,0.0,2025_13_BUF_PIT,Pittsburgh Steelers,Ben Skowronek,WR,00-0036862,1.0,0.0,0.0,0.0,0.0,0.0,0.0,0.0,0.0,0.0,0.0,0.0,0.0,72.0,34.6,35.0,246.4,162.4,0.7733621672708998,0.3689051253278631,0.8650301579822618,1.0,1.0,ben skowronek,benskowronek,bskowronek,Pittsburgh Steelers,00-0036862,0.0,0.0,0.0,0.0,0.0,0.0,0.0,1.0,0.0,0.0,0.0,B.Skowronek,PIT,team_norm & _alias_init_last,0.0,0.0,0.0,0.0,0.0,0.0,0.0,-1.0,0.0,0.0,0.0
2025,13,0.0,2025_13_BUF_PIT,Pittsburgh Steelers,Brandon Johnson,WR,00-0037382,1.0,0.0,0.0,0.0,0.0,0.0,0.0,0.0,0.0,0.0,0.0,0.0,0.0,72.0,34.6,35.0,246.4,162.4,0.7733621672708998,0.3689051253278631,0.8650301579822618,0.0,0.0,brandon johnson,brandonjohnson,bjohnson,Pittsburgh Steelers,00-0037382,,,,,,,,,,,,,,,,,,,,,,,,,
2025,13,0.0,2025_13_CHI_PHI,Chicago Bears,Caleb Williams,QB,00-0039918,1.0,42.97,246.4,1.46,1.09,6.48,21.3,0.13,0.0,0.0,0.0,0.0,0.1223,72.0,43.27,26.29,279.5,110.6,1.8705525226173867,0.5006186495125178,1.081681180510804,1.0,1.0,caleb williams,calebwilliams,cwilliams,Chicago Bears,00-0035857,42.0,154.0,1.0,1.0,2.0,5.0,0.0,0.0,0.0,0.0,0.0,C.Williams,CHI,team_norm & _alias_init_last,0.9699999999999989,92.4,0.45999999999999996,0.09000000000000008,4.48,16.3,0.13,0.0,0.0,0.0,0.0
2025,13,0.0,2025_13_CHI_PHI,Chicago Bears,D'Andre Swift,RB,00-0036275,1.0,0.0,0.0,0.0,0.0,12.73,46.2,0.3,5.47,3.95,26.5,0.23,0.41,72.0,43.27,26.29,279.5,110.6,1.8705525226173867,0.5006186495125178,1.081681180510804,1.0,1.0,d'andre swift,dandreswift,dswift,Chicago Bears,00-0036275,0.0,0.0,0.0,0.0,18.0,125.0,1.0,2.0,1.0,13.0,0.0,D.Swift,CHI,team_norm & _alias_init_last,0.0,0.0,0.0,0.0,-5.27,-78.8,-0.7,3.4699999999999998,2.95,13.5,0.23
2025,13,0.0,2025_13_CHI_PHI,Chicago Bears,Kyle Monangai,RB,00-0040236,1.0,0.0,0.0,0.0,0.0,7.07,25.2,0.11,3.4,2.08,18.4,0.15,0.2253,72.0,43.27,26.29,279.5,110.6,1.8705525226173867,0.5006186495125178,1.081681180510804,1.0,1.0,kyle monangai,kylemonangai,kmonangai,Chicago Bears,00-0040236,0.0,0.0,0.0,0.0,22.0,130.0,1.0,1.0,0.0,0.0,0.0,K.Monangai,CHI,team_norm & _alias_init_last,0.0,0.0,0.0,0.0,-14.93,-104.8,-0.89,2.4,2.08,18.4,0.15
2025,13,0.0,2025_13_CHI_PHI,Chicago Bears,Travis Homer,RB,00-0035594,1.0,0.0,0.0,0.0,0.0,0.0,0.0,0.0,0.0,0.0,0.0,0.0,0.0,72.0,43.27,26.29,279.5,110.6,1.8705525226173867,0.5006186495125178,1.081681180510804,1.0,1.0,travis homer,travishomer,thomer,Chicago Bears,00-0035594,,,,,,,,,,,,,,,,,,,,,,,,,
2025,13,0.0,2025_13_CHI_PHI,Chicago Bears,Colston Loveland,TE,00-0040126,1.0,0.0,0.0,0.0,0.0,0.0,0.0,0.0,7.49,4.65,36.7,0.31,0.2653,72.0,43.27,26.29,279.5,110.6,1.8705525226173867,0.5006186495125178,1.081681180510804,1.0,1.0,colston loveland,colstonloveland,cloveland,Chicago Bears,00-0040126,0.0,0.0,0.0,0.0,0.0,0.0,0.0,7.0,3.0,28.0,0.0,C.Loveland,CHI,team_norm & _alias_init_last,0.0,0.0,0.0,0.0,0.0,0.0,0.0,0.4900000000000002,1.6500000000000004,8.700000000000003,0.31
2025,13,0.0,2025_13_CHI_PHI,Chicago Bears,Cole Kmet,TE,00-0036290,1.0,0.0,0.0,0.0,0.0,0.0,0.0,0.0,3.87,2.61,16.1,0.16,0.1447,72.0,43.27,26.29,279.5,110.6,1.8705525226173867,0.5006186495125178,1.081681180510804,1.0,1.0,cole kmet,colekmet,ckmet,Chicago Bears,00-0036290,0.0,0.0,0.0,0.0,0.0,0.0,0.0,3.0,3.0,36.0,1.0,C.Kmet,CHI,team_norm & _alias_init_last,0.0,0.0,0.0,0.0,0.0,0.0,0.0,0.8700000000000001,-0.3900000000000001,-19.9,-0.84
2025,13,0.0,2025_13_CHI_PHI,Chicago Bears,Durham Smythe,TE,00-0034798,1.0,0.0,0.0,0.0,0.0,0.0,0.0,0.0,0.0,0.0,0.0,0.0,0.0,72.0,43.27,26.29,279.5,110.6,1.8705525226173867,0.5006186495125178,1.081681180510804,1.0,1.0,durham smythe,durhamsmythe,dsmythe,Chicago Bears,00-0034798,,,,,,,,,,,,,,,,,,,,,,,,,
2025,13,0.0,2025_13_CHI_PHI,Chicago Bears,Rome Odunze,WR,00-0039919,1.0,0.0,0.0,0.0,0.0,0.0,0.0,0.0,10.19,5.09,56.6,0.43,0.3473,72.0,43.27,26.29,279.5,110.6,1.8705525226173867,0.5006186495125178,1.081681180510804,1.0,1.0,rome odunze,romeodunze,rodunze,Chicago Bears,00-0039919,0.0,0.0,0.0,0.0,0.0,0.0,0.0,7.0,2.0,8.0,0.0,R.Odunze,CHI,team_norm & _alias_init_last,0.0,0.0,0.0,0.0,0.0,0.0,0.0,3.1899999999999995,3.09,48.6,0.43
2025,13,0.0,2025_13_CHI_PHI,Chicago Bears,DJ Moore,WR,00-0034827,1.0,0.0,0.0,0.0,0.0,0.0,0.0,0.0,7.67,4.56,37.0,0.31,0.2638,72.0,43.27,26.29,279.5,110.6,1.8705525226173867,0.5006186495125178,1.081681180510804,1.0,1.0,dj moore,djmoore,dmoore,Chicago Bears,00-0034827,0.0,0.0,0.0,0.0,1.0,10.0,0.0,5.0,2.0,17.0,0.0,D.Moore,CHI,team_norm & _alias_init_last,0.0,0.0,0.0,0.0,-1.0,-10.0,0.0,2.67,2.5599999999999996,20.0,0.31
2025,13,0.0,2025_13_CHI_PHI,Chicago Bears,Luther Burden III,WR,00-0040735,1.0,0.0,0.0,0.0,0.0,0.0,0.0,0.0,5.11,3.42,29.2,0.2,0.1836,72.0,43.27,26.29,279.5,110.6,1.8705525226173867,0.5006186495125178,1.081681180510804,1.0,1.0,luther burden iii,lutherburdeniii,lburden,Chicago Bears,00-0040735,0.0,0.0,0.0,0.0,1.0,3.0,0.0,6.0,4.0,33.0,0.0,L.Burden,CHI,team_norm & _alias_init_last,0.0,0.0,0.0,0.0,-1.0,-3.0,0.0,-0.8899999999999997,-0.5800000000000001,-3.8000000000000007,0.2
2025,13,0.0,2025_13_CHI_PHI,Chicago Bears,Devin Duvernay,WR,00-0036331,1.0,0.0,0.0,0.0,0.0,0.0,0.0,0.0,0.0,0.0,0.0,0.0,0.0,72.0,43.27,26.29,279.5,110.6,1.8705525226173867,0.5006186495125178,1.081681180510804,1.0,1.0,devin duvernay,devinduvernay,dduvernay,Chicago Bears,00-0036331,,,,,,,,,,,,,,,,,,,,,,,,,
2025,13,0.0,2025_13_CHI_PHI,Chicago Bears,Olamide Zaccheaus,WR,00-0035208,1.0,0.0,0.0,0.0,0.0,0.0,0.0,0.0,0.0,0.0,0.0,0.0,0.0,72.0,43.27,26.29,279.5,110.6,1.8705525226173867,0.5006186495125178,1.081681180510804,1.0,1.0,olamide zaccheaus,olamidezaccheaus,ozaccheaus,Chicago Bears,00-0035208,0.0,0.0,0.0,0.0,0.0,0.0,0.0,3.0,2.0,19.0,0.0,O.Zaccheaus,CHI,team_norm & _alias_init_last,0.0,0.0,0.0,0.0,0.0,0.0,0.0,-3.0,-2.0,-19.0,0.0
2025,13,0.0,2025_13_CHI_PHI,Philadelphia Eagles,Jalen Hurts,QB,00-0036389,1.0,42.84,265.5,1.85,1.19,7.2,22.9,0.13,0.0,0.0,0.0,0.0,0.1202,72.0,47.08,21.6,323.9,96.8,2.516779314111612,0.3970529593896796,1.1770995917946958,1.0,1.0,jalen hurts,jalenhurts,jhurts,Philadelphia Eagles,00-0036389,35.0,230.0,2.0,1.0,4.0,31.0,0.0,0.0,0.0,0.0,0.0,J.Hurts,PHI,team_norm & _alias_init_last,7.840000000000003,35.5,-0.1499999999999999,0.18999999999999995,3.2,-8.100000000000001,0.13,0.0,0.0,0.0,0.0
2025,13,0.0,2025_13_CHI_PHI,Philadelphia Eagles,Saquon Barkley,RB,00-0034844,1.0,0.0,0.0,0.0,0.0,9.26,35.6,0.23,6.07,4.34,29.1,0.32,0.4202,72.0,47.08,21.6,323.9,96.8,2.516779314111612,0.3970529593896796,1.1770995917946958,1.0,1.0,saquon barkley,saquonbarkley,sbarkley,Philadelphia Eagles,00-0034844,0.0,0.0,0.0,0.0,13.0,56.0,0.0,3.0,0.0,0.0,0.0,S.Barkley,PHI,team_norm & _alias_init_last,0.0,0.0,0.0,0.0,-3.74,-20.4,0.23,3.0700000000000003,4.34,29.1,0.32
2025,13,0.0,2025_13_CHI_PHI,Philadelphia Eagles,Tank Bigsby,RB,00-0038555,1.0,0.0,0.0,0.0,0.0,5.14,19.8,0.08,3.78,2.29,21.2,0.2,0.2475,72.0,47.08,21.6,323.9,96.8,2.516779314111612,0.3970529593896796,1.1770995917946958,1.0,1.0,tank bigsby,tankbigsby,tbigsby,Philadelphia Eagles,,,,,,,,,,,,,,,,,,,,,,,,,,
2025,13,0.0,2025_13_CHI_PHI,Philadelphia Eagles,Will Shipley,RB,00-0039746,1.0,0.0,0.0,0.0,0.0,0.0,0.0,0.0,0.0,0.0,0.0,0.0,0.0,72.0,47.08,21.6,323.9,96.8,2.516779314111612,0.3970529593896796,1.1770995917946958,1.0,1.0,will shipley,willshipley,wshipley,Philadelphia Eagles,00-0039746,0.0,0.0,0.0,0.0,0.0,0.0,0.0,1.0,1.0,11.0,0.0,W.Shipley,PHI,team_norm & _alias_init_last,0.0,0.0,0.0,0.0,0.0,0.0,0.0,-1.0,-1.0,-11.0,0.0
2025,13,0.0,2025_13_CHI_PHI,Philadelphia Eagles,Dallas Goedert,TE,00-0034351,1.0,0.0,0.0,0.0,0.0,0.0,0.0,0.0,8.41,5.58,40.2,0.41,0.3366,72.0,47.08,21.6,323.9,96.8,2.516779314111612,0.3970529593896796,1.1770995917946958,1.0,1.0,dallas goedert,dallasgoedert,dgoedert,Philadelphia Eagles,00-0034351,0.0,0.0,0.0,0.0,0.0,0.0,0.0,4.0,2.0,27.0,0.0,D.Goedert,PHI,team_norm & _alias_init_last,0.0,0.0,0.0,0.0,0.0,0.0,0.0,4.41,3.58,13.200000000000003,0.41
2025,13,0.0,2025_13_CHI_PHI,Philadelphia Eagles,Grant Calcaterra,TE,00-0037086,1.0,0.0,0.0,0.0,0.0,0.0,0.0,0.0,4.35,2.9,24.3,0.22,0.1975,72.0,47.08,21.6,323.9,96.8,2.516779314111612,0.3970529593896796,1.1770995917946958,1.0,1.0,grant calcaterra,grantcalcaterra,gcalcaterra,Philadelphia Eagles,00-0037086,,,,,,,,,,,,,,,,,,,,,,,,,
2025,13,0.0,2025_13_CHI_PHI,Philadelphia Eagles,Cameron Latu,TE,00-0038564,1.0,0.0,0.0,0.0,0.0,0.0,0.0,0.0,0.0,0.0,0.0,0.0,0.0,72.0,47.08,21.6,323.9,96.8,2.516779314111612,0.3970529593896796,1.1770995917946958,1.0,1.0,cameron latu,cameronlatu,clatu,Philadelphia Eagles,00-0038564,,,,,,,,,,,,,,,,,,,,,,,,,
2025,13,0.0,2025_13_CHI_PHI,Philadelphia Eagles,Kylen Granson,TE,00-0036876,1.0,0.0,0.0,0.0,0.0,0.0,0.0,0.0,0.0,0.0,0.0,0.0,0.0,72.0,47.08,21.6,323.9,96.8,2.516779314111612,0.3970529593896796,1.1770995917946958,1.0,1.0,kylen granson,kylengranson,kgranson,Philadelphia Eagles,00-0036876,,,,,,,,,,,,,,,,,,,,,,,,,
2025,13,0.0,2025_13_CHI_PHI,Philadelphia Eagles,A.J. Brown,WR,00-0035676,1.0,0.0,0.0,0.0,0.0,0.0,0.0,0.0,10.72,6.3,59.1,0.53,0.4104,72.0,47.08,21.6,323.9,96.8,2.516779314111612,0.3970529593896796,1.1770995917946958,1.0,1.0,a.j. brown,ajbrown,abrown,Philadelphia Eagles,00-0035676,0.0,0.0,0.0,0.0,0.0,0.0,0.0,13.0,10.0,132.0,2.0,A.Brown,PHI,team_norm & _alias_init_last,0.0,0.0,0.0,0.0,0.0,0.0,0.0,-2.2799999999999994,-3.7,-72.9,-1.47
2025,13,0.0,2025_13_CHI_PHI,Philadelphia Eagles,DeVonta Smith,WR,00-0036912,1.0,0.0,0.0,0.0,0.0,0.0,0.0,0.0,8.07,5.58,44.3,0.39,0.3261,72.0,47.08,21.6,323.9,96.8,2.516779314111612,0.3970529593896796,1.1770995917946958,1.0,1.0,devonta smith,devontasmith,dsmith,Philadelphia Eagles,00-0036912,0.0,0.0,0.0,0.0,0.0,0.0,0.0,8.0,5.0,48.0,0.0,D.Smith,PHI,team_norm & _alias_init_last,0.0,0.0,0.0,0.0,0.0,0.0,0.0,0.07000000000000028,0.5800000000000001,-3.700000000000003,0.39
2025,13,0.0,2025_13_CHI_PHI,Philadelphia Eagles,Jahan Dotson,WR,00-0037741,1.0,0.0,0.0,0.0,0.0,0.0,0.0,0.0,5.38,2.87,29.0,0.27,0.2401,72.0,47.08,21.6,323.9,96.8,2.516779314111612,0.3970529593896796,1.1770995917946958,1.0,1.0,jahan dotson,jahandotson,jdotson,Philadelphia Eagles,00-0037741,0.0,0.0,0.0,0.0,0.0,0.0,0.0,3.0,1.0,12.0,0.0,J.Dotson,PHI,team_norm & _alias_init_last,0.0,0.0,0.0,0.0,0.0,0.0,0.0,2.38,1.87,17.0,0.27
2025,13,0.0,2025_13_CHI_PHI,Philadelphia Eagles,Britain Covey,WR,00-0037132,1.0,0.0,0.0,0.0,0.0,0.0,0.0,0.0,0.0,0.0,0.0,0.0,0.0,72.0,47.08,21.6,323.9,96.8,2.516779314111612,0.3970529593896796,1.1770995917946958,1.0,1.0,britain covey,britaincovey,bcovey,Philadelphia Eagles,00-0037132,,,,,,,,,,,,,,,,,,,,,,,,,
2025,13,0.0,2025_13_CHI_PHI,Philadelphia Eagles,Darius Cooper,WR,00-0040024,1.0,0.0,0.0,0.0,0.0,0.0,0.0,0.0,0.0,0.0,0.0,0.0,0.0,72.0,47.08,21.6,323.9,96.8,2.516779314111612,0.3970529593896796,1.1770995917946958,1.0,1.0,darius cooper,dariuscooper,dcooper,Philadelphia Eagles,00-0040024,,,,,,,,,,,,,,,,,,,,,,,,,
2025,13,0.0,2025_13_CIN_BAL,Baltimore Ravens,Lamar Jackson,QB,00-0034796,1.0,34.85,223.6,2.11,0.89,11.41,35.2,0.37,0.0,0.0,0.0,0.0,0.3086,72.0,35.36,34.23,240.9,151.9,2.6025211656431035,1.2888364119821047,0.8840218405734801,1.0,1.0,lamar jackson,lamarjackson,ljackson,Baltimore Ravens,00-0034796,40.0,246.0,0.0,1.0,2.0,10.0,0.0,0.0,0.0,0.0,0.0,L.Jackson,BAL,team_norm & _alias_init_last,-5.149999999999999,-22.400000000000006,2.11,-0.10999999999999999,9.41,25.200000000000003,0.37,0.0,0.0,0.0,0.0
2025,13,0.0,2025_13_CIN_BAL,Baltimore Ravens,Derrick Henry,RB,00-0032764,1.0,0.0,0.0,0.0,0.0,14.67,53.2,0.73,4.61,3.31,23.9,0.34,0.6571,72.0,35.36,34.23,240.9,151.9,2.6025211656431035,1.2888364119821047,0.8840218405734801,1.0,1.0,derrick henry,derrickhenry,dhenry,Baltimore Ravens,00-0032764,0.0,0.0,0.0,0.0,11.0,60.0,1.0,1.0,1.0,44.0,0.0,D.Henry,BAL,team_norm & _alias_init_last,0.0,0.0,0.0,0.0,3.67,-6.799999999999997,-0.27,3.6100000000000003,2.31,-20.1,0.34
2025,13,0.0,2025_13_CIN_BAL,Baltimore Ravens,Rasheen Ali,RB,00-0039796,1.0,0.0,0.0,0.0,0.0,8.15,35.4,0.26,2.87,1.88,17.6,0.21,0.3768,72.0,35.36,34.23,240.9,151.9,2.6025211656431035,1.2888364119821047,0.8840218405734801,1.0,1.0,rasheen ali,rasheenali,rali,Baltimore Ravens,00-0039796,0.0,0.0,0.0,0.0,4.0,17.0,0.0,0.0,0.0,0.0,0.0,R.Ali,BAL,team_norm & _alias_init_last,0.0,0.0,0.0,0.0,4.15,18.4,0.26,2.87,1.88,17.6,0.21
2025,13,0.0,2025_13_CIN_BAL,Baltimore Ravens,Keaton Mitchell,RB,00-0038454,1.0,0.0,0.0,0.0,0.0,0.0,0.0,0.0,0.0,0.0,0.0,0.0,0.0,72.0,35.36,34.23,240.9,151.9,2.6025211656431035,1.2888364119821047,0.8840218405734801,1.0,1.0,keaton mitchell,keatonmitchell,kmitchell,Baltimore Ravens,00-0038454,0.0,0.0,0.0,0.0,2.0,19.0,1.0,3.0,2.0,12.0,0.0,K.Mitchell,BAL,team_norm & _alias_init_last,0.0,0.0,0.0,0.0,-2.0,-19.0,-1.0,-3.0,-2.0,-12.0,0.0
2025,13,0.0,2025_13_CIN_BAL,Baltimore Ravens,Mark Andrews,TE,00-0034753,1.0,0.0,0.0,0.0,0.0,0.0,0.0,0.0,6.51,3.88,31.5,0.46,0.3688,72.0,35.36,34.23,240.9,151.9,2.6025211656431035,1.2888364119821047,0.8840218405734801,1.0,1.0,mark andrews,markandrews,mandrews,Baltimore Ravens,00-0034753,0.0,0.0,0.0,0.0,0.0,0.0,0.0,6.0,4.0,47.0,0.0,M.Andrews,BAL,team_norm & _alias_init_last,0.0,0.0,0.0,0.0,0.0,0.0,0.0,0.5099999999999998,-0.1200000000000001,-15.5,0.46
2025,13,0.0,2025_13_CIN_BAL,Baltimore Ravens,Isaiah Likely,TE,00-0037838,1.0,0.0,0.0,0.0,0.0,0.0,0.0,0.0,3.37,2.08,16.6,0.24,0.2096,72.0,35.36,34.23,240.9,151.9,2.6025211656431035,1.2888364119821047,0.8840218405734801,1.0,1.0,isaiah likely,isaiahlikely,ilikely,Baltimore Ravens,00-0037838,0.0,0.0,0.0,0.0,0.0,0.0,0.0,7.0,5.0,95.0,0.0,I.Likely,BAL,team_norm & _alias_init_last,0.0,0.0,0.0,0.0,0.0,0.0,0.0,-3.63,-2.92,-78.4,0.24
2025,13,0.0,2025_13_CIN_BAL,Baltimore Ravens,Baylor Cupp,TE,00-0039316,1.0,0.0,0.0,0.0,0.0,0.0,0.0,0.0,0.0,0.0,0.0,0.0,0.0,72.0,35.36,34.23,240.9,151.9,2.6025211656431035,1.2888364119821047,0.8840218405734801,0.0,0.0,baylor cupp,baylorcupp,bcupp,Baltimore Ravens,00-0039316,,,,,,,,,,,,,,,,,,,,,,,,,
2025,13,0.0,2025_13_CIN_BAL,Baltimore Ravens,Charlie Kolar,TE,00-0038046,1.0,0.0,0.0,0.0,0.0,0.0,0.0,0.0,0.0,0.0,0.0,0.0,0.0,72.0,35.36,34.23,240.9,151.9,2.6025211656431035,1.2888364119821047,0.8840218405734801,1.0,1.0,charlie kolar,charliekolar,ckolar,Baltimore Ravens,00-0038046,0.0,0.0,0.0,0.0,0.0,0.0,0.0,1.0,1.0,17.0,0.0,C.Kolar,BAL,team_norm & _alias_init_last,0.0,0.0,0.0,0.0,0.0,0.0,0.0,-1.0,-1.0,-17.0,0.0
2025,13,0.0,2025_13_CIN_BAL,Baltimore Ravens,Zay Flowers,WR,00-0039064,1.0,0.0,0.0,0.0,0.0,0.0,0.0,0.0,7.69,5.19,45.6,0.52,0.4052,72.0,35.36,34.23,240.9,151.9,2.6025211656431035,1.2888364119821047,0.8840218405734801,1.0,1.0,zay flowers,zayflowers,zflowers,Baltimore Ravens,,0.0,0.0,0.0,0.0,0.0,0.0,0.0,8.0,2.0,6.0,0.0,Z.Flowers,BAL,team_norm & _alias_init_last,0.0,0.0,0.0,0.0,0.0,0.0,0.0,-0.3099999999999996,3.1900000000000004,39.6,0.52
2025,13,0.0,2025_13_CIN_BAL,Baltimore Ravens,Rashod Bateman,WR,00-0036550,1.0,0.0,0.0,0.0,0.0,0.0,0.0,0.0,5.79,3.38,34.4,0.4,0.3301,72.0,35.36,34.23,240.9,151.9,2.6025211656431035,1.2888364119821047,0.8840218405734801,1.0,1.0,rashod bateman,rashodbateman,rbateman,Baltimore Ravens,00-0036550,0.0,0.0,0.0,0.0,0.0,0.0,0.0,1.0,0.0,0.0,0.0,R.Bateman,BAL,team_norm & _alias_init_last,0.0,0.0,0.0,0.0,0.0,0.0,0.0,4.79,3.38,34.4,0.4
2025,13,0.0,2025_13_CIN_BAL,Baltimore Ravens,DeAndre Hopkins,WR,00-0030564,1.0,0.0,0.0,0.0,0.0,0.0,0.0,0.0,3.86,2.26,21.0,0.26,0.2312,72.0,35.36,34.23,240.9,151.9,2.6025211656431035,1.2888364119821047,0.8840218405734801,1.0,1.0,deandre hopkins,deandrehopkins,dhopkins,Baltimore Ravens,00-0030564,0.0,0.0,0.0,0.0,0.0,0.0,0.0,3.0,2.0,25.0,0.0,D.Hopkins,BAL,team_norm & _alias_init_last,0.0,0.0,0.0,0.0,0.0,0.0,0.0,0.8599999999999999,0.2599999999999998,-4.0,0.26
2025,13,0.0,2025_13_CIN_BAL,Baltimore Ravens,Anthony Miller,WR,00-0034353,1.0,0.0,0.0,0.0,0.0,0.0,0.0,0.0,0.0,0.0,0.0,0.0,0.0,72.0,35.36,34.23,240.9,151.9,2.6025211656431035,1.2888364119821047,0.8840218405734801,0.0,0.0,anthony miller,anthonymiller,amiller,Baltimore Ravens,00-0034353,,,,,,,,,,,,,,,,,,,,,,,,,
2025,13,0.0,2025_13_CIN_BAL,Baltimore Ravens,Devontez Walker,WR,00-0039792,1.0,0.0,0.0,0.0,0.0,0.0,0.0,0.0,0.0,0.0,0.0,0.0,0.0,72.0,35.36,34.23,240.9,151.9,2.6025211656431035,1.2888364119821047,0.8840218405734801,1.0,1.0,devontez walker,devontezwalker,dwalker,Baltimore Ravens,00-0039792,0.0,0.0,0.0,0.0,0.0,0.0,0.0,2.0,0.0,0.0,0.0,D.Walker,BAL,team_norm & _alias_init_last,0.0,0.0,0.0,0.0,0.0,0.0,0.0,-2.0,0.0,0.0,0.0
2025,13,0.0,2025_13_CIN_BAL,Baltimore Ravens,LaJohntay Wester,WR,00-0040075,1.0,0.0,0.0,0.0,0.0,0.0,0.0,0.0,0.0,0.0,0.0,0.0,0.0,72.0,35.36,34.23,240.9,151.9,2.6025211656431035,1.2888364119821047,0.8840218405734801,1.0,1.0,lajohntay wester,lajohntaywester,lwester,Baltimore Ravens,00-0040075,,,,,,,,,,,,,,,,,,,,,,,,,
2025,13,0.0,2025_13_CIN_BAL,Cincinnati Bengals,Joe Burrow,QB,00-0036442,1.0,43.22,276.3,1.83,1.06,3.98,14.4,0.09,0.0,0.0,0.0,0.0,0.0885,72.0,42.15,27.43,310.3,131.5,1.8627777755305237,0.5688641758406967,1.0537667938053334,1.0,1.0,joe burrow,joeburrow,jburrow,Cincinnati Bengals,00-0036442,49.0,261.0,2.0,0.0,2.0,5.0,0.0,0.0,0.0,0.0,0.0,J.Burrow,CIN,team_norm & _alias_init_last,-5.780000000000001,15.300000000000011,-0.16999999999999993,1.06,1.98,9.4,0.09,0.0,0.0,0.0,0.0
2025,13,0.0,2025_13_CIN_BAL,Cincinnati Bengals,Chase Brown,RB,00-0038597,1.0,0.0,0.0,0.0,0.0,15.07,59.4,0.38,5.21,4.03,28.4,0.24,0.4611,72.0,42.15,27.43,310.3,131.5,1.8627777755305237,0.5688641758406967,1.0537667938053334,1.0,1.0,chase brown,chasebrown,cbrown,Cincinnati Bengals,00-0038597,0.0,0.0,0.0,0.0,17.0,78.0,0.0,7.0,7.0,35.0,0.0,C.Brown,CIN,team_norm & _alias_init_last,0.0,0.0,0.0,0.0,-1.9299999999999997,-18.6,0.38,-1.79,-2.9699999999999998,-6.600000000000001,0.24
2025,13,0.0,2025_13_CIN_BAL,Cincinnati Bengals,Samaje Perine,RB,00-0033526,1.0,0.0,0.0,0.0,0.0,8.37,34.5,0.14,3.24,2.49,16.7,0.14,0.2418,72.0,42.15,27.43,310.3,131.5,1.8627777755305237,0.5688641758406967,1.0537667938053334,1.0,1.0,samaje perine,samajeperine,sperine,Cincinnati Bengals,00-0033526,0.0,0.0,0.0,0.0,14.0,39.0,0.0,2.0,2.0,15.0,0.0,S.Perine,CIN,team_norm & _alias_init_last,0.0,0.0,0.0,0.0,-5.630000000000001,-4.5,0.14,1.2400000000000002,0.4900000000000002,1.6999999999999993,0.14
2025,13,0.0,2025_13_CIN_BAL,Cincinnati Bengals,Gary Brightwell,RB,00-0036569,1.0,0.0,0.0,0.0,0.0,0.0,0.0,0.0,0.0,0.0,0.0,0.0,0.0,72.0,42.15,27.43,310.3,131.5,1.8627777755305237,0.5688641758406967,1.0537667938053334,1.0,1.0,gary brightwell,garybrightwell,gbrightwell,Cincinnati Bengals,00-0036569,,,,,,,,,,,,,,,,,,,,,,,,,
2025,13,0.0,2025_13_CIN_BAL,Cincinnati Bengals,Mike Gesicki,TE,00-0034829,1.0,0.0,0.0,0.0,0.0,0.0,0.0,0.0,7.34,4.36,39.3,0.31,0.2636,72.0,42.15,27.43,310.3,131.5,1.8627777755305237,0.5688641758406967,1.0537667938053334,1.0,1.0,mike gesicki,mikegesicki,mgesicki,Cincinnati Bengals,00-0034829,0.0,0.0,0.0,0.0,0.0,0.0,0.0,4.0,2.0,19.0,0.0,M.Gesicki,CIN,team_norm & _alias_init_last,0.0,0.0,0.0,0.0,0.0,0.0,0.0,3.34,2.3600000000000003,20.299999999999997,0.31
2025,13,0.0,2025_13_CIN_BAL,Cincinnati Bengals,Noah Fant,TE,00-0035644,1.0,0.0,0.0,0.0,0.0,0.0,0.0,0.0,3.79,2.51,19.1,0.15,0.137,72.0,42.15,27.43,310.3,131.5,1.8627777755305237,0.5688641758406967,1.0537667938053334,1.0,1.0,noah fant,noahfant,nfant,Cincinnati Bengals,00-0035644,0.0,0.0,0.0,0.0,0.0,0.0,0.0,2.0,1.0,3.0,0.0,N.Fant,CIN,team_norm & _alias_init_last,0.0,0.0,0.0,0.0,0.0,0.0,0.0,1.79,1.5099999999999998,16.1,0.15
2025,13,0.0,2025_13_CIN_BAL,Cincinnati Bengals,Drew Sample,TE,00-0035631,1.0,0.0,0.0,0.0,0.0,0.0,0.0,0.0,0.0,0.0,0.0,0.0,0.0,72.0,42.15,27.43,310.3,131.5,1.8627777755305237,0.5688641758406967,1.0537667938053334,1.0,1.0,drew sample,drewsample,dsample,Cincinnati Bengals,00-0035631,0.0,0.0,0.0,0.0,1.0,3.0,0.0,2.0,1.0,14.0,0.0,D.Sample,CIN,team_norm & _alias_init_last,0.0,0.0,0.0,0.0,-1.0,-3.0,0.0,-2.0,-1.0,-14.0,0.0
2025,13,0.0,2025_13_CIN_BAL,Cincinnati Bengals,Tanner Hudson,TE,00-0034613,1.0,0.0,0.0,0.0,0.0,0.0,0.0,0.0,0.0,0.0,0.0,0.0,0.0,72.0,42.15,27.43,310.3,131.5,1.8627777755305237,0.5688641758406967,1.0537667938053334,1.0,1.0,tanner hudson,tannerhudson,thudson,Cincinnati Bengals,00-0034613,0.0,0.0,0.0,0.0,0.0,0.0,0.0,2.0,1.0,14.0,1.0,T.Hudson,CIN,team_norm & _alias_init_last,0.0,0.0,0.0,0.0,0.0,0.0,0.0,-2.0,-1.0,-14.0,-1.0
2025,13,0.0,2025_13_CIN_BAL,Cincinnati Bengals,Ja'Marr Chase,WR,00-0036900,1.0,0.0,0.0,0.0,0.0,0.0,0.0,0.0,10.01,6.44,56.3,0.43,0.3472,72.0,42.15,27.43,310.3,131.5,1.8627777755305237,0.5688641758406967,1.0537667938053334,1.0,1.0,ja'marr chase,jamarrchase,jchase,Cincinnati Bengals,00-0036900,0.0,0.0,0.0,0.0,0.0,0.0,0.0,14.0,7.0,110.0,0.0,J.Chase,CIN,team_norm & _alias_init_last,0.0,0.0,0.0,0.0,0.0,0.0,0.0,-3.99,-0.5599999999999996,-53.7,0.43
2025,13,0.0,2025_13_CIN_BAL,Cincinnati Bengals,Tee Higgins,WR,00-0036410,1.0,0.0,0.0,0.0,0.0,0.0,0.0,0.0,7.54,4.52,42.9,0.32,0.2771,72.0,42.15,27.43,310.3,131.5,1.8627777755305237,0.5688641758406967,1.0537667938053334,0.0,0.0,tee higgins,teehiggins,thiggins,Cincinnati Bengals,00-0036410,,,,,,,,,,,,,,,,,,,,,,,,,
2025,13,0.0,2025_13_CIN_BAL,Cincinnati Bengals,Andrei Iosivas,WR,00-0038619,1.0,0.0,0.0,0.0,0.0,0.0,0.0,0.0,5.02,2.72,28.9,0.22,0.1939,72.0,42.15,27.43,310.3,131.5,1.8627777755305237,0.5688641758406967,1.0537667938053334,1.0,1.0,andrei iosivas,andreiiosivas,aiosivas,Cincinnati Bengals,00-0038619,0.0,0.0,0.0,0.0,0.0,0.0,0.0,2.0,1.0,29.0,1.0,A.Iosivas,CIN,team_norm & _alias_init_last,0.0,0.0,0.0,0.0,0.0,0.0,0.0,3.0199999999999996,1.7200000000000002,-0.10000000000000142,-0.78
2025,13,0.0,2025_13_CIN_BAL,Cincinnati Bengals,Charlie Jones,WR,00-0038576,1.0,0.0,0.0,0.0,0.0,0.0,0.0,0.0,0.0,0.0,0.0,0.0,0.0,72.0,42.15,27.43,310.3,131.5,1.8627777755305237,0.5688641758406967,1.0537667938053334,1.0,1.0,charlie jones,charliejones,cjones,Cincinnati Bengals,00-0038576,,,,,,,,,,,,,,,,,,,,,,,,,
2025,13,0.0,2025_13_CIN_BAL,Cincinnati Bengals,Cole Burgess,WR,00-0039626,1.0,0.0,0.0,0.0,0.0,0.0,0.0,0.0,0.0,0.0,0.0,0.0,0.0,72.0,42.15,27.43,310.3,131.5,1.8627777755305237,0.5688641758406967,1.0537667938053334,0.0,0.0,cole burgess,coleburgess,cburgess,Cincinnati Bengals,00-0039626,,,,,,,,,,,,,,,,,,,,,,,,,
2025,13,0.0,2025_13_CIN_BAL,Cincinnati Bengals,Mitchell Tinsley,WR,00-0038839,1.0,0.0,0.0,0.0,0.0,0.0,0.0,0.0,0.0,0.0,0.0,0.0,0.0,72.0,42.15,27.43,310.3,131.5,1.8627777755305237,0.5688641758406967,1.0537667938053334,1.0,1.0,mitchell tinsley,mitchelltinsley,mtinsley,Cincinnati Bengals,00-0038839,0.0,0.0,0.0,0.0,0.0,0.0,0.0,10.0,2.0,22.0,0.0,M.Tinsley,CIN,team_norm & _alias_init_last,0.0,0.0,0.0,0.0,0.0,0.0,0.0,-10.0,-2.0,-22.0,0.0
2025,13,0.0,2025_13_DEN_WAS,Denver Broncos,Bo Nix,QB,00-0039732,1.0,43.39,246.8,2.18,1.16,6.4,19.3,0.2,0.0,0.0,0.0,0.0,0.1776,72.0,45.73,23.61,288.6,97.1,2.780296050633735,0.6852351499324323,1.1431860413465438,1.0,1.0,bo nix,bonix,bnix,Denver Broncos,00-0039732,49.0,321.0,1.0,1.0,0.0,0.0,0.0,0.0,0.0,0.0,0.0,B.Nix,DEN,team_norm & _alias_init_last,-5.609999999999999,-74.19999999999999,1.1800000000000002,0.15999999999999992,6.4,19.3,0.2,0.0,0.0,0.0,0.0
2025,13,0.0,2025_13_DEN_WAS,Denver Broncos,RJ Harvey,RB,00-0040730,1.0,0.0,0.0,0.0,0.0,11.06,39.8,0.4,5.72,4.43,30.2,0.36,0.5313,72.0,45.73,23.61,288.6,97.1,2.780296050633735,0.6852351499324323,1.1431860413465438,1.0,1.0,rj harvey,rjharvey,rharvey,Denver Broncos,00-0040730,0.0,0.0,0.0,0.0,13.0,35.0,2.0,4.0,3.0,27.0,0.0,R.Harvey,DEN,team_norm & _alias_init_last,0.0,0.0,0.0,0.0,-1.9399999999999995,4.799999999999997,-1.6,1.7199999999999998,1.4299999999999997,3.1999999999999993,0.36
2025,13,0.0,2025_13_DEN_WAS,Denver Broncos,Jaleel McLaughlin,RB,00-0038794,1.0,0.0,0.0,0.0,0.0,6.15,22.3,0.13,3.56,2.78,17.3,0.22,0.299,72.0,45.73,23.61,288.6,97.1,2.780296050633735,0.6852351499324323,1.1431860413465438,1.0,1.0,jaleel mclaughlin,jaleelmclaughlin,jmclaughlin,Denver Broncos,00-0038794,0.0,0.0,0.0,0.0,6.0,24.0,0.0,1.0,1.0,6.0,0.0,J.McLaughlin,DEN,team_norm & _alias_init_last,0.0,0.0,0.0,0.0,0.15000000000000036,-1.6999999999999993,0.13,2.56,1.7799999999999998,11.3,0.22
2025,13,0.0,2025_13_DEN_WAS,Denver Broncos,Tyler Badie,RB,00-0037085,1.0,0.0,0.0,0.0,0.0,0.0,0.0,0.0,0.0,0.0,0.0,0.0,0.0,72.0,45.73,23.61,288.6,97.1,2.780296050633735,0.6852351499324323,1.1431860413465438,1.0,1.0,tyler badie,tylerbadie,tbadie,Denver Broncos,00-0037085,0.0,0.0,0.0,0.0,0.0,0.0,0.0,5.0,3.0,18.0,0.0,T.Badie,DEN,team_norm & _alias_init_last,0.0,0.0,0.0,0.0,0.0,0.0,0.0,-5.0,-3.0,-18.0,0.0
2025,13,0.0,2025_13_DEN_WAS,Denver Broncos,Evan Engram,TE,00-0033881,1.0,0.0,0.0,0.0,0.0,0.0,0.0,0.0,8.11,5.28,37.5,0.43,0.3512,72.0,45.73,23.61,288.6,97.1,2.780296050633735,0.6852351499324323,1.1431860413465438,1.0,1.0,evan engram,evanengram,eengram,Denver Broncos,00-0033881,0.0,0.0,0.0,0.0,0.0,0.0,0.0,9.0,6.0,79.0,0.0,E.Engram,DEN,team_norm & _alias_init_last,0.0,0.0,0.0,0.0,0.0,0.0,0.0,-0.8900000000000006,-0.7199999999999998,-41.5,0.43
2025,13,0.0,2025_13_DEN_WAS,Denver Broncos,Nate Adkins,TE,00-0038783,1.0,0.0,0.0,0.0,0.0,0.0,0.0,0.0,4.19,2.71,23.4,0.25,0.2201,72.0,45.73,23.61,288.6,97.1,2.780296050633735,0.6852351499324323,1.1431860413465438,0.0,0.0,nate adkins,nateadkins,nadkins,Denver Broncos,00-0038783,,,,,,,,,,,,,,,,,,,,,,,,,
2025,13,0.0,2025_13_DEN_WAS,Denver Broncos,Adam Trautman,TE,00-0036422,1.0,0.0,0.0,0.0,0.0,0.0,0.0,0.0,0.0,0.0,0.0,0.0,0.0,72.0,45.73,23.61,288.6,97.1,2.780296050633735,0.6852351499324323,1.1431860413465438,1.0,1.0,adam trautman,adamtrautman,atrautman,Denver Broncos,00-0036422,0.0,0.0,0.0,0.0,0.0,0.0,0.0,4.0,3.0,47.0,0.0,A.Trautman,DEN,team_norm & _alias_init_last,0.0,0.0,0.0,0.0,0.0,0.0,0.0,-4.0,-3.0,-47.0,0.0
2025,13,0.0,2025_13_DEN_WAS,Denver Broncos,Troy Franklin,WR,00-0039868,1.0,0.0,0.0,0.0,0.0,0.0,0.0,0.0,10.71,6.15,62.2,0.64,0.473,72.0,45.73,23.61,288.6,97.1,2.780296050633735,0.6852351499324323,1.1431860413465438,1.0,1.0,troy franklin,troyfranklin,tfranklin,Denver Broncos,00-0039868,0.0,0.0,0.0,0.0,0.0,0.0,0.0,3.0,2.0,21.0,0.0,T.Franklin,DEN,team_norm & _alias_init_last,0.0,0.0,0.0,0.0,0.0,0.0,0.0,7.710000000000001,4.15,41.2,0.64
2025,13,0.0,2025_13_DEN_WAS,Denver Broncos,Courtland Sutton,WR,00-0034348,1.0,0.0,0.0,0.0,0.0,0.0,0.0,0.0,8.07,4.64,42.2,0.47,0.3768,72.0,45.73,23.61,288.6,97.1,2.780296050633735,0.6852351499324323,1.1431860413465438,1.0,1.0,courtland sutton,courtlandsutton,csutton,Denver Broncos,00-0034348,0.0,0.0,0.0,0.0,0.0,0.0,0.0,6.0,5.0,62.0,1.0,C.Sutton,DEN,team_norm & _alias_init_last,0.0,0.0,0.0,0.0,0.0,0.0,0.0,2.0700000000000003,-0.3600000000000003,-19.799999999999997,-0.53
2025,13,0.0,2025_13_DEN_WAS,Denver Broncos,Pat Bryant,WR,00-0040134,1.0,0.0,0.0,0.0,0.0,0.0,0.0,0.0,5.38,3.41,35.1,0.32,0.2721,72.0,45.73,23.61,288.6,97.1,2.780296050633735,0.6852351499324323,1.1431860413465438,1.0,1.0,pat bryant,patbryant,pbryant,Denver Broncos,00-0040134,0.0,0.0,0.0,0.0,0.0,0.0,0.0,8.0,3.0,42.0,0.0,P.Bryant,DEN,team_norm & _alias_init_last,0.0,0.0,0.0,0.0,0.0,0.0,0.0,-2.62,0.41000000000000014,-6.899999999999999,0.32
2025,13,0.0,2025_13_DEN_WAS,Denver Broncos,Elijah Moore,WR,00-0036980,1.0,0.0,0.0,0.0,0.0,0.0,0.0,0.0,0.0,0.0,0.0,0.0,0.0,72.0,45.73,23.61,288.6,97.1,2.780296050633735,0.6852351499324323,1.1431860413465438,0.0,0.0,elijah moore,elijahmoore,emoore,Denver Broncos,00-0036980,,,,,,,,,,,,,,,,,,,,,,,,,
2025,13,0.0,2025_13_DEN_WAS,Denver Broncos,Lil'Jordan Humphrey,WR,00-0035406,1.0,0.0,0.0,0.0,0.0,0.0,0.0,0.0,0.0,0.0,0.0,0.0,0.0,72.0,45.73,23.61,288.6,97.1,2.780296050633735,0.6852351499324323,1.1431860413465438,1.0,1.0,lil'jordan humphrey,liljordanhumphrey,lhumphrey,Denver Broncos,00-0035406,0.0,0.0,0.0,0.0,0.0,0.0,0.0,1.0,0.0,0.0,0.0,L.Humphrey,DEN,team_norm & _alias_init_last,0.0,0.0,0.0,0.0,0.0,0.0,0.0,-1.0,0.0,0.0,0.0
2025,13,0.0,2025_13_DEN_WAS,Denver Broncos,Marvin Mims Jr.,WR,00-0038976,1.0,0.0,0.0,0.0,0.0,0.0,0.0,0.0,0.0,0.0,0.0,0.0,0.0,72.0,45.73,23.61,288.6,97.1,2.780296050633735,0.6852351499324323,1.1431860413465438,1.0,1.0,marvin mims jr.,marvinmimsjr,mmims,Denver Broncos,00-0038976,0.0,0.0,0.0,0.0,1.0,9.0,0.0,2.0,2.0,8.0,0.0,M.Mims,DEN,team_norm & _alias_init_last,0.0,0.0,0.0,0.0,-1.0,-9.0,0.0,-2.0,-2.0,-8.0,0.0
2025,13,0.0,2025_13_DEN_WAS,Washington Commanders,Jayden Daniels,QB,00-0039910,1.0,35.22,201.8,1.28,0.87,11.46,33.7,0.21,0.0,0.0,0.0,0.0,0.1916,72.0,34.58,34.39,213.6,138.4,1.4047829650543078,0.6702489585862634,0.8644303403257064,0.0,0.0,jayden daniels,jaydendaniels,jdaniels,Washington Commanders,00-0039910,,,,,,,,,,,,,,,,,,,,,,,,,
2025,13,0.0,2025_13_DEN_WAS,Washington Commanders,Chris Rodriguez Jr.,RB,00-0038611,1.0,0.0,0.0,0.0,0.0,14.74,51.3,0.41,4.33,3.21,26.7,0.18,0.442,72.0,34.58,34.39,213.6,138.4,1.4047829650543078,0.6702489585862634,0.8644303403257064,1.0,1.0,chris rodriguez jr.,chrisrodriguezjr,crodriguez,Washington Commanders,00-0038611,0.0,0.0,0.0,0.0,11.0,41.0,1.0,1.0,0.0,0.0,0.0,C.Rodriguez,WAS,team_norm & _alias_init_last,0.0,0.0,0.0,0.0,3.74,10.299999999999997,-0.5900000000000001,3.33,3.21,26.7,0.18
2025,13,0.0,2025_13_DEN_WAS,Washington Commanders,Jeremy McNichols,RB,00-0033955,1.0,0.0,0.0,0.0,0.0,8.19,29.0,0.14,2.69,1.93,12.9,0.11,0.2184,72.0,34.58,34.39,213.6,138.4,1.4047829650543078,0.6702489585862634,0.8644303403257064,1.0,1.0,jeremy mcnichols,jeremymcnichols,jmcnichols,Washington Commanders,00-0033955,0.0,0.0,0.0,0.0,6.0,30.0,0.0,4.0,2.0,0.0,0.0,J.McNichols,WAS,team_norm & _alias_init_last,0.0,0.0,0.0,0.0,2.1899999999999995,-1.0,0.14,-1.31,-0.07000000000000006,12.9,0.11
2025,13,0.0,2025_13_DEN_WAS,Washington Commanders,Jacory Croskey-Merritt,RB,00-0040242,1.0,0.0,0.0,0.0,0.0,0.0,0.0,0.0,0.0,0.0,0.0,0.0,0.0,72.0,34.58,34.39,213.6,138.4,1.4047829650543078,0.6702489585862634,0.8644303403257064,1.0,1.0,jacory croskey-merritt,jacorycroskeymerritt,jcroskeymerritt,Washington Commanders,00-0040242,0.0,0.0,0.0,0.0,5.0,20.0,0.0,0.0,0.0,0.0,0.0,J.Croskey-Merritt,WAS,team_norm & _alias_init_last,0.0,0.0,0.0,0.0,-5.0,-20.0,0.0,0.0,0.0,0.0,0.0
2025,13,0.0,2025_13_DEN_WAS,Washington Commanders,Zach Ertz,TE,00-0030061,1.0,0.0,0.0,0.0,0.0,0.0,0.0,0.0,6.06,3.59,25.7,0.23,0.2086,72.0,34.58,34.39,213.6,138.4,1.4047829650543078,0.6702489585862634,0.8644303403257064,1.0,1.0,zach ertz,zachertz,zertz,Washington Commanders,00-0030061,0.0,0.0,0.0,0.0,0.0,0.0,0.0,13.0,10.0,106.0,0.0,Z.Ertz,WAS,team_norm & _alias_init_last,0.0,0.0,0.0,0.0,0.0,0.0,0.0,-6.94,-6.41,-80.3,0.23
2025,13,0.0,2025_13_DEN_WAS,Washington Commanders,John Bates,TE,00-0036628,1.0,0.0,0.0,0.0,0.0,0.0,0.0,0.0,3.13,1.85,14.6,0.12,0.1104,72.0,34.58,34.39,213.6,138.4,1.4047829650543078,0.6702489585862634,0.8644303403257064,1.0,1.0,john bates,johnbates,jbates,Washington Commanders,00-0036628,0.0,0.0,0.0,0.0,0.0,0.0,0.0,2.0,2.0,9.0,0.0,J.Bates,WAS,team_norm & _alias_init_last,0.0,0.0,0.0,0.0,0.0,0.0,0.0,1.13,-0.1499999999999999,5.6,0.12
2025,13,0.0,2025_13_DEN_WAS,Washington Commanders,Ben Sinnott,TE,00-0039912,1.0,0.0,0.0,0.0,0.0,0.0,0.0,0.0,0.0,0.0,0.0,0.0,0.0,72.0,34.58,34.39,213.6,138.4,1.4047829650543078,0.6702489585862634,0.8644303403257064,1.0,1.0,ben sinnott,bensinnott,bsinnott,Washington Commanders,00-0039912,,,,,,,,,,,,,,,,,,,,,,,,,
2025,13,0.0,2025_13_DEN_WAS,Washington Commanders,Colson Yankoff,TE,00-0039686,1.0,0.0,0.0,0.0,0.0,0.0,0.0,0.0,0.0,0.0,0.0,0.0,0.0,72.0,34.58,34.39,213.6,138.4,1.4047829650543078,0.6702489585862634,0.8644303403257064,1.0,1.0,colson yankoff,colsonyankoff,cyankoff,Washington Commanders,00-0039686,0.0,0.0,0.0,0.0,0.0,0.0,0.0,1.0,1.0,14.0,0.0,C.Yankoff,WAS,team_norm & _alias_init_last,0.0,0.0,0.0,0.0,0.0,0.0,0.0,-1.0,-1.0,-14.0,0.0
2025,13,0.0,2025_13_DEN_WAS,Washington Commanders,Gee Scott Jr.,TE,00-0040571,1.0,0.0,0.0,0.0,0.0,0.0,0.0,0.0,0.0,0.0,0.0,0.0,0.0,72.0,34.58,34.39,213.6,138.4,1.4047829650543078,0.6702489585862634,0.8644303403257064,0.0,0.0,gee scott jr.,geescottjr,gscott,Washington Commanders,00-0040571,,,,,,,,,,,,,,,,,,,,,,,,,
2025,13,0.0,2025_13_DEN_WAS,Washington Commanders,Terry McLaurin,WR,00-0035659,1.0,0.0,0.0,0.0,0.0,0.0,0.0,0.0,8.08,4.88,37.8,0.31,0.263,72.0,34.58,34.39,213.6,138.4,1.4047829650543078,0.6702489585862634,0.8644303403257064,1.0,1.0,terry mclaurin,terrymclaurin,tmclaurin,Washington Commanders,00-0035659,0.0,0.0,0.0,0.0,0.0,0.0,0.0,16.0,7.0,96.0,1.0,T.McLaurin,WAS,team_norm & _alias_init_last,0.0,0.0,0.0,0.0,0.0,0.0,0.0,-7.92,-2.12,-58.2,-0.69
2025,13,0.0,2025_13_DEN_WAS,Washington Commanders,Deebo Samuel,WR,,1.0,0.0,0.0,0.0,0.0,0.0,0.0,0.0,6.08,3.79,53.6,0.25,0.219,72.0,34.58,34.39,213.6,138.4,1.4047829650543078,0.6702489585862634,0.8644303403257064,0.0,0.0,deebo samuel,deebosamuel,dsamuel,Washington Commanders,,0.0,0.0,0.0,0.0,2.0,-3.0,0.0,7.0,5.0,64.0,0.0,D.Samuel,WAS,team_norm & _alias_init_last,0.0,0.0,0.0,0.0,-2.0,3.0,0.0,-0.9199999999999999,-1.21,-10.399999999999999,0.25
2025,13,0.0,2025_13_DEN_WAS,Washington Commanders,Treylon Burks,WR,00-0037742,1.0,0.0,0.0,0.0,0.0,0.0,0.0,0.0,4.06,2.15,20.4,0.15,0.1388,72.0,34.58,34.39,213.6,138.4,1.4047829650543078,0.6702489585862634,0.8644303403257064,1.0,1.0,treylon burks,treylonburks,tburks,Washington Commanders,00-0037742,0.0,0.0,0.0,0.0,0.0,0.0,0.0,4.0,1.0,5.0,1.0,T.Burks,WAS,team_norm & _alias_init_last,0.0,0.0,0.0,0.0,0.0,0.0,0.0,0.05999999999999961,1.15,15.399999999999999,-0.85
2025,13,0.0,2025_13_DEN_WAS,Washington Commanders,Braylon Sanders,WR,00-0037355,1.0,0.0,0.0,0.0,0.0,0.0,0.0,0.0,0.0,0.0,0.0,0.0,0.0,72.0,34.58,34.39,213.6,138.4,1.4047829650543078,0.6702489585862634,0.8644303403257064,0.0,0.0,braylon sanders,braylonsanders,bsanders,Washington Commanders,00-0037355,,,,,,,,,,,,,,,,,,,,,,,,,
2025,13,0.0,2025_13_DEN_WAS,Washington Commanders,Chris Moore,WR,00-0032398,1.0,0.0,0.0,0.0,0.0,0.0,0.0,0.0,0.0,0.0,0.0,0.0,0.0,72.0,34.58,34.39,213.6,138.4,1.4047829650543078,0.6702489585862634,0.8644303403257064,1.0,1.0,chris moore,chrismoore,cmoore,Washington Commanders,00-0032398,,,,,,,,,,,,,,,,,,,,,,,,,
2025,13,0.0,2025_13_DEN_WAS,Washington Commanders,Jaylin Lane,WR,00-0040164,1.0,0.0,0.0,0.0,0.0,0.0,0.0,0.0,0.0,0.0,0.0,0.0,0.0,72.0,34.58,34.39,213.6,138.4,1.4047829650543078,0.6702489585862634,0.8644303403257064,1.0,1.0,jaylin lane,jaylinlane,jlane,Washington Commanders,00-0040164,0.0,0.0,0.0,0.0,0.0,0.0,0.0,1.0,0.0,0.0,0.0,J.Lane,WAS,team_norm & _alias_init_last,0.0,0.0,0.0,0.0,0.0,0.0,0.0,-1.0,0.0,0.0,0.0
2025,13,0.0,2025_13_GB_DET,Detroit Lions,Jared Goff,QB,00-0033106,1.0,44.4,302.6,2.44,1.17,2.8,11.1,0.1,0.0,0.0,0.0,0.0,0.0995,72.0,46.22,22.57,350.8,111.6,3.169922209206121,0.7971145448074735,1.1555842624755592,1.0,1.0,jared goff,jaredgoff,jgoff,Detroit Lions,00-0033106,31.0,256.0,2.0,0.0,0.0,0.0,0.0,0.0,0.0,0.0,0.0,J.Goff,DET,team_norm & _alias_init_last,13.399999999999999,46.60000000000002,0.43999999999999995,1.17,2.8,11.1,0.1,0.0,0.0,0.0,0.0
2025,13,0.0,2025_13_GB_DET,Detroit Lions,Jahmyr Gibbs,RB,00-0039139,1.0,0.0,0.0,0.0,0.0,12.71,53.3,0.57,5.95,4.47,29.5,0.42,0.6281,72.0,46.22,22.57,350.8,111.6,3.169922209206121,0.7971145448074735,1.1555842624755592,1.0,1.0,jahmyr gibbs,jahmyrgibbs,jgibbs,Detroit Lions,00-0039139,0.0,0.0,0.0,0.0,20.0,68.0,0.0,4.0,3.0,18.0,0.0,J.Gibbs,DET,team_norm & _alias_init_last,0.0,0.0,0.0,0.0,-7.289999999999999,-14.700000000000003,0.57,1.9500000000000002,1.4699999999999998,11.5,0.42
2025,13,0.0,2025_13_GB_DET,Detroit Lions,David Montgomery,RB,00-0035685,1.0,0.0,0.0,0.0,0.0,7.06,29.1,0.21,3.71,2.88,18.4,0.25,0.3629,72.0,46.22,22.57,350.8,111.6,3.169922209206121,0.7971145448074735,1.1555842624755592,1.0,1.0,david montgomery,davidmontgomery,dmontgomery,Detroit Lions,00-0035685,1.0,0.0,0.0,0.0,10.0,32.0,1.0,2.0,2.0,16.0,0.0,D.Montgomery,DET,team_norm & _alias_init_last,-1.0,0.0,0.0,0.0,-2.9400000000000004,-2.8999999999999986,-0.79,1.71,0.8799999999999999,2.3999999999999986,0.25
2025,13,0.0,2025_13_GB_DET,Detroit Lions,Jacob Saylors,RB,00-0038896,1.0,0.0,0.0,0.0,0.0,0.0,0.0,0.0,0.0,0.0,0.0,0.0,0.0,72.0,46.22,22.57,350.8,111.6,3.169922209206121,0.7971145448074735,1.1555842624755592,1.0,1.0,jacob saylors,jacobsaylors,jsaylors,Detroit Lions,00-0038896,,,,,,,,,,,,,,,,,,,,,,,,,
2025,13,0.0,2025_13_GB_DET,Detroit Lions,Sione Vaki,RB,00-0039364,1.0,0.0,0.0,0.0,0.0,0.0,0.0,0.0,0.0,0.0,0.0,0.0,0.0,72.0,46.22,22.57,350.8,111.6,3.169922209206121,0.7971145448074735,1.1555842624755592,1.0,1.0,sione vaki,sionevaki,svaki,Detroit Lions,00-0039364,,,,,,,,,,,,,,,,,,,,,,,,,
2025,13,0.0,2025_13_GB_DET,Detroit Lions,Brock Wright,TE,00-0036754,1.0,0.0,0.0,0.0,0.0,0.0,0.0,0.0,8.35,5.48,46.7,0.54,0.42,72.0,46.22,22.57,350.8,111.6,3.169922209206121,0.7971145448074735,1.1555842624755592,0.0,0.0,brock wright,brockwright,bwright,Detroit Lions,00-0036754,,,,,,,,,,,,,,,,,,,,,,,,,
2025,13,0.0,2025_13_GB_DET,Detroit Lions,Ross Dwelley,TE,,1.0,0.0,0.0,0.0,0.0,0.0,0.0,0.0,4.32,2.56,34.9,0.3,0.2563,72.0,46.22,22.57,350.8,111.6,3.169922209206121,0.7971145448074735,1.1555842624755592,0.0,1.0,ross dwelley,rossdwelley,rdwelley,Detroit Lions,,0.0,0.0,0.0,0.0,0.0,0.0,0.0,3.0,1.0,3.0,0.0,R.Dwelley,DET,team_norm & _alias_init_last,0.0,0.0,0.0,0.0,0.0,0.0,0.0,1.3200000000000003,1.56,31.9,0.3
2025,13,0.0,2025_13_GB_DET,Detroit Lions,Anthony Firkser,TE,00-0033455,1.0,0.0,0.0,0.0,0.0,0.0,0.0,0.0,0.0,0.0,0.0,0.0,0.0,72.0,46.22,22.57,350.8,111.6,3.169922209206121,0.7971145448074735,1.1555842624755592,1.0,1.0,anthony firkser,anthonyfirkser,afirkser,Detroit Lions,00-0033455,0.0,0.0,0.0,0.0,0.0,0.0,0.0,1.0,1.0,4.0,0.0,A.Firkser,DET,team_norm & _alias_init_last,0.0,0.0,0.0,0.0,0.0,0.0,0.0,-1.0,-1.0,-4.0,0.0
2025,13,0.0,2025_13_GB_DET,Detroit Lions,Giovanni Ricci,TE,00-0035956,1.0,0.0,0.0,0.0,0.0,0.0,0.0,0.0,0.0,0.0,0.0,0.0,0.0,72.0,46.22,22.57,350.8,111.6,3.169922209206121,0.7971145448074735,1.1555842624755592,0.0,0.0,giovanni ricci,giovanniricci,gricci,Detroit Lions,00-0035956,,,,,,,,,,,,,,,,,,,,,,,,,
2025,13,0.0,2025_13_GB_DET,Detroit Lions,Zach Horton,TE,00-0040387,1.0,0.0,0.0,0.0,0.0,0.0,0.0,0.0,0.0,0.0,0.0,0.0,0.0,72.0,46.22,22.57,350.8,111.6,3.169922209206121,0.7971145448074735,1.1555842624755592,1.0,1.0,zach horton,zachhorton,zhorton,Detroit Lions,00-0040387,,,,,,,,,,,,,,,,,,,,,,,,,
2025,13,0.0,2025_13_GB_DET,Detroit Lions,Amon-Ra St. Brown,WR,00-0036963,1.0,0.0,0.0,0.0,0.0,0.0,0.0,0.0,10.47,7.4,59.3,0.71,0.5066,72.0,46.22,22.57,350.8,111.6,3.169922209206121,0.7971145448074735,1.1555842624755592,1.0,1.0,amon-ra st. brown,amonrastbrown,astbrown,Detroit Lions,00-0036963,0.0,0.0,0.0,0.0,0.0,0.0,0.0,1.0,0.0,0.0,0.0,A.St. Brown,DET,team_norm & _alias_init_last,0.0,0.0,0.0,0.0,0.0,0.0,0.0,9.47,7.4,59.3,0.71
2025,13,0.0,2025_13_GB_DET,Detroit Lions,Jameson Williams,WR,00-0037240,1.0,0.0,0.0,0.0,0.0,0.0,0.0,0.0,7.88,4.54,47.3,0.5,0.3927,72.0,46.22,22.57,350.8,111.6,3.169922209206121,0.7971145448074735,1.1555842624755592,1.0,1.0,jameson williams,jamesonwilliams,jwilliams,Detroit Lions,00-0037240,0.0,0.0,0.0,0.0,1.0,-5.0,0.0,10.0,7.0,144.0,1.0,J.Williams,DET,team_norm & _alias_init_last,0.0,0.0,0.0,0.0,-1.0,5.0,0.0,-2.12,-2.46,-96.7,-0.5
2025,13,0.0,2025_13_GB_DET,Detroit Lions,Kalif Raymond,WR,00-0032464,1.0,0.0,0.0,0.0,0.0,0.0,0.0,0.0,5.26,3.67,30.3,0.33,0.2841,72.0,46.22,22.57,350.8,111.6,3.169922209206121,0.7971145448074735,1.1555842624755592,0.0,0.0,kalif raymond,kalifraymond,kraymond,Detroit Lions,00-0032464,,,,,,,,,,,,,,,,,,,,,,,,,
2025,13,0.0,2025_13_GB_DET,Detroit Lions,Andrew Armstrong,WR,00-0040298,1.0,0.0,0.0,0.0,0.0,0.0,0.0,0.0,0.0,0.0,0.0,0.0,0.0,72.0,46.22,22.57,350.8,111.6,3.169922209206121,0.7971145448074735,1.1555842624755592,0.0,0.0,andrew armstrong,andrewarmstrong,aarmstrong,Detroit Lions,00-0040298,,,,,,,,,,,,,,,,,,,,,,,,,
2025,13,0.0,2025_13_GB_DET,Detroit Lions,Dominic Lovett,WR,00-0040241,1.0,0.0,0.0,0.0,0.0,0.0,0.0,0.0,0.0,0.0,0.0,0.0,0.0,72.0,46.22,22.57,350.8,111.6,3.169922209206121,0.7971145448074735,1.1555842624755592,1.0,1.0,dominic lovett,dominiclovett,dlovett,Detroit Lions,00-0040241,,,,,,,,,,,,,,,,,,,,,,,,,
2025,13,0.0,2025_13_GB_DET,Detroit Lions,Isaac TeSlaa,WR,00-0040669,1.0,0.0,0.0,0.0,0.0,0.0,0.0,0.0,0.0,0.0,0.0,0.0,0.0,72.0,46.22,22.57,350.8,111.6,3.169922209206121,0.7971145448074735,1.1555842624755592,1.0,1.0,isaac teslaa,isaacteslaa,iteslaa,Detroit Lions,00-0040669,0.0,0.0,0.0,0.0,0.0,0.0,0.0,2.0,2.0,35.0,1.0,I.TeSlaa,DET,team_norm & _alias_init_last,0.0,0.0,0.0,0.0,0.0,0.0,0.0,-2.0,-2.0,-35.0,-1.0
2025,13,0.0,2025_13_GB_DET,Detroit Lions,Tom Kennedy,WR,00-0035544,1.0,0.0,0.0,0.0,0.0,0.0,0.0,0.0,0.0,0.0,0.0,0.0,0.0,72.0,46.22,22.57,350.8,111.6,3.169922209206121,0.7971145448074735,1.1555842624755592,1.0,1.0,tom kennedy,tomkennedy,tkennedy,Detroit Lions,00-0035544,0.0,0.0,0.0,0.0,0.0,0.0,0.0,4.0,4.0,36.0,0.0,T.Kennedy,DET,team_norm & _alias_init_last,0.0,0.0,0.0,0.0,0.0,0.0,0.0,-4.0,-4.0,-36.0,0.0
2025,13,0.0,2025_13_GB_DET,Green Bay Packers,Jordan Love,QB,00-0036264,1.0,32.43,195.7,1.46,0.77,4.07,13.1,0.14,0.0,0.0,0.0,0.0,0.1342,72.0,30.36,39.6,195.2,165.9,1.5477356607496469,1.335501424353764,0.7589161686891747,1.0,1.0,jordan love,jordanlove,jlove,Green Bay Packers,00-0036264,34.0,234.0,4.0,0.0,0.0,0.0,0.0,0.0,0.0,0.0,0.0,J.Love,GB,team_norm & _alias_init_last,-1.5700000000000003,-38.30000000000001,-2.54,0.77,4.07,13.1,0.14,0.0,0.0,0.0,0.0
2025,13,0.0,2025_13_GB_DET,Green Bay Packers,Josh Jacobs,RB,00-0035700,1.0,0.0,0.0,0.0,0.0,22.84,80.4,0.94,3.83,2.89,17.1,0.19,0.6786,72.0,30.36,39.6,195.2,165.9,1.5477356607496469,1.335501424353764,0.7589161686891747,1.0,1.0,josh jacobs,joshjacobs,jjacobs,Green Bay Packers,00-0035700,0.0,0.0,0.0,0.0,17.0,83.0,0.0,1.0,1.0,8.0,0.0,J.Jacobs,GB,team_norm & _alias_init_last,0.0,0.0,0.0,0.0,5.84,-2.5999999999999943,0.94,2.83,1.8900000000000001,9.100000000000001,0.19
2025,13,0.0,2025_13_GB_DET,Green Bay Packers,Emanuel Wilson,RB,00-0038797,1.0,0.0,0.0,0.0,0.0,12.69,46.3,0.34,2.39,1.73,12.6,0.12,0.3708,72.0,30.36,39.6,195.2,165.9,1.5477356607496469,1.335501424353764,0.7589161686891747,1.0,1.0,emanuel wilson,emanuelwilson,ewilson,Green Bay Packers,00-0038797,0.0,0.0,0.0,0.0,4.0,14.0,0.0,0.0,0.0,0.0,0.0,E.Wilson,GB,team_norm & _alias_init_last,0.0,0.0,0.0,0.0,8.69,32.3,0.34,2.39,1.73,12.6,0.12
2025,13,0.0,2025_13_GB_DET,Green Bay Packers,Chris Brooks,RB,00-0038685,1.0,0.0,0.0,0.0,0.0,0.0,0.0,0.0,0.0,0.0,0.0,0.0,0.0,72.0,30.36,39.6,195.2,165.9,1.5477356607496469,1.335501424353764,0.7589161686891747,1.0,1.0,chris brooks,chrisbrooks,cbrooks,Green Bay Packers,00-0038685,0.0,0.0,0.0,0.0,0.0,0.0,0.0,2.0,2.0,9.0,0.0,C.Brooks,GB,team_norm & _alias_init_last,0.0,0.0,0.0,0.0,0.0,0.0,0.0,-2.0,-2.0,-9.0,0.0
2025,13,0.0,2025_13_GB_DET,Green Bay Packers,Luke Musgrave,TE,00-0039144,1.0,0.0,0.0,0.0,0.0,0.0,0.0,0.0,5.38,3.45,26.2,0.25,0.2185,72.0,30.36,39.6,195.2,165.9,1.5477356607496469,1.335501424353764,0.7589161686891747,1.0,1.0,luke musgrave,lukemusgrave,lmusgrave,Green Bay Packers,00-0039144,0.0,0.0,0.0,0.0,0.0,0.0,0.0,1.0,1.0,23.0,0.0,L.Musgrave,GB,team_norm & _alias_init_last,0.0,0.0,0.0,0.0,0.0,0.0,0.0,4.38,2.45,3.1999999999999993,0.25
2025,13,0.0,2025_13_GB_DET,Green Bay Packers,John FitzPatrick,TE,00-0037306,1.0,0.0,0.0,0.0,0.0,0.0,0.0,0.0,2.78,1.76,16.5,0.14,0.1308,72.0,30.36,39.6,195.2,165.9,1.5477356607496469,1.335501424353764,0.7589161686891747,1.0,1.0,john fitzpatrick,johnfitzpatrick,jfitzpatrick,Green Bay Packers,00-0037306,0.0,0.0,0.0,0.0,0.0,0.0,0.0,1.0,0.0,0.0,0.0,J.FitzPatrick,GB,team_norm & _alias_init_last,0.0,0.0,0.0,0.0,0.0,0.0,0.0,1.7799999999999998,1.76,16.5,0.14
2025,13,0.0,2025_13_GB_DET,Green Bay Packers,Johnny Lumpkin,TE,00-0038913,1.0,0.0,0.0,0.0,0.0,0.0,0.0,0.0,0.0,0.0,0.0,0.0,0.0,72.0,30.36,39.6,195.2,165.9,1.5477356607496469,1.335501424353764,0.7589161686891747,0.0,0.0,johnny lumpkin,johnnylumpkin,jlumpkin,Green Bay Packers,00-0038913,,,,,,,,,,,,,,,,,,,,,,,,,
2025,13,0.0,2025_13_GB_DET,Green Bay Packers,Josh Whyle,TE,00-0038589,1.0,0.0,0.0,0.0,0.0,0.0,0.0,0.0,0.0,0.0,0.0,0.0,0.0,72.0,30.36,39.6,195.2,165.9,1.5477356607496469,1.335501424353764,0.7589161686891747,1.0,1.0,josh whyle,joshwhyle,jwhyle,Green Bay Packers,00-0038589,0.0,0.0,0.0,0.0,0.0,0.0,0.0,1.0,0.0,0.0,0.0,J.Whyle,GB,team_norm & _alias_init_last,0.0,0.0,0.0,0.0,0.0,0.0,0.0,-1.0,0.0,0.0,0.0
2025,13,0.0,2025_13_GB_DET,Green Bay Packers,Christian Watson,WR,00-0038124,1.0,0.0,0.0,0.0,0.0,0.0,0.0,0.0,7.08,4.04,38.6,0.36,0.2993,72.0,30.36,39.6,195.2,165.9,1.5477356607496469,1.335501424353764,0.7589161686891747,1.0,1.0,christian watson,christianwatson,cwatson,Green Bay Packers,00-0038124,0.0,0.0,0.0,0.0,1.0,3.0,0.0,10.0,4.0,80.0,1.0,C.Watson,GB,team_norm & _alias_init_last,0.0,0.0,0.0,0.0,-1.0,-3.0,0.0,-2.92,0.040000000000000036,-41.4,-0.64
2025,13,0.0,2025_13_GB_DET,Green Bay Packers,Romeo Doubs,WR,00-0037816,1.0,0.0,0.0,0.0,0.0,0.0,0.0,0.0,5.33,3.2,26.8,0.27,0.2342,72.0,30.36,39.6,195.2,165.9,1.5477356607496469,1.335501424353764,0.7589161686891747,1.0,1.0,romeo doubs,romeodoubs,rdoubs,Green Bay Packers,00-0037816,0.0,0.0,0.0,0.0,0.0,0.0,0.0,5.0,4.0,20.0,1.0,R.Doubs,GB,team_norm & _alias_init_last,0.0,0.0,0.0,0.0,0.0,0.0,0.0,0.33000000000000007,-0.7999999999999998,6.800000000000001,-0.73
2025,13,0.0,2025_13_GB_DET,Green Bay Packers,Matthew Golden,WR,00-0040667,1.0,0.0,0.0,0.0,0.0,0.0,0.0,0.0,3.56,2.27,22.3,0.17,0.1534,72.0,30.36,39.6,195.2,165.9,1.5477356607496469,1.335501424353764,0.7589161686891747,0.0,0.0,matthew golden,matthewgolden,mgolden,Green Bay Packers,00-0040667,,,,,,,,,,,,,,,,,,,,,,,,,
2025,13,0.0,2025_13_GB_DET,Green Bay Packers,Dontayvion Wicks,WR,00-0038393,1.0,0.0,0.0,0.0,0.0,0.0,0.0,0.0,0.0,0.0,0.0,0.0,0.0,72.0,30.36,39.6,195.2,165.9,1.5477356607496469,1.335501424353764,0.7589161686891747,1.0,1.0,dontayvion wicks,dontayvionwicks,dwicks,Green Bay Packers,00-0038393,0.0,0.0,0.0,0.0,1.0,6.0,0.0,7.0,6.0,94.0,2.0,D.Wicks,GB,team_norm & _alias_init_last,0.0,0.0,0.0,0.0,-1.0,-6.0,0.0,-7.0,-6.0,-94.0,-2.0
2025,13,0.0,2025_13_GB_DET,Green Bay Packers,Will Sheppard,WR,00-0040753,1.0,0.0,0.0,0.0,0.0,0.0,0.0,0.0,0.0,0.0,0.0,0.0,0.0,72.0,30.36,39.6,195.2,165.9,1.5477356607496469,1.335501424353764,0.7589161686891747,1.0,1.0,will sheppard,willsheppard,wsheppard,Green Bay Packers,00-0040753,,,,,,,,,,,,,,,,,,,,,,,,,
2025,13,0.0,2025_13_HOU_IND,Houston Texans,C.J. Stroud,QB,00-0039163,1.0,39.4,221.7,1.8,1.0,5.17,15.8,0.16,0.0,0.0,0.0,0.0,0.1446,72.0,39.54,29.79,232.8,114.3,2.2724641018472083,0.85101921745078,0.9885032687321752,1.0,1.0,c.j. stroud,cjstroud,cstroud,Houston Texans,00-0039163,41.0,276.0,0.0,1.0,0.0,0.0,0.0,0.0,0.0,0.0,0.0,C.Stroud,HOU,team_norm & _alias_init_last,-1.6000000000000014,-54.30000000000001,1.8,0.0,5.17,15.8,0.16,0.0,0.0,0.0,0.0
2025,13,0.0,2025_13_HOU_IND,Houston Texans,Woody Marks,RB,00-0040583,1.0,0.0,0.0,0.0,0.0,15.83,51.9,0.54,4.87,3.2,22.3,0.29,0.5662,72.0,39.54,29.79,232.8,114.3,2.2724641018472083,0.85101921745078,0.9885032687321752,1.0,1.0,woody marks,woodymarks,wmarks,Houston Texans,,0.0,0.0,0.0,0.0,19.0,64.0,0.0,1.0,1.0,3.0,0.0,W.Marks,HOU,team_norm & _alias_init_last,0.0,0.0,0.0,0.0,-3.17,-12.100000000000001,0.54,3.87,2.2,19.3,0.29
2025,13,0.0,2025_13_HOU_IND,Houston Texans,Nick Chubb,RB,00-0034791,1.0,0.0,0.0,0.0,0.0,8.79,27.8,0.19,3.03,2.04,12.5,0.17,0.3005,72.0,39.54,29.79,232.8,114.3,2.2724641018472083,0.85101921745078,0.9885032687321752,1.0,1.0,nick chubb,nickchubb,nchubb,Houston Texans,00-0034791,0.0,0.0,0.0,0.0,11.0,34.0,1.0,0.0,0.0,0.0,0.0,N.Chubb,HOU,team_norm & _alias_init_last,0.0,0.0,0.0,0.0,-2.210000000000001,-6.199999999999999,-0.81,3.03,2.04,12.5,0.17
2025,13,0.0,2025_13_HOU_IND,Houston Texans,Dare Ogunbowale,RB,00-0033854,1.0,0.0,0.0,0.0,0.0,0.0,0.0,0.0,0.0,0.0,0.0,0.0,0.0,72.0,39.54,29.79,232.8,114.3,2.2724641018472083,0.85101921745078,0.9885032687321752,1.0,1.0,dare ogunbowale,dareogunbowale,dogunbowale,Houston Texans,,,,,,,,,,,,,,,,,,,,,,,,,,
2025,13,0.0,2025_13_HOU_IND,Houston Texans,Dalton Schultz,TE,00-0034383,1.0,0.0,0.0,0.0,0.0,0.0,0.0,0.0,7.12,4.39,30.1,0.37,0.3079,72.0,39.54,29.79,232.8,114.3,2.2724641018472083,0.85101921745078,0.9885032687321752,1.0,1.0,dalton schultz,daltonschultz,dschultz,Houston Texans,00-0034383,0.0,0.0,0.0,0.0,0.0,0.0,0.0,9.0,7.0,55.0,0.0,D.Schultz,HOU,team_norm & _alias_init_last,0.0,0.0,0.0,0.0,0.0,0.0,0.0,-1.88,-2.6100000000000003,-24.9,0.37
2025,13,0.0,2025_13_HOU_IND,Houston Texans,Cade Stover,TE,00-0039359,1.0,0.0,0.0,0.0,0.0,0.0,0.0,0.0,3.68,2.34,17.9,0.2,0.1814,72.0,39.54,29.79,232.8,114.3,2.2724641018472083,0.85101921745078,0.9885032687321752,1.0,1.0,cade stover,cadestover,cstover,Houston Texans,00-0039359,0.0,0.0,0.0,0.0,4.0,3.0,0.0,2.0,2.0,16.0,0.0,C.Stover,HOU,team_norm & _alias_init_last,0.0,0.0,0.0,0.0,-4.0,-3.0,0.0,1.6800000000000002,0.33999999999999986,1.8999999999999986,0.2
2025,13,0.0,2025_13_HOU_IND,Houston Texans,Dalton Keene,TE,00-0036225,1.0,0.0,0.0,0.0,0.0,0.0,0.0,0.0,0.0,0.0,0.0,0.0,0.0,72.0,39.54,29.79,232.8,114.3,2.2724641018472083,0.85101921745078,0.9885032687321752,0.0,0.0,dalton keene,daltonkeene,dkeene,Houston Texans,00-0036225,,,,,,,,,,,,,,,,,,,,,,,,,
2025,13,0.0,2025_13_HOU_IND,Houston Texans,Nico Collins,WR,00-0036554,1.0,0.0,0.0,0.0,0.0,0.0,0.0,0.0,9.24,5.53,41.8,0.5,0.3954,72.0,39.54,29.79,232.8,114.3,2.2724641018472083,0.85101921745078,0.9885032687321752,1.0,1.0,nico collins,nicocollins,ncollins,Houston Texans,00-0036554,0.0,0.0,0.0,0.0,1.0,7.0,1.0,10.0,5.0,98.0,0.0,N.Collins,HOU,team_norm & _alias_init_last,0.0,0.0,0.0,0.0,-1.0,-7.0,-1.0,-0.7599999999999998,0.5300000000000002,-56.2,0.5
2025,13,0.0,2025_13_HOU_IND,Houston Texans,Jayden Higgins,WR,00-0040130,1.0,0.0,0.0,0.0,0.0,0.0,0.0,0.0,6.96,4.09,37.5,0.38,0.3166,72.0,39.54,29.79,232.8,114.3,2.2724641018472083,0.85101921745078,0.9885032687321752,1.0,1.0,jayden higgins,jaydenhiggins,jhiggins,Houston Texans,00-0040130,0.0,0.0,0.0,0.0,0.0,0.0,0.0,5.0,5.0,65.0,0.0,J.Higgins,HOU,team_norm & _alias_init_last,0.0,0.0,0.0,0.0,0.0,0.0,0.0,1.96,-0.9100000000000001,-27.5,0.38
2025,13,0.0,2025_13_HOU_IND,Houston Texans,Xavier Hutchinson,WR,00-0038618,1.0,0.0,0.0,0.0,0.0,0.0,0.0,0.0,4.64,2.45,22.5,0.25,0.219,72.0,39.54,29.79,232.8,114.3,2.2724641018472083,0.85101921745078,0.9885032687321752,1.0,1.0,xavier hutchinson,xavierhutchinson,xhutchinson,Houston Texans,00-0038618,0.0,0.0,0.0,0.0,0.0,0.0,0.0,6.0,2.0,39.0,0.0,X.Hutchinson,HOU,team_norm & _alias_init_last,0.0,0.0,0.0,0.0,0.0,0.0,0.0,-1.3600000000000003,0.4500000000000002,-16.5,0.25
2025,13,0.0,2025_13_HOU_IND,Houston Texans,Braxton Berrios,WR,00-0034419,1.0,0.0,0.0,0.0,0.0,0.0,0.0,0.0,0.0,0.0,0.0,0.0,0.0,72.0,39.54,29.79,232.8,114.3,2.2724641018472083,0.85101921745078,0.9885032687321752,0.0,0.0,braxton berrios,braxtonberrios,bberrios,Houston Texans,00-0034419,,,,,,,,,,,,,,,,,,,,,,,,,
2025,13,0.0,2025_13_HOU_IND,Houston Texans,Christian Kirk,WR,00-0034775,1.0,0.0,0.0,0.0,0.0,0.0,0.0,0.0,0.0,0.0,0.0,0.0,0.0,72.0,39.54,29.79,232.8,114.3,2.2724641018472083,0.85101921745078,0.9885032687321752,1.0,1.0,christian kirk,christiankirk,ckirk,Houston Texans,00-0034775,0.0,0.0,0.0,0.0,0.0,0.0,0.0,1.0,0.0,0.0,0.0,C.Kirk,HOU,team_norm & _alias_init_last,0.0,0.0,0.0,0.0,0.0,0.0,0.0,-1.0,0.0,0.0,0.0
2025,13,0.0,2025_13_HOU_IND,Houston Texans,Daniel Jackson,WR,00-0040412,1.0,0.0,0.0,0.0,0.0,0.0,0.0,0.0,0.0,0.0,0.0,0.0,0.0,72.0,39.54,29.79,232.8,114.3,2.2724641018472083,0.85101921745078,0.9885032687321752,0.0,0.0,daniel jackson,danieljackson,djackson,Houston Texans,00-0040412,,,,,,,,,,,,,,,,,,,,,,,,,
2025,13,0.0,2025_13_HOU_IND,Houston Texans,Jaylin Noel,WR,00-0040138,1.0,0.0,0.0,0.0,0.0,0.0,0.0,0.0,0.0,0.0,0.0,0.0,0.0,72.0,39.54,29.79,232.8,114.3,2.2724641018472083,0.85101921745078,0.9885032687321752,1.0,1.0,jaylin noel,jaylinnoel,jnoel,Houston Texans,00-0040138,0.0,0.0,0.0,0.0,0.0,0.0,0.0,1.0,0.0,0.0,0.0,J.Noel,HOU,team_norm & _alias_init_last,0.0,0.0,0.0,0.0,0.0,0.0,0.0,-1.0,0.0,0.0,0.0
2025,13,0.0,2025_13_HOU_IND,Indianapolis Colts,Daniel Jones,QB,00-0035710,1.0,42.79,276.0,2.23,1.12,7.02,24.7,0.23,0.0,0.0,0.0,0.0,0.2016,69.62,44.23,22.28,335.7,110.2,3.261712645092637,0.7441272392124056,1.1056706454409255,1.0,1.0,daniel jones,danieljones,djones,Indianapolis Colts,00-0035710,31.0,201.0,2.0,0.0,1.0,1.0,0.0,0.0,0.0,0.0,0.0,D.Jones,IND,team_norm & _alias_init_last,11.79,75.0,0.22999999999999998,1.12,6.02,23.7,0.23,0.0,0.0,0.0,0.0
2025,13,0.0,2025_13_HOU_IND,Indianapolis Colts,Jonathan Taylor,RB,00-0036223,1.0,0.0,0.0,0.0,0.0,9.81,40.8,0.44,5.7,3.92,29.7,0.42,0.575,69.62,44.23,22.28,335.7,110.2,3.261712645092637,0.7441272392124056,1.1056706454409255,1.0,1.0,jonathan taylor,jonathantaylor,jtaylor,Indianapolis Colts,00-0036223,0.0,0.0,0.0,0.0,21.0,85.0,0.0,5.0,3.0,36.0,0.0,J.Taylor,IND,team_norm & _alias_init_last,0.0,0.0,0.0,0.0,-11.19,-44.2,0.44,0.7000000000000002,0.9199999999999999,-6.300000000000001,0.42
2025,13,0.0,2025_13_HOU_IND,Indianapolis Colts,Ameer Abdullah,RB,00-0032104,1.0,0.0,0.0,0.0,0.0,5.45,24.1,0.15,3.55,2.77,18.1,0.27,0.3397,69.62,44.23,22.28,335.7,110.2,3.261712645092637,0.7441272392124056,1.1056706454409255,1.0,1.0,ameer abdullah,ameerabdullah,aabdullah,Indianapolis Colts,00-0032104,,,,,,,,,,,,,,,,,,,,,,,,,
2025,13,0.0,2025_13_HOU_IND,Indianapolis Colts,Tyler Goodson,RB,00-0037120,1.0,0.0,0.0,0.0,0.0,0.0,0.0,0.0,0.0,0.0,0.0,0.0,0.0,69.62,44.23,22.28,335.7,110.2,3.261712645092637,0.7441272392124056,1.1056706454409255,1.0,1.0,tyler goodson,tylergoodson,tgoodson,Indianapolis Colts,00-0037120,,,,,,,,,,,,,,,,,,,,,,,,,
2025,13,0.0,2025_13_HOU_IND,Indianapolis Colts,Tyler Warren,TE,00-0040128,1.0,0.0,0.0,0.0,0.0,0.0,0.0,0.0,7.66,4.44,42.7,0.55,0.4219,69.62,44.23,22.28,335.7,110.2,3.261712645092637,0.7441272392124056,1.1056706454409255,1.0,1.0,tyler warren,tylerwarren,twarren,Indianapolis Colts,00-0040128,0.0,0.0,0.0,0.0,1.0,0.0,0.0,4.0,3.0,22.0,1.0,T.Warren,IND,team_norm & _alias_init_last,0.0,0.0,0.0,0.0,-1.0,0.0,0.0,3.66,1.4400000000000004,20.700000000000003,-0.44999999999999996
2025,13,0.0,2025_13_HOU_IND,Indianapolis Colts,Mo Alie-Cox,TE,00-0033217,1.0,0.0,0.0,0.0,0.0,0.0,0.0,0.0,3.96,2.29,22.3,0.29,0.2502,69.62,44.23,22.28,335.7,110.2,3.261712645092637,0.7441272392124056,1.1056706454409255,1.0,1.0,mo alie-cox,moaliecox,maliecox,Indianapolis Colts,00-0033217,,,,,,,,,,,,,,,,,,,,,,,,,
2025,13,0.0,2025_13_HOU_IND,Indianapolis Colts,Andrew Ogletree,TE,00-0037292,1.0,0.0,0.0,0.0,0.0,0.0,0.0,0.0,0.0,0.0,0.0,0.0,0.0,69.62,44.23,22.28,335.7,110.2,3.261712645092637,0.7441272392124056,1.1056706454409255,1.0,1.0,andrew ogletree,andrewogletree,aogletree,Indianapolis Colts,00-0037292,0.0,0.0,0.0,0.0,0.0,0.0,0.0,1.0,1.0,8.0,0.0,A.Ogletree,IND,team_norm & _alias_init_last,0.0,0.0,0.0,0.0,0.0,0.0,0.0,-1.0,-1.0,-8.0,0.0
2025,13,0.0,2025_13_HOU_IND,Indianapolis Colts,Michael Pittman Jr.,WR,,1.0,0.0,0.0,0.0,0.0,0.0,0.0,0.0,10.34,6.35,116.0,0.76,0.5335,69.62,44.23,22.28,335.7,110.2,3.261712645092637,0.7441272392124056,1.1056706454409255,0.0,0.0,michael pittman jr.,michaelpittmanjr,mpittman,Indianapolis Colts,00-0036252,0.0,0.0,0.0,0.0,0.0,0.0,0.0,4.0,1.0,13.0,0.0,M.Pittman,IND,team_norm & _alias_init_last,0.0,0.0,0.0,0.0,0.0,0.0,0.0,6.34,5.35,103.0,0.76
2025,13,0.0,2025_13_HOU_IND,Indianapolis Colts,Alec Pierce,WR,00-0037664,1.0,0.0,0.0,0.0,0.0,0.0,0.0,0.0,7.79,3.92,45.5,0.52,0.4067,69.62,44.23,22.28,335.7,110.2,3.261712645092637,0.7441272392124056,1.1056706454409255,1.0,1.0,alec pierce,alecpierce,apierce,Indianapolis Colts,00-0037664,0.0,0.0,0.0,0.0,0.0,0.0,0.0,7.0,4.0,78.0,1.0,A.Pierce,IND,team_norm & _alias_init_last,0.0,0.0,0.0,0.0,0.0,0.0,0.0,0.79,-0.08000000000000007,-32.5,-0.48
2025,13,0.0,2025_13_HOU_IND,Indianapolis Colts,Josh Downs,WR,00-0038997,1.0,0.0,0.0,0.0,0.0,0.0,0.0,0.0,5.19,3.24,27.9,0.36,0.3023,69.62,44.23,22.28,335.7,110.2,3.261712645092637,0.7441272392124056,1.1056706454409255,1.0,1.0,josh downs,joshdowns,jdowns,Indianapolis Colts,00-0038997,0.0,0.0,0.0,0.0,0.0,0.0,0.0,7.0,2.0,44.0,0.0,J.Downs,IND,team_norm & _alias_init_last,0.0,0.0,0.0,0.0,0.0,0.0,0.0,-1.8099999999999996,1.2400000000000002,-16.1,0.36
2025,13,0.0,2025_13_HOU_IND,Indianapolis Colts,Ajou Ajou,WR,00-0039957,1.0,0.0,0.0,0.0,0.0,0.0,0.0,0.0,0.0,0.0,0.0,0.0,0.0,69.62,44.23,22.28,335.7,110.2,3.261712645092637,0.7441272392124056,1.1056706454409255,0.0,0.0,ajou ajou,ajouajou,aajou,Indianapolis Colts,00-0039957,,,,,,,,,,,,,,,,,,,,,,,,,
2025,13,0.0,2025_13_HOU_IND,Indianapolis Colts,Anthony Gould,WR,00-0039816,1.0,0.0,0.0,0.0,0.0,0.0,0.0,0.0,0.0,0.0,0.0,0.0,0.0,69.62,44.23,22.28,335.7,110.2,3.261712645092637,0.7441272392124056,1.1056706454409255,1.0,1.0,anthony gould,anthonygould,agould,Indianapolis Colts,00-0039816,,,,,,,,,,,,,,,,,,,,,,,,,
2025,13,0.0,2025_13_HOU_IND,Indianapolis Colts,Laquon Treadwell,WR,00-0032951,1.0,0.0,0.0,0.0,0.0,0.0,0.0,0.0,0.0,0.0,0.0,0.0,0.0,69.62,44.23,22.28,335.7,110.2,3.261712645092637,0.7441272392124056,1.1056706454409255,1.0,1.0,laquon treadwell,laquontreadwell,ltreadwell,Indianapolis Colts,00-0032951,,,,,,,,,,,,,,,,,,,,,,,,,
2025,13,0.0,2025_13_JAX_TEN,Jacksonville Jaguars,Trevor Lawrence,QB,00-0036971,1.0,39.52,211.6,1.8,1.0,4.47,11.9,0.15,0.0,0.0,0.0,0.0,0.1415,72.0,39.63,29.51,222.3,107.9,2.448819019818437,0.8777690824211746,0.9908369425288656,1.0,1.0,trevor lawrence,trevorlawrence,tlawrence,Jacksonville Jaguars,00-0036971,35.0,229.0,2.0,0.0,2.0,2.0,0.0,0.0,0.0,0.0,0.0,T.Lawrence,JAX,team_norm & _alias_init_last,4.520000000000003,-17.400000000000006,-0.19999999999999996,1.0,2.4699999999999998,9.9,0.15,0.0,0.0,0.0,0.0
2025,13,0.0,2025_13_JAX_TEN,Jacksonville Jaguars,Travis Etienne Jr.,RB,,1.0,0.0,0.0,0.0,0.0,16.1,65.8,0.55,5.03,3.51,27.4,0.31,0.5791,72.0,39.63,29.51,222.3,107.9,2.448819019818437,0.8777690824211746,0.9908369425288656,0.0,0.0,travis etienne jr.,travisetiennejr,tetienne,Jacksonville Jaguars,00-0036973,0.0,0.0,0.0,0.0,14.0,28.0,0.0,2.0,1.0,13.0,0.0,T.Etienne,JAX,team_norm & _alias_init_last,0.0,0.0,0.0,0.0,2.1000000000000014,37.8,0.55,3.0300000000000002,2.51,14.399999999999999,0.31
2025,13,0.0,2025_13_JAX_TEN,Jacksonville Jaguars,Bhayshul Tuten,RB,00-0040719,1.0,0.0,0.0,0.0,0.0,8.94,28.3,0.22,3.13,2.24,15.1,0.19,0.3411,72.0,39.63,29.51,222.3,107.9,2.448819019818437,0.8777690824211746,0.9908369425288656,1.0,1.0,bhayshul tuten,bhayshultuten,btuten,Jacksonville Jaguars,00-0040719,0.0,0.0,0.0,0.0,8.0,17.0,1.0,1.0,1.0,2.0,0.0,B.Tuten,JAX,team_norm & _alias_init_last,0.0,0.0,0.0,0.0,0.9399999999999995,11.3,-0.78,2.13,1.2400000000000002,13.1,0.19
2025,13,0.0,2025_13_JAX_TEN,Jacksonville Jaguars,LeQuint Allen Jr.,RB,00-0040238,1.0,0.0,0.0,0.0,0.0,0.0,0.0,0.0,0.0,0.0,0.0,0.0,0.0,72.0,39.63,29.51,222.3,107.9,2.448819019818437,0.8777690824211746,0.9908369425288656,1.0,1.0,lequint allen jr.,lequintallenjr,lallen,Jacksonville Jaguars,00-0040238,,,,,,,,,,,,,,,,,,,,,,,,,
2025,13,0.0,2025_13_JAX_TEN,Jacksonville Jaguars,Brenton Strange,TE,00-0038935,1.0,0.0,0.0,0.0,0.0,0.0,0.0,0.0,6.96,4.33,28.8,0.4,0.332,72.0,39.63,29.51,222.3,107.9,2.448819019818437,0.8777690824211746,0.9908369425288656,1.0,1.0,brenton strange,brentonstrange,bstrange,Jacksonville Jaguars,00-0038935,0.0,0.0,0.0,0.0,0.0,0.0,0.0,4.0,3.0,45.0,1.0,B.Strange,JAX,team_norm & _alias_init_last,0.0,0.0,0.0,0.0,0.0,0.0,0.0,2.96,1.33,-16.2,-0.6
2025,13,0.0,2025_13_JAX_TEN,Jacksonville Jaguars,Johnny Mundt,TE,00-0033246,1.0,0.0,0.0,0.0,0.0,0.0,0.0,0.0,3.6,2.23,14.4,0.21,0.1865,72.0,39.63,29.51,222.3,107.9,2.448819019818437,0.8777690824211746,0.9908369425288656,1.0,1.0,johnny mundt,johnnymundt,jmundt,Jacksonville Jaguars,00-0033246,,,,,,,,,,,,,,,,,,,,,,,,,
2025,13,0.0,2025_13_JAX_TEN,Jacksonville Jaguars,Hunter Long,TE,00-0037004,1.0,0.0,0.0,0.0,0.0,0.0,0.0,0.0,0.0,0.0,0.0,0.0,0.0,72.0,39.63,29.51,222.3,107.9,2.448819019818437,0.8777690824211746,0.9908369425288656,0.0,0.0,hunter long,hunterlong,hlong,Jacksonville Jaguars,00-0037004,,,,,,,,,,,,,,,,,,,,,,,,,
2025,13,0.0,2025_13_JAX_TEN,Jacksonville Jaguars,John Copenhaver,TE,00-0040327,1.0,0.0,0.0,0.0,0.0,0.0,0.0,0.0,0.0,0.0,0.0,0.0,0.0,72.0,39.63,29.51,222.3,107.9,2.448819019818437,0.8777690824211746,0.9908369425288656,0.0,0.0,john copenhaver,johncopenhaver,jcopenhaver,Jacksonville Jaguars,00-0040327,,,,,,,,,,,,,,,,,,,,,,,,,
2025,13,0.0,2025_13_JAX_TEN,Jacksonville Jaguars,Quintin Morris,TE,00-0036590,1.0,0.0,0.0,0.0,0.0,0.0,0.0,0.0,0.0,0.0,0.0,0.0,0.0,72.0,39.63,29.51,222.3,107.9,2.448819019818437,0.8777690824211746,0.9908369425288656,1.0,1.0,quintin morris,quintinmorris,qmorris,Jacksonville Jaguars,00-0036590,0.0,0.0,0.0,0.0,0.0,0.0,0.0,2.0,1.0,14.0,0.0,Q.Morris,JAX,team_norm & _alias_init_last,0.0,0.0,0.0,0.0,0.0,0.0,0.0,-2.0,-1.0,-14.0,0.0
2025,13,0.0,2025_13_JAX_TEN,Jacksonville Jaguars,Brian Thomas Jr.,WR,00-0039893,1.0,0.0,0.0,0.0,0.0,0.0,0.0,0.0,9.2,5.12,44.3,0.53,0.4096,72.0,39.63,29.51,222.3,107.9,2.448819019818437,0.8777690824211746,0.9908369425288656,1.0,1.0,brian thomas jr.,brianthomasjr,bthomas,Jacksonville Jaguars,00-0039893,0.0,0.0,0.0,0.0,0.0,0.0,0.0,3.0,2.0,28.0,0.0,B.Thomas,JAX,team_norm & _alias_init_last,0.0,0.0,0.0,0.0,0.0,0.0,0.0,6.199999999999999,3.12,16.299999999999997,0.53
2025,13,0.0,2025_13_JAX_TEN,Jacksonville Jaguars,Jakobi Meyers,WR,00-0034960,1.0,0.0,0.0,0.0,0.0,0.0,0.0,0.0,6.93,4.44,31.8,0.4,0.3322,72.0,39.63,29.51,222.3,107.9,2.448819019818437,0.8777690824211746,0.9908369425288656,1.0,1.0,jakobi meyers,jakobimeyers,jmeyers,Jacksonville Jaguars,00-0034960,0.0,0.0,0.0,0.0,1.0,3.0,0.0,6.0,6.0,90.0,1.0,J.Meyers,JAX,team_norm & _alias_init_last,0.0,0.0,0.0,0.0,-1.0,-3.0,0.0,0.9299999999999997,-1.5599999999999996,-58.2,-0.6
2025,13,0.0,2025_13_JAX_TEN,Jacksonville Jaguars,Parker Washington,WR,00-0038606,1.0,0.0,0.0,0.0,0.0,0.0,0.0,0.0,4.62,2.81,22.3,0.28,0.243,72.0,39.63,29.51,222.3,107.9,2.448819019818437,0.8777690824211746,0.9908369425288656,1.0,1.0,parker washington,parkerwashington,pwashington,Jacksonville Jaguars,,0.0,0.0,0.0,0.0,0.0,0.0,0.0,3.0,1.0,26.0,0.0,P.Washington,JAX,team_norm & _alias_init_last,0.0,0.0,0.0,0.0,0.0,0.0,0.0,1.62,1.81,-3.6999999999999993,0.28
2025,13,0.0,2025_13_JAX_TEN,Jacksonville Jaguars,Austin Trammell,WR,00-0036841,1.0,0.0,0.0,0.0,0.0,0.0,0.0,0.0,0.0,0.0,0.0,0.0,0.0,72.0,39.63,29.51,222.3,107.9,2.448819019818437,0.8777690824211746,0.9908369425288656,1.0,1.0,austin trammell,austintrammell,atrammell,Jacksonville Jaguars,00-0036841,0.0,0.0,0.0,0.0,0.0,0.0,0.0,4.0,0.0,0.0,0.0,A.Trammell,JAX,team_norm & _alias_init_last,0.0,0.0,0.0,0.0,0.0,0.0,0.0,-4.0,0.0,0.0,0.0
2025,13,0.0,2025_13_JAX_TEN,Jacksonville Jaguars,Cam Camper,WR,00-0040324,1.0,0.0,0.0,0.0,0.0,0.0,0.0,0.0,0.0,0.0,0.0,0.0,0.0,72.0,39.63,29.51,222.3,107.9,2.448819019818437,0.8777690824211746,0.9908369425288656,0.0,0.0,cam camper,camcamper,ccamper,Jacksonville Jaguars,00-0040324,,,,,,,,,,,,,,,,,,,,,,,,,
2025,13,0.0,2025_13_JAX_TEN,Jacksonville Jaguars,Tim Patrick,WR,00-0033375,1.0,0.0,0.0,0.0,0.0,0.0,0.0,0.0,0.0,0.0,0.0,0.0,0.0,72.0,39.63,29.51,222.3,107.9,2.448819019818437,0.8777690824211746,0.9908369425288656,1.0,1.0,tim patrick,timpatrick,tpatrick,Jacksonville Jaguars,00-0033375,0.0,0.0,0.0,0.0,0.0,0.0,0.0,2.0,1.0,11.0,0.0,T.Patrick,JAX,team_norm & _alias_init_last,0.0,0.0,0.0,0.0,0.0,0.0,0.0,-2.0,-1.0,-11.0,0.0
2025,13,0.0,2025_13_JAX_TEN,Tennessee Titans,Cam Ward,QB,00-0040676,1.0,48.0,327.9,2.21,1.18,0.84,3.4,0.02,0.0,0.0,0.0,0.0,0.0184,72.0,46.86,21.6,350.4,105.2,2.3870456884751974,0.4814823495310287,1.1715161168489547,1.0,1.0,cam ward,camward,cward,Tennessee Titans,00-0040676,46.0,141.0,0.0,0.0,0.0,0.0,0.0,0.0,0.0,0.0,0.0,C.Ward,TEN,team_norm & _alias_init_last,2.0,186.89999999999998,2.21,1.18,0.84,3.4,0.02,0.0,0.0,0.0,0.0
2025,13,0.0,2025_13_JAX_TEN,Tennessee Titans,Tony Pollard,RB,00-0035261,1.0,0.0,0.0,0.0,0.0,13.35,55.4,0.35,5.76,4.02,29.8,0.29,0.4751,72.0,46.86,21.6,350.4,105.2,2.3870456884751974,0.4814823495310287,1.1715161168489547,1.0,1.0,tony pollard,tonypollard,tpollard,Tennessee Titans,00-0035261,0.0,0.0,0.0,0.0,10.0,60.0,0.0,2.0,1.0,3.0,0.0,T.Pollard,TEN,team_norm & _alias_init_last,0.0,0.0,0.0,0.0,3.3499999999999996,-4.600000000000001,0.35,3.76,3.0199999999999996,26.8,0.29
2025,13,0.0,2025_13_JAX_TEN,Tennessee Titans,Tyjae Spears,RB,00-0039032,1.0,0.0,0.0,0.0,0.0,7.41,30.9,0.12,3.59,2.72,18.2,0.18,0.2613,72.0,46.86,21.6,350.4,105.2,2.3870456884751974,0.4814823495310287,1.1715161168489547,1.0,1.0,tyjae spears,tyjaespears,tspears,Tennessee Titans,00-0039032,0.0,0.0,0.0,0.0,2.0,-1.0,0.0,7.0,6.0,25.0,0.0,T.Spears,TEN,team_norm & _alias_init_last,0.0,0.0,0.0,0.0,5.41,31.9,0.12,-3.41,-3.28,-6.800000000000001,0.18
2025,13,0.0,2025_13_JAX_TEN,Tennessee Titans,Julius Chestnut,RB,00-0037594,1.0,0.0,0.0,0.0,0.0,0.0,0.0,0.0,0.0,0.0,0.0,0.0,0.0,72.0,46.86,21.6,350.4,105.2,2.3870456884751974,0.4814823495310287,1.1715161168489547,1.0,1.0,julius chestnut,juliuschestnut,jchestnut,Tennessee Titans,00-0037594,,,,,,,,,,,,,,,,,,,,,,,,,
2025,13,0.0,2025_13_JAX_TEN,Tennessee Titans,Kalel Mullings,RB,00-0040205,1.0,0.0,0.0,0.0,0.0,0.0,0.0,0.0,0.0,0.0,0.0,0.0,0.0,72.0,46.86,21.6,350.4,105.2,2.3870456884751974,0.4814823495310287,1.1715161168489547,1.0,1.0,kalel mullings,kalelmullings,kmullings,Tennessee Titans,00-0040205,,,,,,,,,,,,,,,,,,,,,,,,,
2025,13,0.0,2025_13_JAX_TEN,Tennessee Titans,Gunnar Helm,TE,00-0040584,1.0,0.0,0.0,0.0,0.0,0.0,0.0,0.0,8.46,5.95,55.9,0.41,0.3368,72.0,46.86,21.6,350.4,105.2,2.3870456884751974,0.4814823495310287,1.1715161168489547,1.0,1.0,gunnar helm,gunnarhelm,ghelm,Tennessee Titans,00-0040584,0.0,0.0,0.0,0.0,0.0,0.0,0.0,7.0,6.0,23.0,0.0,G.Helm,TEN,team_norm & _alias_init_last,0.0,0.0,0.0,0.0,0.0,0.0,0.0,1.4600000000000009,-0.04999999999999982,32.9,0.41
2025,13,0.0,2025_13_JAX_TEN,Tennessee Titans,Chig Okonkwo,TE,00-0037809,1.0,0.0,0.0,0.0,0.0,0.0,0.0,0.0,4.37,2.77,22.5,0.19,0.175,72.0,46.86,21.6,350.4,105.2,2.3870456884751974,0.4814823495310287,1.1715161168489547,1.0,1.0,chig okonkwo,chigokonkwo,cokonkwo,Tennessee Titans,00-0037809,0.0,0.0,0.0,0.0,0.0,0.0,0.0,5.0,4.0,29.0,0.0,C.Okonkwo,TEN,team_norm & _alias_init_last,0.0,0.0,0.0,0.0,0.0,0.0,0.0,-0.6299999999999999,-1.23,-6.5,0.19
2025,13,0.0,2025_13_JAX_TEN,Tennessee Titans,Cole Turner,TE,00-0037078,1.0,0.0,0.0,0.0,0.0,0.0,0.0,0.0,0.0,0.0,0.0,0.0,0.0,72.0,46.86,21.6,350.4,105.2,2.3870456884751974,0.4814823495310287,1.1715161168489547,0.0,0.0,cole turner,coleturner,cturner,Tennessee Titans,00-0037078,,,,,,,,,,,,,,,,,,,,,,,,,
2025,13,0.0,2025_13_JAX_TEN,Tennessee Titans,David Martin-Robinson,TE,00-0039648,1.0,0.0,0.0,0.0,0.0,0.0,0.0,0.0,0.0,0.0,0.0,0.0,0.0,72.0,46.86,21.6,350.4,105.2,2.3870456884751974,0.4814823495310287,1.1715161168489547,1.0,1.0,david martin-robinson,davidmartinrobinson,dmartinrobinson,Tennessee Titans,00-0039648,,,,,,,,,,,,,,,,,,,,,,,,,
2025,13,0.0,2025_13_JAX_TEN,Tennessee Titans,Elic Ayomanor,WR,00-0040170,1.0,0.0,0.0,0.0,0.0,0.0,0.0,0.0,10.94,5.16,72.7,0.52,0.4055,72.0,46.86,21.6,350.4,105.2,2.3870456884751974,0.4814823495310287,1.1715161168489547,1.0,1.0,elic ayomanor,elicayomanor,eayomanor,Tennessee Titans,00-0040170,0.0,0.0,0.0,0.0,0.0,0.0,0.0,5.0,1.0,5.0,0.0,E.Ayomanor,TEN,team_norm & _alias_init_last,0.0,0.0,0.0,0.0,0.0,0.0,0.0,5.9399999999999995,4.16,67.7,0.52
2025,13,0.0,2025_13_JAX_TEN,Tennessee Titans,Chimere Dike,WR,00-0040705,1.0,0.0,0.0,0.0,0.0,0.0,0.0,0.0,8.24,5.09,57.1,0.41,0.3381,72.0,46.86,21.6,350.4,105.2,2.3870456884751974,0.4814823495310287,1.1715161168489547,1.0,1.0,chimere dike,chimeredike,cdike,Tennessee Titans,00-0040705,0.0,0.0,0.0,0.0,1.0,1.0,0.0,5.0,1.0,8.0,0.0,C.Dike,TEN,team_norm & _alias_init_last,0.0,0.0,0.0,0.0,-1.0,-1.0,0.0,3.24,4.09,49.1,0.41
2025,13,0.0,2025_13_JAX_TEN,Tennessee Titans,Van Jefferson,WR,00-0036415,1.0,0.0,0.0,0.0,0.0,0.0,0.0,0.0,5.49,2.83,31.0,0.25,0.2249,72.0,46.86,21.6,350.4,105.2,2.3870456884751974,0.4814823495310287,1.1715161168489547,1.0,1.0,van jefferson,vanjefferson,vjefferson,Tennessee Titans,00-0036415,0.0,0.0,0.0,0.0,0.0,0.0,0.0,4.0,3.0,20.0,0.0,V.Jefferson,TEN,team_norm & _alias_init_last,0.0,0.0,0.0,0.0,0.0,0.0,0.0,1.4900000000000002,-0.16999999999999993,11.0,0.25
2025,13,0.0,2025_13_JAX_TEN,Tennessee Titans,James Proche,WR,00-0036133,1.0,0.0,0.0,0.0,0.0,0.0,0.0,0.0,0.0,0.0,0.0,0.0,0.0,72.0,46.86,21.6,350.4,105.2,2.3870456884751974,0.4814823495310287,1.1715161168489547,1.0,1.0,james proche,jamesproche,jproche,Tennessee Titans,00-0036133,0.0,0.0,0.0,0.0,0.0,0.0,0.0,1.0,1.0,13.0,0.0,J.Proche,TEN,team_norm & _alias_init_last,0.0,0.0,0.0,0.0,0.0,0.0,0.0,-1.0,-1.0,-13.0,0.0
2025,13,0.0,2025_13_JAX_TEN,Tennessee Titans,Xavier Restrepo,WR,00-0040522,1.0,0.0,0.0,0.0,0.0,0.0,0.0,0.0,0.0,0.0,0.0,0.0,0.0,72.0,46.86,21.6,350.4,105.2,2.3870456884751974,0.4814823495310287,1.1715161168489547,1.0,1.0,xavier restrepo,xavierrestrepo,xrestrepo,Tennessee Titans,00-0040522,0.0,0.0,0.0,0.0,0.0,0.0,0.0,2.0,1.0,15.0,0.0,X.Restrepo,TEN,team_norm & _alias_init_last,0.0,0.0,0.0,0.0,0.0,0.0,0.0,-2.0,-1.0,-15.0,0.0
2025,13,0.0,2025_13_KC_DAL,Dallas Cowboys,Dak Prescott,QB,00-0033077,1.0,37.91,230.0,2.06,0.89,2.16,6.9,0.08,0.0,0.0,0.0,0.0,0.0811,58.87,35.26,21.56,235.3,93.7,2.4676113630588343,0.7599063434004645,0.8814412613078434,1.0,1.0,dak prescott,dakprescott,dprescott,Dallas Cowboys,,46.0,320.0,2.0,1.0,0.0,0.0,0.0,0.0,0.0,0.0,0.0,D.Prescott,DAL,team_norm & _alias_init_last,-8.090000000000003,-90.0,0.06000000000000005,-0.10999999999999999,2.16,6.9,0.08,0.0,0.0,0.0,0.0
2025,13,0.0,2025_13_KC_DAL,Dallas Cowboys,Javonte Williams,RB,00-0036997,1.0,0.0,0.0,0.0,0.0,12.47,44.8,0.54,4.52,3.21,21.1,0.32,0.5792,58.87,35.26,21.56,235.3,93.7,2.4676113630588343,0.7599063434004645,0.8814412613078434,1.0,1.0,javonte williams,javontewilliams,jwilliams,Dallas Cowboys,00-0036997,0.0,0.0,0.0,0.0,17.0,59.0,0.0,3.0,3.0,21.0,1.0,J.Williams,DAL,team_norm & _alias_init_last,0.0,0.0,0.0,0.0,-4.529999999999999,-14.200000000000003,0.54,1.5199999999999996,0.20999999999999996,0.10000000000000142,-0.6799999999999999
2025,13,0.0,2025_13_KC_DAL,Dallas Cowboys,Malik Davis,RB,00-0037563,1.0,0.0,0.0,0.0,0.0,6.93,27.2,0.18,2.81,1.92,16.7,0.2,0.3158,58.87,35.26,21.56,235.3,93.7,2.4676113630588343,0.7599063434004645,0.8814412613078434,1.0,1.0,malik davis,malikdavis,mdavis,Dallas Cowboys,00-0037563,0.0,0.0,0.0,0.0,3.0,47.0,1.0,0.0,0.0,0.0,0.0,M.Davis,DAL,team_norm & _alias_init_last,0.0,0.0,0.0,0.0,3.9299999999999997,-19.8,-0.8200000000000001,2.81,1.92,16.7,0.2
2025,13,0.0,2025_13_KC_DAL,Dallas Cowboys,Jake Ferguson,TE,00-0038041,1.0,0.0,0.0,0.0,0.0,0.0,0.0,0.0,6.15,4.14,30.5,0.41,0.3377,58.87,35.26,21.56,235.3,93.7,2.4676113630588343,0.7599063434004645,0.8814412613078434,1.0,1.0,jake ferguson,jakeferguson,jferguson,Dallas Cowboys,00-0038041,0.0,0.0,0.0,0.0,0.0,0.0,0.0,6.0,5.0,36.0,0.0,J.Ferguson,DAL,team_norm & _alias_init_last,0.0,0.0,0.0,0.0,0.0,0.0,0.0,0.15000000000000036,-0.8600000000000003,-5.5,0.41
2025,13,0.0,2025_13_KC_DAL,Dallas Cowboys,Luke Schoonmaker,TE,00-0038547,1.0,0.0,0.0,0.0,0.0,0.0,0.0,0.0,3.18,1.85,16.5,0.2,0.1847,58.87,35.26,21.56,235.3,93.7,2.4676113630588343,0.7599063434004645,0.8814412613078434,1.0,1.0,luke schoonmaker,lukeschoonmaker,lschoonmaker,Dallas Cowboys,00-0038547,0.0,0.0,0.0,0.0,0.0,0.0,0.0,1.0,1.0,1.0,0.0,L.Schoonmaker,DAL,team_norm & _alias_init_last,0.0,0.0,0.0,0.0,0.0,0.0,0.0,2.18,0.8500000000000001,15.5,0.2
2025,13,0.0,2025_13_KC_DAL,Dallas Cowboys,Brevyn Spann-Ford,TE,00-0039530,1.0,0.0,0.0,0.0,0.0,0.0,0.0,0.0,0.0,0.0,0.0,0.0,0.0,58.87,35.26,21.56,235.3,93.7,2.4676113630588343,0.7599063434004645,0.8814412613078434,1.0,1.0,brevyn spann-ford,brevynspannford,bspannford,Dallas Cowboys,00-0039530,,,,,,,,,,,,,,,,,,,,,,,,,
2025,13,0.0,2025_13_KC_DAL,Dallas Cowboys,John Stephens Jr.,TE,00-0038741,1.0,0.0,0.0,0.0,0.0,0.0,0.0,0.0,0.0,0.0,0.0,0.0,0.0,58.87,35.26,21.56,235.3,93.7,2.4676113630588343,0.7599063434004645,0.8814412613078434,0.0,0.0,john stephens jr.,johnstephensjr,jstephens,Dallas Cowboys,00-0038741,,,,,,,,,,,,,,,,,,,,,,,,,
2025,13,0.0,2025_13_KC_DAL,Dallas Cowboys,CeeDee Lamb,WR,00-0036358,1.0,0.0,0.0,0.0,0.0,0.0,0.0,0.0,8.25,5.08,41.2,0.55,0.4205,58.87,35.26,21.56,235.3,93.7,2.4676113630588343,0.7599063434004645,0.8814412613078434,1.0,1.0,ceedee lamb,ceedeelamb,clamb,Dallas Cowboys,00-0036358,0.0,0.0,0.0,0.0,0.0,0.0,0.0,12.0,7.0,112.0,1.0,C.Lamb,DAL,team_norm & _alias_init_last,0.0,0.0,0.0,0.0,0.0,0.0,0.0,-3.75,-1.92,-70.8,-0.44999999999999996
2025,13,0.0,2025_13_KC_DAL,Dallas Cowboys,George Pickens,WR,00-0037247,1.0,0.0,0.0,0.0,0.0,0.0,0.0,0.0,6.21,3.43,30.2,0.41,0.3352,58.87,35.26,21.56,235.3,93.7,2.4676113630588343,0.7599063434004645,0.8814412613078434,1.0,1.0,george pickens,georgepickens,gpickens,Dallas Cowboys,00-0037247,0.0,0.0,0.0,0.0,0.0,0.0,0.0,15.0,6.0,88.0,0.0,G.Pickens,DAL,team_norm & _alias_init_last,0.0,0.0,0.0,0.0,0.0,0.0,0.0,-8.79,-2.57,-57.8,0.41
2025,13,0.0,2025_13_KC_DAL,Dallas Cowboys,Ryan Flournoy,WR,00-0039410,1.0,0.0,0.0,0.0,0.0,0.0,0.0,0.0,4.14,2.63,24.0,0.27,0.2393,58.87,35.26,21.56,235.3,93.7,2.4676113630588343,0.7599063434004645,0.8814412613078434,1.0,1.0,ryan flournoy,ryanflournoy,rflournoy,Dallas Cowboys,00-0039410,0.0,0.0,0.0,0.0,0.0,0.0,0.0,4.0,3.0,34.0,0.0,R.Flournoy,DAL,team_norm & _alias_init_last,0.0,0.0,0.0,0.0,0.0,0.0,0.0,0.13999999999999968,-0.3700000000000001,-10.0,0.27
2025,13,0.0,2025_13_KC_DAL,Dallas Cowboys,Jalen Tolbert,WR,00-0037666,1.0,0.0,0.0,0.0,0.0,0.0,0.0,0.0,0.0,0.0,0.0,0.0,0.0,58.87,35.26,21.56,235.3,93.7,2.4676113630588343,0.7599063434004645,0.8814412613078434,1.0,1.0,jalen tolbert,jalentolbert,jtolbert,Dallas Cowboys,00-0037666,,,,,,,,,,,,,,,,,,,,,,,,,
2025,13,0.0,2025_13_KC_DAL,Dallas Cowboys,KaVontae Turpin,WR,00-0037801,1.0,0.0,0.0,0.0,0.0,0.0,0.0,0.0,0.0,0.0,0.0,0.0,0.0,58.87,35.26,21.56,235.3,93.7,2.4676113630588343,0.7599063434004645,0.8814412613078434,1.0,1.0,kavontae turpin,kavontaeturpin,kturpin,Dallas Cowboys,00-0037801,0.0,0.0,0.0,0.0,3.0,33.0,0.0,2.0,2.0,28.0,0.0,K.Turpin,DAL,team_norm & _alias_init_last,0.0,0.0,0.0,0.0,-3.0,-33.0,0.0,-2.0,-2.0,-28.0,0.0
2025,13,0.0,2025_13_KC_DAL,Kansas City Chiefs,Patrick Mahomes,QB,00-0033873,1.0,42.15,249.4,2.32,1.05,4.8,16.3,0.23,0.0,0.0,0.0,0.0,0.2018,72.0,41.68,27.75,274.2,118.9,2.9950956689228767,1.04604064804129,1.0419734530304654,1.0,1.0,patrick mahomes,patrickmahomes,pmahomes,Kansas City Chiefs,00-0033873,46.0,261.0,4.0,0.0,0.0,0.0,0.0,0.0,0.0,0.0,0.0,P.Mahomes,KC,team_norm & _alias_init_last,-3.8500000000000014,-11.599999999999994,-1.6800000000000002,1.05,4.8,16.3,0.23,0.0,0.0,0.0,0.0
2025,13,0.0,2025_13_KC_DAL,Kansas City Chiefs,Kareem Hunt,RB,00-0033923,1.0,0.0,0.0,0.0,0.0,10.32,36.7,0.61,5.32,3.67,26.2,0.41,0.6372,72.0,41.68,27.75,274.2,118.9,2.9950956689228767,1.04604064804129,1.0419734530304654,1.0,1.0,kareem hunt,kareemhunt,khunt,Kansas City Chiefs,00-0033923,0.0,0.0,0.0,0.0,14.0,58.0,0.0,2.0,1.0,22.0,0.0,K.Hunt,KC,team_norm & _alias_init_last,0.0,0.0,0.0,0.0,-3.6799999999999997,-21.299999999999997,0.61,3.3200000000000003,2.67,4.199999999999999,0.41
2025,13,0.0,2025_13_KC_DAL,Kansas City Chiefs,Isiah Pacheco,RB,00-0037197,1.0,0.0,0.0,0.0,0.0,12.63,44.4,0.3,3.31,2.54,15.5,0.24,0.4195,72.0,41.68,27.75,274.2,118.9,2.9950956689228767,1.04604064804129,1.0419734530304654,1.0,1.0,isiah pacheco,isiahpacheco,ipacheco,Kansas City Chiefs,00-0037197,0.0,0.0,0.0,0.0,3.0,16.0,0.0,3.0,2.0,17.0,0.0,I.Pacheco,KC,team_norm & _alias_init_last,0.0,0.0,0.0,0.0,9.63,28.4,0.3,0.31000000000000005,0.54,-1.5,0.24
2025,13,0.0,2025_13_KC_DAL,Kansas City Chiefs,Brashard Smith,RB,00-0040078,1.0,0.0,0.0,0.0,0.0,0.0,0.0,0.0,0.0,0.0,0.0,0.0,0.0,72.0,41.68,27.75,274.2,118.9,2.9950956689228767,1.04604064804129,1.0419734530304654,1.0,1.0,brashard smith,brashardsmith,bsmith,Kansas City Chiefs,00-0040078,,,,,,,,,,,,,,,,,,,,,,,,,
2025,13,0.0,2025_13_KC_DAL,Kansas City Chiefs,Travis Kelce,TE,00-0030506,1.0,0.0,0.0,0.0,0.0,0.0,0.0,0.0,7.6,4.82,32.0,0.51,0.3995,72.0,41.68,27.75,274.2,118.9,2.9950956689228767,1.04604064804129,1.0419734530304654,1.0,1.0,travis kelce,traviskelce,tkelce,Kansas City Chiefs,00-0030506,0.0,0.0,0.0,0.0,0.0,0.0,0.0,7.0,5.0,45.0,1.0,T.Kelce,KC,team_norm & _alias_init_last,0.0,0.0,0.0,0.0,0.0,0.0,0.0,0.5999999999999996,-0.17999999999999972,-13.0,-0.49
2025,13,0.0,2025_13_KC_DAL,Kansas City Chiefs,Noah Gray,TE,00-0036637,1.0,0.0,0.0,0.0,0.0,0.0,0.0,0.0,3.93,2.45,17.1,0.25,0.2244,72.0,41.68,27.75,274.2,118.9,2.9950956689228767,1.04604064804129,1.0419734530304654,0.0,0.0,noah gray,noahgray,ngray,Kansas City Chiefs,00-0036637,,,,,,,,,,,,,,,,,,,,,,,,,
2025,13,0.0,2025_13_KC_DAL,Kansas City Chiefs,Geor'Quarius Spivey,TE,00-0039941,1.0,0.0,0.0,0.0,0.0,0.0,0.0,0.0,0.0,0.0,0.0,0.0,0.0,72.0,41.68,27.75,274.2,118.9,2.9950956689228767,1.04604064804129,1.0419734530304654,0.0,0.0,geor'quarius spivey,georquariusspivey,gspivey,Kansas City Chiefs,00-0039941,,,,,,,,,,,,,,,,,,,,,,,,,
2025,13,0.0,2025_13_KC_DAL,Kansas City Chiefs,Jared Wiley,TE,00-0039824,1.0,0.0,0.0,0.0,0.0,0.0,0.0,0.0,0.0,0.0,0.0,0.0,0.0,72.0,41.68,27.75,274.2,118.9,2.9950956689228767,1.04604064804129,1.0419734530304654,1.0,1.0,jared wiley,jaredwiley,jwiley,Kansas City Chiefs,00-0039824,0.0,0.0,0.0,0.0,0.0,0.0,0.0,2.0,1.0,4.0,0.0,J.Wiley,KC,team_norm & _alias_init_last,0.0,0.0,0.0,0.0,0.0,0.0,0.0,-2.0,-1.0,-4.0,0.0
2025,13,0.0,2025_13_KC_DAL,Kansas City Chiefs,Robert Tonyan,TE,00-0033757,1.0,0.0,0.0,0.0,0.0,0.0,0.0,0.0,0.0,0.0,0.0,0.0,0.0,72.0,41.68,27.75,274.2,118.9,2.9950956689228767,1.04604064804129,1.0419734530304654,1.0,1.0,robert tonyan,roberttonyan,rtonyan,Kansas City Chiefs,00-0033757,,,,,,,,,,,,,,,,,,,,,,,,,
2025,13,0.0,2025_13_KC_DAL,Kansas City Chiefs,Rashee Rice,WR,00-0039067,1.0,0.0,0.0,0.0,0.0,0.0,0.0,0.0,9.55,6.85,56.0,0.68,0.4957,72.0,41.68,27.75,274.2,118.9,2.9950956689228767,1.04604064804129,1.0419734530304654,1.0,1.0,rashee rice,rasheerice,rrice,Kansas City Chiefs,00-0039067,0.0,0.0,0.0,0.0,1.0,2.0,0.0,12.0,8.0,92.0,2.0,R.Rice,KC,team_norm & _alias_init_last,0.0,0.0,0.0,0.0,-1.0,-2.0,0.0,-2.4499999999999993,-1.1500000000000004,-36.0,-1.3199999999999998
2025,13,0.0,2025_13_KC_DAL,Kansas City Chiefs,Xavier Worthy,WR,00-0039894,1.0,0.0,0.0,0.0,0.0,0.0,0.0,0.0,7.19,4.37,42.0,0.5,0.3939,72.0,41.68,27.75,274.2,118.9,2.9950956689228767,1.04604064804129,1.0419734530304654,1.0,1.0,xavier worthy,xavierworthy,xworthy,Kansas City Chiefs,00-0039894,0.0,0.0,0.0,0.0,2.0,13.0,0.0,7.0,4.0,61.0,0.0,X.Worthy,KC,team_norm & _alias_init_last,0.0,0.0,0.0,0.0,-2.0,-13.0,0.0,0.1900000000000004,0.3700000000000001,-19.0,0.5
2025,13,0.0,2025_13_KC_DAL,Kansas City Chiefs,Marquise Brown,WR,00-0035662,1.0,0.0,0.0,0.0,0.0,0.0,0.0,0.0,4.79,2.55,24.6,0.32,0.2743,72.0,41.68,27.75,274.2,118.9,2.9950956689228767,1.04604064804129,1.0419734530304654,1.0,1.0,marquise brown,marquisebrown,mbrown,Kansas City Chiefs,00-0035662,0.0,0.0,0.0,0.0,0.0,0.0,0.0,3.0,2.0,20.0,1.0,M.Brown,KC,team_norm & _alias_init_last,0.0,0.0,0.0,0.0,0.0,0.0,0.0,1.79,0.5499999999999998,4.600000000000001,-0.6799999999999999
2025,13,0.0,2025_13_KC_DAL,Kansas City Chiefs,Elijhah Badger,WR,00-0040080,1.0,0.0,0.0,0.0,0.0,0.0,0.0,0.0,0.0,0.0,0.0,0.0,0.0,72.0,41.68,27.75,274.2,118.9,2.9950956689228767,1.04604064804129,1.0419734530304654,0.0,0.0,elijhah badger,elijhahbadger,ebadger,Kansas City Chiefs,00-0040080,,,,,,,,,,,,,,,,,,,,,,,,,
2025,13,0.0,2025_13_KC_DAL,Kansas City Chiefs,Jalen Royals,WR,00-0040646,1.0,0.0,0.0,0.0,0.0,0.0,0.0,0.0,0.0,0.0,0.0,0.0,0.0,72.0,41.68,27.75,274.2,118.9,2.9950956689228767,1.04604064804129,1.0419734530304654,0.0,0.0,jalen royals,jalenroyals,jroyals,Kansas City Chiefs,00-0040646,,,,,,,,,,,,,,,,,,,,,,,,,
2025,13,0.0,2025_13_KC_DAL,Kansas City Chiefs,JuJu Smith-Schuster,WR,00-0033857,1.0,0.0,0.0,0.0,0.0,0.0,0.0,0.0,0.0,0.0,0.0,0.0,0.0,72.0,41.68,27.75,274.2,118.9,2.9950956689228767,1.04604064804129,1.0419734530304654,1.0,1.0,juju smith-schuster,jujusmithschuster,jsmithschuster,Kansas City Chiefs,00-0033857,0.0,0.0,0.0,0.0,0.0,0.0,0.0,1.0,0.0,0.0,0.0,J.Smith-Schuster,KC,team_norm & _alias_init_last,0.0,0.0,0.0,0.0,0.0,0.0,0.0,-1.0,0.0,0.0,0.0
2025,13,0.0,2025_13_KC_DAL,Kansas City Chiefs,Nikko Remigio,WR,00-0038519,1.0,0.0,0.0,0.0,0.0,0.0,0.0,0.0,0.0,0.0,0.0,0.0,0.0,72.0,41.68,27.75,274.2,118.9,2.9950956689228767,1.04604064804129,1.0419734530304654,1.0,1.0,nikko remigio,nikkoremigio,nremigio,Kansas City Chiefs,00-0038519,,,,,,,,,,,,,,,,,,,,,,,,,
2025,13,0.0,2025_13_KC_DAL,Kansas City Chiefs,Tyquan Thornton,WR,00-0038104,1.0,0.0,0.0,0.0,0.0,0.0,0.0,0.0,0.0,0.0,0.0,0.0,0.0,72.0,41.68,27.75,274.2,118.9,2.9950956689228767,1.04604064804129,1.0419734530304654,1.0,1.0,tyquan thornton,tyquanthornton,tthornton,Kansas City Chiefs,00-0038104,0.0,0.0,0.0,0.0,0.0,0.0,0.0,1.0,0.0,0.0,0.0,T.Thornton,KC,team_norm & _alias_init_last,0.0,0.0,0.0,0.0,0.0,0.0,0.0,-1.0,0.0,0.0,0.0
2025,13,0.0,2025_13_LA_CAR,Carolina Panthers,Bryce Young,QB,00-0039150,1.0,36.59,234.5,1.42,0.91,2.88,11.4,0.04,0.0,0.0,0.0,0.0,0.0429,55.19,36.08,16.56,273.9,81.9,1.844499053910971,0.2539207637116039,0.9020127890731072,1.0,1.0,bryce young,bryceyoung,byoung,Carolina Panthers,00-0039150,24.0,206.0,3.0,0.0,0.0,0.0,0.0,0.0,0.0,0.0,0.0,B.Young,CAR,team_norm & _alias_init_last,12.590000000000003,28.5,-1.58,0.91,2.88,11.4,0.04,0.0,0.0,0.0,0.0
2025,13,0.0,2025_13_LA_CAR,Carolina Panthers,Rico Dowdle,RB,00-0036139,1.0,0.0,0.0,0.0,0.0,8.79,35.8,0.16,4.5,3.41,24.9,0.24,0.3273,55.19,36.08,16.56,273.9,81.9,1.844499053910971,0.2539207637116039,0.9020127890731072,1.0,1.0,rico dowdle,ricodowdle,rdowdle,Carolina Panthers,00-0036139,0.0,0.0,0.0,0.0,18.0,58.0,0.0,2.0,2.0,21.0,0.0,R.Dowdle,CAR,team_norm & _alias_init_last,0.0,0.0,0.0,0.0,-9.21,-22.200000000000003,0.16,2.5,1.4100000000000001,3.8999999999999986,0.24
2025,13,0.0,2025_13_LA_CAR,Carolina Panthers,Chuba Hubbard,RB,00-0036555,1.0,0.0,0.0,0.0,0.0,4.88,20.6,0.06,2.8,2.08,14.1,0.14,0.1824,55.19,36.08,16.56,273.9,81.9,1.844499053910971,0.2539207637116039,0.9020127890731072,1.0,1.0,chuba hubbard,chubahubbard,chubbard,Carolina Panthers,00-0036555,0.0,0.0,0.0,0.0,19.0,83.0,0.0,2.0,2.0,41.0,1.0,C.Hubbard,CAR,team_norm & _alias_init_last,0.0,0.0,0.0,0.0,-14.120000000000001,-62.4,0.06,0.7999999999999998,0.08000000000000007,-26.9,-0.86
2025,13,0.0,2025_13_LA_CAR,Carolina Panthers,Trevor Etienne,RB,00-0040644,1.0,0.0,0.0,0.0,0.0,0.0,0.0,0.0,0.0,0.0,0.0,0.0,0.0,55.19,36.08,16.56,273.9,81.9,1.844499053910971,0.2539207637116039,0.9020127890731072,1.0,1.0,trevor etienne,trevoretienne,tetienne,Carolina Panthers,00-0040644,0.0,0.0,0.0,0.0,0.0,0.0,0.0,1.0,1.0,4.0,0.0,T.Etienne,CAR,team_norm & _alias_init_last,0.0,0.0,0.0,0.0,0.0,0.0,0.0,-1.0,-1.0,-4.0,0.0
2025,13,0.0,2025_13_LA_CAR,Carolina Panthers,Tommy Tremble,TE,00-0037005,1.0,0.0,0.0,0.0,0.0,0.0,0.0,0.0,6.45,3.95,34.9,0.31,0.2634,55.19,36.08,16.56,273.9,81.9,1.844499053910971,0.2539207637116039,0.9020127890731072,1.0,1.0,tommy tremble,tommytremble,ttremble,Carolina Panthers,00-0037005,0.0,0.0,0.0,0.0,0.0,0.0,0.0,2.0,1.0,2.0,0.0,T.Tremble,CAR,team_norm & _alias_init_last,0.0,0.0,0.0,0.0,0.0,0.0,0.0,4.45,2.95,32.9,0.31
2025,13,0.0,2025_13_LA_CAR,Carolina Panthers,Ja'Tavion Sanders,TE,00-0039356,1.0,0.0,0.0,0.0,0.0,0.0,0.0,0.0,3.33,2.2,17.8,0.16,0.1516,55.19,36.08,16.56,273.9,81.9,1.844499053910971,0.2539207637116039,0.9020127890731072,1.0,1.0,ja'tavion sanders,jatavionsanders,jsanders,Carolina Panthers,00-0039356,,,,,,,,,,,,,,,,,,,,,,,,,
2025,13,0.0,2025_13_LA_CAR,Carolina Panthers,Dominique Dafney,TE,00-0036456,1.0,0.0,0.0,0.0,0.0,0.0,0.0,0.0,0.0,0.0,0.0,0.0,0.0,55.19,36.08,16.56,273.9,81.9,1.844499053910971,0.2539207637116039,0.9020127890731072,0.0,0.0,dominique dafney,dominiquedafney,ddafney,Carolina Panthers,00-0036456,,,,,,,,,,,,,,,,,,,,,,,,,
2025,13,0.0,2025_13_LA_CAR,Carolina Panthers,James Mitchell,TE,00-0037282,1.0,0.0,0.0,0.0,0.0,0.0,0.0,0.0,0.0,0.0,0.0,0.0,0.0,55.19,36.08,16.56,273.9,81.9,1.844499053910971,0.2539207637116039,0.9020127890731072,1.0,1.0,james mitchell,jamesmitchell,jmitchell,Carolina Panthers,00-0037282,,,,,,,,,,,,,,,,,,,,,,,,,
2025,13,0.0,2025_13_LA_CAR,Carolina Panthers,Mitchell Evans,TE,00-0040187,1.0,0.0,0.0,0.0,0.0,0.0,0.0,0.0,0.0,0.0,0.0,0.0,0.0,55.19,36.08,16.56,273.9,81.9,1.844499053910971,0.2539207637116039,0.9020127890731072,1.0,1.0,mitchell evans,mitchellevans,mevans,Carolina Panthers,00-0040187,0.0,0.0,0.0,0.0,0.0,0.0,0.0,3.0,3.0,20.0,0.0,M.Evans,CAR,team_norm & _alias_init_last,0.0,0.0,0.0,0.0,0.0,0.0,0.0,-3.0,-3.0,-20.0,0.0
2025,13,0.0,2025_13_LA_CAR,Carolina Panthers,Tetairoa McMillan,WR,00-0040124,1.0,0.0,0.0,0.0,0.0,0.0,0.0,0.0,8.42,4.7,56.0,0.41,0.3338,55.19,36.08,16.56,273.9,81.9,1.844499053910971,0.2539207637116039,0.9020127890731072,1.0,1.0,tetairoa mcmillan,tetairoamcmillan,tmcmillan,Carolina Panthers,00-0040124,0.0,0.0,0.0,0.0,0.0,0.0,0.0,2.0,1.0,43.0,1.0,T.McMillan,CAR,team_norm & _alias_init_last,0.0,0.0,0.0,0.0,0.0,0.0,0.0,6.42,3.7,13.0,-0.5900000000000001
2025,13,0.0,2025_13_LA_CAR,Carolina Panthers,Xavier Legette,WR,00-0039342,1.0,0.0,0.0,0.0,0.0,0.0,0.0,0.0,6.34,3.37,39.3,0.32,0.274,55.19,36.08,16.56,273.9,81.9,1.844499053910971,0.2539207637116039,0.9020127890731072,1.0,1.0,xavier legette,xavierlegette,xlegette,Carolina Panthers,00-0039342,0.0,0.0,0.0,0.0,0.0,0.0,0.0,2.0,1.0,1.0,0.0,X.Legette,CAR,team_norm & _alias_init_last,0.0,0.0,0.0,0.0,0.0,0.0,0.0,4.34,2.37,38.3,0.32
2025,13,0.0,2025_13_LA_CAR,Carolina Panthers,Jalen Coker,WR,00-0039491,1.0,0.0,0.0,0.0,0.0,0.0,0.0,0.0,4.23,2.79,27.1,0.21,0.1864,55.19,36.08,16.56,273.9,81.9,1.844499053910971,0.2539207637116039,0.9020127890731072,1.0,1.0,jalen coker,jalencoker,jcoker,Carolina Panthers,00-0039491,0.0,0.0,0.0,0.0,0.0,0.0,0.0,6.0,4.0,74.0,1.0,J.Coker,CAR,team_norm & _alias_init_last,0.0,0.0,0.0,0.0,0.0,0.0,0.0,-1.7699999999999996,-1.21,-46.9,-0.79
2025,13,0.0,2025_13_LA_CAR,Carolina Panthers,Brycen Tremayne,WR,00-0038840,1.0,0.0,0.0,0.0,0.0,0.0,0.0,0.0,0.0,0.0,0.0,0.0,0.0,55.19,36.08,16.56,273.9,81.9,1.844499053910971,0.2539207637116039,0.9020127890731072,1.0,1.0,brycen tremayne,brycentremayne,btremayne,Carolina Panthers,00-0038840,,,,,,,,,,,,,,,,,,,,,,,,,
2025,13,0.0,2025_13_LA_CAR,Carolina Panthers,Jimmy Horn Jr.,WR,00-0040218,1.0,0.0,0.0,0.0,0.0,0.0,0.0,0.0,0.0,0.0,0.0,0.0,0.0,55.19,36.08,16.56,273.9,81.9,1.844499053910971,0.2539207637116039,0.9020127890731072,1.0,1.0,jimmy horn jr.,jimmyhornjr,jhorn,Carolina Panthers,00-0036944,,,,,,,,,,,,,,,,,,,,,,,,,
2025,13,0.0,2025_13_LA_CAR,Los Angeles Rams,Matthew Stafford,QB,00-0026498,1.0,43.63,291.9,1.94,1.14,2.79,11.3,0.08,0.0,0.0,0.0,0.0,0.0738,72.0,45.24,24.43,343.4,120.8,2.5121499917367105,0.6766205774141607,1.1309520688087904,1.0,1.0,matthew stafford,matthewstafford,mstafford,Los Angeles Rams,,30.0,243.0,2.0,2.0,0.0,0.0,0.0,0.0,0.0,0.0,0.0,M.Stafford,LA,team_norm & _alias_init_last,13.630000000000003,48.89999999999998,-0.06000000000000005,-0.8600000000000001,2.79,11.3,0.08,0.0,0.0,0.0,0.0
2025,13,0.0,2025_13_LA_CAR,Los Angeles Rams,Kyren Williams,RB,00-0037840,1.0,0.0,0.0,0.0,0.0,13.91,57.3,0.48,5.92,4.29,31.6,0.36,0.5689,72.0,45.24,24.43,343.4,120.8,2.5121499917367105,0.6766205774141607,1.1309520688087904,1.0,1.0,kyren williams,kyrenwilliams,kwilliams,Los Angeles Rams,00-0037840,0.0,0.0,0.0,0.0,14.0,72.0,1.0,1.0,0.0,0.0,0.0,K.Williams,LA,team_norm & _alias_init_last,0.0,0.0,0.0,0.0,-0.08999999999999986,-14.700000000000003,-0.52,4.92,4.29,31.6,0.36
2025,13,0.0,2025_13_LA_CAR,Los Angeles Rams,Blake Corum,RB,00-0039738,1.0,0.0,0.0,0.0,0.0,7.73,31.9,0.16,3.68,2.58,22.1,0.2,0.3049,72.0,45.24,24.43,343.4,120.8,2.5121499917367105,0.6766205774141607,1.1309520688087904,1.0,1.0,blake corum,blakecorum,bcorum,Los Angeles Rams,00-0039738,0.0,0.0,0.0,0.0,7.0,81.0,1.0,0.0,0.0,0.0,0.0,B.Corum,LA,team_norm & _alias_init_last,0.0,0.0,0.0,0.0,0.7300000000000004,-49.1,-0.84,3.68,2.58,22.1,0.2
2025,13,0.0,2025_13_LA_CAR,Los Angeles Rams,Ronnie Rivers,RB,00-0037557,1.0,0.0,0.0,0.0,0.0,0.0,0.0,0.0,0.0,0.0,0.0,0.0,0.0,72.0,45.24,24.43,343.4,120.8,2.5121499917367105,0.6766205774141607,1.1309520688087904,1.0,1.0,ronnie rivers,ronnierivers,rrivers,Los Angeles Rams,00-0037557,,,,,,,,,,,,,,,,,,,,,,,,,
2025,13,0.0,2025_13_LA_CAR,Los Angeles Rams,Colby Parkinson,TE,00-0036244,1.0,0.0,0.0,0.0,0.0,0.0,0.0,0.0,8.06,4.9,45.1,0.45,0.3638,72.0,45.24,24.43,343.4,120.8,2.5121499917367105,0.6766205774141607,1.1309520688087904,1.0,1.0,colby parkinson,colbyparkinson,cparkinson,Los Angeles Rams,00-0036244,0.0,0.0,0.0,0.0,0.0,0.0,0.0,5.0,4.0,27.0,0.0,C.Parkinson,LA,team_norm & _alias_init_last,0.0,0.0,0.0,0.0,0.0,0.0,0.0,3.0600000000000005,0.9000000000000004,18.1,0.45
2025,13,0.0,2025_13_LA_CAR,Los Angeles Rams,Davis Allen,TE,00-0039074,1.0,0.0,0.0,0.0,0.0,0.0,0.0,0.0,4.17,2.41,25.0,0.23,0.207,72.0,45.24,24.43,343.4,120.8,2.5121499917367105,0.6766205774141607,1.1309520688087904,1.0,1.0,davis allen,davisallen,dallen,Los Angeles Rams,00-0039074,0.0,0.0,0.0,0.0,0.0,0.0,0.0,1.0,1.0,4.0,0.0,D.Allen,LA,team_norm & _alias_init_last,0.0,0.0,0.0,0.0,0.0,0.0,0.0,3.17,1.4100000000000001,21.0,0.23
2025,13,0.0,2025_13_LA_CAR,Los Angeles Rams,Nick Vannett,TE,00-0032394,1.0,0.0,0.0,0.0,0.0,0.0,0.0,0.0,0.0,0.0,0.0,0.0,0.0,72.0,45.24,24.43,343.4,120.8,2.5121499917367105,0.6766205774141607,1.1309520688087904,1.0,1.0,nick vannett,nickvannett,nvannett,Los Angeles Rams,00-0032394,,,,,,,,,,,,,,,,,,,,,,,,,
2025,13,0.0,2025_13_LA_CAR,Los Angeles Rams,Terrance Ferguson,TE,00-0040737,1.0,0.0,0.0,0.0,0.0,0.0,0.0,0.0,0.0,0.0,0.0,0.0,0.0,72.0,45.24,24.43,343.4,120.8,2.5121499917367105,0.6766205774141607,1.1309520688087904,1.0,1.0,terrance ferguson,terranceferguson,tferguson,Los Angeles Rams,00-0040737,0.0,0.0,0.0,0.0,0.0,0.0,0.0,2.0,0.0,0.0,0.0,T.Ferguson,LA,team_norm & _alias_init_last,0.0,0.0,0.0,0.0,0.0,0.0,0.0,-2.0,0.0,0.0,0.0
2025,13,0.0,2025_13_LA_CAR,Los Angeles Rams,Puka Nacua,WR,00-0039075,1.0,0.0,0.0,0.0,0.0,0.0,0.0,0.0,10.24,6.96,63.1,0.52,0.4077,72.0,45.24,24.43,343.4,120.8,2.5121499917367105,0.6766205774141607,1.1309520688087904,1.0,1.0,puka nacua,pukanacua,pnacua,Los Angeles Rams,00-0039075,0.0,0.0,0.0,0.0,0.0,0.0,0.0,9.0,6.0,72.0,0.0,P.Nacua,LA,team_norm & _alias_init_last,0.0,0.0,0.0,0.0,0.0,0.0,0.0,1.2400000000000002,0.96,-8.899999999999999,0.52
2025,13,0.0,2025_13_LA_CAR,Los Angeles Rams,Davante Adams,WR,00-0031381,1.0,0.0,0.0,0.0,0.0,0.0,0.0,0.0,7.71,4.1,43.8,0.42,0.3429,72.0,45.24,24.43,343.4,120.8,2.5121499917367105,0.6766205774141607,1.1309520688087904,1.0,1.0,davante adams,davanteadams,dadams,Los Angeles Rams,00-0031381,0.0,0.0,0.0,0.0,0.0,0.0,0.0,5.0,4.0,58.0,2.0,D.Adams,LA,team_norm & _alias_init_last,0.0,0.0,0.0,0.0,0.0,0.0,0.0,2.71,0.09999999999999964,-14.200000000000003,-1.58
2025,13,0.0,2025_13_LA_CAR,Los Angeles Rams,Xavier Smith,WR,00-0038359,1.0,0.0,0.0,0.0,0.0,0.0,0.0,0.0,5.14,3.49,42.8,0.28,0.2416,72.0,45.24,24.43,343.4,120.8,2.5121499917367105,0.6766205774141607,1.1309520688087904,1.0,1.0,xavier smith,xaviersmith,xsmith,Los Angeles Rams,00-0038359,0.0,0.0,0.0,0.0,0.0,0.0,0.0,3.0,3.0,82.0,0.0,X.Smith,LA,team_norm & _alias_init_last,0.0,0.0,0.0,0.0,0.0,0.0,0.0,2.1399999999999997,0.4900000000000002,-39.2,0.28
2025,13,0.0,2025_13_LA_CAR,Los Angeles Rams,Drake Stoops,WR,00-0039773,1.0,0.0,0.0,0.0,0.0,0.0,0.0,0.0,0.0,0.0,0.0,0.0,0.0,72.0,45.24,24.43,343.4,120.8,2.5121499917367105,0.6766205774141607,1.1309520688087904,0.0,0.0,drake stoops,drakestoops,dstoops,Los Angeles Rams,00-0039773,,,,,,,,,,,,,,,,,,,,,,,,,
2025,13,0.0,2025_13_LA_CAR,Los Angeles Rams,Jordan Whittington,WR,00-0039751,1.0,0.0,0.0,0.0,0.0,0.0,0.0,0.0,0.0,0.0,0.0,0.0,0.0,72.0,45.24,24.43,343.4,120.8,2.5121499917367105,0.6766205774141607,1.1309520688087904,1.0,1.0,jordan whittington,jordanwhittington,jwhittington,Los Angeles Rams,00-0039751,0.0,0.0,0.0,0.0,0.0,0.0,0.0,1.0,0.0,0.0,0.0,J.Whittington,LA,team_norm & _alias_init_last,0.0,0.0,0.0,0.0,0.0,0.0,0.0,-1.0,0.0,0.0,0.0
2025,13,0.0,2025_13_LA_CAR,Los Angeles Rams,Konata Mumpfield,WR,00-0040590,1.0,0.0,0.0,0.0,0.0,0.0,0.0,0.0,0.0,0.0,0.0,0.0,0.0,72.0,45.24,24.43,343.4,120.8,2.5121499917367105,0.6766205774141607,1.1309520688087904,1.0,1.0,konata mumpfield,konatamumpfield,kmumpfield,Los Angeles Rams,00-0040590,,,,,,,,,,,,,,,,,,,,,,,,,
2025,13,0.0,2025_13_LV_LAC,Las Vegas Raiders,Geno Smith,QB,00-0030565,1.0,44.65,239.8,1.75,1.17,3.81,10.7,0.06,0.0,0.0,0.0,0.0,0.0618,72.0,46.45,21.6,260.6,78.9,2.232535691895191,0.3572051976511883,1.161371207850134,1.0,1.0,geno smith,genosmith,gsmith,Las Vegas Raiders,,30.0,165.0,2.0,1.0,1.0,-5.0,0.0,0.0,0.0,0.0,0.0,G.Smith,LV,team_norm & _alias_init_last,14.649999999999999,74.80000000000001,-0.25,0.16999999999999993,2.81,15.7,0.06,0.0,0.0,0.0,0.0
2025,13,0.0,2025_13_LV_LAC,Las Vegas Raiders,Ashton Jeanty,RB,00-0040122,1.0,0.0,0.0,0.0,0.0,11.44,35.4,0.22,5.85,4.19,23.8,0.28,0.3968,72.0,46.45,21.6,260.6,78.9,2.232535691895191,0.3572051976511883,1.161371207850134,1.0,1.0,ashton jeanty,ashtonjeanty,ajeanty,Las Vegas Raiders,00-0040122,0.0,0.0,0.0,0.0,15.0,31.0,0.0,8.0,6.0,30.0,0.0,A.Jeanty,LV,team_norm & _alias_init_last,0.0,0.0,0.0,0.0,-3.5600000000000005,4.399999999999999,0.22,-2.1500000000000004,-1.8099999999999996,-6.199999999999999,0.28
2025,13,0.0,2025_13_LV_LAC,Las Vegas Raiders,Raheem Mostert,RB,00-0031687,1.0,0.0,0.0,0.0,0.0,6.35,20.0,0.08,3.64,2.64,13.8,0.18,0.2301,72.0,46.45,21.6,260.6,78.9,2.232535691895191,0.3572051976511883,1.161371207850134,1.0,1.0,raheem mostert,raheemmostert,rmostert,Las Vegas Raiders,,0.0,0.0,0.0,0.0,1.0,6.0,0.0,0.0,0.0,0.0,0.0,R.Mostert,LV,team_norm & _alias_init_last,0.0,0.0,0.0,0.0,5.35,14.0,0.08,3.64,2.64,13.8,0.18
2025,13,0.0,2025_13_LV_LAC,Las Vegas Raiders,Dylan Laube,RB,00-0039407,1.0,0.0,0.0,0.0,0.0,0.0,0.0,0.0,0.0,0.0,0.0,0.0,0.0,72.0,46.45,21.6,260.6,78.9,2.232535691895191,0.3572051976511883,1.161371207850134,1.0,1.0,dylan laube,dylanlaube,dlaube,Las Vegas Raiders,00-0039407,,,,,,,,,,,,,,,,,,,,,,,,,
2025,13,0.0,2025_13_LV_LAC,Las Vegas Raiders,Brock Bowers,TE,00-0039338,1.0,0.0,0.0,0.0,0.0,0.0,0.0,0.0,8.06,5.28,32.5,0.35,0.2979,72.0,46.45,21.6,260.6,78.9,2.232535691895191,0.3572051976511883,1.161371207850134,1.0,1.0,brock bowers,brockbowers,bbowers,Las Vegas Raiders,00-0039338,0.0,0.0,0.0,0.0,0.0,0.0,0.0,5.0,4.0,63.0,2.0,B.Bowers,LV,team_norm & _alias_init_last,0.0,0.0,0.0,0.0,0.0,0.0,0.0,3.0600000000000005,1.2800000000000002,-30.5,-1.65
2025,13,0.0,2025_13_LV_LAC,Las Vegas Raiders,Michael Mayer,TE,00-0039066,1.0,0.0,0.0,0.0,0.0,0.0,0.0,0.0,4.17,2.6,16.9,0.19,0.1706,72.0,46.45,21.6,260.6,78.9,2.232535691895191,0.3572051976511883,1.161371207850134,0.0,0.0,michael mayer,michaelmayer,mmayer,Las Vegas Raiders,00-0039066,,,,,,,,,,,,,,,,,,,,,,,,,
2025,13,0.0,2025_13_LV_LAC,Las Vegas Raiders,Carter Runyon,TE,00-0040488,1.0,0.0,0.0,0.0,0.0,0.0,0.0,0.0,0.0,0.0,0.0,0.0,0.0,72.0,46.45,21.6,260.6,78.9,2.232535691895191,0.3572051976511883,1.161371207850134,1.0,1.0,carter runyon,carterrunyon,crunyon,Las Vegas Raiders,00-0040488,,,,,,,,,,,,,,,,,,,,,,,,,
2025,13,0.0,2025_13_LV_LAC,Las Vegas Raiders,Ian Thomas,TE,00-0034365,1.0,0.0,0.0,0.0,0.0,0.0,0.0,0.0,0.0,0.0,0.0,0.0,0.0,72.0,46.45,21.6,260.6,78.9,2.232535691895191,0.3572051976511883,1.161371207850134,1.0,1.0,ian thomas,ianthomas,ithomas,Las Vegas Raiders,00-0034365,0.0,0.0,0.0,0.0,0.0,0.0,0.0,1.0,1.0,8.0,0.0,I.Thomas,LV,team_norm & _alias_init_last,0.0,0.0,0.0,0.0,0.0,0.0,0.0,-1.0,-1.0,-8.0,0.0
2025,13,0.0,2025_13_LV_LAC,Las Vegas Raiders,Tre Tucker,WR,00-0038563,1.0,0.0,0.0,0.0,0.0,0.0,0.0,0.0,10.97,6.06,49.5,0.48,0.3822,72.0,46.45,21.6,260.6,78.9,2.232535691895191,0.3572051976511883,1.161371207850134,1.0,1.0,tre tucker,tretucker,ttucker,Las Vegas Raiders,00-0038563,0.0,0.0,0.0,0.0,0.0,0.0,0.0,4.0,3.0,20.0,0.0,T.Tucker,LV,team_norm & _alias_init_last,0.0,0.0,0.0,0.0,0.0,0.0,0.0,6.970000000000001,3.0599999999999996,29.5,0.48
2025,13,0.0,2025_13_LV_LAC,Las Vegas Raiders,Tyler Lockett,WR,00-0032211,1.0,0.0,0.0,0.0,0.0,0.0,0.0,0.0,8.26,4.94,34.2,0.37,0.3073,72.0,46.45,21.6,260.6,78.9,2.232535691895191,0.3572051976511883,1.161371207850134,1.0,1.0,tyler lockett,tylerlockett,tlockett,Las Vegas Raiders,00-0032211,0.0,0.0,0.0,0.0,0.0,0.0,0.0,1.0,1.0,11.0,0.0,T.Lockett,LV,team_norm & _alias_init_last,0.0,0.0,0.0,0.0,0.0,0.0,0.0,7.26,3.9400000000000004,23.200000000000003,0.37
2025,13,0.0,2025_13_LV_LAC,Las Vegas Raiders,Dont'e Thornton Jr.,WR,00-0040581,1.0,0.0,0.0,0.0,0.0,0.0,0.0,0.0,5.51,2.7,32.0,0.25,0.2208,72.0,46.45,21.6,260.6,78.9,2.232535691895191,0.3572051976511883,1.161371207850134,1.0,1.0,dont'e thornton jr.,dontethorntonjr,dthornton,Las Vegas Raiders,00-0040581,0.0,0.0,0.0,0.0,0.0,0.0,0.0,2.0,1.0,11.0,0.0,D.Thornton,LV,team_norm & _alias_init_last,0.0,0.0,0.0,0.0,0.0,0.0,0.0,3.51,1.7000000000000002,21.0,0.25
2025,13,0.0,2025_13_LV_LAC,Las Vegas Raiders,Alex Bachman,WR,00-0035602,1.0,0.0,0.0,0.0,0.0,0.0,0.0,0.0,0.0,0.0,0.0,0.0,0.0,72.0,46.45,21.6,260.6,78.9,2.232535691895191,0.3572051976511883,1.161371207850134,1.0,1.0,alex bachman,alexbachman,abachman,Las Vegas Raiders,00-0035602,,,,,,,,,,,,,,,,,,,,,,,,,
2025,13,0.0,2025_13_LV_LAC,Las Vegas Raiders,Amari Cooper,WR,00-0031544,1.0,0.0,0.0,0.0,0.0,0.0,0.0,0.0,0.0,0.0,0.0,0.0,0.0,72.0,46.45,21.6,260.6,78.9,2.232535691895191,0.3572051976511883,1.161371207850134,1.0,1.0,amari cooper,amaricooper,acooper,Las Vegas Raiders,00-0031544,,,,,,,,,,,,,,,,,,,,,,,,,
2025,13,0.0,2025_13_LV_LAC,Las Vegas Raiders,Brenden Rice,WR,00-0039415,1.0,0.0,0.0,0.0,0.0,0.0,0.0,0.0,0.0,0.0,0.0,0.0,0.0,72.0,46.45,21.6,260.6,78.9,2.232535691895191,0.3572051976511883,1.161371207850134,0.0,0.0,brenden rice,brendenrice,brice,Las Vegas Raiders,00-0039415,,,,,,,,,,,,,,,,,,,,,,,,,
2025,13,0.0,2025_13_LV_LAC,Las Vegas Raiders,Jack Bech,WR,00-0040729,1.0,0.0,0.0,0.0,0.0,0.0,0.0,0.0,0.0,0.0,0.0,0.0,0.0,72.0,46.45,21.6,260.6,78.9,2.232535691895191,0.3572051976511883,1.161371207850134,1.0,1.0,jack bech,jackbech,jbech,Las Vegas Raiders,00-0040729,0.0,0.0,0.0,0.0,0.0,0.0,0.0,3.0,2.0,22.0,0.0,J.Bech,LV,team_norm & _alias_init_last,0.0,0.0,0.0,0.0,0.0,0.0,0.0,-3.0,-2.0,-22.0,0.0
2025,13,0.0,2025_13_LV_LAC,Los Angeles Chargers,Justin Herbert,QB,00-0036355,1.0,41.14,220.7,3.15,1.07,4.22,11.5,0.21,0.0,0.0,0.0,0.0,0.1863,64.57,42.24,19.37,237.0,70.8,4.561916920567731,0.9123833841135458,1.056101540102694,1.0,1.0,justin herbert,justinherbert,jherbert,Los Angeles Chargers,00-0036355,26.0,151.0,2.0,1.0,0.0,0.0,0.0,0.0,0.0,0.0,0.0,J.Herbert,LAC,team_norm & _alias_init_last,15.14,69.69999999999999,1.15,0.07000000000000006,4.22,11.5,0.21,0.0,0.0,0.0,0.0
2025,13,0.0,2025_13_LV_LAC,Los Angeles Chargers,Kimani Vidal,RB,00-0039391,1.0,0.0,0.0,0.0,0.0,9.74,31.3,0.55,5.34,3.68,25.2,0.59,0.6792,64.57,42.24,19.37,237.0,70.8,4.561916920567731,0.9123833841135458,1.056101540102694,1.0,1.0,kimani vidal,kimanividal,kvidal,Los Angeles Chargers,00-0039391,0.0,0.0,0.0,0.0,25.0,126.0,1.0,1.0,1.0,11.0,0.0,K.Vidal,LAC,team_norm & _alias_init_last,0.0,0.0,0.0,0.0,-15.26,-94.7,-0.44999999999999996,4.34,2.68,14.2,0.59
2025,13,0.0,2025_13_LV_LAC,Los Angeles Chargers,Jaret Patterson,RB,00-0036755,1.0,0.0,0.0,0.0,0.0,5.41,17.6,0.2,3.32,2.24,17.2,0.35,0.4267,64.57,42.24,19.37,237.0,70.8,4.561916920567731,0.9123833841135458,1.056101540102694,1.0,1.0,jaret patterson,jaretpatterson,jpatterson,Los Angeles Chargers,00-0036755,0.0,0.0,0.0,0.0,11.0,54.0,1.0,0.0,0.0,0.0,0.0,J.Patterson,LAC,team_norm & _alias_init_last,0.0,0.0,0.0,0.0,-5.59,-36.4,-0.8,3.32,2.24,17.2,0.35
2025,13,0.0,2025_13_LV_LAC,Los Angeles Chargers,Oronde Gadsden II,TE,00-0040189,1.0,0.0,0.0,0.0,0.0,0.0,0.0,0.0,7.3,4.6,33.1,0.76,0.5331,64.57,42.24,19.37,237.0,70.8,4.561916920567731,0.9123833841135458,1.056101540102694,1.0,1.0,oronde gadsden ii,orondegadsdenii,ogadsden,Los Angeles Chargers,00-0040189,0.0,0.0,0.0,0.0,0.0,0.0,0.0,2.0,1.0,27.0,0.0,O.Gadsden,LAC,team_norm & _alias_init_last,0.0,0.0,0.0,0.0,0.0,0.0,0.0,5.3,3.5999999999999996,6.100000000000001,0.76
2025,13,0.0,2025_13_LV_LAC,Los Angeles Chargers,Tucker Fisk,TE,00-0037654,1.0,0.0,0.0,0.0,0.0,0.0,0.0,0.0,3.77,2.57,20.4,0.39,0.3254,64.57,42.24,19.37,237.0,70.8,4.561916920567731,0.9123833841135458,1.056101540102694,1.0,1.0,tucker fisk,tuckerfisk,tfisk,Los Angeles Chargers,00-0037654,,,,,,,,,,,,,,,,,,,,,,,,,
2025,13,0.0,2025_13_LV_LAC,Los Angeles Chargers,Stevo Klotz,TE,00-0040469,1.0,0.0,0.0,0.0,0.0,0.0,0.0,0.0,0.0,0.0,0.0,0.0,0.0,64.57,42.24,19.37,237.0,70.8,4.561916920567731,0.9123833841135458,1.056101540102694,0.0,0.0,stevo klotz,stevoklotz,sklotz,Los Angeles Chargers,00-0040469,,,,,,,,,,,,,,,,,,,,,,,,,
2025,13,0.0,2025_13_LV_LAC,Los Angeles Chargers,Tanner McLachlan,TE,00-0039399,1.0,0.0,0.0,0.0,0.0,0.0,0.0,0.0,0.0,0.0,0.0,0.0,0.0,64.57,42.24,19.37,237.0,70.8,4.561916920567731,0.9123833841135458,1.056101540102694,0.0,0.0,tanner mclachlan,tannermclachlan,tmclachlan,Los Angeles Chargers,00-0039399,,,,,,,,,,,,,,,,,,,,,,,,,
2025,13,0.0,2025_13_LV_LAC,Los Angeles Chargers,Tyler Conklin,TE,00-0034270,1.0,0.0,0.0,0.0,0.0,0.0,0.0,0.0,0.0,0.0,0.0,0.0,0.0,64.57,42.24,19.37,237.0,70.8,4.561916920567731,0.9123833841135458,1.056101540102694,1.0,1.0,tyler conklin,tylerconklin,tconklin,Los Angeles Chargers,00-0034270,,,,,,,,,,,,,,,,,,,,,,,,,
2025,13,0.0,2025_13_LV_LAC,Los Angeles Chargers,Ladd McConkey,WR,00-0039915,1.0,0.0,0.0,0.0,0.0,0.0,0.0,0.0,9.98,6.47,48.2,0.99,0.6292,64.57,42.24,19.37,237.0,70.8,4.561916920567731,0.9123833841135458,1.056101540102694,1.0,1.0,ladd mcconkey,laddmcconkey,lmcconkey,Los Angeles Chargers,,0.0,0.0,0.0,0.0,0.0,0.0,0.0,6.0,4.0,39.0,1.0,L.McConkey,LAC,team_norm & _alias_init_last,0.0,0.0,0.0,0.0,0.0,0.0,0.0,3.9800000000000004,2.4699999999999998,9.200000000000003,-0.010000000000000009
2025,13,0.0,2025_13_LV_LAC,Los Angeles Chargers,Quentin Johnston,WR,00-0038544,1.0,0.0,0.0,0.0,0.0,0.0,0.0,0.0,7.52,4.05,33.4,0.77,0.5365,64.57,42.24,19.37,237.0,70.8,4.561916920567731,0.9123833841135458,1.056101540102694,1.0,1.0,quentin johnston,quentinjohnston,qjohnston,Los Angeles Chargers,00-0038544,0.0,0.0,0.0,0.0,0.0,0.0,0.0,3.0,3.0,23.0,1.0,Q.Johnston,LAC,team_norm & _alias_init_last,0.0,0.0,0.0,0.0,0.0,0.0,0.0,4.52,1.0499999999999998,10.399999999999999,-0.22999999999999998
2025,13,0.0,2025_13_LV_LAC,Los Angeles Chargers,Keenan Allen,WR,00-0030279,1.0,0.0,0.0,0.0,0.0,0.0,0.0,0.0,5.01,3.18,21.3,0.51,0.4011,64.57,42.24,19.37,237.0,70.8,4.561916920567731,0.9123833841135458,1.056101540102694,1.0,1.0,keenan allen,keenanallen,kallen,Los Angeles Chargers,00-0030279,0.0,0.0,0.0,0.0,0.0,0.0,0.0,5.0,4.0,30.0,0.0,K.Allen,LAC,team_norm & _alias_init_last,0.0,0.0,0.0,0.0,0.0,0.0,0.0,0.009999999999999787,-0.8199999999999998,-8.7,0.51
2025,13,0.0,2025_13_LV_LAC,Los Angeles Chargers,Derius Davis,WR,00-0038573,1.0,0.0,0.0,0.0,0.0,0.0,0.0,0.0,0.0,0.0,0.0,0.0,0.0,64.57,42.24,19.37,237.0,70.8,4.561916920567731,0.9123833841135458,1.056101540102694,1.0,1.0,derius davis,deriusdavis,ddavis,Los Angeles Chargers,00-0038573,,,,,,,,,,,,,,,,,,,,,,,,,
2025,13,0.0,2025_13_LV_LAC,Los Angeles Chargers,Tre Harris,WR,00-0040727,1.0,0.0,0.0,0.0,0.0,0.0,0.0,0.0,0.0,0.0,0.0,0.0,0.0,64.57,42.24,19.37,237.0,70.8,4.561916920567731,0.9123833841135458,1.056101540102694,1.0,1.0,tre harris,treharris,tharris,Los Angeles Chargers,,0.0,0.0,0.0,0.0,0.0,0.0,0.0,4.0,3.0,30.0,0.0,T.Harris,LAC,team_norm & _alias_init_last,0.0,0.0,0.0,0.0,0.0,0.0,0.0,-4.0,-3.0,-30.0,0.0
2025,13,0.0,2025_13_MIN_SEA,Minnesota Vikings,J.J. McCarthy,QB,00-0039923,1.0,34.54,174.2,1.2,0.84,1.16,3.6,0.02,0.0,0.0,0.0,0.0,0.0205,63.31,33.2,27.34,186.2,99.9,1.265381267222051,0.510152144247997,0.8299167493485107,0.0,0.0,j.j. mccarthy,jjmccarthy,jmccarthy,Minnesota Vikings,00-0039923,,,,,,,,,,,,,,,,,,,,,,,,,
2025,13,0.0,2025_13_MIN_SEA,Minnesota Vikings,Aaron Jones Sr.,RB,,1.0,0.0,0.0,0.0,0.0,16.83,65.4,0.36,4.12,2.97,23.9,0.16,0.4042,63.31,33.2,27.34,186.2,99.9,1.265381267222051,0.510152144247997,0.8299167493485107,0.0,0.0,aaron jones sr.,aaronjonessr,ajones,Minnesota Vikings,00-0033293,0.0,0.0,0.0,0.0,6.0,3.0,0.0,4.0,4.0,22.0,0.0,A.Jones,MIN,team_norm & _alias_init_last,0.0,0.0,0.0,0.0,10.829999999999998,62.400000000000006,0.36,0.1200000000000001,-1.0299999999999998,1.8999999999999986,0.16
2025,13,0.0,2025_13_MIN_SEA,Minnesota Vikings,Jordan Mason,RB,00-0037525,1.0,0.0,0.0,0.0,0.0,9.35,28.2,0.14,2.56,1.97,11.3,0.1,0.2077,63.31,33.2,27.34,186.2,99.9,1.265381267222051,0.510152144247997,0.8299167493485107,1.0,1.0,jordan mason,jordanmason,jmason,Minnesota Vikings,00-0037525,0.0,0.0,0.0,0.0,6.0,47.0,0.0,1.0,1.0,1.0,0.0,J.Mason,MIN,team_norm & _alias_init_last,0.0,0.0,0.0,0.0,3.3499999999999996,-18.8,0.14,1.56,0.97,10.3,0.1
2025,13,0.0,2025_13_MIN_SEA,Minnesota Vikings,Zavier Scott,RB,00-0038440,1.0,0.0,0.0,0.0,0.0,0.0,0.0,0.0,0.0,0.0,0.0,0.0,0.0,63.31,33.2,27.34,186.2,99.9,1.265381267222051,0.510152144247997,0.8299167493485107,1.0,1.0,zavier scott,zavierscott,zscott,Minnesota Vikings,00-0038440,0.0,0.0,0.0,0.0,4.0,17.0,0.0,1.0,1.0,4.0,0.0,Z.Scott,MIN,team_norm & _alias_init_last,0.0,0.0,0.0,0.0,-4.0,-17.0,0.0,-1.0,-1.0,-4.0,0.0
2025,13,0.0,2025_13_MIN_SEA,Minnesota Vikings,T.J. Hockenson,TE,00-0035229,1.0,0.0,0.0,0.0,0.0,0.0,0.0,0.0,6.14,3.86,23.8,0.21,0.19,63.31,33.2,27.34,186.2,99.9,1.265381267222051,0.510152144247997,0.8299167493485107,1.0,1.0,t.j. hockenson,tjhockenson,thockenson,Minnesota Vikings,00-0035229,0.0,0.0,0.0,0.0,0.0,0.0,0.0,6.0,6.0,59.0,0.0,T.Hockenson,MIN,team_norm & _alias_init_last,0.0,0.0,0.0,0.0,0.0,0.0,0.0,0.13999999999999968,-2.14,-35.2,0.21
2025,13,0.0,2025_13_MIN_SEA,Minnesota Vikings,Josh Oliver,TE,00-0035249,1.0,0.0,0.0,0.0,0.0,0.0,0.0,0.0,3.08,1.98,12.6,0.12,0.1098,63.31,33.2,27.34,186.2,99.9,1.265381267222051,0.510152144247997,0.8299167493485107,1.0,1.0,josh oliver,josholiver,joliver,Minnesota Vikings,00-0035249,,,,,,,,,,,,,,,,,,,,,,,,,
2025,13,0.0,2025_13_MIN_SEA,Minnesota Vikings,Ben Sims,TE,00-0038809,1.0,0.0,0.0,0.0,0.0,0.0,0.0,0.0,0.0,0.0,0.0,0.0,0.0,63.31,33.2,27.34,186.2,99.9,1.265381267222051,0.510152144247997,0.8299167493485107,1.0,1.0,ben sims,bensims,bsims,Minnesota Vikings,00-0038809,,,,,,,,,,,,,,,,,,,,,,,,,
2025,13,0.0,2025_13_MIN_SEA,Minnesota Vikings,Ben Yurosek,TE,00-0040509,1.0,0.0,0.0,0.0,0.0,0.0,0.0,0.0,0.0,0.0,0.0,0.0,0.0,63.31,33.2,27.34,186.2,99.9,1.265381267222051,0.510152144247997,0.8299167493485107,0.0,0.0,ben yurosek,benyurosek,byurosek,Minnesota Vikings,00-0040509,,,,,,,,,,,,,,,,,,,,,,,,,
2025,13,0.0,2025_13_MIN_SEA,Minnesota Vikings,Justin Jefferson,WR,00-0036322,1.0,0.0,0.0,0.0,0.0,0.0,0.0,0.0,7.75,4.83,33.0,0.28,0.2462,63.31,33.2,27.34,186.2,99.9,1.265381267222051,0.510152144247997,0.8299167493485107,1.0,1.0,justin jefferson,justinjefferson,jjefferson,Minnesota Vikings,00-0036322,0.0,0.0,0.0,0.0,0.0,0.0,0.0,6.0,2.0,4.0,0.0,J.Jefferson,MIN,team_norm & _alias_init_last,0.0,0.0,0.0,0.0,0.0,0.0,0.0,1.75,2.83,29.0,0.28
2025,13,0.0,2025_13_MIN_SEA,Minnesota Vikings,Jordan Addison,WR,00-0038994,1.0,0.0,0.0,0.0,0.0,0.0,0.0,0.0,5.73,3.25,24.1,0.21,0.1908,63.31,33.2,27.34,186.2,99.9,1.265381267222051,0.510152144247997,0.8299167493485107,1.0,1.0,jordan addison,jordanaddison,jaddison,Minnesota Vikings,00-0038994,0.0,0.0,0.0,0.0,0.0,0.0,0.0,10.0,5.0,36.0,0.0,J.Addison,MIN,team_norm & _alias_init_last,0.0,0.0,0.0,0.0,0.0,0.0,0.0,-4.27,-1.75,-11.899999999999999,0.21
2025,13,0.0,2025_13_MIN_SEA,Minnesota Vikings,Jalen Nailor,WR,00-0037291,1.0,0.0,0.0,0.0,0.0,0.0,0.0,0.0,3.82,2.23,17.1,0.14,0.1339,63.31,33.2,27.34,186.2,99.9,1.265381267222051,0.510152144247997,0.8299167493485107,1.0,1.0,jalen nailor,jalennailor,jnailor,Minnesota Vikings,00-0037291,0.0,0.0,0.0,0.0,0.0,0.0,0.0,1.0,0.0,0.0,0.0,J.Nailor,MIN,team_norm & _alias_init_last,0.0,0.0,0.0,0.0,0.0,0.0,0.0,2.82,2.23,17.1,0.14
2025,13,0.0,2025_13_MIN_SEA,Minnesota Vikings,Myles Price,WR,00-0040506,1.0,0.0,0.0,0.0,0.0,0.0,0.0,0.0,0.0,0.0,0.0,0.0,0.0,63.31,33.2,27.34,186.2,99.9,1.265381267222051,0.510152144247997,0.8299167493485107,1.0,1.0,myles price,mylesprice,mprice,Minnesota Vikings,00-0040506,,,,,,,,,,,,,,,,,,,,,,,,,
2025,13,0.0,2025_13_MIN_SEA,Minnesota Vikings,Tai Felton,WR,00-0040154,1.0,0.0,0.0,0.0,0.0,0.0,0.0,0.0,0.0,0.0,0.0,0.0,0.0,63.31,33.2,27.34,186.2,99.9,1.265381267222051,0.510152144247997,0.8299167493485107,1.0,1.0,tai felton,taifelton,tfelton,Minnesota Vikings,00-0040154,,,,,,,,,,,,,,,,,,,,,,,,,
2025,13,0.0,2025_13_MIN_SEA,Seattle Seahawks,Sam Darnold,QB,00-0034869,1.0,37.86,229.5,2.04,1.02,6.2,20.1,0.23,0.0,0.0,0.0,0.0,0.2067,72.0,40.37,29.11,268.3,126.0,2.74143765620168,1.0500858928544297,1.0091887423681036,1.0,1.0,sam darnold,samdarnold,sdarnold,Seattle Seahawks,00-0034869,32.0,128.0,0.0,0.0,0.0,0.0,0.0,0.0,0.0,0.0,0.0,S.Darnold,SEA,team_norm & _alias_init_last,5.859999999999999,101.5,2.04,1.02,6.2,20.1,0.23,0.0,0.0,0.0,0.0
2025,13,0.0,2025_13_MIN_SEA,Seattle Seahawks,Kenneth Walker III,RB,00-0038134,1.0,0.0,0.0,0.0,0.0,14.73,55.0,0.66,5.27,4.05,23.2,0.36,0.636,72.0,40.37,29.11,268.3,126.0,2.74143765620168,1.0500858928544297,1.0091887423681036,1.0,1.0,kenneth walker iii,kennethwalkeriii,kwalker,Seattle Seahawks,00-0038134,0.0,0.0,0.0,0.0,16.0,56.0,0.0,4.0,3.0,18.0,0.0,K.Walker,SEA,team_norm & _alias_init_last,0.0,0.0,0.0,0.0,-1.2699999999999996,-1.0,0.66,1.2699999999999996,1.0499999999999998,5.199999999999999,0.36
2025,13,0.0,2025_13_MIN_SEA,Seattle Seahawks,Zach Charbonnet,RB,00-0039165,1.0,0.0,0.0,0.0,0.0,8.18,30.3,0.24,3.28,2.52,14.4,0.21,0.3647,72.0,40.37,29.11,268.3,126.0,2.74143765620168,1.0500858928544297,1.0091887423681036,1.0,1.0,zach charbonnet,zachcharbonnet,zcharbonnet,Seattle Seahawks,00-0039165,0.0,0.0,0.0,0.0,14.0,52.0,1.0,0.0,0.0,0.0,0.0,Z.Charbonnet,SEA,team_norm & _alias_init_last,0.0,0.0,0.0,0.0,-5.82,-21.7,-0.76,3.28,2.52,14.4,0.21
2025,13,0.0,2025_13_MIN_SEA,Seattle Seahawks,Myles Gaskin,RB,00-0035311,1.0,0.0,0.0,0.0,0.0,0.0,0.0,0.0,0.0,0.0,0.0,0.0,0.0,72.0,40.37,29.11,268.3,126.0,2.74143765620168,1.0500858928544297,1.0091887423681036,1.0,1.0,myles gaskin,mylesgaskin,mgaskin,Seattle Seahawks,00-0035311,0.0,0.0,0.0,0.0,3.0,6.0,0.0,0.0,0.0,0.0,0.0,M.Gaskin,SEA,team_norm & _alias_init_last,0.0,0.0,0.0,0.0,-3.0,-6.0,0.0,0.0,0.0,0.0,0.0
2025,13,0.0,2025_13_MIN_SEA,Seattle Seahawks,Velus Jones Jr.,RB,00-0037745,1.0,0.0,0.0,0.0,0.0,0.0,0.0,0.0,0.0,0.0,0.0,0.0,0.0,72.0,40.37,29.11,268.3,126.0,2.74143765620168,1.0500858928544297,1.0091887423681036,1.0,1.0,velus jones jr.,velusjonesjr,vjones,Seattle Seahawks,00-0037745,,,,,,,,,,,,,,,,,,,,,,,,,
2025,13,0.0,2025_13_MIN_SEA,Seattle Seahawks,AJ Barner,TE,00-0039793,1.0,0.0,0.0,0.0,0.0,0.0,0.0,0.0,7.26,5.05,37.9,0.47,0.3753,72.0,40.37,29.11,268.3,126.0,2.74143765620168,1.0500858928544297,1.0091887423681036,1.0,1.0,aj barner,ajbarner,abarner,Seattle Seahawks,00-0039793,0.0,0.0,0.0,0.0,1.0,2.0,0.0,5.0,4.0,35.0,0.0,A.Barner,SEA,team_norm & _alias_init_last,0.0,0.0,0.0,0.0,-1.0,-2.0,0.0,2.26,1.0499999999999998,2.8999999999999986,0.47
2025,13,0.0,2025_13_MIN_SEA,Seattle Seahawks,Elijah Arroyo,TE,00-0040739,1.0,0.0,0.0,0.0,0.0,0.0,0.0,0.0,3.75,2.08,22.0,0.25,0.2224,72.0,40.37,29.11,268.3,126.0,2.74143765620168,1.0500858928544297,1.0091887423681036,1.0,1.0,elijah arroyo,elijaharroyo,earroyo,Seattle Seahawks,00-0040739,0.0,0.0,0.0,0.0,0.0,0.0,0.0,2.0,0.0,0.0,0.0,E.Arroyo,SEA,team_norm & _alias_init_last,0.0,0.0,0.0,0.0,0.0,0.0,0.0,1.75,2.08,22.0,0.25
2025,13,0.0,2025_13_MIN_SEA,Seattle Seahawks,Nick Kallerup,TE,00-0040058,1.0,0.0,0.0,0.0,0.0,0.0,0.0,0.0,0.0,0.0,0.0,0.0,0.0,72.0,40.37,29.11,268.3,126.0,2.74143765620168,1.0500858928544297,1.0091887423681036,1.0,1.0,nick kallerup,nickkallerup,nkallerup,Seattle Seahawks,00-0040058,,,,,,,,,,,,,,,,,,,,,,,,,
2025,13,0.0,2025_13_MIN_SEA,Seattle Seahawks,Jaxon Smith-Njigba,WR,00-0038543,1.0,0.0,0.0,0.0,0.0,0.0,0.0,0.0,8.91,6.15,51.4,0.56,0.4291,72.0,40.37,29.11,268.3,126.0,2.74143765620168,1.0500858928544297,1.0091887423681036,1.0,1.0,jaxon smith-njigba,jaxonsmithnjigba,jsmithnjigba,Seattle Seahawks,00-0038543,0.0,0.0,0.0,0.0,0.0,0.0,0.0,6.0,2.0,23.0,0.0,J.Smith-Njigba,SEA,team_norm & _alias_init_last,0.0,0.0,0.0,0.0,0.0,0.0,0.0,2.91,4.15,28.4,0.56
2025,13,0.0,2025_13_MIN_SEA,Seattle Seahawks,Cooper Kupp,WR,00-0033908,1.0,0.0,0.0,0.0,0.0,0.0,0.0,0.0,6.71,4.32,36.1,0.44,0.3567,72.0,40.37,29.11,268.3,126.0,2.74143765620168,1.0500858928544297,1.0091887423681036,1.0,1.0,cooper kupp,cooperkupp,ckupp,Seattle Seahawks,00-0033908,0.0,0.0,0.0,0.0,0.0,0.0,0.0,4.0,3.0,24.0,0.0,C.Kupp,SEA,team_norm & _alias_init_last,0.0,0.0,0.0,0.0,0.0,0.0,0.0,2.71,1.3200000000000003,12.100000000000001,0.44
2025,13,0.0,2025_13_MIN_SEA,Seattle Seahawks,Rashid Shaheed,WR,00-0037545,1.0,0.0,0.0,0.0,0.0,0.0,0.0,0.0,4.47,2.85,24.9,0.27,0.2401,72.0,40.37,29.11,268.3,126.0,2.74143765620168,1.0500858928544297,1.0091887423681036,1.0,1.0,rashid shaheed,rashidshaheed,rshaheed,Seattle Seahawks,00-0037545,0.0,0.0,0.0,0.0,1.0,9.0,0.0,3.0,1.0,7.0,0.0,R.Shaheed,SEA,team_norm & _alias_init_last,0.0,0.0,0.0,0.0,-1.0,-9.0,0.0,1.4699999999999998,1.85,17.9,0.27
2025,13,0.0,2025_13_MIN_SEA,Seattle Seahawks,Cody White,WR,00-0035891,1.0,0.0,0.0,0.0,0.0,0.0,0.0,0.0,0.0,0.0,0.0,0.0,0.0,72.0,40.37,29.11,268.3,126.0,2.74143765620168,1.0500858928544297,1.0091887423681036,1.0,1.0,cody white,codywhite,cwhite,Seattle Seahawks,00-0035891,0.0,0.0,0.0,0.0,0.0,0.0,0.0,1.0,1.0,21.0,0.0,C.White,SEA,team_norm & _alias_init_last,0.0,0.0,0.0,0.0,0.0,0.0,0.0,-1.0,-1.0,-21.0,0.0
2025,13,0.0,2025_13_MIN_SEA,Seattle Seahawks,Jake Bobo,WR,00-0038752,1.0,0.0,0.0,0.0,0.0,0.0,0.0,0.0,0.0,0.0,0.0,0.0,0.0,72.0,40.37,29.11,268.3,126.0,2.74143765620168,1.0500858928544297,1.0091887423681036,1.0,1.0,jake bobo,jakebobo,jbobo,Seattle Seahawks,00-0038752,,,,,,,,,,,,,,,,,,,,,,,,,
2025,13,0.0,2025_13_NO_MIA,Miami Dolphins,Tua Tagovailoa,QB,00-0036212,1.0,30.11,201.9,2.02,0.63,3.13,12.3,0.17,0.0,0.0,0.0,0.0,0.1524,59.3,24.94,32.62,189.3,161.3,2.5610548251922527,1.7934825112877275,0.6234325144851085,1.0,1.0,tua tagovailoa,tuatagovailoa,ttagovailoa,Miami Dolphins,00-0036212,28.0,157.0,0.0,1.0,0.0,0.0,0.0,0.0,0.0,0.0,0.0,T.Tagovailoa,MIA,team_norm & _alias_init_last,2.1099999999999994,44.900000000000006,2.02,-0.37,3.13,12.3,0.17,0.0,0.0,0.0,0.0
2025,13,0.0,2025_13_NO_MIA,Miami Dolphins,De'Von Achane,RB,00-0039040,1.0,0.0,0.0,0.0,0.0,18.96,79.3,1.26,3.18,2.47,17.7,0.33,0.796,59.3,24.94,32.62,189.3,161.3,2.5610548251922527,1.7934825112877275,0.6234325144851085,1.0,1.0,de'von achane,devonachane,dachane,Miami Dolphins,00-0039040,0.0,0.0,0.0,0.0,22.0,134.0,1.0,1.0,0.0,0.0,0.0,D.Achane,MIA,team_norm & _alias_init_last,0.0,0.0,0.0,0.0,-3.039999999999999,-54.7,0.26,2.18,2.47,17.7,0.33
2025,13,0.0,2025_13_NO_MIA,Miami Dolphins,Ollie Gordon II,RB,00-0040198,1.0,0.0,0.0,0.0,0.0,10.53,46.7,0.47,1.98,1.49,14.5,0.21,0.4918,59.3,24.94,32.62,189.3,161.3,2.5610548251922527,1.7934825112877275,0.6234325144851085,1.0,1.0,ollie gordon ii,olliegordonii,ogordon,Miami Dolphins,00-0040198,0.0,0.0,0.0,0.0,3.0,10.0,0.0,0.0,0.0,0.0,0.0,O.Gordon,MIA,team_norm & _alias_init_last,0.0,0.0,0.0,0.0,7.529999999999999,36.7,0.47,1.98,1.49,14.5,0.21
2025,13,0.0,2025_13_NO_MIA,Miami Dolphins,Jaylen Wright,RB,00-0039874,1.0,0.0,0.0,0.0,0.0,0.0,0.0,0.0,0.0,0.0,0.0,0.0,0.0,59.3,24.94,32.62,189.3,161.3,2.5610548251922527,1.7934825112877275,0.6234325144851085,1.0,1.0,jaylen wright,jaylenwright,jwright,Miami Dolphins,00-0039874,0.0,0.0,0.0,0.0,3.0,16.0,0.0,0.0,0.0,0.0,0.0,J.Wright,MIA,team_norm & _alias_init_last,0.0,0.0,0.0,0.0,-3.0,-16.0,0.0,0.0,0.0,0.0,0.0
2025,13,0.0,2025_13_NO_MIA,Miami Dolphins,Darren Waller,TE,00-0031610,1.0,0.0,0.0,0.0,0.0,0.0,0.0,0.0,4.48,2.72,25.5,0.43,0.3516,59.3,24.94,32.62,189.3,161.3,2.5610548251922527,1.7934825112877275,0.6234325144851085,1.0,1.0,darren waller,darrenwaller,dwaller,Miami Dolphins,00-0031610,0.0,0.0,0.0,0.0,0.0,0.0,0.0,3.0,2.0,47.0,0.0,D.Waller,MIA,team_norm & _alias_init_last,0.0,0.0,0.0,0.0,0.0,0.0,0.0,1.4800000000000004,0.7200000000000002,-21.5,0.43
2025,13,0.0,2025_13_NO_MIA,Miami Dolphins,Greg Dulcich,TE,00-0037252,1.0,0.0,0.0,0.0,0.0,0.0,0.0,0.0,2.32,1.29,12.6,0.22,0.1952,59.3,24.94,32.62,189.3,161.3,2.5610548251922527,1.7934825112877275,0.6234325144851085,1.0,1.0,greg dulcich,gregdulcich,gdulcich,Miami Dolphins,00-0037252,0.0,0.0,0.0,0.0,0.0,0.0,0.0,2.0,2.0,24.0,0.0,G.Dulcich,MIA,team_norm & _alias_init_last,0.0,0.0,0.0,0.0,0.0,0.0,0.0,0.31999999999999984,-0.71,-11.4,0.22
2025,13,0.0,2025_13_NO_MIA,Miami Dolphins,Julian Hill,TE,00-0038720,1.0,0.0,0.0,0.0,0.0,0.0,0.0,0.0,0.0,0.0,0.0,0.0,0.0,59.3,24.94,32.62,189.3,161.3,2.5610548251922527,1.7934825112877275,0.6234325144851085,1.0,1.0,julian hill,julianhill,jhill,Miami Dolphins,00-0038720,0.0,0.0,0.0,0.0,0.0,0.0,0.0,1.0,0.0,0.0,0.0,J.Hill,MIA,team_norm & _alias_init_last,0.0,0.0,0.0,0.0,0.0,0.0,0.0,-1.0,0.0,0.0,0.0
2025,13,0.0,2025_13_NO_MIA,Miami Dolphins,Jaylen Waddle,WR,00-0036613,1.0,0.0,0.0,0.0,0.0,0.0,0.0,0.0,5.71,3.46,34.6,0.53,0.4141,59.3,24.94,32.62,189.3,161.3,2.5610548251922527,1.7934825112877275,0.6234325144851085,1.0,1.0,jaylen waddle,jaylenwaddle,jwaddle,Miami Dolphins,00-0036613,0.0,0.0,0.0,0.0,0.0,0.0,0.0,6.0,3.0,40.0,0.0,J.Waddle,MIA,team_norm & _alias_init_last,0.0,0.0,0.0,0.0,0.0,0.0,0.0,-0.29000000000000004,0.45999999999999996,-5.399999999999999,0.53
2025,13,0.0,2025_13_NO_MIA,Miami Dolphins,Malik Washington,WR,00-0039880,1.0,0.0,0.0,0.0,0.0,0.0,0.0,0.0,4.3,2.91,30.2,0.42,0.3454,59.3,24.94,32.62,189.3,161.3,2.5610548251922527,1.7934825112877275,0.6234325144851085,1.0,1.0,malik washington,malikwashington,mwashington,Miami Dolphins,00-0039880,0.0,0.0,0.0,0.0,0.0,0.0,0.0,5.0,4.0,30.0,0.0,M.Washington,MIA,team_norm & _alias_init_last,0.0,0.0,0.0,0.0,0.0,0.0,0.0,-0.7000000000000002,-1.0899999999999999,0.1999999999999993,0.42
2025,13,0.0,2025_13_NO_MIA,Miami Dolphins,Nick Westbrook-Ikhine,WR,00-0036182,1.0,0.0,0.0,0.0,0.0,0.0,0.0,0.0,2.86,1.46,17.4,0.28,0.2445,59.3,24.94,32.62,189.3,161.3,2.5610548251922527,1.7934825112877275,0.6234325144851085,1.0,1.0,nick westbrook-ikhine,nickwestbrookikhine,nwestbrookikhine,Miami Dolphins,00-0036182,,,,,,,,,,,,,,,,,,,,,,,,,
2025,13,0.0,2025_13_NO_MIA,Miami Dolphins,Cedrick Wilson Jr.,WR,00-0034418,1.0,0.0,0.0,0.0,0.0,0.0,0.0,0.0,0.0,0.0,0.0,0.0,0.0,59.3,24.94,32.62,189.3,161.3,2.5610548251922527,1.7934825112877275,0.6234325144851085,1.0,1.0,cedrick wilson jr.,cedrickwilsonjr,cwilson,Miami Dolphins,00-0034418,0.0,0.0,0.0,0.0,0.0,0.0,0.0,2.0,1.0,16.0,0.0,C.Wilson,MIA,team_norm & _alias_init_last,0.0,0.0,0.0,0.0,0.0,0.0,0.0,-2.0,-1.0,-16.0,0.0
2025,13,0.0,2025_13_NO_MIA,Miami Dolphins,Dee Eskridge,WR,00-0036620,1.0,0.0,0.0,0.0,0.0,0.0,0.0,0.0,0.0,0.0,0.0,0.0,0.0,59.3,24.94,32.62,189.3,161.3,2.5610548251922527,1.7934825112877275,0.6234325144851085,1.0,1.0,dee eskridge,deeeskridge,deskridge,Miami Dolphins,00-0036620,,,,,,,,,,,,,,,,,,,,,,,,,
2025,13,0.0,2025_13_NO_MIA,New Orleans Saints,Tyler Shough,QB,00-0040743,1.0,47.41,239.2,1.9,1.15,1.67,4.9,0.04,0.0,0.0,0.0,0.0,0.0419,72.0,45.57,23.4,255.6,85.5,2.115727153075585,0.5806016911035679,1.1392387843414198,1.0,1.0,tyler shough,tylershough,tshough,New Orleans Saints,00-0040743,47.0,239.0,2.0,1.0,4.0,2.0,0.0,0.0,0.0,0.0,0.0,T.Shough,NO,team_norm & _alias_init_last,0.4099999999999966,0.19999999999998863,-0.10000000000000009,0.1499999999999999,-2.33,2.9000000000000004,0.04,0.0,0.0,0.0,0.0
2025,13,0.0,2025_13_NO_MIA,New Orleans Saints,Alvin Kamara,RB,00-0033906,1.0,0.0,0.0,0.0,0.0,13.97,42.9,0.41,5.89,4.54,23.9,0.27,0.4947,72.0,45.57,23.4,255.6,85.5,2.115727153075585,0.5806016911035679,1.1392387843414198,0.0,0.0,alvin kamara,alvinkamara,akamara,New Orleans Saints,00-0033906,,,,,,,,,,,,,,,,,,,,,,,,,
2025,13,0.0,2025_13_NO_MIA,New Orleans Saints,Devin Neal,RB,00-0040202,1.0,0.0,0.0,0.0,0.0,7.76,26.6,0.14,3.67,2.84,18.7,0.17,0.264,72.0,45.57,23.4,255.6,85.5,2.115727153075585,0.5806016911035679,1.1392387843414198,1.0,1.0,devin neal,devinneal,dneal,New Orleans Saints,00-0040202,0.0,0.0,0.0,0.0,14.0,47.0,0.0,3.0,3.0,22.0,0.0,D.Neal,NO,team_norm & _alias_init_last,0.0,0.0,0.0,0.0,-6.24,-20.4,0.14,0.6699999999999999,-0.16000000000000014,-3.3000000000000007,0.17
2025,13,0.0,2025_13_NO_MIA,New Orleans Saints,Audric Estime,RB,00-0039373,1.0,0.0,0.0,0.0,0.0,0.0,0.0,0.0,0.0,0.0,0.0,0.0,0.0,72.0,45.57,23.4,255.6,85.5,2.115727153075585,0.5806016911035679,1.1392387843414198,1.0,1.0,audric estime,audricestime,aestime,New Orleans Saints,00-0039373,,,,,,,,,,,,,,,,,,,,,,,,,
2025,13,0.0,2025_13_NO_MIA,New Orleans Saints,Evan Hull,RB,00-0038397,1.0,0.0,0.0,0.0,0.0,0.0,0.0,0.0,0.0,0.0,0.0,0.0,0.0,72.0,45.57,23.4,255.6,85.5,2.115727153075585,0.5806016911035679,1.1392387843414198,1.0,1.0,evan hull,evanhull,ehull,New Orleans Saints,00-0038397,0.0,0.0,0.0,0.0,5.0,15.0,0.0,0.0,0.0,0.0,0.0,E.Hull,NO,team_norm & _alias_init_last,0.0,0.0,0.0,0.0,-5.0,-15.0,0.0,0.0,0.0,0.0,0.0
2025,13,0.0,2025_13_NO_MIA,New Orleans Saints,Juwan Johnson,TE,00-0036040,1.0,0.0,0.0,0.0,0.0,0.0,0.0,0.0,8.27,4.94,32.8,0.34,0.2888,72.0,45.57,23.4,255.6,85.5,2.115727153075585,0.5806016911035679,1.1392387843414198,1.0,1.0,juwan johnson,juwanjohnson,jjohnson,New Orleans Saints,00-0036040,0.0,0.0,0.0,0.0,0.0,0.0,0.0,9.0,5.0,39.0,0.0,J.Johnson,NO,team_norm & _alias_init_last,0.0,0.0,0.0,0.0,0.0,0.0,0.0,-0.7300000000000004,-0.05999999999999961,-6.200000000000003,0.34
2025,13,0.0,2025_13_NO_MIA,New Orleans Saints,Foster Moreau,TE,00-0034981,1.0,0.0,0.0,0.0,0.0,0.0,0.0,0.0,4.27,2.59,17.4,0.18,0.1671,72.0,45.57,23.4,255.6,85.5,2.115727153075585,0.5806016911035679,1.1392387843414198,1.0,1.0,foster moreau,fostermoreau,fmoreau,New Orleans Saints,00-0034981,0.0,0.0,0.0,0.0,0.0,0.0,0.0,2.0,2.0,13.0,0.0,F.Moreau,NO,team_norm & _alias_init_last,0.0,0.0,0.0,0.0,0.0,0.0,0.0,2.2699999999999996,0.5899999999999999,4.399999999999999,0.18
2025,13,0.0,2025_13_NO_MIA,New Orleans Saints,Jack Stoll,TE,00-0036741,1.0,0.0,0.0,0.0,0.0,0.0,0.0,0.0,0.0,0.0,0.0,0.0,0.0,72.0,45.57,23.4,255.6,85.5,2.115727153075585,0.5806016911035679,1.1392387843414198,1.0,1.0,jack stoll,jackstoll,jstoll,New Orleans Saints,00-0036741,,,,,,,,,,,,,,,,,,,,,,,,,
2025,13,0.0,2025_13_NO_MIA,New Orleans Saints,Chris Olave,WR,00-0037239,1.0,0.0,0.0,0.0,0.0,0.0,0.0,0.0,10.21,6.17,45.8,0.43,0.3496,72.0,45.57,23.4,255.6,85.5,2.115727153075585,0.5806016911035679,1.1392387843414198,1.0,1.0,chris olave,chrisolave,colave,New Orleans Saints,00-0037239,0.0,0.0,0.0,0.0,0.0,0.0,0.0,7.0,4.0,47.0,1.0,C.Olave,NO,team_norm & _alias_init_last,0.0,0.0,0.0,0.0,0.0,0.0,0.0,3.210000000000001,2.17,-1.2000000000000028,-0.5700000000000001
2025,13,0.0,2025_13_NO_MIA,New Orleans Saints,Devaughn Vele,WR,00-0039424,1.0,0.0,0.0,0.0,0.0,0.0,0.0,0.0,7.69,4.75,38.0,0.34,0.2852,72.0,45.57,23.4,255.6,85.5,2.115727153075585,0.5806016911035679,1.1392387843414198,1.0,1.0,devaughn vele,devaughnvele,dvele,New Orleans Saints,00-0039424,0.0,0.0,0.0,0.0,0.0,0.0,0.0,10.0,8.0,93.0,1.0,D.Vele,NO,team_norm & _alias_init_last,0.0,0.0,0.0,0.0,0.0,0.0,0.0,-2.3099999999999996,-3.25,-55.0,-0.6599999999999999
2025,13,0.0,2025_13_NO_MIA,New Orleans Saints,Mason Tipton,WR,00-0039623,1.0,0.0,0.0,0.0,0.0,0.0,0.0,0.0,5.12,2.8,27.3,0.22,0.2009,72.0,45.57,23.4,255.6,85.5,2.115727153075585,0.5806016911035679,1.1392387843414198,1.0,1.0,mason tipton,masontipton,mtipton,New Orleans Saints,00-0039623,0.0,0.0,0.0,0.0,1.0,-1.0,0.0,4.0,3.0,20.0,0.0,M.Tipton,NO,team_norm & _alias_init_last,0.0,0.0,0.0,0.0,-1.0,1.0,0.0,1.12,-0.20000000000000018,7.300000000000001,0.22
2025,13,0.0,2025_13_NO_MIA,New Orleans Saints,Dante Pettis,WR,00-0034860,1.0,0.0,0.0,0.0,0.0,0.0,0.0,0.0,0.0,0.0,0.0,0.0,0.0,72.0,45.57,23.4,255.6,85.5,2.115727153075585,0.5806016911035679,1.1392387843414198,1.0,1.0,dante pettis,dantepettis,dpettis,New Orleans Saints,00-0034860,,,,,,,,,,,,,,,,,,,,,,,,,
2025,13,0.0,2025_13_NO_MIA,New Orleans Saints,Kevin Austin Jr.,WR,00-0037231,1.0,0.0,0.0,0.0,0.0,0.0,0.0,0.0,0.0,0.0,0.0,0.0,0.0,72.0,45.57,23.4,255.6,85.5,2.115727153075585,0.5806016911035679,1.1392387843414198,1.0,1.0,kevin austin jr.,kevinaustinjr,kaustin,New Orleans Saints,00-0037231,,,,,,,,,,,,,,,,,,,,,,,,,
2025,13,0.0,2025_13_NYG_NE,New England Patriots,Drake Maye,QB,00-0039851,1.0,37.75,196.0,1.93,1.02,6.39,17.8,0.24,0.0,0.0,0.0,0.0,0.2111,72.0,40.29,28.8,226.0,105.3,2.636284751332582,1.0568653539105046,1.007282976212141,1.0,1.0,drake maye,drakemaye,dmaye,New England Patriots,00-0039851,38.0,282.0,2.0,0.0,2.0,5.0,0.0,0.0,0.0,0.0,0.0,D.Maye,NE,team_norm & _alias_init_last,-0.25,-86.0,-0.07000000000000006,1.02,4.39,12.8,0.24,0.0,0.0,0.0,0.0
2025,13,0.0,2025_13_NYG_NE,New England Patriots,TreVeyon Henderson,RB,00-0040734,1.0,0.0,0.0,0.0,0.0,14.4,46.8,0.65,5.1,4.01,22.4,0.33,0.6248,72.0,40.29,28.8,226.0,105.3,2.636284751332582,1.0568653539105046,1.007282976212141,1.0,1.0,treveyon henderson,treveyonhenderson,thenderson,New England Patriots,00-0040734,0.0,0.0,0.0,0.0,11.0,67.0,0.0,4.0,3.0,19.0,0.0,T.Henderson,NE,team_norm & _alias_init_last,0.0,0.0,0.0,0.0,3.4000000000000004,-20.200000000000003,0.65,1.0999999999999996,1.0099999999999998,3.3999999999999986,0.33
2025,13,0.0,2025_13_NYG_NE,New England Patriots,Rhamondre Stevenson,RB,00-0036875,1.0,0.0,0.0,0.0,0.0,8.0,24.8,0.23,3.17,2.32,11.4,0.21,0.357,72.0,40.29,28.8,226.0,105.3,2.636284751332582,1.0568653539105046,1.007282976212141,1.0,1.0,rhamondre stevenson,rhamondrestevenson,rstevenson,New England Patriots,00-0036875,0.0,0.0,0.0,0.0,12.0,40.0,0.0,3.0,3.0,40.0,0.0,R.Stevenson,NE,team_norm & _alias_init_last,0.0,0.0,0.0,0.0,-4.0,-15.2,0.23,0.16999999999999993,-0.6800000000000002,-28.6,0.21
2025,13,0.0,2025_13_NYG_NE,New England Patriots,Terrell Jennings,RB,00-0039757,1.0,0.0,0.0,0.0,0.0,0.0,0.0,0.0,0.0,0.0,0.0,0.0,0.0,72.0,40.29,28.8,226.0,105.3,2.636284751332582,1.0568653539105046,1.007282976212141,1.0,1.0,terrell jennings,terrelljennings,tjennings,New England Patriots,00-0039757,,,,,,,,,,,,,,,,,,,,,,,,,
2025,13,0.0,2025_13_NYG_NE,New England Patriots,Hunter Henry,TE,00-0033090,1.0,0.0,0.0,0.0,0.0,0.0,0.0,0.0,7.1,4.43,27.0,0.43,0.3524,72.0,40.29,28.8,226.0,105.3,2.636284751332582,1.0568653539105046,1.007282976212141,1.0,1.0,hunter henry,hunterhenry,hhenry,New England Patriots,00-0033090,0.0,0.0,0.0,0.0,0.0,0.0,0.0,7.0,4.0,73.0,0.0,H.Henry,NE,team_norm & _alias_init_last,0.0,0.0,0.0,0.0,0.0,0.0,0.0,0.09999999999999964,0.4299999999999997,-46.0,0.43
2025,13,0.0,2025_13_NYG_NE,New England Patriots,Austin Hooper,TE,00-0032392,1.0,0.0,0.0,0.0,0.0,0.0,0.0,0.0,3.67,2.33,13.1,0.22,0.1982,72.0,40.29,28.8,226.0,105.3,2.636284751332582,1.0568653539105046,1.007282976212141,1.0,1.0,austin hooper,austinhooper,ahooper,New England Patriots,00-0032392,,,,,,,,,,,,,,,,,,,,,,,,,
2025,13,0.0,2025_13_NYG_NE,New England Patriots,CJ Dippre,TE,00-0040566,1.0,0.0,0.0,0.0,0.0,0.0,0.0,0.0,0.0,0.0,0.0,0.0,0.0,72.0,40.29,28.8,226.0,105.3,2.636284751332582,1.0568653539105046,1.007282976212141,0.0,0.0,cj dippre,cjdippre,cdippre,New England Patriots,00-0040566,,,,,,,,,,,,,,,,,,,,,,,,,
2025,13,0.0,2025_13_NYG_NE,New England Patriots,Cole Fotheringham,TE,00-0037506,1.0,0.0,0.0,0.0,0.0,0.0,0.0,0.0,0.0,0.0,0.0,0.0,0.0,72.0,40.29,28.8,226.0,105.3,2.636284751332582,1.0568653539105046,1.007282976212141,0.0,0.0,cole fotheringham,colefotheringham,cfotheringham,New England Patriots,00-0037506,,,,,,,,,,,,,,,,,,,,,,,,,
2025,13,0.0,2025_13_NYG_NE,New England Patriots,Stefon Diggs,WR,00-0031588,1.0,0.0,0.0,0.0,0.0,0.0,0.0,0.0,9.42,6.45,43.5,0.57,0.4345,72.0,40.29,28.8,226.0,105.3,2.636284751332582,1.0568653539105046,1.007282976212141,1.0,1.0,stefon diggs,stefondiggs,sdiggs,New England Patriots,00-0031588,0.0,0.0,0.0,0.0,0.0,0.0,0.0,4.0,3.0,26.0,0.0,S.Diggs,NE,team_norm & _alias_init_last,0.0,0.0,0.0,0.0,0.0,0.0,0.0,5.42,3.45,17.5,0.57
2025,13,0.0,2025_13_NYG_NE,New England Patriots,Kayshon Boutte,WR,00-0038608,1.0,0.0,0.0,0.0,0.0,0.0,0.0,0.0,7.1,4.17,33.9,0.43,0.3486,72.0,40.29,28.8,226.0,105.3,2.636284751332582,1.0568653539105046,1.007282976212141,1.0,1.0,kayshon boutte,kayshonboutte,kboutte,New England Patriots,00-0038608,0.0,0.0,0.0,0.0,0.0,0.0,0.0,6.0,4.0,35.0,1.0,K.Boutte,NE,team_norm & _alias_init_last,0.0,0.0,0.0,0.0,0.0,0.0,0.0,1.0999999999999996,0.16999999999999993,-1.1000000000000014,-0.5700000000000001
2025,13,0.0,2025_13_NYG_NE,New England Patriots,Mack Hollins,WR,00-0033555,1.0,0.0,0.0,0.0,0.0,0.0,0.0,0.0,4.73,2.84,20.5,0.29,0.2493,72.0,40.29,28.8,226.0,105.3,2.636284751332582,1.0568653539105046,1.007282976212141,1.0,1.0,mack hollins,mackhollins,mhollins,New England Patriots,00-0033555,0.0,0.0,0.0,0.0,0.0,0.0,0.0,4.0,3.0,23.0,0.0,M.Hollins,NE,team_norm & _alias_init_last,0.0,0.0,0.0,0.0,0.0,0.0,0.0,0.7300000000000004,-0.16000000000000014,-2.5,0.29
2025,13,0.0,2025_13_NYG_NE,New England Patriots,Brandon Smith,WR,00-0036775,1.0,0.0,0.0,0.0,0.0,0.0,0.0,0.0,0.0,0.0,0.0,0.0,0.0,72.0,40.29,28.8,226.0,105.3,2.636284751332582,1.0568653539105046,1.007282976212141,0.0,0.0,brandon smith,brandonsmith,bsmith,New England Patriots,00-0036775,,,,,,,,,,,,,,,,,,,,,,,,,
2025,13,0.0,2025_13_NYG_NE,New England Patriots,DeMario Douglas,WR,00-0038621,1.0,0.0,0.0,0.0,0.0,0.0,0.0,0.0,0.0,0.0,0.0,0.0,0.0,72.0,40.29,28.8,226.0,105.3,2.636284751332582,1.0568653539105046,1.007282976212141,1.0,1.0,demario douglas,demariodouglas,ddouglas,New England Patriots,00-0038621,0.0,0.0,0.0,0.0,0.0,0.0,0.0,3.0,3.0,33.0,0.0,D.Douglas,NE,team_norm & _alias_init_last,0.0,0.0,0.0,0.0,0.0,0.0,0.0,-3.0,-3.0,-33.0,0.0
2025,13,0.0,2025_13_NYG_NE,New England Patriots,Efton Chism III,WR,00-0040563,1.0,0.0,0.0,0.0,0.0,0.0,0.0,0.0,0.0,0.0,0.0,0.0,0.0,72.0,40.29,28.8,226.0,105.3,2.636284751332582,1.0568653539105046,1.007282976212141,1.0,1.0,efton chism iii,eftonchismiii,echism,New England Patriots,00-0040563,,,,,,,,,,,,,,,,,,,,,,,,,
2025,13,0.0,2025_13_NYG_NE,New England Patriots,Kyle Williams,WR,00-0040131,1.0,0.0,0.0,0.0,0.0,0.0,0.0,0.0,0.0,0.0,0.0,0.0,0.0,72.0,40.29,28.8,226.0,105.3,2.636284751332582,1.0568653539105046,1.007282976212141,1.0,1.0,kyle williams,kylewilliams,kwilliams,New England Patriots,00-0040131,0.0,0.0,0.0,0.0,0.0,0.0,0.0,1.0,1.0,33.0,1.0,K.Williams,NE,team_norm & _alias_init_last,0.0,0.0,0.0,0.0,0.0,0.0,0.0,-1.0,-1.0,-33.0,-1.0
2025,13,0.0,2025_13_NYG_NE,New York Giants,Jaxson Dart,QB,00-0040691,1.0,37.18,253.8,1.11,0.9,5.0,19.5,0.1,0.0,0.0,0.0,0.0,0.0961,72.0,35.74,33.78,271.3,167.0,1.227536574236977,0.609200498229064,0.8934779563689411,1.0,1.0,jaxson dart,jaxsondart,jdart,New York Giants,00-0040691,33.0,139.0,1.0,0.0,0.0,0.0,0.0,0.0,0.0,0.0,0.0,J.Dart,NYG,team_norm & _alias_init_last,4.18,114.80000000000001,0.1100000000000001,0.9,5.0,19.5,0.1,0.0,0.0,0.0,0.0
2025,13,0.0,2025_13_NYG_NE,New York Giants,Tyrone Tracy Jr.,RB,00-0039384,1.0,0.0,0.0,0.0,0.0,18.5,75.9,0.39,4.63,3.21,24.5,0.16,0.4194,72.0,35.74,33.78,271.3,167.0,1.227536574236977,0.609200498229064,0.8934779563689411,1.0,1.0,tyrone tracy jr.,tyronetracyjr,ttracy,New York Giants,00-0039384,0.0,0.0,0.0,0.0,10.0,36.0,0.0,1.0,1.0,-3.0,0.0,T.Tracy,NYG,team_norm & _alias_init_last,0.0,0.0,0.0,0.0,8.5,39.900000000000006,0.39,3.63,2.21,27.5,0.16
2025,13,0.0,2025_13_NYG_NE,New York Giants,Devin Singletary,RB,00-0035250,1.0,0.0,0.0,0.0,0.0,10.28,43.0,0.14,2.88,2.14,14.2,0.1,0.2141,72.0,35.74,33.78,271.3,167.0,1.227536574236977,0.609200498229064,0.8934779563689411,1.0,1.0,devin singletary,devinsingletary,dsingletary,New York Giants,00-0035250,0.0,0.0,0.0,0.0,12.0,68.0,1.0,4.0,3.0,34.0,0.0,D.Singletary,NYG,team_norm & _alias_init_last,0.0,0.0,0.0,0.0,-1.7200000000000006,-25.0,-0.86,-1.12,-0.8599999999999999,-19.8,0.1
2025,13,0.0,2025_13_NYG_NE,New York Giants,Eric Gray,RB,00-0038396,1.0,0.0,0.0,0.0,0.0,0.0,0.0,0.0,0.0,0.0,0.0,0.0,0.0,72.0,35.74,33.78,271.3,167.0,1.227536574236977,0.609200498229064,0.8934779563689411,1.0,1.0,eric gray,ericgray,egray,New York Giants,00-0038396,,,,,,,,,,,,,,,,,,,,,,,,,
2025,13,0.0,2025_13_NYG_NE,New York Giants,Theo Johnson,TE,00-0039847,1.0,0.0,0.0,0.0,0.0,0.0,0.0,0.0,6.49,3.55,36.8,0.2,0.1852,72.0,35.74,33.78,271.3,167.0,1.227536574236977,0.609200498229064,0.8934779563689411,1.0,1.0,theo johnson,theojohnson,tjohnson,New York Giants,00-0039847,0.0,0.0,0.0,0.0,0.0,0.0,0.0,9.0,3.0,29.0,0.0,T.Johnson,NYG,team_norm & _alias_init_last,0.0,0.0,0.0,0.0,0.0,0.0,0.0,-2.51,0.5499999999999998,7.799999999999997,0.2
2025,13,0.0,2025_13_NYG_NE,New York Giants,Daniel Bellinger,TE,00-0038115,1.0,0.0,0.0,0.0,0.0,0.0,0.0,0.0,3.36,2.32,18.4,0.11,0.1013,72.0,35.74,33.78,271.3,167.0,1.227536574236977,0.609200498229064,0.8934779563689411,1.0,1.0,daniel bellinger,danielbellinger,dbellinger,New York Giants,00-0038115,,,,,,,,,,,,,,,,,,,,,,,,,
2025,13,0.0,2025_13_NYG_NE,New York Giants,Chris Manhertz,TE,00-0031484,1.0,0.0,0.0,0.0,0.0,0.0,0.0,0.0,0.0,0.0,0.0,0.0,0.0,72.0,35.74,33.78,271.3,167.0,1.227536574236977,0.609200498229064,0.8934779563689411,1.0,1.0,chris manhertz,chrismanhertz,cmanhertz,New York Giants,00-0031484,,,,,,,,,,,,,,,,,,,,,,,,,
2025,13,0.0,2025_13_NYG_NE,New York Giants,Jermaine Terry,TE,00-0040457,1.0,0.0,0.0,0.0,0.0,0.0,0.0,0.0,0.0,0.0,0.0,0.0,0.0,72.0,35.74,33.78,271.3,167.0,1.227536574236977,0.609200498229064,0.8934779563689411,0.0,0.0,jermaine terry,jermaineterry,jterry,New York Giants,00-0040457,,,,,,,,,,,,,,,,,,,,,,,,,
2025,13,0.0,2025_13_NYG_NE,New York Giants,Wan'Dale Robinson,WR,00-0038117,1.0,0.0,0.0,0.0,0.0,0.0,0.0,0.0,8.06,5.23,49.6,0.25,0.2215,72.0,35.74,33.78,271.3,167.0,1.227536574236977,0.609200498229064,0.8934779563689411,1.0,1.0,wan'dale robinson,wandalerobinson,wrobinson,New York Giants,,0.0,0.0,0.0,0.0,0.0,0.0,0.0,8.0,7.0,34.0,0.0,W.Robinson,NYG,team_norm & _alias_init_last,0.0,0.0,0.0,0.0,0.0,0.0,0.0,0.0600000000000005,-1.7699999999999996,15.600000000000001,0.25
2025,13,0.0,2025_13_NYG_NE,New York Giants,Darius Slayton,WR,00-0035535,1.0,0.0,0.0,0.0,0.0,0.0,0.0,0.0,6.07,3.35,36.7,0.19,0.1704,72.0,35.74,33.78,271.3,167.0,1.227536574236977,0.609200498229064,0.8934779563689411,1.0,1.0,darius slayton,dariusslayton,dslayton,New York Giants,00-0035535,0.0,0.0,0.0,0.0,0.0,0.0,0.0,4.0,2.0,41.0,1.0,D.Slayton,NYG,team_norm & _alias_init_last,0.0,0.0,0.0,0.0,0.0,0.0,0.0,2.0700000000000003,1.35,-4.299999999999997,-0.81
2025,13,0.0,2025_13_NYG_NE,New York Giants,Isaiah Hodgins,WR,00-0036165,1.0,0.0,0.0,0.0,0.0,0.0,0.0,0.0,4.05,2.61,26.3,0.13,0.1259,72.0,35.74,33.78,271.3,167.0,1.227536574236977,0.609200498229064,0.8934779563689411,1.0,1.0,isaiah hodgins,isaiahhodgins,ihodgins,New York Giants,00-0036165,0.0,0.0,0.0,0.0,0.0,0.0,0.0,1.0,1.0,4.0,0.0,I.Hodgins,NYG,team_norm & _alias_init_last,0.0,0.0,0.0,0.0,0.0,0.0,0.0,3.05,1.6099999999999999,22.3,0.13
2025,13,0.0,2025_13_NYG_NE,New York Giants,Antwane Wells Jr.,WR,00-0040438,1.0,0.0,0.0,0.0,0.0,0.0,0.0,0.0,0.0,0.0,0.0,0.0,0.0,72.0,35.74,33.78,271.3,167.0,1.227536574236977,0.609200498229064,0.8934779563689411,0.0,0.0,antwane wells jr.,antwanewellsjr,awells,New York Giants,00-0040438,,,,,,,,,,,,,,,,,,,,,,,,,
2025,13,0.0,2025_13_NYG_NE,New York Giants,Dalen Cambre,WR,00-0040431,1.0,0.0,0.0,0.0,0.0,0.0,0.0,0.0,0.0,0.0,0.0,0.0,0.0,72.0,35.74,33.78,271.3,167.0,1.227536574236977,0.609200498229064,0.8934779563689411,1.0,1.0,dalen cambre,dalencambre,dcambre,New York Giants,00-0040431,,,,,,,,,,,,,,,,,,,,,,,,,
2025,13,0.0,2025_13_NYG_NE,New York Giants,Gunner Olszewski,WR,00-0035645,1.0,0.0,0.0,0.0,0.0,0.0,0.0,0.0,0.0,0.0,0.0,0.0,0.0,72.0,35.74,33.78,271.3,167.0,1.227536574236977,0.609200498229064,0.8934779563689411,1.0,1.0,gunner olszewski,gunnerolszewski,golszewski,New York Giants,,,,,,,,,,,,,,,,,,,,,,,,,,
2025,13,0.0,2025_13_SF_CLE,Cleveland Browns,Shedeur Sanders,QB,00-0040668,1.0,33.89,196.8,1.23,0.82,0.97,3.4,0.02,0.0,0.0,0.0,0.0,0.0183,71.83,32.58,37.35,210.3,157.1,1.3459762515743623,0.7444939052541528,0.8144025435796438,1.0,1.0,shedeur sanders,shedeursanders,ssanders,Cleveland Browns,00-0040668,31.0,149.0,1.0,0.0,0.0,0.0,0.0,0.0,0.0,0.0,0.0,S.Sanders,CLE,team_norm & _alias_init_last,2.8900000000000006,47.80000000000001,0.22999999999999998,0.82,0.97,3.4,0.02,0.0,0.0,0.0,0.0
2025,13,0.0,2025_13_SF_CLE,Cleveland Browns,Quinshon Judkins,RB,00-0040784,1.0,0.0,0.0,0.0,0.0,23.39,84.0,0.55,4.2,2.94,22.2,0.17,0.509,71.83,32.58,37.35,210.3,157.1,1.3459762515743623,0.7444939052541528,0.8144025435796438,1.0,1.0,quinshon judkins,quinshonjudkins,qjudkins,Cleveland Browns,00-0040784,0.0,0.0,0.0,0.0,24.0,91.0,0.0,3.0,3.0,18.0,0.0,Q.Judkins,CLE,team_norm & _alias_init_last,0.0,0.0,0.0,0.0,-0.6099999999999994,-7.0,0.55,1.2000000000000002,-0.06000000000000005,4.199999999999999,0.17
2025,13,0.0,2025_13_SF_CLE,Cleveland Browns,Dylan Sampson,RB,00-0040162,1.0,0.0,0.0,0.0,0.0,12.99,50.2,0.19,2.61,1.98,12.7,0.11,0.2584,71.83,32.58,37.35,210.3,157.1,1.3459762515743623,0.7444939052541528,0.8144025435796438,1.0,1.0,dylan sampson,dylansampson,dsampson,Cleveland Browns,00-0040162,0.0,0.0,0.0,0.0,4.0,23.0,0.0,0.0,0.0,0.0,0.0,D.Sampson,CLE,team_norm & _alias_init_last,0.0,0.0,0.0,0.0,8.99,27.200000000000003,0.19,2.61,1.98,12.7,0.11
2025,13,0.0,2025_13_SF_CLE,Cleveland Browns,Jerome Ford,RB,00-0037267,1.0,0.0,0.0,0.0,0.0,0.0,0.0,0.0,0.0,0.0,0.0,0.0,0.0,71.83,32.58,37.35,210.3,157.1,1.3459762515743623,0.7444939052541528,0.8144025435796438,1.0,1.0,jerome ford,jeromeford,jford,Cleveland Browns,00-0037267,0.0,0.0,0.0,0.0,0.0,0.0,0.0,3.0,3.0,17.0,0.0,J.Ford,CLE,team_norm & _alias_init_last,0.0,0.0,0.0,0.0,0.0,0.0,0.0,-3.0,-3.0,-17.0,0.0
2025,13,0.0,2025_13_SF_CLE,Cleveland Browns,Raheim Sanders,RB,00-0040466,1.0,0.0,0.0,0.0,0.0,0.0,0.0,0.0,0.0,0.0,0.0,0.0,0.0,71.83,32.58,37.35,210.3,157.1,1.3459762515743623,0.7444939052541528,0.8144025435796438,1.0,1.0,raheim sanders,raheimsanders,rsanders,Cleveland Browns,00-0040466,,,,,,,,,,,,,,,,,,,,,,,,,
2025,13,0.0,2025_13_SF_CLE,Cleveland Browns,Harold Fannin Jr.,TE,00-0040663,1.0,0.0,0.0,0.0,0.0,0.0,0.0,0.0,5.84,3.35,27.3,0.22,0.194,71.83,32.58,37.35,210.3,157.1,1.3459762515743623,0.7444939052541528,0.8144025435796438,1.0,1.0,harold fannin jr.,haroldfanninjr,hfannin,Cleveland Browns,00-0040663,0.0,0.0,0.0,0.0,1.0,0.0,0.0,5.0,3.0,43.0,1.0,H.Fannin,CLE,team_norm & _alias_init_last,0.0,0.0,0.0,0.0,-1.0,0.0,0.0,0.8399999999999999,0.3500000000000001,-15.7,-0.78
2025,13,0.0,2025_13_SF_CLE,Cleveland Browns,David Njoku,TE,00-0033885,1.0,0.0,0.0,0.0,0.0,0.0,0.0,0.0,3.02,1.75,12.1,0.12,0.1104,71.83,32.58,37.35,210.3,157.1,1.3459762515743623,0.7444939052541528,0.8144025435796438,1.0,1.0,david njoku,davidnjoku,dnjoku,Cleveland Browns,00-0033885,0.0,0.0,0.0,0.0,0.0,0.0,0.0,2.0,2.0,4.0,0.0,D.Njoku,CLE,team_norm & _alias_init_last,0.0,0.0,0.0,0.0,0.0,0.0,0.0,1.02,-0.25,8.1,0.12
2025,13,0.0,2025_13_SF_CLE,Cleveland Browns,Blake Whiteheart,TE,00-0038710,1.0,0.0,0.0,0.0,0.0,0.0,0.0,0.0,0.0,0.0,0.0,0.0,0.0,71.83,32.58,37.35,210.3,157.1,1.3459762515743623,0.7444939052541528,0.8144025435796438,1.0,1.0,blake whiteheart,blakewhiteheart,bwhiteheart,Cleveland Browns,00-0038710,,,,,,,,,,,,,,,,,,,,,,,,,
2025,13,0.0,2025_13_SF_CLE,Cleveland Browns,Brenden Bates,TE,00-0039458,1.0,0.0,0.0,0.0,0.0,0.0,0.0,0.0,0.0,0.0,0.0,0.0,0.0,71.83,32.58,37.35,210.3,157.1,1.3459762515743623,0.7444939052541528,0.8144025435796438,0.0,0.0,brenden bates,brendenbates,bbates,Cleveland Browns,00-0039458,,,,,,,,,,,,,,,,,,,,,,,,,
2025,13,0.0,2025_13_SF_CLE,Cleveland Browns,Jerry Jeudy,WR,00-0036407,1.0,0.0,0.0,0.0,0.0,0.0,0.0,0.0,7.49,4.35,41.1,0.29,0.2483,71.83,32.58,37.35,210.3,157.1,1.3459762515743623,0.7444939052541528,0.8144025435796438,1.0,1.0,jerry jeudy,jerryjeudy,jjeudy,Cleveland Browns,00-0036407,0.0,0.0,0.0,0.0,0.0,0.0,0.0,5.0,3.0,26.0,0.0,J.Jeudy,CLE,team_norm & _alias_init_last,0.0,0.0,0.0,0.0,0.0,0.0,0.0,2.49,1.3499999999999996,15.100000000000001,0.29
2025,13,0.0,2025_13_SF_CLE,Cleveland Browns,Cedric Tillman,WR,00-0038979,1.0,0.0,0.0,0.0,0.0,0.0,0.0,0.0,5.64,2.86,31.4,0.22,0.1997,71.83,32.58,37.35,210.3,157.1,1.3459762515743623,0.7444939052541528,0.8144025435796438,1.0,1.0,cedric tillman,cedrictillman,ctillman,Cleveland Browns,00-0038979,0.0,0.0,0.0,0.0,0.0,0.0,0.0,1.0,0.0,0.0,0.0,C.Tillman,CLE,team_norm & _alias_init_last,0.0,0.0,0.0,0.0,0.0,0.0,0.0,4.64,2.86,31.4,0.22
2025,13,0.0,2025_13_SF_CLE,Cleveland Browns,Isaiah Bond,WR,00-0040782,1.0,0.0,0.0,0.0,0.0,0.0,0.0,0.0,3.76,1.8,24.7,0.15,0.1365,71.83,32.58,37.35,210.3,157.1,1.3459762515743623,0.7444939052541528,0.8144025435796438,1.0,1.0,isaiah bond,isaiahbond,ibond,Cleveland Browns,00-0040782,0.0,0.0,0.0,0.0,1.0,9.0,0.0,2.0,1.0,18.0,0.0,I.Bond,CLE,team_norm & _alias_init_last,0.0,0.0,0.0,0.0,-1.0,-9.0,0.0,1.7599999999999998,0.8,6.699999999999999,0.15
2025,13,0.0,2025_13_SF_CLE,Cleveland Browns,Cade McDonald,WR,00-0040615,1.0,0.0,0.0,0.0,0.0,0.0,0.0,0.0,0.0,0.0,0.0,0.0,0.0,71.83,32.58,37.35,210.3,157.1,1.3459762515743623,0.7444939052541528,0.8144025435796438,0.0,0.0,cade mcdonald,cademcdonald,cmcdonald,Cleveland Browns,00-0040615,,,,,,,,,,,,,,,,,,,,,,,,,
2025,13,0.0,2025_13_SF_CLE,Cleveland Browns,Chase Cota,WR,00-0038651,1.0,0.0,0.0,0.0,0.0,0.0,0.0,0.0,0.0,0.0,0.0,0.0,0.0,71.83,32.58,37.35,210.3,157.1,1.3459762515743623,0.7444939052541528,0.8144025435796438,0.0,0.0,chase cota,chasecota,ccota,Cleveland Browns,00-0038651,,,,,,,,,,,,,,,,,,,,,,,,,
2025,13,0.0,2025_13_SF_CLE,Cleveland Browns,David Bell,WR,00-0037257,1.0,0.0,0.0,0.0,0.0,0.0,0.0,0.0,0.0,0.0,0.0,0.0,0.0,71.83,32.58,37.35,210.3,157.1,1.3459762515743623,0.7444939052541528,0.8144025435796438,1.0,1.0,david bell,davidbell,dbell,Cleveland Browns,00-0037257,,,,,,,,,,,,,,,,,,,,,,,,,
2025,13,0.0,2025_13_SF_CLE,Cleveland Browns,Gage Larvadain,WR,00-0040259,1.0,0.0,0.0,0.0,0.0,0.0,0.0,0.0,0.0,0.0,0.0,0.0,0.0,71.83,32.58,37.35,210.3,157.1,1.3459762515743623,0.7444939052541528,0.8144025435796438,1.0,1.0,gage larvadain,gagelarvadain,glarvadain,Cleveland Browns,,0.0,0.0,0.0,0.0,0.0,0.0,0.0,3.0,2.0,23.0,0.0,G.Larvadain,CLE,team_norm & _alias_init_last,0.0,0.0,0.0,0.0,0.0,0.0,0.0,-3.0,-2.0,-23.0,0.0
2025,13,0.0,2025_13_SF_CLE,Cleveland Browns,Malachi Corley,WR,00-0039920,1.0,0.0,0.0,0.0,0.0,0.0,0.0,0.0,0.0,0.0,0.0,0.0,0.0,71.83,32.58,37.35,210.3,157.1,1.3459762515743623,0.7444939052541528,0.8144025435796438,1.0,1.0,malachi corley,malachicorley,mcorley,Cleveland Browns,00-0039920,0.0,0.0,0.0,0.0,1.0,9.0,0.0,0.0,0.0,0.0,0.0,M.Corley,CLE,team_norm & _alias_init_last,0.0,0.0,0.0,0.0,-1.0,-9.0,0.0,0.0,0.0,0.0,0.0
2025,13,0.0,2025_13_SF_CLE,San Francisco 49ers,Brock Purdy,QB,00-0037834,1.0,33.38,234.1,1.71,0.82,8.6,31.3,0.31,0.0,0.0,0.0,0.0,0.2637,72.0,32.4,37.06,245.9,183.3,2.0578083348731084,1.2185078280681596,0.8099380725779869,1.0,1.0,brock purdy,brockpurdy,bpurdy,San Francisco 49ers,00-0037834,34.0,168.0,1.0,0.0,1.0,2.0,1.0,0.0,0.0,0.0,0.0,B.Purdy,SF,team_norm & _alias_init_last,-0.6199999999999974,66.1,0.71,0.82,7.6,29.3,-0.69,0.0,0.0,0.0,0.0
2025,13,0.0,2025_13_SF_CLE,San Francisco 49ers,Christian McCaffrey,RB,00-0033280,1.0,0.0,0.0,0.0,0.0,18.29,74.7,0.76,4.17,3.29,21.8,0.28,0.644,72.0,32.4,37.06,245.9,183.3,2.0578083348731084,1.2185078280681596,0.8099380725779869,1.0,1.0,christian mccaffrey,christianmccaffrey,cmccaffrey,San Francisco 49ers,00-0033280,1.0,0.0,0.0,0.0,20.0,53.0,1.0,4.0,4.0,21.0,0.0,C.McCaffrey,SF,team_norm & _alias_init_last,-1.0,0.0,0.0,0.0,-1.7100000000000009,21.700000000000003,-0.24,0.16999999999999993,-0.71,0.8000000000000007,0.28
2025,13,0.0,2025_13_SF_CLE,San Francisco 49ers,Brian Robinson Jr.,RB,,1.0,0.0,0.0,0.0,0.0,10.16,52.5,0.25,2.6,1.88,19.7,0.16,0.3397,72.0,32.4,37.06,245.9,183.3,2.0578083348731084,1.2185078280681596,0.8099380725779869,0.0,0.0,brian robinson jr.,brianrobinsonjr,brobinson,San Francisco 49ers,00-0037746,0.0,0.0,0.0,0.0,8.0,26.0,0.0,0.0,0.0,0.0,0.0,B.Robinson,SF,team_norm & _alias_init_last,0.0,0.0,0.0,0.0,2.16,26.5,0.25,2.6,1.88,19.7,0.16
2025,13,0.0,2025_13_SF_CLE,San Francisco 49ers,Isaac Guerendo,RB,00-0039363,1.0,0.0,0.0,0.0,0.0,0.0,0.0,0.0,0.0,0.0,0.0,0.0,0.0,72.0,32.4,37.06,245.9,183.3,2.0578083348731084,1.2185078280681596,0.8099380725779869,1.0,1.0,isaac guerendo,isaacguerendo,iguerendo,San Francisco 49ers,00-0039363,,,,,,,,,,,,,,,,,,,,,,,,,
2025,13,0.0,2025_13_SF_CLE,San Francisco 49ers,George Kittle,TE,00-0033288,1.0,0.0,0.0,0.0,0.0,0.0,0.0,0.0,5.83,3.8,29.2,0.35,0.293,72.0,32.4,37.06,245.9,183.3,2.0578083348731084,1.2185078280681596,0.8099380725779869,1.0,1.0,george kittle,georgekittle,gkittle,San Francisco 49ers,00-0033288,0.0,0.0,0.0,0.0,0.0,0.0,0.0,6.0,4.0,67.0,0.0,G.Kittle,SF,team_norm & _alias_init_last,0.0,0.0,0.0,0.0,0.0,0.0,0.0,-0.16999999999999993,-0.20000000000000018,-37.8,0.35
2025,13,0.0,2025_13_SF_CLE,San Francisco 49ers,Luke Farrell,TE,00-0036887,1.0,0.0,0.0,0.0,0.0,0.0,0.0,0.0,3.01,1.98,17.6,0.18,0.1628,72.0,32.4,37.06,245.9,183.3,2.0578083348731084,1.2185078280681596,0.8099380725779869,1.0,1.0,luke farrell,lukefarrell,lfarrell,San Francisco 49ers,00-0036887,0.0,0.0,0.0,0.0,0.0,0.0,0.0,1.0,0.0,0.0,0.0,L.Farrell,SF,team_norm & _alias_init_last,0.0,0.0,0.0,0.0,0.0,0.0,0.0,2.01,1.98,17.6,0.18
2025,13,0.0,2025_13_SF_CLE,San Francisco 49ers,Hayden Rucci,TE,00-0039489,1.0,0.0,0.0,0.0,0.0,0.0,0.0,0.0,0.0,0.0,0.0,0.0,0.0,72.0,32.4,37.06,245.9,183.3,2.0578083348731084,1.2185078280681596,0.8099380725779869,0.0,0.0,hayden rucci,haydenrucci,hrucci,San Francisco 49ers,00-0039489,,,,,,,,,,,,,,,,,,,,,,,,,
2025,13,0.0,2025_13_SF_CLE,San Francisco 49ers,Jake Tonges,TE,00-0037112,1.0,0.0,0.0,0.0,0.0,0.0,0.0,0.0,0.0,0.0,0.0,0.0,0.0,72.0,32.4,37.06,245.9,183.3,2.0578083348731084,1.2185078280681596,0.8099380725779869,1.0,1.0,jake tonges,jaketonges,jtonges,San Francisco 49ers,00-0037112,,,,,,,,,,,,,,,,,,,,,,,,,
2025,13,0.0,2025_13_SF_CLE,San Francisco 49ers,Jauan Jennings,WR,00-0036259,1.0,0.0,0.0,0.0,0.0,0.0,0.0,0.0,7.38,4.5,45.8,0.44,0.359,72.0,32.4,37.06,245.9,183.3,2.0578083348731084,1.2185078280681596,0.8099380725779869,1.0,1.0,jauan jennings,jauanjennings,jjennings,San Francisco 49ers,,0.0,0.0,0.0,0.0,0.0,0.0,0.0,7.0,4.0,39.0,1.0,J.Jennings,SF,team_norm & _alias_init_last,0.0,0.0,0.0,0.0,0.0,0.0,0.0,0.3799999999999999,0.5,6.799999999999997,-0.56
2025,13,0.0,2025_13_SF_CLE,San Francisco 49ers,Ricky Pearsall,WR,00-0039916,1.0,0.0,0.0,0.0,0.0,0.0,0.0,0.0,5.56,3.37,37.5,0.34,0.2862,72.0,32.4,37.06,245.9,183.3,2.0578083348731084,1.2185078280681596,0.8099380725779869,1.0,1.0,ricky pearsall,rickypearsall,rpearsall,San Francisco 49ers,00-0039916,0.0,0.0,0.0,0.0,0.0,0.0,0.0,3.0,2.0,14.0,0.0,R.Pearsall,SF,team_norm & _alias_init_last,0.0,0.0,0.0,0.0,0.0,0.0,0.0,2.5599999999999996,1.37,23.5,0.34
2025,13,0.0,2025_13_SF_CLE,San Francisco 49ers,Demarcus Robinson,WR,00-0032775,1.0,0.0,0.0,0.0,0.0,0.0,0.0,0.0,3.71,2.11,21.7,0.23,0.2044,72.0,32.4,37.06,245.9,183.3,2.0578083348731084,1.2185078280681596,0.8099380725779869,1.0,1.0,demarcus robinson,demarcusrobinson,drobinson,San Francisco 49ers,00-0032775,0.0,0.0,0.0,0.0,1.0,6.0,0.0,1.0,0.0,0.0,0.0,D.Robinson,SF,team_norm & _alias_init_last,0.0,0.0,0.0,0.0,-1.0,-6.0,0.0,2.71,2.11,21.7,0.23
2025,13,0.0,2025_13_SF_CLE,San Francisco 49ers,Colton Dowell,WR,00-0038632,1.0,0.0,0.0,0.0,0.0,0.0,0.0,0.0,0.0,0.0,0.0,0.0,0.0,72.0,32.4,37.06,245.9,183.3,2.0578083348731084,1.2185078280681596,0.8099380725779869,0.0,0.0,colton dowell,coltondowell,cdowell,San Francisco 49ers,00-0038632,,,,,,,,,,,,,,,,,,,,,,,,,
2025,13,0.0,2025_13_SF_CLE,San Francisco 49ers,Kendrick Bourne,WR,00-0033307,1.0,0.0,0.0,0.0,0.0,0.0,0.0,0.0,0.0,0.0,0.0,0.0,0.0,72.0,32.4,37.06,245.9,183.3,2.0578083348731084,1.2185078280681596,0.8099380725779869,1.0,1.0,kendrick bourne,kendrickbourne,kbourne,San Francisco 49ers,00-0033307,0.0,0.0,0.0,0.0,0.0,0.0,0.0,1.0,0.0,0.0,0.0,K.Bourne,SF,team_norm & _alias_init_last,0.0,0.0,0.0,0.0,0.0,0.0,0.0,-1.0,0.0,0.0,0.0
2025,13,0.0,2025_13_SF_CLE,San Francisco 49ers,Skyy Moore,WR,00-0038090,1.0,0.0,0.0,0.0,0.0,0.0,0.0,0.0,0.0,0.0,0.0,0.0,0.0,72.0,32.4,37.06,245.9,183.3,2.0578083348731084,1.2185078280681596,0.8099380725779869,1.0,1.0,skyy moore,skyymoore,smoore,San Francisco 49ers,00-0038090,,,,,,,,,,,,,,,,,,,,,,,,,
