season,week,date,game_id,team,player,position,player_id_x,is_active,pass_attempts,pass_yards,pass_tds,interceptions,rush_attempts,rush_yards,rush_tds,targets,receptions,rec_yards,rec_tds,any_td_prob,team_plays,team_pass_attempts,team_rush_attempts,team_pass_yards,team_rush_yards,team_exp_pass_tds,team_exp_rush_tds,team_exp_int,is_active_pid,is_active_nm,_name_norm,_name_norm_loose,_alias_init_last,team_norm,player_id_y,pass_attempts_act,pass_yards_act,pass_tds_act,interceptions_act,rush_attempts_act,rush_yards_act,rush_tds_act,targets_act,receptions_act,rec_yards_act,rec_tds_act,player_act,team_act,match_strategy,pass_attempts_err,pass_yards_err,pass_tds_err,interceptions_err,rush_attempts_err,rush_yards_err,rush_tds_err,targets_err,receptions_err,rec_yards_err,rec_tds_err
2025,10,0.0,2025_10_ARI_SEA,Arizona Cardinals,Jacoby Brissett,QB,00-0033119,1.0,34.5,232.3,1.27,0.9,3.84,14.3,0.08,0.0,0.0,0.0,0.0,0.076,72.0,38.92,29.91,295.4,147.9,1.6527873811823368,0.5947466167106361,0.9730339782703176,1.0,1.0,jacoby brissett,jacobybrissett,jbrissett,Arizona Cardinals,00-0033119,56.0,258.0,2.0,0.0,0.0,0.0,0.0,0.0,0.0,0.0,0.0,J.Brissett,ARI,team_norm & _alias_init_last,-21.5,-25.69999999999999,-0.73,0.9,3.84,14.3,0.08,0.0,0.0,0.0,0.0
2025,10,0.0,2025_10_ARI_SEA,Arizona Cardinals,Bam Knight,RB,00-0037157,1.0,0.0,0.0,0.0,0.0,16.76,72.4,0.4,5.01,3.69,28.5,0.22,0.4591,72.0,38.92,29.91,295.4,147.9,1.6527873811823368,0.5947466167106361,0.9730339782703176,1.0,1.0,bam knight,bamknight,bknight,Arizona Cardinals,,,,,,,,,,,,,,,,,,,,,,,,,,
2025,10,0.0,2025_10_ARI_SEA,Arizona Cardinals,Emari Demercado,RB,00-0038705,1.0,0.0,0.0,0.0,0.0,9.31,41.3,0.13,3.12,2.19,16.7,0.13,0.2324,72.0,38.92,29.91,295.4,147.9,1.6527873811823368,0.5947466167106361,0.9730339782703176,1.0,1.0,emari demercado,emaridemercado,edemercado,Arizona Cardinals,00-0038705,0.0,0.0,0.0,0.0,4.0,64.0,0.0,4.0,3.0,40.0,0.0,E.Demercado,ARI,team_norm & _alias_init_last,0.0,0.0,0.0,0.0,5.3100000000000005,-22.700000000000003,0.13,-0.8799999999999999,-0.81,-23.3,0.13
2025,10,0.0,2025_10_ARI_SEA,Arizona Cardinals,Michael Carter,RB,00-0036924,1.0,0.0,0.0,0.0,0.0,0.0,0.0,0.0,0.0,0.0,0.0,0.0,0.0,72.0,38.92,29.91,295.4,147.9,1.6527873811823368,0.5947466167106361,0.9730339782703176,1.0,1.0,michael carter,michaelcarter,mcarter,Arizona Cardinals,00-0036924,0.0,0.0,0.0,0.0,3.0,4.0,0.0,0.0,0.0,0.0,0.0,M.Carter,ARI,team_norm & _alias_init_last,0.0,0.0,0.0,0.0,-3.0,-4.0,0.0,0.0,0.0,0.0,0.0
2025,10,0.0,2025_10_ARI_SEA,Arizona Cardinals,Trey McBride,TE,00-0037744,1.0,0.0,0.0,0.0,0.0,0.0,0.0,0.0,7.41,5.34,42.3,0.29,0.249,72.0,38.92,29.91,295.4,147.9,1.6527873811823368,0.5947466167106361,0.9730339782703176,1.0,1.0,trey mcbride,treymcbride,tmcbride,Arizona Cardinals,00-0037744,0.0,0.0,0.0,0.0,0.0,0.0,0.0,14.0,9.0,127.0,1.0,T.McBride,ARI,team_norm & _alias_init_last,0.0,0.0,0.0,0.0,0.0,0.0,0.0,-6.59,-3.66,-84.7,-0.71
2025,10,0.0,2025_10_ARI_SEA,Arizona Cardinals,Elijah Higgins,TE,00-0039041,1.0,0.0,0.0,0.0,0.0,0.0,0.0,0.0,3.83,2.8,24.1,0.15,0.1387,72.0,38.92,29.91,295.4,147.9,1.6527873811823368,0.5947466167106361,0.9730339782703176,1.0,1.0,elijah higgins,elijahhiggins,ehiggins,Arizona Cardinals,00-0039041,0.0,0.0,0.0,0.0,0.0,0.0,0.0,3.0,2.0,19.0,0.0,E.Higgins,ARI,team_norm & _alias_init_last,0.0,0.0,0.0,0.0,0.0,0.0,0.0,0.8300000000000001,0.7999999999999998,5.100000000000001,0.15
2025,10,0.0,2025_10_ARI_SEA,Arizona Cardinals,Josiah Deguara,TE,00-0036332,1.0,0.0,0.0,0.0,0.0,0.0,0.0,0.0,0.0,0.0,0.0,0.0,0.0,72.0,38.92,29.91,295.4,147.9,1.6527873811823368,0.5947466167106361,0.9730339782703176,1.0,1.0,josiah deguara,josiahdeguara,jdeguara,Arizona Cardinals,00-0036332,,,,,,,,,,,,,,,,,,,,,,,,,
2025,10,0.0,2025_10_ARI_SEA,Arizona Cardinals,Oscar Cardenas,TE,00-0040381,1.0,0.0,0.0,0.0,0.0,0.0,0.0,0.0,0.0,0.0,0.0,0.0,0.0,72.0,38.92,29.91,295.4,147.9,1.6527873811823368,0.5947466167106361,0.9730339782703176,0.0,0.0,oscar cardenas,oscarcardenas,ocardenas,Arizona Cardinals,00-0040381,,,,,,,,,,,,,,,,,,,,,,,,,
2025,10,0.0,2025_10_ARI_SEA,Arizona Cardinals,Marvin Harrison Jr.,WR,00-0039849,1.0,0.0,0.0,0.0,0.0,0.0,0.0,0.0,8.67,4.41,53.2,0.35,0.2936,72.0,38.92,29.91,295.4,147.9,1.6527873811823368,0.5947466167106361,0.9730339782703176,1.0,1.0,marvin harrison jr.,marvinharrisonjr,mharrison,Arizona Cardinals,00-0039849,0.0,0.0,0.0,0.0,0.0,0.0,0.0,13.0,3.0,33.0,1.0,M.Harrison,ARI,team_norm & _alias_init_last,0.0,0.0,0.0,0.0,0.0,0.0,0.0,-4.33,1.4100000000000001,20.200000000000003,-0.65
2025,10,0.0,2025_10_ARI_SEA,Arizona Cardinals,Michael Wilson,WR,00-0038559,1.0,0.0,0.0,0.0,0.0,0.0,0.0,0.0,6.53,3.71,45.9,0.27,0.2389,72.0,38.92,29.91,295.4,147.9,1.6527873811823368,0.5947466167106361,0.9730339782703176,1.0,1.0,michael wilson,michaelwilson,mwilson,Arizona Cardinals,00-0035144,0.0,0.0,0.0,0.0,0.0,0.0,0.0,7.0,4.0,34.0,0.0,Mi.Wilson,ARI,team_norm & _alias_init_last,0.0,0.0,0.0,0.0,0.0,0.0,0.0,-0.46999999999999975,-0.29000000000000004,11.899999999999999,0.27
2025,10,0.0,2025_10_ARI_SEA,Arizona Cardinals,Greg Dortch,WR,00-0035500,1.0,0.0,0.0,0.0,0.0,0.0,0.0,0.0,4.35,3.13,25.6,0.17,0.1603,72.0,38.92,29.91,295.4,147.9,1.6527873811823368,0.5947466167106361,0.9730339782703176,1.0,1.0,greg dortch,gregdortch,gdortch,Arizona Cardinals,00-0035500,0.0,0.0,0.0,0.0,2.0,2.0,1.0,1.0,0.0,0.0,0.0,G.Dortch,ARI,team_norm & _alias_init_last,0.0,0.0,0.0,0.0,-2.0,-2.0,-1.0,3.3499999999999996,3.13,25.6,0.17
2025,10,0.0,2025_10_ARI_SEA,Arizona Cardinals,Bryson Green,WR,00-0040383,1.0,0.0,0.0,0.0,0.0,0.0,0.0,0.0,0.0,0.0,0.0,0.0,0.0,72.0,38.92,29.91,295.4,147.9,1.6527873811823368,0.5947466167106361,0.9730339782703176,0.0,0.0,bryson green,brysongreen,bgreen,Arizona Cardinals,00-0040383,,,,,,,,,,,,,,,,,,,,,,,,,
2025,10,0.0,2025_10_ARI_SEA,Seattle Seahawks,Sam Darnold,QB,00-0034869,1.0,34.95,240.1,2.44,0.84,7.22,26.7,0.34,0.0,0.0,0.0,0.0,0.2858,72.0,36.11,33.88,274.1,167.5,3.159016884069412,1.5264248249841563,0.9028170644443902,1.0,1.0,sam darnold,samdarnold,sdarnold,Seattle Seahawks,00-0034869,15.0,178.0,1.0,1.0,1.0,0.0,0.0,0.0,0.0,0.0,0.0,S.Darnold,SEA,team_norm & _alias_init_last,19.950000000000003,62.099999999999994,1.44,-0.16000000000000003,6.22,26.7,0.34,0.0,0.0,0.0,0.0
2025,10,0.0,2025_10_ARI_SEA,Seattle Seahawks,Kenneth Walker III,RB,00-0038134,1.0,0.0,0.0,0.0,0.0,17.14,73.8,0.95,4.65,3.5,21.7,0.4,0.7426,72.0,36.11,33.88,274.1,167.5,3.159016884069412,1.5264248249841563,0.9028170644443902,1.0,1.0,kenneth walker iii,kennethwalkeriii,kwalker,Seattle Seahawks,00-0038134,0.0,0.0,0.0,0.0,15.0,67.0,0.0,1.0,1.0,3.0,0.0,K.Walker,SEA,team_norm & _alias_init_last,0.0,0.0,0.0,0.0,2.1400000000000006,6.799999999999997,0.95,3.6500000000000004,2.5,18.7,0.4
2025,10,0.0,2025_10_ARI_SEA,Seattle Seahawks,Zach Charbonnet,RB,00-0039165,1.0,0.0,0.0,0.0,0.0,9.52,40.7,0.35,2.9,2.18,13.4,0.24,0.4472,72.0,36.11,33.88,274.1,167.5,3.159016884069412,1.5264248249841563,0.9028170644443902,1.0,1.0,zach charbonnet,zachcharbonnet,zcharbonnet,Seattle Seahawks,00-0039165,0.0,0.0,0.0,0.0,14.0,83.0,1.0,0.0,0.0,0.0,0.0,Z.Charbonnet,SEA,team_norm & _alias_init_last,0.0,0.0,0.0,0.0,-4.48,-42.3,-0.65,2.9,2.18,13.4,0.24
2025,10,0.0,2025_10_ARI_SEA,Seattle Seahawks,George Holani,RB,00-0039299,1.0,0.0,0.0,0.0,0.0,0.0,0.0,0.0,0.0,0.0,0.0,0.0,0.0,72.0,36.11,33.88,274.1,167.5,3.159016884069412,1.5264248249841563,0.9028170644443902,1.0,1.0,george holani,georgeholani,gholani,Seattle Seahawks,00-0039299,0.0,0.0,0.0,0.0,7.0,31.0,1.0,0.0,0.0,0.0,0.0,G.Holani,SEA,team_norm & _alias_init_last,0.0,0.0,0.0,0.0,-7.0,-31.0,-1.0,0.0,0.0,0.0,0.0
2025,10,0.0,2025_10_ARI_SEA,Seattle Seahawks,AJ Barner,TE,00-0039793,1.0,0.0,0.0,0.0,0.0,0.0,0.0,0.0,6.84,5.16,45.4,0.57,0.435,72.0,36.11,33.88,274.1,167.5,3.159016884069412,1.5264248249841563,0.9028170644443902,1.0,1.0,aj barner,ajbarner,abarner,Seattle Seahawks,00-0039793,0.0,0.0,0.0,0.0,2.0,3.0,0.0,0.0,0.0,0.0,0.0,A.Barner,SEA,team_norm & _alias_init_last,0.0,0.0,0.0,0.0,-2.0,-3.0,0.0,6.84,5.16,45.4,0.57
2025,10,0.0,2025_10_ARI_SEA,Seattle Seahawks,Elijah Arroyo,TE,00-0040739,1.0,0.0,0.0,0.0,0.0,0.0,0.0,0.0,3.54,2.13,26.4,0.31,0.2631,72.0,36.11,33.88,274.1,167.5,3.159016884069412,1.5264248249841563,0.9028170644443902,1.0,1.0,elijah arroyo,elijaharroyo,earroyo,Seattle Seahawks,00-0040739,0.0,0.0,0.0,0.0,0.0,0.0,0.0,1.0,1.0,5.0,0.0,E.Arroyo,SEA,team_norm & _alias_init_last,0.0,0.0,0.0,0.0,0.0,0.0,0.0,2.54,1.13,21.4,0.31
2025,10,0.0,2025_10_ARI_SEA,Seattle Seahawks,Nick Kallerup,TE,00-0040058,1.0,0.0,0.0,0.0,0.0,0.0,0.0,0.0,0.0,0.0,0.0,0.0,0.0,72.0,36.11,33.88,274.1,167.5,3.159016884069412,1.5264248249841563,0.9028170644443902,1.0,1.0,nick kallerup,nickkallerup,nkallerup,Seattle Seahawks,00-0040058,0.0,0.0,0.0,0.0,0.0,0.0,0.0,1.0,0.0,0.0,0.0,N.Kallerup,SEA,team_norm & _alias_init_last,0.0,0.0,0.0,0.0,0.0,0.0,0.0,-1.0,0.0,0.0,0.0
2025,10,0.0,2025_10_ARI_SEA,Seattle Seahawks,Jaxon Smith-Njigba,WR,00-0038543,1.0,0.0,0.0,0.0,0.0,0.0,0.0,0.0,8.01,5.57,49.9,0.65,0.4777,72.0,36.11,33.88,274.1,167.5,3.159016884069412,1.5264248249841563,0.9028170644443902,1.0,1.0,jaxon smith-njigba,jaxonsmithnjigba,jsmithnjigba,Seattle Seahawks,00-0038543,0.0,0.0,0.0,0.0,0.0,0.0,0.0,8.0,5.0,93.0,1.0,J.Smith-Njigba,SEA,team_norm & _alias_init_last,0.0,0.0,0.0,0.0,0.0,0.0,0.0,0.009999999999999787,0.5700000000000003,-43.1,-0.35
2025,10,0.0,2025_10_ARI_SEA,Seattle Seahawks,Cooper Kupp,WR,00-0033908,1.0,0.0,0.0,0.0,0.0,0.0,0.0,0.0,6.03,3.91,35.0,0.51,0.4002,72.0,36.11,33.88,274.1,167.5,3.159016884069412,1.5264248249841563,0.9028170644443902,1.0,1.0,cooper kupp,cooperkupp,ckupp,Seattle Seahawks,00-0033908,0.0,0.0,0.0,0.0,0.0,0.0,0.0,2.0,2.0,74.0,0.0,C.Kupp,SEA,team_norm & _alias_init_last,0.0,0.0,0.0,0.0,0.0,0.0,0.0,4.03,1.9100000000000001,-39.0,0.51
2025,10,0.0,2025_10_ARI_SEA,Seattle Seahawks,Rashid Shaheed,WR,00-0037545,1.0,0.0,0.0,0.0,0.0,0.0,0.0,0.0,4.02,2.58,24.2,0.32,0.2724,72.0,36.11,33.88,274.1,167.5,3.159016884069412,1.5264248249841563,0.9028170644443902,1.0,1.0,rashid shaheed,rashidshaheed,rshaheed,Seattle Seahawks,00-0037545,0.0,0.0,0.0,0.0,2.0,20.0,0.0,1.0,1.0,3.0,0.0,R.Shaheed,SEA,team_norm & _alias_init_last,0.0,0.0,0.0,0.0,-2.0,-20.0,0.0,3.0199999999999996,1.58,21.2,0.32
2025,10,0.0,2025_10_ARI_SEA,Seattle Seahawks,Cody White,WR,00-0035891,1.0,0.0,0.0,0.0,0.0,0.0,0.0,0.0,0.0,0.0,0.0,0.0,0.0,72.0,36.11,33.88,274.1,167.5,3.159016884069412,1.5264248249841563,0.9028170644443902,1.0,1.0,cody white,codywhite,cwhite,Seattle Seahawks,00-0035891,,,,,,,,,,,,,,,,,,,,,,,,,
2025,10,0.0,2025_10_ARI_SEA,Seattle Seahawks,Ricky White III,WR,00-0040653,1.0,0.0,0.0,0.0,0.0,0.0,0.0,0.0,0.0,0.0,0.0,0.0,0.0,72.0,36.11,33.88,274.1,167.5,3.159016884069412,1.5264248249841563,0.9028170644443902,1.0,1.0,ricky white iii,rickywhiteiii,rwhite,Seattle Seahawks,00-0040653,0.0,0.0,0.0,0.0,10.0,38.0,0.0,5.0,5.0,16.0,0.0,R.White,TB,_alias_init_last,0.0,0.0,0.0,0.0,-10.0,-38.0,0.0,-5.0,-5.0,-16.0,0.0
2025,10,0.0,2025_10_ATL_IND,Atlanta Falcons,Michael Penix Jr.,QB,00-0039917,1.0,38.49,221.5,1.84,0.86,1.48,5.0,0.03,0.0,0.0,0.0,0.0,0.0313,56.09,37.03,16.83,229.7,68.0,1.906097415838118,0.3787246793422278,0.9257277026510734,1.0,1.0,michael penix jr.,michaelpenixjr,mpenix,Atlanta Falcons,00-0039917,34.0,177.0,1.0,0.0,0.0,0.0,0.0,0.0,0.0,0.0,0.0,M.Penix,ATL,team_norm & _alias_init_last,4.490000000000002,44.5,0.8400000000000001,0.86,1.48,5.0,0.03,0.0,0.0,0.0,0.0
2025,10,0.0,2025_10_ATL_IND,Atlanta Falcons,Bijan Robinson,RB,00-0038542,1.0,0.0,0.0,0.0,0.0,9.87,32.8,0.26,4.68,3.4,17.9,0.24,0.3978,56.09,37.03,16.83,229.7,68.0,1.906097415838118,0.3787246793422278,0.9257277026510734,1.0,1.0,bijan robinson,bijanrobinson,brobinson,Atlanta Falcons,00-0038542,0.0,0.0,0.0,0.0,17.0,84.0,0.0,2.0,2.0,4.0,0.0,B.Robinson,ATL,team_norm & _alias_init_last,0.0,0.0,0.0,0.0,-7.130000000000001,-51.2,0.26,2.6799999999999997,1.4,13.899999999999999,0.24
2025,10,0.0,2025_10_ATL_IND,Atlanta Falcons,Tyler Allgeier,RB,00-0037263,1.0,0.0,0.0,0.0,0.0,5.48,18.2,0.1,2.91,2.22,11.5,0.15,0.2161,56.09,37.03,16.83,229.7,68.0,1.906097415838118,0.3787246793422278,0.9257277026510734,1.0,1.0,tyler allgeier,tylerallgeier,tallgeier,Atlanta Falcons,00-0037263,0.0,0.0,0.0,0.0,11.0,57.0,2.0,0.0,0.0,0.0,0.0,T.Allgeier,ATL,team_norm & _alias_init_last,0.0,0.0,0.0,0.0,-5.52,-38.8,-1.9,2.91,2.22,11.5,0.15
2025,10,0.0,2025_10_ATL_IND,Atlanta Falcons,Nate Carter,RB,00-0040547,1.0,0.0,0.0,0.0,0.0,0.0,0.0,0.0,0.0,0.0,0.0,0.0,0.0,56.09,37.03,16.83,229.7,68.0,1.906097415838118,0.3787246793422278,0.9257277026510734,1.0,1.0,nate carter,natecarter,ncarter,Atlanta Falcons,00-0040547,,,,,,,,,,,,,,,,,,,,,,,,,
2025,10,0.0,2025_10_ATL_IND,Atlanta Falcons,Kyle Pitts Sr.,TE,,1.0,0.0,0.0,0.0,0.0,0.0,0.0,0.0,7.02,4.52,59.6,0.36,0.3032,56.09,37.03,16.83,229.7,68.0,1.906097415838118,0.3787246793422278,0.9257277026510734,0.0,0.0,kyle pitts sr.,kylepittssr,kpitts,Atlanta Falcons,00-0036970,0.0,0.0,0.0,0.0,0.0,0.0,0.0,5.0,2.0,38.0,0.0,K.Pitts,ATL,team_norm & _alias_init_last,0.0,0.0,0.0,0.0,0.0,0.0,0.0,2.0199999999999996,2.5199999999999996,21.6,0.36
2025,10,0.0,2025_10_ATL_IND,Atlanta Falcons,Charlie Woerner,TE,00-0036429,1.0,0.0,0.0,0.0,0.0,0.0,0.0,0.0,3.63,2.51,23.8,0.18,0.1611,56.09,37.03,16.83,229.7,68.0,1.906097415838118,0.3787246793422278,0.9257277026510734,1.0,1.0,charlie woerner,charliewoerner,cwoerner,Atlanta Falcons,00-0036429,0.0,0.0,0.0,0.0,0.0,0.0,0.0,1.0,1.0,14.0,0.0,C.Woerner,ATL,team_norm & _alias_init_last,0.0,0.0,0.0,0.0,0.0,0.0,0.0,2.63,1.5099999999999998,9.8,0.18
2025,10,0.0,2025_10_ATL_IND,Atlanta Falcons,Feleipe Franks,TE,00-0036825,1.0,0.0,0.0,0.0,0.0,0.0,0.0,0.0,0.0,0.0,0.0,0.0,0.0,56.09,37.03,16.83,229.7,68.0,1.906097415838118,0.3787246793422278,0.9257277026510734,1.0,1.0,feleipe franks,feleipefranks,ffranks,Atlanta Falcons,00-0036825,,,,,,,,,,,,,,,,,,,,,,,,,
2025,10,0.0,2025_10_ATL_IND,Atlanta Falcons,Teagan Quitoriano,TE,00-0037277,1.0,0.0,0.0,0.0,0.0,0.0,0.0,0.0,0.0,0.0,0.0,0.0,0.0,56.09,37.03,16.83,229.7,68.0,1.906097415838118,0.3787246793422278,0.9257277026510734,1.0,1.0,teagan quitoriano,teaganquitoriano,tquitoriano,Atlanta Falcons,00-0037277,,,,,,,,,,,,,,,,,,,,,,,,,
2025,10,0.0,2025_10_ATL_IND,Atlanta Falcons,Drake London,WR,00-0037238,1.0,0.0,0.0,0.0,0.0,0.0,0.0,0.0,8.33,5.0,40.9,0.41,0.3384,56.09,37.03,16.83,229.7,68.0,1.906097415838118,0.3787246793422278,0.9257277026510734,1.0,1.0,drake london,drakelondon,dlondon,Atlanta Falcons,00-0037238,0.0,0.0,0.0,0.0,0.0,0.0,0.0,9.0,6.0,104.0,1.0,D.London,ATL,team_norm & _alias_init_last,0.0,0.0,0.0,0.0,0.0,0.0,0.0,-0.6699999999999999,-1.0,-63.1,-0.5900000000000001
2025,10,0.0,2025_10_ATL_IND,Atlanta Falcons,Darnell Mooney,WR,00-0036309,1.0,0.0,0.0,0.0,0.0,0.0,0.0,0.0,6.27,3.41,30.9,0.29,0.2541,56.09,37.03,16.83,229.7,68.0,1.906097415838118,0.3787246793422278,0.9257277026510734,1.0,1.0,darnell mooney,darnellmooney,dmooney,Atlanta Falcons,00-0036309,0.0,0.0,0.0,0.0,0.0,0.0,0.0,10.0,1.0,17.0,0.0,D.Mooney,ATL,team_norm & _alias_init_last,0.0,0.0,0.0,0.0,0.0,0.0,0.0,-3.7300000000000004,2.41,13.899999999999999,0.29
2025,10,0.0,2025_10_ATL_IND,Atlanta Falcons,David Sills V,WR,,1.0,0.0,0.0,0.0,0.0,0.0,0.0,0.0,4.18,2.63,37.1,0.22,0.1937,56.09,37.03,16.83,229.7,68.0,1.906097415838118,0.3787246793422278,0.9257277026510734,0.0,0.0,david sills v,davidsillsv,dsills,Atlanta Falcons,00-0035359,0.0,0.0,0.0,0.0,0.0,0.0,0.0,1.0,0.0,0.0,0.0,D.Sills,ATL,team_norm & _alias_init_last,0.0,0.0,0.0,0.0,0.0,0.0,0.0,3.1799999999999997,2.63,37.1,0.22
2025,10,0.0,2025_10_ATL_IND,Atlanta Falcons,Casey Washington,WR,00-0039394,1.0,0.0,0.0,0.0,0.0,0.0,0.0,0.0,0.0,0.0,0.0,0.0,0.0,56.09,37.03,16.83,229.7,68.0,1.906097415838118,0.3787246793422278,0.9257277026510734,1.0,1.0,casey washington,caseywashington,cwashington,Atlanta Falcons,00-0038930,,,,,,,,,,,,,,,,,,,,,,,,,
2025,10,0.0,2025_10_ATL_IND,Atlanta Falcons,KhaDarel Hodge,WR,00-0034854,1.0,0.0,0.0,0.0,0.0,0.0,0.0,0.0,0.0,0.0,0.0,0.0,0.0,56.09,37.03,16.83,229.7,68.0,1.906097415838118,0.3787246793422278,0.9257277026510734,1.0,1.0,khadarel hodge,khadarelhodge,khodge,Atlanta Falcons,00-0034854,,,,,,,,,,,,,,,,,,,,,,,,,
2025,10,0.0,2025_10_ATL_IND,Indianapolis Colts,Daniel Jones,QB,00-0035710,1.0,44.72,245.7,3.05,1.1,6.81,18.3,0.22,0.0,0.0,0.0,0.0,0.1958,72.0,47.15,21.6,274.0,81.8,4.385228499909929,0.7203895580034562,1.178820356281153,1.0,1.0,daniel jones,danieljones,djones,Indianapolis Colts,00-0035710,42.0,255.0,1.0,1.0,1.0,2.0,0.0,0.0,0.0,0.0,0.0,D.Jones,IND,team_norm & _alias_init_last,2.719999999999999,-9.300000000000011,2.05,0.10000000000000009,5.81,16.3,0.22,0.0,0.0,0.0,0.0
2025,10,0.0,2025_10_ATL_IND,Indianapolis Colts,Jonathan Taylor,RB,00-0036223,1.0,0.0,0.0,0.0,0.0,9.51,30.5,0.42,6.26,4.22,22.4,0.58,0.6329,72.0,47.15,21.6,274.0,81.8,4.385228499909929,0.7203895580034562,1.178820356281153,1.0,1.0,jonathan taylor,jonathantaylor,jtaylor,Indianapolis Colts,00-0036223,0.0,0.0,0.0,0.0,32.0,244.0,3.0,4.0,3.0,42.0,0.0,J.Taylor,IND,team_norm & _alias_init_last,0.0,0.0,0.0,0.0,-22.490000000000002,-213.5,-2.58,2.26,1.2199999999999998,-19.6,0.58
2025,10,0.0,2025_10_ATL_IND,Indianapolis Colts,Tyler Goodson,RB,00-0037120,1.0,0.0,0.0,0.0,0.0,5.28,18.7,0.15,3.89,2.64,15.9,0.38,0.4058,72.0,47.15,21.6,274.0,81.8,4.385228499909929,0.7203895580034562,1.178820356281153,1.0,1.0,tyler goodson,tylergoodson,tgoodson,Indianapolis Colts,00-0037120,0.0,0.0,0.0,0.0,1.0,4.0,0.0,0.0,0.0,0.0,0.0,T.Goodson,IND,team_norm & _alias_init_last,0.0,0.0,0.0,0.0,4.28,14.7,0.15,3.89,2.64,15.9,0.38
2025,10,0.0,2025_10_ATL_IND,Indianapolis Colts,Ameer Abdullah,RB,00-0032104,1.0,0.0,0.0,0.0,0.0,0.0,0.0,0.0,0.0,0.0,0.0,0.0,0.0,72.0,47.15,21.6,274.0,81.8,4.385228499909929,0.7203895580034562,1.178820356281153,1.0,1.0,ameer abdullah,ameerabdullah,aabdullah,Indianapolis Colts,00-0032104,0.0,0.0,0.0,0.0,0.0,0.0,0.0,1.0,1.0,8.0,0.0,A.Abdullah,IND,team_norm & _alias_init_last,0.0,0.0,0.0,0.0,0.0,0.0,0.0,-1.0,-1.0,-8.0,0.0
2025,10,0.0,2025_10_ATL_IND,Indianapolis Colts,Tyler Warren,TE,00-0040128,1.0,0.0,0.0,0.0,0.0,0.0,0.0,0.0,8.4,5.29,38.7,0.76,0.5316,72.0,47.15,21.6,274.0,81.8,4.385228499909929,0.7203895580034562,1.178820356281153,1.0,1.0,tyler warren,tylerwarren,twarren,Indianapolis Colts,00-0040128,0.0,0.0,0.0,0.0,0.0,0.0,0.0,10.0,8.0,99.0,0.0,T.Warren,IND,team_norm & _alias_init_last,0.0,0.0,0.0,0.0,0.0,0.0,0.0,-1.5999999999999996,-2.71,-60.3,0.76
2025,10,0.0,2025_10_ATL_IND,Indianapolis Colts,Mo Alie-Cox,TE,00-0033217,1.0,0.0,0.0,0.0,0.0,0.0,0.0,0.0,4.34,2.72,20.2,0.4,0.3286,72.0,47.15,21.6,274.0,81.8,4.385228499909929,0.7203895580034562,1.178820356281153,1.0,1.0,mo alie-cox,moaliecox,maliecox,Indianapolis Colts,00-0033217,0.0,0.0,0.0,0.0,0.0,0.0,0.0,1.0,0.0,0.0,0.0,M.Alie-Cox,IND,team_norm & _alias_init_last,0.0,0.0,0.0,0.0,0.0,0.0,0.0,3.34,2.72,20.2,0.4
2025,10,0.0,2025_10_ATL_IND,Indianapolis Colts,Andrew Ogletree,TE,00-0037292,1.0,0.0,0.0,0.0,0.0,0.0,0.0,0.0,0.0,0.0,0.0,0.0,0.0,72.0,47.15,21.6,274.0,81.8,4.385228499909929,0.7203895580034562,1.178820356281153,1.0,1.0,andrew ogletree,andrewogletree,aogletree,Indianapolis Colts,00-0037292,,,,,,,,,,,,,,,,,,,,,,,,,
2025,10,0.0,2025_10_ATL_IND,Indianapolis Colts,Michael Pittman Jr.,WR,,1.0,0.0,0.0,0.0,0.0,0.0,0.0,0.0,10.76,6.65,97.0,1.0,0.6322,72.0,47.15,21.6,274.0,81.8,4.385228499909929,0.7203895580034562,1.178820356281153,0.0,0.0,michael pittman jr.,michaelpittmanjr,mpittman,Indianapolis Colts,00-0036252,0.0,0.0,0.0,0.0,0.0,0.0,0.0,3.0,2.0,19.0,0.0,M.Pittman,IND,team_norm & _alias_init_last,0.0,0.0,0.0,0.0,0.0,0.0,0.0,7.76,4.65,78.0,1.0
2025,10,0.0,2025_10_ATL_IND,Indianapolis Colts,Alec Pierce,WR,00-0037664,1.0,0.0,0.0,0.0,0.0,0.0,0.0,0.0,8.1,4.1,38.0,0.68,0.4958,72.0,47.15,21.6,274.0,81.8,4.385228499909929,0.7203895580034562,1.178820356281153,1.0,1.0,alec pierce,alecpierce,apierce,Indianapolis Colts,00-0037664,0.0,0.0,0.0,0.0,0.0,0.0,0.0,7.0,4.0,84.0,1.0,A.Pierce,IND,team_norm & _alias_init_last,0.0,0.0,0.0,0.0,0.0,0.0,0.0,1.0999999999999996,0.09999999999999964,-46.0,-0.31999999999999995
2025,10,0.0,2025_10_ATL_IND,Indianapolis Colts,Josh Downs,WR,00-0038997,1.0,0.0,0.0,0.0,0.0,0.0,0.0,0.0,5.4,3.39,23.3,0.47,0.3763,72.0,47.15,21.6,274.0,81.8,4.385228499909929,0.7203895580034562,1.178820356281153,1.0,1.0,josh downs,joshdowns,jdowns,Indianapolis Colts,00-0038997,0.0,0.0,0.0,0.0,0.0,0.0,0.0,3.0,1.0,3.0,0.0,J.Downs,IND,team_norm & _alias_init_last,0.0,0.0,0.0,0.0,0.0,0.0,0.0,2.4000000000000004,2.39,20.3,0.47
2025,10,0.0,2025_10_ATL_IND,Indianapolis Colts,Ajou Ajou,WR,00-0039957,1.0,0.0,0.0,0.0,0.0,0.0,0.0,0.0,0.0,0.0,0.0,0.0,0.0,72.0,47.15,21.6,274.0,81.8,4.385228499909929,0.7203895580034562,1.178820356281153,0.0,0.0,ajou ajou,ajouajou,aajou,Indianapolis Colts,00-0039957,,,,,,,,,,,,,,,,,,,,,,,,,
2025,10,0.0,2025_10_ATL_IND,Indianapolis Colts,Ashton Dulin,WR,00-0035021,1.0,0.0,0.0,0.0,0.0,0.0,0.0,0.0,0.0,0.0,0.0,0.0,0.0,72.0,47.15,21.6,274.0,81.8,4.385228499909929,0.7203895580034562,1.178820356281153,1.0,1.0,ashton dulin,ashtondulin,adulin,Indianapolis Colts,00-0035021,0.0,0.0,0.0,0.0,1.0,22.0,0.0,0.0,0.0,0.0,0.0,A.Dulin,IND,team_norm & _alias_init_last,0.0,0.0,0.0,0.0,-1.0,-22.0,0.0,0.0,0.0,0.0,0.0
2025,10,0.0,2025_10_ATL_IND,Indianapolis Colts,Laquon Treadwell,WR,00-0032951,1.0,0.0,0.0,0.0,0.0,0.0,0.0,0.0,0.0,0.0,0.0,0.0,0.0,72.0,47.15,21.6,274.0,81.8,4.385228499909929,0.7203895580034562,1.178820356281153,1.0,1.0,laquon treadwell,laquontreadwell,ltreadwell,Indianapolis Colts,00-0032951,,,,,,,,,,,,,,,,,,,,,,,,,
2025,10,0.0,2025_10_BAL_MIN,Baltimore Ravens,Lamar Jackson,QB,00-0034796,1.0,33.26,236.7,1.62,0.77,12.0,41.2,0.24,0.0,0.0,0.0,0.0,0.2138,72.0,33.07,36.0,251.0,178.0,1.61461491154449,0.8401389072055074,0.8267339212007505,1.0,1.0,lamar jackson,lamarjackson,ljackson,Baltimore Ravens,00-0034796,37.0,176.0,1.0,0.0,5.0,22.0,0.0,0.0,0.0,0.0,0.0,L.Jackson,BAL,team_norm & _alias_init_last,-3.740000000000002,60.69999999999999,0.6200000000000001,0.77,7.0,19.200000000000003,0.24,0.0,0.0,0.0,0.0
2025,10,0.0,2025_10_BAL_MIN,Baltimore Ravens,Derrick Henry,RB,00-0032764,1.0,0.0,0.0,0.0,0.0,15.43,62.9,0.47,4.37,3.07,20.7,0.22,0.4981,72.0,33.07,36.0,251.0,178.0,1.61461491154449,0.8401389072055074,0.8267339212007505,1.0,1.0,derrick henry,derrickhenry,dhenry,Baltimore Ravens,00-0032764,0.0,0.0,0.0,0.0,20.0,75.0,0.0,3.0,3.0,9.0,0.0,D.Henry,BAL,team_norm & _alias_init_last,0.0,0.0,0.0,0.0,-4.57,-12.100000000000001,0.47,1.37,0.06999999999999984,11.7,0.22
2025,10,0.0,2025_10_BAL_MIN,Baltimore Ravens,Justice Hill,RB,00-0034975,1.0,0.0,0.0,0.0,0.0,8.57,36.4,0.17,2.72,1.96,12.1,0.13,0.2607,72.0,33.07,36.0,251.0,178.0,1.61461491154449,0.8401389072055074,0.8267339212007505,1.0,1.0,justice hill,justicehill,jhill,Baltimore Ravens,00-0034975,0.0,0.0,0.0,0.0,1.0,1.0,1.0,2.0,1.0,12.0,0.0,J.Hill,BAL,team_norm & _alias_init_last,0.0,0.0,0.0,0.0,7.57,35.4,-0.83,0.7200000000000002,0.96,0.09999999999999964,0.13
2025,10,0.0,2025_10_BAL_MIN,Baltimore Ravens,Keaton Mitchell,RB,00-0038454,1.0,0.0,0.0,0.0,0.0,0.0,0.0,0.0,0.0,0.0,0.0,0.0,0.0,72.0,33.07,36.0,251.0,178.0,1.61461491154449,0.8401389072055074,0.8267339212007505,1.0,1.0,keaton mitchell,keatonmitchell,kmitchell,Baltimore Ravens,00-0038454,0.0,0.0,0.0,0.0,4.0,31.0,0.0,0.0,0.0,0.0,0.0,K.Mitchell,BAL,team_norm & _alias_init_last,0.0,0.0,0.0,0.0,-4.0,-31.0,0.0,0.0,0.0,0.0,0.0
2025,10,0.0,2025_10_BAL_MIN,Baltimore Ravens,Mark Andrews,TE,00-0034753,1.0,0.0,0.0,0.0,0.0,0.0,0.0,0.0,6.23,4.02,36.2,0.29,0.2533,72.0,33.07,36.0,251.0,178.0,1.61461491154449,0.8401389072055074,0.8267339212007505,1.0,1.0,mark andrews,markandrews,mandrews,Baltimore Ravens,00-0034753,0.0,0.0,0.0,0.0,0.0,0.0,0.0,5.0,3.0,14.0,1.0,M.Andrews,BAL,team_norm & _alias_init_last,0.0,0.0,0.0,0.0,0.0,0.0,0.0,1.2300000000000004,1.0199999999999996,22.200000000000003,-0.71
2025,10,0.0,2025_10_BAL_MIN,Baltimore Ravens,Isaiah Likely,TE,00-0037838,1.0,0.0,0.0,0.0,0.0,0.0,0.0,0.0,3.22,2.16,19.0,0.15,0.1387,72.0,33.07,36.0,251.0,178.0,1.61461491154449,0.8401389072055074,0.8267339212007505,1.0,1.0,isaiah likely,isaiahlikely,ilikely,Baltimore Ravens,00-0037838,0.0,0.0,0.0,0.0,0.0,0.0,0.0,6.0,2.0,17.0,0.0,I.Likely,BAL,team_norm & _alias_init_last,0.0,0.0,0.0,0.0,0.0,0.0,0.0,-2.78,0.16000000000000014,2.0,0.15
2025,10,0.0,2025_10_BAL_MIN,Baltimore Ravens,Baylor Cupp,TE,00-0039316,1.0,0.0,0.0,0.0,0.0,0.0,0.0,0.0,0.0,0.0,0.0,0.0,0.0,72.0,33.07,36.0,251.0,178.0,1.61461491154449,0.8401389072055074,0.8267339212007505,0.0,0.0,baylor cupp,baylorcupp,bcupp,Baltimore Ravens,00-0039316,,,,,,,,,,,,,,,,,,,,,,,,,
2025,10,0.0,2025_10_BAL_MIN,Baltimore Ravens,Charlie Kolar,TE,00-0038046,1.0,0.0,0.0,0.0,0.0,0.0,0.0,0.0,0.0,0.0,0.0,0.0,0.0,72.0,33.07,36.0,251.0,178.0,1.61461491154449,0.8401389072055074,0.8267339212007505,1.0,1.0,charlie kolar,charliekolar,ckolar,Baltimore Ravens,00-0038046,0.0,0.0,0.0,0.0,0.0,0.0,0.0,2.0,1.0,23.0,0.0,C.Kolar,BAL,team_norm & _alias_init_last,0.0,0.0,0.0,0.0,0.0,0.0,0.0,-2.0,-1.0,-23.0,0.0
2025,10,0.0,2025_10_BAL_MIN,Baltimore Ravens,Zay Flowers,WR,00-0039064,1.0,0.0,0.0,0.0,0.0,0.0,0.0,0.0,7.16,4.86,48.0,0.32,0.2743,72.0,33.07,36.0,251.0,178.0,1.61461491154449,0.8401389072055074,0.8267339212007505,1.0,1.0,zay flowers,zayflowers,zflowers,Baltimore Ravens,,0.0,0.0,0.0,0.0,1.0,6.0,0.0,6.0,4.0,75.0,0.0,Z.Flowers,BAL,team_norm & _alias_init_last,0.0,0.0,0.0,0.0,-1.0,-6.0,0.0,1.1600000000000001,0.8600000000000003,-27.0,0.32
2025,10,0.0,2025_10_BAL_MIN,Baltimore Ravens,Rashod Bateman,WR,00-0036550,1.0,0.0,0.0,0.0,0.0,0.0,0.0,0.0,5.39,3.17,36.2,0.25,0.2191,72.0,33.07,36.0,251.0,178.0,1.61461491154449,0.8401389072055074,0.8267339212007505,1.0,1.0,rashod bateman,rashodbateman,rbateman,Baltimore Ravens,00-0036550,0.0,0.0,0.0,0.0,0.0,0.0,0.0,3.0,1.0,10.0,0.0,R.Bateman,BAL,team_norm & _alias_init_last,0.0,0.0,0.0,0.0,0.0,0.0,0.0,2.3899999999999997,2.17,26.200000000000003,0.25
2025,10,0.0,2025_10_BAL_MIN,Baltimore Ravens,DeAndre Hopkins,WR,00-0030564,1.0,0.0,0.0,0.0,0.0,0.0,0.0,0.0,3.59,2.11,22.1,0.16,0.1498,72.0,33.07,36.0,251.0,178.0,1.61461491154449,0.8401389072055074,0.8267339212007505,1.0,1.0,deandre hopkins,deandrehopkins,dhopkins,Baltimore Ravens,00-0030564,0.0,0.0,0.0,0.0,0.0,0.0,0.0,3.0,2.0,16.0,0.0,D.Hopkins,BAL,team_norm & _alias_init_last,0.0,0.0,0.0,0.0,0.0,0.0,0.0,0.5899999999999999,0.10999999999999988,6.100000000000001,0.16
2025,10,0.0,2025_10_BAL_MIN,Baltimore Ravens,Anthony Miller,WR,00-0034353,1.0,0.0,0.0,0.0,0.0,0.0,0.0,0.0,0.0,0.0,0.0,0.0,0.0,72.0,33.07,36.0,251.0,178.0,1.61461491154449,0.8401389072055074,0.8267339212007505,0.0,0.0,anthony miller,anthonymiller,amiller,Baltimore Ravens,00-0034353,,,,,,,,,,,,,,,,,,,,,,,,,
2025,10,0.0,2025_10_BAL_MIN,Baltimore Ravens,LaJohntay Wester,WR,00-0040075,1.0,0.0,0.0,0.0,0.0,0.0,0.0,0.0,0.0,0.0,0.0,0.0,0.0,72.0,33.07,36.0,251.0,178.0,1.61461491154449,0.8401389072055074,0.8267339212007505,1.0,1.0,lajohntay wester,lajohntaywester,lwester,Baltimore Ravens,00-0040075,,,,,,,,,,,,,,,,,,,,,,,,,
2025,10,0.0,2025_10_BAL_MIN,Baltimore Ravens,Tylan Wallace,WR,00-0036630,1.0,0.0,0.0,0.0,0.0,0.0,0.0,0.0,0.0,0.0,0.0,0.0,0.0,72.0,33.07,36.0,251.0,178.0,1.61461491154449,0.8401389072055074,0.8267339212007505,1.0,1.0,tylan wallace,tylanwallace,twallace,Baltimore Ravens,00-0036630,,,,,,,,,,,,,,,,,,,,,,,,,
2025,10,0.0,2025_10_BAL_MIN,Minnesota Vikings,J.J. McCarthy,QB,00-0039923,1.0,39.61,278.9,2.16,0.89,1.32,5.5,0.04,0.0,0.0,0.0,0.0,0.0346,72.0,38.11,31.03,289.3,153.5,2.1814242233963643,0.8686336831605592,0.9527875013391204,1.0,1.0,j.j. mccarthy,jjmccarthy,jmccarthy,Minnesota Vikings,00-0039923,51.0,248.0,1.0,2.0,1.0,10.0,0.0,0.0,0.0,0.0,0.0,J.McCarthy,MIN,team_norm & _alias_init_last,-11.39,30.899999999999977,1.1600000000000001,-1.1099999999999999,0.32000000000000006,-4.5,0.04,0.0,0.0,0.0,0.0
2025,10,0.0,2025_10_BAL_MIN,Minnesota Vikings,Aaron Jones Sr.,RB,,1.0,0.0,0.0,0.0,0.0,19.1,101.3,0.61,4.76,3.37,35.4,0.27,0.5882,72.0,38.11,31.03,289.3,153.5,2.1814242233963643,0.8686336831605592,0.9527875013391204,0.0,0.0,aaron jones sr.,aaronjonessr,ajones,Minnesota Vikings,00-0033293,0.0,0.0,0.0,0.0,9.0,47.0,1.0,7.0,3.0,22.0,0.0,A.Jones,MIN,team_norm & _alias_init_last,0.0,0.0,0.0,0.0,10.100000000000001,54.3,-0.39,-2.24,0.3700000000000001,13.399999999999999,0.27
2025,10,0.0,2025_10_BAL_MIN,Minnesota Vikings,Jordan Mason,RB,00-0037525,1.0,0.0,0.0,0.0,0.0,10.61,43.6,0.23,2.96,2.23,16.8,0.17,0.3296,72.0,38.11,31.03,289.3,153.5,2.1814242233963643,0.8686336831605592,0.9527875013391204,1.0,1.0,jordan mason,jordanmason,jmason,Minnesota Vikings,00-0037525,0.0,0.0,0.0,0.0,4.0,25.0,0.0,1.0,1.0,6.0,0.0,J.Mason,MIN,team_norm & _alias_init_last,0.0,0.0,0.0,0.0,6.609999999999999,18.6,0.23,1.96,1.23,10.8,0.17
2025,10,0.0,2025_10_BAL_MIN,Minnesota Vikings,Zavier Scott,RB,00-0038440,1.0,0.0,0.0,0.0,0.0,0.0,0.0,0.0,0.0,0.0,0.0,0.0,0.0,72.0,38.11,31.03,289.3,153.5,2.1814242233963643,0.8686336831605592,0.9527875013391204,1.0,1.0,zavier scott,zavierscott,zscott,Minnesota Vikings,00-0038440,,,,,,,,,,,,,,,,,,,,,,,,,
2025,10,0.0,2025_10_BAL_MIN,Minnesota Vikings,T.J. Hockenson,TE,00-0035229,1.0,0.0,0.0,0.0,0.0,0.0,0.0,0.0,7.13,4.86,43.0,0.37,0.3075,72.0,38.11,31.03,289.3,153.5,2.1814242233963643,0.8686336831605592,0.9527875013391204,1.0,1.0,t.j. hockenson,tjhockenson,thockenson,Minnesota Vikings,00-0035229,0.0,0.0,0.0,0.0,0.0,0.0,0.0,3.0,2.0,8.0,0.0,T.Hockenson,MIN,team_norm & _alias_init_last,0.0,0.0,0.0,0.0,0.0,0.0,0.0,4.13,2.8600000000000003,35.0,0.37
2025,10,0.0,2025_10_BAL_MIN,Minnesota Vikings,Josh Oliver,TE,00-0035249,1.0,0.0,0.0,0.0,0.0,0.0,0.0,0.0,3.58,2.49,22.8,0.2,0.1836,72.0,38.11,31.03,289.3,153.5,2.1814242233963643,0.8686336831605592,0.9527875013391204,0.0,0.0,josh oliver,josholiver,joliver,Minnesota Vikings,00-0035249,,,,,,,,,,,,,,,,,,,,,,,,,
2025,10,0.0,2025_10_BAL_MIN,Minnesota Vikings,Ben Sims,TE,00-0038809,1.0,0.0,0.0,0.0,0.0,0.0,0.0,0.0,0.0,0.0,0.0,0.0,0.0,72.0,38.11,31.03,289.3,153.5,2.1814242233963643,0.8686336831605592,0.9527875013391204,1.0,1.0,ben sims,bensims,bsims,Minnesota Vikings,00-0038809,,,,,,,,,,,,,,,,,,,,,,,,,
2025,10,0.0,2025_10_BAL_MIN,Minnesota Vikings,Ben Yurosek,TE,00-0040509,1.0,0.0,0.0,0.0,0.0,0.0,0.0,0.0,0.0,0.0,0.0,0.0,0.0,72.0,38.11,31.03,289.3,153.5,2.1814242233963643,0.8686336831605592,0.9527875013391204,1.0,1.0,ben yurosek,benyurosek,byurosek,Minnesota Vikings,00-0040509,,,,,,,,,,,,,,,,,,,,,,,,,
2025,10,0.0,2025_10_BAL_MIN,Minnesota Vikings,Justin Jefferson,WR,00-0036322,1.0,0.0,0.0,0.0,0.0,0.0,0.0,0.0,8.81,5.53,53.5,0.48,0.3829,72.0,38.11,31.03,289.3,153.5,2.1814242233963643,0.8686336831605592,0.9527875013391204,1.0,1.0,justin jefferson,justinjefferson,jjefferson,Minnesota Vikings,00-0036322,0.0,0.0,0.0,0.0,0.0,0.0,0.0,14.0,4.0,37.0,0.0,J.Jefferson,MIN,team_norm & _alias_init_last,0.0,0.0,0.0,0.0,0.0,0.0,0.0,-5.1899999999999995,1.5300000000000002,16.5,0.48
2025,10,0.0,2025_10_BAL_MIN,Minnesota Vikings,Jordan Addison,WR,00-0038994,1.0,0.0,0.0,0.0,0.0,0.0,0.0,0.0,6.52,3.72,39.0,0.36,0.3035,72.0,38.11,31.03,289.3,153.5,2.1814242233963643,0.8686336831605592,0.9527875013391204,1.0,1.0,jordan addison,jordanaddison,jaddison,Minnesota Vikings,00-0038994,0.0,0.0,0.0,0.0,0.0,0.0,0.0,11.0,3.0,35.0,0.0,J.Addison,MIN,team_norm & _alias_init_last,0.0,0.0,0.0,0.0,0.0,0.0,0.0,-4.48,0.7200000000000002,4.0,0.36
2025,10,0.0,2025_10_BAL_MIN,Minnesota Vikings,Jalen Nailor,WR,00-0037291,1.0,0.0,0.0,0.0,0.0,0.0,0.0,0.0,4.35,2.55,27.8,0.25,0.2178,72.0,38.11,31.03,289.3,153.5,2.1814242233963643,0.8686336831605592,0.9527875013391204,1.0,1.0,jalen nailor,jalennailor,jnailor,Minnesota Vikings,00-0037291,0.0,0.0,0.0,0.0,0.0,0.0,0.0,6.0,5.0,124.0,1.0,J.Nailor,MIN,team_norm & _alias_init_last,0.0,0.0,0.0,0.0,0.0,0.0,0.0,-1.6500000000000004,-2.45,-96.2,-0.75
2025,10,0.0,2025_10_BAL_MIN,Minnesota Vikings,Myles Price,WR,00-0040506,1.0,0.0,0.0,0.0,0.0,0.0,0.0,0.0,0.0,0.0,0.0,0.0,0.0,72.0,38.11,31.03,289.3,153.5,2.1814242233963643,0.8686336831605592,0.9527875013391204,1.0,1.0,myles price,mylesprice,mprice,Minnesota Vikings,00-0040506,,,,,,,,,,,,,,,,,,,,,,,,,
2025,10,0.0,2025_10_BAL_MIN,Minnesota Vikings,Tai Felton,WR,00-0040154,1.0,0.0,0.0,0.0,0.0,0.0,0.0,0.0,0.0,0.0,0.0,0.0,0.0,72.0,38.11,31.03,289.3,153.5,2.1814242233963643,0.8686336831605592,0.9527875013391204,1.0,1.0,tai felton,taifelton,tfelton,Minnesota Vikings,00-0040154,,,,,,,,,,,,,,,,,,,,,,,,,
2025,10,0.0,2025_10_BUF_MIA,Buffalo Bills,Josh Allen,QB,00-0034857,1.0,33.86,216.8,1.97,0.75,11.47,35.7,0.44,0.0,0.0,0.0,0.0,0.359,72.0,32.2,37.66,217.5,165.7,2.2939377520569715,1.3394671795871602,0.8050316948317122,1.0,1.0,josh allen,joshallen,jallen,Buffalo Bills,00-0034857,47.0,306.0,2.0,1.0,2.0,17.0,0.0,0.0,0.0,0.0,0.0,J.Allen,BUF,team_norm & _alias_init_last,-13.14,-89.19999999999999,-0.030000000000000027,-0.25,9.47,18.700000000000003,0.44,0.0,0.0,0.0,0.0
2025,10,0.0,2025_10_BUF_MIA,Buffalo Bills,James Cook III,RB,,1.0,0.0,0.0,0.0,0.0,16.84,80.2,0.73,4.22,2.92,28.2,0.3,0.6435,72.0,32.2,37.66,217.5,165.7,2.2939377520569715,1.3394671795871602,0.8050316948317122,0.0,0.0,james cook iii,jamescookiii,jcook,Buffalo Bills,00-0037248,0.0,0.0,0.0,0.0,14.0,53.0,0.0,5.0,5.0,24.0,0.0,J.Cook,BUF,team_norm & _alias_init_last,0.0,0.0,0.0,0.0,2.84,27.200000000000003,0.73,-0.7800000000000002,-2.08,4.199999999999999,0.3
2025,10,0.0,2025_10_BUF_MIA,Buffalo Bills,Ty Johnson,RB,00-0035537,1.0,0.0,0.0,0.0,0.0,9.35,37.5,0.27,2.63,1.62,13.3,0.18,0.3641,72.0,32.2,37.66,217.5,165.7,2.2939377520569715,1.3394671795871602,0.8050316948317122,1.0,1.0,ty johnson,tyjohnson,tjohnson,Buffalo Bills,00-0034376,0.0,0.0,0.0,0.0,1.0,2.0,0.0,2.0,2.0,24.0,0.0,Ty.Johnson,BUF,team_norm & _name_norm_loose,0.0,0.0,0.0,0.0,8.35,35.5,0.27,0.6299999999999999,-0.3799999999999999,-10.7,0.18
2025,10,0.0,2025_10_BUF_MIA,Buffalo Bills,Ray Davis,RB,00-0039875,1.0,0.0,0.0,0.0,0.0,0.0,0.0,0.0,0.0,0.0,0.0,0.0,0.0,72.0,32.2,37.66,217.5,165.7,2.2939377520569715,1.3394671795871602,0.8050316948317122,1.0,1.0,ray davis,raydavis,rdavis,Buffalo Bills,00-0039875,0.0,0.0,0.0,0.0,2.0,-2.0,0.0,2.0,1.0,0.0,0.0,R.Davis,BUF,team_norm & _alias_init_last,0.0,0.0,0.0,0.0,-2.0,2.0,0.0,-2.0,-1.0,0.0,0.0
2025,10,0.0,2025_10_BUF_MIA,Buffalo Bills,Dalton Kincaid,TE,00-0038933,1.0,0.0,0.0,0.0,0.0,0.0,0.0,0.0,6.16,4.18,33.5,0.39,0.3257,72.0,32.2,37.66,217.5,165.7,2.2939377520569715,1.3394671795871602,0.8050316948317122,1.0,1.0,dalton kincaid,daltonkincaid,dkincaid,Buffalo Bills,00-0038933,0.0,0.0,0.0,0.0,0.0,0.0,0.0,3.0,2.0,37.0,0.0,D.Kincaid,BUF,team_norm & _alias_init_last,0.0,0.0,0.0,0.0,0.0,0.0,0.0,3.16,2.1799999999999997,-3.5,0.39
2025,10,0.0,2025_10_BUF_MIA,Buffalo Bills,Dawson Knox,TE,00-0035689,1.0,0.0,0.0,0.0,0.0,0.0,0.0,0.0,3.18,2.15,17.1,0.22,0.1993,72.0,32.2,37.66,217.5,165.7,2.2939377520569715,1.3394671795871602,0.8050316948317122,1.0,1.0,dawson knox,dawsonknox,dknox,Buffalo Bills,00-0035689,0.0,0.0,0.0,0.0,0.0,0.0,0.0,4.0,3.0,37.0,0.0,D.Knox,BUF,team_norm & _alias_init_last,0.0,0.0,0.0,0.0,0.0,0.0,0.0,-0.8199999999999998,-0.8500000000000001,-19.9,0.22
2025,10,0.0,2025_10_BUF_MIA,Buffalo Bills,Jackson Hawes,TE,00-0040194,1.0,0.0,0.0,0.0,0.0,0.0,0.0,0.0,0.0,0.0,0.0,0.0,0.0,72.0,32.2,37.66,217.5,165.7,2.2939377520569715,1.3394671795871602,0.8050316948317122,1.0,1.0,jackson hawes,jacksonhawes,jhawes,Buffalo Bills,00-0040194,0.0,0.0,0.0,0.0,0.0,0.0,0.0,2.0,1.0,26.0,1.0,J.Hawes,BUF,team_norm & _alias_init_last,0.0,0.0,0.0,0.0,0.0,0.0,0.0,-2.0,-1.0,-26.0,-1.0
2025,10,0.0,2025_10_BUF_MIA,Buffalo Bills,Khalil Shakir,WR,00-0037261,1.0,0.0,0.0,0.0,0.0,0.0,0.0,0.0,6.94,4.99,37.2,0.46,0.3691,72.0,32.2,37.66,217.5,165.7,2.2939377520569715,1.3394671795871602,0.8050316948317122,1.0,1.0,khalil shakir,khalilshakir,kshakir,Buffalo Bills,00-0037261,0.0,0.0,0.0,0.0,0.0,0.0,0.0,10.0,7.0,58.0,0.0,K.Shakir,BUF,team_norm & _alias_init_last,0.0,0.0,0.0,0.0,0.0,0.0,0.0,-3.0599999999999996,-2.01,-20.799999999999997,0.46
2025,10,0.0,2025_10_BUF_MIA,Buffalo Bills,Keon Coleman,WR,00-0039901,1.0,0.0,0.0,0.0,0.0,0.0,0.0,0.0,5.23,2.56,29.2,0.37,0.3103,72.0,32.2,37.66,217.5,165.7,2.2939377520569715,1.3394671795871602,0.8050316948317122,1.0,1.0,keon coleman,keoncoleman,kcoleman,Buffalo Bills,00-0039901,0.0,0.0,0.0,0.0,0.0,0.0,0.0,8.0,3.0,46.0,1.0,K.Coleman,BUF,team_norm & _alias_init_last,0.0,0.0,0.0,0.0,0.0,0.0,0.0,-2.7699999999999996,-0.43999999999999995,-16.8,-0.63
2025,10,0.0,2025_10_BUF_MIA,Buffalo Bills,Joshua Palmer,WR,,1.0,0.0,0.0,0.0,0.0,0.0,0.0,0.0,3.48,2.2,34.0,0.25,0.2198,72.0,32.2,37.66,217.5,165.7,2.2939377520569715,1.3394671795871602,0.8050316948317122,0.0,0.0,joshua palmer,joshuapalmer,jpalmer,Buffalo Bills,00-0036988,,,,,,,,,,,,,,,,,,,,,,,,,
2025,10,0.0,2025_10_BUF_MIA,Buffalo Bills,Brandin Cooks,WR,00-0031236,1.0,0.0,0.0,0.0,0.0,0.0,0.0,0.0,0.0,0.0,0.0,0.0,0.0,72.0,32.2,37.66,217.5,165.7,2.2939377520569715,1.3394671795871602,0.8050316948317122,0.0,0.0,brandin cooks,brandincooks,bcooks,Buffalo Bills,00-0031236,,,,,,,,,,,,,,,,,,,,,,,,,
2025,10,0.0,2025_10_BUF_MIA,Buffalo Bills,Curtis Samuel,WR,00-0033282,1.0,0.0,0.0,0.0,0.0,0.0,0.0,0.0,0.0,0.0,0.0,0.0,0.0,72.0,32.2,37.66,217.5,165.7,2.2939377520569715,1.3394671795871602,0.8050316948317122,1.0,1.0,curtis samuel,curtissamuel,csamuel,Buffalo Bills,00-0033282,0.0,0.0,0.0,0.0,0.0,0.0,0.0,1.0,1.0,21.0,0.0,C.Samuel,BUF,team_norm & _alias_init_last,0.0,0.0,0.0,0.0,0.0,0.0,0.0,-1.0,-1.0,-21.0,0.0
2025,10,0.0,2025_10_BUF_MIA,Buffalo Bills,David White,WR,00-0039562,1.0,0.0,0.0,0.0,0.0,0.0,0.0,0.0,0.0,0.0,0.0,0.0,0.0,72.0,32.2,37.66,217.5,165.7,2.2939377520569715,1.3394671795871602,0.8050316948317122,1.0,1.0,david white,davidwhite,dwhite,Buffalo Bills,00-0039562,,,,,,,,,,,,,,,,,,,,,,,,,
2025,10,0.0,2025_10_BUF_MIA,Buffalo Bills,Tyrell Shavers,WR,00-0038679,1.0,0.0,0.0,0.0,0.0,0.0,0.0,0.0,0.0,0.0,0.0,0.0,0.0,72.0,32.2,37.66,217.5,165.7,2.2939377520569715,1.3394671795871602,0.8050316948317122,1.0,1.0,tyrell shavers,tyrellshavers,tshavers,Buffalo Bills,00-0038679,0.0,0.0,0.0,0.0,0.0,0.0,0.0,1.0,1.0,24.0,0.0,T.Shavers,BUF,team_norm & _alias_init_last,0.0,0.0,0.0,0.0,0.0,0.0,0.0,-1.0,-1.0,-24.0,0.0
2025,10,0.0,2025_10_BUF_MIA,Miami Dolphins,Tua Tagovailoa,QB,00-0036212,1.0,44.73,253.4,1.56,1.08,2.08,6.0,0.03,0.0,0.0,0.0,0.0,0.0338,72.0,46.63,21.71,261.6,79.4,1.6006513161138671,0.3723852186754914,1.165660808625337,1.0,1.0,tua tagovailoa,tuatagovailoa,ttagovailoa,Miami Dolphins,00-0036212,21.0,173.0,2.0,2.0,0.0,0.0,0.0,0.0,0.0,0.0,0.0,T.Tagovailoa,MIA,team_norm & _alias_init_last,23.729999999999997,80.4,-0.43999999999999995,-0.9199999999999999,2.08,6.0,0.03,0.0,0.0,0.0,0.0
2025,10,0.0,2025_10_BUF_MIA,Miami Dolphins,De'Von Achane,RB,00-0039040,1.0,0.0,0.0,0.0,0.0,12.62,39.4,0.26,6.08,4.62,21.2,0.21,0.3774,72.0,46.63,21.71,261.6,79.4,1.6006513161138671,0.3723852186754914,1.165660808625337,1.0,1.0,de'von achane,devonachane,dachane,Miami Dolphins,00-0039040,0.0,0.0,0.0,0.0,22.0,174.0,2.0,6.0,6.0,51.0,0.0,D.Achane,MIA,team_norm & _alias_init_last,0.0,0.0,0.0,0.0,-9.38,-134.6,-1.74,0.08000000000000007,-1.38,-29.8,0.21
2025,10,0.0,2025_10_BUF_MIA,Miami Dolphins,Ollie Gordon II,RB,00-0040198,1.0,0.0,0.0,0.0,0.0,7.01,23.2,0.1,3.78,2.8,17.4,0.13,0.2052,72.0,46.63,21.71,261.6,79.4,1.6006513161138671,0.3723852186754914,1.165660808625337,1.0,1.0,ollie gordon ii,olliegordonii,ogordon,Miami Dolphins,00-0040198,0.0,0.0,0.0,0.0,1.0,-3.0,0.0,0.0,0.0,0.0,0.0,O.Gordon,MIA,team_norm & _alias_init_last,0.0,0.0,0.0,0.0,6.01,26.2,0.1,3.78,2.8,17.4,0.13
2025,10,0.0,2025_10_BUF_MIA,Miami Dolphins,Jaylen Wright,RB,00-0039874,1.0,0.0,0.0,0.0,0.0,0.0,0.0,0.0,0.0,0.0,0.0,0.0,0.0,72.0,46.63,21.71,261.6,79.4,1.6006513161138671,0.3723852186754914,1.165660808625337,1.0,1.0,jaylen wright,jaylenwright,jwright,Miami Dolphins,00-0039874,0.0,0.0,0.0,0.0,5.0,17.0,0.0,0.0,0.0,0.0,0.0,J.Wright,MIA,team_norm & _alias_init_last,0.0,0.0,0.0,0.0,-5.0,-17.0,0.0,0.0,0.0,0.0,0.0
2025,10,0.0,2025_10_BUF_MIA,Miami Dolphins,Julian Hill,TE,00-0038720,1.0,0.0,0.0,0.0,0.0,0.0,0.0,0.0,8.33,5.26,43.3,0.28,0.2466,72.0,46.63,21.71,261.6,79.4,1.6006513161138671,0.3723852186754914,1.165660808625337,0.0,0.0,julian hill,julianhill,jhill,Miami Dolphins,00-0038720,0.0,0.0,0.0,0.0,1.0,1.0,1.0,2.0,1.0,12.0,0.0,J.Hill,BAL,_alias_init_last,0.0,0.0,0.0,0.0,-1.0,-1.0,-1.0,6.33,4.26,31.299999999999997,0.28
2025,10,0.0,2025_10_BUF_MIA,Miami Dolphins,Greg Dulcich,TE,00-0037252,1.0,0.0,0.0,0.0,0.0,0.0,0.0,0.0,4.31,2.6,19.1,0.13,0.1262,72.0,46.63,21.71,261.6,79.4,1.6006513161138671,0.3723852186754914,1.165660808625337,1.0,1.0,greg dulcich,gregdulcich,gdulcich,Miami Dolphins,00-0037252,0.0,0.0,0.0,0.0,0.0,0.0,0.0,4.0,1.0,22.0,0.0,G.Dulcich,MIA,team_norm & _alias_init_last,0.0,0.0,0.0,0.0,0.0,0.0,0.0,0.3099999999999996,1.6,-2.8999999999999986,0.13
2025,10,0.0,2025_10_BUF_MIA,Miami Dolphins,Jaylen Waddle,WR,00-0036613,1.0,0.0,0.0,0.0,0.0,0.0,0.0,0.0,10.7,6.54,48.6,0.34,0.2847,72.0,46.63,21.71,261.6,79.4,1.6006513161138671,0.3723852186754914,1.165660808625337,1.0,1.0,jaylen waddle,jaylenwaddle,jwaddle,Miami Dolphins,00-0036613,0.0,0.0,0.0,0.0,0.0,0.0,0.0,7.0,5.0,84.0,1.0,J.Waddle,MIA,team_norm & _alias_init_last,0.0,0.0,0.0,0.0,0.0,0.0,0.0,3.6999999999999993,1.54,-35.4,-0.6599999999999999
2025,10,0.0,2025_10_BUF_MIA,Miami Dolphins,Malik Washington,WR,00-0039880,1.0,0.0,0.0,0.0,0.0,0.0,0.0,0.0,8.06,5.49,42.5,0.27,0.2333,72.0,46.63,21.71,261.6,79.4,1.6006513161138671,0.3723852186754914,1.165660808625337,1.0,1.0,malik washington,malikwashington,mwashington,Miami Dolphins,00-0039880,0.0,0.0,0.0,0.0,1.0,4.0,0.0,3.0,2.0,9.0,1.0,M.Washington,MIA,team_norm & _alias_init_last,0.0,0.0,0.0,0.0,-1.0,-4.0,0.0,5.0600000000000005,3.49,33.5,-0.73
2025,10,0.0,2025_10_BUF_MIA,Miami Dolphins,Nick Westbrook-Ikhine,WR,00-0036182,1.0,0.0,0.0,0.0,0.0,0.0,0.0,0.0,5.37,2.75,24.5,0.18,0.1611,72.0,46.63,21.71,261.6,79.4,1.6006513161138671,0.3723852186754914,1.165660808625337,1.0,1.0,nick westbrook-ikhine,nickwestbrookikhine,nwestbrookikhine,Miami Dolphins,00-0036182,0.0,0.0,0.0,0.0,0.0,0.0,0.0,1.0,1.0,7.0,0.0,N.Westbrook-Ikhine,MIA,team_norm & _alias_init_last,0.0,0.0,0.0,0.0,0.0,0.0,0.0,4.37,1.75,17.5,0.18
2025,10,0.0,2025_10_BUF_MIA,Miami Dolphins,Cedrick Wilson Jr.,WR,00-0034418,1.0,0.0,0.0,0.0,0.0,0.0,0.0,0.0,0.0,0.0,0.0,0.0,0.0,72.0,46.63,21.71,261.6,79.4,1.6006513161138671,0.3723852186754914,1.165660808625337,1.0,1.0,cedrick wilson jr.,cedrickwilsonjr,cwilson,Miami Dolphins,00-0034418,,,,,,,,,,,,,,,,,,,,,,,,,
2025,10,0.0,2025_10_BUF_MIA,Miami Dolphins,Dee Eskridge,WR,00-0036620,1.0,0.0,0.0,0.0,0.0,0.0,0.0,0.0,0.0,0.0,0.0,0.0,0.0,72.0,46.63,21.71,261.6,79.4,1.6006513161138671,0.3723852186754914,1.165660808625337,0.0,0.0,dee eskridge,deeeskridge,deskridge,Miami Dolphins,00-0036620,,,,,,,,,,,,,,,,,,,,,,,,,
2025,10,0.0,2025_10_BUF_MIA,Miami Dolphins,Tahj Washington,WR,00-0039884,1.0,0.0,0.0,0.0,0.0,0.0,0.0,0.0,0.0,0.0,0.0,0.0,0.0,72.0,46.63,21.71,261.6,79.4,1.6006513161138671,0.3723852186754914,1.165660808625337,1.0,1.0,tahj washington,tahjwashington,twashington,Miami Dolphins,00-0039884,,,,,,,,,,,,,,,,,,,,,,,,,
2025,10,0.0,2025_10_CLE_NYJ,Cleveland Browns,Dillon Gabriel,QB,00-0040704,1.0,46.29,240.9,2.55,1.04,0.53,1.6,0.01,0.0,0.0,0.0,0.0,0.0091,67.43,44.54,20.23,249.9,73.9,2.660134850557942,0.3773390813042172,1.1134857745349132,1.0,1.0,dillon gabriel,dillongabriel,dgabriel,Cleveland Browns,00-0040704,46.0,167.0,2.0,0.0,0.0,0.0,0.0,0.0,0.0,0.0,0.0,D.Gabriel,CLE,team_norm & _alias_init_last,0.28999999999999915,73.9,0.5499999999999998,1.04,0.53,1.6,0.01,0.0,0.0,0.0,0.0
2025,10,0.0,2025_10_CLE_NYJ,Cleveland Browns,Quinshon Judkins,RB,00-0040784,1.0,0.0,0.0,0.0,0.0,12.67,39.9,0.28,5.65,3.88,23.7,0.32,0.4511,67.43,44.54,20.23,249.9,73.9,2.660134850557942,0.3773390813042172,1.1134857745349132,1.0,1.0,quinshon judkins,quinshonjudkins,qjudkins,Cleveland Browns,00-0040784,0.0,0.0,0.0,0.0,22.0,75.0,0.0,3.0,2.0,10.0,0.0,Q.Judkins,CLE,team_norm & _alias_init_last,0.0,0.0,0.0,0.0,-9.33,-35.1,0.28,2.6500000000000004,1.88,13.7,0.32
2025,10,0.0,2025_10_CLE_NYJ,Cleveland Browns,Dylan Sampson,RB,00-0040162,1.0,0.0,0.0,0.0,0.0,7.04,23.8,0.1,3.52,2.61,13.5,0.21,0.2658,67.43,44.54,20.23,249.9,73.9,2.660134850557942,0.3773390813042172,1.1134857745349132,1.0,1.0,dylan sampson,dylansampson,dsampson,Cleveland Browns,00-0040162,0.0,0.0,0.0,0.0,2.0,-4.0,0.0,1.0,1.0,3.0,0.0,D.Sampson,CLE,team_norm & _alias_init_last,0.0,0.0,0.0,0.0,5.04,27.8,0.1,2.52,1.6099999999999999,10.5,0.21
2025,10,0.0,2025_10_CLE_NYJ,Cleveland Browns,Jerome Ford,RB,00-0037267,1.0,0.0,0.0,0.0,0.0,0.0,0.0,0.0,0.0,0.0,0.0,0.0,0.0,67.43,44.54,20.23,249.9,73.9,2.660134850557942,0.3773390813042172,1.1134857745349132,1.0,1.0,jerome ford,jeromeford,jford,Cleveland Browns,00-0037267,0.0,0.0,0.0,0.0,1.0,1.0,0.0,1.0,0.0,0.0,0.0,J.Ford,CLE,team_norm & _alias_init_last,0.0,0.0,0.0,0.0,-1.0,-1.0,0.0,-1.0,0.0,0.0,0.0
2025,10,0.0,2025_10_CLE_NYJ,Cleveland Browns,David Njoku,TE,00-0033885,1.0,0.0,0.0,0.0,0.0,0.0,0.0,0.0,8.39,5.28,33.6,0.47,0.3747,67.43,44.54,20.23,249.9,73.9,2.660134850557942,0.3773390813042172,1.1134857745349132,1.0,1.0,david njoku,davidnjoku,dnjoku,Cleveland Browns,00-0033885,0.0,0.0,0.0,0.0,0.0,0.0,0.0,2.0,2.0,21.0,1.0,D.Njoku,CLE,team_norm & _alias_init_last,0.0,0.0,0.0,0.0,0.0,0.0,0.0,6.390000000000001,3.2800000000000002,12.600000000000001,-0.53
2025,10,0.0,2025_10_CLE_NYJ,Cleveland Browns,Harold Fannin Jr.,TE,00-0040663,1.0,0.0,0.0,0.0,0.0,0.0,0.0,0.0,4.34,2.69,18.1,0.23,0.2066,67.43,44.54,20.23,249.9,73.9,2.660134850557942,0.3773390813042172,1.1134857745349132,1.0,1.0,harold fannin jr.,haroldfanninjr,hfannin,Cleveland Browns,00-0040663,0.0,0.0,0.0,0.0,0.0,0.0,0.0,7.0,4.0,44.0,0.0,H.Fannin,CLE,team_norm & _alias_init_last,0.0,0.0,0.0,0.0,0.0,0.0,0.0,-2.66,-1.31,-25.9,0.23
2025,10,0.0,2025_10_CLE_NYJ,Cleveland Browns,Blake Whiteheart,TE,00-0038710,1.0,0.0,0.0,0.0,0.0,0.0,0.0,0.0,0.0,0.0,0.0,0.0,0.0,67.43,44.54,20.23,249.9,73.9,2.660134850557942,0.3773390813042172,1.1134857745349132,1.0,1.0,blake whiteheart,blakewhiteheart,bwhiteheart,Cleveland Browns,00-0038710,,,,,,,,,,,,,,,,,,,,,,,,,
2025,10,0.0,2025_10_CLE_NYJ,Cleveland Browns,Brenden Bates,TE,00-0039458,1.0,0.0,0.0,0.0,0.0,0.0,0.0,0.0,0.0,0.0,0.0,0.0,0.0,67.43,44.54,20.23,249.9,73.9,2.660134850557942,0.3773390813042172,1.1134857745349132,0.0,0.0,brenden bates,brendenbates,bbates,Cleveland Browns,00-0039458,,,,,,,,,,,,,,,,,,,,,,,,,
2025,10,0.0,2025_10_CLE_NYJ,Cleveland Browns,Jerry Jeudy,WR,00-0036407,1.0,0.0,0.0,0.0,0.0,0.0,0.0,0.0,10.04,5.86,48.0,0.55,0.4246,67.43,44.54,20.23,249.9,73.9,2.660134850557942,0.3773390813042172,1.1134857745349132,1.0,1.0,jerry jeudy,jerryjeudy,jjeudy,Cleveland Browns,00-0036407,0.0,0.0,0.0,0.0,0.0,0.0,0.0,13.0,6.0,78.0,1.0,J.Jeudy,CLE,team_norm & _alias_init_last,0.0,0.0,0.0,0.0,0.0,0.0,0.0,-2.960000000000001,-0.13999999999999968,-30.0,-0.44999999999999996
2025,10,0.0,2025_10_CLE_NYJ,Cleveland Browns,Cedric Tillman,WR,00-0038979,1.0,0.0,0.0,0.0,0.0,0.0,0.0,0.0,7.56,3.85,36.7,0.43,0.3504,67.43,44.54,20.23,249.9,73.9,2.660134850557942,0.3773390813042172,1.1134857745349132,1.0,1.0,cedric tillman,cedrictillman,ctillman,Cleveland Browns,00-0038979,0.0,0.0,0.0,0.0,0.0,0.0,0.0,5.0,2.0,11.0,0.0,C.Tillman,CLE,team_norm & _alias_init_last,0.0,0.0,0.0,0.0,0.0,0.0,0.0,2.5599999999999996,1.85,25.700000000000003,0.43
2025,10,0.0,2025_10_CLE_NYJ,Cleveland Browns,Isaiah Bond,WR,00-0040782,1.0,0.0,0.0,0.0,0.0,0.0,0.0,0.0,5.04,2.42,28.8,0.28,0.2475,67.43,44.54,20.23,249.9,73.9,2.660134850557942,0.3773390813042172,1.1134857745349132,0.0,0.0,isaiah bond,isaiahbond,ibond,Cleveland Browns,00-0040782,,,,,,,,,,,,,,,,,,,,,,,,,
2025,10,0.0,2025_10_CLE_NYJ,Cleveland Browns,Cade McDonald,WR,00-0040615,1.0,0.0,0.0,0.0,0.0,0.0,0.0,0.0,0.0,0.0,0.0,0.0,0.0,67.43,44.54,20.23,249.9,73.9,2.660134850557942,0.3773390813042172,1.1134857745349132,0.0,0.0,cade mcdonald,cademcdonald,cmcdonald,Cleveland Browns,00-0040615,,,,,,,,,,,,,,,,,,,,,,,,,
2025,10,0.0,2025_10_CLE_NYJ,Cleveland Browns,Chase Cota,WR,00-0038651,1.0,0.0,0.0,0.0,0.0,0.0,0.0,0.0,0.0,0.0,0.0,0.0,0.0,67.43,44.54,20.23,249.9,73.9,2.660134850557942,0.3773390813042172,1.1134857745349132,0.0,0.0,chase cota,chasecota,ccota,Cleveland Browns,00-0038651,,,,,,,,,,,,,,,,,,,,,,,,,
2025,10,0.0,2025_10_CLE_NYJ,Cleveland Browns,David Bell,WR,00-0037257,1.0,0.0,0.0,0.0,0.0,0.0,0.0,0.0,0.0,0.0,0.0,0.0,0.0,67.43,44.54,20.23,249.9,73.9,2.660134850557942,0.3773390813042172,1.1134857745349132,1.0,1.0,david bell,davidbell,dbell,Cleveland Browns,00-0037257,,,,,,,,,,,,,,,,,,,,,,,,,
2025,10,0.0,2025_10_CLE_NYJ,Cleveland Browns,Gage Larvadain,WR,00-0040259,1.0,0.0,0.0,0.0,0.0,0.0,0.0,0.0,0.0,0.0,0.0,0.0,0.0,67.43,44.54,20.23,249.9,73.9,2.660134850557942,0.3773390813042172,1.1134857745349132,1.0,1.0,gage larvadain,gagelarvadain,glarvadain,Cleveland Browns,,,,,,,,,,,,,,,,,,,,,,,,,,
2025,10,0.0,2025_10_CLE_NYJ,Cleveland Browns,Jamari Thrash,WR,00-0039379,1.0,0.0,0.0,0.0,0.0,0.0,0.0,0.0,0.0,0.0,0.0,0.0,0.0,67.43,44.54,20.23,249.9,73.9,2.660134850557942,0.3773390813042172,1.1134857745349132,1.0,1.0,jamari thrash,jamarithrash,jthrash,Cleveland Browns,00-0039379,0.0,0.0,0.0,0.0,0.0,0.0,0.0,1.0,0.0,0.0,0.0,J.Thrash,CLE,team_norm & _alias_init_last,0.0,0.0,0.0,0.0,0.0,0.0,0.0,-1.0,0.0,0.0,0.0
2025,10,0.0,2025_10_CLE_NYJ,Cleveland Browns,Malachi Corley,WR,00-0039920,1.0,0.0,0.0,0.0,0.0,0.0,0.0,0.0,0.0,0.0,0.0,0.0,0.0,67.43,44.54,20.23,249.9,73.9,2.660134850557942,0.3773390813042172,1.1134857745349132,1.0,1.0,malachi corley,malachicorley,mcorley,Cleveland Browns,00-0039920,0.0,0.0,0.0,0.0,2.0,32.0,0.0,1.0,0.0,0.0,0.0,M.Corley,CLE,team_norm & _alias_init_last,0.0,0.0,0.0,0.0,-2.0,-32.0,0.0,-1.0,0.0,0.0,0.0
2025,10,0.0,2025_10_CLE_NYJ,New York Jets,Justin Fields,QB,00-0036945,1.0,33.63,223.5,1.68,0.8,9.47,33.0,0.26,0.0,0.0,0.0,0.0,0.228,69.4,34.52,31.72,262.0,156.9,2.165370926578692,0.9266341440701048,0.8629199786337468,1.0,1.0,justin fields,justinfields,jfields,New York Jets,00-0036945,17.0,54.0,1.0,1.0,3.0,8.0,0.0,0.0,0.0,0.0,0.0,J.Fields,NYJ,team_norm & _alias_init_last,16.630000000000003,169.5,0.6799999999999999,-0.19999999999999996,6.470000000000001,25.0,0.26,0.0,0.0,0.0,0.0
2025,10,0.0,2025_10_CLE_NYJ,New York Jets,Breece Hall,RB,00-0038120,1.0,0.0,0.0,0.0,0.0,14.3,59.1,0.5,4.44,3.0,20.5,0.28,0.543,69.4,34.52,31.72,262.0,156.9,2.165370926578692,0.9266341440701048,0.8629199786337468,1.0,1.0,breece hall,breecehall,bhall,New York Jets,00-0038120,0.0,0.0,0.0,0.0,22.0,83.0,0.0,1.0,1.0,42.0,1.0,B.Hall,NYJ,team_norm & _alias_init_last,0.0,0.0,0.0,0.0,-7.699999999999999,-23.9,0.5,3.4400000000000004,2.0,-21.5,-0.72
2025,10,0.0,2025_10_CLE_NYJ,New York Jets,Isaiah Davis,RB,00-0039798,1.0,0.0,0.0,0.0,0.0,7.95,35.8,0.19,2.76,1.87,14.1,0.17,0.3012,69.4,34.52,31.72,262.0,156.9,2.165370926578692,0.9266341440701048,0.8629199786337468,1.0,1.0,isaiah davis,isaiahdavis,idavis,New York Jets,00-0039798,0.0,0.0,0.0,0.0,3.0,10.0,0.0,1.0,1.0,1.0,0.0,I.Davis,NYJ,team_norm & _alias_init_last,0.0,0.0,0.0,0.0,4.95,25.799999999999997,0.19,1.7599999999999998,0.8700000000000001,13.1,0.17
2025,10,0.0,2025_10_CLE_NYJ,New York Jets,Kene Nwangwu,RB,00-0036842,1.0,0.0,0.0,0.0,0.0,0.0,0.0,0.0,0.0,0.0,0.0,0.0,0.0,69.4,34.52,31.72,262.0,156.9,2.165370926578692,0.9266341440701048,0.8629199786337468,1.0,1.0,kene nwangwu,kenenwangwu,knwangwu,New York Jets,00-0036842,,,,,,,,,,,,,,,,,,,,,,,,,
2025,10,0.0,2025_10_CLE_NYJ,New York Jets,Mason Taylor,TE,00-0040736,1.0,0.0,0.0,0.0,0.0,0.0,0.0,0.0,6.46,4.13,43.9,0.38,0.3145,69.4,34.52,31.72,262.0,156.9,2.165370926578692,0.9266341440701048,0.8629199786337468,1.0,1.0,mason taylor,masontaylor,mtaylor,New York Jets,00-0040736,0.0,0.0,0.0,0.0,0.0,0.0,0.0,2.0,1.0,4.0,0.0,M.Taylor,NYJ,team_norm & _alias_init_last,0.0,0.0,0.0,0.0,0.0,0.0,0.0,4.46,3.13,39.9,0.38
2025,10,0.0,2025_10_CLE_NYJ,New York Jets,Jeremy Ruckert,TE,00-0037805,1.0,0.0,0.0,0.0,0.0,0.0,0.0,0.0,3.34,2.32,21.0,0.19,0.1715,69.4,34.52,31.72,262.0,156.9,2.165370926578692,0.9266341440701048,0.8629199786337468,1.0,1.0,jeremy ruckert,jeremyruckert,jruckert,New York Jets,00-0037805,0.0,0.0,0.0,0.0,0.0,0.0,0.0,1.0,1.0,0.0,0.0,J.Ruckert,NYJ,team_norm & _alias_init_last,0.0,0.0,0.0,0.0,0.0,0.0,0.0,2.34,1.3199999999999998,21.0,0.19
2025,10,0.0,2025_10_CLE_NYJ,New York Jets,Jelani Woods,TE,00-0037755,1.0,0.0,0.0,0.0,0.0,0.0,0.0,0.0,0.0,0.0,0.0,0.0,0.0,69.4,34.52,31.72,262.0,156.9,2.165370926578692,0.9266341440701048,0.8629199786337468,0.0,0.0,jelani woods,jelaniwoods,jwoods,New York Jets,00-0037755,,,,,,,,,,,,,,,,,,,,,,,,,
2025,10,0.0,2025_10_CLE_NYJ,New York Jets,Stone Smartt,TE,00-0037475,1.0,0.0,0.0,0.0,0.0,0.0,0.0,0.0,0.0,0.0,0.0,0.0,0.0,69.4,34.52,31.72,262.0,156.9,2.165370926578692,0.9266341440701048,0.8629199786337468,1.0,1.0,stone smartt,stonesmartt,ssmartt,New York Jets,00-0037475,,,,,,,,,,,,,,,,,,,,,,,,,
2025,10,0.0,2025_10_CLE_NYJ,New York Jets,Garrett Wilson,WR,00-0037740,1.0,0.0,0.0,0.0,0.0,0.0,0.0,0.0,7.77,4.38,47.7,0.46,0.3669,69.4,34.52,31.72,262.0,156.9,2.165370926578692,0.9266341440701048,0.8629199786337468,1.0,1.0,garrett wilson,garrettwilson,gwilson,New York Jets,00-0037740,0.0,0.0,0.0,0.0,0.0,0.0,0.0,3.0,0.0,0.0,0.0,G.Wilson,NYJ,team_norm & _alias_init_last,0.0,0.0,0.0,0.0,0.0,0.0,0.0,4.77,4.38,47.7,0.46
2025,10,0.0,2025_10_CLE_NYJ,New York Jets,Adonai Mitchell,WR,00-0039890,1.0,0.0,0.0,0.0,0.0,0.0,0.0,0.0,5.85,2.58,38.8,0.35,0.2928,69.4,34.52,31.72,262.0,156.9,2.165370926578692,0.9266341440701048,0.8629199786337468,0.0,0.0,adonai mitchell,adonaimitchell,amitchell,New York Jets,00-0039890,,,,,,,,,,,,,,,,,,,,,,,,,
2025,10,0.0,2025_10_CLE_NYJ,New York Jets,Arian Smith,WR,00-0040582,1.0,0.0,0.0,0.0,0.0,0.0,0.0,0.0,3.9,2.19,36.6,0.23,0.2073,69.4,34.52,31.72,262.0,156.9,2.165370926578692,0.9266341440701048,0.8629199786337468,1.0,1.0,arian smith,ariansmith,asmith,New York Jets,00-0040407,0.0,0.0,0.0,0.0,1.0,13.0,0.0,0.0,0.0,0.0,0.0,A.Smith,NYJ,team_norm & _alias_init_last,0.0,0.0,0.0,0.0,-1.0,-13.0,0.0,3.9,2.19,36.6,0.23
2025,10,0.0,2025_10_CLE_NYJ,New York Jets,Allen Lazard,WR,00-0034521,1.0,0.0,0.0,0.0,0.0,0.0,0.0,0.0,0.0,0.0,0.0,0.0,0.0,69.4,34.52,31.72,262.0,156.9,2.165370926578692,0.9266341440701048,0.8629199786337468,0.0,0.0,allen lazard,allenlazard,alazard,New York Jets,00-0034521,,,,,,,,,,,,,,,,,,,,,,,,,
2025,10,0.0,2025_10_CLE_NYJ,New York Jets,Isaiah Williams,WR,00-0039451,1.0,0.0,0.0,0.0,0.0,0.0,0.0,0.0,0.0,0.0,0.0,0.0,0.0,69.4,34.52,31.72,262.0,156.9,2.165370926578692,0.9266341440701048,0.8629199786337468,1.0,1.0,isaiah williams,isaiahwilliams,iwilliams,New York Jets,00-0039451,0.0,0.0,0.0,0.0,0.0,0.0,0.0,1.0,1.0,4.0,0.0,I.Williams,NYJ,team_norm & _alias_init_last,0.0,0.0,0.0,0.0,0.0,0.0,0.0,-1.0,-1.0,-4.0,0.0
2025,10,0.0,2025_10_CLE_NYJ,New York Jets,John Metchie III,WR,00-0037614,1.0,0.0,0.0,0.0,0.0,0.0,0.0,0.0,0.0,0.0,0.0,0.0,0.0,69.4,34.52,31.72,262.0,156.9,2.165370926578692,0.9266341440701048,0.8629199786337468,1.0,1.0,john metchie iii,johnmetchieiii,jmetchie,New York Jets,00-0037614,0.0,0.0,0.0,0.0,1.0,-7.0,0.0,1.0,1.0,3.0,0.0,J.Metchie,NYJ,team_norm & _alias_init_last,0.0,0.0,0.0,0.0,-1.0,7.0,0.0,-1.0,-1.0,-3.0,0.0
2025,10,0.0,2025_10_CLE_NYJ,New York Jets,Tyler Johnson,WR,00-0036427,1.0,0.0,0.0,0.0,0.0,0.0,0.0,0.0,0.0,0.0,0.0,0.0,0.0,69.4,34.52,31.72,262.0,156.9,2.165370926578692,0.9266341440701048,0.8629199786337468,1.0,1.0,tyler johnson,tylerjohnson,tjohnson,New York Jets,00-0036427,0.0,0.0,0.0,0.0,0.0,0.0,0.0,1.0,0.0,0.0,0.0,T.Johnson,NYJ,team_norm & _alias_init_last,0.0,0.0,0.0,0.0,0.0,0.0,0.0,-1.0,0.0,0.0,0.0
2025,10,0.0,2025_10_DET_WAS,Detroit Lions,Jared Goff,QB,00-0033106,1.0,43.61,250.6,2.01,1.05,2.93,8.6,0.07,0.0,0.0,0.0,0.0,0.0709,72.0,45.12,23.62,253.1,86.3,2.299326436244757,0.559519075994801,1.128000793543434,1.0,1.0,jared goff,jaredgoff,jgoff,Detroit Lions,00-0033106,34.0,320.0,3.0,0.0,0.0,0.0,0.0,0.0,0.0,0.0,0.0,J.Goff,DET,team_norm & _alias_init_last,9.61,-69.4,-0.9900000000000002,1.05,2.93,8.6,0.07,0.0,0.0,0.0,0.0
2025,10,0.0,2025_10_DET_WAS,Detroit Lions,Jahmyr Gibbs,RB,00-0039139,1.0,0.0,0.0,0.0,0.0,13.31,41.6,0.4,5.8,4.27,21.4,0.31,0.5052,72.0,45.12,23.62,253.1,86.3,2.299326436244757,0.559519075994801,1.128000793543434,1.0,1.0,jahmyr gibbs,jahmyrgibbs,jgibbs,Detroit Lions,00-0039139,0.0,0.0,0.0,0.0,15.0,142.0,2.0,4.0,3.0,30.0,1.0,J.Gibbs,DET,team_norm & _alias_init_last,0.0,0.0,0.0,0.0,-1.6899999999999995,-100.4,-1.6,1.7999999999999998,1.2699999999999996,-8.600000000000001,-0.69
2025,10,0.0,2025_10_DET_WAS,Detroit Lions,David Montgomery,RB,00-0035685,1.0,0.0,0.0,0.0,0.0,7.39,22.7,0.14,3.61,2.75,13.4,0.18,0.2752,72.0,45.12,23.62,253.1,86.3,2.299326436244757,0.559519075994801,1.128000793543434,1.0,1.0,david montgomery,davidmontgomery,dmontgomery,Detroit Lions,00-0035685,0.0,0.0,0.0,0.0,16.0,71.0,0.0,1.0,1.0,0.0,0.0,D.Montgomery,DET,team_norm & _alias_init_last,0.0,0.0,0.0,0.0,-8.61,-48.3,0.14,2.61,1.75,13.4,0.18
2025,10,0.0,2025_10_DET_WAS,Detroit Lions,Sione Vaki,RB,00-0039364,1.0,0.0,0.0,0.0,0.0,0.0,0.0,0.0,0.0,0.0,0.0,0.0,0.0,72.0,45.12,23.62,253.1,86.3,2.299326436244757,0.559519075994801,1.128000793543434,1.0,1.0,sione vaki,sionevaki,svaki,Detroit Lions,00-0039364,0.0,0.0,0.0,0.0,1.0,4.0,0.0,0.0,0.0,0.0,0.0,S.Vaki,DET,team_norm & _alias_init_last,0.0,0.0,0.0,0.0,-1.0,-4.0,0.0,0.0,0.0,0.0,0.0
2025,10,0.0,2025_10_DET_WAS,Detroit Lions,Sam LaPorta,TE,00-0039065,1.0,0.0,0.0,0.0,0.0,0.0,0.0,0.0,8.3,5.9,37.6,0.4,0.3281,72.0,45.12,23.62,253.1,86.3,2.299326436244757,0.559519075994801,1.128000793543434,1.0,1.0,sam laporta,samlaporta,slaporta,Detroit Lions,00-0039065,0.0,0.0,0.0,0.0,0.0,0.0,0.0,5.0,5.0,53.0,0.0,S.LaPorta,DET,team_norm & _alias_init_last,0.0,0.0,0.0,0.0,0.0,0.0,0.0,3.3000000000000007,0.9000000000000004,-15.399999999999999,0.4
2025,10,0.0,2025_10_DET_WAS,Detroit Lions,Brock Wright,TE,00-0036754,1.0,0.0,0.0,0.0,0.0,0.0,0.0,0.0,4.29,3.05,20.6,0.21,0.1878,72.0,45.12,23.62,253.1,86.3,2.299326436244757,0.559519075994801,1.128000793543434,1.0,1.0,brock wright,brockwright,bwright,Detroit Lions,00-0036754,0.0,0.0,0.0,0.0,0.0,0.0,0.0,1.0,0.0,0.0,0.0,B.Wright,DET,team_norm & _alias_init_last,0.0,0.0,0.0,0.0,0.0,0.0,0.0,3.29,3.05,20.6,0.21
2025,10,0.0,2025_10_DET_WAS,Detroit Lions,Anthony Firkser,TE,00-0033455,1.0,0.0,0.0,0.0,0.0,0.0,0.0,0.0,0.0,0.0,0.0,0.0,0.0,72.0,45.12,23.62,253.1,86.3,2.299326436244757,0.559519075994801,1.128000793543434,0.0,0.0,anthony firkser,anthonyfirkser,afirkser,Detroit Lions,00-0033455,,,,,,,,,,,,,,,,,,,,,,,,,
2025,10,0.0,2025_10_DET_WAS,Detroit Lions,Giovanni Ricci,TE,00-0035956,1.0,0.0,0.0,0.0,0.0,0.0,0.0,0.0,0.0,0.0,0.0,0.0,0.0,72.0,45.12,23.62,253.1,86.3,2.299326436244757,0.559519075994801,1.128000793543434,0.0,0.0,giovanni ricci,giovanniricci,gricci,Detroit Lions,00-0035956,,,,,,,,,,,,,,,,,,,,,,,,,
2025,10,0.0,2025_10_DET_WAS,Detroit Lions,Amon-Ra St. Brown,WR,00-0036963,1.0,0.0,0.0,0.0,0.0,0.0,0.0,0.0,10.12,7.19,46.1,0.51,0.3979,72.0,45.12,23.62,253.1,86.3,2.299326436244757,0.559519075994801,1.128000793543434,1.0,1.0,amon-ra st. brown,amonrastbrown,astbrown,Detroit Lions,00-0036963,0.0,0.0,0.0,0.0,0.0,0.0,0.0,8.0,5.0,58.0,1.0,A.St. Brown,DET,team_norm & _alias_init_last,0.0,0.0,0.0,0.0,0.0,0.0,0.0,2.119999999999999,2.1900000000000004,-11.899999999999999,-0.49
2025,10,0.0,2025_10_DET_WAS,Detroit Lions,Jameson Williams,WR,00-0037240,1.0,0.0,0.0,0.0,0.0,0.0,0.0,0.0,7.62,4.41,36.8,0.36,0.301,72.0,45.12,23.62,253.1,86.3,2.299326436244757,0.559519075994801,1.128000793543434,1.0,1.0,jameson williams,jamesonwilliams,jwilliams,Detroit Lions,00-0037240,0.0,0.0,0.0,0.0,0.0,0.0,0.0,7.0,6.0,119.0,1.0,J.Williams,DET,team_norm & _alias_init_last,0.0,0.0,0.0,0.0,0.0,0.0,0.0,0.6200000000000001,-1.5899999999999999,-82.2,-0.64
2025,10,0.0,2025_10_DET_WAS,Detroit Lions,Kalif Raymond,WR,00-0032464,1.0,0.0,0.0,0.0,0.0,0.0,0.0,0.0,5.08,3.57,23.5,0.24,0.2134,72.0,45.12,23.62,253.1,86.3,2.299326436244757,0.559519075994801,1.128000793543434,1.0,1.0,kalif raymond,kalifraymond,kraymond,Detroit Lions,00-0032464,0.0,0.0,0.0,0.0,1.0,10.0,0.0,4.0,4.0,49.0,0.0,K.Raymond,DET,team_norm & _alias_init_last,0.0,0.0,0.0,0.0,-1.0,-10.0,0.0,1.08,-0.43000000000000016,-25.5,0.24
2025,10,0.0,2025_10_DET_WAS,Detroit Lions,Andrew Armstrong,WR,00-0040298,1.0,0.0,0.0,0.0,0.0,0.0,0.0,0.0,0.0,0.0,0.0,0.0,0.0,72.0,45.12,23.62,253.1,86.3,2.299326436244757,0.559519075994801,1.128000793543434,0.0,0.0,andrew armstrong,andrewarmstrong,aarmstrong,Detroit Lions,00-0040298,,,,,,,,,,,,,,,,,,,,,,,,,
2025,10,0.0,2025_10_DET_WAS,Detroit Lions,Dominic Lovett,WR,00-0040241,1.0,0.0,0.0,0.0,0.0,0.0,0.0,0.0,0.0,0.0,0.0,0.0,0.0,72.0,45.12,23.62,253.1,86.3,2.299326436244757,0.559519075994801,1.128000793543434,1.0,1.0,dominic lovett,dominiclovett,dlovett,Detroit Lions,00-0040241,,,,,,,,,,,,,,,,,,,,,,,,,
2025,10,0.0,2025_10_DET_WAS,Detroit Lions,Isaac TeSlaa,WR,00-0040669,1.0,0.0,0.0,0.0,0.0,0.0,0.0,0.0,0.0,0.0,0.0,0.0,0.0,72.0,45.12,23.62,253.1,86.3,2.299326436244757,0.559519075994801,1.128000793543434,1.0,1.0,isaac teslaa,isaacteslaa,iteslaa,Detroit Lions,00-0040669,0.0,0.0,0.0,0.0,0.0,0.0,0.0,2.0,1.0,11.0,0.0,I.TeSlaa,DET,team_norm & _alias_init_last,0.0,0.0,0.0,0.0,0.0,0.0,0.0,-2.0,-1.0,-11.0,0.0
2025,10,0.0,2025_10_DET_WAS,Washington Commanders,Marcus Mariota,QB,00-0032268,1.0,35.08,182.6,1.93,0.78,7.57,20.2,0.21,0.0,0.0,0.0,0.0,0.1933,62.46,33.76,25.95,189.4,94.8,2.0179679633343324,0.7517361821107023,0.8438991412757515,1.0,1.0,marcus mariota,marcusmariota,mmariota,Washington Commanders,00-0032268,28.0,213.0,2.0,0.0,2.0,5.0,0.0,0.0,0.0,0.0,0.0,M.Mariota,WAS,team_norm & _alias_init_last,7.079999999999998,-30.400000000000006,-0.07000000000000006,0.78,5.57,15.2,0.21,0.0,0.0,0.0,0.0
2025,10,0.0,2025_10_DET_WAS,Washington Commanders,Jacory Croskey-Merritt,RB,00-0040242,1.0,0.0,0.0,0.0,0.0,11.81,39.0,0.43,4.32,2.94,19.4,0.26,0.4966,62.46,33.76,25.95,189.4,94.8,2.0179679633343324,0.7517361821107023,0.8438991412757515,1.0,1.0,jacory croskey-merritt,jacorycroskeymerritt,jcroskeymerritt,Washington Commanders,00-0040242,0.0,0.0,0.0,0.0,12.0,30.0,0.0,0.0,0.0,0.0,0.0,J.Croskey-Merritt,WAS,team_norm & _alias_init_last,0.0,0.0,0.0,0.0,-0.1899999999999995,9.0,0.43,4.32,2.94,19.4,0.26
2025,10,0.0,2025_10_DET_WAS,Washington Commanders,Chris Rodriguez Jr.,RB,00-0038611,1.0,0.0,0.0,0.0,0.0,6.56,20.7,0.16,2.69,1.95,12.2,0.16,0.2768,62.46,33.76,25.95,189.4,94.8,2.0179679633343324,0.7517361821107023,0.8438991412757515,1.0,1.0,chris rodriguez jr.,chrisrodriguezjr,crodriguez,Washington Commanders,00-0038611,0.0,0.0,0.0,0.0,6.0,16.0,1.0,0.0,0.0,0.0,0.0,C.Rodriguez,WAS,team_norm & _alias_init_last,0.0,0.0,0.0,0.0,0.5599999999999996,4.699999999999999,-0.84,2.69,1.95,12.2,0.16
2025,10,0.0,2025_10_DET_WAS,Washington Commanders,Jeremy McNichols,RB,00-0033955,1.0,0.0,0.0,0.0,0.0,0.0,0.0,0.0,0.0,0.0,0.0,0.0,0.0,62.46,33.76,25.95,189.4,94.8,2.0179679633343324,0.7517361821107023,0.8438991412757515,1.0,1.0,jeremy mcnichols,jeremymcnichols,jmcnichols,Washington Commanders,00-0033955,0.0,0.0,0.0,0.0,5.0,25.0,0.0,1.0,1.0,4.0,0.0,J.McNichols,WAS,team_norm & _alias_init_last,0.0,0.0,0.0,0.0,-5.0,-25.0,0.0,-1.0,-1.0,-4.0,0.0
2025,10,0.0,2025_10_DET_WAS,Washington Commanders,Zach Ertz,TE,00-0030061,1.0,0.0,0.0,0.0,0.0,0.0,0.0,0.0,6.32,4.06,26.2,0.36,0.3018,62.46,33.76,25.95,189.4,94.8,2.0179679633343324,0.7517361821107023,0.8438991412757515,1.0,1.0,zach ertz,zachertz,zertz,Washington Commanders,00-0030061,0.0,0.0,0.0,0.0,0.0,0.0,0.0,5.0,4.0,54.0,0.0,Z.Ertz,WAS,team_norm & _alias_init_last,0.0,0.0,0.0,0.0,0.0,0.0,0.0,1.3200000000000003,0.05999999999999961,-27.8,0.36
2025,10,0.0,2025_10_DET_WAS,Washington Commanders,John Bates,TE,00-0036628,1.0,0.0,0.0,0.0,0.0,0.0,0.0,0.0,3.27,2.1,14.9,0.18,0.1645,62.46,33.76,25.95,189.4,94.8,2.0179679633343324,0.7517361821107023,0.8438991412757515,1.0,1.0,john bates,johnbates,jbates,Washington Commanders,00-0036628,0.0,0.0,0.0,0.0,0.0,0.0,0.0,2.0,1.0,6.0,0.0,J.Bates,WAS,team_norm & _alias_init_last,0.0,0.0,0.0,0.0,0.0,0.0,0.0,1.27,1.1,8.9,0.18
2025,10,0.0,2025_10_DET_WAS,Washington Commanders,Ben Sinnott,TE,00-0039912,1.0,0.0,0.0,0.0,0.0,0.0,0.0,0.0,0.0,0.0,0.0,0.0,0.0,62.46,33.76,25.95,189.4,94.8,2.0179679633343324,0.7517361821107023,0.8438991412757515,1.0,1.0,ben sinnott,bensinnott,bsinnott,Washington Commanders,00-0039912,0.0,0.0,0.0,0.0,0.0,0.0,0.0,1.0,1.0,4.0,1.0,B.Sinnott,WAS,team_norm & _alias_init_last,0.0,0.0,0.0,0.0,0.0,0.0,0.0,-1.0,-1.0,-4.0,-1.0
2025,10,0.0,2025_10_DET_WAS,Washington Commanders,Colson Yankoff,TE,00-0039686,1.0,0.0,0.0,0.0,0.0,0.0,0.0,0.0,0.0,0.0,0.0,0.0,0.0,62.46,33.76,25.95,189.4,94.8,2.0179679633343324,0.7517361821107023,0.8438991412757515,1.0,1.0,colson yankoff,colsonyankoff,cyankoff,Washington Commanders,00-0039686,,,,,,,,,,,,,,,,,,,,,,,,,
2025,10,0.0,2025_10_DET_WAS,Washington Commanders,Gee Scott Jr.,TE,00-0040571,1.0,0.0,0.0,0.0,0.0,0.0,0.0,0.0,0.0,0.0,0.0,0.0,0.0,62.46,33.76,25.95,189.4,94.8,2.0179679633343324,0.7517361821107023,0.8438991412757515,0.0,0.0,gee scott jr.,geescottjr,gscott,Washington Commanders,00-0040571,,,,,,,,,,,,,,,,,,,,,,,,,
2025,10,0.0,2025_10_DET_WAS,Washington Commanders,Deebo Samuel,WR,,1.0,0.0,0.0,0.0,0.0,0.0,0.0,0.0,7.61,4.77,66.9,0.45,0.3656,62.46,33.76,25.95,189.4,94.8,2.0179679633343324,0.7517361821107023,0.8438991412757515,0.0,0.0,deebo samuel,deebosamuel,dsamuel,Washington Commanders,,0.0,0.0,0.0,0.0,0.0,0.0,0.0,6.0,4.0,29.0,1.0,D.Samuel,WAS,team_norm & _alias_init_last,0.0,0.0,0.0,0.0,0.0,0.0,0.0,1.6100000000000003,0.7699999999999996,37.900000000000006,-0.55
2025,10,0.0,2025_10_DET_WAS,Washington Commanders,Jaylin Lane,WR,00-0040164,1.0,0.0,0.0,0.0,0.0,0.0,0.0,0.0,5.73,3.22,35.7,0.32,0.2765,62.46,33.76,25.95,189.4,94.8,2.0179679633343324,0.7517361821107023,0.8438991412757515,1.0,1.0,jaylin lane,jaylinlane,jlane,Washington Commanders,00-0040164,0.0,0.0,0.0,0.0,0.0,0.0,0.0,1.0,1.0,41.0,0.0,J.Lane,WAS,team_norm & _alias_init_last,0.0,0.0,0.0,0.0,0.0,0.0,0.0,4.73,2.22,-5.299999999999997,0.32
2025,10,0.0,2025_10_DET_WAS,Washington Commanders,Chris Moore,WR,00-0032398,1.0,0.0,0.0,0.0,0.0,0.0,0.0,0.0,3.82,2.2,17.5,0.21,0.1905,62.46,33.76,25.95,189.4,94.8,2.0179679633343324,0.7517361821107023,0.8438991412757515,1.0,1.0,chris moore,chrismoore,cmoore,Washington Commanders,00-0032398,,,,,,,,,,,,,,,,,,,,,,,,,
2025,10,0.0,2025_10_DET_WAS,Washington Commanders,Braylon Sanders,WR,00-0037355,1.0,0.0,0.0,0.0,0.0,0.0,0.0,0.0,0.0,0.0,0.0,0.0,0.0,62.46,33.76,25.95,189.4,94.8,2.0179679633343324,0.7517361821107023,0.8438991412757515,0.0,0.0,braylon sanders,braylonsanders,bsanders,Washington Commanders,00-0037355,,,,,,,,,,,,,,,,,,,,,,,,,
2025,10,0.0,2025_10_DET_WAS,Washington Commanders,Robbie Chosen,WR,00-0032688,1.0,0.0,0.0,0.0,0.0,0.0,0.0,0.0,0.0,0.0,0.0,0.0,0.0,62.46,33.76,25.95,189.4,94.8,2.0179679633343324,0.7517361821107023,0.8438991412757515,1.0,1.0,robbie chosen,robbiechosen,rchosen,Washington Commanders,00-0032688,0.0,0.0,0.0,0.0,0.0,0.0,0.0,4.0,1.0,17.0,0.0,R.Chosen,WAS,team_norm & _alias_init_last,0.0,0.0,0.0,0.0,0.0,0.0,0.0,-4.0,-1.0,-17.0,0.0
2025,10,0.0,2025_10_JAX_HOU,Houston Texans,C.J. Stroud,QB,00-0039163,1.0,42.94,240.3,2.07,1.04,4.28,12.5,0.13,0.0,0.0,0.0,0.0,0.1234,72.0,44.85,24.66,251.6,90.1,2.589896288488002,0.7177670936855898,1.1211552814875254,0.0,0.0,c.j. stroud,cjstroud,cstroud,Houston Texans,00-0039163,,,,,,,,,,,,,,,,,,,,,,,,,
2025,10,0.0,2025_10_JAX_HOU,Houston Texans,Woody Marks,RB,00-0040583,1.0,0.0,0.0,0.0,0.0,13.1,41.2,0.46,5.71,3.68,25.0,0.34,0.5513,72.0,44.85,24.66,251.6,90.1,2.589896288488002,0.7177670936855898,1.1211552814875254,1.0,1.0,woody marks,woodymarks,wmarks,Houston Texans,,0.0,0.0,0.0,0.0,15.0,63.0,1.0,3.0,2.0,18.0,0.0,W.Marks,HOU,team_norm & _alias_init_last,0.0,0.0,0.0,0.0,-1.9000000000000004,-21.799999999999997,-0.54,2.71,1.6800000000000002,7.0,0.34
2025,10,0.0,2025_10_JAX_HOU,Houston Texans,Nick Chubb,RB,00-0034791,1.0,0.0,0.0,0.0,0.0,7.28,22.1,0.16,3.55,2.34,14.0,0.2,0.3004,72.0,44.85,24.66,251.6,90.1,2.589896288488002,0.7177670936855898,1.1211552814875254,1.0,1.0,nick chubb,nickchubb,nchubb,Houston Texans,00-0034791,0.0,0.0,0.0,0.0,5.0,47.0,0.0,1.0,1.0,5.0,0.0,N.Chubb,HOU,team_norm & _alias_init_last,0.0,0.0,0.0,0.0,2.2800000000000002,-24.9,0.16,2.55,1.3399999999999999,9.0,0.2
2025,10,0.0,2025_10_JAX_HOU,Houston Texans,Dare Ogunbowale,RB,00-0033854,1.0,0.0,0.0,0.0,0.0,0.0,0.0,0.0,0.0,0.0,0.0,0.0,0.0,72.0,44.85,24.66,251.6,90.1,2.589896288488002,0.7177670936855898,1.1211552814875254,1.0,1.0,dare ogunbowale,dareogunbowale,dogunbowale,Houston Texans,,,,,,,,,,,,,,,,,,,,,,,,,,
2025,10,0.0,2025_10_JAX_HOU,Houston Texans,Dalton Schultz,TE,00-0034383,1.0,0.0,0.0,0.0,0.0,0.0,0.0,0.0,8.56,5.72,38.6,0.44,0.3591,72.0,44.85,24.66,251.6,90.1,2.589896288488002,0.7177670936855898,1.1211552814875254,1.0,1.0,dalton schultz,daltonschultz,dschultz,Houston Texans,00-0034383,0.0,0.0,0.0,0.0,0.0,0.0,0.0,11.0,7.0,53.0,1.0,D.Schultz,HOU,team_norm & _alias_init_last,0.0,0.0,0.0,0.0,0.0,0.0,0.0,-2.4399999999999995,-1.2800000000000002,-14.399999999999999,-0.56
2025,10,0.0,2025_10_JAX_HOU,Houston Texans,Harrison Bryant,TE,00-0036232,1.0,0.0,0.0,0.0,0.0,0.0,0.0,0.0,4.43,2.81,20.8,0.24,0.2157,72.0,44.85,24.66,251.6,90.1,2.589896288488002,0.7177670936855898,1.1211552814875254,1.0,1.0,harrison bryant,harrisonbryant,hbryant,Houston Texans,00-0036232,,,,,,,,,,,,,,,,,,,,,,,,,
2025,10,0.0,2025_10_JAX_HOU,Houston Texans,Nico Collins,WR,00-0036554,1.0,0.0,0.0,0.0,0.0,0.0,0.0,0.0,10.02,6.04,42.9,0.55,0.4221,72.0,44.85,24.66,251.6,90.1,2.589896288488002,0.7177670936855898,1.1211552814875254,1.0,1.0,nico collins,nicocollins,ncollins,Houston Texans,00-0036554,0.0,0.0,0.0,0.0,0.0,0.0,0.0,16.0,7.0,136.0,0.0,N.Collins,HOU,team_norm & _alias_init_last,0.0,0.0,0.0,0.0,0.0,0.0,0.0,-5.98,-0.96,-93.1,0.55
2025,10,0.0,2025_10_JAX_HOU,Houston Texans,Jayden Higgins,WR,00-0040130,1.0,0.0,0.0,0.0,0.0,0.0,0.0,0.0,7.55,4.46,38.6,0.41,0.3396,72.0,44.85,24.66,251.6,90.1,2.589896288488002,0.7177670936855898,1.1211552814875254,1.0,1.0,jayden higgins,jaydenhiggins,jhiggins,Houston Texans,00-0040130,0.0,0.0,0.0,0.0,0.0,0.0,0.0,8.0,5.0,42.0,1.0,J.Higgins,HOU,team_norm & _alias_init_last,0.0,0.0,0.0,0.0,0.0,0.0,0.0,-0.4500000000000002,-0.54,-3.3999999999999986,-0.5900000000000001
2025,10,0.0,2025_10_JAX_HOU,Houston Texans,Christian Kirk,WR,00-0034775,1.0,0.0,0.0,0.0,0.0,0.0,0.0,0.0,5.03,3.03,20.8,0.27,0.2393,72.0,44.85,24.66,251.6,90.1,2.589896288488002,0.7177670936855898,1.1211552814875254,1.0,1.0,christian kirk,christiankirk,ckirk,Houston Texans,00-0034775,0.0,0.0,0.0,0.0,0.0,0.0,0.0,4.0,1.0,3.0,0.0,C.Kirk,HOU,team_norm & _alias_init_last,0.0,0.0,0.0,0.0,0.0,0.0,0.0,1.0300000000000002,2.03,17.8,0.27
2025,10,0.0,2025_10_JAX_HOU,Houston Texans,Braxton Berrios,WR,00-0034419,1.0,0.0,0.0,0.0,0.0,0.0,0.0,0.0,0.0,0.0,0.0,0.0,0.0,72.0,44.85,24.66,251.6,90.1,2.589896288488002,0.7177670936855898,1.1211552814875254,1.0,1.0,braxton berrios,braxtonberrios,bberrios,Houston Texans,00-0034419,,,,,,,,,,,,,,,,,,,,,,,,,
2025,10,0.0,2025_10_JAX_HOU,Houston Texans,Daniel Jackson,WR,00-0040412,1.0,0.0,0.0,0.0,0.0,0.0,0.0,0.0,0.0,0.0,0.0,0.0,0.0,72.0,44.85,24.66,251.6,90.1,2.589896288488002,0.7177670936855898,1.1211552814875254,0.0,0.0,daniel jackson,danieljackson,djackson,Houston Texans,00-0040412,,,,,,,,,,,,,,,,,,,,,,,,,
2025,10,0.0,2025_10_JAX_HOU,Houston Texans,Jaylin Noel,WR,00-0040138,1.0,0.0,0.0,0.0,0.0,0.0,0.0,0.0,0.0,0.0,0.0,0.0,0.0,72.0,44.85,24.66,251.6,90.1,2.589896288488002,0.7177670936855898,1.1211552814875254,1.0,1.0,jaylin noel,jaylinnoel,jnoel,Houston Texans,00-0040138,0.0,0.0,0.0,0.0,0.0,0.0,0.0,4.0,4.0,35.0,0.0,J.Noel,HOU,team_norm & _alias_init_last,0.0,0.0,0.0,0.0,0.0,0.0,0.0,-4.0,-4.0,-35.0,0.0
2025,10,0.0,2025_10_JAX_HOU,Houston Texans,Xavier Hutchinson,WR,00-0038618,1.0,0.0,0.0,0.0,0.0,0.0,0.0,0.0,0.0,0.0,0.0,0.0,0.0,72.0,44.85,24.66,251.6,90.1,2.589896288488002,0.7177670936855898,1.1211552814875254,1.0,1.0,xavier hutchinson,xavierhutchinson,xhutchinson,Houston Texans,00-0038618,,,,,,,,,,,,,,,,,,,,,,,,,
2025,10,0.0,2025_10_JAX_HOU,Jacksonville Jaguars,Trevor Lawrence,QB,00-0036971,1.0,36.37,245.3,1.78,0.81,5.25,18.9,0.2,0.0,0.0,0.0,0.0,0.1791,72.0,35.03,34.63,265.9,171.3,2.2259559825862003,1.13556917930564,0.8757004259359755,1.0,1.0,trevor lawrence,trevorlawrence,tlawrence,Jacksonville Jaguars,00-0036971,39.0,158.0,1.0,1.0,1.0,2.0,0.0,0.0,0.0,0.0,0.0,T.Lawrence,JAX,team_norm & _alias_init_last,-2.6300000000000026,87.30000000000001,0.78,-0.18999999999999995,4.25,16.9,0.2,0.0,0.0,0.0,0.0
2025,10,0.0,2025_10_JAX_HOU,Jacksonville Jaguars,Travis Etienne Jr.,RB,,1.0,0.0,0.0,0.0,0.0,18.89,105.5,0.72,4.51,3.09,30.8,0.29,0.6336,72.0,35.03,34.63,265.9,171.3,2.2259559825862003,1.13556917930564,0.8757004259359755,0.0,0.0,travis etienne jr.,travisetiennejr,tetienne,Jacksonville Jaguars,00-0036973,0.0,0.0,0.0,0.0,16.0,58.0,1.0,4.0,2.0,19.0,0.0,T.Etienne,JAX,team_norm & _alias_init_last,0.0,0.0,0.0,0.0,2.8900000000000006,47.5,-0.28,0.5099999999999998,1.0899999999999999,11.8,0.29
2025,10,0.0,2025_10_JAX_HOU,Jacksonville Jaguars,Bhayshul Tuten,RB,00-0040719,1.0,0.0,0.0,0.0,0.0,10.49,45.3,0.29,2.81,1.97,17.0,0.18,0.3735,72.0,35.03,34.63,265.9,171.3,2.2259559825862003,1.13556917930564,0.8757004259359755,1.0,1.0,bhayshul tuten,bhayshultuten,btuten,Jacksonville Jaguars,00-0040719,0.0,0.0,0.0,0.0,4.0,5.0,0.0,3.0,1.0,5.0,0.0,B.Tuten,JAX,team_norm & _alias_init_last,0.0,0.0,0.0,0.0,6.49,40.3,0.29,-0.18999999999999995,0.97,12.0,0.18
2025,10,0.0,2025_10_JAX_HOU,Jacksonville Jaguars,LeQuint Allen Jr.,RB,00-0040238,1.0,0.0,0.0,0.0,0.0,0.0,0.0,0.0,0.0,0.0,0.0,0.0,0.0,72.0,35.03,34.63,265.9,171.3,2.2259559825862003,1.13556917930564,0.8757004259359755,1.0,1.0,lequint allen jr.,lequintallenjr,lallen,Jacksonville Jaguars,00-0040238,0.0,0.0,0.0,0.0,0.0,0.0,0.0,2.0,1.0,6.0,0.0,L.Allen,JAX,team_norm & _alias_init_last,0.0,0.0,0.0,0.0,0.0,0.0,0.0,-2.0,-1.0,-6.0,0.0
2025,10,0.0,2025_10_JAX_HOU,Jacksonville Jaguars,Hunter Long,TE,00-0037004,1.0,0.0,0.0,0.0,0.0,0.0,0.0,0.0,6.42,4.06,46.9,0.39,0.3218,72.0,35.03,34.63,265.9,171.3,2.2259559825862003,1.13556917930564,0.8757004259359755,0.0,0.0,hunter long,hunterlong,hlong,Jacksonville Jaguars,00-0037004,,,,,,,,,,,,,,,,,,,,,,,,,
2025,10,0.0,2025_10_JAX_HOU,Jacksonville Jaguars,Johnny Mundt,TE,00-0033246,1.0,0.0,0.0,0.0,0.0,0.0,0.0,0.0,3.32,2.23,19.4,0.2,0.178,72.0,35.03,34.63,265.9,171.3,2.2259559825862003,1.13556917930564,0.8757004259359755,1.0,1.0,johnny mundt,johnnymundt,jmundt,Jacksonville Jaguars,00-0033246,0.0,0.0,0.0,0.0,0.0,0.0,0.0,2.0,1.0,21.0,0.0,J.Mundt,JAX,team_norm & _alias_init_last,0.0,0.0,0.0,0.0,0.0,0.0,0.0,1.3199999999999998,1.23,-1.6000000000000014,0.2
2025,10,0.0,2025_10_JAX_HOU,Jacksonville Jaguars,John Copenhaver,TE,00-0040327,1.0,0.0,0.0,0.0,0.0,0.0,0.0,0.0,0.0,0.0,0.0,0.0,0.0,72.0,35.03,34.63,265.9,171.3,2.2259559825862003,1.13556917930564,0.8757004259359755,0.0,0.0,john copenhaver,johncopenhaver,jcopenhaver,Jacksonville Jaguars,00-0040327,,,,,,,,,,,,,,,,,,,,,,,,,
2025,10,0.0,2025_10_JAX_HOU,Jacksonville Jaguars,Quintin Morris,TE,00-0036590,1.0,0.0,0.0,0.0,0.0,0.0,0.0,0.0,0.0,0.0,0.0,0.0,0.0,72.0,35.03,34.63,265.9,171.3,2.2259559825862003,1.13556917930564,0.8757004259359755,1.0,1.0,quintin morris,quintinmorris,qmorris,Jacksonville Jaguars,00-0036590,,,,,,,,,,,,,,,,,,,,,,,,,
2025,10,0.0,2025_10_JAX_HOU,Jacksonville Jaguars,Brian Thomas Jr.,WR,00-0039893,1.0,0.0,0.0,0.0,0.0,0.0,0.0,0.0,7.96,4.45,48.0,0.47,0.3742,72.0,35.03,34.63,265.9,171.3,2.2259559825862003,1.13556917930564,0.8757004259359755,0.0,0.0,brian thomas jr.,brianthomasjr,bthomas,Jacksonville Jaguars,00-0039893,,,,,,,,,,,,,,,,,,,,,,,,,
2025,10,0.0,2025_10_JAX_HOU,Jacksonville Jaguars,Jakobi Meyers,WR,00-0034960,1.0,0.0,0.0,0.0,0.0,0.0,0.0,0.0,5.99,3.87,34.4,0.36,0.3018,72.0,35.03,34.63,265.9,171.3,2.2259559825862003,1.13556917930564,0.8757004259359755,1.0,1.0,jakobi meyers,jakobimeyers,jmeyers,Jacksonville Jaguars,00-0034960,0.0,0.0,0.0,0.0,0.0,0.0,0.0,3.0,3.0,41.0,0.0,J.Meyers,JAX,team_norm & _alias_init_last,0.0,0.0,0.0,0.0,0.0,0.0,0.0,2.99,0.8700000000000001,-6.600000000000001,0.36
2025,10,0.0,2025_10_JAX_HOU,Jacksonville Jaguars,Parker Washington,WR,00-0038606,1.0,0.0,0.0,0.0,0.0,0.0,0.0,0.0,4.0,2.44,24.2,0.25,0.2194,72.0,35.03,34.63,265.9,171.3,2.2259559825862003,1.13556917930564,0.8757004259359755,1.0,1.0,parker washington,parkerwashington,pwashington,Jacksonville Jaguars,,0.0,0.0,0.0,0.0,2.0,-4.0,0.0,11.0,3.0,33.0,1.0,P.Washington,JAX,team_norm & _alias_init_last,0.0,0.0,0.0,0.0,-2.0,4.0,0.0,-7.0,-0.56,-8.8,-0.75
2025,10,0.0,2025_10_JAX_HOU,Jacksonville Jaguars,Austin Trammell,WR,00-0036841,1.0,0.0,0.0,0.0,0.0,0.0,0.0,0.0,0.0,0.0,0.0,0.0,0.0,72.0,35.03,34.63,265.9,171.3,2.2259559825862003,1.13556917930564,0.8757004259359755,1.0,1.0,austin trammell,austintrammell,atrammell,Jacksonville Jaguars,00-0036841,0.0,0.0,0.0,0.0,0.0,0.0,0.0,3.0,2.0,33.0,0.0,A.Trammell,JAX,team_norm & _alias_init_last,0.0,0.0,0.0,0.0,0.0,0.0,0.0,-3.0,-2.0,-33.0,0.0
2025,10,0.0,2025_10_JAX_HOU,Jacksonville Jaguars,Cam Camper,WR,00-0040324,1.0,0.0,0.0,0.0,0.0,0.0,0.0,0.0,0.0,0.0,0.0,0.0,0.0,72.0,35.03,34.63,265.9,171.3,2.2259559825862003,1.13556917930564,0.8757004259359755,0.0,0.0,cam camper,camcamper,ccamper,Jacksonville Jaguars,00-0040324,,,,,,,,,,,,,,,,,,,,,,,,,
2025,10,0.0,2025_10_JAX_HOU,Jacksonville Jaguars,Dyami Brown,WR,00-0036626,1.0,0.0,0.0,0.0,0.0,0.0,0.0,0.0,0.0,0.0,0.0,0.0,0.0,72.0,35.03,34.63,265.9,171.3,2.2259559825862003,1.13556917930564,0.8757004259359755,1.0,1.0,dyami brown,dyamibrown,dbrown,Jacksonville Jaguars,00-0036626,0.0,0.0,0.0,0.0,0.0,0.0,0.0,1.0,0.0,0.0,0.0,D.Brown,JAX,team_norm & _alias_init_last,0.0,0.0,0.0,0.0,0.0,0.0,0.0,-1.0,0.0,0.0,0.0
2025,10,0.0,2025_10_JAX_HOU,Jacksonville Jaguars,Tim Jones,WR,00-0036497,1.0,0.0,0.0,0.0,0.0,0.0,0.0,0.0,0.0,0.0,0.0,0.0,0.0,72.0,35.03,34.63,265.9,171.3,2.2259559825862003,1.13556917930564,0.8757004259359755,1.0,1.0,tim jones,timjones,tjones,Jacksonville Jaguars,00-0036497,,,,,,,,,,,,,,,,,,,,,,,,,
2025,10,0.0,2025_10_JAX_HOU,Jacksonville Jaguars,Tim Patrick,WR,00-0033375,1.0,0.0,0.0,0.0,0.0,0.0,0.0,0.0,0.0,0.0,0.0,0.0,0.0,72.0,35.03,34.63,265.9,171.3,2.2259559825862003,1.13556917930564,0.8757004259359755,1.0,1.0,tim patrick,timpatrick,tpatrick,Jacksonville Jaguars,00-0033375,,,,,,,,,,,,,,,,,,,,,,,,,
2025,10,0.0,2025_10_LA_SF,Los Angeles Rams,Matthew Stafford,QB,00-0026498,1.0,34.93,238.2,1.54,0.75,4.32,17.3,0.11,0.0,0.0,0.0,0.0,0.1046,72.0,32.43,37.89,243.5,185.4,1.672813337688924,0.9746189133491224,0.8107576013674669,1.0,1.0,matthew stafford,matthewstafford,mstafford,Los Angeles Rams,,37.0,280.0,4.0,0.0,0.0,0.0,0.0,0.0,0.0,0.0,0.0,M.Stafford,LA,team_norm & _alias_init_last,-2.0700000000000003,-41.80000000000001,-2.46,0.75,4.32,17.3,0.11,0.0,0.0,0.0,0.0
2025,10,0.0,2025_10_LA_SF,Los Angeles Rams,Kyren Williams,RB,00-0037840,1.0,0.0,0.0,0.0,0.0,21.58,88.7,0.69,4.22,3.0,20.7,0.24,0.6065,72.0,32.43,37.89,243.5,185.4,1.672813337688924,0.9746189133491224,0.8107576013674669,1.0,1.0,kyren williams,kyrenwilliams,kwilliams,Los Angeles Rams,00-0037840,0.0,0.0,0.0,0.0,14.0,73.0,2.0,3.0,2.0,11.0,0.0,K.Williams,LA,team_norm & _alias_init_last,0.0,0.0,0.0,0.0,7.579999999999998,15.700000000000003,-1.31,1.2199999999999998,1.0,9.7,0.24
2025,10,0.0,2025_10_LA_SF,Los Angeles Rams,Blake Corum,RB,00-0039738,1.0,0.0,0.0,0.0,0.0,11.99,49.4,0.24,2.63,1.8,14.5,0.13,0.3084,72.0,32.43,37.89,243.5,185.4,1.672813337688924,0.9746189133491224,0.8107576013674669,1.0,1.0,blake corum,blakecorum,bcorum,Los Angeles Rams,00-0039738,0.0,0.0,0.0,0.0,14.0,56.0,0.0,0.0,0.0,0.0,0.0,B.Corum,LA,team_norm & _alias_init_last,0.0,0.0,0.0,0.0,-2.01,-6.600000000000001,0.24,2.63,1.8,14.5,0.13
2025,10,0.0,2025_10_LA_SF,Los Angeles Rams,Ronnie Rivers,RB,00-0037557,1.0,0.0,0.0,0.0,0.0,0.0,0.0,0.0,0.0,0.0,0.0,0.0,0.0,72.0,32.43,37.89,243.5,185.4,1.672813337688924,0.9746189133491224,0.8107576013674669,1.0,1.0,ronnie rivers,ronnierivers,rrivers,Los Angeles Rams,00-0037557,,,,,,,,,,,,,,,,,,,,,,,,,
2025,10,0.0,2025_10_LA_SF,Los Angeles Rams,Tyler Higbee,TE,00-0033110,1.0,0.0,0.0,0.0,0.0,0.0,0.0,0.0,6.07,4.04,34.1,0.29,0.2533,72.0,32.43,37.89,243.5,185.4,1.672813337688924,0.9746189133491224,0.8107576013674669,1.0,1.0,tyler higbee,tylerhigbee,thigbee,Los Angeles Rams,00-0033110,0.0,0.0,0.0,0.0,0.0,0.0,0.0,3.0,3.0,33.0,0.0,T.Higbee,LA,team_norm & _alias_init_last,0.0,0.0,0.0,0.0,0.0,0.0,0.0,3.0700000000000003,1.04,1.1000000000000014,0.29
2025,10,0.0,2025_10_LA_SF,Los Angeles Rams,Colby Parkinson,TE,00-0036244,1.0,0.0,0.0,0.0,0.0,0.0,0.0,0.0,3.14,2.07,16.5,0.16,0.1509,72.0,32.43,37.89,243.5,185.4,1.672813337688924,0.9746189133491224,0.8107576013674669,1.0,1.0,colby parkinson,colbyparkinson,cparkinson,Los Angeles Rams,00-0036244,0.0,0.0,0.0,0.0,0.0,0.0,0.0,5.0,4.0,41.0,1.0,C.Parkinson,LA,team_norm & _alias_init_last,0.0,0.0,0.0,0.0,0.0,0.0,0.0,-1.8599999999999999,-1.9300000000000002,-24.5,-0.84
2025,10,0.0,2025_10_LA_SF,Los Angeles Rams,Davis Allen,TE,00-0039074,1.0,0.0,0.0,0.0,0.0,0.0,0.0,0.0,0.0,0.0,0.0,0.0,0.0,72.0,32.43,37.89,243.5,185.4,1.672813337688924,0.9746189133491224,0.8107576013674669,1.0,1.0,davis allen,davisallen,dallen,Los Angeles Rams,00-0039074,0.0,0.0,0.0,0.0,0.0,0.0,0.0,2.0,2.0,8.0,1.0,D.Allen,LA,team_norm & _alias_init_last,0.0,0.0,0.0,0.0,0.0,0.0,0.0,-2.0,-2.0,-8.0,-1.0
2025,10,0.0,2025_10_LA_SF,Los Angeles Rams,Terrance Ferguson,TE,00-0040737,1.0,0.0,0.0,0.0,0.0,0.0,0.0,0.0,0.0,0.0,0.0,0.0,0.0,72.0,32.43,37.89,243.5,185.4,1.672813337688924,0.9746189133491224,0.8107576013674669,1.0,1.0,terrance ferguson,terranceferguson,tferguson,Los Angeles Rams,00-0040737,0.0,0.0,0.0,0.0,0.0,0.0,0.0,4.0,1.0,32.0,0.0,T.Ferguson,LA,team_norm & _alias_init_last,0.0,0.0,0.0,0.0,0.0,0.0,0.0,-4.0,-1.0,-32.0,0.0
2025,10,0.0,2025_10_LA_SF,Los Angeles Rams,Puka Nacua,WR,00-0039075,1.0,0.0,0.0,0.0,0.0,0.0,0.0,0.0,7.26,4.97,45.2,0.34,0.2918,72.0,32.43,37.89,243.5,185.4,1.672813337688924,0.9746189133491224,0.8107576013674669,1.0,1.0,puka nacua,pukanacua,pnacua,Los Angeles Rams,00-0039075,0.0,0.0,0.0,0.0,0.0,0.0,0.0,6.0,5.0,64.0,1.0,P.Nacua,LA,team_norm & _alias_init_last,0.0,0.0,0.0,0.0,0.0,0.0,0.0,1.2599999999999998,-0.03000000000000025,-18.799999999999997,-0.6599999999999999
2025,10,0.0,2025_10_LA_SF,Los Angeles Rams,Davante Adams,WR,00-0031381,1.0,0.0,0.0,0.0,0.0,0.0,0.0,0.0,5.47,2.92,31.4,0.28,0.2416,72.0,32.43,37.89,243.5,185.4,1.672813337688924,0.9746189133491224,0.8107576013674669,1.0,1.0,davante adams,davanteadams,dadams,Los Angeles Rams,00-0031381,0.0,0.0,0.0,0.0,0.0,0.0,0.0,8.0,6.0,77.0,1.0,D.Adams,LA,team_norm & _alias_init_last,0.0,0.0,0.0,0.0,0.0,0.0,0.0,-2.5300000000000002,-3.08,-45.6,-0.72
2025,10,0.0,2025_10_LA_SF,Los Angeles Rams,Jordan Whittington,WR,00-0039751,1.0,0.0,0.0,0.0,0.0,0.0,0.0,0.0,3.64,2.5,26.2,0.18,0.1609,72.0,32.43,37.89,243.5,185.4,1.672813337688924,0.9746189133491224,0.8107576013674669,1.0,1.0,jordan whittington,jordanwhittington,jwhittington,Los Angeles Rams,00-0039751,,,,,,,,,,,,,,,,,,,,,,,,,
2025,10,0.0,2025_10_LA_SF,Los Angeles Rams,Drake Stoops,WR,00-0039773,1.0,0.0,0.0,0.0,0.0,0.0,0.0,0.0,0.0,0.0,0.0,0.0,0.0,72.0,32.43,37.89,243.5,185.4,1.672813337688924,0.9746189133491224,0.8107576013674669,0.0,0.0,drake stoops,drakestoops,dstoops,Los Angeles Rams,00-0039773,,,,,,,,,,,,,,,,,,,,,,,,,
2025,10,0.0,2025_10_LA_SF,Los Angeles Rams,Konata Mumpfield,WR,00-0040590,1.0,0.0,0.0,0.0,0.0,0.0,0.0,0.0,0.0,0.0,0.0,0.0,0.0,72.0,32.43,37.89,243.5,185.4,1.672813337688924,0.9746189133491224,0.8107576013674669,1.0,1.0,konata mumpfield,konatamumpfield,kmumpfield,Los Angeles Rams,00-0040590,0.0,0.0,0.0,0.0,0.0,0.0,0.0,2.0,0.0,0.0,0.0,K.Mumpfield,LA,team_norm & _alias_init_last,0.0,0.0,0.0,0.0,0.0,0.0,0.0,-2.0,0.0,0.0,0.0
2025,10,0.0,2025_10_LA_SF,Los Angeles Rams,Xavier Smith,WR,00-0038359,1.0,0.0,0.0,0.0,0.0,0.0,0.0,0.0,0.0,0.0,0.0,0.0,0.0,72.0,32.43,37.89,243.5,185.4,1.672813337688924,0.9746189133491224,0.8107576013674669,1.0,1.0,xavier smith,xaviersmith,xsmith,Los Angeles Rams,00-0038359,0.0,0.0,0.0,0.0,0.0,0.0,0.0,1.0,1.0,14.0,0.0,X.Smith,LA,team_norm & _alias_init_last,0.0,0.0,0.0,0.0,0.0,0.0,0.0,-1.0,-1.0,-14.0,0.0
2025,10,0.0,2025_10_LA_SF,San Francisco 49ers,Brock Purdy,QB,00-0037834,1.0,31.89,231.1,1.75,0.7,9.19,33.4,0.35,0.0,0.0,0.0,0.0,0.2921,72.0,30.25,39.6,229.6,195.8,1.9731713973632303,1.37491661108928,0.7562057881646655,0.0,0.0,brock purdy,brockpurdy,bpurdy,San Francisco 49ers,00-0037834,,,,,,,,,,,,,,,,,,,,,,,,,
2025,10,0.0,2025_10_LA_SF,San Francisco 49ers,Christian McCaffrey,RB,00-0033280,1.0,0.0,0.0,0.0,0.0,19.55,80.5,0.86,3.87,2.99,17.8,0.26,0.6727,72.0,30.25,39.6,229.6,195.8,1.9731713973632303,1.37491661108928,0.7562057881646655,1.0,1.0,christian mccaffrey,christianmccaffrey,cmccaffrey,San Francisco 49ers,00-0033280,0.0,0.0,0.0,0.0,12.0,30.0,0.0,10.0,8.0,66.0,0.0,C.McCaffrey,SF,team_norm & _alias_init_last,0.0,0.0,0.0,0.0,7.550000000000001,50.5,0.86,-6.13,-5.01,-48.2,0.26
2025,10,0.0,2025_10_LA_SF,San Francisco 49ers,Brian Robinson Jr.,RB,,1.0,0.0,0.0,0.0,0.0,10.86,56.6,0.28,2.41,1.71,16.1,0.16,0.3554,72.0,30.25,39.6,229.6,195.8,1.9731713973632303,1.37491661108928,0.7562057881646655,0.0,0.0,brian robinson jr.,brianrobinsonjr,brobinson,San Francisco 49ers,00-0037746,0.0,0.0,0.0,0.0,8.0,41.0,1.0,1.0,1.0,4.0,0.0,B.Robinson,SF,team_norm & _alias_init_last,0.0,0.0,0.0,0.0,2.8599999999999994,15.600000000000001,-0.72,1.4100000000000001,0.71,12.100000000000001,0.16
2025,10,0.0,2025_10_LA_SF,San Francisco 49ers,Isaac Guerendo,RB,00-0039363,1.0,0.0,0.0,0.0,0.0,0.0,0.0,0.0,0.0,0.0,0.0,0.0,0.0,72.0,30.25,39.6,229.6,195.8,1.9731713973632303,1.37491661108928,0.7562057881646655,1.0,1.0,isaac guerendo,isaacguerendo,iguerendo,San Francisco 49ers,00-0039363,,,,,,,,,,,,,,,,,,,,,,,,,
2025,10,0.0,2025_10_LA_SF,San Francisco 49ers,George Kittle,TE,00-0033288,1.0,0.0,0.0,0.0,0.0,0.0,0.0,0.0,5.61,3.97,30.4,0.34,0.29,72.0,30.25,39.6,229.6,195.8,1.9731713973632303,1.37491661108928,0.7562057881646655,1.0,1.0,george kittle,georgekittle,gkittle,San Francisco 49ers,00-0033288,0.0,0.0,0.0,0.0,0.0,0.0,0.0,10.0,9.0,84.0,1.0,G.Kittle,SF,team_norm & _alias_init_last,0.0,0.0,0.0,0.0,0.0,0.0,0.0,-4.39,-5.029999999999999,-53.6,-0.6599999999999999
2025,10,0.0,2025_10_LA_SF,San Francisco 49ers,Luke Farrell,TE,00-0036887,1.0,0.0,0.0,0.0,0.0,0.0,0.0,0.0,2.9,2.07,18.3,0.18,0.161,72.0,30.25,39.6,229.6,195.8,1.9731713973632303,1.37491661108928,0.7562057881646655,1.0,1.0,luke farrell,lukefarrell,lfarrell,San Francisco 49ers,00-0036887,0.0,0.0,0.0,0.0,0.0,0.0,0.0,2.0,2.0,15.0,1.0,L.Farrell,SF,team_norm & _alias_init_last,0.0,0.0,0.0,0.0,0.0,0.0,0.0,0.8999999999999999,0.06999999999999984,3.3000000000000007,-0.8200000000000001
2025,10,0.0,2025_10_LA_SF,San Francisco 49ers,Hayden Rucci,TE,00-0039489,1.0,0.0,0.0,0.0,0.0,0.0,0.0,0.0,0.0,0.0,0.0,0.0,0.0,72.0,30.25,39.6,229.6,195.8,1.9731713973632303,1.37491661108928,0.7562057881646655,0.0,0.0,hayden rucci,haydenrucci,hrucci,San Francisco 49ers,00-0039489,,,,,,,,,,,,,,,,,,,,,,,,,
2025,10,0.0,2025_10_LA_SF,San Francisco 49ers,Jake Tonges,TE,00-0037112,1.0,0.0,0.0,0.0,0.0,0.0,0.0,0.0,0.0,0.0,0.0,0.0,0.0,72.0,30.25,39.6,229.6,195.8,1.9731713973632303,1.37491661108928,0.7562057881646655,1.0,1.0,jake tonges,jaketonges,jtonges,San Francisco 49ers,00-0037112,,,,,,,,,,,,,,,,,,,,,,,,,
2025,10,0.0,2025_10_LA_SF,San Francisco 49ers,Jauan Jennings,WR,00-0036259,1.0,0.0,0.0,0.0,0.0,0.0,0.0,0.0,6.86,4.21,42.3,0.42,0.3459,72.0,30.25,39.6,229.6,195.8,1.9731713973632303,1.37491661108928,0.7562057881646655,1.0,1.0,jauan jennings,jauanjennings,jjennings,San Francisco 49ers,,0.0,0.0,0.0,0.0,0.0,0.0,0.0,11.0,6.0,71.0,1.0,J.Jennings,SF,team_norm & _alias_init_last,0.0,0.0,0.0,0.0,0.0,0.0,0.0,-4.14,-1.79,-28.700000000000003,-0.5800000000000001
2025,10,0.0,2025_10_LA_SF,San Francisco 49ers,Ricky Pearsall,WR,00-0039916,1.0,0.0,0.0,0.0,0.0,0.0,0.0,0.0,5.16,3.16,34.6,0.32,0.2752,72.0,30.25,39.6,229.6,195.8,1.9731713973632303,1.37491661108928,0.7562057881646655,0.0,0.0,ricky pearsall,rickypearsall,rpearsall,San Francisco 49ers,00-0039916,,,,,,,,,,,,,,,,,,,,,,,,,
2025,10,0.0,2025_10_LA_SF,San Francisco 49ers,Kendrick Bourne,WR,00-0033307,1.0,0.0,0.0,0.0,0.0,0.0,0.0,0.0,3.44,2.27,20.5,0.2,0.1847,72.0,30.25,39.6,229.6,195.8,1.9731713973632303,1.37491661108928,0.7562057881646655,1.0,1.0,kendrick bourne,kendrickbourne,kbourne,San Francisco 49ers,00-0033307,0.0,0.0,0.0,0.0,0.0,0.0,0.0,1.0,1.0,19.0,0.0,K.Bourne,SF,team_norm & _alias_init_last,0.0,0.0,0.0,0.0,0.0,0.0,0.0,2.44,1.27,1.5,0.2
2025,10,0.0,2025_10_LA_SF,San Francisco 49ers,Colton Dowell,WR,00-0038632,1.0,0.0,0.0,0.0,0.0,0.0,0.0,0.0,0.0,0.0,0.0,0.0,0.0,72.0,30.25,39.6,229.6,195.8,1.9731713973632303,1.37491661108928,0.7562057881646655,0.0,0.0,colton dowell,coltondowell,cdowell,San Francisco 49ers,00-0038632,,,,,,,,,,,,,,,,,,,,,,,,,
2025,10,0.0,2025_10_LA_SF,San Francisco 49ers,Demarcus Robinson,WR,00-0032775,1.0,0.0,0.0,0.0,0.0,0.0,0.0,0.0,0.0,0.0,0.0,0.0,0.0,72.0,30.25,39.6,229.6,195.8,1.9731713973632303,1.37491661108928,0.7562057881646655,1.0,1.0,demarcus robinson,demarcusrobinson,drobinson,San Francisco 49ers,00-0032775,0.0,0.0,0.0,0.0,0.0,0.0,0.0,4.0,3.0,34.0,0.0,D.Robinson,SF,team_norm & _alias_init_last,0.0,0.0,0.0,0.0,0.0,0.0,0.0,-4.0,-3.0,-34.0,0.0
2025,10,0.0,2025_10_LA_SF,San Francisco 49ers,Jordan Watkins,WR,00-0040172,1.0,0.0,0.0,0.0,0.0,0.0,0.0,0.0,0.0,0.0,0.0,0.0,0.0,72.0,30.25,39.6,229.6,195.8,1.9731713973632303,1.37491661108928,0.7562057881646655,1.0,1.0,jordan watkins,jordanwatkins,jwatkins,San Francisco 49ers,00-0040172,,,,,,,,,,,,,,,,,,,,,,,,,
2025,10,0.0,2025_10_LA_SF,San Francisco 49ers,Skyy Moore,WR,00-0038090,1.0,0.0,0.0,0.0,0.0,0.0,0.0,0.0,0.0,0.0,0.0,0.0,0.0,72.0,30.25,39.6,229.6,195.8,1.9731713973632303,1.37491661108928,0.7562057881646655,1.0,1.0,skyy moore,skyymoore,smoore,San Francisco 49ers,00-0038090,0.0,0.0,0.0,0.0,0.0,0.0,0.0,1.0,1.0,18.0,0.0,S.Moore,SF,team_norm & _alias_init_last,0.0,0.0,0.0,0.0,0.0,0.0,0.0,-1.0,-1.0,-18.0,0.0
2025,10,0.0,2025_10_LV_DEN,Denver Broncos,Bo Nix,QB,00-0039732,1.0,42.55,230.2,2.71,1.04,6.81,18.2,0.3,0.0,0.0,0.0,0.0,0.2601,72.0,44.56,25.14,250.0,91.9,3.452547507763813,1.056224094116287,1.114019013199915,1.0,1.0,bo nix,bonix,bnix,Denver Broncos,00-0039732,32.0,150.0,1.0,2.0,3.0,0.0,0.0,0.0,0.0,0.0,0.0,B.Nix,DEN,team_norm & _alias_init_last,10.549999999999997,80.19999999999999,1.71,-0.96,3.8099999999999996,18.2,0.3,0.0,0.0,0.0,0.0
2025,10,0.0,2025_10_LV_DEN,Denver Broncos,J.K. Dobbins,RB,00-0036158,1.0,0.0,0.0,0.0,0.0,11.78,36.2,0.59,5.73,4.14,21.1,0.45,0.6462,72.0,44.56,25.14,250.0,91.9,3.452547507763813,1.056224094116287,1.114019013199915,1.0,1.0,j.k. dobbins,jkdobbins,jdobbins,Denver Broncos,00-0036158,0.0,0.0,0.0,0.0,19.0,77.0,0.0,1.0,1.0,7.0,0.0,J.Dobbins,DEN,team_norm & _alias_init_last,0.0,0.0,0.0,0.0,-7.220000000000001,-40.8,0.59,4.73,3.1399999999999997,14.100000000000001,0.45
2025,10,0.0,2025_10_LV_DEN,Denver Broncos,RJ Harvey,RB,00-0040730,1.0,0.0,0.0,0.0,0.0,6.55,20.8,0.22,3.56,2.71,13.3,0.29,0.3964,72.0,44.56,25.14,250.0,91.9,3.452547507763813,1.056224094116287,1.114019013199915,1.0,1.0,rj harvey,rjharvey,rharvey,Denver Broncos,00-0040730,0.0,0.0,0.0,0.0,4.0,9.0,0.0,4.0,2.0,9.0,0.0,R.Harvey,DEN,team_norm & _alias_init_last,0.0,0.0,0.0,0.0,2.55,11.8,0.22,-0.43999999999999995,0.71,4.300000000000001,0.29
2025,10,0.0,2025_10_LV_DEN,Denver Broncos,Tyler Badie,RB,00-0037085,1.0,0.0,0.0,0.0,0.0,0.0,0.0,0.0,0.0,0.0,0.0,0.0,0.0,72.0,44.56,25.14,250.0,91.9,3.452547507763813,1.056224094116287,1.114019013199915,1.0,1.0,tyler badie,tylerbadie,tbadie,Denver Broncos,00-0037085,0.0,0.0,0.0,0.0,0.0,0.0,0.0,1.0,0.0,0.0,0.0,T.Badie,DEN,team_norm & _alias_init_last,0.0,0.0,0.0,0.0,0.0,0.0,0.0,-1.0,0.0,0.0,0.0
2025,10,0.0,2025_10_LV_DEN,Denver Broncos,Evan Engram,TE,00-0033881,1.0,0.0,0.0,0.0,0.0,0.0,0.0,0.0,8.06,5.7,36.0,0.55,0.4221,72.0,44.56,25.14,250.0,91.9,3.452547507763813,1.056224094116287,1.114019013199915,1.0,1.0,evan engram,evanengram,eengram,Denver Broncos,00-0033881,0.0,0.0,0.0,0.0,0.0,0.0,0.0,5.0,2.0,12.0,0.0,E.Engram,DEN,team_norm & _alias_init_last,0.0,0.0,0.0,0.0,0.0,0.0,0.0,3.0600000000000005,3.7,24.0,0.55
2025,10,0.0,2025_10_LV_DEN,Denver Broncos,Nate Adkins,TE,00-0038783,1.0,0.0,0.0,0.0,0.0,0.0,0.0,0.0,4.17,2.93,22.5,0.31,0.2702,72.0,44.56,25.14,250.0,91.9,3.452547507763813,1.056224094116287,1.114019013199915,0.0,0.0,nate adkins,nateadkins,nadkins,Denver Broncos,00-0038783,,,,,,,,,,,,,,,,,,,,,,,,,
2025,10,0.0,2025_10_LV_DEN,Denver Broncos,Adam Trautman,TE,00-0036422,1.0,0.0,0.0,0.0,0.0,0.0,0.0,0.0,0.0,0.0,0.0,0.0,0.0,72.0,44.56,25.14,250.0,91.9,3.452547507763813,1.056224094116287,1.114019013199915,1.0,1.0,adam trautman,adamtrautman,atrautman,Denver Broncos,00-0036422,0.0,0.0,0.0,0.0,0.0,0.0,0.0,1.0,1.0,2.0,0.0,A.Trautman,DEN,team_norm & _alias_init_last,0.0,0.0,0.0,0.0,0.0,0.0,0.0,-1.0,-1.0,-2.0,0.0
2025,10,0.0,2025_10_LV_DEN,Denver Broncos,Marcedes Lewis,TE,00-0024243,1.0,0.0,0.0,0.0,0.0,0.0,0.0,0.0,0.0,0.0,0.0,0.0,0.0,72.0,44.56,25.14,250.0,91.9,3.452547507763813,1.056224094116287,1.114019013199915,1.0,1.0,marcedes lewis,marcedeslewis,mlewis,Denver Broncos,00-0024243,,,,,,,,,,,,,,,,,,,,,,,,,
2025,10,0.0,2025_10_LV_DEN,Denver Broncos,Courtland Sutton,WR,00-0034348,1.0,0.0,0.0,0.0,0.0,0.0,0.0,0.0,10.22,5.92,47.4,0.76,0.5338,72.0,44.56,25.14,250.0,91.9,3.452547507763813,1.056224094116287,1.114019013199915,1.0,1.0,courtland sutton,courtlandsutton,csutton,Denver Broncos,00-0034348,1.0,0.0,0.0,0.0,0.0,0.0,0.0,4.0,3.0,24.0,0.0,C.Sutton,DEN,team_norm & _alias_init_last,-1.0,0.0,0.0,0.0,0.0,0.0,0.0,6.220000000000001,2.92,23.4,0.76
2025,10,0.0,2025_10_LV_DEN,Denver Broncos,Troy Franklin,WR,00-0039868,1.0,0.0,0.0,0.0,0.0,0.0,0.0,0.0,7.69,4.45,36.7,0.59,0.4436,72.0,44.56,25.14,250.0,91.9,3.452547507763813,1.056224094116287,1.114019013199915,1.0,1.0,troy franklin,troyfranklin,tfranklin,Denver Broncos,00-0039868,0.0,0.0,0.0,0.0,0.0,0.0,0.0,9.0,5.0,40.0,1.0,T.Franklin,DEN,team_norm & _alias_init_last,0.0,0.0,0.0,0.0,0.0,0.0,0.0,-1.3099999999999996,-0.5499999999999998,-3.299999999999997,-0.41000000000000003
2025,10,0.0,2025_10_LV_DEN,Denver Broncos,Marvin Mims Jr.,WR,00-0038976,1.0,0.0,0.0,0.0,0.0,0.0,0.0,0.0,5.13,3.4,23.0,0.36,0.3011,72.0,44.56,25.14,250.0,91.9,3.452547507763813,1.056224094116287,1.114019013199915,0.0,0.0,marvin mims jr.,marvinmimsjr,mmims,Denver Broncos,00-0038976,,,,,,,,,,,,,,,,,,,,,,,,,
2025,10,0.0,2025_10_LV_DEN,Denver Broncos,Elijah Moore,WR,00-0036980,1.0,0.0,0.0,0.0,0.0,0.0,0.0,0.0,0.0,0.0,0.0,0.0,0.0,72.0,44.56,25.14,250.0,91.9,3.452547507763813,1.056224094116287,1.114019013199915,0.0,0.0,elijah moore,elijahmoore,emoore,Denver Broncos,00-0036980,0.0,0.0,0.0,0.0,1.0,-1.0,0.0,2.0,2.0,9.0,0.0,E.Moore,BUF,_alias_init_last,0.0,0.0,0.0,0.0,-1.0,1.0,0.0,-2.0,-2.0,-9.0,0.0
2025,10,0.0,2025_10_LV_DEN,Denver Broncos,Michael Bandy,WR,00-0036959,1.0,0.0,0.0,0.0,0.0,0.0,0.0,0.0,0.0,0.0,0.0,0.0,0.0,72.0,44.56,25.14,250.0,91.9,3.452547507763813,1.056224094116287,1.114019013199915,1.0,1.0,michael bandy,michaelbandy,mbandy,Denver Broncos,00-0036959,,,,,,,,,,,,,,,,,,,,,,,,,
2025,10,0.0,2025_10_LV_DEN,Denver Broncos,Pat Bryant,WR,00-0040134,1.0,0.0,0.0,0.0,0.0,0.0,0.0,0.0,0.0,0.0,0.0,0.0,0.0,72.0,44.56,25.14,250.0,91.9,3.452547507763813,1.056224094116287,1.114019013199915,1.0,1.0,pat bryant,patbryant,pbryant,Denver Broncos,00-0040134,0.0,0.0,0.0,0.0,0.0,0.0,0.0,3.0,1.0,43.0,0.0,P.Bryant,DEN,team_norm & _alias_init_last,0.0,0.0,0.0,0.0,0.0,0.0,0.0,-3.0,-1.0,-43.0,0.0
2025,10,0.0,2025_10_LV_DEN,Las Vegas Raiders,Geno Smith,QB,00-0030565,1.0,40.99,279.3,1.96,0.96,3.39,12.9,0.09,0.0,0.0,0.0,0.0,0.0815,63.99,41.1,19.2,311.9,94.9,2.434081277712012,0.4765075005200319,1.0274652378847031,1.0,1.0,geno smith,genosmith,gsmith,Las Vegas Raiders,,36.0,143.0,0.0,1.0,1.0,0.0,0.0,0.0,0.0,0.0,0.0,G.Smith,LV,team_norm & _alias_init_last,4.990000000000002,136.3,1.96,-0.040000000000000036,2.39,12.9,0.09,0.0,0.0,0.0,0.0
2025,10,0.0,2025_10_LV_DEN,Las Vegas Raiders,Ashton Jeanty,RB,00-0040122,1.0,0.0,0.0,0.0,0.0,10.16,42.9,0.3,5.05,3.55,27.2,0.3,0.4498,63.99,41.1,19.2,311.9,94.9,2.434081277712012,0.4765075005200319,1.0274652378847031,1.0,1.0,ashton jeanty,ashtonjeanty,ajeanty,Las Vegas Raiders,00-0040122,0.0,0.0,0.0,0.0,19.0,60.0,1.0,5.0,3.0,3.0,0.0,A.Jeanty,LV,team_norm & _alias_init_last,0.0,0.0,0.0,0.0,-8.84,-17.1,-0.7,0.04999999999999982,0.5499999999999998,24.2,0.3
2025,10,0.0,2025_10_LV_DEN,Las Vegas Raiders,Raheem Mostert,RB,00-0031687,1.0,0.0,0.0,0.0,0.0,5.65,24.2,0.11,3.14,2.23,15.7,0.19,0.2595,63.99,41.1,19.2,311.9,94.9,2.434081277712012,0.4765075005200319,1.0274652378847031,1.0,1.0,raheem mostert,raheemmostert,rmostert,Las Vegas Raiders,,0.0,0.0,0.0,0.0,1.0,4.0,0.0,1.0,1.0,11.0,0.0,R.Mostert,LV,team_norm & _alias_init_last,0.0,0.0,0.0,0.0,4.65,20.2,0.11,2.14,1.23,4.699999999999999,0.19
2025,10,0.0,2025_10_LV_DEN,Las Vegas Raiders,Dylan Laube,RB,00-0039407,1.0,0.0,0.0,0.0,0.0,0.0,0.0,0.0,0.0,0.0,0.0,0.0,0.0,63.99,41.1,19.2,311.9,94.9,2.434081277712012,0.4765075005200319,1.0274652378847031,1.0,1.0,dylan laube,dylanlaube,dlaube,Las Vegas Raiders,00-0039407,,,,,,,,,,,,,,,,,,,,,,,,,
2025,10,0.0,2025_10_LV_DEN,Las Vegas Raiders,Brock Bowers,TE,00-0039338,1.0,0.0,0.0,0.0,0.0,0.0,0.0,0.0,7.55,5.36,46.9,0.41,0.3351,63.99,41.1,19.2,311.9,94.9,2.434081277712012,0.4765075005200319,1.0274652378847031,1.0,1.0,brock bowers,brockbowers,bbowers,Las Vegas Raiders,00-0039338,0.0,0.0,0.0,0.0,1.0,-4.0,0.0,3.0,1.0,31.0,0.0,B.Bowers,LV,team_norm & _alias_init_last,0.0,0.0,0.0,0.0,-1.0,4.0,0.0,4.55,4.36,15.899999999999999,0.41
2025,10,0.0,2025_10_LV_DEN,Las Vegas Raiders,Michael Mayer,TE,00-0039066,1.0,0.0,0.0,0.0,0.0,0.0,0.0,0.0,3.9,2.64,24.4,0.22,0.1942,63.99,41.1,19.2,311.9,94.9,2.434081277712012,0.4765075005200319,1.0274652378847031,1.0,1.0,michael mayer,michaelmayer,mmayer,Las Vegas Raiders,00-0039066,0.0,0.0,0.0,0.0,0.0,0.0,0.0,4.0,3.0,22.0,0.0,M.Mayer,LV,team_norm & _alias_init_last,0.0,0.0,0.0,0.0,0.0,0.0,0.0,-0.10000000000000009,-0.3599999999999999,2.3999999999999986,0.22
2025,10,0.0,2025_10_LV_DEN,Las Vegas Raiders,Carter Runyon,TE,00-0040488,1.0,0.0,0.0,0.0,0.0,0.0,0.0,0.0,0.0,0.0,0.0,0.0,0.0,63.99,41.1,19.2,311.9,94.9,2.434081277712012,0.4765075005200319,1.0274652378847031,0.0,0.0,carter runyon,carterrunyon,crunyon,Las Vegas Raiders,00-0040488,,,,,,,,,,,,,,,,,,,,,,,,,
2025,10,0.0,2025_10_LV_DEN,Las Vegas Raiders,Ian Thomas,TE,00-0034365,1.0,0.0,0.0,0.0,0.0,0.0,0.0,0.0,0.0,0.0,0.0,0.0,0.0,63.99,41.1,19.2,311.9,94.9,2.434081277712012,0.4765075005200319,1.0274652378847031,1.0,1.0,ian thomas,ianthomas,ithomas,Las Vegas Raiders,00-0034365,,,,,,,,,,,,,,,,,,,,,,,,,
2025,10,0.0,2025_10_LV_DEN,Las Vegas Raiders,Tre Tucker,WR,00-0038563,1.0,0.0,0.0,0.0,0.0,0.0,0.0,0.0,9.52,5.28,57.5,0.51,0.4024,63.99,41.1,19.2,311.9,94.9,2.434081277712012,0.4765075005200319,1.0274652378847031,1.0,1.0,tre tucker,tretucker,ttucker,Las Vegas Raiders,00-0038563,0.0,0.0,0.0,0.0,1.0,7.0,0.0,5.0,2.0,28.0,0.0,T.Tucker,LV,team_norm & _alias_init_last,0.0,0.0,0.0,0.0,-1.0,-7.0,0.0,4.52,3.2800000000000002,29.5,0.51
2025,10,0.0,2025_10_LV_DEN,Las Vegas Raiders,Tyler Lockett,WR,00-0032211,1.0,0.0,0.0,0.0,0.0,0.0,0.0,0.0,7.17,4.31,39.7,0.39,0.3247,63.99,41.1,19.2,311.9,94.9,2.434081277712012,0.4765075005200319,1.0274652378847031,1.0,1.0,tyler lockett,tylerlockett,tlockett,Las Vegas Raiders,00-0032211,0.0,0.0,0.0,0.0,0.0,0.0,0.0,6.0,5.0,44.0,0.0,T.Lockett,LV,team_norm & _alias_init_last,0.0,0.0,0.0,0.0,0.0,0.0,0.0,1.17,-0.6900000000000004,-4.299999999999997,0.39
2025,10,0.0,2025_10_LV_DEN,Las Vegas Raiders,Jack Bech,WR,00-0040729,1.0,0.0,0.0,0.0,0.0,0.0,0.0,0.0,4.78,3.13,37.7,0.28,0.2406,63.99,41.1,19.2,311.9,94.9,2.434081277712012,0.4765075005200319,1.0274652378847031,1.0,1.0,jack bech,jackbech,jbech,Las Vegas Raiders,00-0040729,0.0,0.0,0.0,0.0,0.0,0.0,0.0,1.0,0.0,0.0,0.0,J.Bech,LV,team_norm & _alias_init_last,0.0,0.0,0.0,0.0,0.0,0.0,0.0,3.7800000000000002,3.13,37.7,0.28
2025,10,0.0,2025_10_LV_DEN,Las Vegas Raiders,Alex Bachman,WR,00-0035602,1.0,0.0,0.0,0.0,0.0,0.0,0.0,0.0,0.0,0.0,0.0,0.0,0.0,63.99,41.1,19.2,311.9,94.9,2.434081277712012,0.4765075005200319,1.0274652378847031,1.0,1.0,alex bachman,alexbachman,abachman,Las Vegas Raiders,00-0035602,,,,,,,,,,,,,,,,,,,,,,,,,
2025,10,0.0,2025_10_LV_DEN,Las Vegas Raiders,Amari Cooper,WR,00-0031544,1.0,0.0,0.0,0.0,0.0,0.0,0.0,0.0,0.0,0.0,0.0,0.0,0.0,63.99,41.1,19.2,311.9,94.9,2.434081277712012,0.4765075005200319,1.0274652378847031,1.0,1.0,amari cooper,amaricooper,acooper,Las Vegas Raiders,00-0031544,,,,,,,,,,,,,,,,,,,,,,,,,
2025,10,0.0,2025_10_LV_DEN,Las Vegas Raiders,Brenden Rice,WR,00-0039415,1.0,0.0,0.0,0.0,0.0,0.0,0.0,0.0,0.0,0.0,0.0,0.0,0.0,63.99,41.1,19.2,311.9,94.9,2.434081277712012,0.4765075005200319,1.0274652378847031,0.0,0.0,brenden rice,brendenrice,brice,Las Vegas Raiders,00-0039415,,,,,,,,,,,,,,,,,,,,,,,,,
2025,10,0.0,2025_10_LV_DEN,Las Vegas Raiders,Dont'e Thornton Jr.,WR,00-0040581,1.0,0.0,0.0,0.0,0.0,0.0,0.0,0.0,0.0,0.0,0.0,0.0,0.0,63.99,41.1,19.2,311.9,94.9,2.434081277712012,0.4765075005200319,1.0274652378847031,1.0,1.0,dont'e thornton jr.,dontethorntonjr,dthornton,Las Vegas Raiders,00-0040581,0.0,0.0,0.0,0.0,0.0,0.0,0.0,2.0,1.0,4.0,0.0,D.Thornton,LV,team_norm & _alias_init_last,0.0,0.0,0.0,0.0,0.0,0.0,0.0,-2.0,-1.0,-4.0,0.0
2025,10,0.0,2025_10_NE_TB,New England Patriots,Drake Maye,QB,00-0039851,1.0,38.05,254.4,1.79,0.95,6.15,23.1,0.16,0.0,0.0,0.0,0.0,0.1499,72.0,40.79,27.69,309.6,136.9,2.2474392308970823,0.7239797962256378,1.019818731056178,1.0,1.0,drake maye,drakemaye,dmaye,New England Patriots,00-0039851,38.0,270.0,2.0,1.0,2.0,0.0,0.0,0.0,0.0,0.0,0.0,D.Maye,NE,team_norm & _alias_init_last,0.04999999999999716,-15.599999999999994,-0.20999999999999996,-0.050000000000000044,4.15,23.1,0.16,0.0,0.0,0.0,0.0
2025,10,0.0,2025_10_NE_TB,New England Patriots,Rhamondre Stevenson,RB,00-0036875,1.0,0.0,0.0,0.0,0.0,13.85,58.7,0.44,5.22,3.74,26.3,0.29,0.5203,72.0,40.79,27.69,309.6,136.9,2.2474392308970823,0.7239797962256378,1.019818731056178,0.0,0.0,rhamondre stevenson,rhamondrestevenson,rstevenson,New England Patriots,00-0036875,,,,,,,,,,,,,,,,,,,,,,,,,
2025,10,0.0,2025_10_NE_TB,New England Patriots,TreVeyon Henderson,RB,00-0040734,1.0,0.0,0.0,0.0,0.0,7.69,33.7,0.16,3.25,2.51,18.5,0.18,0.2854,72.0,40.79,27.69,309.6,136.9,2.2474392308970823,0.7239797962256378,1.019818731056178,1.0,1.0,treveyon henderson,treveyonhenderson,thenderson,New England Patriots,00-0040734,0.0,0.0,0.0,0.0,14.0,147.0,2.0,1.0,1.0,3.0,0.0,T.Henderson,NE,team_norm & _alias_init_last,0.0,0.0,0.0,0.0,-6.31,-113.3,-1.84,2.25,1.5099999999999998,15.5,0.18
2025,10,0.0,2025_10_NE_TB,New England Patriots,D'Ernest Johnson,RB,00-0035628,1.0,0.0,0.0,0.0,0.0,0.0,0.0,0.0,0.0,0.0,0.0,0.0,0.0,72.0,40.79,27.69,309.6,136.9,2.2474392308970823,0.7239797962256378,1.019818731056178,1.0,1.0,d'ernest johnson,dernestjohnson,djohnson,New England Patriots,00-0035628,0.0,0.0,0.0,0.0,1.0,1.0,0.0,0.0,0.0,0.0,0.0,D.Johnson,NE,team_norm & _alias_init_last,0.0,0.0,0.0,0.0,-1.0,-1.0,0.0,0.0,0.0,0.0,0.0
2025,10,0.0,2025_10_NE_TB,New England Patriots,Terrell Jennings,RB,00-0039757,1.0,0.0,0.0,0.0,0.0,0.0,0.0,0.0,0.0,0.0,0.0,0.0,0.0,72.0,40.79,27.69,309.6,136.9,2.2474392308970823,0.7239797962256378,1.019818731056178,1.0,1.0,terrell jennings,terrelljennings,tjennings,New England Patriots,00-0039757,0.0,0.0,0.0,0.0,4.0,5.0,0.0,0.0,0.0,0.0,0.0,T.Jennings,NE,team_norm & _alias_init_last,0.0,0.0,0.0,0.0,-4.0,-5.0,0.0,0.0,0.0,0.0,0.0
2025,10,0.0,2025_10_NE_TB,New England Patriots,Hunter Henry,TE,00-0033090,1.0,0.0,0.0,0.0,0.0,0.0,0.0,0.0,7.54,5.1,44.3,0.39,0.322,72.0,40.79,27.69,309.6,136.9,2.2474392308970823,0.7239797962256378,1.019818731056178,1.0,1.0,hunter henry,hunterhenry,hhenry,New England Patriots,00-0033090,0.0,0.0,0.0,0.0,0.0,0.0,0.0,4.0,1.0,9.0,0.0,H.Henry,NE,team_norm & _alias_init_last,0.0,0.0,0.0,0.0,0.0,0.0,0.0,3.54,4.1,35.3,0.39
2025,10,0.0,2025_10_NE_TB,New England Patriots,Austin Hooper,TE,00-0032392,1.0,0.0,0.0,0.0,0.0,0.0,0.0,0.0,3.9,2.68,21.5,0.2,0.1792,72.0,40.79,27.69,309.6,136.9,2.2474392308970823,0.7239797962256378,1.019818731056178,1.0,1.0,austin hooper,austinhooper,ahooper,New England Patriots,00-0032392,0.0,0.0,0.0,0.0,0.0,0.0,0.0,1.0,0.0,0.0,0.0,A.Hooper,NE,team_norm & _alias_init_last,0.0,0.0,0.0,0.0,0.0,0.0,0.0,2.9,2.68,21.5,0.2
2025,10,0.0,2025_10_NE_TB,New England Patriots,Cole Fotheringham,TE,00-0037506,1.0,0.0,0.0,0.0,0.0,0.0,0.0,0.0,0.0,0.0,0.0,0.0,0.0,72.0,40.79,27.69,309.6,136.9,2.2474392308970823,0.7239797962256378,1.019818731056178,0.0,0.0,cole fotheringham,colefotheringham,cfotheringham,New England Patriots,00-0037506,,,,,,,,,,,,,,,,,,,,,,,,,
2025,10,0.0,2025_10_NE_TB,New England Patriots,Stefon Diggs,WR,00-0031588,1.0,0.0,0.0,0.0,0.0,0.0,0.0,0.0,9.26,6.38,56.0,0.47,0.3761,72.0,40.79,27.69,309.6,136.9,2.2474392308970823,0.7239797962256378,1.019818731056178,1.0,1.0,stefon diggs,stefondiggs,sdiggs,New England Patriots,00-0031588,0.0,0.0,0.0,0.0,0.0,0.0,0.0,9.0,5.0,46.0,1.0,S.Diggs,NE,team_norm & _alias_init_last,0.0,0.0,0.0,0.0,0.0,0.0,0.0,0.2599999999999998,1.38,10.0,-0.53
2025,10,0.0,2025_10_NE_TB,New England Patriots,Kayshon Boutte,WR,00-0038608,1.0,0.0,0.0,0.0,0.0,0.0,0.0,0.0,6.97,4.12,43.6,0.35,0.2986,72.0,40.79,27.69,309.6,136.9,2.2474392308970823,0.7239797962256378,1.019818731056178,0.0,0.0,kayshon boutte,kayshonboutte,kboutte,New England Patriots,00-0038608,,,,,,,,,,,,,,,,,,,,,,,,,
2025,10,0.0,2025_10_NE_TB,New England Patriots,Mack Hollins,WR,00-0033555,1.0,0.0,0.0,0.0,0.0,0.0,0.0,0.0,4.65,2.81,26.4,0.24,0.2112,72.0,40.79,27.69,309.6,136.9,2.2474392308970823,0.7239797962256378,1.019818731056178,1.0,1.0,mack hollins,mackhollins,mhollins,New England Patriots,00-0033555,0.0,0.0,0.0,0.0,0.0,0.0,0.0,10.0,6.0,106.0,0.0,M.Hollins,NE,team_norm & _alias_init_last,0.0,0.0,0.0,0.0,0.0,0.0,0.0,-5.35,-3.19,-79.6,0.24
2025,10,0.0,2025_10_NE_TB,New England Patriots,Brandon Smith,WR,00-0036775,1.0,0.0,0.0,0.0,0.0,0.0,0.0,0.0,0.0,0.0,0.0,0.0,0.0,72.0,40.79,27.69,309.6,136.9,2.2474392308970823,0.7239797962256378,1.019818731056178,0.0,0.0,brandon smith,brandonsmith,bsmith,New England Patriots,00-0036775,,,,,,,,,,,,,,,,,,,,,,,,,
2025,10,0.0,2025_10_NE_TB,New England Patriots,DeMario Douglas,WR,00-0038621,1.0,0.0,0.0,0.0,0.0,0.0,0.0,0.0,0.0,0.0,0.0,0.0,0.0,72.0,40.79,27.69,309.6,136.9,2.2474392308970823,0.7239797962256378,1.019818731056178,1.0,1.0,demario douglas,demariodouglas,ddouglas,New England Patriots,00-0038621,0.0,0.0,0.0,0.0,1.0,0.0,0.0,3.0,2.0,34.0,0.0,D.Douglas,NE,team_norm & _alias_init_last,0.0,0.0,0.0,0.0,-1.0,0.0,0.0,-3.0,-2.0,-34.0,0.0
2025,10,0.0,2025_10_NE_TB,New England Patriots,Efton Chism III,WR,00-0040563,1.0,0.0,0.0,0.0,0.0,0.0,0.0,0.0,0.0,0.0,0.0,0.0,0.0,72.0,40.79,27.69,309.6,136.9,2.2474392308970823,0.7239797962256378,1.019818731056178,1.0,1.0,efton chism iii,eftonchismiii,echism,New England Patriots,00-0040563,,,,,,,,,,,,,,,,,,,,,,,,,
2025,10,0.0,2025_10_NE_TB,New England Patriots,Kyle Williams,WR,00-0040131,1.0,0.0,0.0,0.0,0.0,0.0,0.0,0.0,0.0,0.0,0.0,0.0,0.0,72.0,40.79,27.69,309.6,136.9,2.2474392308970823,0.7239797962256378,1.019818731056178,1.0,1.0,kyle williams,kylewilliams,kwilliams,New England Patriots,00-0040131,0.0,0.0,0.0,0.0,0.0,0.0,0.0,2.0,1.0,72.0,1.0,K.Williams,NE,team_norm & _alias_init_last,0.0,0.0,0.0,0.0,0.0,0.0,0.0,-2.0,-1.0,-72.0,-1.0
2025,10,0.0,2025_10_NE_TB,Tampa Bay Buccaneers,Baker Mayfield,QB,00-0034855,1.0,34.32,196.6,2.26,0.73,7.51,21.4,0.3,0.0,0.0,0.0,0.0,0.2583,72.0,31.48,38.48,176.6,140.7,2.4909666648964355,1.509887383671669,0.7869514527981911,1.0,1.0,baker mayfield,bakermayfield,bmayfield,Tampa Bay Buccaneers,00-0034855,47.0,273.0,3.0,0.0,0.0,0.0,0.0,0.0,0.0,0.0,0.0,B.Mayfield,TB,team_norm & _alias_init_last,-12.68,-76.4,-0.7400000000000002,0.73,7.51,21.4,0.3,0.0,0.0,0.0,0.0
2025,10,0.0,2025_10_NE_TB,Tampa Bay Buccaneers,Bucky Irving,RB,00-0039361,1.0,0.0,0.0,0.0,0.0,19.91,64.1,0.93,4.15,3.33,16.3,0.33,0.7187,72.0,31.48,38.48,176.6,140.7,2.4909666648964355,1.509887383671669,0.7869514527981911,0.0,0.0,bucky irving,buckyirving,birving,Tampa Bay Buccaneers,,,,,,,,,,,,,,,,,,,,,,,,,,
2025,10,0.0,2025_10_NE_TB,Tampa Bay Buccaneers,Rachaad White,RB,00-0037256,1.0,0.0,0.0,0.0,0.0,11.06,34.4,0.33,2.58,2.11,8.9,0.21,0.4153,72.0,31.48,38.48,176.6,140.7,2.4909666648964355,1.509887383671669,0.7869514527981911,1.0,1.0,rachaad white,rachaadwhite,rwhite,Tampa Bay Buccaneers,00-0037256,0.0,0.0,0.0,0.0,10.0,38.0,0.0,5.0,5.0,16.0,0.0,R.White,TB,team_norm & _alias_init_last,0.0,0.0,0.0,0.0,1.0600000000000005,-3.6000000000000014,0.33,-2.42,-2.89,-7.1,0.21
2025,10,0.0,2025_10_NE_TB,Tampa Bay Buccaneers,Josh Williams,RB,00-0040429,1.0,0.0,0.0,0.0,0.0,0.0,0.0,0.0,0.0,0.0,0.0,0.0,0.0,72.0,31.48,38.48,176.6,140.7,2.4909666648964355,1.509887383671669,0.7869514527981911,1.0,1.0,josh williams,joshwilliams,jwilliams,Tampa Bay Buccaneers,00-0040429,0.0,0.0,0.0,0.0,0.0,0.0,0.0,7.0,6.0,119.0,1.0,J.Williams,DET,_alias_init_last,0.0,0.0,0.0,0.0,0.0,0.0,0.0,-7.0,-6.0,-119.0,-1.0
2025,10,0.0,2025_10_NE_TB,Tampa Bay Buccaneers,Sean Tucker,RB,00-0038951,1.0,0.0,0.0,0.0,0.0,0.0,0.0,0.0,0.0,0.0,0.0,0.0,0.0,72.0,31.48,38.48,176.6,140.7,2.4909666648964355,1.509887383671669,0.7869514527981911,1.0,1.0,sean tucker,seantucker,stucker,Tampa Bay Buccaneers,00-0038951,0.0,0.0,0.0,0.0,9.0,53.0,0.0,2.0,1.0,-2.0,0.0,S.Tucker,TB,team_norm & _alias_init_last,0.0,0.0,0.0,0.0,-9.0,-53.0,0.0,-2.0,-1.0,2.0,0.0
2025,10,0.0,2025_10_NE_TB,Tampa Bay Buccaneers,Cade Otton,TE,00-0038129,1.0,0.0,0.0,0.0,0.0,0.0,0.0,0.0,6.01,3.94,27.0,0.44,0.3562,72.0,31.48,38.48,176.6,140.7,2.4909666648964355,1.509887383671669,0.7869514527981911,1.0,1.0,cade otton,cadeotton,cotton,Tampa Bay Buccaneers,00-0038129,0.0,0.0,0.0,0.0,0.0,0.0,0.0,13.0,9.0,82.0,0.0,C.Otton,TB,team_norm & _alias_init_last,0.0,0.0,0.0,0.0,0.0,0.0,0.0,-6.99,-5.0600000000000005,-55.0,0.44
2025,10,0.0,2025_10_NE_TB,Tampa Bay Buccaneers,Payne Durham,TE,00-0039050,1.0,0.0,0.0,0.0,0.0,0.0,0.0,0.0,3.11,2.1,18.0,0.24,0.2116,72.0,31.48,38.48,176.6,140.7,2.4909666648964355,1.509887383671669,0.7869514527981911,1.0,1.0,payne durham,paynedurham,pdurham,Tampa Bay Buccaneers,00-0039050,0.0,0.0,0.0,0.0,0.0,0.0,0.0,1.0,0.0,0.0,0.0,P.Durham,TB,team_norm & _alias_init_last,0.0,0.0,0.0,0.0,0.0,0.0,0.0,2.11,2.1,18.0,0.24
2025,10,0.0,2025_10_NE_TB,Tampa Bay Buccaneers,Devin Culp,TE,00-0039754,1.0,0.0,0.0,0.0,0.0,0.0,0.0,0.0,0.0,0.0,0.0,0.0,0.0,72.0,31.48,38.48,176.6,140.7,2.4909666648964355,1.509887383671669,0.7869514527981911,1.0,1.0,devin culp,devinculp,dculp,Tampa Bay Buccaneers,00-0039754,,,,,,,,,,,,,,,,,,,,,,,,,
2025,10,0.0,2025_10_NE_TB,Tampa Bay Buccaneers,Emeka Egbuka,WR,00-0040129,1.0,0.0,0.0,0.0,0.0,0.0,0.0,0.0,6.86,3.41,35.4,0.51,0.4017,72.0,31.48,38.48,176.6,140.7,2.4909666648964355,1.509887383671669,0.7869514527981911,1.0,1.0,emeka egbuka,emekaegbuka,eegbuka,Tampa Bay Buccaneers,00-0040129,0.0,0.0,0.0,0.0,1.0,0.0,0.0,14.0,6.0,115.0,1.0,E.Egbuka,TB,team_norm & _alias_init_last,0.0,0.0,0.0,0.0,-1.0,0.0,0.0,-7.14,-2.59,-79.6,-0.49
2025,10,0.0,2025_10_NE_TB,Tampa Bay Buccaneers,Chris Godwin Jr.,WR,00-0033921,1.0,0.0,0.0,0.0,0.0,0.0,0.0,0.0,5.17,3.39,22.8,0.38,0.3191,72.0,31.48,38.48,176.6,140.7,2.4909666648964355,1.509887383671669,0.7869514527981911,0.0,0.0,chris godwin jr.,chrisgodwinjr,cgodwin,Tampa Bay Buccaneers,,,,,,,,,,,,,,,,,,,,,,,,,,
2025,10,0.0,2025_10_NE_TB,Tampa Bay Buccaneers,Tez Johnson,WR,00-0040237,1.0,0.0,0.0,0.0,0.0,0.0,0.0,0.0,3.45,2.06,19.0,0.27,0.2339,72.0,31.48,38.48,176.6,140.7,2.4909666648964355,1.509887383671669,0.7869514527981911,1.0,1.0,tez johnson,tezjohnson,tjohnson,Tampa Bay Buccaneers,00-0040237,0.0,0.0,0.0,0.0,0.0,0.0,0.0,5.0,4.0,42.0,2.0,T.Johnson,TB,team_norm & _alias_init_last,0.0,0.0,0.0,0.0,0.0,0.0,0.0,-1.5499999999999998,-1.94,-23.0,-1.73
2025,10,0.0,2025_10_NE_TB,Tampa Bay Buccaneers,Kameron Johnson,WR,00-0039589,1.0,0.0,0.0,0.0,0.0,0.0,0.0,0.0,0.0,0.0,0.0,0.0,0.0,72.0,31.48,38.48,176.6,140.7,2.4909666648964355,1.509887383671669,0.7869514527981911,1.0,1.0,kameron johnson,kameronjohnson,kjohnson,Tampa Bay Buccaneers,00-0039589,0.0,0.0,0.0,0.0,1.0,11.0,0.0,1.0,0.0,0.0,0.0,K.Johnson,TB,team_norm & _alias_init_last,0.0,0.0,0.0,0.0,-1.0,-11.0,0.0,-1.0,0.0,0.0,0.0
2025,10,0.0,2025_10_NE_TB,Tampa Bay Buccaneers,Sterling Shepard,WR,00-0032385,1.0,0.0,0.0,0.0,0.0,0.0,0.0,0.0,0.0,0.0,0.0,0.0,0.0,72.0,31.48,38.48,176.6,140.7,2.4909666648964355,1.509887383671669,0.7869514527981911,1.0,1.0,sterling shepard,sterlingshepard,sshepard,Tampa Bay Buccaneers,00-0032385,0.0,0.0,0.0,0.0,1.0,11.0,0.0,4.0,3.0,20.0,0.0,S.Shepard,TB,team_norm & _alias_init_last,0.0,0.0,0.0,0.0,-1.0,-11.0,0.0,-4.0,-3.0,-20.0,0.0
2025,10,0.0,2025_10_NO_CAR,Carolina Panthers,Bryce Young,QB,00-0039150,1.0,30.1,163.3,1.34,0.62,6.04,17.6,0.21,0.0,0.0,0.0,0.0,0.188,62.99,26.53,34.64,148.8,126.6,1.617059257727391,1.2047471842899122,0.6631584162396593,1.0,1.0,bryce young,bryceyoung,byoung,Carolina Panthers,00-0039150,30.0,124.0,0.0,1.0,2.0,6.0,0.0,0.0,0.0,0.0,0.0,B.Young,CAR,team_norm & _alias_init_last,0.10000000000000142,39.30000000000001,1.34,-0.38,4.04,11.600000000000001,0.21,0.0,0.0,0.0,0.0
2025,10,0.0,2025_10_NO_CAR,Carolina Panthers,Rico Dowdle,RB,00-0036139,1.0,0.0,0.0,0.0,0.0,18.39,55.8,0.75,3.38,2.51,13.0,0.21,0.6187,62.99,26.53,34.64,148.8,126.6,1.617059257727391,1.2047471842899122,0.6631584162396593,1.0,1.0,rico dowdle,ricodowdle,rdowdle,Carolina Panthers,00-0036139,0.0,0.0,0.0,0.0,18.0,53.0,1.0,3.0,3.0,10.0,0.0,R.Dowdle,CAR,team_norm & _alias_init_last,0.0,0.0,0.0,0.0,0.39000000000000057,2.799999999999997,-0.25,0.3799999999999999,-0.4900000000000002,3.0,0.21
2025,10,0.0,2025_10_NO_CAR,Carolina Panthers,Chuba Hubbard,RB,00-0036555,1.0,0.0,0.0,0.0,0.0,10.22,32.2,0.28,2.1,1.53,7.4,0.13,0.3328,62.99,26.53,34.64,148.8,126.6,1.617059257727391,1.2047471842899122,0.6631584162396593,1.0,1.0,chuba hubbard,chubahubbard,chubbard,Carolina Panthers,00-0036555,0.0,0.0,0.0,0.0,3.0,14.0,0.0,1.0,1.0,1.0,0.0,C.Hubbard,CAR,team_norm & _alias_init_last,0.0,0.0,0.0,0.0,7.220000000000001,18.200000000000003,0.28,1.1,0.53,6.4,0.13
2025,10,0.0,2025_10_NO_CAR,Carolina Panthers,Trevor Etienne,RB,00-0040644,1.0,0.0,0.0,0.0,0.0,0.0,0.0,0.0,0.0,0.0,0.0,0.0,0.0,62.99,26.53,34.64,148.8,126.6,1.617059257727391,1.2047471842899122,0.6631584162396593,1.0,1.0,trevor etienne,trevoretienne,tetienne,Carolina Panthers,00-0040644,0.0,0.0,0.0,0.0,16.0,58.0,1.0,4.0,2.0,19.0,0.0,T.Etienne,JAX,_alias_init_last,0.0,0.0,0.0,0.0,-16.0,-58.0,-1.0,-4.0,-2.0,-19.0,0.0
2025,10,0.0,2025_10_NO_CAR,Carolina Panthers,Ja'Tavion Sanders,TE,00-0039356,1.0,0.0,0.0,0.0,0.0,0.0,0.0,0.0,5.03,3.6,25.3,0.3,0.2558,62.99,26.53,34.64,148.8,126.6,1.617059257727391,1.2047471842899122,0.6631584162396593,1.0,1.0,ja'tavion sanders,jatavionsanders,jsanders,Carolina Panthers,00-0039356,0.0,0.0,0.0,0.0,0.0,0.0,0.0,7.0,5.0,32.0,0.0,J.Sanders,CAR,team_norm & _alias_init_last,0.0,0.0,0.0,0.0,0.0,0.0,0.0,-1.9699999999999998,-1.4,-6.699999999999999,0.3
2025,10,0.0,2025_10_NO_CAR,Carolina Panthers,Tommy Tremble,TE,00-0037005,1.0,0.0,0.0,0.0,0.0,0.0,0.0,0.0,2.6,1.73,11.7,0.15,0.1365,62.99,26.53,34.64,148.8,126.6,1.617059257727391,1.2047471842899122,0.6631584162396593,1.0,1.0,tommy tremble,tommytremble,ttremble,Carolina Panthers,00-0037005,,,,,,,,,,,,,,,,,,,,,,,,,
2025,10,0.0,2025_10_NO_CAR,Carolina Panthers,Dominique Dafney,TE,00-0036456,1.0,0.0,0.0,0.0,0.0,0.0,0.0,0.0,0.0,0.0,0.0,0.0,0.0,62.99,26.53,34.64,148.8,126.6,1.617059257727391,1.2047471842899122,0.6631584162396593,0.0,0.0,dominique dafney,dominiquedafney,ddafney,Carolina Panthers,00-0036456,,,,,,,,,,,,,,,,,,,,,,,,,
2025,10,0.0,2025_10_NO_CAR,Carolina Panthers,Mitchell Evans,TE,00-0040187,1.0,0.0,0.0,0.0,0.0,0.0,0.0,0.0,0.0,0.0,0.0,0.0,0.0,62.99,26.53,34.64,148.8,126.6,1.617059257727391,1.2047471842899122,0.6631584162396593,1.0,1.0,mitchell evans,mitchellevans,mevans,Carolina Panthers,00-0040187,0.0,0.0,0.0,0.0,0.0,0.0,0.0,1.0,0.0,0.0,0.0,M.Evans,CAR,team_norm & _alias_init_last,0.0,0.0,0.0,0.0,0.0,0.0,0.0,-1.0,0.0,0.0,0.0
2025,10,0.0,2025_10_NO_CAR,Carolina Panthers,Tetairoa McMillan,WR,00-0040124,1.0,0.0,0.0,0.0,0.0,0.0,0.0,0.0,5.95,3.34,30.6,0.34,0.2898,62.99,26.53,34.64,148.8,126.6,1.617059257727391,1.2047471842899122,0.6631584162396593,1.0,1.0,tetairoa mcmillan,tetairoamcmillan,tmcmillan,Carolina Panthers,00-0040124,0.0,0.0,0.0,0.0,0.0,0.0,0.0,9.0,5.0,60.0,0.0,T.McMillan,CAR,team_norm & _alias_init_last,0.0,0.0,0.0,0.0,0.0,0.0,0.0,-3.05,-1.6600000000000001,-29.4,0.34
2025,10,0.0,2025_10_NO_CAR,Carolina Panthers,Xavier Legette,WR,00-0039342,1.0,0.0,0.0,0.0,0.0,0.0,0.0,0.0,4.48,2.4,21.5,0.27,0.2365,62.99,26.53,34.64,148.8,126.6,1.617059257727391,1.2047471842899122,0.6631584162396593,1.0,1.0,xavier legette,xavierlegette,xlegette,Carolina Panthers,00-0039342,0.0,0.0,0.0,0.0,0.0,0.0,0.0,1.0,0.0,0.0,0.0,X.Legette,CAR,team_norm & _alias_init_last,0.0,0.0,0.0,0.0,0.0,0.0,0.0,3.4800000000000004,2.4,21.5,0.27
2025,10,0.0,2025_10_NO_CAR,Carolina Panthers,Jalen Coker,WR,00-0039491,1.0,0.0,0.0,0.0,0.0,0.0,0.0,0.0,2.99,1.99,14.8,0.17,0.1595,62.99,26.53,34.64,148.8,126.6,1.617059257727391,1.2047471842899122,0.6631584162396593,1.0,1.0,jalen coker,jalencoker,jcoker,Carolina Panthers,00-0039491,0.0,0.0,0.0,0.0,0.0,0.0,0.0,4.0,3.0,21.0,0.0,J.Coker,CAR,team_norm & _alias_init_last,0.0,0.0,0.0,0.0,0.0,0.0,0.0,-1.0099999999999998,-1.01,-6.199999999999999,0.17
2025,10,0.0,2025_10_NO_CAR,Carolina Panthers,Brycen Tremayne,WR,00-0038840,1.0,0.0,0.0,0.0,0.0,0.0,0.0,0.0,0.0,0.0,0.0,0.0,0.0,62.99,26.53,34.64,148.8,126.6,1.617059257727391,1.2047471842899122,0.6631584162396593,0.0,0.0,brycen tremayne,brycentremayne,btremayne,Carolina Panthers,00-0038840,,,,,,,,,,,,,,,,,,,,,,,,,
2025,10,0.0,2025_10_NO_CAR,Carolina Panthers,Dan Chisena,WR,00-0035976,1.0,0.0,0.0,0.0,0.0,0.0,0.0,0.0,0.0,0.0,0.0,0.0,0.0,62.99,26.53,34.64,148.8,126.6,1.617059257727391,1.2047471842899122,0.6631584162396593,1.0,1.0,dan chisena,danchisena,dchisena,Carolina Panthers,00-0035976,,,,,,,,,,,,,,,,,,,,,,,,,
2025,10,0.0,2025_10_NO_CAR,Carolina Panthers,Jimmy Horn Jr.,WR,00-0040218,1.0,0.0,0.0,0.0,0.0,0.0,0.0,0.0,0.0,0.0,0.0,0.0,0.0,62.99,26.53,34.64,148.8,126.6,1.617059257727391,1.2047471842899122,0.6631584162396593,1.0,1.0,jimmy horn jr.,jimmyhornjr,jhorn,Carolina Panthers,00-0036944,,,,,,,,,,,,,,,,,,,,,,,,,
2025,10,0.0,2025_10_NO_CAR,New Orleans Saints,Tyler Shough,QB,00-0040743,1.0,35.03,182.3,2.26,0.78,1.37,4.0,0.05,0.0,0.0,0.0,0.0,0.047,55.0,33.71,19.25,189.1,70.4,2.349907092841863,0.6531514596743229,0.8426344417475727,1.0,1.0,tyler shough,tylershough,tshough,New Orleans Saints,00-0040743,31.0,282.0,2.0,0.0,0.0,0.0,0.0,0.0,0.0,0.0,0.0,T.Shough,NO,team_norm & _alias_init_last,4.030000000000001,-99.69999999999999,0.2599999999999998,0.78,1.37,4.0,0.05,0.0,0.0,0.0,0.0
2025,10,0.0,2025_10_NO_CAR,New Orleans Saints,Alvin Kamara,RB,00-0033906,1.0,0.0,0.0,0.0,0.0,11.49,35.6,0.46,4.41,3.33,14.8,0.3,0.5359,55.0,33.71,19.25,189.1,70.4,2.349907092841863,0.6531514596743229,0.8426344417475727,1.0,1.0,alvin kamara,alvinkamara,akamara,New Orleans Saints,00-0033906,0.0,0.0,0.0,0.0,22.0,83.0,0.0,3.0,3.0,32.0,0.0,A.Kamara,NO,team_norm & _alias_init_last,0.0,0.0,0.0,0.0,-10.51,-47.4,0.46,1.4100000000000001,0.33000000000000007,-17.2,0.3
2025,10,0.0,2025_10_NO_CAR,New Orleans Saints,Devin Neal,RB,00-0040202,1.0,0.0,0.0,0.0,0.0,6.38,22.0,0.16,2.75,2.09,11.6,0.19,0.2916,55.0,33.71,19.25,189.1,70.4,2.349907092841863,0.6531514596743229,0.8426344417475727,1.0,1.0,devin neal,devinneal,dneal,New Orleans Saints,00-0040202,0.0,0.0,0.0,0.0,4.0,22.0,0.0,3.0,3.0,9.0,0.0,D.Neal,NO,team_norm & _alias_init_last,0.0,0.0,0.0,0.0,2.38,0.0,0.16,-0.25,-0.9100000000000001,2.5999999999999996,0.19
2025,10,0.0,2025_10_NO_CAR,New Orleans Saints,Audric Estime,RB,00-0039373,1.0,0.0,0.0,0.0,0.0,0.0,0.0,0.0,0.0,0.0,0.0,0.0,0.0,55.0,33.71,19.25,189.1,70.4,2.349907092841863,0.6531514596743229,0.8426344417475727,1.0,1.0,audric estime,audricestime,aestime,New Orleans Saints,00-0039373,,,,,,,,,,,,,,,,,,,,,,,,,
2025,10,0.0,2025_10_NO_CAR,New Orleans Saints,Juwan Johnson,TE,00-0036040,1.0,0.0,0.0,0.0,0.0,0.0,0.0,0.0,6.35,4.12,28.1,0.39,0.3252,55.0,33.71,19.25,189.1,70.4,2.349907092841863,0.6531514596743229,0.8426344417475727,1.0,1.0,juwan johnson,juwanjohnson,jjohnson,New Orleans Saints,00-0036040,0.0,0.0,0.0,0.0,0.0,0.0,0.0,4.0,4.0,92.0,1.0,J.Johnson,NO,team_norm & _alias_init_last,0.0,0.0,0.0,0.0,0.0,0.0,0.0,2.3499999999999996,0.1200000000000001,-63.9,-0.61
2025,10,0.0,2025_10_NO_CAR,New Orleans Saints,Foster Moreau,TE,00-0034981,1.0,0.0,0.0,0.0,0.0,0.0,0.0,0.0,3.28,2.16,15.0,0.21,0.1903,55.0,33.71,19.25,189.1,70.4,2.349907092841863,0.6531514596743229,0.8426344417475727,1.0,1.0,foster moreau,fostermoreau,fmoreau,New Orleans Saints,00-0034981,0.0,0.0,0.0,0.0,0.0,0.0,0.0,3.0,2.0,16.0,0.0,F.Moreau,NO,team_norm & _alias_init_last,0.0,0.0,0.0,0.0,0.0,0.0,0.0,0.2799999999999998,0.16000000000000014,-1.0,0.21
2025,10,0.0,2025_10_NO_CAR,New Orleans Saints,Zaire Mitchell-Paden,TE,00-0037340,1.0,0.0,0.0,0.0,0.0,0.0,0.0,0.0,0.0,0.0,0.0,0.0,0.0,55.0,33.71,19.25,189.1,70.4,2.349907092841863,0.6531514596743229,0.8426344417475727,1.0,1.0,zaire mitchell-paden,zairemitchellpaden,zmitchellpaden,New Orleans Saints,00-0037340,0.0,0.0,0.0,0.0,0.0,0.0,0.0,1.0,1.0,14.0,0.0,Z.Mitchell-Paden,NO,team_norm & _alias_init_last,0.0,0.0,0.0,0.0,0.0,0.0,0.0,-1.0,-1.0,-14.0,0.0
2025,10,0.0,2025_10_NO_CAR,New Orleans Saints,Chris Olave,WR,00-0037239,1.0,0.0,0.0,0.0,0.0,0.0,0.0,0.0,7.47,4.55,34.0,0.47,0.3769,55.0,33.71,19.25,189.1,70.4,2.349907092841863,0.6531514596743229,0.8426344417475727,1.0,1.0,chris olave,chrisolave,colave,New Orleans Saints,00-0037239,0.0,0.0,0.0,0.0,0.0,0.0,0.0,8.0,5.0,104.0,1.0,C.Olave,NO,team_norm & _alias_init_last,0.0,0.0,0.0,0.0,0.0,0.0,0.0,-0.5300000000000002,-0.4500000000000002,-70.0,-0.53
2025,10,0.0,2025_10_NO_CAR,New Orleans Saints,Devaughn Vele,WR,00-0039424,1.0,0.0,0.0,0.0,0.0,0.0,0.0,0.0,5.63,3.5,28.2,0.37,0.3088,55.0,33.71,19.25,189.1,70.4,2.349907092841863,0.6531514596743229,0.8426344417475727,1.0,1.0,devaughn vele,devaughnvele,dvele,New Orleans Saints,00-0039424,0.0,0.0,0.0,0.0,0.0,0.0,0.0,3.0,1.0,15.0,0.0,D.Vele,NO,team_norm & _alias_init_last,0.0,0.0,0.0,0.0,0.0,0.0,0.0,2.63,2.5,13.2,0.37
2025,10,0.0,2025_10_NO_CAR,New Orleans Saints,Brandin Cooks,WR,,1.0,0.0,0.0,0.0,0.0,0.0,0.0,0.0,3.75,2.41,31.4,0.26,0.2302,55.0,33.71,19.25,189.1,70.4,2.349907092841863,0.6531514596743229,0.8426344417475727,0.0,1.0,brandin cooks,brandincooks,bcooks,New Orleans Saints,,,,,,,,,,,,,,,,,,,,,,,,,,
2025,10,0.0,2025_10_NO_CAR,New Orleans Saints,Dante Pettis,WR,00-0034860,1.0,0.0,0.0,0.0,0.0,0.0,0.0,0.0,0.0,0.0,0.0,0.0,0.0,55.0,33.71,19.25,189.1,70.4,2.349907092841863,0.6531514596743229,0.8426344417475727,1.0,1.0,dante pettis,dantepettis,dpettis,New Orleans Saints,00-0034860,,,,,,,,,,,,,,,,,,,,,,,,,
2025,10,0.0,2025_10_NO_CAR,New Orleans Saints,Mason Tipton,WR,00-0039623,1.0,0.0,0.0,0.0,0.0,0.0,0.0,0.0,0.0,0.0,0.0,0.0,0.0,55.0,33.71,19.25,189.1,70.4,2.349907092841863,0.6531514596743229,0.8426344417475727,1.0,1.0,mason tipton,masontipton,mtipton,New Orleans Saints,00-0039623,,,,,,,,,,,,,,,,,,,,,,,,,
2025,10,0.0,2025_10_NYG_CHI,Chicago Bears,Caleb Williams,QB,00-0039918,1.0,40.64,251.7,2.21,0.93,7.32,25.8,0.26,0.0,0.0,0.0,0.0,0.2298,72.0,39.88,29.7,275.9,133.9,2.932843006527788,1.0023220323431223,0.9970104213406294,1.0,1.0,caleb williams,calebwilliams,cwilliams,Chicago Bears,00-0035857,45.0,220.0,1.0,0.0,1.0,1.0,0.0,0.0,0.0,0.0,0.0,C.Williams,CHI,team_norm & _alias_init_last,-4.359999999999999,31.69999999999999,1.21,0.93,6.32,24.8,0.26,0.0,0.0,0.0,0.0
2025,10,0.0,2025_10_NYG_CHI,Chicago Bears,D'Andre Swift,RB,00-0036275,1.0,0.0,0.0,0.0,0.0,14.39,56.4,0.59,5.09,3.6,22.9,0.37,0.6168,72.0,39.88,29.7,275.9,133.9,2.932843006527788,1.0023220323431223,0.9970104213406294,1.0,1.0,d'andre swift,dandreswift,dswift,Chicago Bears,00-0036275,0.0,0.0,0.0,0.0,13.0,80.0,0.0,8.0,5.0,18.0,0.0,D.Swift,CHI,team_norm & _alias_init_last,0.0,0.0,0.0,0.0,1.3900000000000006,-23.6,0.59,-2.91,-1.4,4.899999999999999,0.37
2025,10,0.0,2025_10_NYG_CHI,Chicago Bears,Kyle Monangai,RB,00-0040236,1.0,0.0,0.0,0.0,0.0,7.99,30.7,0.22,3.17,1.89,16.0,0.23,0.3622,72.0,39.88,29.7,275.9,133.9,2.932843006527788,1.0023220323431223,0.9970104213406294,1.0,1.0,kyle monangai,kylemonangai,kmonangai,Chicago Bears,00-0040236,0.0,0.0,0.0,0.0,7.0,28.0,1.0,1.0,0.0,0.0,0.0,K.Monangai,CHI,team_norm & _alias_init_last,0.0,0.0,0.0,0.0,0.9900000000000002,2.6999999999999993,-0.78,2.17,1.89,16.0,0.23
2025,10,0.0,2025_10_NYG_CHI,Chicago Bears,Roschon Johnson,RB,00-0039021,1.0,0.0,0.0,0.0,0.0,0.0,0.0,0.0,0.0,0.0,0.0,0.0,0.0,72.0,39.88,29.7,275.9,133.9,2.932843006527788,1.0023220323431223,0.9970104213406294,1.0,1.0,roschon johnson,roschonjohnson,rjohnson,Chicago Bears,00-0039021,,,,,,,,,,,,,,,,,,,,,,,,,
2025,10,0.0,2025_10_NYG_CHI,Chicago Bears,Travis Homer,RB,00-0035594,1.0,0.0,0.0,0.0,0.0,0.0,0.0,0.0,0.0,0.0,0.0,0.0,0.0,72.0,39.88,29.7,275.9,133.9,2.932843006527788,1.0023220323431223,0.9970104213406294,1.0,1.0,travis homer,travishomer,thomer,Chicago Bears,00-0035594,,,,,,,,,,,,,,,,,,,,,,,,,
2025,10,0.0,2025_10_NYG_CHI,Chicago Bears,Cole Kmet,TE,00-0036290,1.0,0.0,0.0,0.0,0.0,0.0,0.0,0.0,7.46,5.45,39.3,0.51,0.401,72.0,39.88,29.7,275.9,133.9,2.932843006527788,1.0023220323431223,0.9970104213406294,1.0,1.0,cole kmet,colekmet,ckmet,Chicago Bears,00-0036290,0.0,0.0,0.0,0.0,0.0,0.0,0.0,2.0,1.0,5.0,0.0,C.Kmet,CHI,team_norm & _alias_init_last,0.0,0.0,0.0,0.0,0.0,0.0,0.0,5.46,4.45,34.3,0.51
2025,10,0.0,2025_10_NYG_CHI,Chicago Bears,Colston Loveland,TE,00-0040126,1.0,0.0,0.0,0.0,0.0,0.0,0.0,0.0,3.86,2.6,21.2,0.27,0.2366,72.0,39.88,29.7,275.9,133.9,2.932843006527788,1.0023220323431223,0.9970104213406294,1.0,1.0,colston loveland,colstonloveland,cloveland,Chicago Bears,00-0040126,0.0,0.0,0.0,0.0,0.0,0.0,0.0,4.0,4.0,55.0,0.0,C.Loveland,CHI,team_norm & _alias_init_last,0.0,0.0,0.0,0.0,0.0,0.0,0.0,-0.14000000000000012,-1.4,-33.8,0.27
2025,10,0.0,2025_10_NYG_CHI,Chicago Bears,Durham Smythe,TE,00-0034798,1.0,0.0,0.0,0.0,0.0,0.0,0.0,0.0,0.0,0.0,0.0,0.0,0.0,72.0,39.88,29.7,275.9,133.9,2.932843006527788,1.0023220323431223,0.9970104213406294,1.0,1.0,durham smythe,durhamsmythe,dsmythe,Chicago Bears,00-0034798,,,,,,,,,,,,,,,,,,,,,,,,,
2025,10,0.0,2025_10_NYG_CHI,Chicago Bears,Rome Odunze,WR,00-0039919,1.0,0.0,0.0,0.0,0.0,0.0,0.0,0.0,9.0,4.53,54.7,0.64,0.4734,72.0,39.88,29.7,275.9,133.9,2.932843006527788,1.0023220323431223,0.9970104213406294,1.0,1.0,rome odunze,romeodunze,rodunze,Chicago Bears,00-0039919,0.0,0.0,0.0,0.0,0.0,0.0,0.0,11.0,6.0,86.0,1.0,R.Odunze,CHI,team_norm & _alias_init_last,0.0,0.0,0.0,0.0,0.0,0.0,0.0,-2.0,-1.4699999999999998,-31.299999999999997,-0.36
2025,10,0.0,2025_10_NYG_CHI,Chicago Bears,DJ Moore,WR,00-0034827,1.0,0.0,0.0,0.0,0.0,0.0,0.0,0.0,6.78,4.05,35.7,0.46,0.369,72.0,39.88,29.7,275.9,133.9,2.932843006527788,1.0023220323431223,0.9970104213406294,1.0,1.0,dj moore,djmoore,dmoore,Chicago Bears,00-0034827,0.0,0.0,0.0,0.0,0.0,0.0,0.0,4.0,0.0,0.0,0.0,D.Moore,CHI,team_norm & _alias_init_last,0.0,0.0,0.0,0.0,0.0,0.0,0.0,2.7800000000000002,4.05,35.7,0.46
2025,10,0.0,2025_10_NYG_CHI,Chicago Bears,Olamide Zaccheaus,WR,00-0035208,1.0,0.0,0.0,0.0,0.0,0.0,0.0,0.0,4.52,2.69,24.2,0.32,0.2733,72.0,39.88,29.7,275.9,133.9,2.932843006527788,1.0023220323431223,0.9970104213406294,1.0,1.0,olamide zaccheaus,olamidezaccheaus,ozaccheaus,Chicago Bears,00-0035208,0.0,0.0,0.0,0.0,0.0,0.0,0.0,5.0,1.0,5.0,0.0,O.Zaccheaus,CHI,team_norm & _alias_init_last,0.0,0.0,0.0,0.0,0.0,0.0,0.0,-0.4800000000000004,1.69,19.2,0.32
2025,10,0.0,2025_10_NYG_CHI,Chicago Bears,Devin Duvernay,WR,00-0036331,1.0,0.0,0.0,0.0,0.0,0.0,0.0,0.0,0.0,0.0,0.0,0.0,0.0,72.0,39.88,29.7,275.9,133.9,2.932843006527788,1.0023220323431223,0.9970104213406294,1.0,1.0,devin duvernay,devinduvernay,dduvernay,Chicago Bears,00-0036331,,,,,,,,,,,,,,,,,,,,,,,,,
2025,10,0.0,2025_10_NYG_CHI,Chicago Bears,Luther Burden III,WR,00-0040735,1.0,0.0,0.0,0.0,0.0,0.0,0.0,0.0,0.0,0.0,0.0,0.0,0.0,72.0,39.88,29.7,275.9,133.9,2.932843006527788,1.0023220323431223,0.9970104213406294,1.0,1.0,luther burden iii,lutherburdeniii,lburden,Chicago Bears,00-0040735,0.0,0.0,0.0,0.0,0.0,0.0,0.0,3.0,3.0,51.0,0.0,L.Burden,CHI,team_norm & _alias_init_last,0.0,0.0,0.0,0.0,0.0,0.0,0.0,-3.0,-3.0,-51.0,0.0
2025,10,0.0,2025_10_NYG_CHI,New York Giants,Jaxson Dart,QB,00-0040691,1.0,47.73,248.4,1.64,1.07,3.37,9.7,0.06,0.0,0.0,0.0,0.0,0.0608,72.0,45.92,22.74,257.6,83.1,1.7216516596337883,0.3777947397764194,1.148043619513901,1.0,1.0,jaxson dart,jaxsondart,jdart,New York Giants,00-0040691,34.0,242.0,0.0,0.0,5.0,62.0,2.0,0.0,0.0,0.0,0.0,J.Dart,NYG,team_norm & _alias_init_last,13.729999999999997,6.400000000000006,1.64,1.07,-1.63,-52.3,-1.94,0.0,0.0,0.0,0.0
2025,10,0.0,2025_10_NYG_CHI,New York Giants,Tyrone Tracy Jr.,RB,00-0039384,1.0,0.0,0.0,0.0,0.0,12.45,38.1,0.24,5.93,4.03,22.2,0.22,0.3686,72.0,45.92,22.74,257.6,83.1,1.7216516596337883,0.3777947397764194,1.148043619513901,1.0,1.0,tyrone tracy jr.,tyronetracyjr,ttracy,New York Giants,00-0039384,0.0,0.0,0.0,0.0,15.0,71.0,0.0,2.0,1.0,0.0,0.0,T.Tracy,NYG,team_norm & _alias_init_last,0.0,0.0,0.0,0.0,-2.5500000000000007,-32.9,0.24,3.9299999999999997,3.0300000000000002,22.2,0.22
2025,10,0.0,2025_10_NYG_CHI,New York Giants,Devin Singletary,RB,00-0035250,1.0,0.0,0.0,0.0,0.0,6.92,21.6,0.09,3.69,2.69,12.9,0.14,0.2019,72.0,45.92,22.74,257.6,83.1,1.7216516596337883,0.3777947397764194,1.148043619513901,1.0,1.0,devin singletary,devinsingletary,dsingletary,New York Giants,00-0035250,0.0,0.0,0.0,0.0,8.0,20.0,0.0,3.0,3.0,53.0,0.0,D.Singletary,NYG,team_norm & _alias_init_last,0.0,0.0,0.0,0.0,-1.08,1.6000000000000014,0.09,0.69,-0.31000000000000005,-40.1,0.14
2025,10,0.0,2025_10_NYG_CHI,New York Giants,Theo Johnson,TE,00-0039847,1.0,0.0,0.0,0.0,0.0,0.0,0.0,0.0,8.7,5.16,40.1,0.3,0.2589,72.0,45.92,22.74,257.6,83.1,1.7216516596337883,0.3777947397764194,1.148043619513901,1.0,1.0,theo johnson,theojohnson,tjohnson,New York Giants,00-0039847,0.0,0.0,0.0,0.0,0.0,0.0,0.0,8.0,7.0,75.0,0.0,T.Johnson,NYG,team_norm & _alias_init_last,0.0,0.0,0.0,0.0,0.0,0.0,0.0,0.6999999999999993,-1.8399999999999999,-34.9,0.3
2025,10,0.0,2025_10_NYG_CHI,New York Giants,Daniel Bellinger,TE,00-0038115,1.0,0.0,0.0,0.0,0.0,0.0,0.0,0.0,4.5,3.37,20.0,0.16,0.1447,72.0,45.92,22.74,257.6,83.1,1.7216516596337883,0.3777947397764194,1.148043619513901,1.0,1.0,daniel bellinger,danielbellinger,dbellinger,New York Giants,00-0038115,0.0,0.0,0.0,0.0,0.0,0.0,0.0,2.0,1.0,8.0,0.0,D.Bellinger,NYG,team_norm & _alias_init_last,0.0,0.0,0.0,0.0,0.0,0.0,0.0,2.5,2.37,12.0,0.16
2025,10,0.0,2025_10_NYG_CHI,New York Giants,Chris Manhertz,TE,00-0031484,1.0,0.0,0.0,0.0,0.0,0.0,0.0,0.0,0.0,0.0,0.0,0.0,0.0,72.0,45.92,22.74,257.6,83.1,1.7216516596337883,0.3777947397764194,1.148043619513901,1.0,1.0,chris manhertz,chrismanhertz,cmanhertz,New York Giants,00-0031484,,,,,,,,,,,,,,,,,,,,,,,,,
2025,10,0.0,2025_10_NYG_CHI,New York Giants,Jermaine Terry,TE,00-0040457,1.0,0.0,0.0,0.0,0.0,0.0,0.0,0.0,0.0,0.0,0.0,0.0,0.0,72.0,45.92,22.74,257.6,83.1,1.7216516596337883,0.3777947397764194,1.148043619513901,0.0,0.0,jermaine terry,jermaineterry,jterry,New York Giants,00-0040457,,,,,,,,,,,,,,,,,,,,,,,,,
2025,10,0.0,2025_10_NYG_CHI,New York Giants,Thomas Fidone II,TE,00-0040225,1.0,0.0,0.0,0.0,0.0,0.0,0.0,0.0,0.0,0.0,0.0,0.0,0.0,72.0,45.92,22.74,257.6,83.1,1.7216516596337883,0.3777947397764194,1.148043619513901,1.0,1.0,thomas fidone ii,thomasfidoneii,tfidone,New York Giants,00-0040225,,,,,,,,,,,,,,,,,,,,,,,,,
2025,10,0.0,2025_10_NYG_CHI,New York Giants,Darius Slayton,WR,00-0035535,1.0,0.0,0.0,0.0,0.0,0.0,0.0,0.0,10.2,5.67,49.8,0.34,0.2901,72.0,45.92,22.74,257.6,83.1,1.7216516596337883,0.3777947397764194,1.148043619513901,1.0,1.0,darius slayton,dariusslayton,dslayton,New York Giants,00-0035535,0.0,0.0,0.0,0.0,0.0,0.0,0.0,4.0,4.0,89.0,0.0,D.Slayton,NYG,team_norm & _alias_init_last,0.0,0.0,0.0,0.0,0.0,0.0,0.0,6.199999999999999,1.67,-39.2,0.34
2025,10,0.0,2025_10_NYG_CHI,New York Giants,Isaiah Hodgins,WR,00-0036165,1.0,0.0,0.0,0.0,0.0,0.0,0.0,0.0,7.68,4.99,40.4,0.28,0.2432,72.0,45.92,22.74,257.6,83.1,1.7216516596337883,0.3777947397764194,1.148043619513901,0.0,0.0,isaiah hodgins,isaiahhodgins,ihodgins,New York Giants,00-0036165,,,,,,,,,,,,,,,,,,,,,,,,,
2025,10,0.0,2025_10_NYG_CHI,New York Giants,Gunner Olszewski,WR,00-0035645,1.0,0.0,0.0,0.0,0.0,0.0,0.0,0.0,5.12,3.51,35.0,0.19,0.1716,72.0,45.92,22.74,257.6,83.1,1.7216516596337883,0.3777947397764194,1.148043619513901,1.0,1.0,gunner olszewski,gunnerolszewski,golszewski,New York Giants,,0.0,0.0,0.0,0.0,0.0,0.0,0.0,2.0,0.0,0.0,0.0,G.Olszewski,NYG,team_norm & _alias_init_last,0.0,0.0,0.0,0.0,0.0,0.0,0.0,3.12,3.51,35.0,0.19
2025,10,0.0,2025_10_NYG_CHI,New York Giants,Antwane Wells Jr.,WR,00-0040438,1.0,0.0,0.0,0.0,0.0,0.0,0.0,0.0,0.0,0.0,0.0,0.0,0.0,72.0,45.92,22.74,257.6,83.1,1.7216516596337883,0.3777947397764194,1.148043619513901,0.0,0.0,antwane wells jr.,antwanewellsjr,awells,New York Giants,00-0040438,,,,,,,,,,,,,,,,,,,,,,,,,
2025,10,0.0,2025_10_NYG_CHI,New York Giants,Jalin Hyatt,WR,00-0038938,1.0,0.0,0.0,0.0,0.0,0.0,0.0,0.0,0.0,0.0,0.0,0.0,0.0,72.0,45.92,22.74,257.6,83.1,1.7216516596337883,0.3777947397764194,1.148043619513901,1.0,1.0,jalin hyatt,jalinhyatt,jhyatt,New York Giants,00-0038938,,,,,,,,,,,,,,,,,,,,,,,,,
2025,10,0.0,2025_10_NYG_CHI,New York Giants,Ray-Ray McCloud,WR,00-0034407,1.0,0.0,0.0,0.0,0.0,0.0,0.0,0.0,0.0,0.0,0.0,0.0,0.0,72.0,45.92,22.74,257.6,83.1,1.7216516596337883,0.3777947397764194,1.148043619513901,1.0,1.0,ray-ray mccloud,rayraymccloud,rraymccloud,New York Giants,,,,,,,,,,,,,,,,,,,,,,,,,,
2025,10,0.0,2025_10_PHI_GB,Green Bay Packers,Jordan Love,QB,00-0036264,1.0,38.81,219.4,1.33,0.93,3.07,8.6,0.05,0.0,0.0,0.0,0.0,0.0476,72.0,39.84,29.91,223.5,109.3,1.207674248033784,0.4514984534044957,0.996024615740406,1.0,1.0,jordan love,jordanlove,jlove,Green Bay Packers,00-0036264,43.0,176.0,0.0,0.0,2.0,2.0,0.0,0.0,0.0,0.0,0.0,J.Love,GB,team_norm & _alias_init_last,-4.189999999999998,43.400000000000006,1.33,0.93,1.0699999999999998,6.6,0.05,0.0,0.0,0.0,0.0
2025,10,0.0,2025_10_PHI_GB,Green Bay Packers,Josh Jacobs,RB,00-0035700,1.0,0.0,0.0,0.0,0.0,17.25,53.5,0.32,5.06,3.74,19.6,0.15,0.3751,72.0,39.84,29.91,223.5,109.3,1.207674248033784,0.4514984534044957,0.996024615740406,1.0,1.0,josh jacobs,joshjacobs,jjacobs,Green Bay Packers,00-0035700,0.0,0.0,0.0,0.0,21.0,74.0,1.0,6.0,5.0,33.0,0.0,J.Jacobs,GB,team_norm & _alias_init_last,0.0,0.0,0.0,0.0,-3.75,-20.5,-0.6799999999999999,-0.9400000000000004,-1.2599999999999998,-13.399999999999999,0.15
2025,10,0.0,2025_10_PHI_GB,Green Bay Packers,Emanuel Wilson,RB,00-0038797,1.0,0.0,0.0,0.0,0.0,9.58,30.8,0.12,3.15,2.24,14.5,0.1,0.1904,72.0,39.84,29.91,223.5,109.3,1.207674248033784,0.4514984534044957,0.996024615740406,1.0,1.0,emanuel wilson,emanuelwilson,ewilson,Green Bay Packers,00-0038797,0.0,0.0,0.0,0.0,1.0,2.0,0.0,1.0,1.0,2.0,0.0,E.Wilson,GB,team_norm & _alias_init_last,0.0,0.0,0.0,0.0,8.58,28.8,0.12,2.15,1.2400000000000002,12.5,0.1
2025,10,0.0,2025_10_PHI_GB,Green Bay Packers,Chris Brooks,RB,00-0038685,1.0,0.0,0.0,0.0,0.0,0.0,0.0,0.0,0.0,0.0,0.0,0.0,0.0,72.0,39.84,29.91,223.5,109.3,1.207674248033784,0.4514984534044957,0.996024615740406,1.0,1.0,chris brooks,chrisbrooks,cbrooks,Green Bay Packers,00-0038685,,,,,,,,,,,,,,,,,,,,,,,,,
2025,10,0.0,2025_10_PHI_GB,Green Bay Packers,Luke Musgrave,TE,00-0039144,1.0,0.0,0.0,0.0,0.0,0.0,0.0,0.0,7.27,5.06,33.3,0.2,0.1798,72.0,39.84,29.91,223.5,109.3,1.207674248033784,0.4514984534044957,0.996024615740406,1.0,1.0,luke musgrave,lukemusgrave,lmusgrave,Green Bay Packers,00-0039144,0.0,0.0,0.0,0.0,0.0,0.0,0.0,4.0,3.0,23.0,0.0,L.Musgrave,GB,team_norm & _alias_init_last,0.0,0.0,0.0,0.0,0.0,0.0,0.0,3.2699999999999996,2.0599999999999996,10.299999999999997,0.2
2025,10,0.0,2025_10_PHI_GB,Green Bay Packers,John FitzPatrick,TE,00-0037306,1.0,0.0,0.0,0.0,0.0,0.0,0.0,0.0,3.76,2.59,20.9,0.11,0.1066,72.0,39.84,29.91,223.5,109.3,1.207674248033784,0.4514984534044957,0.996024615740406,1.0,1.0,john fitzpatrick,johnfitzpatrick,jfitzpatrick,Green Bay Packers,00-0037306,,,,,,,,,,,,,,,,,,,,,,,,,
2025,10,0.0,2025_10_PHI_GB,Green Bay Packers,Johnny Lumpkin,TE,00-0038913,1.0,0.0,0.0,0.0,0.0,0.0,0.0,0.0,0.0,0.0,0.0,0.0,0.0,72.0,39.84,29.91,223.5,109.3,1.207674248033784,0.4514984534044957,0.996024615740406,0.0,0.0,johnny lumpkin,johnnylumpkin,jlumpkin,Green Bay Packers,00-0038913,,,,,,,,,,,,,,,,,,,,,,,,,
2025,10,0.0,2025_10_PHI_GB,Green Bay Packers,Josh Whyle,TE,00-0038589,1.0,0.0,0.0,0.0,0.0,0.0,0.0,0.0,0.0,0.0,0.0,0.0,0.0,72.0,39.84,29.91,223.5,109.3,1.207674248033784,0.4514984534044957,0.996024615740406,1.0,1.0,josh whyle,joshwhyle,jwhyle,Green Bay Packers,00-0038589,,,,,,,,,,,,,,,,,,,,,,,,,
2025,10,0.0,2025_10_PHI_GB,Green Bay Packers,Romeo Doubs,WR,00-0037816,1.0,0.0,0.0,0.0,0.0,0.0,0.0,0.0,9.1,5.5,41.0,0.27,0.2372,72.0,39.84,29.91,223.5,109.3,1.207674248033784,0.4514984534044957,0.996024615740406,1.0,1.0,romeo doubs,romeodoubs,rdoubs,Green Bay Packers,00-0037816,0.0,0.0,0.0,0.0,0.0,0.0,0.0,4.0,1.0,5.0,0.0,R.Doubs,GB,team_norm & _alias_init_last,0.0,0.0,0.0,0.0,0.0,0.0,0.0,5.1,4.5,36.0,0.27
2025,10,0.0,2025_10_PHI_GB,Green Bay Packers,Matthew Golden,WR,00-0040667,1.0,0.0,0.0,0.0,0.0,0.0,0.0,0.0,6.85,4.4,38.7,0.19,0.1738,72.0,39.84,29.91,223.5,109.3,1.207674248033784,0.4514984534044957,0.996024615740406,0.0,0.0,matthew golden,matthewgolden,mgolden,Green Bay Packers,00-0040667,,,,,,,,,,,,,,,,,,,,,,,,,
2025,10,0.0,2025_10_PHI_GB,Green Bay Packers,Christian Watson,WR,00-0038124,1.0,0.0,0.0,0.0,0.0,0.0,0.0,0.0,4.57,2.62,19.9,0.14,0.1275,72.0,39.84,29.91,223.5,109.3,1.207674248033784,0.4514984534044957,0.996024615740406,1.0,1.0,christian watson,christianwatson,cwatson,Green Bay Packers,00-0038124,0.0,0.0,0.0,0.0,0.0,0.0,0.0,5.0,2.0,45.0,0.0,C.Watson,GB,team_norm & _alias_init_last,0.0,0.0,0.0,0.0,0.0,0.0,0.0,-0.4299999999999997,0.6200000000000001,-25.1,0.14
2025,10,0.0,2025_10_PHI_GB,Green Bay Packers,Dontayvion Wicks,WR,00-0038393,1.0,0.0,0.0,0.0,0.0,0.0,0.0,0.0,0.0,0.0,0.0,0.0,0.0,72.0,39.84,29.91,223.5,109.3,1.207674248033784,0.4514984534044957,0.996024615740406,1.0,1.0,dontayvion wicks,dontayvionwicks,dwicks,Green Bay Packers,00-0038393,0.0,0.0,0.0,0.0,0.0,0.0,0.0,8.0,4.0,38.0,0.0,D.Wicks,GB,team_norm & _alias_init_last,0.0,0.0,0.0,0.0,0.0,0.0,0.0,-8.0,-4.0,-38.0,0.0
2025,10,0.0,2025_10_PHI_GB,Green Bay Packers,Savion Williams,WR,00-0040009,1.0,0.0,0.0,0.0,0.0,0.0,0.0,0.0,0.0,0.0,0.0,0.0,0.0,72.0,39.84,29.91,223.5,109.3,1.207674248033784,0.4514984534044957,0.996024615740406,1.0,1.0,savion williams,savionwilliams,swilliams,Green Bay Packers,00-0040009,0.0,0.0,0.0,0.0,0.0,0.0,0.0,2.0,2.0,2.0,0.0,S.Williams,GB,team_norm & _alias_init_last,0.0,0.0,0.0,0.0,0.0,0.0,0.0,-2.0,-2.0,-2.0,0.0
2025,10,0.0,2025_10_PHI_GB,Philadelphia Eagles,Jalen Hurts,QB,00-0036389,1.0,34.3,234.8,1.71,0.8,11.57,40.6,0.33,0.0,0.0,0.0,0.0,0.2784,72.0,34.51,34.71,262.0,171.7,2.0733569462906862,1.0120999509009545,0.8628263755027779,1.0,1.0,jalen hurts,jalenhurts,jhurts,Philadelphia Eagles,00-0036389,30.0,183.0,1.0,0.0,2.0,13.0,0.0,0.0,0.0,0.0,0.0,J.Hurts,PHI,team_norm & _alias_init_last,4.299999999999997,51.80000000000001,0.71,0.8,9.57,27.6,0.33,0.0,0.0,0.0,0.0
2025,10,0.0,2025_10_PHI_GB,Philadelphia Eagles,Saquon Barkley,RB,00-0034844,1.0,0.0,0.0,0.0,0.0,14.88,63.7,0.57,4.45,3.12,20.6,0.26,0.5672,72.0,34.51,34.71,262.0,171.7,2.0733569462906862,1.0120999509009545,0.8628263755027779,1.0,1.0,saquon barkley,saquonbarkley,sbarkley,Philadelphia Eagles,00-0034844,0.0,0.0,0.0,0.0,24.0,60.0,0.0,3.0,3.0,41.0,0.0,S.Barkley,PHI,team_norm & _alias_init_last,0.0,0.0,0.0,0.0,-9.12,3.700000000000003,0.57,1.4500000000000002,0.1200000000000001,-20.4,0.26
2025,10,0.0,2025_10_PHI_GB,Philadelphia Eagles,Tank Bigsby,RB,00-0038555,1.0,0.0,0.0,0.0,0.0,8.27,35.3,0.22,2.77,1.64,14.9,0.16,0.316,72.0,34.51,34.71,262.0,171.7,2.0733569462906862,1.0120999509009545,0.8628263755027779,1.0,1.0,tank bigsby,tankbigsby,tbigsby,Philadelphia Eagles,,0.0,0.0,0.0,0.0,3.0,7.0,0.0,0.0,0.0,0.0,0.0,T.Bigsby,PHI,team_norm & _alias_init_last,0.0,0.0,0.0,0.0,5.27,28.299999999999997,0.22,2.77,1.64,14.9,0.16
2025,10,0.0,2025_10_PHI_GB,Philadelphia Eagles,Will Shipley,RB,00-0039746,1.0,0.0,0.0,0.0,0.0,0.0,0.0,0.0,0.0,0.0,0.0,0.0,0.0,72.0,34.51,34.71,262.0,171.7,2.0733569462906862,1.0120999509009545,0.8628263755027779,1.0,1.0,will shipley,willshipley,wshipley,Philadelphia Eagles,00-0039746,0.0,0.0,0.0,0.0,4.0,17.0,0.0,2.0,2.0,17.0,0.0,W.Shipley,PHI,team_norm & _alias_init_last,0.0,0.0,0.0,0.0,-4.0,-17.0,0.0,-2.0,-2.0,-17.0,0.0
2025,10,0.0,2025_10_PHI_GB,Philadelphia Eagles,Dallas Goedert,TE,00-0034351,1.0,0.0,0.0,0.0,0.0,0.0,0.0,0.0,6.64,4.78,36.9,0.36,0.3052,72.0,34.51,34.71,262.0,171.7,2.0733569462906862,1.0120999509009545,0.8628263755027779,1.0,1.0,dallas goedert,dallasgoedert,dgoedert,Philadelphia Eagles,00-0034351,0.0,0.0,0.0,0.0,0.0,0.0,0.0,7.0,4.0,43.0,0.0,D.Goedert,PHI,team_norm & _alias_init_last,0.0,0.0,0.0,0.0,0.0,0.0,0.0,-0.3600000000000003,0.7800000000000002,-6.100000000000001,0.36
2025,10,0.0,2025_10_PHI_GB,Philadelphia Eagles,Grant Calcaterra,TE,00-0037086,1.0,0.0,0.0,0.0,0.0,0.0,0.0,0.0,3.43,2.49,22.3,0.2,0.1774,72.0,34.51,34.71,262.0,171.7,2.0733569462906862,1.0120999509009545,0.8628263755027779,1.0,1.0,grant calcaterra,grantcalcaterra,gcalcaterra,Philadelphia Eagles,00-0037086,0.0,0.0,0.0,0.0,0.0,0.0,0.0,1.0,0.0,0.0,0.0,G.Calcaterra,PHI,team_norm & _alias_init_last,0.0,0.0,0.0,0.0,0.0,0.0,0.0,2.43,2.49,22.3,0.2
2025,10,0.0,2025_10_PHI_GB,Philadelphia Eagles,Cameron Latu,TE,00-0038564,1.0,0.0,0.0,0.0,0.0,0.0,0.0,0.0,0.0,0.0,0.0,0.0,0.0,72.0,34.51,34.71,262.0,171.7,2.0733569462906862,1.0120999509009545,0.8628263755027779,1.0,1.0,cameron latu,cameronlatu,clatu,Philadelphia Eagles,00-0038564,,,,,,,,,,,,,,,,,,,,,,,,,
2025,10,0.0,2025_10_PHI_GB,Philadelphia Eagles,Kylen Granson,TE,00-0036876,1.0,0.0,0.0,0.0,0.0,0.0,0.0,0.0,0.0,0.0,0.0,0.0,0.0,72.0,34.51,34.71,262.0,171.7,2.0733569462906862,1.0120999509009545,0.8628263755027779,1.0,1.0,kylen granson,kylengranson,kgranson,Philadelphia Eagles,00-0036876,,,,,,,,,,,,,,,,,,,,,,,,,
2025,10,0.0,2025_10_PHI_GB,Philadelphia Eagles,A.J. Brown,WR,00-0035676,1.0,0.0,0.0,0.0,0.0,0.0,0.0,0.0,7.64,4.51,44.2,0.42,0.3449,72.0,34.51,34.71,262.0,171.7,2.0733569462906862,1.0120999509009545,0.8628263755027779,1.0,1.0,a.j. brown,ajbrown,abrown,Philadelphia Eagles,00-0035676,0.0,0.0,0.0,0.0,0.0,0.0,0.0,3.0,2.0,13.0,0.0,A.Brown,PHI,team_norm & _alias_init_last,0.0,0.0,0.0,0.0,0.0,0.0,0.0,4.64,2.51,31.200000000000003,0.42
2025,10,0.0,2025_10_PHI_GB,Philadelphia Eagles,DeVonta Smith,WR,00-0036912,1.0,0.0,0.0,0.0,0.0,0.0,0.0,0.0,5.75,4.0,33.1,0.32,0.271,72.0,34.51,34.71,262.0,171.7,2.0733569462906862,1.0120999509009545,0.8628263755027779,1.0,1.0,devonta smith,devontasmith,dsmith,Philadelphia Eagles,00-0036912,0.0,0.0,0.0,0.0,0.0,0.0,0.0,7.0,4.0,69.0,1.0,D.Smith,PHI,team_norm & _alias_init_last,0.0,0.0,0.0,0.0,0.0,0.0,0.0,-1.25,0.0,-35.9,-0.6799999999999999
2025,10,0.0,2025_10_PHI_GB,Philadelphia Eagles,Jahan Dotson,WR,00-0037741,1.0,0.0,0.0,0.0,0.0,0.0,0.0,0.0,3.83,2.06,21.7,0.22,0.1973,72.0,34.51,34.71,262.0,171.7,2.0733569462906862,1.0120999509009545,0.8628263755027779,1.0,1.0,jahan dotson,jahandotson,jdotson,Philadelphia Eagles,00-0037741,0.0,0.0,0.0,0.0,0.0,0.0,0.0,1.0,0.0,0.0,0.0,J.Dotson,PHI,team_norm & _alias_init_last,0.0,0.0,0.0,0.0,0.0,0.0,0.0,2.83,2.06,21.7,0.22
2025,10,0.0,2025_10_PHI_GB,Philadelphia Eagles,Darius Cooper,WR,00-0040024,1.0,0.0,0.0,0.0,0.0,0.0,0.0,0.0,0.0,0.0,0.0,0.0,0.0,72.0,34.51,34.71,262.0,171.7,2.0733569462906862,1.0120999509009545,0.8628263755027779,1.0,1.0,darius cooper,dariuscooper,dcooper,Philadelphia Eagles,00-0040024,,,,,,,,,,,,,,,,,,,,,,,,,
2025,10,0.0,2025_10_PIT_LAC,Los Angeles Chargers,Justin Herbert,QB,00-0036355,1.0,40.1,261.5,2.4,0.95,6.13,21.3,0.22,0.0,0.0,0.0,0.0,0.1992,72.0,40.77,28.12,291.4,131.0,3.014903152363845,0.9830661228103504,1.019270479809667,1.0,1.0,justin herbert,justinherbert,jherbert,Los Angeles Chargers,00-0036355,42.0,220.0,1.0,0.0,2.0,2.0,0.0,0.0,0.0,0.0,0.0,J.Herbert,LAC,team_norm & _alias_init_last,-1.8999999999999986,41.5,1.4,0.95,4.13,19.3,0.22,0.0,0.0,0.0,0.0
2025,10,0.0,2025_10_PIT_LAC,Los Angeles Chargers,Kimani Vidal,RB,00-0039391,1.0,0.0,0.0,0.0,0.0,14.14,58.4,0.59,5.03,3.4,27.3,0.38,0.6212,72.0,40.77,28.12,291.4,131.0,3.014903152363845,0.9830661228103504,1.019270479809667,1.0,1.0,kimani vidal,kimanividal,kvidal,Los Angeles Chargers,00-0039391,0.0,0.0,0.0,0.0,26.0,95.0,1.0,1.0,1.0,13.0,0.0,K.Vidal,LAC,team_norm & _alias_init_last,0.0,0.0,0.0,0.0,-11.86,-36.6,-0.41000000000000003,4.03,2.4,14.3,0.38
2025,10,0.0,2025_10_PIT_LAC,Los Angeles Chargers,Jaret Patterson,RB,00-0036755,1.0,0.0,0.0,0.0,0.0,0.0,0.0,0.0,0.0,0.0,0.0,0.0,0.0,72.0,40.77,28.12,291.4,131.0,3.014903152363845,0.9830661228103504,1.019270479809667,1.0,1.0,jaret patterson,jaretpatterson,jpatterson,Los Angeles Chargers,00-0036755,0.0,0.0,0.0,0.0,2.0,1.0,0.0,0.0,0.0,0.0,0.0,J.Patterson,LAC,team_norm & _alias_init_last,0.0,0.0,0.0,0.0,-2.0,-1.0,0.0,0.0,0.0,0.0,0.0
2025,10,0.0,2025_10_PIT_LAC,Los Angeles Chargers,Oronde Gadsden II,TE,00-0040189,1.0,0.0,0.0,0.0,0.0,0.0,0.0,0.0,7.6,5.19,51.8,0.54,0.4192,72.0,40.77,28.12,291.4,131.0,3.014903152363845,0.9830661228103504,1.019270479809667,1.0,1.0,oronde gadsden ii,orondegadsdenii,ogadsden,Los Angeles Chargers,00-0040189,0.0,0.0,0.0,0.0,0.0,0.0,0.0,7.0,3.0,13.0,0.0,O.Gadsden,LAC,team_norm & _alias_init_last,0.0,0.0,0.0,0.0,0.0,0.0,0.0,0.5999999999999996,2.1900000000000004,38.8,0.54
2025,10,0.0,2025_10_PIT_LAC,Los Angeles Chargers,Tucker Fisk,TE,00-0037654,1.0,0.0,0.0,0.0,0.0,0.0,0.0,0.0,3.93,2.91,32.0,0.28,0.2449,72.0,40.77,28.12,291.4,131.0,3.014903152363845,0.9830661228103504,1.019270479809667,1.0,1.0,tucker fisk,tuckerfisk,tfisk,Los Angeles Chargers,00-0037654,0.0,0.0,0.0,0.0,0.0,0.0,0.0,1.0,1.0,7.0,0.0,T.Fisk,LAC,team_norm & _alias_init_last,0.0,0.0,0.0,0.0,0.0,0.0,0.0,2.93,1.9100000000000001,25.0,0.28
2025,10,0.0,2025_10_PIT_LAC,Los Angeles Chargers,Stevo Klotz,TE,00-0040469,1.0,0.0,0.0,0.0,0.0,0.0,0.0,0.0,0.0,0.0,0.0,0.0,0.0,72.0,40.77,28.12,291.4,131.0,3.014903152363845,0.9830661228103504,1.019270479809667,0.0,0.0,stevo klotz,stevoklotz,sklotz,Los Angeles Chargers,00-0040469,,,,,,,,,,,,,,,,,,,,,,,,,
2025,10,0.0,2025_10_PIT_LAC,Los Angeles Chargers,Tanner McLachlan,TE,00-0039399,1.0,0.0,0.0,0.0,0.0,0.0,0.0,0.0,0.0,0.0,0.0,0.0,0.0,72.0,40.77,28.12,291.4,131.0,3.014903152363845,0.9830661228103504,1.019270479809667,0.0,0.0,tanner mclachlan,tannermclachlan,tmclachlan,Los Angeles Chargers,00-0039399,,,,,,,,,,,,,,,,,,,,,,,,,
2025,10,0.0,2025_10_PIT_LAC,Los Angeles Chargers,Tyler Conklin,TE,00-0034270,1.0,0.0,0.0,0.0,0.0,0.0,0.0,0.0,0.0,0.0,0.0,0.0,0.0,72.0,40.77,28.12,291.4,131.0,3.014903152363845,0.9830661228103504,1.019270479809667,1.0,1.0,tyler conklin,tylerconklin,tconklin,Los Angeles Chargers,00-0034270,0.0,0.0,0.0,0.0,0.0,0.0,0.0,1.0,1.0,12.0,0.0,T.Conklin,LAC,team_norm & _alias_init_last,0.0,0.0,0.0,0.0,0.0,0.0,0.0,-1.0,-1.0,-12.0,0.0
2025,10,0.0,2025_10_PIT_LAC,Los Angeles Chargers,Ladd McConkey,WR,00-0039915,1.0,0.0,0.0,0.0,0.0,0.0,0.0,0.0,9.34,6.09,57.5,0.64,0.4706,72.0,40.77,28.12,291.4,131.0,3.014903152363845,0.9830661228103504,1.019270479809667,1.0,1.0,ladd mcconkey,laddmcconkey,lmcconkey,Los Angeles Chargers,,0.0,0.0,0.0,0.0,0.0,0.0,0.0,6.0,4.0,107.0,1.0,L.McConkey,LAC,team_norm & _alias_init_last,0.0,0.0,0.0,0.0,0.0,0.0,0.0,3.34,2.09,-49.5,-0.36
2025,10,0.0,2025_10_PIT_LAC,Los Angeles Chargers,Keenan Allen,WR,00-0030279,1.0,0.0,0.0,0.0,0.0,0.0,0.0,0.0,7.04,4.5,39.6,0.49,0.3892,72.0,40.77,28.12,291.4,131.0,3.014903152363845,0.9830661228103504,1.019270479809667,1.0,1.0,keenan allen,keenanallen,kallen,Los Angeles Chargers,00-0030279,0.0,0.0,0.0,0.0,0.0,0.0,0.0,5.0,2.0,19.0,0.0,K.Allen,LAC,team_norm & _alias_init_last,0.0,0.0,0.0,0.0,0.0,0.0,0.0,2.04,2.5,20.6,0.49
2025,10,0.0,2025_10_PIT_LAC,Los Angeles Chargers,Quentin Johnston,WR,00-0038544,1.0,0.0,0.0,0.0,0.0,0.0,0.0,0.0,4.69,2.54,25.5,0.33,0.2801,72.0,40.77,28.12,291.4,131.0,3.014903152363845,0.9830661228103504,1.019270479809667,1.0,1.0,quentin johnston,quentinjohnston,qjohnston,Los Angeles Chargers,00-0038544,0.0,0.0,0.0,0.0,0.0,0.0,0.0,10.0,5.0,42.0,0.0,Q.Johnston,LAC,team_norm & _alias_init_last,0.0,0.0,0.0,0.0,0.0,0.0,0.0,-5.31,-2.46,-16.5,0.33
2025,10,0.0,2025_10_PIT_LAC,Los Angeles Chargers,Derius Davis,WR,00-0038573,1.0,0.0,0.0,0.0,0.0,0.0,0.0,0.0,0.0,0.0,0.0,0.0,0.0,72.0,40.77,28.12,291.4,131.0,3.014903152363845,0.9830661228103504,1.019270479809667,1.0,1.0,derius davis,deriusdavis,ddavis,Los Angeles Chargers,00-0038573,0.0,0.0,0.0,0.0,0.0,0.0,0.0,1.0,1.0,3.0,0.0,D.Davis,LAC,team_norm & _alias_init_last,0.0,0.0,0.0,0.0,0.0,0.0,0.0,-1.0,-1.0,-3.0,0.0
2025,10,0.0,2025_10_PIT_LAC,Los Angeles Chargers,Tre Harris,WR,00-0040727,1.0,0.0,0.0,0.0,0.0,0.0,0.0,0.0,0.0,0.0,0.0,0.0,0.0,72.0,40.77,28.12,291.4,131.0,3.014903152363845,0.9830661228103504,1.019270479809667,1.0,1.0,tre harris,treharris,tharris,Los Angeles Chargers,,0.0,0.0,0.0,0.0,0.0,0.0,0.0,2.0,2.0,4.0,0.0,T.Harris,LAC,team_norm & _alias_init_last,0.0,0.0,0.0,0.0,0.0,0.0,0.0,-2.0,-2.0,-4.0,0.0
2025,10,0.0,2025_10_PIT_LAC,Pittsburgh Steelers,Aaron Rodgers,QB,00-0023459,1.0,42.48,282.8,1.86,1.02,2.02,8.3,0.04,0.0,0.0,0.0,0.0,0.0431,72.0,44.07,24.79,334.5,122.6,2.138470047638107,0.5857775166992938,1.1017007442170068,1.0,1.0,aaron rodgers,aaronrodgers,arodgers,Pittsburgh Steelers,00-0023459,35.0,161.0,1.0,2.0,0.0,0.0,0.0,0.0,0.0,0.0,0.0,A.Rodgers,PIT,team_norm & _alias_init_last,7.479999999999997,121.80000000000001,0.8600000000000001,-0.98,2.02,8.3,0.04,0.0,0.0,0.0,0.0
2025,10,0.0,2025_10_PIT_LAC,Pittsburgh Steelers,Jaylen Warren,RB,00-0037228,1.0,0.0,0.0,0.0,0.0,14.63,61.8,0.41,5.67,4.49,27.9,0.27,0.4958,72.0,44.07,24.79,334.5,122.6,2.138470047638107,0.5857775166992938,1.1017007442170068,1.0,1.0,jaylen warren,jaylenwarren,jwarren,Pittsburgh Steelers,00-0037228,0.0,0.0,0.0,0.0,14.0,70.0,0.0,2.0,2.0,21.0,0.0,J.Warren,PIT,team_norm & _alias_init_last,0.0,0.0,0.0,0.0,0.6300000000000008,-8.200000000000003,0.41,3.67,2.49,6.899999999999999,0.27
2025,10,0.0,2025_10_PIT_LAC,Pittsburgh Steelers,Kenneth Gainwell,RB,00-0036919,1.0,0.0,0.0,0.0,0.0,8.13,34.1,0.16,3.53,2.65,16.5,0.17,0.2838,72.0,44.07,24.79,334.5,122.6,2.138470047638107,0.5857775166992938,1.1017007442170068,1.0,1.0,kenneth gainwell,kennethgainwell,kgainwell,Pittsburgh Steelers,00-0036919,0.0,0.0,0.0,0.0,0.0,0.0,0.0,4.0,2.0,4.0,0.0,K.Gainwell,PIT,team_norm & _alias_init_last,0.0,0.0,0.0,0.0,8.13,34.1,0.16,-0.4700000000000002,0.6499999999999999,12.5,0.17
2025,10,0.0,2025_10_PIT_LAC,Pittsburgh Steelers,Kaleb Johnson,RB,00-0040142,1.0,0.0,0.0,0.0,0.0,0.0,0.0,0.0,0.0,0.0,0.0,0.0,0.0,72.0,44.07,24.79,334.5,122.6,2.138470047638107,0.5857775166992938,1.1017007442170068,1.0,1.0,kaleb johnson,kalebjohnson,kjohnson,Pittsburgh Steelers,00-0040142,0.0,0.0,0.0,0.0,3.0,3.0,0.0,0.0,0.0,0.0,0.0,K.Johnson,PIT,team_norm & _alias_init_last,0.0,0.0,0.0,0.0,-3.0,-3.0,0.0,0.0,0.0,0.0,0.0
2025,10,0.0,2025_10_PIT_LAC,Pittsburgh Steelers,Trey Sermon,RB,00-0036984,1.0,0.0,0.0,0.0,0.0,0.0,0.0,0.0,0.0,0.0,0.0,0.0,0.0,72.0,44.07,24.79,334.5,122.6,2.138470047638107,0.5857775166992938,1.1017007442170068,1.0,1.0,trey sermon,treysermon,tsermon,Pittsburgh Steelers,00-0036984,,,,,,,,,,,,,,,,,,,,,,,,,
2025,10,0.0,2025_10_PIT_LAC,Pittsburgh Steelers,Jonnu Smith,TE,00-0033858,1.0,0.0,0.0,0.0,0.0,0.0,0.0,0.0,8.02,5.87,47.7,0.35,0.2973,72.0,44.07,24.79,334.5,122.6,2.138470047638107,0.5857775166992938,1.1017007442170068,1.0,1.0,jonnu smith,jonnusmith,jsmith,Pittsburgh Steelers,00-0033858,0.0,0.0,0.0,0.0,0.0,0.0,0.0,2.0,1.0,4.0,0.0,J.Smith,PIT,team_norm & _alias_init_last,0.0,0.0,0.0,0.0,0.0,0.0,0.0,6.02,4.87,43.7,0.35
2025,10,0.0,2025_10_PIT_LAC,Pittsburgh Steelers,Pat Freiermuth,TE,00-0036894,1.0,0.0,0.0,0.0,0.0,0.0,0.0,0.0,4.15,2.74,21.9,0.18,0.1683,72.0,44.07,24.79,334.5,122.6,2.138470047638107,0.5857775166992938,1.1017007442170068,1.0,1.0,pat freiermuth,patfreiermuth,pfreiermuth,Pittsburgh Steelers,00-0036894,0.0,0.0,0.0,0.0,0.0,0.0,0.0,3.0,3.0,33.0,0.0,P.Freiermuth,PIT,team_norm & _alias_init_last,0.0,0.0,0.0,0.0,0.0,0.0,0.0,1.1500000000000004,-0.2599999999999998,-11.100000000000001,0.18
2025,10,0.0,2025_10_PIT_LAC,Pittsburgh Steelers,Connor Heyward,TE,00-0037304,1.0,0.0,0.0,0.0,0.0,0.0,0.0,0.0,0.0,0.0,0.0,0.0,0.0,72.0,44.07,24.79,334.5,122.6,2.138470047638107,0.5857775166992938,1.1017007442170068,1.0,1.0,connor heyward,connorheyward,cheyward,Pittsburgh Steelers,00-0027969,,,,,,,,,,,,,,,,,,,,,,,,,
2025,10,0.0,2025_10_PIT_LAC,Pittsburgh Steelers,Darnell Washington,TE,00-0038558,1.0,0.0,0.0,0.0,0.0,0.0,0.0,0.0,0.0,0.0,0.0,0.0,0.0,72.0,44.07,24.79,334.5,122.6,2.138470047638107,0.5857775166992938,1.1017007442170068,1.0,1.0,darnell washington,darnellwashington,dwashington,Pittsburgh Steelers,00-0038558,0.0,0.0,0.0,0.0,0.0,0.0,0.0,1.0,1.0,15.0,0.0,D.Washington,PIT,team_norm & _alias_init_last,0.0,0.0,0.0,0.0,0.0,0.0,0.0,-1.0,-1.0,-15.0,0.0
2025,10,0.0,2025_10_PIT_LAC,Pittsburgh Steelers,DK Metcalf,WR,00-0035640,1.0,0.0,0.0,0.0,0.0,0.0,0.0,0.0,10.07,5.67,59.6,0.47,0.3746,72.0,44.07,24.79,334.5,122.6,2.138470047638107,0.5857775166992938,1.1017007442170068,1.0,1.0,dk metcalf,dkmetcalf,dmetcalf,Pittsburgh Steelers,00-0035640,0.0,0.0,0.0,0.0,0.0,0.0,0.0,7.0,3.0,35.0,0.0,D.Metcalf,PIT,team_norm & _alias_init_last,0.0,0.0,0.0,0.0,0.0,0.0,0.0,3.0700000000000003,2.67,24.6,0.47
2025,10,0.0,2025_10_PIT_LAC,Pittsburgh Steelers,Calvin Austin III,WR,00-0037837,1.0,0.0,0.0,0.0,0.0,0.0,0.0,0.0,7.58,4.12,46.0,0.33,0.28,72.0,44.07,24.79,334.5,122.6,2.138470047638107,0.5857775166992938,1.1017007442170068,1.0,1.0,calvin austin iii,calvinaustiniii,caustin,Pittsburgh Steelers,00-0037837,0.0,0.0,0.0,0.0,0.0,0.0,0.0,7.0,2.0,14.0,0.0,C.Austin,PIT,team_norm & _alias_init_last,0.0,0.0,0.0,0.0,0.0,0.0,0.0,0.5800000000000001,2.12,32.0,0.33
2025,10,0.0,2025_10_PIT_LAC,Pittsburgh Steelers,Roman Wilson,WR,00-0039739,1.0,0.0,0.0,0.0,0.0,0.0,0.0,0.0,5.05,3.06,42.3,0.23,0.2088,72.0,44.07,24.79,334.5,122.6,2.138470047638107,0.5857775166992938,1.1017007442170068,1.0,1.0,roman wilson,romanwilson,rwilson,Pittsburgh Steelers,00-0039739,0.0,0.0,0.0,0.0,0.0,0.0,0.0,3.0,2.0,35.0,1.0,R.Wilson,PIT,team_norm & _alias_init_last,0.0,0.0,0.0,0.0,0.0,0.0,0.0,2.05,1.06,7.299999999999997,-0.77
2025,10,0.0,2025_10_PIT_LAC,Pittsburgh Steelers,Adam Thielen,WR,00-0030035,1.0,0.0,0.0,0.0,0.0,0.0,0.0,0.0,0.0,0.0,0.0,0.0,0.0,72.0,44.07,24.79,334.5,122.6,2.138470047638107,0.5857775166992938,1.1017007442170068,0.0,0.0,adam thielen,adamthielen,athielen,Pittsburgh Steelers,00-0030035,0.0,0.0,0.0,0.0,0.0,0.0,0.0,3.0,2.0,16.0,0.0,A.Thielen,MIN,_alias_init_last,0.0,0.0,0.0,0.0,0.0,0.0,0.0,-3.0,-2.0,-16.0,0.0
2025,10,0.0,2025_10_PIT_LAC,Pittsburgh Steelers,Ben Skowronek,WR,00-0036862,1.0,0.0,0.0,0.0,0.0,0.0,0.0,0.0,0.0,0.0,0.0,0.0,0.0,72.0,44.07,24.79,334.5,122.6,2.138470047638107,0.5857775166992938,1.1017007442170068,1.0,1.0,ben skowronek,benskowronek,bskowronek,Pittsburgh Steelers,00-0036862,,,,,,,,,,,,,,,,,,,,,,,,,
2025,10,0.0,2025_10_PIT_LAC,Pittsburgh Steelers,Brandon Johnson,WR,00-0037382,1.0,0.0,0.0,0.0,0.0,0.0,0.0,0.0,0.0,0.0,0.0,0.0,0.0,72.0,44.07,24.79,334.5,122.6,2.138470047638107,0.5857775166992938,1.1017007442170068,0.0,0.0,brandon johnson,brandonjohnson,bjohnson,Pittsburgh Steelers,00-0037382,,,,,,,,,,,,,,,,,,,,,,,,,
