season,week,date,game_id,team,player,position,player_id,is_active,pass_attempts,pass_yards,pass_tds,interceptions,rush_attempts,rush_yards,rush_tds,targets,receptions,rec_yards,rec_tds,any_td_prob,team_plays,team_pass_attempts,team_rush_attempts,team_pass_yards,team_rush_yards,team_exp_pass_tds,team_exp_rush_tds,team_exp_int,is_active_pid,is_active_nm
2025,13,0.0,2025_13_ARI_TB,Arizona Cardinals,Jacoby Brissett,QB,00-0033119,1.0,39.97,206.0,1.01,1.19,2.77,7.6,0.02,0.0,0.0,0.0,0.0,0.0177,72.0,46.95,21.6,263.4,78.9,1.3237108037582153,0.13424590456932783,1.173798060066741,1.0,1.0
2025,13,0.0,2025_13_ARI_TB,Arizona Cardinals,Bam Knight,RB,00-0037157,1.0,0.0,0.0,0.0,0.0,12.1,38.3,0.09,5.81,4.37,27.6,0.17,0.2269,72.0,46.95,21.6,263.4,78.9,1.3237108037582153,0.13424590456932783,1.173798060066741,1.0,1.0
2025,13,0.0,2025_13_ARI_TB,Arizona Cardinals,Emari Demercado,RB,00-0038705,1.0,0.0,0.0,0.0,0.0,6.72,21.9,0.03,3.61,2.59,16.1,0.1,0.1236,72.0,46.95,21.6,263.4,78.9,1.3237108037582153,0.13424590456932783,1.173798060066741,0.0,0.0
2025,13,0.0,2025_13_ARI_TB,Arizona Cardinals,Jermar Jefferson,RB,00-0036670,1.0,0.0,0.0,0.0,0.0,0.0,0.0,0.0,0.0,0.0,0.0,0.0,0.0,72.0,46.95,21.6,263.4,78.9,1.3237108037582153,0.13424590456932783,1.173798060066741,1.0,1.0
2025,13,0.0,2025_13_ARI_TB,Arizona Cardinals,Michael Carter,RB,00-0036924,1.0,0.0,0.0,0.0,0.0,0.0,0.0,0.0,0.0,0.0,0.0,0.0,0.0,72.0,46.95,21.6,263.4,78.9,1.3237108037582153,0.13424590456932783,1.173798060066741,1.0,1.0
2025,13,0.0,2025_13_ARI_TB,Arizona Cardinals,Trey McBride,TE,00-0037744,1.0,0.0,0.0,0.0,0.0,0.0,0.0,0.0,8.19,5.44,30.2,0.21,0.1894,72.0,46.95,21.6,263.4,78.9,1.3237108037582153,0.13424590456932783,1.173798060066741,1.0,1.0
2025,13,0.0,2025_13_ARI_TB,Arizona Cardinals,Elijah Higgins,TE,00-0039041,1.0,0.0,0.0,0.0,0.0,0.0,0.0,0.0,4.23,2.85,17.2,0.11,0.1037,72.0,46.95,21.6,263.4,78.9,1.3237108037582153,0.13424590456932783,1.173798060066741,1.0,1.0
2025,13,0.0,2025_13_ARI_TB,Arizona Cardinals,Josiah Deguara,TE,00-0036332,1.0,0.0,0.0,0.0,0.0,0.0,0.0,0.0,0.0,0.0,0.0,0.0,0.0,72.0,46.95,21.6,263.4,78.9,1.3237108037582153,0.13424590456932783,1.173798060066741,1.0,1.0
2025,13,0.0,2025_13_ARI_TB,Arizona Cardinals,Oscar Cardenas,TE,00-0040381,1.0,0.0,0.0,0.0,0.0,0.0,0.0,0.0,0.0,0.0,0.0,0.0,0.0,72.0,46.95,21.6,263.4,78.9,1.3237108037582153,0.13424590456932783,1.173798060066741,0.0,0.0
2025,13,0.0,2025_13_ARI_TB,Arizona Cardinals,Pharaoh Brown,TE,00-0033439,1.0,0.0,0.0,0.0,0.0,0.0,0.0,0.0,0.0,0.0,0.0,0.0,0.0,72.0,46.95,21.6,263.4,78.9,1.3237108037582153,0.13424590456932783,1.173798060066741,1.0,1.0
2025,13,0.0,2025_13_ARI_TB,Arizona Cardinals,Marvin Harrison Jr.,WR,00-0039849,1.0,0.0,0.0,0.0,0.0,0.0,0.0,0.0,11.14,5.63,52.5,0.3,0.2565,72.0,46.95,21.6,263.4,78.9,1.3237108037582153,0.13424590456932783,1.173798060066741,1.0,1.0
2025,13,0.0,2025_13_ARI_TB,Arizona Cardinals,Michael Wilson,WR,00-0038559,1.0,0.0,0.0,0.0,0.0,0.0,0.0,0.0,8.39,4.73,45.3,0.23,0.2077,72.0,46.95,21.6,263.4,78.9,1.3237108037582153,0.13424590456932783,1.173798060066741,1.0,1.0
2025,13,0.0,2025_13_ARI_TB,Arizona Cardinals,Greg Dortch,WR,00-0035500,1.0,0.0,0.0,0.0,0.0,0.0,0.0,0.0,5.59,4.0,25.3,0.15,0.1384,72.0,46.95,21.6,263.4,78.9,1.3237108037582153,0.13424590456932783,1.173798060066741,1.0,1.0
2025,13,0.0,2025_13_ARI_TB,Arizona Cardinals,Andre Baccellia,WR,00-0035876,1.0,0.0,0.0,0.0,0.0,0.0,0.0,0.0,0.0,0.0,0.0,0.0,0.0,72.0,46.95,21.6,263.4,78.9,1.3237108037582153,0.13424590456932783,1.173798060066741,1.0,1.0
2025,13,0.0,2025_13_ARI_TB,Arizona Cardinals,Bryson Green,WR,00-0040383,1.0,0.0,0.0,0.0,0.0,0.0,0.0,0.0,0.0,0.0,0.0,0.0,0.0,72.0,46.95,21.6,263.4,78.9,1.3237108037582153,0.13424590456932783,1.173798060066741,0.0,0.0
2025,13,0.0,2025_13_ARI_TB,Arizona Cardinals,Xavier Weaver,WR,00-0039521,1.0,0.0,0.0,0.0,0.0,0.0,0.0,0.0,0.0,0.0,0.0,0.0,0.0,72.0,46.95,21.6,263.4,78.9,1.3237108037582153,0.13424590456932783,1.173798060066741,1.0,1.0
2025,13,0.0,2025_13_ARI_TB,Tampa Bay Buccaneers,Baker Mayfield,QB,00-0034855,1.0,42.54,232.0,2.08,1.1,5.02,14.3,0.12,0.0,0.0,0.0,0.0,0.1137,72.0,43.57,25.71,244.4,94.0,2.3534931939839034,0.6098194802865828,1.0892899702831955,1.0,1.0
2025,13,0.0,2025_13_ARI_TB,Tampa Bay Buccaneers,Bucky Irving,RB,00-0039361,1.0,0.0,0.0,0.0,0.0,13.31,42.5,0.38,5.45,4.46,22.9,0.3,0.4917,72.0,43.57,25.71,244.4,94.0,2.3534931939839034,0.6098194802865828,1.0892899702831955,1.0,1.0
2025,13,0.0,2025_13_ARI_TB,Tampa Bay Buccaneers,Rachaad White,RB,00-0037256,1.0,0.0,0.0,0.0,0.0,7.39,22.8,0.13,3.39,2.83,12.5,0.19,0.2741,72.0,43.57,25.71,244.4,94.0,2.3534931939839034,0.6098194802865828,1.0892899702831955,1.0,1.0
2025,13,0.0,2025_13_ARI_TB,Tampa Bay Buccaneers,Sean Tucker,RB,00-0038951,1.0,0.0,0.0,0.0,0.0,0.0,0.0,0.0,0.0,0.0,0.0,0.0,0.0,72.0,43.57,25.71,244.4,94.0,2.3534931939839034,0.6098194802865828,1.0892899702831955,1.0,1.0
2025,13,0.0,2025_13_ARI_TB,Tampa Bay Buccaneers,Cade Otton,TE,00-0038129,1.0,0.0,0.0,0.0,0.0,0.0,0.0,0.0,7.9,4.77,31.6,0.4,0.3266,72.0,43.57,25.71,244.4,94.0,2.3534931939839034,0.6098194802865828,1.0892899702831955,1.0,1.0
2025,13,0.0,2025_13_ARI_TB,Tampa Bay Buccaneers,Payne Durham,TE,00-0039050,1.0,0.0,0.0,0.0,0.0,0.0,0.0,0.0,4.09,2.55,21.1,0.21,0.1922,72.0,43.57,25.71,244.4,94.0,2.3534931939839034,0.6098194802865828,1.0892899702831955,1.0,1.0
2025,13,0.0,2025_13_ARI_TB,Tampa Bay Buccaneers,Devin Culp,TE,00-0039754,1.0,0.0,0.0,0.0,0.0,0.0,0.0,0.0,0.0,0.0,0.0,0.0,0.0,72.0,43.57,25.71,244.4,94.0,2.3534931939839034,0.6098194802865828,1.0892899702831955,1.0,1.0
2025,13,0.0,2025_13_ARI_TB,Tampa Bay Buccaneers,Emeka Egbuka,WR,00-0040129,1.0,0.0,0.0,0.0,0.0,0.0,0.0,0.0,10.09,4.98,50.7,0.52,0.4027,72.0,43.57,25.71,244.4,94.0,2.3534931939839034,0.6098194802865828,1.0892899702831955,1.0,1.0
2025,13,0.0,2025_13_ARI_TB,Tampa Bay Buccaneers,Chris Godwin Jr.,WR,00-0033921,1.0,0.0,0.0,0.0,0.0,0.0,0.0,0.0,7.6,4.96,32.7,0.39,0.32,72.0,43.57,25.71,244.4,94.0,2.3534931939839034,0.6098194802865828,1.0892899702831955,1.0,1.0
2025,13,0.0,2025_13_ARI_TB,Tampa Bay Buccaneers,Tez Johnson,WR,00-0040237,1.0,0.0,0.0,0.0,0.0,0.0,0.0,0.0,5.06,3.0,27.2,0.27,0.2345,72.0,43.57,25.71,244.4,94.0,2.3534931939839034,0.6098194802865828,1.0892899702831955,1.0,1.0
2025,13,0.0,2025_13_ARI_TB,Tampa Bay Buccaneers,Kameron Johnson,WR,00-0039589,1.0,0.0,0.0,0.0,0.0,0.0,0.0,0.0,0.0,0.0,0.0,0.0,0.0,72.0,43.57,25.71,244.4,94.0,2.3534931939839034,0.6098194802865828,1.0892899702831955,1.0,1.0
2025,13,0.0,2025_13_ARI_TB,Tampa Bay Buccaneers,Sterling Shepard,WR,00-0032385,1.0,0.0,0.0,0.0,0.0,0.0,0.0,0.0,0.0,0.0,0.0,0.0,0.0,72.0,43.57,25.71,244.4,94.0,2.3534931939839034,0.6098194802865828,1.0892899702831955,1.0,1.0
2025,13,0.0,2025_13_ATL_NYJ,Atlanta Falcons,Kirk Cousins,QB,00-0029604,1.0,35.58,198.8,1.59,0.83,3.79,11.0,0.1,0.0,0.0,0.0,0.0,0.0968,72.0,32.79,37.33,183.9,136.5,1.8636910342617816,0.9959472374174507,0.8196297494792545,1.0,1.0
2025,13,0.0,2025_13_ATL_NYJ,Atlanta Falcons,Bijan Robinson,RB,00-0038542,1.0,0.0,0.0,0.0,0.0,21.57,64.2,0.68,4.17,3.09,16.2,0.24,0.6026,72.0,32.79,37.33,183.9,136.5,1.8636910342617816,0.9959472374174507,0.8196297494792545,1.0,1.0
2025,13,0.0,2025_13_ATL_NYJ,Atlanta Falcons,Tyler Allgeier,RB,00-0037263,1.0,0.0,0.0,0.0,0.0,11.98,35.7,0.25,2.59,2.02,10.4,0.14,0.328,72.0,32.79,37.33,183.9,136.5,1.8636910342617816,0.9959472374174507,0.8196297494792545,1.0,1.0
2025,13,0.0,2025_13_ATL_NYJ,Atlanta Falcons,Nate Carter,RB,00-0040547,1.0,0.0,0.0,0.0,0.0,0.0,0.0,0.0,0.0,0.0,0.0,0.0,0.0,72.0,32.79,37.33,183.9,136.5,1.8636910342617816,0.9959472374174507,0.8196297494792545,1.0,1.0
2025,13,0.0,2025_13_ATL_NYJ,Atlanta Falcons,Kyle Pitts Sr.,TE,None,1.0,0.0,0.0,0.0,0.0,0.0,0.0,0.0,5.8,3.44,36.9,0.33,0.2809,72.0,32.79,37.33,183.9,136.5,1.8636910342617816,0.9959472374174507,0.8196297494792545,0.0,0.0
2025,13,0.0,2025_13_ATL_NYJ,Atlanta Falcons,Charlie Woerner,TE,00-0036429,1.0,0.0,0.0,0.0,0.0,0.0,0.0,0.0,3.0,1.91,14.7,0.16,0.1482,72.0,32.79,37.33,183.9,136.5,1.8636910342617816,0.9959472374174507,0.8196297494792545,1.0,1.0
2025,13,0.0,2025_13_ATL_NYJ,Atlanta Falcons,Feleipe Franks,TE,00-0036825,1.0,0.0,0.0,0.0,0.0,0.0,0.0,0.0,0.0,0.0,0.0,0.0,0.0,72.0,32.79,37.33,183.9,136.5,1.8636910342617816,0.9959472374174507,0.8196297494792545,1.0,1.0
2025,13,0.0,2025_13_ATL_NYJ,Atlanta Falcons,Teagan Quitoriano,TE,00-0037277,1.0,0.0,0.0,0.0,0.0,0.0,0.0,0.0,0.0,0.0,0.0,0.0,0.0,72.0,32.79,37.33,183.9,136.5,1.8636910342617816,0.9959472374174507,0.8196297494792545,1.0,1.0
2025,13,0.0,2025_13_ATL_NYJ,Atlanta Falcons,Drake London,WR,00-0037238,1.0,0.0,0.0,0.0,0.0,0.0,0.0,0.0,7.58,4.52,34.7,0.41,0.3396,72.0,32.79,37.33,183.9,136.5,1.8636910342617816,0.9959472374174507,0.8196297494792545,0.0,0.0
2025,13,0.0,2025_13_ATL_NYJ,Atlanta Falcons,Darnell Mooney,WR,00-0036309,1.0,0.0,0.0,0.0,0.0,0.0,0.0,0.0,5.7,3.08,26.2,0.29,0.255,72.0,32.79,37.33,183.9,136.5,1.8636910342617816,0.9959472374174507,0.8196297494792545,1.0,1.0
2025,13,0.0,2025_13_ATL_NYJ,Atlanta Falcons,David Sills V,WR,None,1.0,0.0,0.0,0.0,0.0,0.0,0.0,0.0,3.8,2.38,31.5,0.22,0.1944,72.0,32.79,37.33,183.9,136.5,1.8636910342617816,0.9959472374174507,0.8196297494792545,0.0,0.0
2025,13,0.0,2025_13_ATL_NYJ,Atlanta Falcons,Casey Washington,WR,00-0039394,1.0,0.0,0.0,0.0,0.0,0.0,0.0,0.0,0.0,0.0,0.0,0.0,0.0,72.0,32.79,37.33,183.9,136.5,1.8636910342617816,0.9959472374174507,0.8196297494792545,0.0,0.0
2025,13,0.0,2025_13_ATL_NYJ,Atlanta Falcons,Deven Thompkins,WR,00-0037487,1.0,0.0,0.0,0.0,0.0,0.0,0.0,0.0,0.0,0.0,0.0,0.0,0.0,72.0,32.79,37.33,183.9,136.5,1.8636910342617816,0.9959472374174507,0.8196297494792545,1.0,1.0
2025,13,0.0,2025_13_ATL_NYJ,Atlanta Falcons,Dylan Drummond,WR,00-0038953,1.0,0.0,0.0,0.0,0.0,0.0,0.0,0.0,0.0,0.0,0.0,0.0,0.0,72.0,32.79,37.33,183.9,136.5,1.8636910342617816,0.9959472374174507,0.8196297494792545,1.0,1.0
2025,13,0.0,2025_13_ATL_NYJ,New York Jets,Tyrod Taylor,QB,00-0028118,1.0,31.81,209.6,1.38,0.89,2.46,10.1,0.06,0.0,0.0,0.0,0.0,0.0618,64.83,35.18,26.37,267.0,130.4,1.9222977468167992,0.7212084633595375,0.879572811760442,1.0,1.0
2025,13,0.0,2025_13_ATL_NYJ,New York Jets,Breece Hall,RB,00-0038120,1.0,0.0,0.0,0.0,0.0,15.37,62.9,0.48,4.57,3.16,24.0,0.25,0.5197,64.83,35.18,26.37,267.0,130.4,1.9222977468167992,0.7212084633595375,0.879572811760442,1.0,1.0
2025,13,0.0,2025_13_ATL_NYJ,New York Jets,Isaiah Davis,RB,00-0039798,1.0,0.0,0.0,0.0,0.0,8.54,38.1,0.18,2.84,1.97,16.5,0.15,0.2832,64.83,35.18,26.37,267.0,130.4,1.9222977468167992,0.7212084633595375,0.879572811760442,1.0,1.0
2025,13,0.0,2025_13_ATL_NYJ,New York Jets,Kene Nwangwu,RB,00-0036842,1.0,0.0,0.0,0.0,0.0,0.0,0.0,0.0,0.0,0.0,0.0,0.0,0.0,64.83,35.18,26.37,267.0,130.4,1.9222977468167992,0.7212084633595375,0.879572811760442,1.0,1.0
2025,13,0.0,2025_13_ATL_NYJ,New York Jets,Mason Taylor,TE,00-0040736,1.0,0.0,0.0,0.0,0.0,0.0,0.0,0.0,6.09,3.59,37.8,0.31,0.2666,64.83,35.18,26.37,267.0,130.4,1.9222977468167992,0.7212084633595375,0.879572811760442,1.0,1.0
2025,13,0.0,2025_13_ATL_NYJ,New York Jets,Jeremy Ruckert,TE,00-0037805,1.0,0.0,0.0,0.0,0.0,0.0,0.0,0.0,3.15,2.01,18.1,0.15,0.1432,64.83,35.18,26.37,267.0,130.4,1.9222977468167992,0.7212084633595375,0.879572811760442,1.0,1.0
2025,13,0.0,2025_13_ATL_NYJ,New York Jets,Jelani Woods,TE,00-0037755,1.0,0.0,0.0,0.0,0.0,0.0,0.0,0.0,0.0,0.0,0.0,0.0,0.0,64.83,35.18,26.37,267.0,130.4,1.9222977468167992,0.7212084633595375,0.879572811760442,0.0,0.0
2025,13,0.0,2025_13_ATL_NYJ,New York Jets,Stone Smartt,TE,00-0037475,1.0,0.0,0.0,0.0,0.0,0.0,0.0,0.0,0.0,0.0,0.0,0.0,0.0,64.83,35.18,26.37,267.0,130.4,1.9222977468167992,0.7212084633595375,0.879572811760442,1.0,1.0
2025,13,0.0,2025_13_ATL_NYJ,New York Jets,John Metchie III,WR,00-0037614,1.0,0.0,0.0,0.0,0.0,0.0,0.0,0.0,8.22,5.16,56.7,0.43,0.3505,64.83,35.18,26.37,267.0,130.4,1.9222977468167992,0.7212084633595375,0.879572811760442,1.0,1.0
2025,13,0.0,2025_13_ATL_NYJ,New York Jets,Adonai Mitchell,WR,00-0039890,1.0,0.0,0.0,0.0,0.0,0.0,0.0,0.0,6.19,2.71,40.2,0.32,0.2732,64.83,35.18,26.37,267.0,130.4,1.9222977468167992,0.7212084633595375,0.879572811760442,1.0,1.0
2025,13,0.0,2025_13_ATL_NYJ,New York Jets,Allen Lazard,WR,00-0034521,1.0,0.0,0.0,0.0,0.0,0.0,0.0,0.0,4.13,2.3,24.7,0.22,0.1977,64.83,35.18,26.37,267.0,130.4,1.9222977468167992,0.7212084633595375,0.879572811760442,1.0,1.0
2025,13,0.0,2025_13_ATL_NYJ,New York Jets,Arian Smith,WR,00-0040582,1.0,0.0,0.0,0.0,0.0,0.0,0.0,0.0,0.0,0.0,0.0,0.0,0.0,64.83,35.18,26.37,267.0,130.4,1.9222977468167992,0.7212084633595375,0.879572811760442,0.0,0.0
2025,13,0.0,2025_13_ATL_NYJ,New York Jets,Isaiah Williams,WR,00-0039451,1.0,0.0,0.0,0.0,0.0,0.0,0.0,0.0,0.0,0.0,0.0,0.0,0.0,64.83,35.18,26.37,267.0,130.4,1.9222977468167992,0.7212084633595375,0.879572811760442,1.0,1.0
2025,13,0.0,2025_13_ATL_NYJ,New York Jets,Tyler Johnson,WR,00-0036427,1.0,0.0,0.0,0.0,0.0,0.0,0.0,0.0,0.0,0.0,0.0,0.0,0.0,64.83,35.18,26.37,267.0,130.4,1.9222977468167992,0.7212084633595375,0.879572811760442,1.0,1.0
2025,13,0.0,2025_13_BUF_PIT,Buffalo Bills,Josh Allen,QB,00-0034857,1.0,43.54,238.6,1.79,1.17,6.75,17.6,0.16,0.0,0.0,0.0,0.0,0.1494,72.0,46.46,22.15,263.9,82.0,2.1070870293465163,0.4873701650231155,1.1614708040201005,1.0,1.0
2025,13,0.0,2025_13_BUF_PIT,Buffalo Bills,James Cook III,RB,None,1.0,0.0,0.0,0.0,0.0,9.9,39.3,0.27,5.72,4.03,32.4,0.26,0.4086,72.0,46.46,22.15,263.9,82.0,2.1070870293465163,0.4873701650231155,1.1614708040201005,0.0,0.0
2025,13,0.0,2025_13_BUF_PIT,Buffalo Bills,Ray Davis,RB,00-0039875,1.0,0.0,0.0,0.0,0.0,5.5,17.6,0.1,3.56,2.7,15.8,0.17,0.2313,72.0,46.46,22.15,263.9,82.0,2.1070870293465163,0.4873701650231155,1.1614708040201005,1.0,1.0
2025,13,0.0,2025_13_BUF_PIT,Buffalo Bills,Ty Johnson,RB,00-0035537,1.0,0.0,0.0,0.0,0.0,0.0,0.0,0.0,0.0,0.0,0.0,0.0,0.0,72.0,46.46,22.15,263.9,82.0,2.1070870293465163,0.4873701650231155,1.1614708040201005,1.0,1.0
2025,13,0.0,2025_13_BUF_PIT,Buffalo Bills,Dalton Kincaid,TE,00-0038933,1.0,0.0,0.0,0.0,0.0,0.0,0.0,0.0,8.21,5.14,32.7,0.33,0.2842,72.0,46.46,22.15,263.9,82.0,2.1070870293465163,0.4873701650231155,1.1614708040201005,0.0,0.0
2025,13,0.0,2025_13_BUF_PIT,Buffalo Bills,Dawson Knox,TE,00-0035689,1.0,0.0,0.0,0.0,0.0,0.0,0.0,0.0,4.24,2.64,16.6,0.19,0.1719,72.0,46.46,22.15,263.9,82.0,2.1070870293465163,0.4873701650231155,1.1614708040201005,1.0,1.0
2025,13,0.0,2025_13_BUF_PIT,Buffalo Bills,Jackson Hawes,TE,00-0040194,1.0,0.0,0.0,0.0,0.0,0.0,0.0,0.0,0.0,0.0,0.0,0.0,0.0,72.0,46.46,22.15,263.9,82.0,2.1070870293465163,0.4873701650231155,1.1614708040201005,1.0,1.0
2025,13,0.0,2025_13_BUF_PIT,Buffalo Bills,Keleki Latu,TE,00-0040363,1.0,0.0,0.0,0.0,0.0,0.0,0.0,0.0,0.0,0.0,0.0,0.0,0.0,72.0,46.46,22.15,263.9,82.0,2.1070870293465163,0.4873701650231155,1.1614708040201005,1.0,1.0
2025,13,0.0,2025_13_BUF_PIT,Buffalo Bills,Khalil Shakir,WR,00-0037261,1.0,0.0,0.0,0.0,0.0,0.0,0.0,0.0,10.97,7.83,49.9,0.46,0.3708,72.0,46.46,22.15,263.9,82.0,2.1070870293465163,0.4873701650231155,1.1614708040201005,1.0,1.0
2025,13,0.0,2025_13_BUF_PIT,Buffalo Bills,Joshua Palmer,WR,None,1.0,0.0,0.0,0.0,0.0,0.0,0.0,0.0,8.26,5.18,71.2,0.37,0.3124,72.0,46.46,22.15,263.9,82.0,2.1070870293465163,0.4873701650231155,1.1614708040201005,0.0,0.0
2025,13,0.0,2025_13_BUF_PIT,Buffalo Bills,Gabe Davis,WR,00-0036196,1.0,0.0,0.0,0.0,0.0,0.0,0.0,0.0,5.5,2.79,23.6,0.25,0.2189,72.0,46.46,22.15,263.9,82.0,2.1070870293465163,0.4873701650231155,1.1614708040201005,1.0,1.0
2025,13,0.0,2025_13_BUF_PIT,Buffalo Bills,Brandin Cooks,WR,00-0031236,1.0,0.0,0.0,0.0,0.0,0.0,0.0,0.0,0.0,0.0,0.0,0.0,0.0,72.0,46.46,22.15,263.9,82.0,2.1070870293465163,0.4873701650231155,1.1614708040201005,1.0,1.0
2025,13,0.0,2025_13_BUF_PIT,Buffalo Bills,David White,WR,00-0039562,1.0,0.0,0.0,0.0,0.0,0.0,0.0,0.0,0.0,0.0,0.0,0.0,0.0,72.0,46.46,22.15,263.9,82.0,2.1070870293465163,0.4873701650231155,1.1614708040201005,1.0,1.0
2025,13,0.0,2025_13_BUF_PIT,Buffalo Bills,Keon Coleman,WR,00-0039901,1.0,0.0,0.0,0.0,0.0,0.0,0.0,0.0,0.0,0.0,0.0,0.0,0.0,72.0,46.46,22.15,263.9,82.0,2.1070870293465163,0.4873701650231155,1.1614708040201005,1.0,1.0
2025,13,0.0,2025_13_BUF_PIT,Buffalo Bills,Tyrell Shavers,WR,00-0038679,1.0,0.0,0.0,0.0,0.0,0.0,0.0,0.0,0.0,0.0,0.0,0.0,0.0,72.0,46.46,22.15,263.9,82.0,2.1070870293465163,0.4873701650231155,1.1614708040201005,1.0,1.0
2025,13,0.0,2025_13_BUF_PIT,Pittsburgh Steelers,Aaron Rodgers,QB,00-0023459,1.0,36.13,220.8,0.94,0.87,2.86,11.1,0.03,0.0,0.0,0.0,0.0,0.0274,72.0,34.6,35.0,246.4,162.4,0.7733621672708998,0.3689051253278631,0.8650301579822618,1.0,1.0
2025,13,0.0,2025_13_BUF_PIT,Pittsburgh Steelers,Jaylen Warren,RB,00-0037228,1.0,0.0,0.0,0.0,0.0,20.66,81.2,0.26,4.46,3.6,21.4,0.1,0.3013,72.0,34.6,35.0,246.4,162.4,0.7733621672708998,0.3689051253278631,0.8650301579822618,1.0,1.0
2025,13,0.0,2025_13_BUF_PIT,Pittsburgh Steelers,Kenneth Gainwell,RB,00-0036919,1.0,0.0,0.0,0.0,0.0,11.48,44.8,0.1,2.78,2.12,12.7,0.06,0.151,72.0,34.6,35.0,246.4,162.4,0.7733621672708998,0.3689051253278631,0.8650301579822618,1.0,1.0
2025,13,0.0,2025_13_BUF_PIT,Pittsburgh Steelers,Kaleb Johnson,RB,00-0040142,1.0,0.0,0.0,0.0,0.0,0.0,0.0,0.0,0.0,0.0,0.0,0.0,0.0,72.0,34.6,35.0,246.4,162.4,0.7733621672708998,0.3689051253278631,0.8650301579822618,1.0,1.0
2025,13,0.0,2025_13_BUF_PIT,Pittsburgh Steelers,Darnell Washington,TE,00-0038558,1.0,0.0,0.0,0.0,0.0,0.0,0.0,0.0,5.87,3.59,31.3,0.13,0.1183,72.0,34.6,35.0,246.4,162.4,0.7733621672708998,0.3689051253278631,0.8650301579822618,1.0,1.0
2025,13,0.0,2025_13_BUF_PIT,Pittsburgh Steelers,Jonnu Smith,TE,00-0033858,1.0,0.0,0.0,0.0,0.0,0.0,0.0,0.0,3.03,2.05,13.9,0.06,0.0596,72.0,34.6,35.0,246.4,162.4,0.7733621672708998,0.3689051253278631,0.8650301579822618,1.0,1.0
2025,13,0.0,2025_13_BUF_PIT,Pittsburgh Steelers,Connor Heyward,TE,00-0037304,1.0,0.0,0.0,0.0,0.0,0.0,0.0,0.0,0.0,0.0,0.0,0.0,0.0,72.0,34.6,35.0,246.4,162.4,0.7733621672708998,0.3689051253278631,0.8650301579822618,1.0,1.0
2025,13,0.0,2025_13_BUF_PIT,Pittsburgh Steelers,Pat Freiermuth,TE,00-0036894,1.0,0.0,0.0,0.0,0.0,0.0,0.0,0.0,0.0,0.0,0.0,0.0,0.0,72.0,34.6,35.0,246.4,162.4,0.7733621672708998,0.3689051253278631,0.8650301579822618,1.0,1.0
2025,13,0.0,2025_13_BUF_PIT,Pittsburgh Steelers,DK Metcalf,WR,00-0035640,1.0,0.0,0.0,0.0,0.0,0.0,0.0,0.0,8.16,4.57,47.7,0.18,0.1607,72.0,34.6,35.0,246.4,162.4,0.7733621672708998,0.3689051253278631,0.8650301579822618,1.0,1.0
2025,13,0.0,2025_13_BUF_PIT,Pittsburgh Steelers,Calvin Austin III,WR,00-0037837,1.0,0.0,0.0,0.0,0.0,0.0,0.0,0.0,6.14,3.32,36.8,0.12,0.1154,72.0,34.6,35.0,246.4,162.4,0.7733621672708998,0.3689051253278631,0.8650301579822618,1.0,1.0
2025,13,0.0,2025_13_BUF_PIT,Pittsburgh Steelers,Roman Wilson,WR,00-0039739,1.0,0.0,0.0,0.0,0.0,0.0,0.0,0.0,4.1,2.46,33.8,0.09,0.0837,72.0,34.6,35.0,246.4,162.4,0.7733621672708998,0.3689051253278631,0.8650301579822618,1.0,1.0
2025,13,0.0,2025_13_BUF_PIT,Pittsburgh Steelers,Adam Thielen,WR,00-0030035,1.0,0.0,0.0,0.0,0.0,0.0,0.0,0.0,0.0,0.0,0.0,0.0,0.0,72.0,34.6,35.0,246.4,162.4,0.7733621672708998,0.3689051253278631,0.8650301579822618,0.0,0.0
2025,13,0.0,2025_13_BUF_PIT,Pittsburgh Steelers,Ben Skowronek,WR,00-0036862,1.0,0.0,0.0,0.0,0.0,0.0,0.0,0.0,0.0,0.0,0.0,0.0,0.0,72.0,34.6,35.0,246.4,162.4,0.7733621672708998,0.3689051253278631,0.8650301579822618,1.0,1.0
2025,13,0.0,2025_13_BUF_PIT,Pittsburgh Steelers,Brandon Johnson,WR,00-0037382,1.0,0.0,0.0,0.0,0.0,0.0,0.0,0.0,0.0,0.0,0.0,0.0,0.0,72.0,34.6,35.0,246.4,162.4,0.7733621672708998,0.3689051253278631,0.8650301579822618,0.0,0.0
2025,13,0.0,2025_13_CHI_PHI,Chicago Bears,Caleb Williams,QB,00-0039918,1.0,42.97,246.4,1.46,1.09,6.48,21.3,0.13,0.0,0.0,0.0,0.0,0.1223,72.0,43.27,26.29,279.5,110.6,1.8705525226173867,0.5006186495125178,1.081681180510804,1.0,1.0
2025,13,0.0,2025_13_CHI_PHI,Chicago Bears,D'Andre Swift,RB,00-0036275,1.0,0.0,0.0,0.0,0.0,12.73,46.2,0.3,5.47,3.95,26.5,0.23,0.41,72.0,43.27,26.29,279.5,110.6,1.8705525226173867,0.5006186495125178,1.081681180510804,1.0,1.0
2025,13,0.0,2025_13_CHI_PHI,Chicago Bears,Kyle Monangai,RB,00-0040236,1.0,0.0,0.0,0.0,0.0,7.07,25.2,0.11,3.4,2.08,18.4,0.15,0.2253,72.0,43.27,26.29,279.5,110.6,1.8705525226173867,0.5006186495125178,1.081681180510804,1.0,1.0
2025,13,0.0,2025_13_CHI_PHI,Chicago Bears,Travis Homer,RB,00-0035594,1.0,0.0,0.0,0.0,0.0,0.0,0.0,0.0,0.0,0.0,0.0,0.0,0.0,72.0,43.27,26.29,279.5,110.6,1.8705525226173867,0.5006186495125178,1.081681180510804,1.0,1.0
2025,13,0.0,2025_13_CHI_PHI,Chicago Bears,Colston Loveland,TE,00-0040126,1.0,0.0,0.0,0.0,0.0,0.0,0.0,0.0,7.49,4.65,36.7,0.31,0.2653,72.0,43.27,26.29,279.5,110.6,1.8705525226173867,0.5006186495125178,1.081681180510804,1.0,1.0
2025,13,0.0,2025_13_CHI_PHI,Chicago Bears,Cole Kmet,TE,00-0036290,1.0,0.0,0.0,0.0,0.0,0.0,0.0,0.0,3.87,2.61,16.1,0.16,0.1447,72.0,43.27,26.29,279.5,110.6,1.8705525226173867,0.5006186495125178,1.081681180510804,1.0,1.0
2025,13,0.0,2025_13_CHI_PHI,Chicago Bears,Durham Smythe,TE,00-0034798,1.0,0.0,0.0,0.0,0.0,0.0,0.0,0.0,0.0,0.0,0.0,0.0,0.0,72.0,43.27,26.29,279.5,110.6,1.8705525226173867,0.5006186495125178,1.081681180510804,1.0,1.0
2025,13,0.0,2025_13_CHI_PHI,Chicago Bears,Rome Odunze,WR,00-0039919,1.0,0.0,0.0,0.0,0.0,0.0,0.0,0.0,10.19,5.09,56.6,0.43,0.3473,72.0,43.27,26.29,279.5,110.6,1.8705525226173867,0.5006186495125178,1.081681180510804,1.0,1.0
2025,13,0.0,2025_13_CHI_PHI,Chicago Bears,DJ Moore,WR,00-0034827,1.0,0.0,0.0,0.0,0.0,0.0,0.0,0.0,7.67,4.56,37.0,0.31,0.2638,72.0,43.27,26.29,279.5,110.6,1.8705525226173867,0.5006186495125178,1.081681180510804,1.0,1.0
2025,13,0.0,2025_13_CHI_PHI,Chicago Bears,Luther Burden III,WR,00-0040735,1.0,0.0,0.0,0.0,0.0,0.0,0.0,0.0,5.11,3.42,29.2,0.2,0.1836,72.0,43.27,26.29,279.5,110.6,1.8705525226173867,0.5006186495125178,1.081681180510804,1.0,1.0
2025,13,0.0,2025_13_CHI_PHI,Chicago Bears,Devin Duvernay,WR,00-0036331,1.0,0.0,0.0,0.0,0.0,0.0,0.0,0.0,0.0,0.0,0.0,0.0,0.0,72.0,43.27,26.29,279.5,110.6,1.8705525226173867,0.5006186495125178,1.081681180510804,1.0,1.0
2025,13,0.0,2025_13_CHI_PHI,Chicago Bears,Olamide Zaccheaus,WR,00-0035208,1.0,0.0,0.0,0.0,0.0,0.0,0.0,0.0,0.0,0.0,0.0,0.0,0.0,72.0,43.27,26.29,279.5,110.6,1.8705525226173867,0.5006186495125178,1.081681180510804,1.0,1.0
2025,13,0.0,2025_13_CHI_PHI,Philadelphia Eagles,Jalen Hurts,QB,00-0036389,1.0,42.84,265.5,1.85,1.19,7.2,22.9,0.13,0.0,0.0,0.0,0.0,0.1202,72.0,47.08,21.6,323.9,96.8,2.516779314111612,0.39705295938967966,1.1770995917946958,1.0,1.0
2025,13,0.0,2025_13_CHI_PHI,Philadelphia Eagles,Saquon Barkley,RB,00-0034844,1.0,0.0,0.0,0.0,0.0,9.26,35.6,0.23,6.07,4.34,29.1,0.32,0.4202,72.0,47.08,21.6,323.9,96.8,2.516779314111612,0.39705295938967966,1.1770995917946958,1.0,1.0
2025,13,0.0,2025_13_CHI_PHI,Philadelphia Eagles,Tank Bigsby,RB,00-0038555,1.0,0.0,0.0,0.0,0.0,5.14,19.8,0.08,3.78,2.29,21.2,0.2,0.2475,72.0,47.08,21.6,323.9,96.8,2.516779314111612,0.39705295938967966,1.1770995917946958,1.0,1.0
2025,13,0.0,2025_13_CHI_PHI,Philadelphia Eagles,Will Shipley,RB,00-0039746,1.0,0.0,0.0,0.0,0.0,0.0,0.0,0.0,0.0,0.0,0.0,0.0,0.0,72.0,47.08,21.6,323.9,96.8,2.516779314111612,0.39705295938967966,1.1770995917946958,1.0,1.0
2025,13,0.0,2025_13_CHI_PHI,Philadelphia Eagles,Dallas Goedert,TE,00-0034351,1.0,0.0,0.0,0.0,0.0,0.0,0.0,0.0,8.41,5.58,40.2,0.41,0.3366,72.0,47.08,21.6,323.9,96.8,2.516779314111612,0.39705295938967966,1.1770995917946958,1.0,1.0
2025,13,0.0,2025_13_CHI_PHI,Philadelphia Eagles,Grant Calcaterra,TE,00-0037086,1.0,0.0,0.0,0.0,0.0,0.0,0.0,0.0,4.35,2.9,24.3,0.22,0.1975,72.0,47.08,21.6,323.9,96.8,2.516779314111612,0.39705295938967966,1.1770995917946958,1.0,1.0
2025,13,0.0,2025_13_CHI_PHI,Philadelphia Eagles,Cameron Latu,TE,00-0038564,1.0,0.0,0.0,0.0,0.0,0.0,0.0,0.0,0.0,0.0,0.0,0.0,0.0,72.0,47.08,21.6,323.9,96.8,2.516779314111612,0.39705295938967966,1.1770995917946958,1.0,1.0
2025,13,0.0,2025_13_CHI_PHI,Philadelphia Eagles,Kylen Granson,TE,00-0036876,1.0,0.0,0.0,0.0,0.0,0.0,0.0,0.0,0.0,0.0,0.0,0.0,0.0,72.0,47.08,21.6,323.9,96.8,2.516779314111612,0.39705295938967966,1.1770995917946958,1.0,1.0
2025,13,0.0,2025_13_CHI_PHI,Philadelphia Eagles,A.J. Brown,WR,00-0035676,1.0,0.0,0.0,0.0,0.0,0.0,0.0,0.0,10.72,6.3,59.1,0.53,0.4104,72.0,47.08,21.6,323.9,96.8,2.516779314111612,0.39705295938967966,1.1770995917946958,1.0,1.0
2025,13,0.0,2025_13_CHI_PHI,Philadelphia Eagles,DeVonta Smith,WR,00-0036912,1.0,0.0,0.0,0.0,0.0,0.0,0.0,0.0,8.07,5.58,44.3,0.39,0.3261,72.0,47.08,21.6,323.9,96.8,2.516779314111612,0.39705295938967966,1.1770995917946958,1.0,1.0
2025,13,0.0,2025_13_CHI_PHI,Philadelphia Eagles,Jahan Dotson,WR,00-0037741,1.0,0.0,0.0,0.0,0.0,0.0,0.0,0.0,5.38,2.87,29.0,0.27,0.2401,72.0,47.08,21.6,323.9,96.8,2.516779314111612,0.39705295938967966,1.1770995917946958,1.0,1.0
2025,13,0.0,2025_13_CHI_PHI,Philadelphia Eagles,Britain Covey,WR,00-0037132,1.0,0.0,0.0,0.0,0.0,0.0,0.0,0.0,0.0,0.0,0.0,0.0,0.0,72.0,47.08,21.6,323.9,96.8,2.516779314111612,0.39705295938967966,1.1770995917946958,1.0,1.0
2025,13,0.0,2025_13_CHI_PHI,Philadelphia Eagles,Darius Cooper,WR,00-0040024,1.0,0.0,0.0,0.0,0.0,0.0,0.0,0.0,0.0,0.0,0.0,0.0,0.0,72.0,47.08,21.6,323.9,96.8,2.516779314111612,0.39705295938967966,1.1770995917946958,1.0,1.0
2025,13,0.0,2025_13_CIN_BAL,Baltimore Ravens,Lamar Jackson,QB,00-0034796,1.0,34.85,223.6,2.11,0.89,11.41,35.2,0.37,0.0,0.0,0.0,0.0,0.3086,72.0,35.36,34.23,240.9,151.9,2.6025211656431035,1.2888364119821047,0.8840218405734801,1.0,1.0
2025,13,0.0,2025_13_CIN_BAL,Baltimore Ravens,Derrick Henry,RB,00-0032764,1.0,0.0,0.0,0.0,0.0,14.67,53.2,0.73,4.61,3.31,23.9,0.34,0.6571,72.0,35.36,34.23,240.9,151.9,2.6025211656431035,1.2888364119821047,0.8840218405734801,1.0,1.0
2025,13,0.0,2025_13_CIN_BAL,Baltimore Ravens,Rasheen Ali,RB,00-0039796,1.0,0.0,0.0,0.0,0.0,8.15,35.4,0.26,2.87,1.88,17.6,0.21,0.3768,72.0,35.36,34.23,240.9,151.9,2.6025211656431035,1.2888364119821047,0.8840218405734801,1.0,1.0
2025,13,0.0,2025_13_CIN_BAL,Baltimore Ravens,Keaton Mitchell,RB,00-0038454,1.0,0.0,0.0,0.0,0.0,0.0,0.0,0.0,0.0,0.0,0.0,0.0,0.0,72.0,35.36,34.23,240.9,151.9,2.6025211656431035,1.2888364119821047,0.8840218405734801,1.0,1.0
2025,13,0.0,2025_13_CIN_BAL,Baltimore Ravens,Mark Andrews,TE,00-0034753,1.0,0.0,0.0,0.0,0.0,0.0,0.0,0.0,6.51,3.88,31.5,0.46,0.3688,72.0,35.36,34.23,240.9,151.9,2.6025211656431035,1.2888364119821047,0.8840218405734801,1.0,1.0
2025,13,0.0,2025_13_CIN_BAL,Baltimore Ravens,Isaiah Likely,TE,00-0037838,1.0,0.0,0.0,0.0,0.0,0.0,0.0,0.0,3.37,2.08,16.6,0.24,0.2096,72.0,35.36,34.23,240.9,151.9,2.6025211656431035,1.2888364119821047,0.8840218405734801,1.0,1.0
2025,13,0.0,2025_13_CIN_BAL,Baltimore Ravens,Baylor Cupp,TE,00-0039316,1.0,0.0,0.0,0.0,0.0,0.0,0.0,0.0,0.0,0.0,0.0,0.0,0.0,72.0,35.36,34.23,240.9,151.9,2.6025211656431035,1.2888364119821047,0.8840218405734801,0.0,0.0
2025,13,0.0,2025_13_CIN_BAL,Baltimore Ravens,Charlie Kolar,TE,00-0038046,1.0,0.0,0.0,0.0,0.0,0.0,0.0,0.0,0.0,0.0,0.0,0.0,0.0,72.0,35.36,34.23,240.9,151.9,2.6025211656431035,1.2888364119821047,0.8840218405734801,1.0,1.0
2025,13,0.0,2025_13_CIN_BAL,Baltimore Ravens,Zay Flowers,WR,00-0039064,1.0,0.0,0.0,0.0,0.0,0.0,0.0,0.0,7.69,5.19,45.6,0.52,0.4052,72.0,35.36,34.23,240.9,151.9,2.6025211656431035,1.2888364119821047,0.8840218405734801,1.0,1.0
2025,13,0.0,2025_13_CIN_BAL,Baltimore Ravens,Rashod Bateman,WR,00-0036550,1.0,0.0,0.0,0.0,0.0,0.0,0.0,0.0,5.79,3.38,34.4,0.4,0.3301,72.0,35.36,34.23,240.9,151.9,2.6025211656431035,1.2888364119821047,0.8840218405734801,1.0,1.0
2025,13,0.0,2025_13_CIN_BAL,Baltimore Ravens,DeAndre Hopkins,WR,00-0030564,1.0,0.0,0.0,0.0,0.0,0.0,0.0,0.0,3.86,2.26,21.0,0.26,0.2312,72.0,35.36,34.23,240.9,151.9,2.6025211656431035,1.2888364119821047,0.8840218405734801,1.0,1.0
2025,13,0.0,2025_13_CIN_BAL,Baltimore Ravens,Anthony Miller,WR,00-0034353,1.0,0.0,0.0,0.0,0.0,0.0,0.0,0.0,0.0,0.0,0.0,0.0,0.0,72.0,35.36,34.23,240.9,151.9,2.6025211656431035,1.2888364119821047,0.8840218405734801,0.0,0.0
2025,13,0.0,2025_13_CIN_BAL,Baltimore Ravens,Devontez Walker,WR,00-0039792,1.0,0.0,0.0,0.0,0.0,0.0,0.0,0.0,0.0,0.0,0.0,0.0,0.0,72.0,35.36,34.23,240.9,151.9,2.6025211656431035,1.2888364119821047,0.8840218405734801,1.0,1.0
2025,13,0.0,2025_13_CIN_BAL,Baltimore Ravens,LaJohntay Wester,WR,00-0040075,1.0,0.0,0.0,0.0,0.0,0.0,0.0,0.0,0.0,0.0,0.0,0.0,0.0,72.0,35.36,34.23,240.9,151.9,2.6025211656431035,1.2888364119821047,0.8840218405734801,1.0,1.0
2025,13,0.0,2025_13_CIN_BAL,Cincinnati Bengals,Joe Burrow,QB,00-0036442,1.0,43.22,276.3,1.83,1.06,3.98,14.4,0.09,0.0,0.0,0.0,0.0,0.0885,72.0,42.15,27.43,310.3,131.5,1.8627777755305233,0.5688641758406967,1.0537667938053334,1.0,1.0
2025,13,0.0,2025_13_CIN_BAL,Cincinnati Bengals,Chase Brown,RB,00-0038597,1.0,0.0,0.0,0.0,0.0,15.07,59.4,0.38,5.21,4.03,28.4,0.24,0.4611,72.0,42.15,27.43,310.3,131.5,1.8627777755305233,0.5688641758406967,1.0537667938053334,1.0,1.0
2025,13,0.0,2025_13_CIN_BAL,Cincinnati Bengals,Samaje Perine,RB,00-0033526,1.0,0.0,0.0,0.0,0.0,8.37,34.5,0.14,3.24,2.49,16.7,0.14,0.2418,72.0,42.15,27.43,310.3,131.5,1.8627777755305233,0.5688641758406967,1.0537667938053334,1.0,1.0
2025,13,0.0,2025_13_CIN_BAL,Cincinnati Bengals,Gary Brightwell,RB,00-0036569,1.0,0.0,0.0,0.0,0.0,0.0,0.0,0.0,0.0,0.0,0.0,0.0,0.0,72.0,42.15,27.43,310.3,131.5,1.8627777755305233,0.5688641758406967,1.0537667938053334,1.0,1.0
2025,13,0.0,2025_13_CIN_BAL,Cincinnati Bengals,Mike Gesicki,TE,00-0034829,1.0,0.0,0.0,0.0,0.0,0.0,0.0,0.0,7.34,4.36,39.3,0.31,0.2636,72.0,42.15,27.43,310.3,131.5,1.8627777755305233,0.5688641758406967,1.0537667938053334,1.0,1.0
2025,13,0.0,2025_13_CIN_BAL,Cincinnati Bengals,Noah Fant,TE,00-0035644,1.0,0.0,0.0,0.0,0.0,0.0,0.0,0.0,3.79,2.51,19.1,0.15,0.137,72.0,42.15,27.43,310.3,131.5,1.8627777755305233,0.5688641758406967,1.0537667938053334,1.0,1.0
2025,13,0.0,2025_13_CIN_BAL,Cincinnati Bengals,Drew Sample,TE,00-0035631,1.0,0.0,0.0,0.0,0.0,0.0,0.0,0.0,0.0,0.0,0.0,0.0,0.0,72.0,42.15,27.43,310.3,131.5,1.8627777755305233,0.5688641758406967,1.0537667938053334,1.0,1.0
2025,13,0.0,2025_13_CIN_BAL,Cincinnati Bengals,Tanner Hudson,TE,00-0034613,1.0,0.0,0.0,0.0,0.0,0.0,0.0,0.0,0.0,0.0,0.0,0.0,0.0,72.0,42.15,27.43,310.3,131.5,1.8627777755305233,0.5688641758406967,1.0537667938053334,1.0,1.0
2025,13,0.0,2025_13_CIN_BAL,Cincinnati Bengals,Ja'Marr Chase,WR,00-0036900,1.0,0.0,0.0,0.0,0.0,0.0,0.0,0.0,10.01,6.44,56.3,0.43,0.3472,72.0,42.15,27.43,310.3,131.5,1.8627777755305233,0.5688641758406967,1.0537667938053334,1.0,1.0
2025,13,0.0,2025_13_CIN_BAL,Cincinnati Bengals,Tee Higgins,WR,00-0036410,1.0,0.0,0.0,0.0,0.0,0.0,0.0,0.0,7.54,4.52,42.9,0.32,0.2771,72.0,42.15,27.43,310.3,131.5,1.8627777755305233,0.5688641758406967,1.0537667938053334,0.0,0.0
2025,13,0.0,2025_13_CIN_BAL,Cincinnati Bengals,Andrei Iosivas,WR,00-0038619,1.0,0.0,0.0,0.0,0.0,0.0,0.0,0.0,5.02,2.72,28.9,0.22,0.1939,72.0,42.15,27.43,310.3,131.5,1.8627777755305233,0.5688641758406967,1.0537667938053334,1.0,1.0
2025,13,0.0,2025_13_CIN_BAL,Cincinnati Bengals,Charlie Jones,WR,00-0038576,1.0,0.0,0.0,0.0,0.0,0.0,0.0,0.0,0.0,0.0,0.0,0.0,0.0,72.0,42.15,27.43,310.3,131.5,1.8627777755305233,0.5688641758406967,1.0537667938053334,1.0,1.0
2025,13,0.0,2025_13_CIN_BAL,Cincinnati Bengals,Cole Burgess,WR,00-0039626,1.0,0.0,0.0,0.0,0.0,0.0,0.0,0.0,0.0,0.0,0.0,0.0,0.0,72.0,42.15,27.43,310.3,131.5,1.8627777755305233,0.5688641758406967,1.0537667938053334,0.0,0.0
2025,13,0.0,2025_13_CIN_BAL,Cincinnati Bengals,Mitchell Tinsley,WR,00-0038839,1.0,0.0,0.0,0.0,0.0,0.0,0.0,0.0,0.0,0.0,0.0,0.0,0.0,72.0,42.15,27.43,310.3,131.5,1.8627777755305233,0.5688641758406967,1.0537667938053334,1.0,1.0
2025,13,0.0,2025_13_DEN_WAS,Denver Broncos,Bo Nix,QB,00-0039732,1.0,43.39,246.8,2.18,1.16,6.4,19.3,0.2,0.0,0.0,0.0,0.0,0.1776,72.0,45.73,23.61,288.6,97.1,2.780296050633735,0.6852351499324323,1.1431860413465438,1.0,1.0
2025,13,0.0,2025_13_DEN_WAS,Denver Broncos,RJ Harvey,RB,00-0040730,1.0,0.0,0.0,0.0,0.0,11.06,39.8,0.4,5.72,4.43,30.2,0.36,0.5313,72.0,45.73,23.61,288.6,97.1,2.780296050633735,0.6852351499324323,1.1431860413465438,1.0,1.0
2025,13,0.0,2025_13_DEN_WAS,Denver Broncos,Jaleel McLaughlin,RB,00-0038794,1.0,0.0,0.0,0.0,0.0,6.15,22.3,0.13,3.56,2.78,17.3,0.22,0.299,72.0,45.73,23.61,288.6,97.1,2.780296050633735,0.6852351499324323,1.1431860413465438,1.0,1.0
2025,13,0.0,2025_13_DEN_WAS,Denver Broncos,Tyler Badie,RB,00-0037085,1.0,0.0,0.0,0.0,0.0,0.0,0.0,0.0,0.0,0.0,0.0,0.0,0.0,72.0,45.73,23.61,288.6,97.1,2.780296050633735,0.6852351499324323,1.1431860413465438,1.0,1.0
2025,13,0.0,2025_13_DEN_WAS,Denver Broncos,Evan Engram,TE,00-0033881,1.0,0.0,0.0,0.0,0.0,0.0,0.0,0.0,8.11,5.28,37.5,0.43,0.3512,72.0,45.73,23.61,288.6,97.1,2.780296050633735,0.6852351499324323,1.1431860413465438,1.0,1.0
2025,13,0.0,2025_13_DEN_WAS,Denver Broncos,Nate Adkins,TE,00-0038783,1.0,0.0,0.0,0.0,0.0,0.0,0.0,0.0,4.19,2.71,23.4,0.25,0.2201,72.0,45.73,23.61,288.6,97.1,2.780296050633735,0.6852351499324323,1.1431860413465438,0.0,0.0
2025,13,0.0,2025_13_DEN_WAS,Denver Broncos,Adam Trautman,TE,00-0036422,1.0,0.0,0.0,0.0,0.0,0.0,0.0,0.0,0.0,0.0,0.0,0.0,0.0,72.0,45.73,23.61,288.6,97.1,2.780296050633735,0.6852351499324323,1.1431860413465438,1.0,1.0
2025,13,0.0,2025_13_DEN_WAS,Denver Broncos,Troy Franklin,WR,00-0039868,1.0,0.0,0.0,0.0,0.0,0.0,0.0,0.0,10.71,6.15,62.2,0.64,0.473,72.0,45.73,23.61,288.6,97.1,2.780296050633735,0.6852351499324323,1.1431860413465438,1.0,1.0
2025,13,0.0,2025_13_DEN_WAS,Denver Broncos,Courtland Sutton,WR,00-0034348,1.0,0.0,0.0,0.0,0.0,0.0,0.0,0.0,8.07,4.64,42.2,0.47,0.3768,72.0,45.73,23.61,288.6,97.1,2.780296050633735,0.6852351499324323,1.1431860413465438,1.0,1.0
2025,13,0.0,2025_13_DEN_WAS,Denver Broncos,Pat Bryant,WR,00-0040134,1.0,0.0,0.0,0.0,0.0,0.0,0.0,0.0,5.38,3.41,35.1,0.32,0.2721,72.0,45.73,23.61,288.6,97.1,2.780296050633735,0.6852351499324323,1.1431860413465438,1.0,1.0
2025,13,0.0,2025_13_DEN_WAS,Denver Broncos,Elijah Moore,WR,00-0036980,1.0,0.0,0.0,0.0,0.0,0.0,0.0,0.0,0.0,0.0,0.0,0.0,0.0,72.0,45.73,23.61,288.6,97.1,2.780296050633735,0.6852351499324323,1.1431860413465438,0.0,0.0
2025,13,0.0,2025_13_DEN_WAS,Denver Broncos,Lil'Jordan Humphrey,WR,00-0035406,1.0,0.0,0.0,0.0,0.0,0.0,0.0,0.0,0.0,0.0,0.0,0.0,0.0,72.0,45.73,23.61,288.6,97.1,2.780296050633735,0.6852351499324323,1.1431860413465438,1.0,1.0
2025,13,0.0,2025_13_DEN_WAS,Denver Broncos,Marvin Mims Jr.,WR,00-0038976,1.0,0.0,0.0,0.0,0.0,0.0,0.0,0.0,0.0,0.0,0.0,0.0,0.0,72.0,45.73,23.61,288.6,97.1,2.780296050633735,0.6852351499324323,1.1431860413465438,1.0,1.0
2025,13,0.0,2025_13_DEN_WAS,Washington Commanders,Jayden Daniels,QB,00-0039910,1.0,35.22,201.8,1.28,0.87,11.46,33.7,0.21,0.0,0.0,0.0,0.0,0.1916,72.0,34.58,34.39,213.6,138.4,1.4047829650543078,0.6702489585862634,0.8644303403257064,0.0,0.0
2025,13,0.0,2025_13_DEN_WAS,Washington Commanders,Chris Rodriguez Jr.,RB,00-0038611,1.0,0.0,0.0,0.0,0.0,14.74,51.3,0.41,4.33,3.21,26.7,0.18,0.442,72.0,34.58,34.39,213.6,138.4,1.4047829650543078,0.6702489585862634,0.8644303403257064,1.0,1.0
2025,13,0.0,2025_13_DEN_WAS,Washington Commanders,Jeremy McNichols,RB,00-0033955,1.0,0.0,0.0,0.0,0.0,8.19,29.0,0.14,2.69,1.93,12.9,0.11,0.2184,72.0,34.58,34.39,213.6,138.4,1.4047829650543078,0.6702489585862634,0.8644303403257064,1.0,1.0
2025,13,0.0,2025_13_DEN_WAS,Washington Commanders,Jacory Croskey-Merritt,RB,00-0040242,1.0,0.0,0.0,0.0,0.0,0.0,0.0,0.0,0.0,0.0,0.0,0.0,0.0,72.0,34.58,34.39,213.6,138.4,1.4047829650543078,0.6702489585862634,0.8644303403257064,1.0,1.0
2025,13,0.0,2025_13_DEN_WAS,Washington Commanders,Zach Ertz,TE,00-0030061,1.0,0.0,0.0,0.0,0.0,0.0,0.0,0.0,6.06,3.59,25.7,0.23,0.2086,72.0,34.58,34.39,213.6,138.4,1.4047829650543078,0.6702489585862634,0.8644303403257064,1.0,1.0
2025,13,0.0,2025_13_DEN_WAS,Washington Commanders,John Bates,TE,00-0036628,1.0,0.0,0.0,0.0,0.0,0.0,0.0,0.0,3.13,1.85,14.6,0.12,0.1104,72.0,34.58,34.39,213.6,138.4,1.4047829650543078,0.6702489585862634,0.8644303403257064,1.0,1.0
2025,13,0.0,2025_13_DEN_WAS,Washington Commanders,Ben Sinnott,TE,00-0039912,1.0,0.0,0.0,0.0,0.0,0.0,0.0,0.0,0.0,0.0,0.0,0.0,0.0,72.0,34.58,34.39,213.6,138.4,1.4047829650543078,0.6702489585862634,0.8644303403257064,1.0,1.0
2025,13,0.0,2025_13_DEN_WAS,Washington Commanders,Colson Yankoff,TE,00-0039686,1.0,0.0,0.0,0.0,0.0,0.0,0.0,0.0,0.0,0.0,0.0,0.0,0.0,72.0,34.58,34.39,213.6,138.4,1.4047829650543078,0.6702489585862634,0.8644303403257064,1.0,1.0
2025,13,0.0,2025_13_DEN_WAS,Washington Commanders,Gee Scott Jr.,TE,00-0040571,1.0,0.0,0.0,0.0,0.0,0.0,0.0,0.0,0.0,0.0,0.0,0.0,0.0,72.0,34.58,34.39,213.6,138.4,1.4047829650543078,0.6702489585862634,0.8644303403257064,0.0,0.0
2025,13,0.0,2025_13_DEN_WAS,Washington Commanders,Terry McLaurin,WR,00-0035659,1.0,0.0,0.0,0.0,0.0,0.0,0.0,0.0,8.08,4.88,37.8,0.31,0.263,72.0,34.58,34.39,213.6,138.4,1.4047829650543078,0.6702489585862634,0.8644303403257064,1.0,1.0
2025,13,0.0,2025_13_DEN_WAS,Washington Commanders,Deebo Samuel,WR,None,1.0,0.0,0.0,0.0,0.0,0.0,0.0,0.0,6.08,3.79,53.6,0.25,0.219,72.0,34.58,34.39,213.6,138.4,1.4047829650543078,0.6702489585862634,0.8644303403257064,0.0,0.0
2025,13,0.0,2025_13_DEN_WAS,Washington Commanders,Treylon Burks,WR,00-0037742,1.0,0.0,0.0,0.0,0.0,0.0,0.0,0.0,4.06,2.15,20.4,0.15,0.1388,72.0,34.58,34.39,213.6,138.4,1.4047829650543078,0.6702489585862634,0.8644303403257064,1.0,1.0
2025,13,0.0,2025_13_DEN_WAS,Washington Commanders,Braylon Sanders,WR,00-0037355,1.0,0.0,0.0,0.0,0.0,0.0,0.0,0.0,0.0,0.0,0.0,0.0,0.0,72.0,34.58,34.39,213.6,138.4,1.4047829650543078,0.6702489585862634,0.8644303403257064,0.0,0.0
2025,13,0.0,2025_13_DEN_WAS,Washington Commanders,Chris Moore,WR,00-0032398,1.0,0.0,0.0,0.0,0.0,0.0,0.0,0.0,0.0,0.0,0.0,0.0,0.0,72.0,34.58,34.39,213.6,138.4,1.4047829650543078,0.6702489585862634,0.8644303403257064,1.0,1.0
2025,13,0.0,2025_13_DEN_WAS,Washington Commanders,Jaylin Lane,WR,00-0040164,1.0,0.0,0.0,0.0,0.0,0.0,0.0,0.0,0.0,0.0,0.0,0.0,0.0,72.0,34.58,34.39,213.6,138.4,1.4047829650543078,0.6702489585862634,0.8644303403257064,1.0,1.0
2025,13,0.0,2025_13_GB_DET,Detroit Lions,Jared Goff,QB,00-0033106,1.0,44.4,302.6,2.44,1.17,2.8,11.1,0.1,0.0,0.0,0.0,0.0,0.0995,72.0,46.22,22.57,350.8,111.6,3.1699222092061206,0.7971145448074735,1.1555842624755592,1.0,1.0
2025,13,0.0,2025_13_GB_DET,Detroit Lions,Jahmyr Gibbs,RB,00-0039139,1.0,0.0,0.0,0.0,0.0,12.71,53.3,0.57,5.95,4.47,29.5,0.42,0.6281,72.0,46.22,22.57,350.8,111.6,3.1699222092061206,0.7971145448074735,1.1555842624755592,1.0,1.0
2025,13,0.0,2025_13_GB_DET,Detroit Lions,David Montgomery,RB,00-0035685,1.0,0.0,0.0,0.0,0.0,7.06,29.1,0.21,3.71,2.88,18.4,0.25,0.3629,72.0,46.22,22.57,350.8,111.6,3.1699222092061206,0.7971145448074735,1.1555842624755592,1.0,1.0
2025,13,0.0,2025_13_GB_DET,Detroit Lions,Jacob Saylors,RB,00-0038896,1.0,0.0,0.0,0.0,0.0,0.0,0.0,0.0,0.0,0.0,0.0,0.0,0.0,72.0,46.22,22.57,350.8,111.6,3.1699222092061206,0.7971145448074735,1.1555842624755592,1.0,1.0
2025,13,0.0,2025_13_GB_DET,Detroit Lions,Sione Vaki,RB,00-0039364,1.0,0.0,0.0,0.0,0.0,0.0,0.0,0.0,0.0,0.0,0.0,0.0,0.0,72.0,46.22,22.57,350.8,111.6,3.1699222092061206,0.7971145448074735,1.1555842624755592,1.0,1.0
2025,13,0.0,2025_13_GB_DET,Detroit Lions,Brock Wright,TE,00-0036754,1.0,0.0,0.0,0.0,0.0,0.0,0.0,0.0,8.35,5.48,46.7,0.54,0.42,72.0,46.22,22.57,350.8,111.6,3.1699222092061206,0.7971145448074735,1.1555842624755592,0.0,0.0
2025,13,0.0,2025_13_GB_DET,Detroit Lions,Ross Dwelley,TE,None,1.0,0.0,0.0,0.0,0.0,0.0,0.0,0.0,4.32,2.56,34.9,0.3,0.2563,72.0,46.22,22.57,350.8,111.6,3.1699222092061206,0.7971145448074735,1.1555842624755592,0.0,1.0
2025,13,0.0,2025_13_GB_DET,Detroit Lions,Anthony Firkser,TE,00-0033455,1.0,0.0,0.0,0.0,0.0,0.0,0.0,0.0,0.0,0.0,0.0,0.0,0.0,72.0,46.22,22.57,350.8,111.6,3.1699222092061206,0.7971145448074735,1.1555842624755592,1.0,1.0
2025,13,0.0,2025_13_GB_DET,Detroit Lions,Giovanni Ricci,TE,00-0035956,1.0,0.0,0.0,0.0,0.0,0.0,0.0,0.0,0.0,0.0,0.0,0.0,0.0,72.0,46.22,22.57,350.8,111.6,3.1699222092061206,0.7971145448074735,1.1555842624755592,0.0,0.0
2025,13,0.0,2025_13_GB_DET,Detroit Lions,Zach Horton,TE,00-0040387,1.0,0.0,0.0,0.0,0.0,0.0,0.0,0.0,0.0,0.0,0.0,0.0,0.0,72.0,46.22,22.57,350.8,111.6,3.1699222092061206,0.7971145448074735,1.1555842624755592,1.0,1.0
2025,13,0.0,2025_13_GB_DET,Detroit Lions,Amon-Ra St. Brown,WR,00-0036963,1.0,0.0,0.0,0.0,0.0,0.0,0.0,0.0,10.47,7.4,59.3,0.71,0.5066,72.0,46.22,22.57,350.8,111.6,3.1699222092061206,0.7971145448074735,1.1555842624755592,1.0,1.0
2025,13,0.0,2025_13_GB_DET,Detroit Lions,Jameson Williams,WR,00-0037240,1.0,0.0,0.0,0.0,0.0,0.0,0.0,0.0,7.88,4.54,47.3,0.5,0.3927,72.0,46.22,22.57,350.8,111.6,3.1699222092061206,0.7971145448074735,1.1555842624755592,1.0,1.0
2025,13,0.0,2025_13_GB_DET,Detroit Lions,Kalif Raymond,WR,00-0032464,1.0,0.0,0.0,0.0,0.0,0.0,0.0,0.0,5.26,3.67,30.3,0.33,0.2841,72.0,46.22,22.57,350.8,111.6,3.1699222092061206,0.7971145448074735,1.1555842624755592,0.0,0.0
2025,13,0.0,2025_13_GB_DET,Detroit Lions,Andrew Armstrong,WR,00-0040298,1.0,0.0,0.0,0.0,0.0,0.0,0.0,0.0,0.0,0.0,0.0,0.0,0.0,72.0,46.22,22.57,350.8,111.6,3.1699222092061206,0.7971145448074735,1.1555842624755592,0.0,0.0
2025,13,0.0,2025_13_GB_DET,Detroit Lions,Dominic Lovett,WR,00-0040241,1.0,0.0,0.0,0.0,0.0,0.0,0.0,0.0,0.0,0.0,0.0,0.0,0.0,72.0,46.22,22.57,350.8,111.6,3.1699222092061206,0.7971145448074735,1.1555842624755592,1.0,1.0
2025,13,0.0,2025_13_GB_DET,Detroit Lions,Isaac TeSlaa,WR,00-0040669,1.0,0.0,0.0,0.0,0.0,0.0,0.0,0.0,0.0,0.0,0.0,0.0,0.0,72.0,46.22,22.57,350.8,111.6,3.1699222092061206,0.7971145448074735,1.1555842624755592,1.0,1.0
2025,13,0.0,2025_13_GB_DET,Detroit Lions,Tom Kennedy,WR,00-0035544,1.0,0.0,0.0,0.0,0.0,0.0,0.0,0.0,0.0,0.0,0.0,0.0,0.0,72.0,46.22,22.57,350.8,111.6,3.1699222092061206,0.7971145448074735,1.1555842624755592,1.0,1.0
2025,13,0.0,2025_13_GB_DET,Green Bay Packers,Jordan Love,QB,00-0036264,1.0,32.43,195.7,1.46,0.77,4.07,13.1,0.14,0.0,0.0,0.0,0.0,0.1342,72.0,30.36,39.6,195.2,165.9,1.5477356607496469,1.335501424353764,0.7589161686891747,1.0,1.0
2025,13,0.0,2025_13_GB_DET,Green Bay Packers,Josh Jacobs,RB,00-0035700,1.0,0.0,0.0,0.0,0.0,22.84,80.4,0.94,3.83,2.89,17.1,0.19,0.6786,72.0,30.36,39.6,195.2,165.9,1.5477356607496469,1.335501424353764,0.7589161686891747,1.0,1.0
2025,13,0.0,2025_13_GB_DET,Green Bay Packers,Emanuel Wilson,RB,00-0038797,1.0,0.0,0.0,0.0,0.0,12.69,46.3,0.34,2.39,1.73,12.6,0.12,0.3708,72.0,30.36,39.6,195.2,165.9,1.5477356607496469,1.335501424353764,0.7589161686891747,1.0,1.0
2025,13,0.0,2025_13_GB_DET,Green Bay Packers,Chris Brooks,RB,00-0038685,1.0,0.0,0.0,0.0,0.0,0.0,0.0,0.0,0.0,0.0,0.0,0.0,0.0,72.0,30.36,39.6,195.2,165.9,1.5477356607496469,1.335501424353764,0.7589161686891747,1.0,1.0
2025,13,0.0,2025_13_GB_DET,Green Bay Packers,Luke Musgrave,TE,00-0039144,1.0,0.0,0.0,0.0,0.0,0.0,0.0,0.0,5.38,3.45,26.2,0.25,0.2185,72.0,30.36,39.6,195.2,165.9,1.5477356607496469,1.335501424353764,0.7589161686891747,1.0,1.0
2025,13,0.0,2025_13_GB_DET,Green Bay Packers,John FitzPatrick,TE,00-0037306,1.0,0.0,0.0,0.0,0.0,0.0,0.0,0.0,2.78,1.76,16.5,0.14,0.1308,72.0,30.36,39.6,195.2,165.9,1.5477356607496469,1.335501424353764,0.7589161686891747,1.0,1.0
2025,13,0.0,2025_13_GB_DET,Green Bay Packers,Johnny Lumpkin,TE,00-0038913,1.0,0.0,0.0,0.0,0.0,0.0,0.0,0.0,0.0,0.0,0.0,0.0,0.0,72.0,30.36,39.6,195.2,165.9,1.5477356607496469,1.335501424353764,0.7589161686891747,0.0,0.0
2025,13,0.0,2025_13_GB_DET,Green Bay Packers,Josh Whyle,TE,00-0038589,1.0,0.0,0.0,0.0,0.0,0.0,0.0,0.0,0.0,0.0,0.0,0.0,0.0,72.0,30.36,39.6,195.2,165.9,1.5477356607496469,1.335501424353764,0.7589161686891747,1.0,1.0
2025,13,0.0,2025_13_GB_DET,Green Bay Packers,Christian Watson,WR,00-0038124,1.0,0.0,0.0,0.0,0.0,0.0,0.0,0.0,7.08,4.04,38.6,0.36,0.2993,72.0,30.36,39.6,195.2,165.9,1.5477356607496469,1.335501424353764,0.7589161686891747,1.0,1.0
2025,13,0.0,2025_13_GB_DET,Green Bay Packers,Romeo Doubs,WR,00-0037816,1.0,0.0,0.0,0.0,0.0,0.0,0.0,0.0,5.33,3.2,26.8,0.27,0.2342,72.0,30.36,39.6,195.2,165.9,1.5477356607496469,1.335501424353764,0.7589161686891747,1.0,1.0
2025,13,0.0,2025_13_GB_DET,Green Bay Packers,Matthew Golden,WR,00-0040667,1.0,0.0,0.0,0.0,0.0,0.0,0.0,0.0,3.56,2.27,22.3,0.17,0.1534,72.0,30.36,39.6,195.2,165.9,1.5477356607496469,1.335501424353764,0.7589161686891747,0.0,0.0
2025,13,0.0,2025_13_GB_DET,Green Bay Packers,Dontayvion Wicks,WR,00-0038393,1.0,0.0,0.0,0.0,0.0,0.0,0.0,0.0,0.0,0.0,0.0,0.0,0.0,72.0,30.36,39.6,195.2,165.9,1.5477356607496469,1.335501424353764,0.7589161686891747,1.0,1.0
2025,13,0.0,2025_13_GB_DET,Green Bay Packers,Will Sheppard,WR,00-0040753,1.0,0.0,0.0,0.0,0.0,0.0,0.0,0.0,0.0,0.0,0.0,0.0,0.0,72.0,30.36,39.6,195.2,165.9,1.5477356607496469,1.335501424353764,0.7589161686891747,1.0,1.0
2025,13,0.0,2025_13_HOU_IND,Houston Texans,C.J. Stroud,QB,00-0039163,1.0,39.4,221.7,1.8,1.0,5.17,15.8,0.16,0.0,0.0,0.0,0.0,0.1446,72.0,39.54,29.79,232.8,114.3,2.2724641018472083,0.85101921745078,0.9885032687321753,1.0,1.0
2025,13,0.0,2025_13_HOU_IND,Houston Texans,Woody Marks,RB,00-0040583,1.0,0.0,0.0,0.0,0.0,15.83,51.9,0.54,4.87,3.2,22.3,0.29,0.5662,72.0,39.54,29.79,232.8,114.3,2.2724641018472083,0.85101921745078,0.9885032687321753,1.0,1.0
2025,13,0.0,2025_13_HOU_IND,Houston Texans,Nick Chubb,RB,00-0034791,1.0,0.0,0.0,0.0,0.0,8.79,27.8,0.19,3.03,2.04,12.5,0.17,0.3005,72.0,39.54,29.79,232.8,114.3,2.2724641018472083,0.85101921745078,0.9885032687321753,1.0,1.0
2025,13,0.0,2025_13_HOU_IND,Houston Texans,Dare Ogunbowale,RB,00-0033854,1.0,0.0,0.0,0.0,0.0,0.0,0.0,0.0,0.0,0.0,0.0,0.0,0.0,72.0,39.54,29.79,232.8,114.3,2.2724641018472083,0.85101921745078,0.9885032687321753,1.0,1.0
2025,13,0.0,2025_13_HOU_IND,Houston Texans,Dalton Schultz,TE,00-0034383,1.0,0.0,0.0,0.0,0.0,0.0,0.0,0.0,7.12,4.39,30.1,0.37,0.3079,72.0,39.54,29.79,232.8,114.3,2.2724641018472083,0.85101921745078,0.9885032687321753,1.0,1.0
2025,13,0.0,2025_13_HOU_IND,Houston Texans,Cade Stover,TE,00-0039359,1.0,0.0,0.0,0.0,0.0,0.0,0.0,0.0,3.68,2.34,17.9,0.2,0.1814,72.0,39.54,29.79,232.8,114.3,2.2724641018472083,0.85101921745078,0.9885032687321753,1.0,1.0
2025,13,0.0,2025_13_HOU_IND,Houston Texans,Dalton Keene,TE,00-0036225,1.0,0.0,0.0,0.0,0.0,0.0,0.0,0.0,0.0,0.0,0.0,0.0,0.0,72.0,39.54,29.79,232.8,114.3,2.2724641018472083,0.85101921745078,0.9885032687321753,0.0,0.0
2025,13,0.0,2025_13_HOU_IND,Houston Texans,Nico Collins,WR,00-0036554,1.0,0.0,0.0,0.0,0.0,0.0,0.0,0.0,9.24,5.53,41.8,0.5,0.3954,72.0,39.54,29.79,232.8,114.3,2.2724641018472083,0.85101921745078,0.9885032687321753,1.0,1.0
2025,13,0.0,2025_13_HOU_IND,Houston Texans,Jayden Higgins,WR,00-0040130,1.0,0.0,0.0,0.0,0.0,0.0,0.0,0.0,6.96,4.09,37.5,0.38,0.3166,72.0,39.54,29.79,232.8,114.3,2.2724641018472083,0.85101921745078,0.9885032687321753,1.0,1.0
2025,13,0.0,2025_13_HOU_IND,Houston Texans,Xavier Hutchinson,WR,00-0038618,1.0,0.0,0.0,0.0,0.0,0.0,0.0,0.0,4.64,2.45,22.5,0.25,0.219,72.0,39.54,29.79,232.8,114.3,2.2724641018472083,0.85101921745078,0.9885032687321753,1.0,1.0
2025,13,0.0,2025_13_HOU_IND,Houston Texans,Braxton Berrios,WR,00-0034419,1.0,0.0,0.0,0.0,0.0,0.0,0.0,0.0,0.0,0.0,0.0,0.0,0.0,72.0,39.54,29.79,232.8,114.3,2.2724641018472083,0.85101921745078,0.9885032687321753,0.0,0.0
2025,13,0.0,2025_13_HOU_IND,Houston Texans,Christian Kirk,WR,00-0034775,1.0,0.0,0.0,0.0,0.0,0.0,0.0,0.0,0.0,0.0,0.0,0.0,0.0,72.0,39.54,29.79,232.8,114.3,2.2724641018472083,0.85101921745078,0.9885032687321753,1.0,1.0
2025,13,0.0,2025_13_HOU_IND,Houston Texans,Daniel Jackson,WR,00-0040412,1.0,0.0,0.0,0.0,0.0,0.0,0.0,0.0,0.0,0.0,0.0,0.0,0.0,72.0,39.54,29.79,232.8,114.3,2.2724641018472083,0.85101921745078,0.9885032687321753,0.0,0.0
2025,13,0.0,2025_13_HOU_IND,Houston Texans,Jaylin Noel,WR,00-0040138,1.0,0.0,0.0,0.0,0.0,0.0,0.0,0.0,0.0,0.0,0.0,0.0,0.0,72.0,39.54,29.79,232.8,114.3,2.2724641018472083,0.85101921745078,0.9885032687321753,1.0,1.0
2025,13,0.0,2025_13_HOU_IND,Indianapolis Colts,Daniel Jones,QB,00-0035710,1.0,42.79,276.0,2.23,1.12,7.02,24.7,0.23,0.0,0.0,0.0,0.0,0.2016,69.62,44.23,22.28,335.7,110.2,3.261712645092637,0.7441272392124056,1.1056706454409255,1.0,1.0
2025,13,0.0,2025_13_HOU_IND,Indianapolis Colts,Jonathan Taylor,RB,00-0036223,1.0,0.0,0.0,0.0,0.0,9.81,40.8,0.44,5.7,3.92,29.7,0.42,0.575,69.62,44.23,22.28,335.7,110.2,3.261712645092637,0.7441272392124056,1.1056706454409255,1.0,1.0
2025,13,0.0,2025_13_HOU_IND,Indianapolis Colts,Ameer Abdullah,RB,00-0032104,1.0,0.0,0.0,0.0,0.0,5.45,24.1,0.15,3.55,2.77,18.1,0.27,0.3397,69.62,44.23,22.28,335.7,110.2,3.261712645092637,0.7441272392124056,1.1056706454409255,1.0,1.0
2025,13,0.0,2025_13_HOU_IND,Indianapolis Colts,Tyler Goodson,RB,00-0037120,1.0,0.0,0.0,0.0,0.0,0.0,0.0,0.0,0.0,0.0,0.0,0.0,0.0,69.62,44.23,22.28,335.7,110.2,3.261712645092637,0.7441272392124056,1.1056706454409255,1.0,1.0
2025,13,0.0,2025_13_HOU_IND,Indianapolis Colts,Tyler Warren,TE,00-0040128,1.0,0.0,0.0,0.0,0.0,0.0,0.0,0.0,7.66,4.44,42.7,0.55,0.4219,69.62,44.23,22.28,335.7,110.2,3.261712645092637,0.7441272392124056,1.1056706454409255,1.0,1.0
2025,13,0.0,2025_13_HOU_IND,Indianapolis Colts,Mo Alie-Cox,TE,00-0033217,1.0,0.0,0.0,0.0,0.0,0.0,0.0,0.0,3.96,2.29,22.3,0.29,0.2502,69.62,44.23,22.28,335.7,110.2,3.261712645092637,0.7441272392124056,1.1056706454409255,1.0,1.0
2025,13,0.0,2025_13_HOU_IND,Indianapolis Colts,Andrew Ogletree,TE,00-0037292,1.0,0.0,0.0,0.0,0.0,0.0,0.0,0.0,0.0,0.0,0.0,0.0,0.0,69.62,44.23,22.28,335.7,110.2,3.261712645092637,0.7441272392124056,1.1056706454409255,1.0,1.0
2025,13,0.0,2025_13_HOU_IND,Indianapolis Colts,Michael Pittman Jr.,WR,None,1.0,0.0,0.0,0.0,0.0,0.0,0.0,0.0,10.34,6.35,116.0,0.76,0.5335,69.62,44.23,22.28,335.7,110.2,3.261712645092637,0.7441272392124056,1.1056706454409255,0.0,0.0
2025,13,0.0,2025_13_HOU_IND,Indianapolis Colts,Alec Pierce,WR,00-0037664,1.0,0.0,0.0,0.0,0.0,0.0,0.0,0.0,7.79,3.92,45.5,0.52,0.4067,69.62,44.23,22.28,335.7,110.2,3.261712645092637,0.7441272392124056,1.1056706454409255,1.0,1.0
2025,13,0.0,2025_13_HOU_IND,Indianapolis Colts,Josh Downs,WR,00-0038997,1.0,0.0,0.0,0.0,0.0,0.0,0.0,0.0,5.19,3.24,27.9,0.36,0.3023,69.62,44.23,22.28,335.7,110.2,3.261712645092637,0.7441272392124056,1.1056706454409255,1.0,1.0
2025,13,0.0,2025_13_HOU_IND,Indianapolis Colts,Ajou Ajou,WR,00-0039957,1.0,0.0,0.0,0.0,0.0,0.0,0.0,0.0,0.0,0.0,0.0,0.0,0.0,69.62,44.23,22.28,335.7,110.2,3.261712645092637,0.7441272392124056,1.1056706454409255,0.0,0.0
2025,13,0.0,2025_13_HOU_IND,Indianapolis Colts,Anthony Gould,WR,00-0039816,1.0,0.0,0.0,0.0,0.0,0.0,0.0,0.0,0.0,0.0,0.0,0.0,0.0,69.62,44.23,22.28,335.7,110.2,3.261712645092637,0.7441272392124056,1.1056706454409255,1.0,1.0
2025,13,0.0,2025_13_HOU_IND,Indianapolis Colts,Laquon Treadwell,WR,00-0032951,1.0,0.0,0.0,0.0,0.0,0.0,0.0,0.0,0.0,0.0,0.0,0.0,0.0,69.62,44.23,22.28,335.7,110.2,3.261712645092637,0.7441272392124056,1.1056706454409255,1.0,1.0
2025,13,0.0,2025_13_JAX_TEN,Jacksonville Jaguars,Trevor Lawrence,QB,00-0036971,1.0,39.52,211.6,1.8,1.0,4.47,11.9,0.15,0.0,0.0,0.0,0.0,0.1415,72.0,39.63,29.51,222.3,107.9,2.448819019818437,0.8777690824211746,0.9908369425288657,1.0,1.0
2025,13,0.0,2025_13_JAX_TEN,Jacksonville Jaguars,Travis Etienne Jr.,RB,None,1.0,0.0,0.0,0.0,0.0,16.1,65.8,0.55,5.03,3.51,27.4,0.31,0.5791,72.0,39.63,29.51,222.3,107.9,2.448819019818437,0.8777690824211746,0.9908369425288657,0.0,0.0
2025,13,0.0,2025_13_JAX_TEN,Jacksonville Jaguars,Bhayshul Tuten,RB,00-0040719,1.0,0.0,0.0,0.0,0.0,8.94,28.3,0.22,3.13,2.24,15.1,0.19,0.3411,72.0,39.63,29.51,222.3,107.9,2.448819019818437,0.8777690824211746,0.9908369425288657,1.0,1.0
2025,13,0.0,2025_13_JAX_TEN,Jacksonville Jaguars,LeQuint Allen Jr.,RB,00-0040238,1.0,0.0,0.0,0.0,0.0,0.0,0.0,0.0,0.0,0.0,0.0,0.0,0.0,72.0,39.63,29.51,222.3,107.9,2.448819019818437,0.8777690824211746,0.9908369425288657,1.0,1.0
2025,13,0.0,2025_13_JAX_TEN,Jacksonville Jaguars,Brenton Strange,TE,00-0038935,1.0,0.0,0.0,0.0,0.0,0.0,0.0,0.0,6.96,4.33,28.8,0.4,0.332,72.0,39.63,29.51,222.3,107.9,2.448819019818437,0.8777690824211746,0.9908369425288657,1.0,1.0
2025,13,0.0,2025_13_JAX_TEN,Jacksonville Jaguars,Johnny Mundt,TE,00-0033246,1.0,0.0,0.0,0.0,0.0,0.0,0.0,0.0,3.6,2.23,14.4,0.21,0.1865,72.0,39.63,29.51,222.3,107.9,2.448819019818437,0.8777690824211746,0.9908369425288657,1.0,1.0
2025,13,0.0,2025_13_JAX_TEN,Jacksonville Jaguars,Hunter Long,TE,00-0037004,1.0,0.0,0.0,0.0,0.0,0.0,0.0,0.0,0.0,0.0,0.0,0.0,0.0,72.0,39.63,29.51,222.3,107.9,2.448819019818437,0.8777690824211746,0.9908369425288657,0.0,0.0
2025,13,0.0,2025_13_JAX_TEN,Jacksonville Jaguars,John Copenhaver,TE,00-0040327,1.0,0.0,0.0,0.0,0.0,0.0,0.0,0.0,0.0,0.0,0.0,0.0,0.0,72.0,39.63,29.51,222.3,107.9,2.448819019818437,0.8777690824211746,0.9908369425288657,0.0,0.0
2025,13,0.0,2025_13_JAX_TEN,Jacksonville Jaguars,Quintin Morris,TE,00-0036590,1.0,0.0,0.0,0.0,0.0,0.0,0.0,0.0,0.0,0.0,0.0,0.0,0.0,72.0,39.63,29.51,222.3,107.9,2.448819019818437,0.8777690824211746,0.9908369425288657,1.0,1.0
2025,13,0.0,2025_13_JAX_TEN,Jacksonville Jaguars,Brian Thomas Jr.,WR,00-0039893,1.0,0.0,0.0,0.0,0.0,0.0,0.0,0.0,9.2,5.12,44.3,0.53,0.4096,72.0,39.63,29.51,222.3,107.9,2.448819019818437,0.8777690824211746,0.9908369425288657,1.0,1.0
2025,13,0.0,2025_13_JAX_TEN,Jacksonville Jaguars,Jakobi Meyers,WR,00-0034960,1.0,0.0,0.0,0.0,0.0,0.0,0.0,0.0,6.93,4.44,31.8,0.4,0.3322,72.0,39.63,29.51,222.3,107.9,2.448819019818437,0.8777690824211746,0.9908369425288657,1.0,1.0
2025,13,0.0,2025_13_JAX_TEN,Jacksonville Jaguars,Parker Washington,WR,00-0038606,1.0,0.0,0.0,0.0,0.0,0.0,0.0,0.0,4.62,2.81,22.3,0.28,0.243,72.0,39.63,29.51,222.3,107.9,2.448819019818437,0.8777690824211746,0.9908369425288657,1.0,1.0
2025,13,0.0,2025_13_JAX_TEN,Jacksonville Jaguars,Austin Trammell,WR,00-0036841,1.0,0.0,0.0,0.0,0.0,0.0,0.0,0.0,0.0,0.0,0.0,0.0,0.0,72.0,39.63,29.51,222.3,107.9,2.448819019818437,0.8777690824211746,0.9908369425288657,1.0,1.0
2025,13,0.0,2025_13_JAX_TEN,Jacksonville Jaguars,Cam Camper,WR,00-0040324,1.0,0.0,0.0,0.0,0.0,0.0,0.0,0.0,0.0,0.0,0.0,0.0,0.0,72.0,39.63,29.51,222.3,107.9,2.448819019818437,0.8777690824211746,0.9908369425288657,0.0,0.0
2025,13,0.0,2025_13_JAX_TEN,Jacksonville Jaguars,Tim Patrick,WR,00-0033375,1.0,0.0,0.0,0.0,0.0,0.0,0.0,0.0,0.0,0.0,0.0,0.0,0.0,72.0,39.63,29.51,222.3,107.9,2.448819019818437,0.8777690824211746,0.9908369425288657,1.0,1.0
2025,13,0.0,2025_13_JAX_TEN,Tennessee Titans,Cam Ward,QB,00-0040676,1.0,48.0,327.9,2.21,1.18,0.84,3.4,0.02,0.0,0.0,0.0,0.0,0.0184,72.0,46.86,21.6,350.4,105.2,2.3870456884751974,0.48148234953102875,1.1715161168489547,1.0,1.0
2025,13,0.0,2025_13_JAX_TEN,Tennessee Titans,Tony Pollard,RB,00-0035261,1.0,0.0,0.0,0.0,0.0,13.35,55.4,0.35,5.76,4.02,29.8,0.29,0.4751,72.0,46.86,21.6,350.4,105.2,2.3870456884751974,0.48148234953102875,1.1715161168489547,1.0,1.0
2025,13,0.0,2025_13_JAX_TEN,Tennessee Titans,Tyjae Spears,RB,00-0039032,1.0,0.0,0.0,0.0,0.0,7.41,30.9,0.12,3.59,2.72,18.2,0.18,0.2613,72.0,46.86,21.6,350.4,105.2,2.3870456884751974,0.48148234953102875,1.1715161168489547,1.0,1.0
2025,13,0.0,2025_13_JAX_TEN,Tennessee Titans,Julius Chestnut,RB,00-0037594,1.0,0.0,0.0,0.0,0.0,0.0,0.0,0.0,0.0,0.0,0.0,0.0,0.0,72.0,46.86,21.6,350.4,105.2,2.3870456884751974,0.48148234953102875,1.1715161168489547,1.0,1.0
2025,13,0.0,2025_13_JAX_TEN,Tennessee Titans,Kalel Mullings,RB,00-0040205,1.0,0.0,0.0,0.0,0.0,0.0,0.0,0.0,0.0,0.0,0.0,0.0,0.0,72.0,46.86,21.6,350.4,105.2,2.3870456884751974,0.48148234953102875,1.1715161168489547,1.0,1.0
2025,13,0.0,2025_13_JAX_TEN,Tennessee Titans,Gunnar Helm,TE,00-0040584,1.0,0.0,0.0,0.0,0.0,0.0,0.0,0.0,8.46,5.95,55.9,0.41,0.3368,72.0,46.86,21.6,350.4,105.2,2.3870456884751974,0.48148234953102875,1.1715161168489547,1.0,1.0
2025,13,0.0,2025_13_JAX_TEN,Tennessee Titans,Chig Okonkwo,TE,00-0037809,1.0,0.0,0.0,0.0,0.0,0.0,0.0,0.0,4.37,2.77,22.5,0.19,0.175,72.0,46.86,21.6,350.4,105.2,2.3870456884751974,0.48148234953102875,1.1715161168489547,1.0,1.0
2025,13,0.0,2025_13_JAX_TEN,Tennessee Titans,Cole Turner,TE,00-0037078,1.0,0.0,0.0,0.0,0.0,0.0,0.0,0.0,0.0,0.0,0.0,0.0,0.0,72.0,46.86,21.6,350.4,105.2,2.3870456884751974,0.48148234953102875,1.1715161168489547,0.0,0.0
2025,13,0.0,2025_13_JAX_TEN,Tennessee Titans,David Martin-Robinson,TE,00-0039648,1.0,0.0,0.0,0.0,0.0,0.0,0.0,0.0,0.0,0.0,0.0,0.0,0.0,72.0,46.86,21.6,350.4,105.2,2.3870456884751974,0.48148234953102875,1.1715161168489547,1.0,1.0
2025,13,0.0,2025_13_JAX_TEN,Tennessee Titans,Elic Ayomanor,WR,00-0040170,1.0,0.0,0.0,0.0,0.0,0.0,0.0,0.0,10.94,5.16,72.7,0.52,0.4055,72.0,46.86,21.6,350.4,105.2,2.3870456884751974,0.48148234953102875,1.1715161168489547,1.0,1.0
2025,13,0.0,2025_13_JAX_TEN,Tennessee Titans,Chimere Dike,WR,00-0040705,1.0,0.0,0.0,0.0,0.0,0.0,0.0,0.0,8.24,5.09,57.1,0.41,0.3381,72.0,46.86,21.6,350.4,105.2,2.3870456884751974,0.48148234953102875,1.1715161168489547,1.0,1.0
2025,13,0.0,2025_13_JAX_TEN,Tennessee Titans,Van Jefferson,WR,00-0036415,1.0,0.0,0.0,0.0,0.0,0.0,0.0,0.0,5.49,2.83,31.0,0.25,0.2249,72.0,46.86,21.6,350.4,105.2,2.3870456884751974,0.48148234953102875,1.1715161168489547,1.0,1.0
2025,13,0.0,2025_13_JAX_TEN,Tennessee Titans,James Proche,WR,00-0036133,1.0,0.0,0.0,0.0,0.0,0.0,0.0,0.0,0.0,0.0,0.0,0.0,0.0,72.0,46.86,21.6,350.4,105.2,2.3870456884751974,0.48148234953102875,1.1715161168489547,1.0,1.0
2025,13,0.0,2025_13_JAX_TEN,Tennessee Titans,Xavier Restrepo,WR,00-0040522,1.0,0.0,0.0,0.0,0.0,0.0,0.0,0.0,0.0,0.0,0.0,0.0,0.0,72.0,46.86,21.6,350.4,105.2,2.3870456884751974,0.48148234953102875,1.1715161168489547,1.0,1.0
2025,13,0.0,2025_13_KC_DAL,Dallas Cowboys,Dak Prescott,QB,00-0033077,1.0,37.91,230.0,2.06,0.89,2.16,6.9,0.08,0.0,0.0,0.0,0.0,0.0811,58.87,35.26,21.56,235.3,93.7,2.4676113630588343,0.7599063434004645,0.8814412613078434,1.0,1.0
2025,13,0.0,2025_13_KC_DAL,Dallas Cowboys,Javonte Williams,RB,00-0036997,1.0,0.0,0.0,0.0,0.0,12.47,44.8,0.54,4.52,3.21,21.1,0.32,0.5792,58.87,35.26,21.56,235.3,93.7,2.4676113630588343,0.7599063434004645,0.8814412613078434,1.0,1.0
2025,13,0.0,2025_13_KC_DAL,Dallas Cowboys,Malik Davis,RB,00-0037563,1.0,0.0,0.0,0.0,0.0,6.93,27.2,0.18,2.81,1.92,16.7,0.2,0.3158,58.87,35.26,21.56,235.3,93.7,2.4676113630588343,0.7599063434004645,0.8814412613078434,1.0,1.0
2025,13,0.0,2025_13_KC_DAL,Dallas Cowboys,Jake Ferguson,TE,00-0038041,1.0,0.0,0.0,0.0,0.0,0.0,0.0,0.0,6.15,4.14,30.5,0.41,0.3377,58.87,35.26,21.56,235.3,93.7,2.4676113630588343,0.7599063434004645,0.8814412613078434,1.0,1.0
2025,13,0.0,2025_13_KC_DAL,Dallas Cowboys,Luke Schoonmaker,TE,00-0038547,1.0,0.0,0.0,0.0,0.0,0.0,0.0,0.0,3.18,1.85,16.5,0.2,0.1847,58.87,35.26,21.56,235.3,93.7,2.4676113630588343,0.7599063434004645,0.8814412613078434,1.0,1.0
2025,13,0.0,2025_13_KC_DAL,Dallas Cowboys,Brevyn Spann-Ford,TE,00-0039530,1.0,0.0,0.0,0.0,0.0,0.0,0.0,0.0,0.0,0.0,0.0,0.0,0.0,58.87,35.26,21.56,235.3,93.7,2.4676113630588343,0.7599063434004645,0.8814412613078434,1.0,1.0
2025,13,0.0,2025_13_KC_DAL,Dallas Cowboys,John Stephens Jr.,TE,00-0038741,1.0,0.0,0.0,0.0,0.0,0.0,0.0,0.0,0.0,0.0,0.0,0.0,0.0,58.87,35.26,21.56,235.3,93.7,2.4676113630588343,0.7599063434004645,0.8814412613078434,0.0,0.0
2025,13,0.0,2025_13_KC_DAL,Dallas Cowboys,CeeDee Lamb,WR,00-0036358,1.0,0.0,0.0,0.0,0.0,0.0,0.0,0.0,8.25,5.08,41.2,0.55,0.4205,58.87,35.26,21.56,235.3,93.7,2.4676113630588343,0.7599063434004645,0.8814412613078434,1.0,1.0
2025,13,0.0,2025_13_KC_DAL,Dallas Cowboys,George Pickens,WR,00-0037247,1.0,0.0,0.0,0.0,0.0,0.0,0.0,0.0,6.21,3.43,30.2,0.41,0.3352,58.87,35.26,21.56,235.3,93.7,2.4676113630588343,0.7599063434004645,0.8814412613078434,1.0,1.0
2025,13,0.0,2025_13_KC_DAL,Dallas Cowboys,Ryan Flournoy,WR,00-0039410,1.0,0.0,0.0,0.0,0.0,0.0,0.0,0.0,4.14,2.63,24.0,0.27,0.2393,58.87,35.26,21.56,235.3,93.7,2.4676113630588343,0.7599063434004645,0.8814412613078434,1.0,1.0
2025,13,0.0,2025_13_KC_DAL,Dallas Cowboys,Jalen Tolbert,WR,00-0037666,1.0,0.0,0.0,0.0,0.0,0.0,0.0,0.0,0.0,0.0,0.0,0.0,0.0,58.87,35.26,21.56,235.3,93.7,2.4676113630588343,0.7599063434004645,0.8814412613078434,1.0,1.0
2025,13,0.0,2025_13_KC_DAL,Dallas Cowboys,KaVontae Turpin,WR,00-0037801,1.0,0.0,0.0,0.0,0.0,0.0,0.0,0.0,0.0,0.0,0.0,0.0,0.0,58.87,35.26,21.56,235.3,93.7,2.4676113630588343,0.7599063434004645,0.8814412613078434,1.0,1.0
2025,13,0.0,2025_13_KC_DAL,Kansas City Chiefs,Patrick Mahomes,QB,00-0033873,1.0,42.15,249.4,2.32,1.05,4.8,16.3,0.23,0.0,0.0,0.0,0.0,0.2018,72.0,41.68,27.75,274.2,118.9,2.9950956689228767,1.04604064804129,1.0419734530304654,1.0,1.0
2025,13,0.0,2025_13_KC_DAL,Kansas City Chiefs,Kareem Hunt,RB,00-0033923,1.0,0.0,0.0,0.0,0.0,10.32,36.7,0.61,5.32,3.67,26.2,0.41,0.6372,72.0,41.68,27.75,274.2,118.9,2.9950956689228767,1.04604064804129,1.0419734530304654,1.0,1.0
2025,13,0.0,2025_13_KC_DAL,Kansas City Chiefs,Isiah Pacheco,RB,00-0037197,1.0,0.0,0.0,0.0,0.0,12.63,44.4,0.3,3.31,2.54,15.5,0.24,0.4195,72.0,41.68,27.75,274.2,118.9,2.9950956689228767,1.04604064804129,1.0419734530304654,1.0,1.0
2025,13,0.0,2025_13_KC_DAL,Kansas City Chiefs,Brashard Smith,RB,00-0040078,1.0,0.0,0.0,0.0,0.0,0.0,0.0,0.0,0.0,0.0,0.0,0.0,0.0,72.0,41.68,27.75,274.2,118.9,2.9950956689228767,1.04604064804129,1.0419734530304654,1.0,1.0
2025,13,0.0,2025_13_KC_DAL,Kansas City Chiefs,Travis Kelce,TE,00-0030506,1.0,0.0,0.0,0.0,0.0,0.0,0.0,0.0,7.6,4.82,32.0,0.51,0.3995,72.0,41.68,27.75,274.2,118.9,2.9950956689228767,1.04604064804129,1.0419734530304654,1.0,1.0
2025,13,0.0,2025_13_KC_DAL,Kansas City Chiefs,Noah Gray,TE,00-0036637,1.0,0.0,0.0,0.0,0.0,0.0,0.0,0.0,3.93,2.45,17.1,0.25,0.2244,72.0,41.68,27.75,274.2,118.9,2.9950956689228767,1.04604064804129,1.0419734530304654,0.0,0.0
2025,13,0.0,2025_13_KC_DAL,Kansas City Chiefs,Geor'Quarius Spivey,TE,00-0039941,1.0,0.0,0.0,0.0,0.0,0.0,0.0,0.0,0.0,0.0,0.0,0.0,0.0,72.0,41.68,27.75,274.2,118.9,2.9950956689228767,1.04604064804129,1.0419734530304654,0.0,0.0
2025,13,0.0,2025_13_KC_DAL,Kansas City Chiefs,Jared Wiley,TE,00-0039824,1.0,0.0,0.0,0.0,0.0,0.0,0.0,0.0,0.0,0.0,0.0,0.0,0.0,72.0,41.68,27.75,274.2,118.9,2.9950956689228767,1.04604064804129,1.0419734530304654,1.0,1.0
2025,13,0.0,2025_13_KC_DAL,Kansas City Chiefs,Robert Tonyan,TE,00-0033757,1.0,0.0,0.0,0.0,0.0,0.0,0.0,0.0,0.0,0.0,0.0,0.0,0.0,72.0,41.68,27.75,274.2,118.9,2.9950956689228767,1.04604064804129,1.0419734530304654,1.0,1.0
2025,13,0.0,2025_13_KC_DAL,Kansas City Chiefs,Rashee Rice,WR,00-0039067,1.0,0.0,0.0,0.0,0.0,0.0,0.0,0.0,9.55,6.85,56.0,0.68,0.4957,72.0,41.68,27.75,274.2,118.9,2.9950956689228767,1.04604064804129,1.0419734530304654,1.0,1.0
2025,13,0.0,2025_13_KC_DAL,Kansas City Chiefs,Xavier Worthy,WR,00-0039894,1.0,0.0,0.0,0.0,0.0,0.0,0.0,0.0,7.19,4.37,42.0,0.5,0.3939,72.0,41.68,27.75,274.2,118.9,2.9950956689228767,1.04604064804129,1.0419734530304654,1.0,1.0
2025,13,0.0,2025_13_KC_DAL,Kansas City Chiefs,Marquise Brown,WR,00-0035662,1.0,0.0,0.0,0.0,0.0,0.0,0.0,0.0,4.79,2.55,24.6,0.32,0.2743,72.0,41.68,27.75,274.2,118.9,2.9950956689228767,1.04604064804129,1.0419734530304654,1.0,1.0
2025,13,0.0,2025_13_KC_DAL,Kansas City Chiefs,Elijhah Badger,WR,00-0040080,1.0,0.0,0.0,0.0,0.0,0.0,0.0,0.0,0.0,0.0,0.0,0.0,0.0,72.0,41.68,27.75,274.2,118.9,2.9950956689228767,1.04604064804129,1.0419734530304654,0.0,0.0
2025,13,0.0,2025_13_KC_DAL,Kansas City Chiefs,Jalen Royals,WR,00-0040646,1.0,0.0,0.0,0.0,0.0,0.0,0.0,0.0,0.0,0.0,0.0,0.0,0.0,72.0,41.68,27.75,274.2,118.9,2.9950956689228767,1.04604064804129,1.0419734530304654,0.0,0.0
2025,13,0.0,2025_13_KC_DAL,Kansas City Chiefs,JuJu Smith-Schuster,WR,00-0033857,1.0,0.0,0.0,0.0,0.0,0.0,0.0,0.0,0.0,0.0,0.0,0.0,0.0,72.0,41.68,27.75,274.2,118.9,2.9950956689228767,1.04604064804129,1.0419734530304654,1.0,1.0
2025,13,0.0,2025_13_KC_DAL,Kansas City Chiefs,Nikko Remigio,WR,00-0038519,1.0,0.0,0.0,0.0,0.0,0.0,0.0,0.0,0.0,0.0,0.0,0.0,0.0,72.0,41.68,27.75,274.2,118.9,2.9950956689228767,1.04604064804129,1.0419734530304654,1.0,1.0
2025,13,0.0,2025_13_KC_DAL,Kansas City Chiefs,Tyquan Thornton,WR,00-0038104,1.0,0.0,0.0,0.0,0.0,0.0,0.0,0.0,0.0,0.0,0.0,0.0,0.0,72.0,41.68,27.75,274.2,118.9,2.9950956689228767,1.04604064804129,1.0419734530304654,1.0,1.0
2025,13,0.0,2025_13_LA_CAR,Carolina Panthers,Bryce Young,QB,00-0039150,1.0,36.59,234.5,1.42,0.91,2.88,11.4,0.04,0.0,0.0,0.0,0.0,0.0429,55.19,36.08,16.56,273.9,81.9,1.844499053910971,0.2539207637116039,0.9020127890731073,1.0,1.0
2025,13,0.0,2025_13_LA_CAR,Carolina Panthers,Rico Dowdle,RB,00-0036139,1.0,0.0,0.0,0.0,0.0,8.79,35.8,0.16,4.5,3.41,24.9,0.24,0.3273,55.19,36.08,16.56,273.9,81.9,1.844499053910971,0.2539207637116039,0.9020127890731073,1.0,1.0
2025,13,0.0,2025_13_LA_CAR,Carolina Panthers,Chuba Hubbard,RB,00-0036555,1.0,0.0,0.0,0.0,0.0,4.88,20.6,0.06,2.8,2.08,14.1,0.14,0.1824,55.19,36.08,16.56,273.9,81.9,1.844499053910971,0.2539207637116039,0.9020127890731073,1.0,1.0
2025,13,0.0,2025_13_LA_CAR,Carolina Panthers,Trevor Etienne,RB,00-0040644,1.0,0.0,0.0,0.0,0.0,0.0,0.0,0.0,0.0,0.0,0.0,0.0,0.0,55.19,36.08,16.56,273.9,81.9,1.844499053910971,0.2539207637116039,0.9020127890731073,1.0,1.0
2025,13,0.0,2025_13_LA_CAR,Carolina Panthers,Tommy Tremble,TE,00-0037005,1.0,0.0,0.0,0.0,0.0,0.0,0.0,0.0,6.45,3.95,34.9,0.31,0.2634,55.19,36.08,16.56,273.9,81.9,1.844499053910971,0.2539207637116039,0.9020127890731073,1.0,1.0
2025,13,0.0,2025_13_LA_CAR,Carolina Panthers,Ja'Tavion Sanders,TE,00-0039356,1.0,0.0,0.0,0.0,0.0,0.0,0.0,0.0,3.33,2.2,17.8,0.16,0.1516,55.19,36.08,16.56,273.9,81.9,1.844499053910971,0.2539207637116039,0.9020127890731073,1.0,1.0
2025,13,0.0,2025_13_LA_CAR,Carolina Panthers,Dominique Dafney,TE,00-0036456,1.0,0.0,0.0,0.0,0.0,0.0,0.0,0.0,0.0,0.0,0.0,0.0,0.0,55.19,36.08,16.56,273.9,81.9,1.844499053910971,0.2539207637116039,0.9020127890731073,0.0,0.0
2025,13,0.0,2025_13_LA_CAR,Carolina Panthers,James Mitchell,TE,00-0037282,1.0,0.0,0.0,0.0,0.0,0.0,0.0,0.0,0.0,0.0,0.0,0.0,0.0,55.19,36.08,16.56,273.9,81.9,1.844499053910971,0.2539207637116039,0.9020127890731073,1.0,1.0
2025,13,0.0,2025_13_LA_CAR,Carolina Panthers,Mitchell Evans,TE,00-0040187,1.0,0.0,0.0,0.0,0.0,0.0,0.0,0.0,0.0,0.0,0.0,0.0,0.0,55.19,36.08,16.56,273.9,81.9,1.844499053910971,0.2539207637116039,0.9020127890731073,1.0,1.0
2025,13,0.0,2025_13_LA_CAR,Carolina Panthers,Tetairoa McMillan,WR,00-0040124,1.0,0.0,0.0,0.0,0.0,0.0,0.0,0.0,8.42,4.7,56.0,0.41,0.3338,55.19,36.08,16.56,273.9,81.9,1.844499053910971,0.2539207637116039,0.9020127890731073,1.0,1.0
2025,13,0.0,2025_13_LA_CAR,Carolina Panthers,Xavier Legette,WR,00-0039342,1.0,0.0,0.0,0.0,0.0,0.0,0.0,0.0,6.34,3.37,39.3,0.32,0.274,55.19,36.08,16.56,273.9,81.9,1.844499053910971,0.2539207637116039,0.9020127890731073,1.0,1.0
2025,13,0.0,2025_13_LA_CAR,Carolina Panthers,Jalen Coker,WR,00-0039491,1.0,0.0,0.0,0.0,0.0,0.0,0.0,0.0,4.23,2.79,27.1,0.21,0.1864,55.19,36.08,16.56,273.9,81.9,1.844499053910971,0.2539207637116039,0.9020127890731073,1.0,1.0
2025,13,0.0,2025_13_LA_CAR,Carolina Panthers,Brycen Tremayne,WR,00-0038840,1.0,0.0,0.0,0.0,0.0,0.0,0.0,0.0,0.0,0.0,0.0,0.0,0.0,55.19,36.08,16.56,273.9,81.9,1.844499053910971,0.2539207637116039,0.9020127890731073,1.0,1.0
2025,13,0.0,2025_13_LA_CAR,Carolina Panthers,Jimmy Horn Jr.,WR,00-0040218,1.0,0.0,0.0,0.0,0.0,0.0,0.0,0.0,0.0,0.0,0.0,0.0,0.0,55.19,36.08,16.56,273.9,81.9,1.844499053910971,0.2539207637116039,0.9020127890731073,1.0,1.0
2025,13,0.0,2025_13_LA_CAR,Los Angeles Rams,Matthew Stafford,QB,00-0026498,1.0,43.63,291.9,1.94,1.14,2.79,11.3,0.08,0.0,0.0,0.0,0.0,0.0738,72.0,45.24,24.43,343.4,120.8,2.5121499917367105,0.6766205774141607,1.1309520688087904,1.0,1.0
2025,13,0.0,2025_13_LA_CAR,Los Angeles Rams,Kyren Williams,RB,00-0037840,1.0,0.0,0.0,0.0,0.0,13.91,57.3,0.48,5.92,4.29,31.6,0.36,0.5689,72.0,45.24,24.43,343.4,120.8,2.5121499917367105,0.6766205774141607,1.1309520688087904,1.0,1.0
2025,13,0.0,2025_13_LA_CAR,Los Angeles Rams,Blake Corum,RB,00-0039738,1.0,0.0,0.0,0.0,0.0,7.73,31.9,0.16,3.68,2.58,22.1,0.2,0.3049,72.0,45.24,24.43,343.4,120.8,2.5121499917367105,0.6766205774141607,1.1309520688087904,1.0,1.0
2025,13,0.0,2025_13_LA_CAR,Los Angeles Rams,Ronnie Rivers,RB,00-0037557,1.0,0.0,0.0,0.0,0.0,0.0,0.0,0.0,0.0,0.0,0.0,0.0,0.0,72.0,45.24,24.43,343.4,120.8,2.5121499917367105,0.6766205774141607,1.1309520688087904,1.0,1.0
2025,13,0.0,2025_13_LA_CAR,Los Angeles Rams,Colby Parkinson,TE,00-0036244,1.0,0.0,0.0,0.0,0.0,0.0,0.0,0.0,8.06,4.9,45.1,0.45,0.3638,72.0,45.24,24.43,343.4,120.8,2.5121499917367105,0.6766205774141607,1.1309520688087904,1.0,1.0
2025,13,0.0,2025_13_LA_CAR,Los Angeles Rams,Davis Allen,TE,00-0039074,1.0,0.0,0.0,0.0,0.0,0.0,0.0,0.0,4.17,2.41,25.0,0.23,0.207,72.0,45.24,24.43,343.4,120.8,2.5121499917367105,0.6766205774141607,1.1309520688087904,1.0,1.0
2025,13,0.0,2025_13_LA_CAR,Los Angeles Rams,Nick Vannett,TE,00-0032394,1.0,0.0,0.0,0.0,0.0,0.0,0.0,0.0,0.0,0.0,0.0,0.0,0.0,72.0,45.24,24.43,343.4,120.8,2.5121499917367105,0.6766205774141607,1.1309520688087904,1.0,1.0
2025,13,0.0,2025_13_LA_CAR,Los Angeles Rams,Terrance Ferguson,TE,00-0040737,1.0,0.0,0.0,0.0,0.0,0.0,0.0,0.0,0.0,0.0,0.0,0.0,0.0,72.0,45.24,24.43,343.4,120.8,2.5121499917367105,0.6766205774141607,1.1309520688087904,1.0,1.0
2025,13,0.0,2025_13_LA_CAR,Los Angeles Rams,Puka Nacua,WR,00-0039075,1.0,0.0,0.0,0.0,0.0,0.0,0.0,0.0,10.24,6.96,63.1,0.52,0.4077,72.0,45.24,24.43,343.4,120.8,2.5121499917367105,0.6766205774141607,1.1309520688087904,1.0,1.0
2025,13,0.0,2025_13_LA_CAR,Los Angeles Rams,Davante Adams,WR,00-0031381,1.0,0.0,0.0,0.0,0.0,0.0,0.0,0.0,7.71,4.1,43.8,0.42,0.3429,72.0,45.24,24.43,343.4,120.8,2.5121499917367105,0.6766205774141607,1.1309520688087904,1.0,1.0
2025,13,0.0,2025_13_LA_CAR,Los Angeles Rams,Xavier Smith,WR,00-0038359,1.0,0.0,0.0,0.0,0.0,0.0,0.0,0.0,5.14,3.49,42.8,0.28,0.2416,72.0,45.24,24.43,343.4,120.8,2.5121499917367105,0.6766205774141607,1.1309520688087904,1.0,1.0
2025,13,0.0,2025_13_LA_CAR,Los Angeles Rams,Drake Stoops,WR,00-0039773,1.0,0.0,0.0,0.0,0.0,0.0,0.0,0.0,0.0,0.0,0.0,0.0,0.0,72.0,45.24,24.43,343.4,120.8,2.5121499917367105,0.6766205774141607,1.1309520688087904,0.0,0.0
2025,13,0.0,2025_13_LA_CAR,Los Angeles Rams,Jordan Whittington,WR,00-0039751,1.0,0.0,0.0,0.0,0.0,0.0,0.0,0.0,0.0,0.0,0.0,0.0,0.0,72.0,45.24,24.43,343.4,120.8,2.5121499917367105,0.6766205774141607,1.1309520688087904,1.0,1.0
2025,13,0.0,2025_13_LA_CAR,Los Angeles Rams,Konata Mumpfield,WR,00-0040590,1.0,0.0,0.0,0.0,0.0,0.0,0.0,0.0,0.0,0.0,0.0,0.0,0.0,72.0,45.24,24.43,343.4,120.8,2.5121499917367105,0.6766205774141607,1.1309520688087904,1.0,1.0
2025,13,0.0,2025_13_LV_LAC,Las Vegas Raiders,Geno Smith,QB,00-0030565,1.0,44.65,239.8,1.75,1.17,3.81,10.7,0.06,0.0,0.0,0.0,0.0,0.0618,72.0,46.45,21.6,260.6,78.9,2.232535691895191,0.3572051976511883,1.161371207850134,1.0,1.0
2025,13,0.0,2025_13_LV_LAC,Las Vegas Raiders,Ashton Jeanty,RB,00-0040122,1.0,0.0,0.0,0.0,0.0,11.44,35.4,0.22,5.85,4.19,23.8,0.28,0.3968,72.0,46.45,21.6,260.6,78.9,2.232535691895191,0.3572051976511883,1.161371207850134,1.0,1.0
2025,13,0.0,2025_13_LV_LAC,Las Vegas Raiders,Raheem Mostert,RB,00-0031687,1.0,0.0,0.0,0.0,0.0,6.35,20.0,0.08,3.64,2.64,13.8,0.18,0.2301,72.0,46.45,21.6,260.6,78.9,2.232535691895191,0.3572051976511883,1.161371207850134,1.0,1.0
2025,13,0.0,2025_13_LV_LAC,Las Vegas Raiders,Dylan Laube,RB,00-0039407,1.0,0.0,0.0,0.0,0.0,0.0,0.0,0.0,0.0,0.0,0.0,0.0,0.0,72.0,46.45,21.6,260.6,78.9,2.232535691895191,0.3572051976511883,1.161371207850134,1.0,1.0
2025,13,0.0,2025_13_LV_LAC,Las Vegas Raiders,Brock Bowers,TE,00-0039338,1.0,0.0,0.0,0.0,0.0,0.0,0.0,0.0,8.06,5.28,32.5,0.35,0.2979,72.0,46.45,21.6,260.6,78.9,2.232535691895191,0.3572051976511883,1.161371207850134,1.0,1.0
2025,13,0.0,2025_13_LV_LAC,Las Vegas Raiders,Michael Mayer,TE,00-0039066,1.0,0.0,0.0,0.0,0.0,0.0,0.0,0.0,4.17,2.6,16.9,0.19,0.1706,72.0,46.45,21.6,260.6,78.9,2.232535691895191,0.3572051976511883,1.161371207850134,0.0,0.0
2025,13,0.0,2025_13_LV_LAC,Las Vegas Raiders,Carter Runyon,TE,00-0040488,1.0,0.0,0.0,0.0,0.0,0.0,0.0,0.0,0.0,0.0,0.0,0.0,0.0,72.0,46.45,21.6,260.6,78.9,2.232535691895191,0.3572051976511883,1.161371207850134,1.0,1.0
2025,13,0.0,2025_13_LV_LAC,Las Vegas Raiders,Ian Thomas,TE,00-0034365,1.0,0.0,0.0,0.0,0.0,0.0,0.0,0.0,0.0,0.0,0.0,0.0,0.0,72.0,46.45,21.6,260.6,78.9,2.232535691895191,0.3572051976511883,1.161371207850134,1.0,1.0
2025,13,0.0,2025_13_LV_LAC,Las Vegas Raiders,Tre Tucker,WR,00-0038563,1.0,0.0,0.0,0.0,0.0,0.0,0.0,0.0,10.97,6.06,49.5,0.48,0.3822,72.0,46.45,21.6,260.6,78.9,2.232535691895191,0.3572051976511883,1.161371207850134,1.0,1.0
2025,13,0.0,2025_13_LV_LAC,Las Vegas Raiders,Tyler Lockett,WR,00-0032211,1.0,0.0,0.0,0.0,0.0,0.0,0.0,0.0,8.26,4.94,34.2,0.37,0.3073,72.0,46.45,21.6,260.6,78.9,2.232535691895191,0.3572051976511883,1.161371207850134,1.0,1.0
2025,13,0.0,2025_13_LV_LAC,Las Vegas Raiders,Dont'e Thornton Jr.,WR,00-0040581,1.0,0.0,0.0,0.0,0.0,0.0,0.0,0.0,5.51,2.7,32.0,0.25,0.2208,72.0,46.45,21.6,260.6,78.9,2.232535691895191,0.3572051976511883,1.161371207850134,1.0,1.0
2025,13,0.0,2025_13_LV_LAC,Las Vegas Raiders,Alex Bachman,WR,00-0035602,1.0,0.0,0.0,0.0,0.0,0.0,0.0,0.0,0.0,0.0,0.0,0.0,0.0,72.0,46.45,21.6,260.6,78.9,2.232535691895191,0.3572051976511883,1.161371207850134,1.0,1.0
2025,13,0.0,2025_13_LV_LAC,Las Vegas Raiders,Amari Cooper,WR,00-0031544,1.0,0.0,0.0,0.0,0.0,0.0,0.0,0.0,0.0,0.0,0.0,0.0,0.0,72.0,46.45,21.6,260.6,78.9,2.232535691895191,0.3572051976511883,1.161371207850134,1.0,1.0
2025,13,0.0,2025_13_LV_LAC,Las Vegas Raiders,Brenden Rice,WR,00-0039415,1.0,0.0,0.0,0.0,0.0,0.0,0.0,0.0,0.0,0.0,0.0,0.0,0.0,72.0,46.45,21.6,260.6,78.9,2.232535691895191,0.3572051976511883,1.161371207850134,0.0,0.0
2025,13,0.0,2025_13_LV_LAC,Las Vegas Raiders,Jack Bech,WR,00-0040729,1.0,0.0,0.0,0.0,0.0,0.0,0.0,0.0,0.0,0.0,0.0,0.0,0.0,72.0,46.45,21.6,260.6,78.9,2.232535691895191,0.3572051976511883,1.161371207850134,1.0,1.0
2025,13,0.0,2025_13_LV_LAC,Los Angeles Chargers,Justin Herbert,QB,00-0036355,1.0,41.14,220.7,3.15,1.07,4.22,11.5,0.21,0.0,0.0,0.0,0.0,0.1863,64.57,42.24,19.37,237.0,70.8,4.561916920567731,0.9123833841135458,1.0561015401026939,1.0,1.0
2025,13,0.0,2025_13_LV_LAC,Los Angeles Chargers,Kimani Vidal,RB,00-0039391,1.0,0.0,0.0,0.0,0.0,9.74,31.3,0.55,5.34,3.68,25.2,0.59,0.6792,64.57,42.24,19.37,237.0,70.8,4.561916920567731,0.9123833841135458,1.0561015401026939,1.0,1.0
2025,13,0.0,2025_13_LV_LAC,Los Angeles Chargers,Jaret Patterson,RB,00-0036755,1.0,0.0,0.0,0.0,0.0,5.41,17.6,0.2,3.32,2.24,17.2,0.35,0.4267,64.57,42.24,19.37,237.0,70.8,4.561916920567731,0.9123833841135458,1.0561015401026939,1.0,1.0
2025,13,0.0,2025_13_LV_LAC,Los Angeles Chargers,Oronde Gadsden II,TE,00-0040189,1.0,0.0,0.0,0.0,0.0,0.0,0.0,0.0,7.3,4.6,33.1,0.76,0.5331,64.57,42.24,19.37,237.0,70.8,4.561916920567731,0.9123833841135458,1.0561015401026939,1.0,1.0
2025,13,0.0,2025_13_LV_LAC,Los Angeles Chargers,Tucker Fisk,TE,00-0037654,1.0,0.0,0.0,0.0,0.0,0.0,0.0,0.0,3.77,2.57,20.4,0.39,0.3254,64.57,42.24,19.37,237.0,70.8,4.561916920567731,0.9123833841135458,1.0561015401026939,1.0,1.0
2025,13,0.0,2025_13_LV_LAC,Los Angeles Chargers,Stevo Klotz,TE,00-0040469,1.0,0.0,0.0,0.0,0.0,0.0,0.0,0.0,0.0,0.0,0.0,0.0,0.0,64.57,42.24,19.37,237.0,70.8,4.561916920567731,0.9123833841135458,1.0561015401026939,0.0,0.0
2025,13,0.0,2025_13_LV_LAC,Los Angeles Chargers,Tanner McLachlan,TE,00-0039399,1.0,0.0,0.0,0.0,0.0,0.0,0.0,0.0,0.0,0.0,0.0,0.0,0.0,64.57,42.24,19.37,237.0,70.8,4.561916920567731,0.9123833841135458,1.0561015401026939,0.0,0.0
2025,13,0.0,2025_13_LV_LAC,Los Angeles Chargers,Tyler Conklin,TE,00-0034270,1.0,0.0,0.0,0.0,0.0,0.0,0.0,0.0,0.0,0.0,0.0,0.0,0.0,64.57,42.24,19.37,237.0,70.8,4.561916920567731,0.9123833841135458,1.0561015401026939,1.0,1.0
2025,13,0.0,2025_13_LV_LAC,Los Angeles Chargers,Ladd McConkey,WR,00-0039915,1.0,0.0,0.0,0.0,0.0,0.0,0.0,0.0,9.98,6.47,48.2,0.99,0.6292,64.57,42.24,19.37,237.0,70.8,4.561916920567731,0.9123833841135458,1.0561015401026939,1.0,1.0
2025,13,0.0,2025_13_LV_LAC,Los Angeles Chargers,Quentin Johnston,WR,00-0038544,1.0,0.0,0.0,0.0,0.0,0.0,0.0,0.0,7.52,4.05,33.4,0.77,0.5365,64.57,42.24,19.37,237.0,70.8,4.561916920567731,0.9123833841135458,1.0561015401026939,1.0,1.0
2025,13,0.0,2025_13_LV_LAC,Los Angeles Chargers,Keenan Allen,WR,00-0030279,1.0,0.0,0.0,0.0,0.0,0.0,0.0,0.0,5.01,3.18,21.3,0.51,0.4011,64.57,42.24,19.37,237.0,70.8,4.561916920567731,0.9123833841135458,1.0561015401026939,1.0,1.0
2025,13,0.0,2025_13_LV_LAC,Los Angeles Chargers,Derius Davis,WR,00-0038573,1.0,0.0,0.0,0.0,0.0,0.0,0.0,0.0,0.0,0.0,0.0,0.0,0.0,64.57,42.24,19.37,237.0,70.8,4.561916920567731,0.9123833841135458,1.0561015401026939,1.0,1.0
2025,13,0.0,2025_13_LV_LAC,Los Angeles Chargers,Tre Harris,WR,00-0040727,1.0,0.0,0.0,0.0,0.0,0.0,0.0,0.0,0.0,0.0,0.0,0.0,0.0,64.57,42.24,19.37,237.0,70.8,4.561916920567731,0.9123833841135458,1.0561015401026939,1.0,1.0
2025,13,0.0,2025_13_MIN_SEA,Minnesota Vikings,J.J. McCarthy,QB,00-0039923,1.0,34.54,174.2,1.2,0.84,1.16,3.6,0.02,0.0,0.0,0.0,0.0,0.0205,63.31,33.2,27.34,186.2,99.9,1.265381267222051,0.510152144247997,0.8299167493485107,0.0,0.0
2025,13,0.0,2025_13_MIN_SEA,Minnesota Vikings,Aaron Jones Sr.,RB,None,1.0,0.0,0.0,0.0,0.0,16.83,65.4,0.36,4.12,2.97,23.9,0.16,0.4042,63.31,33.2,27.34,186.2,99.9,1.265381267222051,0.510152144247997,0.8299167493485107,0.0,0.0
2025,13,0.0,2025_13_MIN_SEA,Minnesota Vikings,Jordan Mason,RB,00-0037525,1.0,0.0,0.0,0.0,0.0,9.35,28.2,0.14,2.56,1.97,11.3,0.1,0.2077,63.31,33.2,27.34,186.2,99.9,1.265381267222051,0.510152144247997,0.8299167493485107,1.0,1.0
2025,13,0.0,2025_13_MIN_SEA,Minnesota Vikings,Zavier Scott,RB,00-0038440,1.0,0.0,0.0,0.0,0.0,0.0,0.0,0.0,0.0,0.0,0.0,0.0,0.0,63.31,33.2,27.34,186.2,99.9,1.265381267222051,0.510152144247997,0.8299167493485107,1.0,1.0
2025,13,0.0,2025_13_MIN_SEA,Minnesota Vikings,T.J. Hockenson,TE,00-0035229,1.0,0.0,0.0,0.0,0.0,0.0,0.0,0.0,6.14,3.86,23.8,0.21,0.19,63.31,33.2,27.34,186.2,99.9,1.265381267222051,0.510152144247997,0.8299167493485107,1.0,1.0
2025,13,0.0,2025_13_MIN_SEA,Minnesota Vikings,Josh Oliver,TE,00-0035249,1.0,0.0,0.0,0.0,0.0,0.0,0.0,0.0,3.08,1.98,12.6,0.12,0.1098,63.31,33.2,27.34,186.2,99.9,1.265381267222051,0.510152144247997,0.8299167493485107,1.0,1.0
2025,13,0.0,2025_13_MIN_SEA,Minnesota Vikings,Ben Sims,TE,00-0038809,1.0,0.0,0.0,0.0,0.0,0.0,0.0,0.0,0.0,0.0,0.0,0.0,0.0,63.31,33.2,27.34,186.2,99.9,1.265381267222051,0.510152144247997,0.8299167493485107,1.0,1.0
2025,13,0.0,2025_13_MIN_SEA,Minnesota Vikings,Ben Yurosek,TE,00-0040509,1.0,0.0,0.0,0.0,0.0,0.0,0.0,0.0,0.0,0.0,0.0,0.0,0.0,63.31,33.2,27.34,186.2,99.9,1.265381267222051,0.510152144247997,0.8299167493485107,0.0,0.0
2025,13,0.0,2025_13_MIN_SEA,Minnesota Vikings,Justin Jefferson,WR,00-0036322,1.0,0.0,0.0,0.0,0.0,0.0,0.0,0.0,7.75,4.83,33.0,0.28,0.2462,63.31,33.2,27.34,186.2,99.9,1.265381267222051,0.510152144247997,0.8299167493485107,1.0,1.0
2025,13,0.0,2025_13_MIN_SEA,Minnesota Vikings,Jordan Addison,WR,00-0038994,1.0,0.0,0.0,0.0,0.0,0.0,0.0,0.0,5.73,3.25,24.1,0.21,0.1908,63.31,33.2,27.34,186.2,99.9,1.265381267222051,0.510152144247997,0.8299167493485107,1.0,1.0
2025,13,0.0,2025_13_MIN_SEA,Minnesota Vikings,Jalen Nailor,WR,00-0037291,1.0,0.0,0.0,0.0,0.0,0.0,0.0,0.0,3.82,2.23,17.1,0.14,0.1339,63.31,33.2,27.34,186.2,99.9,1.265381267222051,0.510152144247997,0.8299167493485107,1.0,1.0
2025,13,0.0,2025_13_MIN_SEA,Minnesota Vikings,Myles Price,WR,00-0040506,1.0,0.0,0.0,0.0,0.0,0.0,0.0,0.0,0.0,0.0,0.0,0.0,0.0,63.31,33.2,27.34,186.2,99.9,1.265381267222051,0.510152144247997,0.8299167493485107,1.0,1.0
2025,13,0.0,2025_13_MIN_SEA,Minnesota Vikings,Tai Felton,WR,00-0040154,1.0,0.0,0.0,0.0,0.0,0.0,0.0,0.0,0.0,0.0,0.0,0.0,0.0,63.31,33.2,27.34,186.2,99.9,1.265381267222051,0.510152144247997,0.8299167493485107,1.0,1.0
2025,13,0.0,2025_13_MIN_SEA,Seattle Seahawks,Sam Darnold,QB,00-0034869,1.0,37.86,229.5,2.04,1.02,6.2,20.1,0.23,0.0,0.0,0.0,0.0,0.2067,72.0,40.37,29.11,268.3,126.0,2.74143765620168,1.0500858928544297,1.0091887423681036,1.0,1.0
2025,13,0.0,2025_13_MIN_SEA,Seattle Seahawks,Kenneth Walker III,RB,00-0038134,1.0,0.0,0.0,0.0,0.0,14.73,55.0,0.66,5.27,4.05,23.2,0.36,0.636,72.0,40.37,29.11,268.3,126.0,2.74143765620168,1.0500858928544297,1.0091887423681036,1.0,1.0
2025,13,0.0,2025_13_MIN_SEA,Seattle Seahawks,Zach Charbonnet,RB,00-0039165,1.0,0.0,0.0,0.0,0.0,8.18,30.3,0.24,3.28,2.52,14.4,0.21,0.3647,72.0,40.37,29.11,268.3,126.0,2.74143765620168,1.0500858928544297,1.0091887423681036,1.0,1.0
2025,13,0.0,2025_13_MIN_SEA,Seattle Seahawks,Myles Gaskin,RB,00-0035311,1.0,0.0,0.0,0.0,0.0,0.0,0.0,0.0,0.0,0.0,0.0,0.0,0.0,72.0,40.37,29.11,268.3,126.0,2.74143765620168,1.0500858928544297,1.0091887423681036,1.0,1.0
2025,13,0.0,2025_13_MIN_SEA,Seattle Seahawks,Velus Jones Jr.,RB,00-0037745,1.0,0.0,0.0,0.0,0.0,0.0,0.0,0.0,0.0,0.0,0.0,0.0,0.0,72.0,40.37,29.11,268.3,126.0,2.74143765620168,1.0500858928544297,1.0091887423681036,1.0,1.0
2025,13,0.0,2025_13_MIN_SEA,Seattle Seahawks,AJ Barner,TE,00-0039793,1.0,0.0,0.0,0.0,0.0,0.0,0.0,0.0,7.26,5.05,37.9,0.47,0.3753,72.0,40.37,29.11,268.3,126.0,2.74143765620168,1.0500858928544297,1.0091887423681036,1.0,1.0
2025,13,0.0,2025_13_MIN_SEA,Seattle Seahawks,Elijah Arroyo,TE,00-0040739,1.0,0.0,0.0,0.0,0.0,0.0,0.0,0.0,3.75,2.08,22.0,0.25,0.2224,72.0,40.37,29.11,268.3,126.0,2.74143765620168,1.0500858928544297,1.0091887423681036,1.0,1.0
2025,13,0.0,2025_13_MIN_SEA,Seattle Seahawks,Nick Kallerup,TE,00-0040058,1.0,0.0,0.0,0.0,0.0,0.0,0.0,0.0,0.0,0.0,0.0,0.0,0.0,72.0,40.37,29.11,268.3,126.0,2.74143765620168,1.0500858928544297,1.0091887423681036,1.0,1.0
2025,13,0.0,2025_13_MIN_SEA,Seattle Seahawks,Jaxon Smith-Njigba,WR,00-0038543,1.0,0.0,0.0,0.0,0.0,0.0,0.0,0.0,8.91,6.15,51.4,0.56,0.4291,72.0,40.37,29.11,268.3,126.0,2.74143765620168,1.0500858928544297,1.0091887423681036,1.0,1.0
2025,13,0.0,2025_13_MIN_SEA,Seattle Seahawks,Cooper Kupp,WR,00-0033908,1.0,0.0,0.0,0.0,0.0,0.0,0.0,0.0,6.71,4.32,36.1,0.44,0.3567,72.0,40.37,29.11,268.3,126.0,2.74143765620168,1.0500858928544297,1.0091887423681036,1.0,1.0
2025,13,0.0,2025_13_MIN_SEA,Seattle Seahawks,Rashid Shaheed,WR,00-0037545,1.0,0.0,0.0,0.0,0.0,0.0,0.0,0.0,4.47,2.85,24.9,0.27,0.2401,72.0,40.37,29.11,268.3,126.0,2.74143765620168,1.0500858928544297,1.0091887423681036,1.0,1.0
2025,13,0.0,2025_13_MIN_SEA,Seattle Seahawks,Cody White,WR,00-0035891,1.0,0.0,0.0,0.0,0.0,0.0,0.0,0.0,0.0,0.0,0.0,0.0,0.0,72.0,40.37,29.11,268.3,126.0,2.74143765620168,1.0500858928544297,1.0091887423681036,1.0,1.0
2025,13,0.0,2025_13_MIN_SEA,Seattle Seahawks,Jake Bobo,WR,00-0038752,1.0,0.0,0.0,0.0,0.0,0.0,0.0,0.0,0.0,0.0,0.0,0.0,0.0,72.0,40.37,29.11,268.3,126.0,2.74143765620168,1.0500858928544297,1.0091887423681036,1.0,1.0
2025,13,0.0,2025_13_NO_MIA,Miami Dolphins,Tua Tagovailoa,QB,00-0036212,1.0,30.11,201.9,2.02,0.63,3.13,12.3,0.17,0.0,0.0,0.0,0.0,0.1524,59.3,24.94,32.62,189.3,161.3,2.5610548251922527,1.7934825112877277,0.6234325144851085,1.0,1.0
2025,13,0.0,2025_13_NO_MIA,Miami Dolphins,De'Von Achane,RB,00-0039040,1.0,0.0,0.0,0.0,0.0,18.96,79.3,1.26,3.18,2.47,17.7,0.33,0.796,59.3,24.94,32.62,189.3,161.3,2.5610548251922527,1.7934825112877277,0.6234325144851085,1.0,1.0
2025,13,0.0,2025_13_NO_MIA,Miami Dolphins,Ollie Gordon II,RB,00-0040198,1.0,0.0,0.0,0.0,0.0,10.53,46.7,0.47,1.98,1.49,14.5,0.21,0.4918,59.3,24.94,32.62,189.3,161.3,2.5610548251922527,1.7934825112877277,0.6234325144851085,1.0,1.0
2025,13,0.0,2025_13_NO_MIA,Miami Dolphins,Jaylen Wright,RB,00-0039874,1.0,0.0,0.0,0.0,0.0,0.0,0.0,0.0,0.0,0.0,0.0,0.0,0.0,59.3,24.94,32.62,189.3,161.3,2.5610548251922527,1.7934825112877277,0.6234325144851085,1.0,1.0
2025,13,0.0,2025_13_NO_MIA,Miami Dolphins,Darren Waller,TE,00-0031610,1.0,0.0,0.0,0.0,0.0,0.0,0.0,0.0,4.48,2.72,25.5,0.43,0.3516,59.3,24.94,32.62,189.3,161.3,2.5610548251922527,1.7934825112877277,0.6234325144851085,1.0,1.0
2025,13,0.0,2025_13_NO_MIA,Miami Dolphins,Greg Dulcich,TE,00-0037252,1.0,0.0,0.0,0.0,0.0,0.0,0.0,0.0,2.32,1.29,12.6,0.22,0.1952,59.3,24.94,32.62,189.3,161.3,2.5610548251922527,1.7934825112877277,0.6234325144851085,1.0,1.0
2025,13,0.0,2025_13_NO_MIA,Miami Dolphins,Julian Hill,TE,00-0038720,1.0,0.0,0.0,0.0,0.0,0.0,0.0,0.0,0.0,0.0,0.0,0.0,0.0,59.3,24.94,32.62,189.3,161.3,2.5610548251922527,1.7934825112877277,0.6234325144851085,1.0,1.0
2025,13,0.0,2025_13_NO_MIA,Miami Dolphins,Jaylen Waddle,WR,00-0036613,1.0,0.0,0.0,0.0,0.0,0.0,0.0,0.0,5.71,3.46,34.6,0.53,0.4141,59.3,24.94,32.62,189.3,161.3,2.5610548251922527,1.7934825112877277,0.6234325144851085,1.0,1.0
2025,13,0.0,2025_13_NO_MIA,Miami Dolphins,Malik Washington,WR,00-0039880,1.0,0.0,0.0,0.0,0.0,0.0,0.0,0.0,4.3,2.91,30.2,0.42,0.3454,59.3,24.94,32.62,189.3,161.3,2.5610548251922527,1.7934825112877277,0.6234325144851085,1.0,1.0
2025,13,0.0,2025_13_NO_MIA,Miami Dolphins,Nick Westbrook-Ikhine,WR,00-0036182,1.0,0.0,0.0,0.0,0.0,0.0,0.0,0.0,2.86,1.46,17.4,0.28,0.2445,59.3,24.94,32.62,189.3,161.3,2.5610548251922527,1.7934825112877277,0.6234325144851085,1.0,1.0
2025,13,0.0,2025_13_NO_MIA,Miami Dolphins,Cedrick Wilson Jr.,WR,00-0034418,1.0,0.0,0.0,0.0,0.0,0.0,0.0,0.0,0.0,0.0,0.0,0.0,0.0,59.3,24.94,32.62,189.3,161.3,2.5610548251922527,1.7934825112877277,0.6234325144851085,1.0,1.0
2025,13,0.0,2025_13_NO_MIA,Miami Dolphins,Dee Eskridge,WR,00-0036620,1.0,0.0,0.0,0.0,0.0,0.0,0.0,0.0,0.0,0.0,0.0,0.0,0.0,59.3,24.94,32.62,189.3,161.3,2.5610548251922527,1.7934825112877277,0.6234325144851085,1.0,1.0
2025,13,0.0,2025_13_NO_MIA,New Orleans Saints,Tyler Shough,QB,00-0040743,1.0,47.41,239.2,1.9,1.15,1.67,4.9,0.04,0.0,0.0,0.0,0.0,0.0419,72.0,45.57,23.4,255.6,85.5,2.115727153075585,0.5806016911035679,1.1392387843414198,1.0,1.0
2025,13,0.0,2025_13_NO_MIA,New Orleans Saints,Alvin Kamara,RB,00-0033906,1.0,0.0,0.0,0.0,0.0,13.97,42.9,0.41,5.89,4.54,23.9,0.27,0.4947,72.0,45.57,23.4,255.6,85.5,2.115727153075585,0.5806016911035679,1.1392387843414198,0.0,0.0
2025,13,0.0,2025_13_NO_MIA,New Orleans Saints,Devin Neal,RB,00-0040202,1.0,0.0,0.0,0.0,0.0,7.76,26.6,0.14,3.67,2.84,18.7,0.17,0.264,72.0,45.57,23.4,255.6,85.5,2.115727153075585,0.5806016911035679,1.1392387843414198,1.0,1.0
2025,13,0.0,2025_13_NO_MIA,New Orleans Saints,Audric Estime,RB,00-0039373,1.0,0.0,0.0,0.0,0.0,0.0,0.0,0.0,0.0,0.0,0.0,0.0,0.0,72.0,45.57,23.4,255.6,85.5,2.115727153075585,0.5806016911035679,1.1392387843414198,1.0,1.0
2025,13,0.0,2025_13_NO_MIA,New Orleans Saints,Evan Hull,RB,00-0038397,1.0,0.0,0.0,0.0,0.0,0.0,0.0,0.0,0.0,0.0,0.0,0.0,0.0,72.0,45.57,23.4,255.6,85.5,2.115727153075585,0.5806016911035679,1.1392387843414198,1.0,1.0
2025,13,0.0,2025_13_NO_MIA,New Orleans Saints,Juwan Johnson,TE,00-0036040,1.0,0.0,0.0,0.0,0.0,0.0,0.0,0.0,8.27,4.94,32.8,0.34,0.2888,72.0,45.57,23.4,255.6,85.5,2.115727153075585,0.5806016911035679,1.1392387843414198,1.0,1.0
2025,13,0.0,2025_13_NO_MIA,New Orleans Saints,Foster Moreau,TE,00-0034981,1.0,0.0,0.0,0.0,0.0,0.0,0.0,0.0,4.27,2.59,17.4,0.18,0.1671,72.0,45.57,23.4,255.6,85.5,2.115727153075585,0.5806016911035679,1.1392387843414198,1.0,1.0
2025,13,0.0,2025_13_NO_MIA,New Orleans Saints,Jack Stoll,TE,00-0036741,1.0,0.0,0.0,0.0,0.0,0.0,0.0,0.0,0.0,0.0,0.0,0.0,0.0,72.0,45.57,23.4,255.6,85.5,2.115727153075585,0.5806016911035679,1.1392387843414198,1.0,1.0
2025,13,0.0,2025_13_NO_MIA,New Orleans Saints,Chris Olave,WR,00-0037239,1.0,0.0,0.0,0.0,0.0,0.0,0.0,0.0,10.21,6.17,45.8,0.43,0.3496,72.0,45.57,23.4,255.6,85.5,2.115727153075585,0.5806016911035679,1.1392387843414198,1.0,1.0
2025,13,0.0,2025_13_NO_MIA,New Orleans Saints,Devaughn Vele,WR,00-0039424,1.0,0.0,0.0,0.0,0.0,0.0,0.0,0.0,7.69,4.75,38.0,0.34,0.2852,72.0,45.57,23.4,255.6,85.5,2.115727153075585,0.5806016911035679,1.1392387843414198,1.0,1.0
2025,13,0.0,2025_13_NO_MIA,New Orleans Saints,Mason Tipton,WR,00-0039623,1.0,0.0,0.0,0.0,0.0,0.0,0.0,0.0,5.12,2.8,27.3,0.22,0.2009,72.0,45.57,23.4,255.6,85.5,2.115727153075585,0.5806016911035679,1.1392387843414198,1.0,1.0
2025,13,0.0,2025_13_NO_MIA,New Orleans Saints,Dante Pettis,WR,00-0034860,1.0,0.0,0.0,0.0,0.0,0.0,0.0,0.0,0.0,0.0,0.0,0.0,0.0,72.0,45.57,23.4,255.6,85.5,2.115727153075585,0.5806016911035679,1.1392387843414198,1.0,1.0
2025,13,0.0,2025_13_NO_MIA,New Orleans Saints,Kevin Austin Jr.,WR,00-0037231,1.0,0.0,0.0,0.0,0.0,0.0,0.0,0.0,0.0,0.0,0.0,0.0,0.0,72.0,45.57,23.4,255.6,85.5,2.115727153075585,0.5806016911035679,1.1392387843414198,1.0,1.0
2025,13,0.0,2025_13_NYG_NE,New England Patriots,Drake Maye,QB,00-0039851,1.0,37.75,196.0,1.93,1.02,6.39,17.8,0.24,0.0,0.0,0.0,0.0,0.2111,72.0,40.29,28.8,226.0,105.3,2.636284751332582,1.0568653539105046,1.007282976212141,1.0,1.0
2025,13,0.0,2025_13_NYG_NE,New England Patriots,TreVeyon Henderson,RB,00-0040734,1.0,0.0,0.0,0.0,0.0,14.4,46.8,0.65,5.1,4.01,22.4,0.33,0.6248,72.0,40.29,28.8,226.0,105.3,2.636284751332582,1.0568653539105046,1.007282976212141,1.0,1.0
2025,13,0.0,2025_13_NYG_NE,New England Patriots,Rhamondre Stevenson,RB,00-0036875,1.0,0.0,0.0,0.0,0.0,8.0,24.8,0.23,3.17,2.32,11.4,0.21,0.357,72.0,40.29,28.8,226.0,105.3,2.636284751332582,1.0568653539105046,1.007282976212141,1.0,1.0
2025,13,0.0,2025_13_NYG_NE,New England Patriots,Terrell Jennings,RB,00-0039757,1.0,0.0,0.0,0.0,0.0,0.0,0.0,0.0,0.0,0.0,0.0,0.0,0.0,72.0,40.29,28.8,226.0,105.3,2.636284751332582,1.0568653539105046,1.007282976212141,1.0,1.0
2025,13,0.0,2025_13_NYG_NE,New England Patriots,Hunter Henry,TE,00-0033090,1.0,0.0,0.0,0.0,0.0,0.0,0.0,0.0,7.1,4.43,27.0,0.43,0.3524,72.0,40.29,28.8,226.0,105.3,2.636284751332582,1.0568653539105046,1.007282976212141,1.0,1.0
2025,13,0.0,2025_13_NYG_NE,New England Patriots,Austin Hooper,TE,00-0032392,1.0,0.0,0.0,0.0,0.0,0.0,0.0,0.0,3.67,2.33,13.1,0.22,0.1982,72.0,40.29,28.8,226.0,105.3,2.636284751332582,1.0568653539105046,1.007282976212141,1.0,1.0
2025,13,0.0,2025_13_NYG_NE,New England Patriots,CJ Dippre,TE,00-0040566,1.0,0.0,0.0,0.0,0.0,0.0,0.0,0.0,0.0,0.0,0.0,0.0,0.0,72.0,40.29,28.8,226.0,105.3,2.636284751332582,1.0568653539105046,1.007282976212141,0.0,0.0
2025,13,0.0,2025_13_NYG_NE,New England Patriots,Cole Fotheringham,TE,00-0037506,1.0,0.0,0.0,0.0,0.0,0.0,0.0,0.0,0.0,0.0,0.0,0.0,0.0,72.0,40.29,28.8,226.0,105.3,2.636284751332582,1.0568653539105046,1.007282976212141,0.0,0.0
2025,13,0.0,2025_13_NYG_NE,New England Patriots,Stefon Diggs,WR,00-0031588,1.0,0.0,0.0,0.0,0.0,0.0,0.0,0.0,9.42,6.45,43.5,0.57,0.4345,72.0,40.29,28.8,226.0,105.3,2.636284751332582,1.0568653539105046,1.007282976212141,1.0,1.0
2025,13,0.0,2025_13_NYG_NE,New England Patriots,Kayshon Boutte,WR,00-0038608,1.0,0.0,0.0,0.0,0.0,0.0,0.0,0.0,7.1,4.17,33.9,0.43,0.3486,72.0,40.29,28.8,226.0,105.3,2.636284751332582,1.0568653539105046,1.007282976212141,1.0,1.0
2025,13,0.0,2025_13_NYG_NE,New England Patriots,Mack Hollins,WR,00-0033555,1.0,0.0,0.0,0.0,0.0,0.0,0.0,0.0,4.73,2.84,20.5,0.29,0.2493,72.0,40.29,28.8,226.0,105.3,2.636284751332582,1.0568653539105046,1.007282976212141,1.0,1.0
2025,13,0.0,2025_13_NYG_NE,New England Patriots,Brandon Smith,WR,00-0036775,1.0,0.0,0.0,0.0,0.0,0.0,0.0,0.0,0.0,0.0,0.0,0.0,0.0,72.0,40.29,28.8,226.0,105.3,2.636284751332582,1.0568653539105046,1.007282976212141,0.0,0.0
2025,13,0.0,2025_13_NYG_NE,New England Patriots,DeMario Douglas,WR,00-0038621,1.0,0.0,0.0,0.0,0.0,0.0,0.0,0.0,0.0,0.0,0.0,0.0,0.0,72.0,40.29,28.8,226.0,105.3,2.636284751332582,1.0568653539105046,1.007282976212141,1.0,1.0
2025,13,0.0,2025_13_NYG_NE,New England Patriots,Efton Chism III,WR,00-0040563,1.0,0.0,0.0,0.0,0.0,0.0,0.0,0.0,0.0,0.0,0.0,0.0,0.0,72.0,40.29,28.8,226.0,105.3,2.636284751332582,1.0568653539105046,1.007282976212141,1.0,1.0
2025,13,0.0,2025_13_NYG_NE,New England Patriots,Kyle Williams,WR,00-0040131,1.0,0.0,0.0,0.0,0.0,0.0,0.0,0.0,0.0,0.0,0.0,0.0,0.0,72.0,40.29,28.8,226.0,105.3,2.636284751332582,1.0568653539105046,1.007282976212141,1.0,1.0
2025,13,0.0,2025_13_NYG_NE,New York Giants,Jaxson Dart,QB,00-0040691,1.0,37.18,253.8,1.11,0.9,5.0,19.5,0.1,0.0,0.0,0.0,0.0,0.0961,72.0,35.74,33.78,271.3,167.0,1.227536574236977,0.609200498229064,0.8934779563689411,1.0,1.0
2025,13,0.0,2025_13_NYG_NE,New York Giants,Tyrone Tracy Jr.,RB,00-0039384,1.0,0.0,0.0,0.0,0.0,18.5,75.9,0.39,4.63,3.21,24.5,0.16,0.4194,72.0,35.74,33.78,271.3,167.0,1.227536574236977,0.609200498229064,0.8934779563689411,1.0,1.0
2025,13,0.0,2025_13_NYG_NE,New York Giants,Devin Singletary,RB,00-0035250,1.0,0.0,0.0,0.0,0.0,10.28,43.0,0.14,2.88,2.14,14.2,0.1,0.2141,72.0,35.74,33.78,271.3,167.0,1.227536574236977,0.609200498229064,0.8934779563689411,1.0,1.0
2025,13,0.0,2025_13_NYG_NE,New York Giants,Eric Gray,RB,00-0038396,1.0,0.0,0.0,0.0,0.0,0.0,0.0,0.0,0.0,0.0,0.0,0.0,0.0,72.0,35.74,33.78,271.3,167.0,1.227536574236977,0.609200498229064,0.8934779563689411,1.0,1.0
2025,13,0.0,2025_13_NYG_NE,New York Giants,Theo Johnson,TE,00-0039847,1.0,0.0,0.0,0.0,0.0,0.0,0.0,0.0,6.49,3.55,36.8,0.2,0.1852,72.0,35.74,33.78,271.3,167.0,1.227536574236977,0.609200498229064,0.8934779563689411,1.0,1.0
2025,13,0.0,2025_13_NYG_NE,New York Giants,Daniel Bellinger,TE,00-0038115,1.0,0.0,0.0,0.0,0.0,0.0,0.0,0.0,3.36,2.32,18.4,0.11,0.1013,72.0,35.74,33.78,271.3,167.0,1.227536574236977,0.609200498229064,0.8934779563689411,1.0,1.0
2025,13,0.0,2025_13_NYG_NE,New York Giants,Chris Manhertz,TE,00-0031484,1.0,0.0,0.0,0.0,0.0,0.0,0.0,0.0,0.0,0.0,0.0,0.0,0.0,72.0,35.74,33.78,271.3,167.0,1.227536574236977,0.609200498229064,0.8934779563689411,1.0,1.0
2025,13,0.0,2025_13_NYG_NE,New York Giants,Jermaine Terry,TE,00-0040457,1.0,0.0,0.0,0.0,0.0,0.0,0.0,0.0,0.0,0.0,0.0,0.0,0.0,72.0,35.74,33.78,271.3,167.0,1.227536574236977,0.609200498229064,0.8934779563689411,0.0,0.0
2025,13,0.0,2025_13_NYG_NE,New York Giants,Wan'Dale Robinson,WR,00-0038117,1.0,0.0,0.0,0.0,0.0,0.0,0.0,0.0,8.06,5.23,49.6,0.25,0.2215,72.0,35.74,33.78,271.3,167.0,1.227536574236977,0.609200498229064,0.8934779563689411,1.0,1.0
2025,13,0.0,2025_13_NYG_NE,New York Giants,Darius Slayton,WR,00-0035535,1.0,0.0,0.0,0.0,0.0,0.0,0.0,0.0,6.07,3.35,36.7,0.19,0.1704,72.0,35.74,33.78,271.3,167.0,1.227536574236977,0.609200498229064,0.8934779563689411,1.0,1.0
2025,13,0.0,2025_13_NYG_NE,New York Giants,Isaiah Hodgins,WR,00-0036165,1.0,0.0,0.0,0.0,0.0,0.0,0.0,0.0,4.05,2.61,26.3,0.13,0.1259,72.0,35.74,33.78,271.3,167.0,1.227536574236977,0.609200498229064,0.8934779563689411,1.0,1.0
2025,13,0.0,2025_13_NYG_NE,New York Giants,Antwane Wells Jr.,WR,00-0040438,1.0,0.0,0.0,0.0,0.0,0.0,0.0,0.0,0.0,0.0,0.0,0.0,0.0,72.0,35.74,33.78,271.3,167.0,1.227536574236977,0.609200498229064,0.8934779563689411,0.0,0.0
2025,13,0.0,2025_13_NYG_NE,New York Giants,Dalen Cambre,WR,00-0040431,1.0,0.0,0.0,0.0,0.0,0.0,0.0,0.0,0.0,0.0,0.0,0.0,0.0,72.0,35.74,33.78,271.3,167.0,1.227536574236977,0.609200498229064,0.8934779563689411,1.0,1.0
2025,13,0.0,2025_13_NYG_NE,New York Giants,Gunner Olszewski,WR,00-0035645,1.0,0.0,0.0,0.0,0.0,0.0,0.0,0.0,0.0,0.0,0.0,0.0,0.0,72.0,35.74,33.78,271.3,167.0,1.227536574236977,0.609200498229064,0.8934779563689411,1.0,1.0
2025,13,0.0,2025_13_SF_CLE,Cleveland Browns,Shedeur Sanders,QB,00-0040668,1.0,33.89,196.8,1.23,0.82,0.97,3.4,0.02,0.0,0.0,0.0,0.0,0.0183,71.83,32.58,37.35,210.3,157.1,1.3459762515743625,0.7444939052541528,0.8144025435796438,1.0,1.0
2025,13,0.0,2025_13_SF_CLE,Cleveland Browns,Quinshon Judkins,RB,00-0040784,1.0,0.0,0.0,0.0,0.0,23.39,84.0,0.55,4.2,2.94,22.2,0.17,0.509,71.83,32.58,37.35,210.3,157.1,1.3459762515743625,0.7444939052541528,0.8144025435796438,1.0,1.0
2025,13,0.0,2025_13_SF_CLE,Cleveland Browns,Dylan Sampson,RB,00-0040162,1.0,0.0,0.0,0.0,0.0,12.99,50.2,0.19,2.61,1.98,12.7,0.11,0.2584,71.83,32.58,37.35,210.3,157.1,1.3459762515743625,0.7444939052541528,0.8144025435796438,1.0,1.0
2025,13,0.0,2025_13_SF_CLE,Cleveland Browns,Jerome Ford,RB,00-0037267,1.0,0.0,0.0,0.0,0.0,0.0,0.0,0.0,0.0,0.0,0.0,0.0,0.0,71.83,32.58,37.35,210.3,157.1,1.3459762515743625,0.7444939052541528,0.8144025435796438,1.0,1.0
2025,13,0.0,2025_13_SF_CLE,Cleveland Browns,Raheim Sanders,RB,00-0040466,1.0,0.0,0.0,0.0,0.0,0.0,0.0,0.0,0.0,0.0,0.0,0.0,0.0,71.83,32.58,37.35,210.3,157.1,1.3459762515743625,0.7444939052541528,0.8144025435796438,1.0,1.0
2025,13,0.0,2025_13_SF_CLE,Cleveland Browns,Harold Fannin Jr.,TE,00-0040663,1.0,0.0,0.0,0.0,0.0,0.0,0.0,0.0,5.84,3.35,27.3,0.22,0.194,71.83,32.58,37.35,210.3,157.1,1.3459762515743625,0.7444939052541528,0.8144025435796438,1.0,1.0
2025,13,0.0,2025_13_SF_CLE,Cleveland Browns,David Njoku,TE,00-0033885,1.0,0.0,0.0,0.0,0.0,0.0,0.0,0.0,3.02,1.75,12.1,0.12,0.1104,71.83,32.58,37.35,210.3,157.1,1.3459762515743625,0.7444939052541528,0.8144025435796438,1.0,1.0
2025,13,0.0,2025_13_SF_CLE,Cleveland Browns,Blake Whiteheart,TE,00-0038710,1.0,0.0,0.0,0.0,0.0,0.0,0.0,0.0,0.0,0.0,0.0,0.0,0.0,71.83,32.58,37.35,210.3,157.1,1.3459762515743625,0.7444939052541528,0.8144025435796438,1.0,1.0
2025,13,0.0,2025_13_SF_CLE,Cleveland Browns,Brenden Bates,TE,00-0039458,1.0,0.0,0.0,0.0,0.0,0.0,0.0,0.0,0.0,0.0,0.0,0.0,0.0,71.83,32.58,37.35,210.3,157.1,1.3459762515743625,0.7444939052541528,0.8144025435796438,0.0,0.0
2025,13,0.0,2025_13_SF_CLE,Cleveland Browns,Jerry Jeudy,WR,00-0036407,1.0,0.0,0.0,0.0,0.0,0.0,0.0,0.0,7.49,4.35,41.1,0.29,0.2483,71.83,32.58,37.35,210.3,157.1,1.3459762515743625,0.7444939052541528,0.8144025435796438,1.0,1.0
2025,13,0.0,2025_13_SF_CLE,Cleveland Browns,Cedric Tillman,WR,00-0038979,1.0,0.0,0.0,0.0,0.0,0.0,0.0,0.0,5.64,2.86,31.4,0.22,0.1997,71.83,32.58,37.35,210.3,157.1,1.3459762515743625,0.7444939052541528,0.8144025435796438,1.0,1.0
2025,13,0.0,2025_13_SF_CLE,Cleveland Browns,Isaiah Bond,WR,00-0040782,1.0,0.0,0.0,0.0,0.0,0.0,0.0,0.0,3.76,1.8,24.7,0.15,0.1365,71.83,32.58,37.35,210.3,157.1,1.3459762515743625,0.7444939052541528,0.8144025435796438,1.0,1.0
2025,13,0.0,2025_13_SF_CLE,Cleveland Browns,Cade McDonald,WR,00-0040615,1.0,0.0,0.0,0.0,0.0,0.0,0.0,0.0,0.0,0.0,0.0,0.0,0.0,71.83,32.58,37.35,210.3,157.1,1.3459762515743625,0.7444939052541528,0.8144025435796438,0.0,0.0
2025,13,0.0,2025_13_SF_CLE,Cleveland Browns,Chase Cota,WR,00-0038651,1.0,0.0,0.0,0.0,0.0,0.0,0.0,0.0,0.0,0.0,0.0,0.0,0.0,71.83,32.58,37.35,210.3,157.1,1.3459762515743625,0.7444939052541528,0.8144025435796438,0.0,0.0
2025,13,0.0,2025_13_SF_CLE,Cleveland Browns,David Bell,WR,00-0037257,1.0,0.0,0.0,0.0,0.0,0.0,0.0,0.0,0.0,0.0,0.0,0.0,0.0,71.83,32.58,37.35,210.3,157.1,1.3459762515743625,0.7444939052541528,0.8144025435796438,1.0,1.0
2025,13,0.0,2025_13_SF_CLE,Cleveland Browns,Gage Larvadain,WR,00-0040259,1.0,0.0,0.0,0.0,0.0,0.0,0.0,0.0,0.0,0.0,0.0,0.0,0.0,71.83,32.58,37.35,210.3,157.1,1.3459762515743625,0.7444939052541528,0.8144025435796438,1.0,1.0
2025,13,0.0,2025_13_SF_CLE,Cleveland Browns,Malachi Corley,WR,00-0039920,1.0,0.0,0.0,0.0,0.0,0.0,0.0,0.0,0.0,0.0,0.0,0.0,0.0,71.83,32.58,37.35,210.3,157.1,1.3459762515743625,0.7444939052541528,0.8144025435796438,1.0,1.0
2025,13,0.0,2025_13_SF_CLE,San Francisco 49ers,Brock Purdy,QB,00-0037834,1.0,33.38,234.1,1.71,0.82,8.6,31.3,0.31,0.0,0.0,0.0,0.0,0.2637,72.0,32.4,37.06,245.9,183.3,2.0578083348731084,1.2185078280681596,0.8099380725779869,1.0,1.0
2025,13,0.0,2025_13_SF_CLE,San Francisco 49ers,Christian McCaffrey,RB,00-0033280,1.0,0.0,0.0,0.0,0.0,18.29,74.7,0.76,4.17,3.29,21.8,0.28,0.644,72.0,32.4,37.06,245.9,183.3,2.0578083348731084,1.2185078280681596,0.8099380725779869,1.0,1.0
2025,13,0.0,2025_13_SF_CLE,San Francisco 49ers,Brian Robinson Jr.,RB,None,1.0,0.0,0.0,0.0,0.0,10.16,52.5,0.25,2.6,1.88,19.7,0.16,0.3397,72.0,32.4,37.06,245.9,183.3,2.0578083348731084,1.2185078280681596,0.8099380725779869,0.0,0.0
2025,13,0.0,2025_13_SF_CLE,San Francisco 49ers,Isaac Guerendo,RB,00-0039363,1.0,0.0,0.0,0.0,0.0,0.0,0.0,0.0,0.0,0.0,0.0,0.0,0.0,72.0,32.4,37.06,245.9,183.3,2.0578083348731084,1.2185078280681596,0.8099380725779869,1.0,1.0
2025,13,0.0,2025_13_SF_CLE,San Francisco 49ers,George Kittle,TE,00-0033288,1.0,0.0,0.0,0.0,0.0,0.0,0.0,0.0,5.83,3.8,29.2,0.35,0.293,72.0,32.4,37.06,245.9,183.3,2.0578083348731084,1.2185078280681596,0.8099380725779869,1.0,1.0
2025,13,0.0,2025_13_SF_CLE,San Francisco 49ers,Luke Farrell,TE,00-0036887,1.0,0.0,0.0,0.0,0.0,0.0,0.0,0.0,3.01,1.98,17.6,0.18,0.1628,72.0,32.4,37.06,245.9,183.3,2.0578083348731084,1.2185078280681596,0.8099380725779869,1.0,1.0
2025,13,0.0,2025_13_SF_CLE,San Francisco 49ers,Hayden Rucci,TE,00-0039489,1.0,0.0,0.0,0.0,0.0,0.0,0.0,0.0,0.0,0.0,0.0,0.0,0.0,72.0,32.4,37.06,245.9,183.3,2.0578083348731084,1.2185078280681596,0.8099380725779869,0.0,0.0
2025,13,0.0,2025_13_SF_CLE,San Francisco 49ers,Jake Tonges,TE,00-0037112,1.0,0.0,0.0,0.0,0.0,0.0,0.0,0.0,0.0,0.0,0.0,0.0,0.0,72.0,32.4,37.06,245.9,183.3,2.0578083348731084,1.2185078280681596,0.8099380725779869,1.0,1.0
2025,13,0.0,2025_13_SF_CLE,San Francisco 49ers,Jauan Jennings,WR,00-0036259,1.0,0.0,0.0,0.0,0.0,0.0,0.0,0.0,7.38,4.5,45.8,0.44,0.359,72.0,32.4,37.06,245.9,183.3,2.0578083348731084,1.2185078280681596,0.8099380725779869,1.0,1.0
2025,13,0.0,2025_13_SF_CLE,San Francisco 49ers,Ricky Pearsall,WR,00-0039916,1.0,0.0,0.0,0.0,0.0,0.0,0.0,0.0,5.56,3.37,37.5,0.34,0.2862,72.0,32.4,37.06,245.9,183.3,2.0578083348731084,1.2185078280681596,0.8099380725779869,1.0,1.0
2025,13,0.0,2025_13_SF_CLE,San Francisco 49ers,Demarcus Robinson,WR,00-0032775,1.0,0.0,0.0,0.0,0.0,0.0,0.0,0.0,3.71,2.11,21.7,0.23,0.2044,72.0,32.4,37.06,245.9,183.3,2.0578083348731084,1.2185078280681596,0.8099380725779869,1.0,1.0
2025,13,0.0,2025_13_SF_CLE,San Francisco 49ers,Colton Dowell,WR,00-0038632,1.0,0.0,0.0,0.0,0.0,0.0,0.0,0.0,0.0,0.0,0.0,0.0,0.0,72.0,32.4,37.06,245.9,183.3,2.0578083348731084,1.2185078280681596,0.8099380725779869,0.0,0.0
2025,13,0.0,2025_13_SF_CLE,San Francisco 49ers,Kendrick Bourne,WR,00-0033307,1.0,0.0,0.0,0.0,0.0,0.0,0.0,0.0,0.0,0.0,0.0,0.0,0.0,72.0,32.4,37.06,245.9,183.3,2.0578083348731084,1.2185078280681596,0.8099380725779869,1.0,1.0
2025,13,0.0,2025_13_SF_CLE,San Francisco 49ers,Skyy Moore,WR,00-0038090,1.0,0.0,0.0,0.0,0.0,0.0,0.0,0.0,0.0,0.0,0.0,0.0,0.0,72.0,32.4,37.06,245.9,183.3,2.0578083348731084,1.2185078280681596,0.8099380725779869,1.0,1.0
