season,week,date,game_id,team,player,position,player_id_x,is_active,pass_attempts,pass_yards,pass_tds,interceptions,rush_attempts,rush_yards,rush_tds,targets,receptions,rec_yards,rec_tds,any_td_prob,team_plays,team_pass_attempts,team_rush_attempts,team_pass_yards,team_rush_yards,team_exp_pass_tds,team_exp_rush_tds,team_exp_int,is_active_pid,is_active_nm,_name_norm,_name_norm_loose,_alias_init_last,team_norm,player_id_y,pass_attempts_act,pass_yards_act,pass_tds_act,interceptions_act,rush_attempts_act,rush_yards_act,rush_tds_act,targets_act,receptions_act,rec_yards_act,rec_tds_act,player_act,team_act,match_strategy,pass_attempts_err,pass_yards_err,pass_tds_err,interceptions_err,rush_attempts_err,rush_yards_err,rush_tds_err,targets_err,receptions_err,rec_yards_err,rec_tds_err
2025,9,0.0,2025_09_ARI_DAL,Arizona Cardinals,Kyler Murray,QB,00-0035228,1.0,38.98,222.7,1.47,0.96,5.68,15.0,0.11,0.0,0.0,0.0,0.0,0.1033,72.0,45.15,23.68,253.3,86.6,1.6581005787437104,0.4220534729935283,1.1288486480896365,0.0,0.0,kyler murray,kylermurray,kmurray,Arizona Cardinals,00-0035228,,,,,,,,,,,,,,,,,,,,,,,,,
2025,9,0.0,2025_09_ARI_DAL,Arizona Cardinals,Bam Knight,RB,00-0037157,1.0,0.0,0.0,0.0,0.0,11.58,38.9,0.25,5.31,3.76,24.0,0.2,0.3606,72.0,45.15,23.68,253.3,86.6,1.6581005787437104,0.4220534729935283,1.1288486480896365,1.0,1.0,bam knight,bamknight,bknight,Arizona Cardinals,,,,,,,,,,,,,,,,,,,,,,,,,,
2025,9,0.0,2025_09_ARI_DAL,Arizona Cardinals,Emari Demercado,RB,00-0038705,1.0,0.0,0.0,0.0,0.0,6.43,22.2,0.08,3.3,2.23,14.0,0.12,0.1844,72.0,45.15,23.68,253.3,86.6,1.6581005787437104,0.4220534729935283,1.1288486480896365,1.0,1.0,emari demercado,emaridemercado,edemercado,Arizona Cardinals,00-0038705,0.0,0.0,0.0,0.0,14.0,79.0,0.0,1.0,1.0,-1.0,0.0,E.Demercado,ARI,team_norm & _alias_init_last,0.0,0.0,0.0,0.0,-7.57,-56.8,0.08,2.3,1.23,15.0,0.12
2025,9,0.0,2025_09_ARI_DAL,Arizona Cardinals,Michael Carter,RB,00-0036924,1.0,0.0,0.0,0.0,0.0,0.0,0.0,0.0,0.0,0.0,0.0,0.0,0.0,72.0,45.15,23.68,253.3,86.6,1.6581005787437104,0.4220534729935283,1.1288486480896365,1.0,1.0,michael carter,michaelcarter,mcarter,Arizona Cardinals,00-0036924,,,,,,,,,,,,,,,,,,,,,,,,,
2025,9,0.0,2025_09_ARI_DAL,Arizona Cardinals,Trey McBride,TE,00-0037744,1.0,0.0,0.0,0.0,0.0,0.0,0.0,0.0,7.93,5.21,30.3,0.26,0.2327,72.0,45.15,23.68,253.3,86.6,1.6581005787437104,0.4220534729935283,1.1288486480896365,1.0,1.0,trey mcbride,treymcbride,tmcbride,Arizona Cardinals,00-0037744,0.0,0.0,0.0,0.0,0.0,0.0,0.0,10.0,5.0,55.0,1.0,T.McBride,ARI,team_norm & _alias_init_last,0.0,0.0,0.0,0.0,0.0,0.0,0.0,-2.0700000000000003,0.20999999999999996,-24.7,-0.74
2025,9,0.0,2025_09_ARI_DAL,Arizona Cardinals,Elijah Higgins,TE,00-0039041,1.0,0.0,0.0,0.0,0.0,0.0,0.0,0.0,4.1,2.73,17.2,0.14,0.129,72.0,45.15,23.68,253.3,86.6,1.6581005787437104,0.4220534729935283,1.1288486480896365,1.0,1.0,elijah higgins,elijahhiggins,ehiggins,Arizona Cardinals,00-0039041,0.0,0.0,0.0,0.0,0.0,0.0,0.0,3.0,3.0,30.0,0.0,E.Higgins,ARI,team_norm & _alias_init_last,0.0,0.0,0.0,0.0,0.0,0.0,0.0,1.0999999999999996,-0.27,-12.8,0.14
2025,9,0.0,2025_09_ARI_DAL,Arizona Cardinals,Josiah Deguara,TE,00-0036332,1.0,0.0,0.0,0.0,0.0,0.0,0.0,0.0,0.0,0.0,0.0,0.0,0.0,72.0,45.15,23.68,253.3,86.6,1.6581005787437104,0.4220534729935283,1.1288486480896365,1.0,1.0,josiah deguara,josiahdeguara,jdeguara,Arizona Cardinals,00-0036332,,,,,,,,,,,,,,,,,,,,,,,,,
2025,9,0.0,2025_09_ARI_DAL,Arizona Cardinals,Oscar Cardenas,TE,00-0040381,1.0,0.0,0.0,0.0,0.0,0.0,0.0,0.0,0.0,0.0,0.0,0.0,0.0,72.0,45.15,23.68,253.3,86.6,1.6581005787437104,0.4220534729935283,1.1288486480896365,0.0,0.0,oscar cardenas,oscarcardenas,ocardenas,Arizona Cardinals,00-0040381,,,,,,,,,,,,,,,,,,,,,,,,,
2025,9,0.0,2025_09_ARI_DAL,Arizona Cardinals,Marvin Harrison Jr.,WR,00-0039849,1.0,0.0,0.0,0.0,0.0,0.0,0.0,0.0,10.87,5.48,52.2,0.38,0.3139,72.0,45.15,23.68,253.3,86.6,1.6581005787437104,0.4220534729935283,1.1288486480896365,1.0,1.0,marvin harrison jr.,marvinharrisonjr,mharrison,Arizona Cardinals,00-0039849,0.0,0.0,0.0,0.0,0.0,0.0,0.0,10.0,7.0,96.0,1.0,M.Harrison,ARI,team_norm & _alias_init_last,0.0,0.0,0.0,0.0,0.0,0.0,0.0,0.8699999999999992,-1.5199999999999996,-43.8,-0.62
2025,9,0.0,2025_09_ARI_DAL,Arizona Cardinals,Michael Wilson,WR,00-0038559,1.0,0.0,0.0,0.0,0.0,0.0,0.0,0.0,8.19,4.61,45.0,0.3,0.2562,72.0,45.15,23.68,253.3,86.6,1.6581005787437104,0.4220534729935283,1.1288486480896365,1.0,1.0,michael wilson,michaelwilson,mwilson,Arizona Cardinals,00-0035144,0.0,0.0,0.0,0.0,0.0,0.0,0.0,4.0,3.0,61.0,0.0,Mi.Wilson,ARI,team_norm & _alias_init_last,0.0,0.0,0.0,0.0,0.0,0.0,0.0,4.1899999999999995,1.6100000000000003,-16.0,0.3
2025,9,0.0,2025_09_ARI_DAL,Arizona Cardinals,Zay Jones,WR,00-0033891,1.0,0.0,0.0,0.0,0.0,0.0,0.0,0.0,5.46,3.36,24.5,0.19,0.176,72.0,45.15,23.68,253.3,86.6,1.6581005787437104,0.4220534729935283,1.1288486480896365,1.0,1.0,zay jones,zayjones,zjones,Arizona Cardinals,,,,,,,,,,,,,,,,,,,,,,,,,,
2025,9,0.0,2025_09_ARI_DAL,Arizona Cardinals,Greg Dortch,WR,00-0035500,1.0,0.0,0.0,0.0,0.0,0.0,0.0,0.0,0.0,0.0,0.0,0.0,0.0,72.0,45.15,23.68,253.3,86.6,1.6581005787437104,0.4220534729935283,1.1288486480896365,1.0,1.0,greg dortch,gregdortch,gdortch,Arizona Cardinals,00-0035500,0.0,0.0,0.0,0.0,1.0,9.0,0.0,0.0,0.0,0.0,0.0,G.Dortch,ARI,team_norm & _alias_init_last,0.0,0.0,0.0,0.0,-1.0,-9.0,0.0,0.0,0.0,0.0,0.0
2025,9,0.0,2025_09_ARI_DAL,Arizona Cardinals,Simi Fehoko,WR,00-0036646,1.0,0.0,0.0,0.0,0.0,0.0,0.0,0.0,0.0,0.0,0.0,0.0,0.0,72.0,45.15,23.68,253.3,86.6,1.6581005787437104,0.4220534729935283,1.1288486480896365,1.0,1.0,simi fehoko,simifehoko,sfehoko,Arizona Cardinals,00-0036646,,,,,,,,,,,,,,,,,,,,,,,,,
2025,9,0.0,2025_09_ARI_DAL,Arizona Cardinals,Xavier Weaver,WR,00-0039521,1.0,0.0,0.0,0.0,0.0,0.0,0.0,0.0,0.0,0.0,0.0,0.0,0.0,72.0,45.15,23.68,253.3,86.6,1.6581005787437104,0.4220534729935283,1.1288486480896365,1.0,1.0,xavier weaver,xavierweaver,xweaver,Arizona Cardinals,00-0039521,,,,,,,,,,,,,,,,,,,,,,,,,
2025,9,0.0,2025_09_ARI_DAL,Dallas Cowboys,Dak Prescott,QB,00-0033077,1.0,38.8,232.7,2.13,0.91,2.74,7.6,0.08,0.0,0.0,0.0,0.0,0.0726,72.0,42.63,27.24,249.0,103.7,2.3426823200940152,0.6774528524122765,1.0657161715098558,1.0,1.0,dak prescott,dakprescott,dprescott,Dallas Cowboys,,49.0,250.0,1.0,1.0,0.0,0.0,0.0,0.0,0.0,0.0,0.0,D.Prescott,DAL,team_norm & _alias_init_last,-10.200000000000003,-17.30000000000001,1.13,-0.08999999999999997,2.74,7.6,0.08,0.0,0.0,0.0,0.0
2025,9,0.0,2025_09_ARI_DAL,Dallas Cowboys,Jaydon Blue,RB,00-0040586,1.0,0.0,0.0,0.0,0.0,15.76,62.4,0.47,4.94,3.38,27.5,0.27,0.5233,72.0,42.63,27.24,249.0,103.7,2.3426823200940152,0.6774528524122765,1.0657161715098558,0.0,0.0,jaydon blue,jaydonblue,jblue,Dallas Cowboys,00-0040586,,,,,,,,,,,,,,,,,,,,,,,,,
2025,9,0.0,2025_09_ARI_DAL,Dallas Cowboys,Phil Mafah,RB,00-0040021,1.0,0.0,0.0,0.0,0.0,8.75,36.4,0.16,3.07,2.15,16.5,0.17,0.2818,72.0,42.63,27.24,249.0,103.7,2.3426823200940152,0.6774528524122765,1.0657161715098558,0.0,0.0,phil mafah,philmafah,pmafah,Dallas Cowboys,00-0040021,,,,,,,,,,,,,,,,,,,,,,,,,
2025,9,0.0,2025_09_ARI_DAL,Dallas Cowboys,Malik Davis,RB,00-0037563,1.0,0.0,0.0,0.0,0.0,0.0,0.0,0.0,0.0,0.0,0.0,0.0,0.0,72.0,42.63,27.24,249.0,103.7,2.3426823200940152,0.6774528524122765,1.0657161715098558,1.0,1.0,malik davis,malikdavis,mdavis,Dallas Cowboys,00-0037563,0.0,0.0,0.0,0.0,1.0,3.0,0.0,0.0,0.0,0.0,0.0,M.Davis,DAL,team_norm & _alias_init_last,0.0,0.0,0.0,0.0,-1.0,-3.0,0.0,0.0,0.0,0.0,0.0
2025,9,0.0,2025_09_ARI_DAL,Dallas Cowboys,Jake Ferguson,TE,00-0038041,1.0,0.0,0.0,0.0,0.0,0.0,0.0,0.0,7.61,5.07,31.9,0.4,0.33,72.0,42.63,27.24,249.0,103.7,2.3426823200940152,0.6774528524122765,1.0657161715098558,1.0,1.0,jake ferguson,jakeferguson,jferguson,Dallas Cowboys,00-0038041,0.0,0.0,0.0,0.0,0.0,0.0,0.0,7.0,5.0,50.0,0.0,J.Ferguson,DAL,team_norm & _alias_init_last,0.0,0.0,0.0,0.0,0.0,0.0,0.0,0.6100000000000003,0.07000000000000028,-18.1,0.4
2025,9,0.0,2025_09_ARI_DAL,Dallas Cowboys,Brevyn Spann-Ford,TE,00-0039530,1.0,0.0,0.0,0.0,0.0,0.0,0.0,0.0,3.93,2.32,20.7,0.21,0.1872,72.0,42.63,27.24,249.0,103.7,2.3426823200940152,0.6774528524122765,1.0657161715098558,1.0,1.0,brevyn spann-ford,brevynspannford,bspannford,Dallas Cowboys,00-0039530,,,,,,,,,,,,,,,,,,,,,,,,,
2025,9,0.0,2025_09_ARI_DAL,Dallas Cowboys,Luke Schoonmaker,TE,00-0038547,1.0,0.0,0.0,0.0,0.0,0.0,0.0,0.0,0.0,0.0,0.0,0.0,0.0,72.0,42.63,27.24,249.0,103.7,2.3426823200940152,0.6774528524122765,1.0657161715098558,1.0,1.0,luke schoonmaker,lukeschoonmaker,lschoonmaker,Dallas Cowboys,00-0038547,0.0,0.0,0.0,0.0,0.0,0.0,0.0,2.0,1.0,14.0,0.0,L.Schoonmaker,DAL,team_norm & _alias_init_last,0.0,0.0,0.0,0.0,0.0,0.0,0.0,-2.0,-1.0,-14.0,0.0
2025,9,0.0,2025_09_ARI_DAL,Dallas Cowboys,Princeton Fant,TE,00-0038735,1.0,0.0,0.0,0.0,0.0,0.0,0.0,0.0,0.0,0.0,0.0,0.0,0.0,72.0,42.63,27.24,249.0,103.7,2.3426823200940152,0.6774528524122765,1.0657161715098558,1.0,1.0,princeton fant,princetonfant,pfant,Dallas Cowboys,00-0038735,,,,,,,,,,,,,,,,,,,,,,,,,
2025,9,0.0,2025_09_ARI_DAL,Dallas Cowboys,CeeDee Lamb,WR,00-0036358,1.0,0.0,0.0,0.0,0.0,0.0,0.0,0.0,10.23,6.29,43.4,0.53,0.4122,72.0,42.63,27.24,249.0,103.7,2.3426823200940152,0.6774528524122765,1.0657161715098558,1.0,1.0,ceedee lamb,ceedeelamb,clamb,Dallas Cowboys,00-0036358,0.0,0.0,0.0,0.0,0.0,0.0,0.0,13.0,7.0,85.0,0.0,C.Lamb,DAL,team_norm & _alias_init_last,0.0,0.0,0.0,0.0,0.0,0.0,0.0,-2.7699999999999996,-0.71,-41.6,0.53
2025,9,0.0,2025_09_ARI_DAL,Dallas Cowboys,George Pickens,WR,00-0037247,1.0,0.0,0.0,0.0,0.0,0.0,0.0,0.0,7.7,4.24,31.8,0.4,0.3282,72.0,42.63,27.24,249.0,103.7,2.3426823200940152,0.6774528524122765,1.0657161715098558,1.0,1.0,george pickens,georgepickens,gpickens,Dallas Cowboys,00-0037247,0.0,0.0,0.0,0.0,0.0,0.0,0.0,10.0,6.0,79.0,0.0,G.Pickens,DAL,team_norm & _alias_init_last,0.0,0.0,0.0,0.0,0.0,0.0,0.0,-2.3,-1.7599999999999998,-47.2,0.4
2025,9,0.0,2025_09_ARI_DAL,Dallas Cowboys,Ryan Flournoy,WR,00-0039410,1.0,0.0,0.0,0.0,0.0,0.0,0.0,0.0,5.14,3.25,25.3,0.27,0.2339,72.0,42.63,27.24,249.0,103.7,2.3426823200940152,0.6774528524122765,1.0657161715098558,1.0,1.0,ryan flournoy,ryanflournoy,rflournoy,Dallas Cowboys,00-0039410,0.0,0.0,0.0,0.0,0.0,0.0,0.0,2.0,2.0,12.0,1.0,R.Flournoy,DAL,team_norm & _alias_init_last,0.0,0.0,0.0,0.0,0.0,0.0,0.0,3.1399999999999997,1.25,13.3,-0.73
2025,9,0.0,2025_09_ARI_DAL,Dallas Cowboys,Jalen Tolbert,WR,00-0037666,1.0,0.0,0.0,0.0,0.0,0.0,0.0,0.0,0.0,0.0,0.0,0.0,0.0,72.0,42.63,27.24,249.0,103.7,2.3426823200940152,0.6774528524122765,1.0657161715098558,1.0,1.0,jalen tolbert,jalentolbert,jtolbert,Dallas Cowboys,00-0037666,,,,,,,,,,,,,,,,,,,,,,,,,
2025,9,0.0,2025_09_ARI_DAL,Dallas Cowboys,KaVontae Turpin,WR,00-0037801,1.0,0.0,0.0,0.0,0.0,0.0,0.0,0.0,0.0,0.0,0.0,0.0,0.0,72.0,42.63,27.24,249.0,103.7,2.3426823200940152,0.6774528524122765,1.0657161715098558,1.0,1.0,kavontae turpin,kavontaeturpin,kturpin,Dallas Cowboys,00-0037801,0.0,0.0,0.0,0.0,1.0,3.0,0.0,3.0,2.0,10.0,0.0,K.Turpin,DAL,team_norm & _alias_init_last,0.0,0.0,0.0,0.0,-1.0,-3.0,0.0,-3.0,-2.0,-10.0,0.0
2025,9,0.0,2025_09_ATL_NE,Atlanta Falcons,Michael Penix Jr.,QB,00-0039917,1.0,32.86,242.1,2.09,0.74,1.58,6.5,0.05,0.0,0.0,0.0,0.0,0.0531,55.0,34.91,17.96,265.0,88.8,2.2160013565405072,0.6506141275315414,0.8727481856980392,1.0,1.0,michael penix jr.,michaelpenixjr,mpenix,Atlanta Falcons,00-0039917,42.0,221.0,3.0,0.0,0.0,0.0,0.0,0.0,0.0,0.0,0.0,M.Penix,ATL,team_norm & _alias_init_last,-9.14,21.099999999999994,-0.9100000000000001,0.74,1.58,6.5,0.05,0.0,0.0,0.0,0.0
2025,9,0.0,2025_09_ATL_NE,Atlanta Falcons,Bijan Robinson,RB,00-0038542,1.0,0.0,0.0,0.0,0.0,10.53,44.9,0.45,4.22,2.95,21.8,0.27,0.515,55.0,34.91,17.96,265.0,88.8,2.2160013565405072,0.6506141275315414,0.8727481856980392,1.0,1.0,bijan robinson,bijanrobinson,brobinson,Atlanta Falcons,00-0038542,0.0,0.0,0.0,0.0,12.0,46.0,0.0,11.0,8.0,50.0,0.0,B.Robinson,ATL,team_norm & _alias_init_last,0.0,0.0,0.0,0.0,-1.4700000000000006,-1.1000000000000014,0.45,-6.78,-5.05,-28.2,0.27
2025,9,0.0,2025_09_ATL_NE,Atlanta Falcons,Tyler Allgeier,RB,00-0037263,1.0,0.0,0.0,0.0,0.0,5.85,25.0,0.17,2.63,1.93,13.9,0.16,0.2813,55.0,34.91,17.96,265.0,88.8,2.2160013565405072,0.6506141275315414,0.8727481856980392,1.0,1.0,tyler allgeier,tylerallgeier,tallgeier,Atlanta Falcons,00-0037263,0.0,0.0,0.0,0.0,2.0,6.0,0.0,0.0,0.0,0.0,0.0,T.Allgeier,ATL,team_norm & _alias_init_last,0.0,0.0,0.0,0.0,3.8499999999999996,19.0,0.17,2.63,1.93,13.9,0.16
2025,9,0.0,2025_09_ATL_NE,Atlanta Falcons,Kyle Pitts Sr.,TE,,1.0,0.0,0.0,0.0,0.0,0.0,0.0,0.0,6.1,3.58,58.6,0.39,0.3212,55.0,34.91,17.96,265.0,88.8,2.2160013565405072,0.6506141275315414,0.8727481856980392,0.0,0.0,kyle pitts sr.,kylepittssr,kpitts,Atlanta Falcons,00-0036970,0.0,0.0,0.0,0.0,0.0,0.0,0.0,7.0,4.0,38.0,0.0,K.Pitts,ATL,team_norm & _alias_init_last,0.0,0.0,0.0,0.0,0.0,0.0,0.0,-0.9000000000000004,-0.41999999999999993,20.6,0.39
2025,9,0.0,2025_09_ATL_NE,Atlanta Falcons,Charlie Woerner,TE,00-0036429,1.0,0.0,0.0,0.0,0.0,0.0,0.0,0.0,3.16,1.99,23.4,0.19,0.1717,55.0,34.91,17.96,265.0,88.8,2.2160013565405072,0.6506141275315414,0.8727481856980392,1.0,1.0,charlie woerner,charliewoerner,cwoerner,Atlanta Falcons,00-0036429,,,,,,,,,,,,,,,,,,,,,,,,,
2025,9,0.0,2025_09_ATL_NE,Atlanta Falcons,Feleipe Franks,TE,00-0036825,1.0,0.0,0.0,0.0,0.0,0.0,0.0,0.0,0.0,0.0,0.0,0.0,0.0,55.0,34.91,17.96,265.0,88.8,2.2160013565405072,0.6506141275315414,0.8727481856980392,1.0,1.0,feleipe franks,feleipefranks,ffranks,Atlanta Falcons,00-0036825,,,,,,,,,,,,,,,,,,,,,,,,,
2025,9,0.0,2025_09_ATL_NE,Atlanta Falcons,Teagan Quitoriano,TE,00-0037277,1.0,0.0,0.0,0.0,0.0,0.0,0.0,0.0,0.0,0.0,0.0,0.0,0.0,55.0,34.91,17.96,265.0,88.8,2.2160013565405072,0.6506141275315414,0.8727481856980392,1.0,1.0,teagan quitoriano,teaganquitoriano,tquitoriano,Atlanta Falcons,00-0037277,,,,,,,,,,,,,,,,,,,,,,,,,
2025,9,0.0,2025_09_ATL_NE,Atlanta Falcons,Drake London,WR,00-0037238,1.0,0.0,0.0,0.0,0.0,0.0,0.0,0.0,8.09,4.82,48.8,0.49,0.3902,55.0,34.91,17.96,265.0,88.8,2.2160013565405072,0.6506141275315414,0.8727481856980392,1.0,1.0,drake london,drakelondon,dlondon,Atlanta Falcons,00-0037238,0.0,0.0,0.0,0.0,0.0,0.0,0.0,14.0,9.0,118.0,3.0,D.London,ATL,team_norm & _alias_init_last,0.0,0.0,0.0,0.0,0.0,0.0,0.0,-5.91,-4.18,-69.2,-2.51
2025,9,0.0,2025_09_ATL_NE,Atlanta Falcons,Darnell Mooney,WR,00-0036309,1.0,0.0,0.0,0.0,0.0,0.0,0.0,0.0,6.09,3.28,36.9,0.35,0.296,55.0,34.91,17.96,265.0,88.8,2.2160013565405072,0.6506141275315414,0.8727481856980392,1.0,1.0,darnell mooney,darnellmooney,dmooney,Atlanta Falcons,00-0036309,0.0,0.0,0.0,0.0,0.0,0.0,0.0,2.0,1.0,15.0,0.0,D.Mooney,ATL,team_norm & _alias_init_last,0.0,0.0,0.0,0.0,0.0,0.0,0.0,4.09,2.28,21.9,0.35
2025,9,0.0,2025_09_ATL_NE,Atlanta Falcons,David Sills V,WR,,1.0,0.0,0.0,0.0,0.0,0.0,0.0,0.0,4.06,2.53,44.3,0.26,0.2272,55.0,34.91,17.96,265.0,88.8,2.2160013565405072,0.6506141275315414,0.8727481856980392,0.0,0.0,david sills v,davidsillsv,dsills,Atlanta Falcons,00-0035359,0.0,0.0,0.0,0.0,0.0,0.0,0.0,2.0,0.0,0.0,0.0,D.Sills,ATL,team_norm & _alias_init_last,0.0,0.0,0.0,0.0,0.0,0.0,0.0,2.0599999999999996,2.53,44.3,0.26
2025,9,0.0,2025_09_ATL_NE,Atlanta Falcons,Casey Washington,WR,00-0039394,1.0,0.0,0.0,0.0,0.0,0.0,0.0,0.0,0.0,0.0,0.0,0.0,0.0,55.0,34.91,17.96,265.0,88.8,2.2160013565405072,0.6506141275315414,0.8727481856980392,0.0,0.0,casey washington,caseywashington,cwashington,Atlanta Falcons,00-0038930,,,,,,,,,,,,,,,,,,,,,,,,,
2025,9,0.0,2025_09_ATL_NE,Atlanta Falcons,Dylan Drummond,WR,00-0038953,1.0,0.0,0.0,0.0,0.0,0.0,0.0,0.0,0.0,0.0,0.0,0.0,0.0,55.0,34.91,17.96,265.0,88.8,2.2160013565405072,0.6506141275315414,0.8727481856980392,1.0,1.0,dylan drummond,dylandrummond,ddrummond,Atlanta Falcons,00-0038953,,,,,,,,,,,,,,,,,,,,,,,,,
2025,9,0.0,2025_09_ATL_NE,Atlanta Falcons,KhaDarel Hodge,WR,00-0034854,1.0,0.0,0.0,0.0,0.0,0.0,0.0,0.0,0.0,0.0,0.0,0.0,0.0,55.0,34.91,17.96,265.0,88.8,2.2160013565405072,0.6506141275315414,0.8727481856980392,1.0,1.0,khadarel hodge,khadarelhodge,khodge,Atlanta Falcons,00-0034854,,,,,,,,,,,,,,,,,,,,,,,,,
2025,9,0.0,2025_09_ATL_NE,New England Patriots,Drake Maye,QB,00-0039851,1.0,32.64,183.2,2.06,0.8,6.88,19.1,0.24,0.0,0.0,0.0,0.0,0.215,72.0,37.82,31.02,212.2,113.4,2.6665118238780656,1.0790861426223013,0.9456219950397886,1.0,1.0,drake maye,drakemaye,dmaye,New England Patriots,00-0039851,40.0,259.0,2.0,1.0,0.0,0.0,0.0,0.0,0.0,0.0,0.0,D.Maye,NE,team_norm & _alias_init_last,-7.359999999999999,-75.80000000000001,0.06000000000000005,-0.19999999999999996,6.88,19.1,0.24,0.0,0.0,0.0,0.0
2025,9,0.0,2025_09_ATL_NE,New England Patriots,Rhamondre Stevenson,RB,00-0036875,1.0,0.0,0.0,0.0,0.0,15.51,51.0,0.66,4.47,3.08,15.6,0.32,0.6243,72.0,37.82,31.02,212.2,113.4,2.6665118238780656,1.0790861426223013,0.9456219950397886,0.0,0.0,rhamondre stevenson,rhamondrestevenson,rstevenson,New England Patriots,00-0036875,,,,,,,,,,,,,,,,,,,,,,,,,
2025,9,0.0,2025_09_ATL_NE,New England Patriots,TreVeyon Henderson,RB,00-0040734,1.0,0.0,0.0,0.0,0.0,8.62,29.4,0.24,2.78,2.06,11.0,0.19,0.35,72.0,37.82,31.02,212.2,113.4,2.6665118238780656,1.0790861426223013,0.9456219950397886,1.0,1.0,treveyon henderson,treveyonhenderson,thenderson,New England Patriots,00-0040734,0.0,0.0,0.0,0.0,14.0,55.0,0.0,6.0,4.0,32.0,0.0,T.Henderson,NE,team_norm & _alias_init_last,0.0,0.0,0.0,0.0,-5.380000000000001,-25.6,0.24,-3.22,-1.94,-21.0,0.19
2025,9,0.0,2025_09_ATL_NE,New England Patriots,D'Ernest Johnson,RB,00-0035628,1.0,0.0,0.0,0.0,0.0,0.0,0.0,0.0,0.0,0.0,0.0,0.0,0.0,72.0,37.82,31.02,212.2,113.4,2.6665118238780656,1.0790861426223013,0.9456219950397886,1.0,1.0,d'ernest johnson,dernestjohnson,djohnson,New England Patriots,00-0035628,,,,,,,,,,,,,,,,,,,,,,,,,
2025,9,0.0,2025_09_ATL_NE,New England Patriots,Terrell Jennings,RB,00-0039757,1.0,0.0,0.0,0.0,0.0,0.0,0.0,0.0,0.0,0.0,0.0,0.0,0.0,72.0,37.82,31.02,212.2,113.4,2.6665118238780656,1.0790861426223013,0.9456219950397886,1.0,1.0,terrell jennings,terrelljennings,tjennings,New England Patriots,00-0039757,0.0,0.0,0.0,0.0,11.0,35.0,1.0,1.0,1.0,9.0,0.0,T.Jennings,NE,team_norm & _alias_init_last,0.0,0.0,0.0,0.0,-11.0,-35.0,-1.0,-1.0,-1.0,-9.0,0.0
2025,9,0.0,2025_09_ATL_NE,New England Patriots,Hunter Henry,TE,00-0033090,1.0,0.0,0.0,0.0,0.0,0.0,0.0,0.0,6.19,3.82,23.9,0.41,0.3355,72.0,37.82,31.02,212.2,113.4,2.6665118238780656,1.0790861426223013,0.9456219950397886,1.0,1.0,hunter henry,hunterhenry,hhenry,New England Patriots,00-0033090,0.0,0.0,0.0,0.0,0.0,0.0,0.0,6.0,4.0,51.0,0.0,H.Henry,NE,team_norm & _alias_init_last,0.0,0.0,0.0,0.0,0.0,0.0,0.0,0.1900000000000004,-0.18000000000000016,-27.1,0.41
2025,9,0.0,2025_09_ATL_NE,New England Patriots,Austin Hooper,TE,00-0032392,1.0,0.0,0.0,0.0,0.0,0.0,0.0,0.0,3.2,2.01,11.6,0.21,0.1876,72.0,37.82,31.02,212.2,113.4,2.6665118238780656,1.0790861426223013,0.9456219950397886,1.0,1.0,austin hooper,austinhooper,ahooper,New England Patriots,00-0032392,0.0,0.0,0.0,0.0,0.0,0.0,0.0,1.0,1.0,20.0,0.0,A.Hooper,NE,team_norm & _alias_init_last,0.0,0.0,0.0,0.0,0.0,0.0,0.0,2.2,1.0099999999999998,-8.4,0.21
2025,9,0.0,2025_09_ATL_NE,New England Patriots,Cole Fotheringham,TE,00-0037506,1.0,0.0,0.0,0.0,0.0,0.0,0.0,0.0,0.0,0.0,0.0,0.0,0.0,72.0,37.82,31.02,212.2,113.4,2.6665118238780656,1.0790861426223013,0.9456219950397886,0.0,0.0,cole fotheringham,colefotheringham,cfotheringham,New England Patriots,00-0037506,,,,,,,,,,,,,,,,,,,,,,,,,
2025,9,0.0,2025_09_ATL_NE,New England Patriots,Stefon Diggs,WR,00-0031588,1.0,0.0,0.0,0.0,0.0,0.0,0.0,0.0,9.39,6.41,40.8,0.61,0.4579,72.0,37.82,31.02,212.2,113.4,2.6665118238780656,1.0790861426223013,0.9456219950397886,1.0,1.0,stefon diggs,stefondiggs,sdiggs,New England Patriots,00-0031588,0.0,0.0,0.0,0.0,0.0,0.0,0.0,4.0,3.0,38.0,1.0,S.Diggs,NE,team_norm & _alias_init_last,0.0,0.0,0.0,0.0,0.0,0.0,0.0,5.390000000000001,3.41,2.799999999999997,-0.39
2025,9,0.0,2025_09_ATL_NE,New England Patriots,Kayshon Boutte,WR,00-0038608,1.0,0.0,0.0,0.0,0.0,0.0,0.0,0.0,7.07,4.14,31.8,0.46,0.3689,72.0,37.82,31.02,212.2,113.4,2.6665118238780656,1.0790861426223013,0.9456219950397886,1.0,1.0,kayshon boutte,kayshonboutte,kboutte,New England Patriots,00-0038608,0.0,0.0,0.0,0.0,0.0,0.0,0.0,1.0,0.0,0.0,0.0,K.Boutte,NE,team_norm & _alias_init_last,0.0,0.0,0.0,0.0,0.0,0.0,0.0,6.07,4.14,31.8,0.46
2025,9,0.0,2025_09_ATL_NE,New England Patriots,Mack Hollins,WR,00-0033555,1.0,0.0,0.0,0.0,0.0,0.0,0.0,0.0,4.72,2.83,19.2,0.31,0.265,72.0,37.82,31.02,212.2,113.4,2.6665118238780656,1.0790861426223013,0.9456219950397886,1.0,1.0,mack hollins,mackhollins,mhollins,New England Patriots,00-0033555,0.0,0.0,0.0,0.0,0.0,0.0,0.0,2.0,2.0,9.0,0.0,M.Hollins,NE,team_norm & _alias_init_last,0.0,0.0,0.0,0.0,0.0,0.0,0.0,2.7199999999999998,0.8300000000000001,10.2,0.31
2025,9,0.0,2025_09_ATL_NE,New England Patriots,Brandon Smith,WR,00-0036775,1.0,0.0,0.0,0.0,0.0,0.0,0.0,0.0,0.0,0.0,0.0,0.0,0.0,72.0,37.82,31.02,212.2,113.4,2.6665118238780656,1.0790861426223013,0.9456219950397886,0.0,0.0,brandon smith,brandonsmith,bsmith,New England Patriots,00-0036775,0.0,0.0,0.0,0.0,3.0,7.0,0.0,1.0,0.0,0.0,0.0,B.Smith,KC,_alias_init_last,0.0,0.0,0.0,0.0,-3.0,-7.0,0.0,-1.0,0.0,0.0,0.0
2025,9,0.0,2025_09_ATL_NE,New England Patriots,DeMario Douglas,WR,00-0038621,1.0,0.0,0.0,0.0,0.0,0.0,0.0,0.0,0.0,0.0,0.0,0.0,0.0,72.0,37.82,31.02,212.2,113.4,2.6665118238780656,1.0790861426223013,0.9456219950397886,1.0,1.0,demario douglas,demariodouglas,ddouglas,New England Patriots,00-0038621,0.0,0.0,0.0,0.0,0.0,0.0,0.0,6.0,4.0,100.0,1.0,D.Douglas,NE,team_norm & _alias_init_last,0.0,0.0,0.0,0.0,0.0,0.0,0.0,-6.0,-4.0,-100.0,-1.0
2025,9,0.0,2025_09_ATL_NE,New England Patriots,Efton Chism III,WR,00-0040563,1.0,0.0,0.0,0.0,0.0,0.0,0.0,0.0,0.0,0.0,0.0,0.0,0.0,72.0,37.82,31.02,212.2,113.4,2.6665118238780656,1.0790861426223013,0.9456219950397886,1.0,1.0,efton chism iii,eftonchismiii,echism,New England Patriots,00-0040563,,,,,,,,,,,,,,,,,,,,,,,,,
2025,9,0.0,2025_09_ATL_NE,New England Patriots,Kyle Williams,WR,00-0040131,1.0,0.0,0.0,0.0,0.0,0.0,0.0,0.0,0.0,0.0,0.0,0.0,0.0,72.0,37.82,31.02,212.2,113.4,2.6665118238780656,1.0790861426223013,0.9456219950397886,1.0,1.0,kyle williams,kylewilliams,kwilliams,New England Patriots,00-0040131,0.0,0.0,0.0,0.0,0.0,0.0,0.0,1.0,0.0,0.0,0.0,K.Williams,NE,team_norm & _alias_init_last,0.0,0.0,0.0,0.0,0.0,0.0,0.0,-1.0,0.0,0.0,0.0
2025,9,0.0,2025_09_BAL_MIA,Baltimore Ravens,Lamar Jackson,QB,00-0034796,1.0,28.26,210.5,1.69,0.64,13.2,45.4,0.33,0.0,0.0,0.0,0.0,0.2842,72.0,30.03,39.6,227.9,195.8,1.7437132879241288,1.1677502061771292,0.7506701617184586,1.0,1.0,lamar jackson,lamarjackson,ljackson,Baltimore Ravens,00-0034796,27.0,204.0,4.0,0.0,1.0,0.0,0.0,0.0,0.0,0.0,0.0,L.Jackson,BAL,team_norm & _alias_init_last,1.2600000000000016,6.5,-2.31,0.64,12.2,45.4,0.33,0.0,0.0,0.0,0.0
2025,9,0.0,2025_09_BAL_MIA,Baltimore Ravens,Derrick Henry,RB,00-0032764,1.0,0.0,0.0,0.0,0.0,16.97,72.6,0.66,3.61,2.44,19.7,0.21,0.5812,72.0,30.03,39.6,227.9,195.8,1.7437132879241288,1.1677502061771292,0.7506701617184586,1.0,1.0,derrick henry,derrickhenry,dhenry,Baltimore Ravens,00-0032764,0.0,0.0,0.0,0.0,19.0,119.0,0.0,1.0,1.0,2.0,0.0,D.Henry,BAL,team_norm & _alias_init_last,0.0,0.0,0.0,0.0,-2.030000000000001,-46.400000000000006,0.66,2.61,1.44,17.7,0.21
2025,9,0.0,2025_09_BAL_MIA,Baltimore Ravens,Justice Hill,RB,00-0034975,1.0,0.0,0.0,0.0,0.0,9.43,42.1,0.24,2.25,1.56,11.5,0.13,0.3074,72.0,30.03,39.6,227.9,195.8,1.7437132879241288,1.1677502061771292,0.7506701617184586,1.0,1.0,justice hill,justicehill,jhill,Baltimore Ravens,00-0034975,0.0,0.0,0.0,0.0,1.0,2.0,0.0,2.0,2.0,13.0,0.0,J.Hill,BAL,team_norm & _alias_init_last,0.0,0.0,0.0,0.0,8.43,40.1,0.24,0.25,-0.43999999999999995,-1.5,0.13
2025,9,0.0,2025_09_BAL_MIA,Baltimore Ravens,Keaton Mitchell,RB,00-0038454,1.0,0.0,0.0,0.0,0.0,0.0,0.0,0.0,0.0,0.0,0.0,0.0,0.0,72.0,30.03,39.6,227.9,195.8,1.7437132879241288,1.1677502061771292,0.7506701617184586,1.0,1.0,keaton mitchell,keatonmitchell,kmitchell,Baltimore Ravens,00-0038454,0.0,0.0,0.0,0.0,4.0,11.0,0.0,1.0,1.0,7.0,0.0,K.Mitchell,BAL,team_norm & _alias_init_last,0.0,0.0,0.0,0.0,-4.0,-11.0,0.0,-1.0,-1.0,-7.0,0.0
2025,9,0.0,2025_09_BAL_MIA,Baltimore Ravens,Rasheen Ali,RB,00-0039796,1.0,0.0,0.0,0.0,0.0,0.0,0.0,0.0,0.0,0.0,0.0,0.0,0.0,72.0,30.03,39.6,227.9,195.8,1.7437132879241288,1.1677502061771292,0.7506701617184586,1.0,1.0,rasheen ali,rasheenali,rali,Baltimore Ravens,00-0039796,,,,,,,,,,,,,,,,,,,,,,,,,
2025,9,0.0,2025_09_BAL_MIA,Baltimore Ravens,Mark Andrews,TE,00-0034753,1.0,0.0,0.0,0.0,0.0,0.0,0.0,0.0,5.25,3.09,28.4,0.29,0.2535,72.0,30.03,39.6,227.9,195.8,1.7437132879241288,1.1677502061771292,0.7506701617184586,1.0,1.0,mark andrews,markandrews,mandrews,Baltimore Ravens,00-0034753,0.0,0.0,0.0,0.0,2.0,4.0,0.0,3.0,2.0,22.0,2.0,M.Andrews,BAL,team_norm & _alias_init_last,0.0,0.0,0.0,0.0,-2.0,-4.0,0.0,2.25,1.0899999999999999,6.399999999999999,-1.71
2025,9,0.0,2025_09_BAL_MIA,Baltimore Ravens,Isaiah Likely,TE,00-0037838,1.0,0.0,0.0,0.0,0.0,0.0,0.0,0.0,2.71,1.66,14.9,0.15,0.1388,72.0,30.03,39.6,227.9,195.8,1.7437132879241288,1.1677502061771292,0.7506701617184586,1.0,1.0,isaiah likely,isaiahlikely,ilikely,Baltimore Ravens,00-0037838,0.0,0.0,0.0,0.0,0.0,0.0,0.0,4.0,3.0,60.0,0.0,I.Likely,BAL,team_norm & _alias_init_last,0.0,0.0,0.0,0.0,0.0,0.0,0.0,-1.29,-1.34,-45.1,0.15
2025,9,0.0,2025_09_BAL_MIA,Baltimore Ravens,Baylor Cupp,TE,00-0039316,1.0,0.0,0.0,0.0,0.0,0.0,0.0,0.0,0.0,0.0,0.0,0.0,0.0,72.0,30.03,39.6,227.9,195.8,1.7437132879241288,1.1677502061771292,0.7506701617184586,0.0,0.0,baylor cupp,baylorcupp,bcupp,Baltimore Ravens,00-0039316,,,,,,,,,,,,,,,,,,,,,,,,,
2025,9,0.0,2025_09_BAL_MIA,Baltimore Ravens,Charlie Kolar,TE,00-0038046,1.0,0.0,0.0,0.0,0.0,0.0,0.0,0.0,0.0,0.0,0.0,0.0,0.0,72.0,30.03,39.6,227.9,195.8,1.7437132879241288,1.1677502061771292,0.7506701617184586,1.0,1.0,charlie kolar,charliekolar,ckolar,Baltimore Ravens,00-0038046,0.0,0.0,0.0,0.0,0.0,0.0,0.0,2.0,2.0,23.0,1.0,C.Kolar,BAL,team_norm & _alias_init_last,0.0,0.0,0.0,0.0,0.0,0.0,0.0,-2.0,-2.0,-23.0,-1.0
2025,9,0.0,2025_09_BAL_MIA,Baltimore Ravens,Zay Flowers,WR,00-0039064,1.0,0.0,0.0,0.0,0.0,0.0,0.0,0.0,6.94,4.67,41.9,0.37,0.3091,72.0,30.03,39.6,227.9,195.8,1.7437132879241288,1.1677502061771292,0.7506701617184586,1.0,1.0,zay flowers,zayflowers,zflowers,Baltimore Ravens,,0.0,0.0,0.0,0.0,0.0,0.0,0.0,5.0,5.0,64.0,0.0,Z.Flowers,BAL,team_norm & _alias_init_last,0.0,0.0,0.0,0.0,0.0,0.0,0.0,1.9400000000000004,-0.33000000000000007,-22.1,0.37
2025,9,0.0,2025_09_BAL_MIA,Baltimore Ravens,Rashod Bateman,WR,00-0036550,1.0,0.0,0.0,0.0,0.0,0.0,0.0,0.0,5.23,3.04,31.6,0.29,0.2481,72.0,30.03,39.6,227.9,195.8,1.7437132879241288,1.1677502061771292,0.7506701617184586,1.0,1.0,rashod bateman,rashodbateman,rbateman,Baltimore Ravens,00-0036550,0.0,0.0,0.0,0.0,0.0,0.0,0.0,4.0,2.0,13.0,1.0,R.Bateman,BAL,team_norm & _alias_init_last,0.0,0.0,0.0,0.0,0.0,0.0,0.0,1.2300000000000004,1.04,18.6,-0.71
2025,9,0.0,2025_09_BAL_MIA,Baltimore Ravens,DeAndre Hopkins,WR,00-0030564,1.0,0.0,0.0,0.0,0.0,0.0,0.0,0.0,3.48,2.03,19.3,0.19,0.1707,72.0,30.03,39.6,227.9,195.8,1.7437132879241288,1.1677502061771292,0.7506701617184586,1.0,1.0,deandre hopkins,deandrehopkins,dhopkins,Baltimore Ravens,00-0030564,0.0,0.0,0.0,0.0,0.0,0.0,0.0,1.0,0.0,0.0,0.0,D.Hopkins,BAL,team_norm & _alias_init_last,0.0,0.0,0.0,0.0,0.0,0.0,0.0,2.48,2.03,19.3,0.19
2025,9,0.0,2025_09_BAL_MIA,Baltimore Ravens,Anthony Miller,WR,00-0034353,1.0,0.0,0.0,0.0,0.0,0.0,0.0,0.0,0.0,0.0,0.0,0.0,0.0,72.0,30.03,39.6,227.9,195.8,1.7437132879241288,1.1677502061771292,0.7506701617184586,0.0,0.0,anthony miller,anthonymiller,amiller,Baltimore Ravens,00-0034353,,,,,,,,,,,,,,,,,,,,,,,,,
2025,9,0.0,2025_09_BAL_MIA,Baltimore Ravens,LaJohntay Wester,WR,00-0040075,1.0,0.0,0.0,0.0,0.0,0.0,0.0,0.0,0.0,0.0,0.0,0.0,0.0,72.0,30.03,39.6,227.9,195.8,1.7437132879241288,1.1677502061771292,0.7506701617184586,1.0,1.0,lajohntay wester,lajohntaywester,lwester,Baltimore Ravens,00-0040075,,,,,,,,,,,,,,,,,,,,,,,,,
2025,9,0.0,2025_09_BAL_MIA,Baltimore Ravens,Tylan Wallace,WR,00-0036630,1.0,0.0,0.0,0.0,0.0,0.0,0.0,0.0,0.0,0.0,0.0,0.0,0.0,72.0,30.03,39.6,227.9,195.8,1.7437132879241288,1.1677502061771292,0.7506701617184586,1.0,1.0,tylan wallace,tylanwallace,twallace,Baltimore Ravens,00-0036630,,,,,,,,,,,,,,,,,,,,,,,,,
2025,9,0.0,2025_09_BAL_MIA,Miami Dolphins,Tua Tagovailoa,QB,00-0036212,1.0,30.72,222.8,1.63,0.65,3.8,14.9,0.1,0.0,0.0,0.0,0.0,0.093,72.0,30.62,39.6,232.4,195.8,1.6777043365253652,1.0579635853480849,0.7655774642356241,1.0,1.0,tua tagovailoa,tuatagovailoa,ttagovailoa,Miami Dolphins,00-0036212,44.0,261.0,0.0,1.0,0.0,0.0,0.0,0.0,0.0,0.0,0.0,T.Tagovailoa,MIA,team_norm & _alias_init_last,-13.280000000000001,-38.19999999999999,1.63,-0.35,3.8,14.9,0.1,0.0,0.0,0.0,0.0
2025,9,0.0,2025_09_BAL_MIA,Miami Dolphins,De'Von Achane,RB,00-0039040,1.0,0.0,0.0,0.0,0.0,23.01,102.1,0.74,3.5,2.56,18.9,0.2,0.6082,72.0,30.62,39.6,232.4,195.8,1.6777043365253652,1.0579635853480849,0.7655774642356241,1.0,1.0,de'von achane,devonachane,dachane,Miami Dolphins,00-0039040,0.0,0.0,0.0,0.0,14.0,67.0,0.0,10.0,6.0,39.0,0.0,D.Achane,MIA,team_norm & _alias_init_last,0.0,0.0,0.0,0.0,9.010000000000002,35.099999999999994,0.74,-6.5,-3.44,-20.1,0.2
2025,9,0.0,2025_09_BAL_MIA,Miami Dolphins,Ollie Gordon II,RB,00-0040198,1.0,0.0,0.0,0.0,0.0,12.79,60.0,0.28,2.18,1.55,15.5,0.12,0.3289,72.0,30.62,39.6,232.4,195.8,1.6777043365253652,1.0579635853480849,0.7655774642356241,1.0,1.0,ollie gordon ii,olliegordonii,ogordon,Miami Dolphins,00-0040198,0.0,0.0,0.0,0.0,2.0,6.0,0.0,1.0,1.0,3.0,0.0,O.Gordon,MIA,team_norm & _alias_init_last,0.0,0.0,0.0,0.0,10.79,54.0,0.28,1.1800000000000002,0.55,12.5,0.12
2025,9,0.0,2025_09_BAL_MIA,Miami Dolphins,Julian Hill,TE,00-0038720,1.0,0.0,0.0,0.0,0.0,0.0,0.0,0.0,5.24,3.01,35.6,0.28,0.2474,72.0,30.62,39.6,232.4,195.8,1.6777043365253652,1.0579635853480849,0.7655774642356241,0.0,0.0,julian hill,julianhill,jhill,Miami Dolphins,00-0038720,0.0,0.0,0.0,0.0,1.0,2.0,0.0,2.0,2.0,13.0,0.0,J.Hill,BAL,_alias_init_last,0.0,0.0,0.0,0.0,-1.0,-2.0,0.0,3.24,1.0099999999999998,22.6,0.28
2025,9,0.0,2025_09_BAL_MIA,Miami Dolphins,Tanner Conner,TE,,1.0,0.0,0.0,0.0,0.0,0.0,0.0,0.0,2.71,1.57,24.4,0.15,0.1379,72.0,30.62,39.6,232.4,195.8,1.6777043365253652,1.0579635853480849,0.7655774642356241,0.0,1.0,tanner conner,tannerconner,tconner,Miami Dolphins,,0.0,0.0,0.0,0.0,0.0,0.0,0.0,1.0,0.0,0.0,0.0,T.Conner,MIA,team_norm & _alias_init_last,0.0,0.0,0.0,0.0,0.0,0.0,0.0,1.71,1.57,24.4,0.15
2025,9,0.0,2025_09_BAL_MIA,Miami Dolphins,Greg Dulcich,TE,00-0037252,1.0,0.0,0.0,0.0,0.0,0.0,0.0,0.0,0.0,0.0,0.0,0.0,0.0,72.0,30.62,39.6,232.4,195.8,1.6777043365253652,1.0579635853480849,0.7655774642356241,1.0,1.0,greg dulcich,gregdulcich,gdulcich,Miami Dolphins,00-0037252,0.0,0.0,0.0,0.0,0.0,0.0,0.0,5.0,5.0,49.0,0.0,G.Dulcich,MIA,team_norm & _alias_init_last,0.0,0.0,0.0,0.0,0.0,0.0,0.0,-5.0,-5.0,-49.0,0.0
2025,9,0.0,2025_09_BAL_MIA,Miami Dolphins,Jaylen Waddle,WR,00-0036613,1.0,0.0,0.0,0.0,0.0,0.0,0.0,0.0,7.54,4.56,42.9,0.38,0.3139,72.0,30.62,39.6,232.4,195.8,1.6777043365253652,1.0579635853480849,0.7655774642356241,1.0,1.0,jaylen waddle,jaylenwaddle,jwaddle,Miami Dolphins,00-0036613,0.0,0.0,0.0,0.0,0.0,0.0,0.0,10.0,6.0,82.0,0.0,J.Waddle,MIA,team_norm & _alias_init_last,0.0,0.0,0.0,0.0,0.0,0.0,0.0,-2.46,-1.4400000000000004,-39.1,0.38
2025,9,0.0,2025_09_BAL_MIA,Miami Dolphins,Malik Washington,WR,00-0039880,1.0,0.0,0.0,0.0,0.0,0.0,0.0,0.0,5.68,3.83,37.5,0.3,0.2582,72.0,30.62,39.6,232.4,195.8,1.6777043365253652,1.0579635853480849,0.7655774642356241,1.0,1.0,malik washington,malikwashington,mwashington,Miami Dolphins,00-0039880,0.0,0.0,0.0,0.0,3.0,13.0,0.0,3.0,3.0,48.0,0.0,M.Washington,MIA,team_norm & _alias_init_last,0.0,0.0,0.0,0.0,-3.0,-13.0,0.0,2.6799999999999997,0.8300000000000001,-10.5,0.3
2025,9,0.0,2025_09_BAL_MIA,Miami Dolphins,Nick Westbrook-Ikhine,WR,00-0036182,1.0,0.0,0.0,0.0,0.0,0.0,0.0,0.0,3.78,1.92,21.6,0.2,0.1793,72.0,30.62,39.6,232.4,195.8,1.6777043365253652,1.0579635853480849,0.7655774642356241,1.0,1.0,nick westbrook-ikhine,nickwestbrookikhine,nwestbrookikhine,Miami Dolphins,00-0036182,0.0,0.0,0.0,0.0,0.0,0.0,0.0,5.0,2.0,22.0,0.0,N.Westbrook-Ikhine,MIA,team_norm & _alias_init_last,0.0,0.0,0.0,0.0,0.0,0.0,0.0,-1.2200000000000002,-0.08000000000000007,-0.3999999999999986,0.2
2025,9,0.0,2025_09_BAL_MIA,Miami Dolphins,Cedrick Wilson Jr.,WR,00-0034418,1.0,0.0,0.0,0.0,0.0,0.0,0.0,0.0,0.0,0.0,0.0,0.0,0.0,72.0,30.62,39.6,232.4,195.8,1.6777043365253652,1.0579635853480849,0.7655774642356241,1.0,1.0,cedrick wilson jr.,cedrickwilsonjr,cwilson,Miami Dolphins,00-0034418,0.0,0.0,0.0,0.0,0.0,0.0,0.0,1.0,1.0,7.0,0.0,C.Wilson,MIA,team_norm & _alias_init_last,0.0,0.0,0.0,0.0,0.0,0.0,0.0,-1.0,-1.0,-7.0,0.0
2025,9,0.0,2025_09_BAL_MIA,Miami Dolphins,Dee Eskridge,WR,00-0036620,1.0,0.0,0.0,0.0,0.0,0.0,0.0,0.0,0.0,0.0,0.0,0.0,0.0,72.0,30.62,39.6,232.4,195.8,1.6777043365253652,1.0579635853480849,0.7655774642356241,1.0,1.0,dee eskridge,deeeskridge,deskridge,Miami Dolphins,00-0036620,0.0,0.0,0.0,0.0,0.0,0.0,0.0,1.0,0.0,0.0,0.0,D.Eskridge,MIA,team_norm & _alias_init_last,0.0,0.0,0.0,0.0,0.0,0.0,0.0,-1.0,0.0,0.0,0.0
2025,9,0.0,2025_09_BAL_MIA,Miami Dolphins,Tahj Washington,WR,00-0039884,1.0,0.0,0.0,0.0,0.0,0.0,0.0,0.0,0.0,0.0,0.0,0.0,0.0,72.0,30.62,39.6,232.4,195.8,1.6777043365253652,1.0579635853480849,0.7655774642356241,1.0,1.0,tahj washington,tahjwashington,twashington,Miami Dolphins,00-0039884,0.0,0.0,0.0,0.0,0.0,0.0,0.0,2.0,1.0,11.0,0.0,T.Washington,MIA,team_norm & _alias_init_last,0.0,0.0,0.0,0.0,0.0,0.0,0.0,-2.0,-1.0,-11.0,0.0
2025,9,0.0,2025_09_CAR_GB,Carolina Panthers,Bryce Young,QB,00-0039150,1.0,33.96,191.2,1.05,0.8,5.55,16.2,0.08,0.0,0.0,0.0,0.0,0.0737,72.0,37.49,31.87,210.3,116.5,1.0968442893444308,0.4428380043690818,0.9371499543971912,1.0,1.0,bryce young,bryceyoung,byoung,Carolina Panthers,00-0039150,25.0,102.0,0.0,1.0,0.0,0.0,0.0,0.0,0.0,0.0,0.0,B.Young,CAR,team_norm & _alias_init_last,8.96,89.19999999999999,1.05,-0.19999999999999996,5.55,16.2,0.08,0.0,0.0,0.0,0.0
2025,9,0.0,2025_09_CAR_GB,Carolina Panthers,Rico Dowdle,RB,00-0036139,1.0,0.0,0.0,0.0,0.0,16.92,54.0,0.28,4.26,3.04,16.0,0.13,0.333,72.0,37.49,31.87,210.3,116.5,1.0968442893444308,0.4428380043690818,0.9371499543971912,1.0,1.0,rico dowdle,ricodowdle,rdowdle,Carolina Panthers,00-0036139,0.0,0.0,0.0,0.0,26.0,130.0,2.0,3.0,2.0,11.0,0.0,R.Dowdle,CAR,team_norm & _alias_init_last,0.0,0.0,0.0,0.0,-9.079999999999998,-76.0,-1.72,1.2599999999999998,1.04,5.0,0.13
2025,9,0.0,2025_09_CAR_GB,Carolina Panthers,Chuba Hubbard,RB,00-0036555,1.0,0.0,0.0,0.0,0.0,9.4,31.1,0.1,2.65,1.85,9.1,0.08,0.1639,72.0,37.49,31.87,210.3,116.5,1.0968442893444308,0.4428380043690818,0.9371499543971912,1.0,1.0,chuba hubbard,chubahubbard,chubbard,Carolina Panthers,00-0036555,0.0,0.0,0.0,0.0,5.0,17.0,0.0,1.0,0.0,0.0,0.0,C.Hubbard,CAR,team_norm & _alias_init_last,0.0,0.0,0.0,0.0,4.4,14.100000000000001,0.1,1.65,1.85,9.1,0.08
2025,9,0.0,2025_09_CAR_GB,Carolina Panthers,Trevor Etienne,RB,00-0040644,1.0,0.0,0.0,0.0,0.0,0.0,0.0,0.0,0.0,0.0,0.0,0.0,0.0,72.0,37.49,31.87,210.3,116.5,1.0968442893444308,0.4428380043690818,0.9371499543971912,1.0,1.0,trevor etienne,trevoretienne,tetienne,Carolina Panthers,00-0040644,0.0,0.0,0.0,0.0,22.0,84.0,0.0,5.0,5.0,31.0,0.0,T.Etienne,JAX,_alias_init_last,0.0,0.0,0.0,0.0,-22.0,-84.0,0.0,-5.0,-5.0,-31.0,0.0
2025,9,0.0,2025_09_CAR_GB,Carolina Panthers,Tommy Tremble,TE,00-0037005,1.0,0.0,0.0,0.0,0.0,0.0,0.0,0.0,6.8,4.12,27.6,0.18,0.1684,72.0,37.49,31.87,210.3,116.5,1.0968442893444308,0.4428380043690818,0.9371499543971912,1.0,1.0,tommy tremble,tommytremble,ttremble,Carolina Panthers,00-0037005,0.0,0.0,0.0,0.0,0.0,0.0,0.0,1.0,0.0,0.0,0.0,T.Tremble,CAR,team_norm & _alias_init_last,0.0,0.0,0.0,0.0,0.0,0.0,0.0,5.8,4.12,27.6,0.18
2025,9,0.0,2025_09_CAR_GB,Carolina Panthers,Ja'Tavion Sanders,TE,00-0039356,1.0,0.0,0.0,0.0,0.0,0.0,0.0,0.0,3.52,2.3,14.1,0.1,0.0944,72.0,37.49,31.87,210.3,116.5,1.0968442893444308,0.4428380043690818,0.9371499543971912,1.0,1.0,ja'tavion sanders,jatavionsanders,jsanders,Carolina Panthers,00-0039356,0.0,0.0,0.0,0.0,0.0,0.0,0.0,1.0,1.0,5.0,0.0,J.Sanders,CAR,team_norm & _alias_init_last,0.0,0.0,0.0,0.0,0.0,0.0,0.0,2.52,1.2999999999999998,9.1,0.1
2025,9,0.0,2025_09_CAR_GB,Carolina Panthers,Dominique Dafney,TE,00-0036456,1.0,0.0,0.0,0.0,0.0,0.0,0.0,0.0,0.0,0.0,0.0,0.0,0.0,72.0,37.49,31.87,210.3,116.5,1.0968442893444308,0.4428380043690818,0.9371499543971912,0.0,0.0,dominique dafney,dominiquedafney,ddafney,Carolina Panthers,00-0036456,,,,,,,,,,,,,,,,,,,,,,,,,
2025,9,0.0,2025_09_CAR_GB,Carolina Panthers,Mitchell Evans,TE,00-0040187,1.0,0.0,0.0,0.0,0.0,0.0,0.0,0.0,0.0,0.0,0.0,0.0,0.0,72.0,37.49,31.87,210.3,116.5,1.0968442893444308,0.4428380043690818,0.9371499543971912,1.0,1.0,mitchell evans,mitchellevans,mevans,Carolina Panthers,00-0040187,,,,,,,,,,,,,,,,,,,,,,,,,
2025,9,0.0,2025_09_CAR_GB,Carolina Panthers,Tetairoa McMillan,WR,00-0040124,1.0,0.0,0.0,0.0,0.0,0.0,0.0,0.0,8.99,5.0,42.9,0.25,0.2197,72.0,37.49,31.87,210.3,116.5,1.0968442893444308,0.4428380043690818,0.9371499543971912,1.0,1.0,tetairoa mcmillan,tetairoamcmillan,tmcmillan,Carolina Panthers,00-0040124,0.0,0.0,0.0,0.0,0.0,0.0,0.0,6.0,4.0,46.0,0.0,T.McMillan,CAR,team_norm & _alias_init_last,0.0,0.0,0.0,0.0,0.0,0.0,0.0,2.99,1.0,-3.1000000000000014,0.25
2025,9,0.0,2025_09_CAR_GB,Carolina Panthers,Xavier Legette,WR,00-0039342,1.0,0.0,0.0,0.0,0.0,0.0,0.0,0.0,6.77,3.59,30.2,0.2,0.1777,72.0,37.49,31.87,210.3,116.5,1.0968442893444308,0.4428380043690818,0.9371499543971912,1.0,1.0,xavier legette,xavierlegette,xlegette,Carolina Panthers,00-0039342,0.0,0.0,0.0,0.0,0.0,0.0,0.0,4.0,1.0,22.0,0.0,X.Legette,CAR,team_norm & _alias_init_last,0.0,0.0,0.0,0.0,0.0,0.0,0.0,2.7699999999999996,2.59,8.2,0.2
2025,9,0.0,2025_09_CAR_GB,Carolina Panthers,Jalen Coker,WR,00-0039491,1.0,0.0,0.0,0.0,0.0,0.0,0.0,0.0,4.51,2.97,20.8,0.13,0.1184,72.0,37.49,31.87,210.3,116.5,1.0968442893444308,0.4428380043690818,0.9371499543971912,1.0,1.0,jalen coker,jalencoker,jcoker,Carolina Panthers,00-0039491,0.0,0.0,0.0,0.0,0.0,0.0,0.0,1.0,1.0,9.0,0.0,J.Coker,CAR,team_norm & _alias_init_last,0.0,0.0,0.0,0.0,0.0,0.0,0.0,3.51,1.9700000000000002,11.8,0.13
2025,9,0.0,2025_09_CAR_GB,Carolina Panthers,Brycen Tremayne,WR,00-0038840,1.0,0.0,0.0,0.0,0.0,0.0,0.0,0.0,0.0,0.0,0.0,0.0,0.0,72.0,37.49,31.87,210.3,116.5,1.0968442893444308,0.4428380043690818,0.9371499543971912,1.0,1.0,brycen tremayne,brycentremayne,btremayne,Carolina Panthers,00-0038840,0.0,0.0,0.0,0.0,0.0,0.0,0.0,2.0,1.0,8.0,0.0,B.Tremayne,CAR,team_norm & _alias_init_last,0.0,0.0,0.0,0.0,0.0,0.0,0.0,-2.0,-1.0,-8.0,0.0
2025,9,0.0,2025_09_CAR_GB,Carolina Panthers,Jimmy Horn Jr.,WR,00-0040218,1.0,0.0,0.0,0.0,0.0,0.0,0.0,0.0,0.0,0.0,0.0,0.0,0.0,72.0,37.49,31.87,210.3,116.5,1.0968442893444308,0.4428380043690818,0.9371499543971912,1.0,1.0,jimmy horn jr.,jimmyhornjr,jhorn,Carolina Panthers,00-0036944,0.0,0.0,0.0,0.0,2.0,7.0,0.0,2.0,1.0,1.0,0.0,Ji.Horn,CAR,team_norm & _alias_init_last,0.0,0.0,0.0,0.0,-2.0,-7.0,0.0,-2.0,-1.0,-1.0,0.0
2025,9,0.0,2025_09_CAR_GB,Green Bay Packers,Jordan Love,QB,00-0036264,1.0,35.94,212.2,2.59,0.87,2.93,8.3,0.12,0.0,0.0,0.0,0.0,0.1102,72.0,41.14,28.57,230.8,104.4,3.271384922337561,1.082410757288447,1.028493876683077,1.0,1.0,jordan love,jordanlove,jlove,Green Bay Packers,00-0036264,38.0,273.0,0.0,1.0,1.0,1.0,0.0,0.0,0.0,0.0,0.0,J.Love,GB,team_norm & _alias_init_last,-2.0600000000000023,-60.80000000000001,2.59,-0.13,1.9300000000000002,7.300000000000001,0.12,0.0,0.0,0.0,0.0
2025,9,0.0,2025_09_CAR_GB,Green Bay Packers,Josh Jacobs,RB,00-0035700,1.0,0.0,0.0,0.0,0.0,16.48,53.7,0.76,4.92,3.5,17.9,0.39,0.6835,72.0,41.14,28.57,230.8,104.4,3.271384922337561,1.082410757288447,1.028493876683077,1.0,1.0,josh jacobs,joshjacobs,jjacobs,Green Bay Packers,00-0035700,0.0,0.0,0.0,0.0,19.0,87.0,1.0,5.0,4.0,13.0,0.0,J.Jacobs,GB,team_norm & _alias_init_last,0.0,0.0,0.0,0.0,-2.5199999999999996,-33.3,-0.24,-0.08000000000000007,-0.5,4.899999999999999,0.39
2025,9,0.0,2025_09_CAR_GB,Green Bay Packers,Emanuel Wilson,RB,00-0038797,1.0,0.0,0.0,0.0,0.0,9.16,30.9,0.28,3.06,2.09,13.2,0.24,0.4062,72.0,41.14,28.57,230.8,104.4,3.271384922337561,1.082410757288447,1.028493876683077,1.0,1.0,emanuel wilson,emanuelwilson,ewilson,Green Bay Packers,00-0038797,0.0,0.0,0.0,0.0,6.0,16.0,0.0,2.0,1.0,1.0,0.0,E.Wilson,GB,team_norm & _alias_init_last,0.0,0.0,0.0,0.0,3.16,14.899999999999999,0.28,1.06,1.0899999999999999,12.2,0.24
2025,9,0.0,2025_09_CAR_GB,Green Bay Packers,Chris Brooks,RB,00-0038685,1.0,0.0,0.0,0.0,0.0,0.0,0.0,0.0,0.0,0.0,0.0,0.0,0.0,72.0,41.14,28.57,230.8,104.4,3.271384922337561,1.082410757288447,1.028493876683077,1.0,1.0,chris brooks,chrisbrooks,cbrooks,Green Bay Packers,00-0038685,0.0,0.0,0.0,0.0,0.0,0.0,0.0,2.0,2.0,24.0,0.0,C.Brooks,GB,team_norm & _alias_init_last,0.0,0.0,0.0,0.0,0.0,0.0,0.0,-2.0,-2.0,-24.0,0.0
2025,9,0.0,2025_09_CAR_GB,Green Bay Packers,Luke Musgrave,TE,00-0039144,1.0,0.0,0.0,0.0,0.0,0.0,0.0,0.0,7.15,4.53,32.9,0.51,0.4,72.0,41.14,28.57,230.8,104.4,3.271384922337561,1.082410757288447,1.028493876683077,1.0,1.0,luke musgrave,lukemusgrave,lmusgrave,Green Bay Packers,00-0039144,0.0,0.0,0.0,0.0,0.0,0.0,0.0,3.0,3.0,34.0,0.0,L.Musgrave,GB,team_norm & _alias_init_last,0.0,0.0,0.0,0.0,0.0,0.0,0.0,4.15,1.5300000000000002,-1.1000000000000014,0.51
2025,9,0.0,2025_09_CAR_GB,Green Bay Packers,John FitzPatrick,TE,00-0037306,1.0,0.0,0.0,0.0,0.0,0.0,0.0,0.0,3.69,2.31,20.7,0.29,0.2521,72.0,41.14,28.57,230.8,104.4,3.271384922337561,1.082410757288447,1.028493876683077,1.0,1.0,john fitzpatrick,johnfitzpatrick,jfitzpatrick,Green Bay Packers,00-0037306,,,,,,,,,,,,,,,,,,,,,,,,,
2025,9,0.0,2025_09_CAR_GB,Green Bay Packers,Drake Dabney,TE,00-0040628,1.0,0.0,0.0,0.0,0.0,0.0,0.0,0.0,0.0,0.0,0.0,0.0,0.0,72.0,41.14,28.57,230.8,104.4,3.271384922337561,1.082410757288447,1.028493876683077,0.0,0.0,drake dabney,drakedabney,ddabney,Green Bay Packers,00-0040628,,,,,,,,,,,,,,,,,,,,,,,,,
2025,9,0.0,2025_09_CAR_GB,Green Bay Packers,Johnny Lumpkin,TE,00-0038913,1.0,0.0,0.0,0.0,0.0,0.0,0.0,0.0,0.0,0.0,0.0,0.0,0.0,72.0,41.14,28.57,230.8,104.4,3.271384922337561,1.082410757288447,1.028493876683077,0.0,0.0,johnny lumpkin,johnnylumpkin,jlumpkin,Green Bay Packers,00-0038913,,,,,,,,,,,,,,,,,,,,,,,,,
2025,9,0.0,2025_09_CAR_GB,Green Bay Packers,Romeo Doubs,WR,00-0037816,1.0,0.0,0.0,0.0,0.0,0.0,0.0,0.0,9.73,5.82,42.2,0.76,0.5319,72.0,41.14,28.57,230.8,104.4,3.271384922337561,1.082410757288447,1.028493876683077,1.0,1.0,romeo doubs,romeodoubs,rdoubs,Green Bay Packers,00-0037816,0.0,0.0,0.0,0.0,0.0,0.0,0.0,10.0,7.0,91.0,0.0,R.Doubs,GB,team_norm & _alias_init_last,0.0,0.0,0.0,0.0,0.0,0.0,0.0,-0.2699999999999996,-1.1799999999999997,-48.8,0.76
2025,9,0.0,2025_09_CAR_GB,Green Bay Packers,Matthew Golden,WR,00-0040667,1.0,0.0,0.0,0.0,0.0,0.0,0.0,0.0,7.32,4.66,39.8,0.54,0.4144,72.0,41.14,28.57,230.8,104.4,3.271384922337561,1.082410757288447,1.028493876683077,1.0,1.0,matthew golden,matthewgolden,mgolden,Green Bay Packers,00-0040667,0.0,0.0,0.0,0.0,0.0,0.0,0.0,3.0,2.0,9.0,0.0,M.Golden,GB,team_norm & _alias_init_last,0.0,0.0,0.0,0.0,0.0,0.0,0.0,4.32,2.66,30.799999999999997,0.54
2025,9,0.0,2025_09_CAR_GB,Green Bay Packers,Christian Watson,WR,00-0038124,1.0,0.0,0.0,0.0,0.0,0.0,0.0,0.0,4.88,2.78,20.5,0.38,0.3179,72.0,41.14,28.57,230.8,104.4,3.271384922337561,1.082410757288447,1.028493876683077,1.0,1.0,christian watson,christianwatson,cwatson,Green Bay Packers,00-0038124,0.0,0.0,0.0,0.0,0.0,0.0,0.0,4.0,2.0,58.0,0.0,C.Watson,GB,team_norm & _alias_init_last,0.0,0.0,0.0,0.0,0.0,0.0,0.0,0.8799999999999999,0.7799999999999998,-37.5,0.38
2025,9,0.0,2025_09_CAR_GB,Green Bay Packers,Dontayvion Wicks,WR,00-0038393,1.0,0.0,0.0,0.0,0.0,0.0,0.0,0.0,0.0,0.0,0.0,0.0,0.0,72.0,41.14,28.57,230.8,104.4,3.271384922337561,1.082410757288447,1.028493876683077,0.0,0.0,dontayvion wicks,dontayvionwicks,dwicks,Green Bay Packers,00-0038393,,,,,,,,,,,,,,,,,,,,,,,,,
2025,9,0.0,2025_09_CAR_GB,Green Bay Packers,Savion Williams,WR,00-0040009,1.0,0.0,0.0,0.0,0.0,0.0,0.0,0.0,0.0,0.0,0.0,0.0,0.0,72.0,41.14,28.57,230.8,104.4,3.271384922337561,1.082410757288447,1.028493876683077,1.0,1.0,savion williams,savionwilliams,swilliams,Green Bay Packers,00-0040009,0.0,0.0,0.0,0.0,1.0,0.0,0.0,2.0,2.0,12.0,0.0,S.Williams,GB,team_norm & _alias_init_last,0.0,0.0,0.0,0.0,-1.0,0.0,0.0,-2.0,-2.0,-12.0,0.0
2025,9,0.0,2025_09_CHI_CIN,Chicago Bears,Caleb Williams,QB,00-0039918,1.0,39.41,221.7,1.73,0.94,5.73,16.4,0.14,0.0,0.0,0.0,0.0,0.1292,69.75,44.14,23.25,247.6,85.0,2.1742283935553552,0.5311336249442014,1.1034947812704257,1.0,1.0,caleb williams,calebwilliams,cwilliams,Chicago Bears,00-0035857,44.0,280.0,3.0,0.0,0.0,0.0,0.0,2.0,2.0,22.0,1.0,C.Williams,CHI,team_norm & _alias_init_last,-4.590000000000003,-58.30000000000001,-1.27,0.94,5.73,16.4,0.14,-2.0,-2.0,-22.0,-1.0
2025,9,0.0,2025_09_CHI_CIN,Chicago Bears,D'Andre Swift,RB,00-0036275,1.0,0.0,0.0,0.0,0.0,11.26,37.6,0.31,5.23,3.56,20.9,0.25,0.4324,69.75,44.14,23.25,247.6,85.0,2.1742283935553552,0.5311336249442014,1.1034947812704257,0.0,0.0,d'andre swift,dandreswift,dswift,Chicago Bears,00-0036275,,,,,,,,,,,,,,,,,,,,,,,,,
2025,9,0.0,2025_09_CHI_CIN,Chicago Bears,Kyle Monangai,RB,00-0040236,1.0,0.0,0.0,0.0,0.0,6.26,20.5,0.12,3.25,1.87,14.5,0.16,0.2404,69.75,44.14,23.25,247.6,85.0,2.1742283935553552,0.5311336249442014,1.1034947812704257,1.0,1.0,kyle monangai,kylemonangai,kmonangai,Chicago Bears,00-0040236,0.0,0.0,0.0,0.0,27.0,176.0,0.0,5.0,3.0,22.0,0.0,K.Monangai,CHI,team_norm & _alias_init_last,0.0,0.0,0.0,0.0,-20.740000000000002,-155.5,0.12,-1.75,-1.13,-7.5,0.16
2025,9,0.0,2025_09_CHI_CIN,Chicago Bears,Brittain Brown,RB,00-0037329,1.0,0.0,0.0,0.0,0.0,0.0,0.0,0.0,0.0,0.0,0.0,0.0,0.0,69.75,44.14,23.25,247.6,85.0,2.1742283935553552,0.5311336249442014,1.1034947812704257,1.0,1.0,brittain brown,brittainbrown,bbrown,Chicago Bears,00-0037329,0.0,0.0,0.0,0.0,5.0,37.0,1.0,1.0,0.0,0.0,0.0,B.Brown,CHI,team_norm & _alias_init_last,0.0,0.0,0.0,0.0,-5.0,-37.0,-1.0,-1.0,0.0,0.0,0.0
2025,9,0.0,2025_09_CHI_CIN,Chicago Bears,Travis Homer,RB,00-0035594,1.0,0.0,0.0,0.0,0.0,0.0,0.0,0.0,0.0,0.0,0.0,0.0,0.0,69.75,44.14,23.25,247.6,85.0,2.1742283935553552,0.5311336249442014,1.1034947812704257,1.0,1.0,travis homer,travishomer,thomer,Chicago Bears,00-0035594,,,,,,,,,,,,,,,,,,,,,,,,,
2025,9,0.0,2025_09_CHI_CIN,Chicago Bears,Colston Loveland,TE,00-0040126,1.0,0.0,0.0,0.0,0.0,0.0,0.0,0.0,7.97,4.89,36.4,0.37,0.3119,69.75,44.14,23.25,247.6,85.0,2.1742283935553552,0.5311336249442014,1.1034947812704257,1.0,1.0,colston loveland,colstonloveland,cloveland,Chicago Bears,00-0040126,0.0,0.0,0.0,0.0,0.0,0.0,0.0,8.0,6.0,118.0,2.0,C.Loveland,CHI,team_norm & _alias_init_last,0.0,0.0,0.0,0.0,0.0,0.0,0.0,-0.03000000000000025,-1.1100000000000003,-81.6,-1.63
2025,9,0.0,2025_09_CHI_CIN,Chicago Bears,Cole Kmet,TE,00-0036290,1.0,0.0,0.0,0.0,0.0,0.0,0.0,0.0,4.12,2.74,16.0,0.19,0.1726,69.75,44.14,23.25,247.6,85.0,2.1742283935553552,0.5311336249442014,1.1034947812704257,1.0,1.0,cole kmet,colekmet,ckmet,Chicago Bears,00-0036290,1.0,0.0,0.0,0.0,0.0,0.0,0.0,2.0,1.0,10.0,0.0,C.Kmet,CHI,team_norm & _alias_init_last,-1.0,0.0,0.0,0.0,0.0,0.0,0.0,2.12,1.7400000000000002,6.0,0.19
2025,9,0.0,2025_09_CHI_CIN,Chicago Bears,Durham Smythe,TE,00-0034798,1.0,0.0,0.0,0.0,0.0,0.0,0.0,0.0,0.0,0.0,0.0,0.0,0.0,69.75,44.14,23.25,247.6,85.0,2.1742283935553552,0.5311336249442014,1.1034947812704257,1.0,1.0,durham smythe,durhamsmythe,dsmythe,Chicago Bears,00-0034798,,,,,,,,,,,,,,,,,,,,,,,,,
2025,9,0.0,2025_09_CHI_CIN,Chicago Bears,Rome Odunze,WR,00-0039919,1.0,0.0,0.0,0.0,0.0,0.0,0.0,0.0,10.15,5.06,50.2,0.48,0.3839,69.75,44.14,23.25,247.6,85.0,2.1742283935553552,0.5311336249442014,1.1034947812704257,1.0,1.0,rome odunze,romeodunze,rodunze,Chicago Bears,00-0039919,0.0,0.0,0.0,0.0,0.0,0.0,0.0,3.0,0.0,0.0,0.0,R.Odunze,CHI,team_norm & _alias_init_last,0.0,0.0,0.0,0.0,0.0,0.0,0.0,7.15,5.06,50.2,0.48
2025,9,0.0,2025_09_CHI_CIN,Chicago Bears,DJ Moore,WR,00-0034827,1.0,0.0,0.0,0.0,0.0,0.0,0.0,0.0,7.64,4.53,32.8,0.35,0.2937,69.75,44.14,23.25,247.6,85.0,2.1742283935553552,0.5311336249442014,1.1034947812704257,1.0,1.0,dj moore,djmoore,dmoore,Chicago Bears,00-0034827,1.0,2.0,1.0,0.0,1.0,17.0,1.0,6.0,4.0,72.0,0.0,D.Moore,CHI,team_norm & _alias_init_last,-1.0,-2.0,-1.0,0.0,-1.0,-17.0,-1.0,1.6399999999999997,0.5300000000000002,-39.2,0.35
2025,9,0.0,2025_09_CHI_CIN,Chicago Bears,Olamide Zaccheaus,WR,00-0035208,1.0,0.0,0.0,0.0,0.0,0.0,0.0,0.0,5.1,3.01,22.1,0.24,0.2142,69.75,44.14,23.25,247.6,85.0,2.1742283935553552,0.5311336249442014,1.1034947812704257,1.0,1.0,olamide zaccheaus,olamidezaccheaus,ozaccheaus,Chicago Bears,00-0035208,0.0,0.0,0.0,0.0,0.0,0.0,0.0,8.0,6.0,58.0,1.0,O.Zaccheaus,CHI,team_norm & _alias_init_last,0.0,0.0,0.0,0.0,0.0,0.0,0.0,-2.9000000000000004,-2.99,-35.9,-0.76
2025,9,0.0,2025_09_CHI_CIN,Chicago Bears,Devin Duvernay,WR,00-0036331,1.0,0.0,0.0,0.0,0.0,0.0,0.0,0.0,0.0,0.0,0.0,0.0,0.0,69.75,44.14,23.25,247.6,85.0,2.1742283935553552,0.5311336249442014,1.1034947812704257,1.0,1.0,devin duvernay,devinduvernay,dduvernay,Chicago Bears,00-0036331,,,,,,,,,,,,,,,,,,,,,,,,,
2025,9,0.0,2025_09_CHI_CIN,Chicago Bears,Jahdae Walker,WR,00-0040277,1.0,0.0,0.0,0.0,0.0,0.0,0.0,0.0,0.0,0.0,0.0,0.0,0.0,69.75,44.14,23.25,247.6,85.0,2.1742283935553552,0.5311336249442014,1.1034947812704257,1.0,1.0,jahdae walker,jahdaewalker,jwalker,Chicago Bears,00-0040277,,,,,,,,,,,,,,,,,,,,,,,,,
2025,9,0.0,2025_09_CHI_CIN,Cincinnati Bengals,Joe Flacco,QB,00-0026158,1.0,39.32,263.2,2.46,0.9,2.18,7.8,0.07,0.0,0.0,0.0,0.0,0.072,72.0,42.31,26.85,290.6,120.1,2.830483159054439,0.8602972730720886,1.0578711341217506,1.0,1.0,joe flacco,joeflacco,jflacco,Cincinnati Bengals,00-0026158,53.0,470.0,4.0,2.0,0.0,0.0,0.0,0.0,0.0,0.0,0.0,J.Flacco,CIN,team_norm & _alias_init_last,-13.68,-206.8,-1.54,-1.1,2.18,7.8,0.07,0.0,0.0,0.0,0.0
2025,9,0.0,2025_09_CHI_CIN,Cincinnati Bengals,Chase Brown,RB,00-0038597,1.0,0.0,0.0,0.0,0.0,15.86,61.8,0.62,4.84,3.52,22.8,0.33,0.6132,72.0,42.31,26.85,290.6,120.1,2.830483159054439,0.8602972730720886,1.0578711341217506,1.0,1.0,chase brown,chasebrown,cbrown,Cincinnati Bengals,00-0038597,0.0,0.0,0.0,0.0,11.0,37.0,0.0,14.0,8.0,75.0,0.0,C.Brown,CIN,team_norm & _alias_init_last,0.0,0.0,0.0,0.0,4.859999999999999,24.799999999999997,0.62,-9.16,-4.48,-52.2,0.33
2025,9,0.0,2025_09_CHI_CIN,Cincinnati Bengals,Samaje Perine,RB,00-0033526,1.0,0.0,0.0,0.0,0.0,8.81,35.9,0.22,3.01,2.17,13.4,0.2,0.3417,72.0,42.31,26.85,290.6,120.1,2.830483159054439,0.8602972730720886,1.0578711341217506,1.0,1.0,samaje perine,samajeperine,sperine,Cincinnati Bengals,00-0033526,0.0,0.0,0.0,0.0,1.0,5.0,0.0,0.0,0.0,0.0,0.0,S.Perine,CIN,team_norm & _alias_init_last,0.0,0.0,0.0,0.0,7.8100000000000005,30.9,0.22,3.01,2.17,13.4,0.2
2025,9,0.0,2025_09_CHI_CIN,Cincinnati Bengals,Tahj Brooks,RB,00-0040208,1.0,0.0,0.0,0.0,0.0,0.0,0.0,0.0,0.0,0.0,0.0,0.0,0.0,72.0,42.31,26.85,290.6,120.1,2.830483159054439,0.8602972730720886,1.0578711341217506,1.0,1.0,tahj brooks,tahjbrooks,tbrooks,Cincinnati Bengals,00-0040208,0.0,0.0,0.0,0.0,1.0,1.0,0.0,0.0,0.0,0.0,0.0,T.Brooks,CIN,team_norm & _alias_init_last,0.0,0.0,0.0,0.0,-1.0,-1.0,0.0,0.0,0.0,0.0,0.0
2025,9,0.0,2025_09_CHI_CIN,Cincinnati Bengals,Noah Fant,TE,00-0035644,1.0,0.0,0.0,0.0,0.0,0.0,0.0,0.0,7.61,4.97,36.4,0.45,0.3608,72.0,42.31,26.85,290.6,120.1,2.830483159054439,0.8602972730720886,1.0578711341217506,1.0,1.0,noah fant,noahfant,nfant,Cincinnati Bengals,00-0035644,0.0,0.0,0.0,0.0,0.0,0.0,0.0,3.0,2.0,28.0,1.0,N.Fant,CIN,team_norm & _alias_init_last,0.0,0.0,0.0,0.0,0.0,0.0,0.0,4.61,2.9699999999999998,8.399999999999999,-0.55
2025,9,0.0,2025_09_CHI_CIN,Cincinnati Bengals,Drew Sample,TE,00-0035631,1.0,0.0,0.0,0.0,0.0,0.0,0.0,0.0,3.93,2.75,20.9,0.24,0.2121,72.0,42.31,26.85,290.6,120.1,2.830483159054439,0.8602972730720886,1.0578711341217506,1.0,1.0,drew sample,drewsample,dsample,Cincinnati Bengals,00-0035631,,,,,,,,,,,,,,,,,,,,,,,,,
2025,9,0.0,2025_09_CHI_CIN,Cincinnati Bengals,Cam Grandy,TE,00-0039631,1.0,0.0,0.0,0.0,0.0,0.0,0.0,0.0,0.0,0.0,0.0,0.0,0.0,72.0,42.31,26.85,290.6,120.1,2.830483159054439,0.8602972730720886,1.0578711341217506,0.0,0.0,cam grandy,camgrandy,cgrandy,Cincinnati Bengals,00-0039631,,,,,,,,,,,,,,,,,,,,,,,,,
2025,9,0.0,2025_09_CHI_CIN,Cincinnati Bengals,Tanner Hudson,TE,00-0034613,1.0,0.0,0.0,0.0,0.0,0.0,0.0,0.0,0.0,0.0,0.0,0.0,0.0,72.0,42.31,26.85,290.6,120.1,2.830483159054439,0.8602972730720886,1.0578711341217506,1.0,1.0,tanner hudson,tannerhudson,thudson,Cincinnati Bengals,00-0034613,0.0,0.0,0.0,0.0,0.0,0.0,0.0,2.0,2.0,42.0,0.0,T.Hudson,CIN,team_norm & _alias_init_last,0.0,0.0,0.0,0.0,0.0,0.0,0.0,-2.0,-2.0,-42.0,0.0
2025,9,0.0,2025_09_CHI_CIN,Cincinnati Bengals,Ja'Marr Chase,WR,00-0036900,1.0,0.0,0.0,0.0,0.0,0.0,0.0,0.0,10.17,6.53,54.5,0.66,0.4809,72.0,42.31,26.85,290.6,120.1,2.830483159054439,0.8602972730720886,1.0578711341217506,1.0,1.0,ja'marr chase,jamarrchase,jchase,Cincinnati Bengals,00-0036900,0.0,0.0,0.0,0.0,0.0,0.0,0.0,10.0,6.0,111.0,0.0,J.Chase,CIN,team_norm & _alias_init_last,0.0,0.0,0.0,0.0,0.0,0.0,0.0,0.16999999999999993,0.5300000000000002,-56.5,0.66
2025,9,0.0,2025_09_CHI_CIN,Cincinnati Bengals,Tee Higgins,WR,00-0036410,1.0,0.0,0.0,0.0,0.0,0.0,0.0,0.0,7.66,4.58,41.5,0.5,0.3927,72.0,42.31,26.85,290.6,120.1,2.830483159054439,0.8602972730720886,1.0578711341217506,1.0,1.0,tee higgins,teehiggins,thiggins,Cincinnati Bengals,00-0036410,0.0,0.0,0.0,0.0,0.0,0.0,0.0,10.0,7.0,121.0,2.0,T.Higgins,CIN,team_norm & _alias_init_last,0.0,0.0,0.0,0.0,0.0,0.0,0.0,-2.34,-2.42,-79.5,-1.5
2025,9,0.0,2025_09_CHI_CIN,Cincinnati Bengals,Andrei Iosivas,WR,00-0038619,1.0,0.0,0.0,0.0,0.0,0.0,0.0,0.0,5.1,2.75,28.0,0.33,0.2821,72.0,42.31,26.85,290.6,120.1,2.830483159054439,0.8602972730720886,1.0578711341217506,1.0,1.0,andrei iosivas,andreiiosivas,aiosivas,Cincinnati Bengals,00-0038619,0.0,0.0,0.0,0.0,1.0,4.0,0.0,7.0,5.0,66.0,1.0,A.Iosivas,CIN,team_norm & _alias_init_last,0.0,0.0,0.0,0.0,-1.0,-4.0,0.0,-1.9000000000000004,-2.25,-38.0,-0.6699999999999999
2025,9,0.0,2025_09_CHI_CIN,Cincinnati Bengals,Charlie Jones,WR,00-0038576,1.0,0.0,0.0,0.0,0.0,0.0,0.0,0.0,0.0,0.0,0.0,0.0,0.0,72.0,42.31,26.85,290.6,120.1,2.830483159054439,0.8602972730720886,1.0578711341217506,1.0,1.0,charlie jones,charliejones,cjones,Cincinnati Bengals,00-0038576,,,,,,,,,,,,,,,,,,,,,,,,,
2025,9,0.0,2025_09_CHI_CIN,Cincinnati Bengals,Cole Burgess,WR,00-0039626,1.0,0.0,0.0,0.0,0.0,0.0,0.0,0.0,0.0,0.0,0.0,0.0,0.0,72.0,42.31,26.85,290.6,120.1,2.830483159054439,0.8602972730720886,1.0578711341217506,0.0,0.0,cole burgess,coleburgess,cburgess,Cincinnati Bengals,00-0039626,,,,,,,,,,,,,,,,,,,,,,,,,
2025,9,0.0,2025_09_CHI_CIN,Cincinnati Bengals,Mitchell Tinsley,WR,00-0038839,1.0,0.0,0.0,0.0,0.0,0.0,0.0,0.0,0.0,0.0,0.0,0.0,0.0,72.0,42.31,26.85,290.6,120.1,2.830483159054439,0.8602972730720886,1.0578711341217506,1.0,1.0,mitchell tinsley,mitchelltinsley,mtinsley,Cincinnati Bengals,00-0038839,0.0,0.0,0.0,0.0,0.0,0.0,0.0,2.0,1.0,27.0,0.0,M.Tinsley,CIN,team_norm & _alias_init_last,0.0,0.0,0.0,0.0,0.0,0.0,0.0,-2.0,-1.0,-27.0,0.0
2025,9,0.0,2025_09_DEN_HOU,Denver Broncos,Bo Nix,QB,00-0039732,1.0,34.52,240.9,2.02,0.81,8.64,31.3,0.29,0.0,0.0,0.0,0.0,0.2501,72.0,38.0,31.87,288.4,157.6,2.30507839803025,1.0089790171156507,0.9500593750875718,1.0,1.0,bo nix,bonix,bnix,Denver Broncos,00-0039732,41.0,173.0,2.0,1.0,2.0,11.0,0.0,0.0,0.0,0.0,0.0,B.Nix,DEN,team_norm & _alias_init_last,-6.479999999999997,67.9,0.020000000000000018,-0.18999999999999995,6.640000000000001,20.3,0.29,0.0,0.0,0.0,0.0
2025,9,0.0,2025_09_DEN_HOU,Denver Broncos,J.K. Dobbins,RB,00-0036158,1.0,0.0,0.0,0.0,0.0,14.94,65.3,0.56,4.33,3.01,22.4,0.27,0.5637,72.0,38.0,31.87,288.4,157.6,2.30507839803025,1.0089790171156507,0.9500593750875718,1.0,1.0,j.k. dobbins,jkdobbins,jdobbins,Denver Broncos,00-0036158,0.0,0.0,0.0,0.0,15.0,61.0,0.0,1.0,1.0,-2.0,0.0,J.Dobbins,DEN,team_norm & _alias_init_last,0.0,0.0,0.0,0.0,-0.0600000000000005,4.299999999999997,0.56,3.33,2.01,24.4,0.27
2025,9,0.0,2025_09_DEN_HOU,Denver Broncos,RJ Harvey,RB,00-0040730,1.0,0.0,0.0,0.0,0.0,8.3,37.5,0.21,2.69,1.97,14.1,0.17,0.315,72.0,38.0,31.87,288.4,157.6,2.30507839803025,1.0089790171156507,0.9500593750875718,1.0,1.0,rj harvey,rjharvey,rharvey,Denver Broncos,00-0040730,0.0,0.0,0.0,0.0,2.0,5.0,0.0,5.0,5.0,51.0,1.0,R.Harvey,DEN,team_norm & _alias_init_last,0.0,0.0,0.0,0.0,6.300000000000001,32.5,0.21,-2.31,-3.0300000000000002,-36.9,-0.83
2025,9,0.0,2025_09_DEN_HOU,Denver Broncos,Tyler Badie,RB,00-0037085,1.0,0.0,0.0,0.0,0.0,0.0,0.0,0.0,0.0,0.0,0.0,0.0,0.0,72.0,38.0,31.87,288.4,157.6,2.30507839803025,1.0089790171156507,0.9500593750875718,1.0,1.0,tyler badie,tylerbadie,tbadie,Denver Broncos,00-0037085,0.0,0.0,0.0,0.0,0.0,0.0,0.0,3.0,2.0,6.0,0.0,T.Badie,DEN,team_norm & _alias_init_last,0.0,0.0,0.0,0.0,0.0,0.0,0.0,-3.0,-2.0,-6.0,0.0
2025,9,0.0,2025_09_DEN_HOU,Denver Broncos,Evan Engram,TE,00-0033881,1.0,0.0,0.0,0.0,0.0,0.0,0.0,0.0,6.51,4.19,33.5,0.35,0.2929,72.0,38.0,31.87,288.4,157.6,2.30507839803025,1.0089790171156507,0.9500593750875718,1.0,1.0,evan engram,evanengram,eengram,Denver Broncos,00-0033881,0.0,0.0,0.0,0.0,0.0,0.0,0.0,3.0,0.0,0.0,0.0,E.Engram,DEN,team_norm & _alias_init_last,0.0,0.0,0.0,0.0,0.0,0.0,0.0,3.51,4.19,33.5,0.35
2025,9,0.0,2025_09_DEN_HOU,Denver Broncos,Nate Adkins,TE,00-0038783,1.0,0.0,0.0,0.0,0.0,0.0,0.0,0.0,3.36,2.15,20.9,0.2,0.1805,72.0,38.0,31.87,288.4,157.6,2.30507839803025,1.0089790171156507,0.9500593750875718,0.0,0.0,nate adkins,nateadkins,nadkins,Denver Broncos,00-0038783,,,,,,,,,,,,,,,,,,,,,,,,,
2025,9,0.0,2025_09_DEN_HOU,Denver Broncos,Adam Trautman,TE,00-0036422,1.0,0.0,0.0,0.0,0.0,0.0,0.0,0.0,0.0,0.0,0.0,0.0,0.0,72.0,38.0,31.87,288.4,157.6,2.30507839803025,1.0089790171156507,0.9500593750875718,1.0,1.0,adam trautman,adamtrautman,atrautman,Denver Broncos,00-0036422,0.0,0.0,0.0,0.0,0.0,0.0,0.0,2.0,2.0,25.0,0.0,A.Trautman,DEN,team_norm & _alias_init_last,0.0,0.0,0.0,0.0,0.0,0.0,0.0,-2.0,-2.0,-25.0,0.0
2025,9,0.0,2025_09_DEN_HOU,Denver Broncos,Marcedes Lewis,TE,00-0024243,1.0,0.0,0.0,0.0,0.0,0.0,0.0,0.0,0.0,0.0,0.0,0.0,0.0,72.0,38.0,31.87,288.4,157.6,2.30507839803025,1.0089790171156507,0.9500593750875718,1.0,1.0,marcedes lewis,marcedeslewis,mlewis,Denver Broncos,00-0024243,,,,,,,,,,,,,,,,,,,,,,,,,
2025,9,0.0,2025_09_DEN_HOU,Denver Broncos,Courtland Sutton,WR,00-0034348,1.0,0.0,0.0,0.0,0.0,0.0,0.0,0.0,9.36,5.37,55.1,0.55,0.4215,72.0,38.0,31.87,288.4,157.6,2.30507839803025,1.0089790171156507,0.9500593750875718,1.0,1.0,courtland sutton,courtlandsutton,csutton,Denver Broncos,00-0034348,0.0,0.0,0.0,0.0,0.0,0.0,0.0,6.0,1.0,30.0,1.0,C.Sutton,DEN,team_norm & _alias_init_last,0.0,0.0,0.0,0.0,0.0,0.0,0.0,3.3599999999999994,4.37,25.1,-0.44999999999999996
2025,9,0.0,2025_09_DEN_HOU,Denver Broncos,Troy Franklin,WR,00-0039868,1.0,0.0,0.0,0.0,0.0,0.0,0.0,0.0,7.05,4.04,42.6,0.42,0.3433,72.0,38.0,31.87,288.4,157.6,2.30507839803025,1.0089790171156507,0.9500593750875718,1.0,1.0,troy franklin,troyfranklin,tfranklin,Denver Broncos,00-0039868,0.0,0.0,0.0,0.0,2.0,-4.0,0.0,11.0,4.0,27.0,0.0,T.Franklin,DEN,team_norm & _alias_init_last,0.0,0.0,0.0,0.0,-2.0,4.0,0.0,-3.95,0.040000000000000036,15.600000000000001,0.42
2025,9,0.0,2025_09_DEN_HOU,Denver Broncos,Marvin Mims Jr.,WR,00-0038976,1.0,0.0,0.0,0.0,0.0,0.0,0.0,0.0,4.7,3.09,26.8,0.26,0.2266,72.0,38.0,31.87,288.4,157.6,2.30507839803025,1.0089790171156507,0.9500593750875718,0.0,0.0,marvin mims jr.,marvinmimsjr,mmims,Denver Broncos,00-0038976,,,,,,,,,,,,,,,,,,,,,,,,,
2025,9,0.0,2025_09_DEN_HOU,Denver Broncos,Elijah Moore,WR,00-0036980,1.0,0.0,0.0,0.0,0.0,0.0,0.0,0.0,0.0,0.0,0.0,0.0,0.0,72.0,38.0,31.87,288.4,157.6,2.30507839803025,1.0089790171156507,0.9500593750875718,0.0,0.0,elijah moore,elijahmoore,emoore,Denver Broncos,00-0036980,0.0,0.0,0.0,0.0,0.0,0.0,0.0,1.0,1.0,28.0,0.0,E.Moore,BUF,_alias_init_last,0.0,0.0,0.0,0.0,0.0,0.0,0.0,-1.0,-1.0,-28.0,0.0
2025,9,0.0,2025_09_DEN_HOU,Denver Broncos,Michael Bandy,WR,00-0036959,1.0,0.0,0.0,0.0,0.0,0.0,0.0,0.0,0.0,0.0,0.0,0.0,0.0,72.0,38.0,31.87,288.4,157.6,2.30507839803025,1.0089790171156507,0.9500593750875718,1.0,1.0,michael bandy,michaelbandy,mbandy,Denver Broncos,00-0036959,0.0,0.0,0.0,0.0,0.0,0.0,0.0,1.0,1.0,16.0,0.0,M.Bandy,DEN,team_norm & _alias_init_last,0.0,0.0,0.0,0.0,0.0,0.0,0.0,-1.0,-1.0,-16.0,0.0
2025,9,0.0,2025_09_DEN_HOU,Denver Broncos,Pat Bryant,WR,00-0040134,1.0,0.0,0.0,0.0,0.0,0.0,0.0,0.0,0.0,0.0,0.0,0.0,0.0,72.0,38.0,31.87,288.4,157.6,2.30507839803025,1.0089790171156507,0.9500593750875718,1.0,1.0,pat bryant,patbryant,pbryant,Denver Broncos,00-0040134,0.0,0.0,0.0,0.0,0.0,0.0,0.0,3.0,2.0,20.0,0.0,P.Bryant,DEN,team_norm & _alias_init_last,0.0,0.0,0.0,0.0,0.0,0.0,0.0,-3.0,-2.0,-20.0,0.0
2025,9,0.0,2025_09_DEN_HOU,Houston Texans,C.J. Stroud,QB,00-0039163,1.0,34.6,248.8,1.83,0.8,5.38,21.2,0.16,0.0,0.0,0.0,0.0,0.1494,72.0,37.85,30.99,287.3,153.2,2.164596261359557,0.8819455413041424,0.9461527434218798,1.0,1.0,c.j. stroud,cjstroud,cstroud,Houston Texans,00-0039163,14.0,79.0,0.0,0.0,0.0,0.0,0.0,0.0,0.0,0.0,0.0,C.Stroud,HOU,team_norm & _alias_init_last,20.6,169.8,1.83,0.8,5.38,21.2,0.16,0.0,0.0,0.0,0.0
2025,9,0.0,2025_09_DEN_HOU,Houston Texans,Nick Chubb,RB,00-0034791,1.0,0.0,0.0,0.0,0.0,16.46,71.3,0.55,4.15,2.63,23.8,0.23,0.5413,72.0,37.85,30.99,287.3,153.2,2.164596261359557,0.8819455413041424,0.9461527434218798,1.0,1.0,nick chubb,nickchubb,nchubb,Houston Texans,00-0034791,0.0,0.0,0.0,0.0,11.0,34.0,0.0,0.0,0.0,0.0,0.0,N.Chubb,HOU,team_norm & _alias_init_last,0.0,0.0,0.0,0.0,5.460000000000001,37.3,0.55,4.15,2.63,23.8,0.23
2025,9,0.0,2025_09_DEN_HOU,Houston Texans,Woody Marks,RB,00-0040583,1.0,0.0,0.0,0.0,0.0,9.15,40.6,0.2,2.58,1.6,15.2,0.15,0.2987,72.0,37.85,30.99,287.3,153.2,2.164596261359557,0.8819455413041424,0.9461527434218798,1.0,1.0,woody marks,woodymarks,wmarks,Houston Texans,,0.0,0.0,0.0,0.0,10.0,27.0,0.0,3.0,0.0,0.0,0.0,W.Marks,HOU,team_norm & _alias_init_last,0.0,0.0,0.0,0.0,-0.8499999999999996,13.600000000000001,0.2,-0.41999999999999993,1.6,15.2,0.15
2025,9,0.0,2025_09_DEN_HOU,Houston Texans,Dare Ogunbowale,RB,00-0033854,1.0,0.0,0.0,0.0,0.0,0.0,0.0,0.0,0.0,0.0,0.0,0.0,0.0,72.0,37.85,30.99,287.3,153.2,2.164596261359557,0.8819455413041424,0.9461527434218798,1.0,1.0,dare ogunbowale,dareogunbowale,dogunbowale,Houston Texans,,0.0,0.0,0.0,0.0,0.0,0.0,0.0,1.0,1.0,2.0,0.0,D.Ogunbowale,HOU,team_norm & _alias_init_last,0.0,0.0,0.0,0.0,0.0,0.0,0.0,-1.0,-1.0,-2.0,0.0
2025,9,0.0,2025_09_DEN_HOU,Houston Texans,Dalton Schultz,TE,00-0034383,1.0,0.0,0.0,0.0,0.0,0.0,0.0,0.0,6.43,3.91,35.2,0.33,0.2817,72.0,37.85,30.99,287.3,153.2,2.164596261359557,0.8819455413041424,0.9461527434218798,1.0,1.0,dalton schultz,daltonschultz,dschultz,Houston Texans,00-0034383,0.0,0.0,0.0,0.0,0.0,0.0,0.0,8.0,6.0,77.0,0.0,D.Schultz,HOU,team_norm & _alias_init_last,0.0,0.0,0.0,0.0,0.0,0.0,0.0,-1.5700000000000003,-2.09,-41.8,0.33
2025,9,0.0,2025_09_DEN_HOU,Houston Texans,Harrison Bryant,TE,00-0036232,1.0,0.0,0.0,0.0,0.0,0.0,0.0,0.0,3.32,1.92,19.0,0.18,0.1653,72.0,37.85,30.99,287.3,153.2,2.164596261359557,0.8819455413041424,0.9461527434218798,1.0,1.0,harrison bryant,harrisonbryant,hbryant,Houston Texans,00-0036232,0.0,0.0,0.0,0.0,0.0,0.0,0.0,2.0,1.0,2.0,0.0,H.Bryant,HOU,team_norm & _alias_init_last,0.0,0.0,0.0,0.0,0.0,0.0,0.0,1.3199999999999998,0.9199999999999999,17.0,0.18
2025,9,0.0,2025_09_DEN_HOU,Houston Texans,Nico Collins,WR,00-0036554,1.0,0.0,0.0,0.0,0.0,0.0,0.0,0.0,9.47,5.66,51.3,0.51,0.4015,72.0,37.85,30.99,287.3,153.2,2.164596261359557,0.8819455413041424,0.9461527434218798,1.0,1.0,nico collins,nicocollins,ncollins,Houston Texans,00-0036554,0.0,0.0,0.0,0.0,0.0,0.0,0.0,12.0,7.0,75.0,0.0,N.Collins,HOU,team_norm & _alias_init_last,0.0,0.0,0.0,0.0,0.0,0.0,0.0,-2.5299999999999994,-1.3399999999999999,-23.700000000000003,0.51
2025,9,0.0,2025_09_DEN_HOU,Houston Texans,Christian Kirk,WR,00-0034775,1.0,0.0,0.0,0.0,0.0,0.0,0.0,0.0,7.13,4.25,38.7,0.38,0.3189,72.0,37.85,30.99,287.3,153.2,2.164596261359557,0.8819455413041424,0.9461527434218798,1.0,1.0,christian kirk,christiankirk,ckirk,Houston Texans,00-0034775,0.0,0.0,0.0,0.0,0.0,0.0,0.0,8.0,4.0,26.0,0.0,C.Kirk,HOU,team_norm & _alias_init_last,0.0,0.0,0.0,0.0,0.0,0.0,0.0,-0.8700000000000001,0.25,12.700000000000003,0.38
2025,9,0.0,2025_09_DEN_HOU,Houston Texans,Xavier Hutchinson,WR,00-0038618,1.0,0.0,0.0,0.0,0.0,0.0,0.0,0.0,4.76,2.5,27.6,0.25,0.2229,72.0,37.85,30.99,287.3,153.2,2.164596261359557,0.8819455413041424,0.9461527434218798,1.0,1.0,xavier hutchinson,xavierhutchinson,xhutchinson,Houston Texans,00-0038618,0.0,0.0,0.0,0.0,0.0,0.0,0.0,5.0,3.0,30.0,0.0,X.Hutchinson,HOU,team_norm & _alias_init_last,0.0,0.0,0.0,0.0,0.0,0.0,0.0,-0.2400000000000002,-0.5,-2.3999999999999986,0.25
2025,9,0.0,2025_09_DEN_HOU,Houston Texans,Braxton Berrios,WR,00-0034419,1.0,0.0,0.0,0.0,0.0,0.0,0.0,0.0,0.0,0.0,0.0,0.0,0.0,72.0,37.85,30.99,287.3,153.2,2.164596261359557,0.8819455413041424,0.9461527434218798,1.0,1.0,braxton berrios,braxtonberrios,bberrios,Houston Texans,00-0034419,,,,,,,,,,,,,,,,,,,,,,,,,
2025,9,0.0,2025_09_DEN_HOU,Houston Texans,Daniel Jackson,WR,00-0040412,1.0,0.0,0.0,0.0,0.0,0.0,0.0,0.0,0.0,0.0,0.0,0.0,0.0,72.0,37.85,30.99,287.3,153.2,2.164596261359557,0.8819455413041424,0.9461527434218798,0.0,0.0,daniel jackson,danieljackson,djackson,Houston Texans,00-0040412,,,,,,,,,,,,,,,,,,,,,,,,,
2025,9,0.0,2025_09_DEN_HOU,Houston Texans,Jayden Higgins,WR,00-0040130,1.0,0.0,0.0,0.0,0.0,0.0,0.0,0.0,0.0,0.0,0.0,0.0,0.0,72.0,37.85,30.99,287.3,153.2,2.164596261359557,0.8819455413041424,0.9461527434218798,1.0,1.0,jayden higgins,jaydenhiggins,jhiggins,Houston Texans,00-0040130,0.0,0.0,0.0,0.0,0.0,0.0,0.0,1.0,1.0,4.0,0.0,J.Higgins,HOU,team_norm & _alias_init_last,0.0,0.0,0.0,0.0,0.0,0.0,0.0,-1.0,-1.0,-4.0,0.0
2025,9,0.0,2025_09_DEN_HOU,Houston Texans,Jaylin Noel,WR,00-0040138,1.0,0.0,0.0,0.0,0.0,0.0,0.0,0.0,0.0,0.0,0.0,0.0,0.0,72.0,37.85,30.99,287.3,153.2,2.164596261359557,0.8819455413041424,0.9461527434218798,1.0,1.0,jaylin noel,jaylinnoel,jnoel,Houston Texans,00-0040138,0.0,0.0,0.0,0.0,1.0,-3.0,0.0,0.0,0.0,0.0,0.0,J.Noel,HOU,team_norm & _alias_init_last,0.0,0.0,0.0,0.0,-1.0,3.0,0.0,0.0,0.0,0.0,0.0
2025,9,0.0,2025_09_IND_PIT,Indianapolis Colts,Daniel Jones,QB,00-0035710,1.0,39.08,272.2,1.86,0.95,7.71,27.1,0.19,0.0,0.0,0.0,0.0,0.1714,72.0,44.84,24.45,340.3,120.9,2.440400739081724,0.6216691628572484,1.120894999222724,1.0,1.0,daniel jones,danieljones,djones,Indianapolis Colts,00-0035710,59.0,342.0,1.0,3.0,2.0,3.0,1.0,0.0,0.0,0.0,0.0,D.Jones,IND,team_norm & _alias_init_last,-19.92,-69.80000000000001,0.8600000000000001,-2.05,5.71,24.1,-0.81,0.0,0.0,0.0,0.0
2025,9,0.0,2025_09_IND_PIT,Indianapolis Colts,Jonathan Taylor,RB,00-0036223,1.0,0.0,0.0,0.0,0.0,10.77,47.5,0.37,5.18,3.35,25.8,0.28,0.4758,72.0,44.84,24.45,340.3,120.9,2.440400739081724,0.6216691628572484,1.120894999222724,1.0,1.0,jonathan taylor,jonathantaylor,jtaylor,Indianapolis Colts,00-0036223,0.0,0.0,0.0,0.0,14.0,45.0,0.0,2.0,2.0,12.0,0.0,J.Taylor,IND,team_norm & _alias_init_last,0.0,0.0,0.0,0.0,-3.2300000000000004,2.5,0.37,3.1799999999999997,1.35,13.8,0.28
2025,9,0.0,2025_09_IND_PIT,Indianapolis Colts,Tyler Goodson,RB,00-0037120,1.0,0.0,0.0,0.0,0.0,5.98,29.1,0.13,3.22,2.1,18.3,0.18,0.2647,72.0,44.84,24.45,340.3,120.9,2.440400739081724,0.6216691628572484,1.120894999222724,1.0,1.0,tyler goodson,tylergoodson,tgoodson,Indianapolis Colts,00-0037120,0.0,0.0,0.0,0.0,0.0,0.0,0.0,2.0,1.0,8.0,0.0,T.Goodson,IND,team_norm & _alias_init_last,0.0,0.0,0.0,0.0,5.98,29.1,0.13,1.2200000000000002,1.1,10.3,0.18
2025,9,0.0,2025_09_IND_PIT,Indianapolis Colts,Ameer Abdullah,RB,00-0032104,1.0,0.0,0.0,0.0,0.0,0.0,0.0,0.0,0.0,0.0,0.0,0.0,0.0,72.0,44.84,24.45,340.3,120.9,2.440400739081724,0.6216691628572484,1.120894999222724,1.0,1.0,ameer abdullah,ameerabdullah,aabdullah,Indianapolis Colts,00-0032104,0.0,0.0,0.0,0.0,1.0,3.0,0.0,1.0,1.0,2.0,0.0,A.Abdullah,IND,team_norm & _alias_init_last,0.0,0.0,0.0,0.0,-1.0,-3.0,0.0,-1.0,-1.0,-2.0,0.0
2025,9,0.0,2025_09_IND_PIT,Indianapolis Colts,Tyler Warren,TE,00-0040128,1.0,0.0,0.0,0.0,0.0,0.0,0.0,0.0,7.74,4.44,46.7,0.41,0.3355,72.0,44.84,24.45,340.3,120.9,2.440400739081724,0.6216691628572484,1.120894999222724,1.0,1.0,tyler warren,tylerwarren,twarren,Indianapolis Colts,00-0040128,0.0,0.0,0.0,0.0,0.0,0.0,0.0,9.0,5.0,26.0,0.0,T.Warren,IND,team_norm & _alias_init_last,0.0,0.0,0.0,0.0,0.0,0.0,0.0,-1.2599999999999998,-0.5599999999999996,20.700000000000003,0.41
2025,9,0.0,2025_09_IND_PIT,Indianapolis Colts,Mo Alie-Cox,TE,00-0033217,1.0,0.0,0.0,0.0,0.0,0.0,0.0,0.0,4.0,2.28,24.4,0.21,0.1932,72.0,44.84,24.45,340.3,120.9,2.440400739081724,0.6216691628572484,1.120894999222724,1.0,1.0,mo alie-cox,moaliecox,maliecox,Indianapolis Colts,00-0033217,0.0,0.0,0.0,0.0,0.0,0.0,0.0,1.0,0.0,0.0,0.0,M.Alie-Cox,IND,team_norm & _alias_init_last,0.0,0.0,0.0,0.0,0.0,0.0,0.0,3.0,2.28,24.4,0.21
2025,9,0.0,2025_09_IND_PIT,Indianapolis Colts,Andrew Ogletree,TE,00-0037292,1.0,0.0,0.0,0.0,0.0,0.0,0.0,0.0,0.0,0.0,0.0,0.0,0.0,72.0,44.84,24.45,340.3,120.9,2.440400739081724,0.6216691628572484,1.120894999222724,1.0,1.0,andrew ogletree,andrewogletree,aogletree,Indianapolis Colts,00-0037292,,,,,,,,,,,,,,,,,,,,,,,,,
2025,9,0.0,2025_09_IND_PIT,Indianapolis Colts,Michael Pittman Jr.,WR,,1.0,0.0,0.0,0.0,0.0,0.0,0.0,0.0,10.95,6.71,125.0,0.6,0.449,72.0,44.84,24.45,340.3,120.9,2.440400739081724,0.6216691628572484,1.120894999222724,0.0,0.0,michael pittman jr.,michaelpittmanjr,mpittman,Indianapolis Colts,00-0036252,0.0,0.0,0.0,0.0,0.0,0.0,0.0,13.0,9.0,115.0,0.0,M.Pittman,IND,team_norm & _alias_init_last,0.0,0.0,0.0,0.0,0.0,0.0,0.0,-2.0500000000000007,-2.29,10.0,0.6
2025,9,0.0,2025_09_IND_PIT,Indianapolis Colts,Alec Pierce,WR,00-0037664,1.0,0.0,0.0,0.0,0.0,0.0,0.0,0.0,8.25,4.14,49.0,0.41,0.335,72.0,44.84,24.45,340.3,120.9,2.440400739081724,0.6216691628572484,1.120894999222724,1.0,1.0,alec pierce,alecpierce,apierce,Indianapolis Colts,00-0037664,0.0,0.0,0.0,0.0,0.0,0.0,0.0,14.0,6.0,115.0,0.0,A.Pierce,IND,team_norm & _alias_init_last,0.0,0.0,0.0,0.0,0.0,0.0,0.0,-5.75,-1.8600000000000003,-66.0,0.41
2025,9,0.0,2025_09_IND_PIT,Indianapolis Colts,Josh Downs,WR,00-0038997,1.0,0.0,0.0,0.0,0.0,0.0,0.0,0.0,5.5,3.42,30.0,0.28,0.2452,72.0,44.84,24.45,340.3,120.9,2.440400739081724,0.6216691628572484,1.120894999222724,1.0,1.0,josh downs,joshdowns,jdowns,Indianapolis Colts,00-0038997,0.0,0.0,0.0,0.0,0.0,0.0,0.0,9.0,6.0,50.0,1.0,J.Downs,IND,team_norm & _alias_init_last,0.0,0.0,0.0,0.0,0.0,0.0,0.0,-3.5,-2.58,-20.0,-0.72
2025,9,0.0,2025_09_IND_PIT,Indianapolis Colts,Ajou Ajou,WR,00-0039957,1.0,0.0,0.0,0.0,0.0,0.0,0.0,0.0,0.0,0.0,0.0,0.0,0.0,72.0,44.84,24.45,340.3,120.9,2.440400739081724,0.6216691628572484,1.120894999222724,0.0,0.0,ajou ajou,ajouajou,aajou,Indianapolis Colts,00-0039957,,,,,,,,,,,,,,,,,,,,,,,,,
2025,9,0.0,2025_09_IND_PIT,Indianapolis Colts,Anthony Gould,WR,00-0039816,1.0,0.0,0.0,0.0,0.0,0.0,0.0,0.0,0.0,0.0,0.0,0.0,0.0,72.0,44.84,24.45,340.3,120.9,2.440400739081724,0.6216691628572484,1.120894999222724,0.0,0.0,anthony gould,anthonygould,agould,Indianapolis Colts,00-0039816,,,,,,,,,,,,,,,,,,,,,,,,,
2025,9,0.0,2025_09_IND_PIT,Indianapolis Colts,Ashton Dulin,WR,00-0035021,1.0,0.0,0.0,0.0,0.0,0.0,0.0,0.0,0.0,0.0,0.0,0.0,0.0,72.0,44.84,24.45,340.3,120.9,2.440400739081724,0.6216691628572484,1.120894999222724,1.0,1.0,ashton dulin,ashtondulin,adulin,Indianapolis Colts,00-0035021,,,,,,,,,,,,,,,,,,,,,,,,,
2025,9,0.0,2025_09_IND_PIT,Indianapolis Colts,Laquon Treadwell,WR,00-0032951,1.0,0.0,0.0,0.0,0.0,0.0,0.0,0.0,0.0,0.0,0.0,0.0,0.0,72.0,44.84,24.45,340.3,120.9,2.440400739081724,0.6216691628572484,1.120894999222724,1.0,1.0,laquon treadwell,laquontreadwell,ltreadwell,Indianapolis Colts,00-0032951,,,,,,,,,,,,,,,,,,,,,,,,,
2025,9,0.0,2025_09_IND_PIT,Pittsburgh Steelers,Aaron Rodgers,QB,00-0023459,1.0,40.46,282.6,1.91,1.01,1.76,7.3,0.03,0.0,0.0,0.0,0.0,0.0302,72.0,47.32,21.6,359.2,106.8,2.183126094697033,0.4075579581918598,1.183024964952891,1.0,1.0,aaron rodgers,aaronrodgers,arodgers,Pittsburgh Steelers,00-0023459,40.0,203.0,1.0,0.0,0.0,0.0,0.0,0.0,0.0,0.0,0.0,A.Rodgers,PIT,team_norm & _alias_init_last,0.46000000000000085,79.60000000000002,0.9099999999999999,1.01,1.76,7.3,0.03,0.0,0.0,0.0,0.0
2025,9,0.0,2025_09_IND_PIT,Pittsburgh Steelers,Jaylen Warren,RB,00-0037228,1.0,0.0,0.0,0.0,0.0,12.75,56.6,0.29,5.36,4.08,26.0,0.24,0.4122,72.0,47.32,21.6,359.2,106.8,2.183126094697033,0.4075579581918598,1.183024964952891,1.0,1.0,jaylen warren,jaylenwarren,jwarren,Pittsburgh Steelers,00-0037228,0.0,0.0,0.0,0.0,16.0,31.0,2.0,2.0,2.0,-2.0,0.0,J.Warren,PIT,team_norm & _alias_init_last,0.0,0.0,0.0,0.0,-3.25,25.6,-1.71,3.3600000000000003,2.08,28.0,0.24
2025,9,0.0,2025_09_IND_PIT,Pittsburgh Steelers,Kenneth Gainwell,RB,00-0036919,1.0,0.0,0.0,0.0,0.0,7.08,31.2,0.11,3.34,2.4,15.4,0.16,0.2347,72.0,47.32,21.6,359.2,106.8,2.183126094697033,0.4075579581918598,1.183024964952891,1.0,1.0,kenneth gainwell,kennethgainwell,kgainwell,Pittsburgh Steelers,00-0036919,0.0,0.0,0.0,0.0,3.0,-1.0,0.0,6.0,4.0,35.0,0.0,K.Gainwell,PIT,team_norm & _alias_init_last,0.0,0.0,0.0,0.0,4.08,32.2,0.11,-2.66,-1.6,-19.6,0.16
2025,9,0.0,2025_09_IND_PIT,Pittsburgh Steelers,Kaleb Johnson,RB,00-0040142,1.0,0.0,0.0,0.0,0.0,0.0,0.0,0.0,0.0,0.0,0.0,0.0,0.0,72.0,47.32,21.6,359.2,106.8,2.183126094697033,0.4075579581918598,1.183024964952891,1.0,1.0,kaleb johnson,kalebjohnson,kjohnson,Pittsburgh Steelers,00-0040142,0.0,0.0,0.0,0.0,1.0,4.0,0.0,1.0,1.0,9.0,0.0,K.Johnson,PIT,team_norm & _alias_init_last,0.0,0.0,0.0,0.0,-1.0,-4.0,0.0,-1.0,-1.0,-9.0,0.0
2025,9,0.0,2025_09_IND_PIT,Pittsburgh Steelers,Lew Nichols III,RB,00-0038409,1.0,0.0,0.0,0.0,0.0,0.0,0.0,0.0,0.0,0.0,0.0,0.0,0.0,72.0,47.32,21.6,359.2,106.8,2.183126094697033,0.4075579581918598,1.183024964952891,1.0,1.0,lew nichols iii,lewnicholsiii,lnichols,Pittsburgh Steelers,,,,,,,,,,,,,,,,,,,,,,,,,,
2025,9,0.0,2025_09_IND_PIT,Pittsburgh Steelers,Trey Sermon,RB,00-0036984,1.0,0.0,0.0,0.0,0.0,0.0,0.0,0.0,0.0,0.0,0.0,0.0,0.0,72.0,47.32,21.6,359.2,106.8,2.183126094697033,0.4075579581918598,1.183024964952891,1.0,1.0,trey sermon,treysermon,tsermon,Pittsburgh Steelers,00-0036984,,,,,,,,,,,,,,,,,,,,,,,,,
2025,9,0.0,2025_09_IND_PIT,Pittsburgh Steelers,Jonnu Smith,TE,00-0033858,1.0,0.0,0.0,0.0,0.0,0.0,0.0,0.0,8.21,5.47,47.4,0.34,0.2906,72.0,47.32,21.6,359.2,106.8,2.183126094697033,0.4075579581918598,1.183024964952891,1.0,1.0,jonnu smith,jonnusmith,jsmith,Pittsburgh Steelers,00-0033858,0.0,0.0,0.0,0.0,0.0,0.0,0.0,5.0,3.0,25.0,0.0,J.Smith,PIT,team_norm & _alias_init_last,0.0,0.0,0.0,0.0,0.0,0.0,0.0,3.210000000000001,2.4699999999999998,22.4,0.34
2025,9,0.0,2025_09_IND_PIT,Pittsburgh Steelers,Pat Freiermuth,TE,00-0036894,1.0,0.0,0.0,0.0,0.0,0.0,0.0,0.0,4.24,2.55,21.7,0.18,0.1642,72.0,47.32,21.6,359.2,106.8,2.183126094697033,0.4075579581918598,1.183024964952891,1.0,1.0,pat freiermuth,patfreiermuth,pfreiermuth,Pittsburgh Steelers,00-0036894,0.0,0.0,0.0,0.0,0.0,0.0,0.0,4.0,3.0,27.0,1.0,P.Freiermuth,PIT,team_norm & _alias_init_last,0.0,0.0,0.0,0.0,0.0,0.0,0.0,0.2400000000000002,-0.4500000000000002,-5.300000000000001,-0.8200000000000001
2025,9,0.0,2025_09_IND_PIT,Pittsburgh Steelers,Connor Heyward,TE,00-0037304,1.0,0.0,0.0,0.0,0.0,0.0,0.0,0.0,0.0,0.0,0.0,0.0,0.0,72.0,47.32,21.6,359.2,106.8,2.183126094697033,0.4075579581918598,1.183024964952891,1.0,1.0,connor heyward,connorheyward,cheyward,Pittsburgh Steelers,00-0027969,0.0,0.0,0.0,0.0,1.0,4.0,0.0,0.0,0.0,0.0,0.0,Co.Heyward,PIT,team_norm & _alias_init_last,0.0,0.0,0.0,0.0,-1.0,-4.0,0.0,0.0,0.0,0.0,0.0
2025,9,0.0,2025_09_IND_PIT,Pittsburgh Steelers,Darnell Washington,TE,00-0038558,1.0,0.0,0.0,0.0,0.0,0.0,0.0,0.0,0.0,0.0,0.0,0.0,0.0,72.0,47.32,21.6,359.2,106.8,2.183126094697033,0.4075579581918598,1.183024964952891,1.0,1.0,darnell washington,darnellwashington,dwashington,Pittsburgh Steelers,00-0038558,0.0,0.0,0.0,0.0,0.0,0.0,0.0,6.0,4.0,43.0,0.0,D.Washington,PIT,team_norm & _alias_init_last,0.0,0.0,0.0,0.0,0.0,0.0,0.0,-6.0,-4.0,-43.0,0.0
2025,9,0.0,2025_09_IND_PIT,Pittsburgh Steelers,DK Metcalf,WR,00-0035640,1.0,0.0,0.0,0.0,0.0,0.0,0.0,0.0,11.61,6.48,67.4,0.51,0.4022,72.0,47.32,21.6,359.2,106.8,2.183126094697033,0.4075579581918598,1.183024964952891,1.0,1.0,dk metcalf,dkmetcalf,dmetcalf,Pittsburgh Steelers,00-0035640,0.0,0.0,0.0,0.0,0.0,0.0,0.0,4.0,2.0,6.0,0.0,D.Metcalf,PIT,team_norm & _alias_init_last,0.0,0.0,0.0,0.0,0.0,0.0,0.0,7.609999999999999,4.48,61.400000000000006,0.51
2025,9,0.0,2025_09_IND_PIT,Pittsburgh Steelers,Calvin Austin III,WR,00-0037837,1.0,0.0,0.0,0.0,0.0,0.0,0.0,0.0,8.74,4.71,52.0,0.36,0.3024,72.0,47.32,21.6,359.2,106.8,2.183126094697033,0.4075579581918598,1.183024964952891,1.0,1.0,calvin austin iii,calvinaustiniii,caustin,Pittsburgh Steelers,00-0037837,0.0,0.0,0.0,0.0,0.0,0.0,0.0,6.0,5.0,56.0,0.0,C.Austin,PIT,team_norm & _alias_init_last,0.0,0.0,0.0,0.0,0.0,0.0,0.0,2.74,-0.29000000000000004,-4.0,0.36
2025,9,0.0,2025_09_IND_PIT,Pittsburgh Steelers,Roman Wilson,WR,00-0039739,1.0,0.0,0.0,0.0,0.0,0.0,0.0,0.0,5.83,3.49,47.7,0.26,0.2264,72.0,47.32,21.6,359.2,106.8,2.183126094697033,0.4075579581918598,1.183024964952891,1.0,1.0,roman wilson,romanwilson,rwilson,Pittsburgh Steelers,00-0039739,0.0,0.0,0.0,0.0,0.0,0.0,0.0,2.0,1.0,4.0,0.0,R.Wilson,PIT,team_norm & _alias_init_last,0.0,0.0,0.0,0.0,0.0,0.0,0.0,3.83,2.49,43.7,0.26
2025,9,0.0,2025_09_IND_PIT,Pittsburgh Steelers,Adam Thielen,WR,00-0030035,1.0,0.0,0.0,0.0,0.0,0.0,0.0,0.0,0.0,0.0,0.0,0.0,0.0,72.0,47.32,21.6,359.2,106.8,2.183126094697033,0.4075579581918598,1.183024964952891,0.0,0.0,adam thielen,adamthielen,athielen,Pittsburgh Steelers,00-0030035,,,,,,,,,,,,,,,,,,,,,,,,,
2025,9,0.0,2025_09_IND_PIT,Pittsburgh Steelers,Ben Skowronek,WR,00-0036862,1.0,0.0,0.0,0.0,0.0,0.0,0.0,0.0,0.0,0.0,0.0,0.0,0.0,72.0,47.32,21.6,359.2,106.8,2.183126094697033,0.4075579581918598,1.183024964952891,1.0,1.0,ben skowronek,benskowronek,bskowronek,Pittsburgh Steelers,00-0036862,,,,,,,,,,,,,,,,,,,,,,,,,
2025,9,0.0,2025_09_IND_PIT,Pittsburgh Steelers,Brandon Johnson,WR,00-0037382,1.0,0.0,0.0,0.0,0.0,0.0,0.0,0.0,0.0,0.0,0.0,0.0,0.0,72.0,47.32,21.6,359.2,106.8,2.183126094697033,0.4075579581918598,1.183024964952891,0.0,0.0,brandon johnson,brandonjohnson,bjohnson,Pittsburgh Steelers,00-0037382,,,,,,,,,,,,,,,,,,,,,,,,,
2025,9,0.0,2025_09_JAX_LV,Jacksonville Jaguars,Trevor Lawrence,QB,00-0036971,1.0,33.58,194.7,1.82,0.77,2.5,6.6,0.06,0.0,0.0,0.0,0.0,0.0542,55.0,36.08,16.5,202.4,60.3,2.2676549159767045,0.3205759421878342,0.9019952327447832,1.0,1.0,trevor lawrence,trevorlawrence,tlawrence,Jacksonville Jaguars,00-0036971,41.0,220.0,0.0,1.0,5.0,12.0,2.0,0.0,0.0,0.0,0.0,T.Lawrence,JAX,team_norm & _alias_init_last,-7.420000000000002,-25.30000000000001,1.82,-0.22999999999999998,-2.5,-5.4,-1.94,0.0,0.0,0.0,0.0
2025,9,0.0,2025_09_JAX_LV,Jacksonville Jaguars,Travis Etienne Jr.,RB,,1.0,0.0,0.0,0.0,0.0,9.0,39.0,0.2,4.2,2.76,21.6,0.26,0.3727,55.0,36.08,16.5,202.4,60.3,2.2676549159767045,0.3205759421878342,0.9019952327447832,0.0,0.0,travis etienne jr.,travisetiennejr,tetienne,Jacksonville Jaguars,00-0036973,0.0,0.0,0.0,0.0,22.0,84.0,0.0,5.0,5.0,31.0,0.0,T.Etienne,JAX,team_norm & _alias_init_last,0.0,0.0,0.0,0.0,-13.0,-45.0,0.2,-0.7999999999999998,-2.24,-9.399999999999999,0.26
2025,9,0.0,2025_09_JAX_LV,Jacksonville Jaguars,Bhayshul Tuten,RB,00-0040719,1.0,0.0,0.0,0.0,0.0,5.0,16.7,0.08,2.61,1.76,11.9,0.16,0.2182,55.0,36.08,16.5,202.4,60.3,2.2676549159767045,0.3205759421878342,0.9019952327447832,1.0,1.0,bhayshul tuten,bhayshultuten,btuten,Jacksonville Jaguars,00-0040719,0.0,0.0,0.0,0.0,9.0,29.0,1.0,1.0,1.0,-3.0,0.0,B.Tuten,JAX,team_norm & _alias_init_last,0.0,0.0,0.0,0.0,-4.0,-12.3,-0.92,1.6099999999999999,0.76,14.9,0.16
2025,9,0.0,2025_09_JAX_LV,Jacksonville Jaguars,LeQuint Allen Jr.,RB,00-0040238,1.0,0.0,0.0,0.0,0.0,0.0,0.0,0.0,0.0,0.0,0.0,0.0,0.0,55.0,36.08,16.5,202.4,60.3,2.2676549159767045,0.3205759421878342,0.9019952327447832,1.0,1.0,lequint allen jr.,lequintallenjr,lallen,Jacksonville Jaguars,00-0040238,0.0,0.0,0.0,0.0,1.0,10.0,0.0,1.0,1.0,1.0,0.0,L.Allen,JAX,team_norm & _alias_init_last,0.0,0.0,0.0,0.0,-1.0,-10.0,0.0,-1.0,-1.0,-1.0,0.0
2025,9,0.0,2025_09_JAX_LV,Jacksonville Jaguars,Hunter Long,TE,00-0037004,1.0,0.0,0.0,0.0,0.0,0.0,0.0,0.0,6.08,3.5,33.1,0.36,0.3048,55.0,36.08,16.5,202.4,60.3,2.2676549159767045,0.3205759421878342,0.9019952327447832,1.0,1.0,hunter long,hunterlong,hlong,Jacksonville Jaguars,00-0037004,0.0,0.0,0.0,0.0,0.0,0.0,0.0,4.0,1.0,6.0,0.0,H.Long,JAX,team_norm & _alias_init_last,0.0,0.0,0.0,0.0,0.0,0.0,0.0,2.08,2.5,27.1,0.36
2025,9,0.0,2025_09_JAX_LV,Jacksonville Jaguars,Johnny Mundt,TE,00-0033246,1.0,0.0,0.0,0.0,0.0,0.0,0.0,0.0,3.14,1.92,13.6,0.18,0.1677,55.0,36.08,16.5,202.4,60.3,2.2676549159767045,0.3205759421878342,0.9019952327447832,1.0,1.0,johnny mundt,johnnymundt,jmundt,Jacksonville Jaguars,00-0033246,,,,,,,,,,,,,,,,,,,,,,,,,
2025,9,0.0,2025_09_JAX_LV,Jacksonville Jaguars,John Copenhaver,TE,00-0040327,1.0,0.0,0.0,0.0,0.0,0.0,0.0,0.0,0.0,0.0,0.0,0.0,0.0,55.0,36.08,16.5,202.4,60.3,2.2676549159767045,0.3205759421878342,0.9019952327447832,0.0,0.0,john copenhaver,johncopenhaver,jcopenhaver,Jacksonville Jaguars,00-0040327,,,,,,,,,,,,,,,,,,,,,,,,,
2025,9,0.0,2025_09_JAX_LV,Jacksonville Jaguars,Brian Thomas Jr.,WR,00-0039893,1.0,0.0,0.0,0.0,0.0,0.0,0.0,0.0,8.89,4.93,39.5,0.52,0.4041,55.0,36.08,16.5,202.4,60.3,2.2676549159767045,0.3205759421878342,0.9019952327447832,1.0,1.0,brian thomas jr.,brianthomasjr,bthomas,Jacksonville Jaguars,00-0039893,0.0,0.0,0.0,0.0,0.0,0.0,0.0,5.0,3.0,55.0,0.0,B.Thomas,JAX,team_norm & _alias_init_last,0.0,0.0,0.0,0.0,0.0,0.0,0.0,3.8900000000000006,1.9299999999999997,-15.5,0.52
2025,9,0.0,2025_09_JAX_LV,Jacksonville Jaguars,Jakobi Meyers,WR,00-0034960,1.0,0.0,0.0,0.0,0.0,0.0,0.0,0.0,6.69,4.28,28.3,0.4,0.3275,55.0,36.08,16.5,202.4,60.3,2.2676549159767045,0.3205759421878342,0.9019952327447832,0.0,0.0,jakobi meyers,jakobimeyers,jmeyers,Jacksonville Jaguars,00-0034960,0.0,0.0,0.0,0.0,0.0,0.0,0.0,6.0,4.0,23.0,0.0,J.Meyers,LV,_alias_init_last,0.0,0.0,0.0,0.0,0.0,0.0,0.0,0.6900000000000004,0.28000000000000025,5.300000000000001,0.4
2025,9,0.0,2025_09_JAX_LV,Jacksonville Jaguars,Parker Washington,WR,00-0038606,1.0,0.0,0.0,0.0,0.0,0.0,0.0,0.0,4.46,2.7,19.9,0.27,0.2394,55.0,36.08,16.5,202.4,60.3,2.2676549159767045,0.3205759421878342,0.9019952327447832,1.0,1.0,parker washington,parkerwashington,pwashington,Jacksonville Jaguars,,0.0,0.0,0.0,0.0,0.0,0.0,0.0,11.0,8.0,90.0,0.0,P.Washington,JAX,team_norm & _alias_init_last,0.0,0.0,0.0,0.0,0.0,0.0,0.0,-6.54,-5.3,-70.1,0.27
2025,9,0.0,2025_09_JAX_LV,Jacksonville Jaguars,Austin Trammell,WR,00-0036841,1.0,0.0,0.0,0.0,0.0,0.0,0.0,0.0,0.0,0.0,0.0,0.0,0.0,55.0,36.08,16.5,202.4,60.3,2.2676549159767045,0.3205759421878342,0.9019952327447832,1.0,1.0,austin trammell,austintrammell,atrammell,Jacksonville Jaguars,00-0036841,0.0,0.0,0.0,0.0,0.0,0.0,0.0,1.0,0.0,0.0,0.0,A.Trammell,JAX,team_norm & _alias_init_last,0.0,0.0,0.0,0.0,0.0,0.0,0.0,-1.0,0.0,0.0,0.0
2025,9,0.0,2025_09_JAX_LV,Jacksonville Jaguars,Cam Camper,WR,00-0040324,1.0,0.0,0.0,0.0,0.0,0.0,0.0,0.0,0.0,0.0,0.0,0.0,0.0,55.0,36.08,16.5,202.4,60.3,2.2676549159767045,0.3205759421878342,0.9019952327447832,0.0,0.0,cam camper,camcamper,ccamper,Jacksonville Jaguars,00-0040324,,,,,,,,,,,,,,,,,,,,,,,,,
2025,9,0.0,2025_09_JAX_LV,Jacksonville Jaguars,Dyami Brown,WR,00-0036626,1.0,0.0,0.0,0.0,0.0,0.0,0.0,0.0,0.0,0.0,0.0,0.0,0.0,55.0,36.08,16.5,202.4,60.3,2.2676549159767045,0.3205759421878342,0.9019952327447832,1.0,1.0,dyami brown,dyamibrown,dbrown,Jacksonville Jaguars,00-0036626,0.0,0.0,0.0,0.0,1.0,4.0,0.0,7.0,3.0,25.0,0.0,D.Brown,JAX,team_norm & _alias_init_last,0.0,0.0,0.0,0.0,-1.0,-4.0,0.0,-7.0,-3.0,-25.0,0.0
2025,9,0.0,2025_09_JAX_LV,Jacksonville Jaguars,Tim Jones,WR,00-0036497,1.0,0.0,0.0,0.0,0.0,0.0,0.0,0.0,0.0,0.0,0.0,0.0,0.0,55.0,36.08,16.5,202.4,60.3,2.2676549159767045,0.3205759421878342,0.9019952327447832,1.0,1.0,tim jones,timjones,tjones,Jacksonville Jaguars,00-0036497,0.0,0.0,0.0,0.0,0.0,0.0,0.0,1.0,1.0,15.0,0.0,T.Jones,JAX,team_norm & _alias_init_last,0.0,0.0,0.0,0.0,0.0,0.0,0.0,-1.0,-1.0,-15.0,0.0
2025,9,0.0,2025_09_JAX_LV,Las Vegas Raiders,Geno Smith,QB,00-0030565,1.0,32.78,192.7,1.65,0.72,3.33,9.3,0.11,0.0,0.0,0.0,0.0,0.1009,55.0,34.01,18.86,190.8,68.9,1.9371876096239184,0.5958642550284281,0.8502044594955889,1.0,1.0,geno smith,genosmith,gsmith,Las Vegas Raiders,,46.0,284.0,4.0,1.0,3.0,3.0,0.0,0.0,0.0,0.0,0.0,G.Smith,LV,team_norm & _alias_init_last,-13.219999999999999,-91.30000000000001,-2.35,-0.28,0.33000000000000007,6.300000000000001,0.11,0.0,0.0,0.0,0.0
2025,9,0.0,2025_09_JAX_LV,Las Vegas Raiders,Ashton Jeanty,RB,00-0040122,1.0,0.0,0.0,0.0,0.0,9.98,32.7,0.37,3.94,2.66,15.9,0.23,0.4491,55.0,34.01,18.86,190.8,68.9,1.9371876096239184,0.5958642550284281,0.8502044594955889,1.0,1.0,ashton jeanty,ashtonjeanty,ajeanty,Las Vegas Raiders,00-0040122,0.0,0.0,0.0,0.0,14.0,42.0,0.0,5.0,5.0,47.0,1.0,A.Jeanty,LV,team_norm & _alias_init_last,0.0,0.0,0.0,0.0,-4.02,-9.299999999999997,0.37,-1.06,-2.34,-31.1,-0.77
2025,9,0.0,2025_09_JAX_LV,Las Vegas Raiders,Raheem Mostert,RB,00-0031687,1.0,0.0,0.0,0.0,0.0,5.55,18.5,0.14,2.45,1.68,9.2,0.14,0.2446,55.0,34.01,18.86,190.8,68.9,1.9371876096239184,0.5958642550284281,0.8502044594955889,1.0,1.0,raheem mostert,raheemmostert,rmostert,Las Vegas Raiders,,0.0,0.0,0.0,0.0,0.0,0.0,0.0,1.0,1.0,14.0,0.0,R.Mostert,LV,team_norm & _alias_init_last,0.0,0.0,0.0,0.0,5.55,18.5,0.14,1.4500000000000002,0.6799999999999999,-4.800000000000001,0.14
2025,9,0.0,2025_09_JAX_LV,Las Vegas Raiders,Dylan Laube,RB,00-0039407,1.0,0.0,0.0,0.0,0.0,0.0,0.0,0.0,0.0,0.0,0.0,0.0,0.0,55.0,34.01,18.86,190.8,68.9,1.9371876096239184,0.5958642550284281,0.8502044594955889,1.0,1.0,dylan laube,dylanlaube,dlaube,Las Vegas Raiders,00-0039407,,,,,,,,,,,,,,,,,,,,,,,,,
2025,9,0.0,2025_09_JAX_LV,Las Vegas Raiders,Brock Bowers,TE,00-0039338,1.0,0.0,0.0,0.0,0.0,0.0,0.0,0.0,5.85,3.79,25.2,0.3,0.2625,55.0,34.01,18.86,190.8,68.9,1.9371876096239184,0.5958642550284281,0.8502044594955889,1.0,1.0,brock bowers,brockbowers,bbowers,Las Vegas Raiders,00-0039338,0.0,0.0,0.0,0.0,1.0,6.0,0.0,14.0,12.0,127.0,3.0,B.Bowers,LV,team_norm & _alias_init_last,0.0,0.0,0.0,0.0,-1.0,-6.0,0.0,-8.15,-8.21,-101.8,-2.7
2025,9,0.0,2025_09_JAX_LV,Las Vegas Raiders,Michael Mayer,TE,00-0039066,1.0,0.0,0.0,0.0,0.0,0.0,0.0,0.0,3.03,1.86,13.1,0.16,0.1488,55.0,34.01,18.86,190.8,68.9,1.9371876096239184,0.5958642550284281,0.8502044594955889,1.0,1.0,michael mayer,michaelmayer,mmayer,Las Vegas Raiders,00-0039066,0.0,0.0,0.0,0.0,0.0,0.0,0.0,7.0,3.0,26.0,0.0,M.Mayer,LV,team_norm & _alias_init_last,0.0,0.0,0.0,0.0,0.0,0.0,0.0,-3.97,-1.14,-12.9,0.16
2025,9,0.0,2025_09_JAX_LV,Las Vegas Raiders,Carter Runyon,TE,00-0040488,1.0,0.0,0.0,0.0,0.0,0.0,0.0,0.0,0.0,0.0,0.0,0.0,0.0,55.0,34.01,18.86,190.8,68.9,1.9371876096239184,0.5958642550284281,0.8502044594955889,1.0,1.0,carter runyon,carterrunyon,crunyon,Las Vegas Raiders,00-0040488,,,,,,,,,,,,,,,,,,,,,,,,,
2025,9,0.0,2025_09_JAX_LV,Las Vegas Raiders,Ian Thomas,TE,00-0034365,1.0,0.0,0.0,0.0,0.0,0.0,0.0,0.0,0.0,0.0,0.0,0.0,0.0,55.0,34.01,18.86,190.8,68.9,1.9371876096239184,0.5958642550284281,0.8502044594955889,1.0,1.0,ian thomas,ianthomas,ithomas,Las Vegas Raiders,00-0034365,0.0,0.0,0.0,0.0,0.0,0.0,0.0,1.0,1.0,9.0,0.0,I.Thomas,LV,team_norm & _alias_init_last,0.0,0.0,0.0,0.0,0.0,0.0,0.0,-1.0,-1.0,-9.0,0.0
2025,9,0.0,2025_09_JAX_LV,Las Vegas Raiders,Tre Tucker,WR,00-0038563,1.0,0.0,0.0,0.0,0.0,0.0,0.0,0.0,8.31,4.57,36.9,0.43,0.351,55.0,34.01,18.86,190.8,68.9,1.9371876096239184,0.5958642550284281,0.8502044594955889,1.0,1.0,tre tucker,tretucker,ttucker,Las Vegas Raiders,00-0038563,0.0,0.0,0.0,0.0,0.0,0.0,0.0,5.0,3.0,38.0,0.0,T.Tucker,LV,team_norm & _alias_init_last,0.0,0.0,0.0,0.0,0.0,0.0,0.0,3.3100000000000005,1.5700000000000003,-1.1000000000000014,0.43
2025,9,0.0,2025_09_JAX_LV,Las Vegas Raiders,Tyler Lockett,WR,00-0032211,1.0,0.0,0.0,0.0,0.0,0.0,0.0,0.0,6.26,3.73,25.5,0.33,0.2808,55.0,34.01,18.86,190.8,68.9,1.9371876096239184,0.5958642550284281,0.8502044594955889,1.0,1.0,tyler lockett,tylerlockett,tlockett,Las Vegas Raiders,00-0032211,0.0,0.0,0.0,0.0,0.0,0.0,0.0,2.0,0.0,0.0,0.0,T.Lockett,LV,team_norm & _alias_init_last,0.0,0.0,0.0,0.0,0.0,0.0,0.0,4.26,3.73,25.5,0.33
2025,9,0.0,2025_09_JAX_LV,Las Vegas Raiders,Jack Bech,WR,00-0040729,1.0,0.0,0.0,0.0,0.0,0.0,0.0,0.0,4.17,2.71,24.2,0.23,0.2063,55.0,34.01,18.86,190.8,68.9,1.9371876096239184,0.5958642550284281,0.8502044594955889,1.0,1.0,jack bech,jackbech,jbech,Las Vegas Raiders,00-0040729,,,,,,,,,,,,,,,,,,,,,,,,,
2025,9,0.0,2025_09_JAX_LV,Las Vegas Raiders,Alex Bachman,WR,00-0035602,1.0,0.0,0.0,0.0,0.0,0.0,0.0,0.0,0.0,0.0,0.0,0.0,0.0,55.0,34.01,18.86,190.8,68.9,1.9371876096239184,0.5958642550284281,0.8502044594955889,1.0,1.0,alex bachman,alexbachman,abachman,Las Vegas Raiders,00-0035602,,,,,,,,,,,,,,,,,,,,,,,,,
2025,9,0.0,2025_09_JAX_LV,Las Vegas Raiders,Amari Cooper,WR,00-0031544,1.0,0.0,0.0,0.0,0.0,0.0,0.0,0.0,0.0,0.0,0.0,0.0,0.0,55.0,34.01,18.86,190.8,68.9,1.9371876096239184,0.5958642550284281,0.8502044594955889,1.0,1.0,amari cooper,amaricooper,acooper,Las Vegas Raiders,00-0031544,,,,,,,,,,,,,,,,,,,,,,,,,
2025,9,0.0,2025_09_JAX_LV,Las Vegas Raiders,Brenden Rice,WR,00-0039415,1.0,0.0,0.0,0.0,0.0,0.0,0.0,0.0,0.0,0.0,0.0,0.0,0.0,55.0,34.01,18.86,190.8,68.9,1.9371876096239184,0.5958642550284281,0.8502044594955889,0.0,0.0,brenden rice,brendenrice,brice,Las Vegas Raiders,00-0039415,,,,,,,,,,,,,,,,,,,,,,,,,
2025,9,0.0,2025_09_KC_BUF,Buffalo Bills,Josh Allen,QB,00-0034857,1.0,29.56,213.2,1.78,0.65,12.06,42.1,0.45,0.0,0.0,0.0,0.0,0.3609,72.0,30.39,39.6,230.6,195.8,1.9777572951155529,1.3484337478422914,0.759675320754717,1.0,1.0,josh allen,joshallen,jallen,Buffalo Bills,00-0034857,31.0,273.0,1.0,0.0,4.0,14.0,2.0,0.0,0.0,0.0,0.0,J.Allen,BUF,team_norm & _alias_init_last,-1.4400000000000013,-59.80000000000001,0.78,0.65,8.06,28.1,-1.55,0.0,0.0,0.0,0.0
2025,9,0.0,2025_09_KC_BUF,Buffalo Bills,James Cook III,RB,,1.0,0.0,0.0,0.0,0.0,17.71,99.6,0.74,3.63,2.41,27.8,0.24,0.6216,72.0,30.39,39.6,230.6,195.8,1.9777572951155529,1.3484337478422914,0.759675320754717,0.0,0.0,james cook iii,jamescookiii,jcook,Buffalo Bills,00-0037248,0.0,0.0,0.0,0.0,28.0,114.0,0.0,1.0,1.0,11.0,0.0,J.Cook,BUF,team_norm & _alias_init_last,0.0,0.0,0.0,0.0,-10.29,-14.400000000000006,0.74,2.63,1.4100000000000001,16.8,0.24
2025,9,0.0,2025_09_KC_BUF,Buffalo Bills,Ty Johnson,RB,00-0035537,1.0,0.0,0.0,0.0,0.0,9.84,46.5,0.27,2.26,1.34,13.2,0.14,0.3399,72.0,30.39,39.6,230.6,195.8,1.9777572951155529,1.3484337478422914,0.759675320754717,1.0,1.0,ty johnson,tyjohnson,tjohnson,Buffalo Bills,00-0034376,0.0,0.0,0.0,0.0,2.0,8.0,1.0,2.0,2.0,12.0,0.0,Ty.Johnson,BUF,team_norm & _name_norm_loose,0.0,0.0,0.0,0.0,7.84,38.5,-0.73,0.2599999999999998,-0.6599999999999999,1.1999999999999993,0.14
2025,9,0.0,2025_09_KC_BUF,Buffalo Bills,Ray Davis,RB,00-0039875,1.0,0.0,0.0,0.0,0.0,0.0,0.0,0.0,0.0,0.0,0.0,0.0,0.0,72.0,30.39,39.6,230.6,195.8,1.9777572951155529,1.3484337478422914,0.759675320754717,1.0,1.0,ray davis,raydavis,rdavis,Buffalo Bills,00-0039875,,,,,,,,,,,,,,,,,,,,,,,,,
2025,9,0.0,2025_09_KC_BUF,Buffalo Bills,Dalton Kincaid,TE,00-0038933,1.0,0.0,0.0,0.0,0.0,0.0,0.0,0.0,5.06,3.13,27.6,0.3,0.256,72.0,30.39,39.6,230.6,195.8,1.9777572951155529,1.3484337478422914,0.759675320754717,1.0,1.0,dalton kincaid,daltonkincaid,dkincaid,Buffalo Bills,00-0038933,0.0,0.0,0.0,0.0,0.0,0.0,0.0,6.0,6.0,101.0,1.0,D.Kincaid,BUF,team_norm & _alias_init_last,0.0,0.0,0.0,0.0,0.0,0.0,0.0,-0.9400000000000004,-2.87,-73.4,-0.7
2025,9,0.0,2025_09_KC_BUF,Buffalo Bills,Dawson Knox,TE,00-0035689,1.0,0.0,0.0,0.0,0.0,0.0,0.0,0.0,2.62,1.61,14.0,0.17,0.1536,72.0,30.39,39.6,230.6,195.8,1.9777572951155529,1.3484337478422914,0.759675320754717,1.0,1.0,dawson knox,dawsonknox,dknox,Buffalo Bills,00-0035689,0.0,0.0,0.0,0.0,0.0,0.0,0.0,1.0,1.0,30.0,0.0,D.Knox,BUF,team_norm & _alias_init_last,0.0,0.0,0.0,0.0,0.0,0.0,0.0,1.62,0.6100000000000001,-16.0,0.17
2025,9,0.0,2025_09_KC_BUF,Buffalo Bills,Jackson Hawes,TE,00-0040194,1.0,0.0,0.0,0.0,0.0,0.0,0.0,0.0,0.0,0.0,0.0,0.0,0.0,72.0,30.39,39.6,230.6,195.8,1.9777572951155529,1.3484337478422914,0.759675320754717,1.0,1.0,jackson hawes,jacksonhawes,jhawes,Buffalo Bills,00-0040194,0.0,0.0,0.0,0.0,0.0,0.0,0.0,2.0,1.0,18.0,0.0,J.Hawes,BUF,team_norm & _alias_init_last,0.0,0.0,0.0,0.0,0.0,0.0,0.0,-2.0,-1.0,-18.0,0.0
2025,9,0.0,2025_09_KC_BUF,Buffalo Bills,Keon Coleman,WR,00-0039901,1.0,0.0,0.0,0.0,0.0,0.0,0.0,0.0,7.4,3.6,45.3,0.48,0.3816,72.0,30.39,39.6,230.6,195.8,1.9777572951155529,1.3484337478422914,0.759675320754717,1.0,1.0,keon coleman,keoncoleman,kcoleman,Buffalo Bills,00-0039901,0.0,0.0,0.0,0.0,0.0,0.0,0.0,3.0,2.0,17.0,0.0,K.Coleman,BUF,team_norm & _alias_init_last,0.0,0.0,0.0,0.0,0.0,0.0,0.0,4.4,1.6,28.299999999999997,0.48
2025,9,0.0,2025_09_KC_BUF,Buffalo Bills,Khalil Shakir,WR,00-0037261,1.0,0.0,0.0,0.0,0.0,0.0,0.0,0.0,5.57,3.97,30.3,0.34,0.2868,72.0,30.39,39.6,230.6,195.8,1.9777572951155529,1.3484337478422914,0.759675320754717,1.0,1.0,khalil shakir,khalilshakir,kshakir,Buffalo Bills,00-0037261,0.0,0.0,0.0,0.0,0.0,0.0,0.0,8.0,7.0,43.0,0.0,K.Shakir,BUF,team_norm & _alias_init_last,0.0,0.0,0.0,0.0,0.0,0.0,0.0,-2.4299999999999997,-3.03,-12.7,0.34
2025,9,0.0,2025_09_KC_BUF,Buffalo Bills,Joshua Palmer,WR,,1.0,0.0,0.0,0.0,0.0,0.0,0.0,0.0,3.71,2.32,38.3,0.24,0.2148,72.0,30.39,39.6,230.6,195.8,1.9777572951155529,1.3484337478422914,0.759675320754717,0.0,0.0,joshua palmer,joshuapalmer,jpalmer,Buffalo Bills,00-0036988,,,,,,,,,,,,,,,,,,,,,,,,,
2025,9,0.0,2025_09_KC_BUF,Buffalo Bills,Brandin Cooks,WR,00-0031236,1.0,0.0,0.0,0.0,0.0,0.0,0.0,0.0,0.0,0.0,0.0,0.0,0.0,72.0,30.39,39.6,230.6,195.8,1.9777572951155529,1.3484337478422914,0.759675320754717,0.0,0.0,brandin cooks,brandincooks,bcooks,Buffalo Bills,00-0031236,0.0,0.0,0.0,0.0,0.0,0.0,0.0,3.0,2.0,16.0,0.0,B.Cooks,NO,_alias_init_last,0.0,0.0,0.0,0.0,0.0,0.0,0.0,-3.0,-2.0,-16.0,0.0
2025,9,0.0,2025_09_KC_BUF,Buffalo Bills,Curtis Samuel,WR,00-0033282,1.0,0.0,0.0,0.0,0.0,0.0,0.0,0.0,0.0,0.0,0.0,0.0,0.0,72.0,30.39,39.6,230.6,195.8,1.9777572951155529,1.3484337478422914,0.759675320754717,1.0,1.0,curtis samuel,curtissamuel,csamuel,Buffalo Bills,00-0033282,0.0,0.0,0.0,0.0,0.0,0.0,0.0,1.0,1.0,6.0,0.0,C.Samuel,BUF,team_norm & _alias_init_last,0.0,0.0,0.0,0.0,0.0,0.0,0.0,-1.0,-1.0,-6.0,0.0
2025,9,0.0,2025_09_KC_BUF,Buffalo Bills,David White,WR,00-0039562,1.0,0.0,0.0,0.0,0.0,0.0,0.0,0.0,0.0,0.0,0.0,0.0,0.0,72.0,30.39,39.6,230.6,195.8,1.9777572951155529,1.3484337478422914,0.759675320754717,1.0,1.0,david white,davidwhite,dwhite,Buffalo Bills,00-0039562,,,,,,,,,,,,,,,,,,,,,,,,,
2025,9,0.0,2025_09_KC_BUF,Buffalo Bills,Tyrell Shavers,WR,00-0038679,1.0,0.0,0.0,0.0,0.0,0.0,0.0,0.0,0.0,0.0,0.0,0.0,0.0,72.0,30.39,39.6,230.6,195.8,1.9777572951155529,1.3484337478422914,0.759675320754717,1.0,1.0,tyrell shavers,tyrellshavers,tshavers,Buffalo Bills,00-0038679,0.0,0.0,0.0,0.0,0.0,0.0,0.0,1.0,1.0,7.0,0.0,T.Shavers,BUF,team_norm & _alias_init_last,0.0,0.0,0.0,0.0,0.0,0.0,0.0,-1.0,-1.0,-7.0,0.0
2025,9,0.0,2025_09_KC_BUF,Kansas City Chiefs,Patrick Mahomes,QB,00-0033873,1.0,38.0,267.6,1.86,0.88,5.49,21.5,0.15,0.0,0.0,0.0,0.0,0.1363,72.0,41.47,27.53,314.7,136.1,2.0637038513871477,0.720988639030506,1.0366863319293929,1.0,1.0,patrick mahomes,patrickmahomes,pmahomes,Kansas City Chiefs,00-0033873,40.0,250.0,0.0,1.0,0.0,0.0,0.0,0.0,0.0,0.0,0.0,P.Mahomes,KC,team_norm & _alias_init_last,-2.0,17.600000000000023,1.86,-0.12,5.49,21.5,0.15,0.0,0.0,0.0,0.0
2025,9,0.0,2025_09_KC_BUF,Kansas City Chiefs,Kareem Hunt,RB,00-0033923,1.0,0.0,0.0,0.0,0.0,14.17,61.8,0.47,4.88,3.18,23.7,0.26,0.5192,72.0,41.47,27.53,314.7,136.1,2.0637038513871477,0.720988639030506,1.0366863319293929,1.0,1.0,kareem hunt,kareemhunt,khunt,Kansas City Chiefs,00-0033923,0.0,0.0,0.0,0.0,12.0,49.0,1.0,2.0,1.0,6.0,0.0,K.Hunt,KC,team_norm & _alias_init_last,0.0,0.0,0.0,0.0,2.17,12.799999999999997,-0.53,2.88,2.18,17.7,0.26
2025,9,0.0,2025_09_KC_BUF,Kansas City Chiefs,Brashard Smith,RB,00-0040078,1.0,0.0,0.0,0.0,0.0,7.87,37.6,0.16,3.04,2.12,17.2,0.16,0.2738,72.0,41.47,27.53,314.7,136.1,2.0637038513871477,0.720988639030506,1.0366863319293929,1.0,1.0,brashard smith,brashardsmith,bsmith,Kansas City Chiefs,00-0040078,0.0,0.0,0.0,0.0,3.0,7.0,0.0,1.0,0.0,0.0,0.0,B.Smith,KC,team_norm & _alias_init_last,0.0,0.0,0.0,0.0,4.87,30.6,0.16,2.04,2.12,17.2,0.16
2025,9,0.0,2025_09_KC_BUF,Kansas City Chiefs,Clyde Edwards-Helaire,RB,00-0036360,1.0,0.0,0.0,0.0,0.0,0.0,0.0,0.0,0.0,0.0,0.0,0.0,0.0,72.0,41.47,27.53,314.7,136.1,2.0637038513871477,0.720988639030506,1.0366863319293929,1.0,1.0,clyde edwards-helaire,clydeedwardshelaire,cedwardshelaire,Kansas City Chiefs,00-0036360,0.0,0.0,0.0,0.0,2.0,5.0,0.0,0.0,0.0,0.0,0.0,C.Edwards-Helaire,KC,team_norm & _alias_init_last,0.0,0.0,0.0,0.0,-2.0,-5.0,0.0,0.0,0.0,0.0,0.0
2025,9,0.0,2025_09_KC_BUF,Kansas City Chiefs,Travis Kelce,TE,00-0030506,1.0,0.0,0.0,0.0,0.0,0.0,0.0,0.0,6.84,4.29,33.1,0.32,0.2724,72.0,41.47,27.53,314.7,136.1,2.0637038513871477,0.720988639030506,1.0366863319293929,1.0,1.0,travis kelce,traviskelce,tkelce,Kansas City Chiefs,00-0030506,0.0,0.0,0.0,0.0,0.0,0.0,0.0,6.0,4.0,66.0,0.0,T.Kelce,KC,team_norm & _alias_init_last,0.0,0.0,0.0,0.0,0.0,0.0,0.0,0.8399999999999999,0.29000000000000004,-32.9,0.32
2025,9,0.0,2025_09_KC_BUF,Kansas City Chiefs,Noah Gray,TE,00-0036637,1.0,0.0,0.0,0.0,0.0,0.0,0.0,0.0,3.54,2.18,17.7,0.16,0.1465,72.0,41.47,27.53,314.7,136.1,2.0637038513871477,0.720988639030506,1.0366863319293929,1.0,1.0,noah gray,noahgray,ngray,Kansas City Chiefs,00-0036637,0.0,0.0,0.0,0.0,0.0,0.0,0.0,1.0,0.0,0.0,0.0,N.Gray,KC,team_norm & _alias_init_last,0.0,0.0,0.0,0.0,0.0,0.0,0.0,2.54,2.18,17.7,0.16
2025,9,0.0,2025_09_KC_BUF,Kansas City Chiefs,Geor'Quarius Spivey,TE,00-0039941,1.0,0.0,0.0,0.0,0.0,0.0,0.0,0.0,0.0,0.0,0.0,0.0,0.0,72.0,41.47,27.53,314.7,136.1,2.0637038513871477,0.720988639030506,1.0366863319293929,0.0,0.0,geor'quarius spivey,georquariusspivey,gspivey,Kansas City Chiefs,00-0039941,,,,,,,,,,,,,,,,,,,,,,,,,
2025,9,0.0,2025_09_KC_BUF,Kansas City Chiefs,Jared Wiley,TE,00-0039824,1.0,0.0,0.0,0.0,0.0,0.0,0.0,0.0,0.0,0.0,0.0,0.0,0.0,72.0,41.47,27.53,314.7,136.1,2.0637038513871477,0.720988639030506,1.0366863319293929,0.0,0.0,jared wiley,jaredwiley,jwiley,Kansas City Chiefs,00-0039824,,,,,,,,,,,,,,,,,,,,,,,,,
2025,9,0.0,2025_09_KC_BUF,Kansas City Chiefs,Robert Tonyan,TE,00-0033757,1.0,0.0,0.0,0.0,0.0,0.0,0.0,0.0,0.0,0.0,0.0,0.0,0.0,72.0,41.47,27.53,314.7,136.1,2.0637038513871477,0.720988639030506,1.0366863319293929,1.0,1.0,robert tonyan,roberttonyan,rtonyan,Kansas City Chiefs,00-0033757,,,,,,,,,,,,,,,,,,,,,,,,,
2025,9,0.0,2025_09_KC_BUF,Kansas City Chiefs,Rashee Rice,WR,00-0039067,1.0,0.0,0.0,0.0,0.0,0.0,0.0,0.0,10.27,7.35,65.4,0.51,0.3997,72.0,41.47,27.53,314.7,136.1,2.0637038513871477,0.720988639030506,1.0366863319293929,1.0,1.0,rashee rice,rasheerice,rrice,Kansas City Chiefs,00-0039067,0.0,0.0,0.0,0.0,2.0,6.0,1.0,7.0,4.0,80.0,0.0,R.Rice,KC,team_norm & _alias_init_last,0.0,0.0,0.0,0.0,-2.0,-6.0,-1.0,3.2699999999999996,3.3499999999999996,-14.599999999999994,0.51
2025,9,0.0,2025_09_KC_BUF,Kansas City Chiefs,Xavier Worthy,WR,00-0039894,1.0,0.0,0.0,0.0,0.0,0.0,0.0,0.0,7.74,4.69,49.1,0.37,0.3115,72.0,41.47,27.53,314.7,136.1,2.0637038513871477,0.720988639030506,1.0366863319293929,1.0,1.0,xavier worthy,xavierworthy,xworthy,Kansas City Chiefs,00-0039894,0.0,0.0,0.0,0.0,1.0,7.0,0.0,7.0,3.0,23.0,0.0,X.Worthy,KC,team_norm & _alias_init_last,0.0,0.0,0.0,0.0,-1.0,-7.0,0.0,0.7400000000000002,1.6900000000000004,26.1,0.37
2025,9,0.0,2025_09_KC_BUF,Kansas City Chiefs,Marquise Brown,WR,00-0035662,1.0,0.0,0.0,0.0,0.0,0.0,0.0,0.0,5.16,2.73,28.7,0.24,0.2126,72.0,41.47,27.53,314.7,136.1,2.0637038513871477,0.720988639030506,1.0366863319293929,1.0,1.0,marquise brown,marquisebrown,mbrown,Kansas City Chiefs,00-0035662,0.0,0.0,0.0,0.0,0.0,0.0,0.0,4.0,2.0,73.0,0.0,M.Brown,KC,team_norm & _alias_init_last,0.0,0.0,0.0,0.0,0.0,0.0,0.0,1.1600000000000001,0.73,-44.3,0.24
2025,9,0.0,2025_09_KC_BUF,Kansas City Chiefs,Elijhah Badger,WR,00-0040080,1.0,0.0,0.0,0.0,0.0,0.0,0.0,0.0,0.0,0.0,0.0,0.0,0.0,72.0,41.47,27.53,314.7,136.1,2.0637038513871477,0.720988639030506,1.0366863319293929,0.0,0.0,elijhah badger,elijhahbadger,ebadger,Kansas City Chiefs,00-0040080,,,,,,,,,,,,,,,,,,,,,,,,,
2025,9,0.0,2025_09_KC_BUF,Kansas City Chiefs,Jalen Royals,WR,00-0040646,1.0,0.0,0.0,0.0,0.0,0.0,0.0,0.0,0.0,0.0,0.0,0.0,0.0,72.0,41.47,27.53,314.7,136.1,2.0637038513871477,0.720988639030506,1.0366863319293929,0.0,0.0,jalen royals,jalenroyals,jroyals,Kansas City Chiefs,00-0040646,,,,,,,,,,,,,,,,,,,,,,,,,
2025,9,0.0,2025_09_KC_BUF,Kansas City Chiefs,JuJu Smith-Schuster,WR,00-0033857,1.0,0.0,0.0,0.0,0.0,0.0,0.0,0.0,0.0,0.0,0.0,0.0,0.0,72.0,41.47,27.53,314.7,136.1,2.0637038513871477,0.720988639030506,1.0366863319293929,1.0,1.0,juju smith-schuster,jujusmithschuster,jsmithschuster,Kansas City Chiefs,00-0033857,0.0,0.0,0.0,0.0,0.0,0.0,0.0,1.0,1.0,2.0,0.0,J.Smith-Schuster,KC,team_norm & _alias_init_last,0.0,0.0,0.0,0.0,0.0,0.0,0.0,-1.0,-1.0,-2.0,0.0
2025,9,0.0,2025_09_KC_BUF,Kansas City Chiefs,Nikko Remigio,WR,00-0038519,1.0,0.0,0.0,0.0,0.0,0.0,0.0,0.0,0.0,0.0,0.0,0.0,0.0,72.0,41.47,27.53,314.7,136.1,2.0637038513871477,0.720988639030506,1.0366863319293929,1.0,1.0,nikko remigio,nikkoremigio,nremigio,Kansas City Chiefs,00-0038519,,,,,,,,,,,,,,,,,,,,,,,,,
2025,9,0.0,2025_09_KC_BUF,Kansas City Chiefs,Tyquan Thornton,WR,00-0038104,1.0,0.0,0.0,0.0,0.0,0.0,0.0,0.0,0.0,0.0,0.0,0.0,0.0,72.0,41.47,27.53,314.7,136.1,2.0637038513871477,0.720988639030506,1.0366863319293929,1.0,1.0,tyquan thornton,tyquanthornton,tthornton,Kansas City Chiefs,00-0038104,0.0,0.0,0.0,0.0,0.0,0.0,0.0,1.0,0.0,0.0,0.0,T.Thornton,KC,team_norm & _alias_init_last,0.0,0.0,0.0,0.0,0.0,0.0,0.0,-1.0,0.0,0.0,0.0
2025,9,0.0,2025_09_LAC_TEN,Los Angeles Chargers,Justin Herbert,QB,00-0036355,1.0,31.42,183.9,1.34,0.7,8.07,22.0,0.17,0.0,0.0,0.0,0.0,0.1581,72.0,32.78,37.0,183.9,135.2,1.3829544135925151,0.7613858577843331,0.8194424036281179,1.0,1.0,justin herbert,justinherbert,jherbert,Los Angeles Chargers,00-0036355,39.0,250.0,2.0,1.0,4.0,11.0,0.0,0.0,0.0,0.0,0.0,J.Herbert,LAC,team_norm & _alias_init_last,-7.579999999999998,-66.1,-0.6599999999999999,-0.30000000000000004,4.07,11.0,0.17,0.0,0.0,0.0,0.0
2025,9,0.0,2025_09_LAC_TEN,Los Angeles Chargers,Kimani Vidal,RB,00-0039391,1.0,0.0,0.0,0.0,0.0,18.6,63.4,0.46,3.83,2.48,16.6,0.16,0.4635,72.0,32.78,37.0,183.9,135.2,1.3829544135925151,0.7613858577843331,0.8194424036281179,1.0,1.0,kimani vidal,kimanividal,kvidal,Los Angeles Chargers,00-0039391,0.0,0.0,0.0,0.0,12.0,30.0,0.0,1.0,0.0,0.0,0.0,K.Vidal,LAC,team_norm & _alias_init_last,0.0,0.0,0.0,0.0,6.600000000000001,33.4,0.46,2.83,2.48,16.6,0.16
2025,9,0.0,2025_09_LAC_TEN,Los Angeles Chargers,Amar Johnson,RB,00-0040039,1.0,0.0,0.0,0.0,0.0,0.0,0.0,0.0,0.0,0.0,0.0,0.0,0.0,72.0,32.78,37.0,183.9,135.2,1.3829544135925151,0.7613858577843331,0.8194424036281179,1.0,1.0,amar johnson,amarjohnson,ajohnson,Los Angeles Chargers,00-0040039,,,,,,,,,,,,,,,,,,,,,,,,,
2025,9,0.0,2025_09_LAC_TEN,Los Angeles Chargers,Jaret Patterson,RB,00-0036755,1.0,0.0,0.0,0.0,0.0,0.0,0.0,0.0,0.0,0.0,0.0,0.0,0.0,72.0,32.78,37.0,183.9,135.2,1.3829544135925151,0.7613858577843331,0.8194424036281179,1.0,1.0,jaret patterson,jaretpatterson,jpatterson,Los Angeles Chargers,00-0036755,0.0,0.0,0.0,0.0,9.0,44.0,0.0,0.0,0.0,0.0,0.0,J.Patterson,LAC,team_norm & _alias_init_last,0.0,0.0,0.0,0.0,-9.0,-44.0,0.0,0.0,0.0,0.0,0.0
2025,9,0.0,2025_09_LAC_TEN,Los Angeles Chargers,Oronde Gadsden II,TE,00-0040189,1.0,0.0,0.0,0.0,0.0,0.0,0.0,0.0,5.71,3.55,25.9,0.23,0.2078,72.0,32.78,37.0,183.9,135.2,1.3829544135925151,0.7613858577843331,0.8194424036281179,1.0,1.0,oronde gadsden ii,orondegadsdenii,ogadsden,Los Angeles Chargers,00-0040189,0.0,0.0,0.0,0.0,0.0,0.0,0.0,5.0,5.0,68.0,0.0,O.Gadsden,LAC,team_norm & _alias_init_last,0.0,0.0,0.0,0.0,0.0,0.0,0.0,0.71,-1.4500000000000002,-42.1,0.23
2025,9,0.0,2025_09_LAC_TEN,Los Angeles Chargers,Tucker Fisk,TE,00-0037654,1.0,0.0,0.0,0.0,0.0,0.0,0.0,0.0,2.95,1.99,16.0,0.12,0.1134,72.0,32.78,37.0,183.9,135.2,1.3829544135925151,0.7613858577843331,0.8194424036281179,1.0,1.0,tucker fisk,tuckerfisk,tfisk,Los Angeles Chargers,00-0037654,0.0,0.0,0.0,0.0,0.0,0.0,0.0,1.0,1.0,12.0,0.0,T.Fisk,LAC,team_norm & _alias_init_last,0.0,0.0,0.0,0.0,0.0,0.0,0.0,1.9500000000000002,0.99,4.0,0.12
2025,9,0.0,2025_09_LAC_TEN,Los Angeles Chargers,Stevo Klotz,TE,00-0040469,1.0,0.0,0.0,0.0,0.0,0.0,0.0,0.0,0.0,0.0,0.0,0.0,0.0,72.0,32.78,37.0,183.9,135.2,1.3829544135925151,0.7613858577843331,0.8194424036281179,0.0,0.0,stevo klotz,stevoklotz,sklotz,Los Angeles Chargers,00-0040469,,,,,,,,,,,,,,,,,,,,,,,,,
2025,9,0.0,2025_09_LAC_TEN,Los Angeles Chargers,Tanner McLachlan,TE,00-0039399,1.0,0.0,0.0,0.0,0.0,0.0,0.0,0.0,0.0,0.0,0.0,0.0,0.0,72.0,32.78,37.0,183.9,135.2,1.3829544135925151,0.7613858577843331,0.8194424036281179,0.0,0.0,tanner mclachlan,tannermclachlan,tmclachlan,Los Angeles Chargers,00-0039399,,,,,,,,,,,,,,,,,,,,,,,,,
2025,9,0.0,2025_09_LAC_TEN,Los Angeles Chargers,Tyler Conklin,TE,00-0034270,1.0,0.0,0.0,0.0,0.0,0.0,0.0,0.0,0.0,0.0,0.0,0.0,0.0,72.0,32.78,37.0,183.9,135.2,1.3829544135925151,0.7613858577843331,0.8194424036281179,1.0,1.0,tyler conklin,tylerconklin,tconklin,Los Angeles Chargers,00-0034270,,,,,,,,,,,,,,,,,,,,,,,,,
2025,9,0.0,2025_09_LAC_TEN,Los Angeles Chargers,Ladd McConkey,WR,00-0039915,1.0,0.0,0.0,0.0,0.0,0.0,0.0,0.0,7.94,5.13,38.4,0.31,0.2653,72.0,32.78,37.0,183.9,135.2,1.3829544135925151,0.7613858577843331,0.8194424036281179,1.0,1.0,ladd mcconkey,laddmcconkey,lmcconkey,Los Angeles Chargers,,0.0,0.0,0.0,0.0,0.0,0.0,0.0,7.0,4.0,56.0,0.0,L.McConkey,LAC,team_norm & _alias_init_last,0.0,0.0,0.0,0.0,0.0,0.0,0.0,0.9400000000000004,1.13,-17.6,0.31
2025,9,0.0,2025_09_LAC_TEN,Los Angeles Chargers,Keenan Allen,WR,00-0030279,1.0,0.0,0.0,0.0,0.0,0.0,0.0,0.0,5.98,3.79,26.4,0.24,0.2126,72.0,32.78,37.0,183.9,135.2,1.3829544135925151,0.7613858577843331,0.8194424036281179,1.0,1.0,keenan allen,keenanallen,kallen,Los Angeles Chargers,00-0030279,0.0,0.0,0.0,0.0,0.0,0.0,0.0,5.0,2.0,41.0,0.0,K.Allen,LAC,team_norm & _alias_init_last,0.0,0.0,0.0,0.0,0.0,0.0,0.0,0.9800000000000004,1.79,-14.600000000000001,0.24
2025,9,0.0,2025_09_LAC_TEN,Los Angeles Chargers,Quentin Johnston,WR,00-0038544,1.0,0.0,0.0,0.0,0.0,0.0,0.0,0.0,3.99,2.14,17.0,0.16,0.1472,72.0,32.78,37.0,183.9,135.2,1.3829544135925151,0.7613858577843331,0.8194424036281179,1.0,1.0,quentin johnston,quentinjohnston,qjohnston,Los Angeles Chargers,00-0038544,0.0,0.0,0.0,0.0,0.0,0.0,0.0,5.0,4.0,53.0,1.0,Q.Johnston,LAC,team_norm & _alias_init_last,0.0,0.0,0.0,0.0,0.0,0.0,0.0,-1.0099999999999998,-1.8599999999999999,-36.0,-0.84
2025,9,0.0,2025_09_LAC_TEN,Los Angeles Chargers,Derius Davis,WR,00-0038573,1.0,0.0,0.0,0.0,0.0,0.0,0.0,0.0,0.0,0.0,0.0,0.0,0.0,72.0,32.78,37.0,183.9,135.2,1.3829544135925151,0.7613858577843331,0.8194424036281179,1.0,1.0,derius davis,deriusdavis,ddavis,Los Angeles Chargers,00-0038573,,,,,,,,,,,,,,,,,,,,,,,,,
2025,9,0.0,2025_09_LAC_TEN,Los Angeles Chargers,KeAndre Lambert-Smith,WR,00-0040184,1.0,0.0,0.0,0.0,0.0,0.0,0.0,0.0,0.0,0.0,0.0,0.0,0.0,72.0,32.78,37.0,183.9,135.2,1.3829544135925151,0.7613858577843331,0.8194424036281179,1.0,1.0,keandre lambert-smith,keandrelambertsmith,klambertsmith,Los Angeles Chargers,00-0040184,0.0,0.0,0.0,0.0,0.0,0.0,0.0,1.0,0.0,0.0,0.0,K.Lambert-Smith,LAC,team_norm & _alias_init_last,0.0,0.0,0.0,0.0,0.0,0.0,0.0,-1.0,0.0,0.0,0.0
2025,9,0.0,2025_09_LAC_TEN,Los Angeles Chargers,Tre Harris,WR,00-0040727,1.0,0.0,0.0,0.0,0.0,0.0,0.0,0.0,0.0,0.0,0.0,0.0,0.0,72.0,32.78,37.0,183.9,135.2,1.3829544135925151,0.7613858577843331,0.8194424036281179,1.0,1.0,tre harris,treharris,tharris,Los Angeles Chargers,,0.0,0.0,0.0,0.0,0.0,0.0,0.0,2.0,2.0,18.0,0.0,T.Harris,LAC,team_norm & _alias_init_last,0.0,0.0,0.0,0.0,0.0,0.0,0.0,-2.0,-2.0,-18.0,0.0
2025,9,0.0,2025_09_LAC_TEN,Tennessee Titans,Cam Ward,QB,00-0040676,1.0,40.96,301.7,2.02,0.92,0.96,4.0,0.02,0.0,0.0,0.0,0.0,0.0225,72.0,43.52,24.69,330.3,122.1,2.066771395569318,0.5914843074023128,1.0878994418091563,1.0,1.0,cam ward,camward,cward,Tennessee Titans,00-0040676,27.0,145.0,0.0,0.0,1.0,0.0,0.0,0.0,0.0,0.0,0.0,C.Ward,TEN,team_norm & _alias_init_last,13.96,156.7,2.02,0.92,-0.040000000000000036,4.0,0.02,0.0,0.0,0.0,0.0
2025,9,0.0,2025_09_LAC_TEN,Tennessee Titans,Tony Pollard,RB,00-0035261,1.0,0.0,0.0,0.0,0.0,15.25,68.1,0.43,4.99,3.27,23.9,0.24,0.4873,72.0,43.52,24.69,330.3,122.1,2.066771395569318,0.5914843074023128,1.0878994418091563,1.0,1.0,tony pollard,tonypollard,tpollard,Tennessee Titans,00-0035261,0.0,0.0,0.0,0.0,12.0,56.0,0.0,3.0,1.0,12.0,0.0,T.Pollard,TEN,team_norm & _alias_init_last,0.0,0.0,0.0,0.0,3.25,12.099999999999994,0.43,1.9900000000000002,2.27,11.899999999999999,0.24
2025,9,0.0,2025_09_LAC_TEN,Tennessee Titans,Tyjae Spears,RB,00-0039032,1.0,0.0,0.0,0.0,0.0,8.47,38.0,0.15,3.1,2.21,14.6,0.15,0.2563,72.0,43.52,24.69,330.3,122.1,2.066771395569318,0.5914843074023128,1.0878994418091563,1.0,1.0,tyjae spears,tyjaespears,tspears,Tennessee Titans,00-0039032,0.0,0.0,0.0,0.0,7.0,26.0,0.0,3.0,3.0,36.0,0.0,T.Spears,TEN,team_norm & _alias_init_last,0.0,0.0,0.0,0.0,1.4700000000000006,12.0,0.15,0.10000000000000009,-0.79,-21.4,0.15
2025,9,0.0,2025_09_LAC_TEN,Tennessee Titans,Julius Chestnut,RB,00-0037594,1.0,0.0,0.0,0.0,0.0,0.0,0.0,0.0,0.0,0.0,0.0,0.0,0.0,72.0,43.52,24.69,330.3,122.1,2.066771395569318,0.5914843074023128,1.0878994418091563,1.0,1.0,julius chestnut,juliuschestnut,jchestnut,Tennessee Titans,00-0037594,,,,,,,,,,,,,,,,,,,,,,,,,
2025,9,0.0,2025_09_LAC_TEN,Tennessee Titans,Chig Okonkwo,TE,00-0037809,1.0,0.0,0.0,0.0,0.0,0.0,0.0,0.0,7.37,4.62,40.1,0.3,0.2607,72.0,43.52,24.69,330.3,122.1,2.066771395569318,0.5914843074023128,1.0878994418091563,1.0,1.0,chig okonkwo,chigokonkwo,cokonkwo,Tennessee Titans,00-0037809,0.0,0.0,0.0,0.0,0.0,0.0,0.0,2.0,2.0,10.0,0.0,C.Okonkwo,TEN,team_norm & _alias_init_last,0.0,0.0,0.0,0.0,0.0,0.0,0.0,5.37,2.62,30.1,0.3
2025,9,0.0,2025_09_LAC_TEN,Tennessee Titans,Gunnar Helm,TE,00-0040584,1.0,0.0,0.0,0.0,0.0,0.0,0.0,0.0,3.81,2.65,23.6,0.17,0.1583,72.0,43.52,24.69,330.3,122.1,2.066771395569318,0.5914843074023128,1.0878994418091563,1.0,1.0,gunnar helm,gunnarhelm,ghelm,Tennessee Titans,00-0040584,0.0,0.0,0.0,0.0,0.0,0.0,0.0,1.0,1.0,15.0,0.0,G.Helm,TEN,team_norm & _alias_init_last,0.0,0.0,0.0,0.0,0.0,0.0,0.0,2.81,1.65,8.600000000000001,0.17
2025,9,0.0,2025_09_LAC_TEN,Tennessee Titans,Cole Turner,TE,00-0037078,1.0,0.0,0.0,0.0,0.0,0.0,0.0,0.0,0.0,0.0,0.0,0.0,0.0,72.0,43.52,24.69,330.3,122.1,2.066771395569318,0.5914843074023128,1.0878994418091563,0.0,0.0,cole turner,coleturner,cturner,Tennessee Titans,00-0037078,,,,,,,,,,,,,,,,,,,,,,,,,
2025,9,0.0,2025_09_LAC_TEN,Tennessee Titans,David Martin-Robinson,TE,00-0039648,1.0,0.0,0.0,0.0,0.0,0.0,0.0,0.0,0.0,0.0,0.0,0.0,0.0,72.0,43.52,24.69,330.3,122.1,2.066771395569318,0.5914843074023128,1.0878994418091563,1.0,1.0,david martin-robinson,davidmartinrobinson,dmartinrobinson,Tennessee Titans,00-0039648,,,,,,,,,,,,,,,,,,,,,,,,,
2025,9,0.0,2025_09_LAC_TEN,Tennessee Titans,Elic Ayomanor,WR,00-0040170,1.0,0.0,0.0,0.0,0.0,0.0,0.0,0.0,10.75,5.05,70.4,0.48,0.379,72.0,43.52,24.69,330.3,122.1,2.066771395569318,0.5914843074023128,1.0878994418091563,1.0,1.0,elic ayomanor,elicayomanor,eayomanor,Tennessee Titans,00-0040170,0.0,0.0,0.0,0.0,0.0,0.0,0.0,6.0,3.0,46.0,0.0,E.Ayomanor,TEN,team_norm & _alias_init_last,0.0,0.0,0.0,0.0,0.0,0.0,0.0,4.75,2.05,24.400000000000006,0.48
2025,9,0.0,2025_09_LAC_TEN,Tennessee Titans,Chimere Dike,WR,00-0040705,1.0,0.0,0.0,0.0,0.0,0.0,0.0,0.0,8.1,4.99,55.3,0.38,0.3149,72.0,43.52,24.69,330.3,122.1,2.066771395569318,0.5914843074023128,1.0878994418091563,1.0,1.0,chimere dike,chimeredike,cdike,Tennessee Titans,00-0040705,0.0,0.0,0.0,0.0,0.0,0.0,0.0,3.0,1.0,5.0,0.0,C.Dike,TEN,team_norm & _alias_init_last,0.0,0.0,0.0,0.0,0.0,0.0,0.0,5.1,3.99,50.3,0.38
2025,9,0.0,2025_09_LAC_TEN,Tennessee Titans,Van Jefferson,WR,00-0036415,1.0,0.0,0.0,0.0,0.0,0.0,0.0,0.0,5.4,2.77,30.0,0.23,0.2082,72.0,43.52,24.69,330.3,122.1,2.066771395569318,0.5914843074023128,1.0878994418091563,1.0,1.0,van jefferson,vanjefferson,vjefferson,Tennessee Titans,00-0036415,0.0,0.0,0.0,0.0,0.0,0.0,0.0,4.0,1.0,21.0,0.0,V.Jefferson,TEN,team_norm & _alias_init_last,0.0,0.0,0.0,0.0,0.0,0.0,0.0,1.4000000000000004,1.77,9.0,0.23
2025,9,0.0,2025_09_LAC_TEN,Tennessee Titans,James Proche,WR,00-0036133,1.0,0.0,0.0,0.0,0.0,0.0,0.0,0.0,0.0,0.0,0.0,0.0,0.0,72.0,43.52,24.69,330.3,122.1,2.066771395569318,0.5914843074023128,1.0878994418091563,1.0,1.0,james proche,jamesproche,jproche,Tennessee Titans,00-0036133,,,,,,,,,,,,,,,,,,,,,,,,,
2025,9,0.0,2025_09_LAC_TEN,Tennessee Titans,Mason Kinsey,WR,00-0036176,1.0,0.0,0.0,0.0,0.0,0.0,0.0,0.0,0.0,0.0,0.0,0.0,0.0,72.0,43.52,24.69,330.3,122.1,2.066771395569318,0.5914843074023128,1.0878994418091563,1.0,1.0,mason kinsey,masonkinsey,mkinsey,Tennessee Titans,00-0036176,,,,,,,,,,,,,,,,,,,,,,,,,
2025,9,0.0,2025_09_MIN_DET,Detroit Lions,Jared Goff,QB,00-0033106,1.0,34.22,208.8,2.78,0.78,4.07,12.0,0.21,0.0,0.0,0.0,0.0,0.1901,72.0,36.51,32.82,204.8,120.0,3.589690864272331,1.604086547773905,0.9127944281133932,1.0,1.0,jared goff,jaredgoff,jgoff,Detroit Lions,00-0033106,43.0,284.0,2.0,0.0,0.0,0.0,0.0,0.0,0.0,0.0,0.0,J.Goff,DET,team_norm & _alias_init_last,-8.780000000000001,-75.19999999999999,0.7799999999999998,0.78,4.07,12.0,0.21,0.0,0.0,0.0,0.0
2025,9,0.0,2025_09_MIN_DET,Detroit Lions,Jahmyr Gibbs,RB,00-0039139,1.0,0.0,0.0,0.0,0.0,18.49,60.7,1.14,4.4,3.11,15.2,0.45,0.7958,72.0,36.51,32.82,204.8,120.0,3.589690864272331,1.604086547773905,0.9127944281133932,1.0,1.0,jahmyr gibbs,jahmyrgibbs,jgibbs,Detroit Lions,00-0039139,0.0,0.0,0.0,0.0,9.0,25.0,0.0,3.0,3.0,3.0,0.0,J.Gibbs,DET,team_norm & _alias_init_last,0.0,0.0,0.0,0.0,9.489999999999998,35.7,1.14,1.4000000000000004,0.10999999999999988,12.2,0.45
2025,9,0.0,2025_09_MIN_DET,Detroit Lions,David Montgomery,RB,00-0035685,1.0,0.0,0.0,0.0,0.0,10.27,33.1,0.41,2.74,2.0,9.5,0.26,0.4898,72.0,36.51,32.82,204.8,120.0,3.589690864272331,1.604086547773905,0.9127944281133932,1.0,1.0,david montgomery,davidmontgomery,dmontgomery,Detroit Lions,00-0035685,0.0,0.0,0.0,0.0,12.0,40.0,1.0,4.0,2.0,10.0,0.0,D.Montgomery,DET,team_norm & _alias_init_last,0.0,0.0,0.0,0.0,-1.7300000000000004,-6.899999999999999,-0.5900000000000001,-1.2599999999999998,0.0,-0.5,0.26
2025,9,0.0,2025_09_MIN_DET,Detroit Lions,Jacob Saylors,RB,00-0038896,1.0,0.0,0.0,0.0,0.0,0.0,0.0,0.0,0.0,0.0,0.0,0.0,0.0,72.0,36.51,32.82,204.8,120.0,3.589690864272331,1.604086547773905,0.9127944281133932,1.0,1.0,jacob saylors,jacobsaylors,jsaylors,Detroit Lions,00-0038896,,,,,,,,,,,,,,,,,,,,,,,,,
2025,9,0.0,2025_09_MIN_DET,Detroit Lions,Sione Vaki,RB,00-0039364,1.0,0.0,0.0,0.0,0.0,0.0,0.0,0.0,0.0,0.0,0.0,0.0,0.0,72.0,36.51,32.82,204.8,120.0,3.589690864272331,1.604086547773905,0.9127944281133932,1.0,1.0,sione vaki,sionevaki,svaki,Detroit Lions,00-0039364,,,,,,,,,,,,,,,,,,,,,,,,,
2025,9,0.0,2025_09_MIN_DET,Detroit Lions,Sam LaPorta,TE,00-0039065,1.0,0.0,0.0,0.0,0.0,0.0,0.0,0.0,6.35,4.11,24.6,0.59,0.4439,72.0,36.51,32.82,204.8,120.0,3.589690864272331,1.604086547773905,0.9127944281133932,1.0,1.0,sam laporta,samlaporta,slaporta,Detroit Lions,00-0039065,0.0,0.0,0.0,0.0,0.0,0.0,0.0,8.0,6.0,97.0,1.0,S.LaPorta,DET,team_norm & _alias_init_last,0.0,0.0,0.0,0.0,0.0,0.0,0.0,-1.6500000000000004,-1.8899999999999997,-72.4,-0.41000000000000003
2025,9,0.0,2025_09_MIN_DET,Detroit Lions,Brock Wright,TE,00-0036754,1.0,0.0,0.0,0.0,0.0,0.0,0.0,0.0,3.28,2.13,13.5,0.31,0.2643,72.0,36.51,32.82,204.8,120.0,3.589690864272331,1.604086547773905,0.9127944281133932,1.0,1.0,brock wright,brockwright,bwright,Detroit Lions,00-0036754,0.0,0.0,0.0,0.0,0.0,0.0,0.0,1.0,1.0,11.0,0.0,B.Wright,DET,team_norm & _alias_init_last,0.0,0.0,0.0,0.0,0.0,0.0,0.0,2.28,1.13,2.5,0.31
2025,9,0.0,2025_09_MIN_DET,Detroit Lions,Anthony Firkser,TE,00-0033455,1.0,0.0,0.0,0.0,0.0,0.0,0.0,0.0,0.0,0.0,0.0,0.0,0.0,72.0,36.51,32.82,204.8,120.0,3.589690864272331,1.604086547773905,0.9127944281133932,0.0,0.0,anthony firkser,anthonyfirkser,afirkser,Detroit Lions,00-0033455,,,,,,,,,,,,,,,,,,,,,,,,,
2025,9,0.0,2025_09_MIN_DET,Detroit Lions,Giovanni Ricci,TE,00-0035956,1.0,0.0,0.0,0.0,0.0,0.0,0.0,0.0,0.0,0.0,0.0,0.0,0.0,72.0,36.51,32.82,204.8,120.0,3.589690864272331,1.604086547773905,0.9127944281133932,0.0,0.0,giovanni ricci,giovanniricci,gricci,Detroit Lions,00-0035956,,,,,,,,,,,,,,,,,,,,,,,,,
2025,9,0.0,2025_09_MIN_DET,Detroit Lions,Amon-Ra St. Brown,WR,00-0036963,1.0,0.0,0.0,0.0,0.0,0.0,0.0,0.0,8.46,5.96,36.9,0.82,0.5588,72.0,36.51,32.82,204.8,120.0,3.589690864272331,1.604086547773905,0.9127944281133932,1.0,1.0,amon-ra st. brown,amonrastbrown,astbrown,Detroit Lions,00-0036963,0.0,0.0,0.0,0.0,0.0,0.0,0.0,13.0,9.0,97.0,0.0,A.St. Brown,DET,team_norm & _alias_init_last,0.0,0.0,0.0,0.0,0.0,0.0,0.0,-4.539999999999999,-3.04,-60.1,0.82
2025,9,0.0,2025_09_MIN_DET,Detroit Lions,Jameson Williams,WR,00-0037240,1.0,0.0,0.0,0.0,0.0,0.0,0.0,0.0,6.37,3.65,29.4,0.58,0.4388,72.0,36.51,32.82,204.8,120.0,3.589690864272331,1.604086547773905,0.9127944281133932,1.0,1.0,jameson williams,jamesonwilliams,jwilliams,Detroit Lions,00-0037240,0.0,0.0,0.0,0.0,0.0,0.0,0.0,6.0,4.0,66.0,1.0,J.Williams,DET,team_norm & _alias_init_last,0.0,0.0,0.0,0.0,0.0,0.0,0.0,0.3700000000000001,-0.3500000000000001,-36.6,-0.42000000000000004
2025,9,0.0,2025_09_MIN_DET,Detroit Lions,Kalif Raymond,WR,00-0032464,1.0,0.0,0.0,0.0,0.0,0.0,0.0,0.0,4.25,2.96,18.8,0.39,0.321,72.0,36.51,32.82,204.8,120.0,3.589690864272331,1.604086547773905,0.9127944281133932,1.0,1.0,kalif raymond,kalifraymond,kraymond,Detroit Lions,00-0032464,0.0,0.0,0.0,0.0,0.0,0.0,0.0,1.0,0.0,0.0,0.0,K.Raymond,DET,team_norm & _alias_init_last,0.0,0.0,0.0,0.0,0.0,0.0,0.0,3.25,2.96,18.8,0.39
2025,9,0.0,2025_09_MIN_DET,Detroit Lions,Andrew Armstrong,WR,00-0040298,1.0,0.0,0.0,0.0,0.0,0.0,0.0,0.0,0.0,0.0,0.0,0.0,0.0,72.0,36.51,32.82,204.8,120.0,3.589690864272331,1.604086547773905,0.9127944281133932,0.0,0.0,andrew armstrong,andrewarmstrong,aarmstrong,Detroit Lions,00-0040298,,,,,,,,,,,,,,,,,,,,,,,,,
2025,9,0.0,2025_09_MIN_DET,Detroit Lions,Dominic Lovett,WR,00-0040241,1.0,0.0,0.0,0.0,0.0,0.0,0.0,0.0,0.0,0.0,0.0,0.0,0.0,72.0,36.51,32.82,204.8,120.0,3.589690864272331,1.604086547773905,0.9127944281133932,1.0,1.0,dominic lovett,dominiclovett,dlovett,Detroit Lions,00-0040241,,,,,,,,,,,,,,,,,,,,,,,,,
2025,9,0.0,2025_09_MIN_DET,Detroit Lions,Isaac TeSlaa,WR,00-0040669,1.0,0.0,0.0,0.0,0.0,0.0,0.0,0.0,0.0,0.0,0.0,0.0,0.0,72.0,36.51,32.82,204.8,120.0,3.589690864272331,1.604086547773905,0.9127944281133932,1.0,1.0,isaac teslaa,isaacteslaa,iteslaa,Detroit Lions,00-0040669,,,,,,,,,,,,,,,,,,,,,,,,,
2025,9,0.0,2025_09_MIN_DET,Minnesota Vikings,J.J. McCarthy,QB,00-0039923,1.0,33.25,229.3,3.17,0.75,0.7,2.8,0.02,0.0,0.0,0.0,0.0,0.0197,55.0,35.32,16.5,251.0,76.4,3.1709827193405773,0.4910884933604458,0.8831118328848373,1.0,1.0,j.j. mccarthy,jjmccarthy,jmccarthy,Minnesota Vikings,00-0039923,33.0,143.0,2.0,1.0,4.0,8.0,0.0,0.0,0.0,0.0,0.0,J.McCarthy,MIN,team_norm & _alias_init_last,0.25,86.30000000000001,1.17,-0.25,-3.3,-5.2,0.02,0.0,0.0,0.0,0.0
2025,9,0.0,2025_09_MIN_DET,Minnesota Vikings,Jordan Mason,RB,00-0037525,1.0,0.0,0.0,0.0,0.0,10.16,41.3,0.36,3.96,2.86,21.1,0.36,0.5132,55.0,35.32,16.5,251.0,76.4,3.1709827193405773,0.4910884933604458,0.8831118328848373,1.0,1.0,jordan mason,jordanmason,jmason,Minnesota Vikings,00-0037525,0.0,0.0,0.0,0.0,11.0,36.0,0.0,1.0,1.0,1.0,0.0,J.Mason,MIN,team_norm & _alias_init_last,0.0,0.0,0.0,0.0,-0.8399999999999999,5.299999999999997,0.36,2.96,1.8599999999999999,20.1,0.36
2025,9,0.0,2025_09_MIN_DET,Minnesota Vikings,Aaron Jones Sr.,RB,,1.0,0.0,0.0,0.0,0.0,5.64,28.0,0.12,2.46,1.67,15.9,0.22,0.292,55.0,35.32,16.5,251.0,76.4,3.1709827193405773,0.4910884933604458,0.8831118328848373,0.0,0.0,aaron jones sr.,aaronjonessr,ajones,Minnesota Vikings,00-0033293,0.0,0.0,0.0,0.0,9.0,78.0,0.0,2.0,2.0,20.0,0.0,A.Jones,MIN,team_norm & _alias_init_last,0.0,0.0,0.0,0.0,-3.3600000000000003,-50.0,0.12,0.45999999999999996,-0.33000000000000007,-4.1,0.22
2025,9,0.0,2025_09_MIN_DET,Minnesota Vikings,Zavier Scott,RB,00-0038440,1.0,0.0,0.0,0.0,0.0,0.0,0.0,0.0,0.0,0.0,0.0,0.0,0.0,55.0,35.32,16.5,251.0,76.4,3.1709827193405773,0.4910884933604458,0.8831118328848373,1.0,1.0,zavier scott,zavierscott,zscott,Minnesota Vikings,00-0038440,,,,,,,,,,,,,,,,,,,,,,,,,
2025,9,0.0,2025_09_MIN_DET,Minnesota Vikings,T.J. Hockenson,TE,00-0035229,1.0,0.0,0.0,0.0,0.0,0.0,0.0,0.0,6.3,3.91,30.1,0.51,0.3988,55.0,35.32,16.5,251.0,76.4,3.1709827193405773,0.4910884933604458,0.8831118328848373,1.0,1.0,t.j. hockenson,tjhockenson,thockenson,Minnesota Vikings,00-0035229,0.0,0.0,0.0,0.0,0.0,0.0,0.0,3.0,2.0,11.0,1.0,T.Hockenson,MIN,team_norm & _alias_init_last,0.0,0.0,0.0,0.0,0.0,0.0,0.0,3.3,1.9100000000000001,19.1,-0.49
2025,9,0.0,2025_09_MIN_DET,Minnesota Vikings,Josh Oliver,TE,00-0035249,1.0,0.0,0.0,0.0,0.0,0.0,0.0,0.0,3.16,2.0,16.0,0.28,0.2449,55.0,35.32,16.5,251.0,76.4,3.1709827193405773,0.4910884933604458,0.8831118328848373,0.0,0.0,josh oliver,josholiver,joliver,Minnesota Vikings,00-0035249,,,,,,,,,,,,,,,,,,,,,,,,,
2025,9,0.0,2025_09_MIN_DET,Minnesota Vikings,Ben Sims,TE,00-0038809,1.0,0.0,0.0,0.0,0.0,0.0,0.0,0.0,0.0,0.0,0.0,0.0,0.0,55.0,35.32,16.5,251.0,76.4,3.1709827193405773,0.4910884933604458,0.8831118328848373,0.0,0.0,ben sims,bensims,bsims,Minnesota Vikings,00-0038809,,,,,,,,,,,,,,,,,,,,,,,,,
2025,9,0.0,2025_09_MIN_DET,Minnesota Vikings,Ben Yurosek,TE,00-0040509,1.0,0.0,0.0,0.0,0.0,0.0,0.0,0.0,0.0,0.0,0.0,0.0,0.0,55.0,35.32,16.5,251.0,76.4,3.1709827193405773,0.4910884933604458,0.8831118328848373,1.0,1.0,ben yurosek,benyurosek,byurosek,Minnesota Vikings,00-0040509,,,,,,,,,,,,,,,,,,,,,,,,,
2025,9,0.0,2025_09_MIN_DET,Minnesota Vikings,Justin Jefferson,WR,00-0036322,1.0,0.0,0.0,0.0,0.0,0.0,0.0,0.0,8.71,5.41,47.9,0.75,0.5268,55.0,35.32,16.5,251.0,76.4,3.1709827193405773,0.4910884933604458,0.8831118328848373,1.0,1.0,justin jefferson,justinjefferson,jjefferson,Minnesota Vikings,00-0036322,0.0,0.0,0.0,0.0,0.0,0.0,0.0,9.0,6.0,47.0,1.0,J.Jefferson,MIN,team_norm & _alias_init_last,0.0,0.0,0.0,0.0,0.0,0.0,0.0,-0.28999999999999915,-0.5899999999999999,0.8999999999999986,-0.25
2025,9,0.0,2025_09_MIN_DET,Minnesota Vikings,Jordan Addison,WR,00-0038994,1.0,0.0,0.0,0.0,0.0,0.0,0.0,0.0,6.44,3.64,34.9,0.56,0.4291,55.0,35.32,16.5,251.0,76.4,3.1709827193405773,0.4910884933604458,0.8831118328848373,1.0,1.0,jordan addison,jordanaddison,jaddison,Minnesota Vikings,00-0038994,0.0,0.0,0.0,0.0,1.0,16.0,0.0,5.0,2.0,48.0,0.0,J.Addison,MIN,team_norm & _alias_init_last,0.0,0.0,0.0,0.0,-1.0,-16.0,0.0,1.4400000000000004,1.6400000000000001,-13.100000000000001,0.56
2025,9,0.0,2025_09_MIN_DET,Minnesota Vikings,Jalen Nailor,WR,00-0037291,1.0,0.0,0.0,0.0,0.0,0.0,0.0,0.0,4.29,2.5,24.8,0.38,0.3166,55.0,35.32,16.5,251.0,76.4,3.1709827193405773,0.4910884933604458,0.8831118328848373,1.0,1.0,jalen nailor,jalennailor,jnailor,Minnesota Vikings,00-0037291,0.0,0.0,0.0,0.0,0.0,0.0,0.0,4.0,1.0,16.0,0.0,J.Nailor,MIN,team_norm & _alias_init_last,0.0,0.0,0.0,0.0,0.0,0.0,0.0,0.29000000000000004,1.5,8.8,0.38
2025,9,0.0,2025_09_MIN_DET,Minnesota Vikings,Myles Price,WR,00-0040506,1.0,0.0,0.0,0.0,0.0,0.0,0.0,0.0,0.0,0.0,0.0,0.0,0.0,55.0,35.32,16.5,251.0,76.4,3.1709827193405773,0.4910884933604458,0.8831118328848373,1.0,1.0,myles price,mylesprice,mprice,Minnesota Vikings,00-0040506,,,,,,,,,,,,,,,,,,,,,,,,,
2025,9,0.0,2025_09_MIN_DET,Minnesota Vikings,Tai Felton,WR,00-0040154,1.0,0.0,0.0,0.0,0.0,0.0,0.0,0.0,0.0,0.0,0.0,0.0,0.0,55.0,35.32,16.5,251.0,76.4,3.1709827193405773,0.4910884933604458,0.8831118328848373,1.0,1.0,tai felton,taifelton,tfelton,Minnesota Vikings,00-0040154,,,,,,,,,,,,,,,,,,,,,,,,,
2025,9,0.0,2025_09_NO_LA,Los Angeles Rams,Matthew Stafford,QB,00-0026498,1.0,38.19,275.6,2.99,0.92,2.99,12.1,0.14,0.0,0.0,0.0,0.0,0.1308,72.0,43.14,26.18,327.5,129.5,4.020460005233214,1.2370646169948347,1.0786063131960515,1.0,1.0,matthew stafford,matthewstafford,mstafford,Los Angeles Rams,,36.0,281.0,4.0,0.0,0.0,0.0,0.0,0.0,0.0,0.0,0.0,M.Stafford,LA,team_norm & _alias_init_last,2.1899999999999977,-5.399999999999977,-1.0099999999999998,0.92,2.99,12.1,0.14,0.0,0.0,0.0,0.0
2025,9,0.0,2025_09_NO_LA,Los Angeles Rams,Kyren Williams,RB,00-0037840,1.0,0.0,0.0,0.0,0.0,14.91,65.1,0.88,5.07,3.46,26.9,0.52,0.7529,72.0,43.14,26.18,327.5,129.5,4.020460005233214,1.2370646169948347,1.0786063131960515,1.0,1.0,kyren williams,kyrenwilliams,kwilliams,Los Angeles Rams,00-0037840,0.0,0.0,0.0,0.0,26.0,114.0,1.0,0.0,0.0,0.0,0.0,K.Williams,LA,team_norm & _alias_init_last,0.0,0.0,0.0,0.0,-11.09,-48.900000000000006,-0.12,5.07,3.46,26.9,0.52
2025,9,0.0,2025_09_NO_LA,Los Angeles Rams,Blake Corum,RB,00-0039738,1.0,0.0,0.0,0.0,0.0,8.28,36.2,0.3,3.15,2.08,18.8,0.29,0.4439,72.0,43.14,26.18,327.5,129.5,4.020460005233214,1.2370646169948347,1.0786063131960515,1.0,1.0,blake corum,blakecorum,bcorum,Los Angeles Rams,00-0039738,0.0,0.0,0.0,0.0,13.0,58.0,0.0,0.0,0.0,0.0,0.0,B.Corum,LA,team_norm & _alias_init_last,0.0,0.0,0.0,0.0,-4.720000000000001,-21.799999999999997,0.3,3.15,2.08,18.8,0.29
2025,9,0.0,2025_09_NO_LA,Los Angeles Rams,Ronnie Rivers,RB,00-0037557,1.0,0.0,0.0,0.0,0.0,0.0,0.0,0.0,0.0,0.0,0.0,0.0,0.0,72.0,43.14,26.18,327.5,129.5,4.020460005233214,1.2370646169948347,1.0786063131960515,1.0,1.0,ronnie rivers,ronnierivers,rrivers,Los Angeles Rams,00-0037557,,,,,,,,,,,,,,,,,,,,,,,,,
2025,9,0.0,2025_09_NO_LA,Los Angeles Rams,Tyler Higbee,TE,00-0033110,1.0,0.0,0.0,0.0,0.0,0.0,0.0,0.0,7.48,4.54,41.4,0.65,0.4779,72.0,43.14,26.18,327.5,129.5,4.020460005233214,1.2370646169948347,1.0786063131960515,1.0,1.0,tyler higbee,tylerhigbee,thigbee,Los Angeles Rams,00-0033110,0.0,0.0,0.0,0.0,0.0,0.0,0.0,4.0,3.0,13.0,1.0,T.Higbee,LA,team_norm & _alias_init_last,0.0,0.0,0.0,0.0,0.0,0.0,0.0,3.4800000000000004,1.54,28.4,-0.35
2025,9,0.0,2025_09_NO_LA,Los Angeles Rams,Terrance Ferguson,TE,00-0040737,1.0,0.0,0.0,0.0,0.0,0.0,0.0,0.0,3.87,1.92,27.6,0.36,0.2993,72.0,43.14,26.18,327.5,129.5,4.020460005233214,1.2370646169948347,1.0786063131960515,1.0,1.0,terrance ferguson,terranceferguson,tferguson,Los Angeles Rams,00-0040737,0.0,0.0,0.0,0.0,0.0,0.0,0.0,3.0,2.0,54.0,0.0,T.Ferguson,LA,team_norm & _alias_init_last,0.0,0.0,0.0,0.0,0.0,0.0,0.0,0.8700000000000001,-0.08000000000000007,-26.4,0.36
2025,9,0.0,2025_09_NO_LA,Los Angeles Rams,Colby Parkinson,TE,00-0036244,1.0,0.0,0.0,0.0,0.0,0.0,0.0,0.0,0.0,0.0,0.0,0.0,0.0,72.0,43.14,26.18,327.5,129.5,4.020460005233214,1.2370646169948347,1.0786063131960515,1.0,1.0,colby parkinson,colbyparkinson,cparkinson,Los Angeles Rams,00-0036244,0.0,0.0,0.0,0.0,0.0,0.0,0.0,2.0,2.0,10.0,0.0,C.Parkinson,LA,team_norm & _alias_init_last,0.0,0.0,0.0,0.0,0.0,0.0,0.0,-2.0,-2.0,-10.0,0.0
2025,9,0.0,2025_09_NO_LA,Los Angeles Rams,Davis Allen,TE,00-0039074,1.0,0.0,0.0,0.0,0.0,0.0,0.0,0.0,0.0,0.0,0.0,0.0,0.0,72.0,43.14,26.18,327.5,129.5,4.020460005233214,1.2370646169948347,1.0786063131960515,1.0,1.0,davis allen,davisallen,dallen,Los Angeles Rams,00-0039074,0.0,0.0,0.0,0.0,0.0,0.0,0.0,5.0,3.0,37.0,0.0,D.Allen,LA,team_norm & _alias_init_last,0.0,0.0,0.0,0.0,0.0,0.0,0.0,-5.0,-3.0,-37.0,0.0
2025,9,0.0,2025_09_NO_LA,Los Angeles Rams,Puka Nacua,WR,00-0039075,1.0,0.0,0.0,0.0,0.0,0.0,0.0,0.0,10.44,7.08,62.6,0.9,0.5919,72.0,43.14,26.18,327.5,129.5,4.020460005233214,1.2370646169948347,1.0786063131960515,1.0,1.0,puka nacua,pukanacua,pnacua,Los Angeles Rams,00-0039075,0.0,0.0,0.0,0.0,1.0,3.0,0.0,9.0,7.0,95.0,1.0,P.Nacua,LA,team_norm & _alias_init_last,0.0,0.0,0.0,0.0,-1.0,-3.0,0.0,1.4399999999999995,0.08000000000000007,-32.4,-0.09999999999999998
2025,9,0.0,2025_09_NO_LA,Los Angeles Rams,Davante Adams,WR,00-0031381,1.0,0.0,0.0,0.0,0.0,0.0,0.0,0.0,7.86,4.17,43.4,0.72,0.5124,72.0,43.14,26.18,327.5,129.5,4.020460005233214,1.2370646169948347,1.0786063131960515,1.0,1.0,davante adams,davanteadams,dadams,Los Angeles Rams,00-0031381,0.0,0.0,0.0,0.0,0.0,0.0,0.0,7.0,5.0,60.0,2.0,D.Adams,LA,team_norm & _alias_init_last,0.0,0.0,0.0,0.0,0.0,0.0,0.0,0.8600000000000003,-0.8300000000000001,-16.6,-1.28
2025,9,0.0,2025_09_NO_LA,Los Angeles Rams,Jordan Whittington,WR,00-0039751,1.0,0.0,0.0,0.0,0.0,0.0,0.0,0.0,5.24,3.56,36.2,0.46,0.366,72.0,43.14,26.18,327.5,129.5,4.020460005233214,1.2370646169948347,1.0786063131960515,1.0,1.0,jordan whittington,jordanwhittington,jwhittington,Los Angeles Rams,00-0039751,,,,,,,,,,,,,,,,,,,,,,,,,
2025,9,0.0,2025_09_NO_LA,Los Angeles Rams,Drake Stoops,WR,00-0039773,1.0,0.0,0.0,0.0,0.0,0.0,0.0,0.0,0.0,0.0,0.0,0.0,0.0,72.0,43.14,26.18,327.5,129.5,4.020460005233214,1.2370646169948347,1.0786063131960515,0.0,0.0,drake stoops,drakestoops,dstoops,Los Angeles Rams,00-0039773,,,,,,,,,,,,,,,,,,,,,,,,,
2025,9,0.0,2025_09_NO_LA,Los Angeles Rams,Konata Mumpfield,WR,00-0040590,1.0,0.0,0.0,0.0,0.0,0.0,0.0,0.0,0.0,0.0,0.0,0.0,0.0,72.0,43.14,26.18,327.5,129.5,4.020460005233214,1.2370646169948347,1.0786063131960515,1.0,1.0,konata mumpfield,konatamumpfield,kmumpfield,Los Angeles Rams,00-0040590,,,,,,,,,,,,,,,,,,,,,,,,,
2025,9,0.0,2025_09_NO_LA,Los Angeles Rams,Xavier Smith,WR,00-0038359,1.0,0.0,0.0,0.0,0.0,0.0,0.0,0.0,0.0,0.0,0.0,0.0,0.0,72.0,43.14,26.18,327.5,129.5,4.020460005233214,1.2370646169948347,1.0786063131960515,1.0,1.0,xavier smith,xaviersmith,xsmith,Los Angeles Rams,00-0038359,0.0,0.0,0.0,0.0,0.0,0.0,0.0,3.0,2.0,12.0,0.0,X.Smith,LA,team_norm & _alias_init_last,0.0,0.0,0.0,0.0,0.0,0.0,0.0,-3.0,-2.0,-12.0,0.0
2025,9,0.0,2025_09_NO_LA,New Orleans Saints,Tyler Shough,QB,00-0040743,1.0,35.82,195.1,2.15,0.81,1.25,3.7,0.01,0.0,0.0,0.0,0.0,0.0123,58.51,38.06,17.55,213.5,64.2,2.2265790726849803,0.1684282043382343,0.9515285449855772,1.0,1.0,tyler shough,tylershough,tshough,New Orleans Saints,00-0040743,25.0,176.0,1.0,1.0,1.0,2.0,0.0,0.0,0.0,0.0,0.0,T.Shough,NO,team_norm & _alias_init_last,10.82,19.099999999999994,1.15,-0.18999999999999995,0.25,1.7000000000000002,0.01,0.0,0.0,0.0,0.0
2025,9,0.0,2025_09_NO_LA,New Orleans Saints,Alvin Kamara,RB,00-0033906,1.0,0.0,0.0,0.0,0.0,10.48,34.1,0.12,4.38,3.18,15.4,0.25,0.3111,58.51,38.06,17.55,213.5,64.2,2.2265790726849803,0.1684282043382343,0.9515285449855772,1.0,1.0,alvin kamara,alvinkamara,akamara,New Orleans Saints,00-0033906,0.0,0.0,0.0,0.0,6.0,14.0,0.0,3.0,1.0,3.0,0.0,A.Kamara,NO,team_norm & _alias_init_last,0.0,0.0,0.0,0.0,4.48,20.1,0.12,1.38,2.18,12.4,0.25
2025,9,0.0,2025_09_NO_LA,New Orleans Saints,Devin Neal,RB,00-0040202,1.0,0.0,0.0,0.0,0.0,5.82,21.1,0.04,2.72,1.99,12.0,0.16,0.1785,58.51,38.06,17.55,213.5,64.2,2.2265790726849803,0.1684282043382343,0.9515285449855772,1.0,1.0,devin neal,devinneal,dneal,New Orleans Saints,00-0040202,0.0,0.0,0.0,0.0,3.0,11.0,0.0,1.0,1.0,1.0,0.0,D.Neal,NO,team_norm & _alias_init_last,0.0,0.0,0.0,0.0,2.8200000000000003,10.100000000000001,0.04,1.7200000000000002,0.99,11.0,0.16
2025,9,0.0,2025_09_NO_LA,New Orleans Saints,Juwan Johnson,TE,00-0036040,1.0,0.0,0.0,0.0,0.0,0.0,0.0,0.0,6.58,3.88,23.8,0.34,0.2894,58.51,38.06,17.55,213.5,64.2,2.2265790726849803,0.1684282043382343,0.9515285449855772,1.0,1.0,juwan johnson,juwanjohnson,jjohnson,New Orleans Saints,00-0036040,0.0,0.0,0.0,0.0,0.0,0.0,0.0,4.0,3.0,31.0,1.0,J.Johnson,NO,team_norm & _alias_init_last,0.0,0.0,0.0,0.0,0.0,0.0,0.0,2.58,0.8799999999999999,-7.199999999999999,-0.6599999999999999
2025,9,0.0,2025_09_NO_LA,New Orleans Saints,Foster Moreau,TE,00-0034981,1.0,0.0,0.0,0.0,0.0,0.0,0.0,0.0,3.4,2.04,12.7,0.18,0.1675,58.51,38.06,17.55,213.5,64.2,2.2265790726849803,0.1684282043382343,0.9515285449855772,1.0,1.0,foster moreau,fostermoreau,fmoreau,New Orleans Saints,00-0034981,,,,,,,,,,,,,,,,,,,,,,,,,
2025,9,0.0,2025_09_NO_LA,New Orleans Saints,Jack Stoll,TE,00-0036741,1.0,0.0,0.0,0.0,0.0,0.0,0.0,0.0,0.0,0.0,0.0,0.0,0.0,58.51,38.06,17.55,213.5,64.2,2.2265790726849803,0.1684282043382343,0.9515285449855772,1.0,1.0,jack stoll,jackstoll,jstoll,New Orleans Saints,00-0036741,,,,,,,,,,,,,,,,,,,,,,,,,
2025,9,0.0,2025_09_NO_LA,New Orleans Saints,Chris Olave,WR,00-0037239,1.0,0.0,0.0,0.0,0.0,0.0,0.0,0.0,9.31,5.61,39.9,0.49,0.3901,58.51,38.06,17.55,213.5,64.2,2.2265790726849803,0.1684282043382343,0.9515285449855772,1.0,1.0,chris olave,chrisolave,colave,New Orleans Saints,00-0037239,0.0,0.0,0.0,0.0,0.0,0.0,0.0,4.0,3.0,57.0,0.0,C.Olave,NO,team_norm & _alias_init_last,0.0,0.0,0.0,0.0,0.0,0.0,0.0,5.3100000000000005,2.6100000000000003,-17.1,0.49
2025,9,0.0,2025_09_NO_LA,New Orleans Saints,Brandin Cooks,WR,,1.0,0.0,0.0,0.0,0.0,0.0,0.0,0.0,7.01,4.47,57.7,0.41,0.3364,58.51,38.06,17.55,213.5,64.2,2.2265790726849803,0.1684282043382343,0.9515285449855772,0.0,1.0,brandin cooks,brandincooks,bcooks,New Orleans Saints,,0.0,0.0,0.0,0.0,0.0,0.0,0.0,3.0,2.0,16.0,0.0,B.Cooks,NO,team_norm & _alias_init_last,0.0,0.0,0.0,0.0,0.0,0.0,0.0,4.01,2.4699999999999998,41.7,0.41
2025,9,0.0,2025_09_NO_LA,New Orleans Saints,Devaughn Vele,WR,00-0039424,1.0,0.0,0.0,0.0,0.0,0.0,0.0,0.0,4.67,2.88,21.2,0.26,0.2268,58.51,38.06,17.55,213.5,64.2,2.2265790726849803,0.1684282043382343,0.9515285449855772,1.0,1.0,devaughn vele,devaughnvele,dvele,New Orleans Saints,00-0039424,,,,,,,,,,,,,,,,,,,,,,,,,
2025,9,0.0,2025_09_NO_LA,New Orleans Saints,Mason Tipton,WR,00-0039623,1.0,0.0,0.0,0.0,0.0,0.0,0.0,0.0,0.0,0.0,0.0,0.0,0.0,58.51,38.06,17.55,213.5,64.2,2.2265790726849803,0.1684282043382343,0.9515285449855772,1.0,1.0,mason tipton,masontipton,mtipton,New Orleans Saints,00-0039623,,,,,,,,,,,,,,,,,,,,,,,,,
2025,9,0.0,2025_09_SEA_WAS,Seattle Seahawks,Sam Darnold,QB,00-0034869,1.0,31.99,187.0,1.59,0.78,7.01,19.2,0.17,0.0,0.0,0.0,0.0,0.1592,72.0,36.68,32.91,205.8,120.3,1.7637936861408685,0.786388437968979,0.9170510769230767,1.0,1.0,sam darnold,samdarnold,sdarnold,Seattle Seahawks,00-0034869,27.0,330.0,4.0,1.0,0.0,0.0,0.0,0.0,0.0,0.0,0.0,S.Darnold,SEA,team_norm & _alias_init_last,4.989999999999998,-143.0,-2.41,-0.21999999999999997,7.01,19.2,0.17,0.0,0.0,0.0,0.0
2025,9,0.0,2025_09_SEA_WAS,Seattle Seahawks,Kenneth Walker III,RB,00-0038134,1.0,0.0,0.0,0.0,0.0,16.65,55.6,0.49,4.29,3.1,16.7,0.2,0.5012,72.0,36.68,32.91,205.8,120.3,1.7637936861408685,0.786388437968979,0.9170510769230767,1.0,1.0,kenneth walker iii,kennethwalkeriii,kwalker,Seattle Seahawks,00-0038134,0.0,0.0,0.0,0.0,11.0,42.0,0.0,2.0,2.0,19.0,0.0,K.Walker,SEA,team_norm & _alias_init_last,0.0,0.0,0.0,0.0,5.649999999999999,13.600000000000001,0.49,2.29,1.1,-2.3000000000000007,0.2
2025,9,0.0,2025_09_SEA_WAS,Seattle Seahawks,Zach Charbonnet,RB,00-0039165,1.0,0.0,0.0,0.0,0.0,9.25,30.7,0.18,2.67,1.93,10.3,0.12,0.2616,72.0,36.68,32.91,205.8,120.3,1.7637936861408685,0.786388437968979,0.9170510769230767,1.0,1.0,zach charbonnet,zachcharbonnet,zcharbonnet,Seattle Seahawks,00-0039165,0.0,0.0,0.0,0.0,8.0,25.0,0.0,1.0,1.0,21.0,0.0,Z.Charbonnet,SEA,team_norm & _alias_init_last,0.0,0.0,0.0,0.0,1.25,5.699999999999999,0.18,1.67,0.9299999999999999,-10.7,0.12
2025,9,0.0,2025_09_SEA_WAS,Seattle Seahawks,George Holani,RB,00-0039299,1.0,0.0,0.0,0.0,0.0,0.0,0.0,0.0,0.0,0.0,0.0,0.0,0.0,72.0,36.68,32.91,205.8,120.3,1.7637936861408685,0.786388437968979,0.9170510769230767,1.0,1.0,george holani,georgeholani,gholani,Seattle Seahawks,00-0039299,0.0,0.0,0.0,0.0,3.0,9.0,0.0,0.0,0.0,0.0,0.0,G.Holani,SEA,team_norm & _alias_init_last,0.0,0.0,0.0,0.0,-3.0,-9.0,0.0,0.0,0.0,0.0,0.0
2025,9,0.0,2025_09_SEA_WAS,Seattle Seahawks,AJ Barner,TE,00-0039793,1.0,0.0,0.0,0.0,0.0,0.0,0.0,0.0,6.26,4.3,29.5,0.29,0.2498,72.0,36.68,32.91,205.8,120.3,1.7637936861408685,0.786388437968979,0.9170510769230767,1.0,1.0,aj barner,ajbarner,abarner,Seattle Seahawks,00-0039793,0.0,0.0,0.0,0.0,1.0,1.0,1.0,4.0,3.0,24.0,0.0,A.Barner,SEA,team_norm & _alias_init_last,0.0,0.0,0.0,0.0,-1.0,-1.0,-1.0,2.26,1.2999999999999998,5.5,0.29
2025,9,0.0,2025_09_SEA_WAS,Seattle Seahawks,Elijah Arroyo,TE,00-0040739,1.0,0.0,0.0,0.0,0.0,0.0,0.0,0.0,3.24,1.78,17.2,0.15,0.1425,72.0,36.68,32.91,205.8,120.3,1.7637936861408685,0.786388437968979,0.9170510769230767,1.0,1.0,elijah arroyo,elijaharroyo,earroyo,Seattle Seahawks,00-0040739,0.0,0.0,0.0,0.0,0.0,0.0,0.0,2.0,2.0,29.0,1.0,E.Arroyo,SEA,team_norm & _alias_init_last,0.0,0.0,0.0,0.0,0.0,0.0,0.0,1.2400000000000002,-0.21999999999999997,-11.8,-0.85
2025,9,0.0,2025_09_SEA_WAS,Seattle Seahawks,Nick Kallerup,TE,00-0040058,1.0,0.0,0.0,0.0,0.0,0.0,0.0,0.0,0.0,0.0,0.0,0.0,0.0,72.0,36.68,32.91,205.8,120.3,1.7637936861408685,0.786388437968979,0.9170510769230767,1.0,1.0,nick kallerup,nickkallerup,nkallerup,Seattle Seahawks,00-0040058,,,,,,,,,,,,,,,,,,,,,,,,,
2025,9,0.0,2025_09_SEA_WAS,Seattle Seahawks,Jaxon Smith-Njigba,WR,00-0038543,1.0,0.0,0.0,0.0,0.0,0.0,0.0,0.0,8.86,6.1,41.2,0.39,0.3261,72.0,36.68,32.91,205.8,120.3,1.7637936861408685,0.786388437968979,0.9170510769230767,1.0,1.0,jaxon smith-njigba,jaxonsmithnjigba,jsmithnjigba,Seattle Seahawks,00-0038543,0.0,0.0,0.0,0.0,1.0,11.0,0.0,11.0,8.0,129.0,0.0,J.Smith-Njigba,SEA,team_norm & _alias_init_last,0.0,0.0,0.0,0.0,-1.0,-11.0,0.0,-2.1400000000000006,-1.9000000000000004,-87.8,0.39
2025,9,0.0,2025_09_SEA_WAS,Seattle Seahawks,Rashid Shaheed,WR,00-0037545,1.0,0.0,0.0,0.0,0.0,0.0,0.0,0.0,6.67,4.24,31.2,0.29,0.2517,72.0,36.68,32.91,205.8,120.3,1.7637936861408685,0.786388437968979,0.9170510769230767,0.0,0.0,rashid shaheed,rashidshaheed,rshaheed,Seattle Seahawks,00-0037545,0.0,0.0,0.0,0.0,0.0,0.0,0.0,9.0,5.0,68.0,0.0,R.Shaheed,NO,_alias_init_last,0.0,0.0,0.0,0.0,0.0,0.0,0.0,-2.33,-0.7599999999999998,-36.8,0.29
2025,9,0.0,2025_09_SEA_WAS,Seattle Seahawks,Cooper Kupp,WR,00-0033908,1.0,0.0,0.0,0.0,0.0,0.0,0.0,0.0,4.45,2.85,18.5,0.21,0.187,72.0,36.68,32.91,205.8,120.3,1.7637936861408685,0.786388437968979,0.9170510769230767,0.0,0.0,cooper kupp,cooperkupp,ckupp,Seattle Seahawks,00-0033908,,,,,,,,,,,,,,,,,,,,,,,,,
2025,9,0.0,2025_09_SEA_WAS,Seattle Seahawks,Cody White,WR,00-0035891,1.0,0.0,0.0,0.0,0.0,0.0,0.0,0.0,0.0,0.0,0.0,0.0,0.0,72.0,36.68,32.91,205.8,120.3,1.7637936861408685,0.786388437968979,0.9170510769230767,1.0,1.0,cody white,codywhite,cwhite,Seattle Seahawks,00-0035891,0.0,0.0,0.0,0.0,0.0,0.0,0.0,2.0,1.0,60.0,1.0,C.White,SEA,team_norm & _alias_init_last,0.0,0.0,0.0,0.0,0.0,0.0,0.0,-2.0,-1.0,-60.0,-1.0
2025,9,0.0,2025_09_SEA_WAS,Seattle Seahawks,Ricky White III,WR,00-0040653,1.0,0.0,0.0,0.0,0.0,0.0,0.0,0.0,0.0,0.0,0.0,0.0,0.0,72.0,36.68,32.91,205.8,120.3,1.7637936861408685,0.786388437968979,0.9170510769230767,1.0,1.0,ricky white iii,rickywhiteiii,rwhite,Seattle Seahawks,00-0040653,,,,,,,,,,,,,,,,,,,,,,,,,
2025,9,0.0,2025_09_SEA_WAS,Seattle Seahawks,Tory Horton,WR,00-0040648,1.0,0.0,0.0,0.0,0.0,0.0,0.0,0.0,0.0,0.0,0.0,0.0,0.0,72.0,36.68,32.91,205.8,120.3,1.7637936861408685,0.786388437968979,0.9170510769230767,1.0,1.0,tory horton,toryhorton,thorton,Seattle Seahawks,00-0040648,0.0,0.0,0.0,0.0,0.0,0.0,0.0,5.0,4.0,48.0,2.0,T.Horton,SEA,team_norm & _alias_init_last,0.0,0.0,0.0,0.0,0.0,0.0,0.0,-5.0,-4.0,-48.0,-2.0
2025,9,0.0,2025_09_SEA_WAS,Washington Commanders,Marcus Mariota,QB,00-0032268,1.0,36.01,265.3,1.09,0.81,5.66,20.4,0.07,0.0,0.0,0.0,0.0,0.0644,60.48,38.26,19.4,290.4,95.9,1.1317552032285183,0.233155306309162,0.9565834340583296,1.0,1.0,marcus mariota,marcusmariota,mmariota,Washington Commanders,00-0032268,,,,,,,,,,,,,,,,,,,,,,,,,
2025,9,0.0,2025_09_SEA_WAS,Washington Commanders,Jacory Croskey-Merritt,RB,00-0040242,1.0,0.0,0.0,0.0,0.0,8.83,41.4,0.13,4.55,2.98,30.9,0.13,0.2342,60.48,38.26,19.4,290.4,95.9,1.1317552032285183,0.233155306309162,0.9565834340583296,1.0,1.0,jacory croskey-merritt,jacorycroskeymerritt,jcroskeymerritt,Washington Commanders,00-0040242,0.0,0.0,0.0,0.0,12.0,38.0,0.0,1.0,1.0,3.0,0.0,J.Croskey-Merritt,WAS,team_norm & _alias_init_last,0.0,0.0,0.0,0.0,-3.17,3.3999999999999986,0.13,3.55,1.98,27.9,0.13
2025,9,0.0,2025_09_SEA_WAS,Washington Commanders,Chris Rodriguez Jr.,RB,00-0038611,1.0,0.0,0.0,0.0,0.0,4.91,22.0,0.05,2.83,1.98,19.4,0.08,0.1259,60.48,38.26,19.4,290.4,95.9,1.1317552032285183,0.233155306309162,0.9565834340583296,1.0,1.0,chris rodriguez jr.,chrisrodriguezjr,crodriguez,Washington Commanders,00-0038611,0.0,0.0,0.0,0.0,12.0,65.0,1.0,0.0,0.0,0.0,0.0,C.Rodriguez,WAS,team_norm & _alias_init_last,0.0,0.0,0.0,0.0,-7.09,-43.0,-0.95,2.83,1.98,19.4,0.08
2025,9,0.0,2025_09_SEA_WAS,Washington Commanders,Jeremy McNichols,RB,00-0033955,1.0,0.0,0.0,0.0,0.0,0.0,0.0,0.0,0.0,0.0,0.0,0.0,0.0,60.48,38.26,19.4,290.4,95.9,1.1317552032285183,0.233155306309162,0.9565834340583296,1.0,1.0,jeremy mcnichols,jeremymcnichols,jmcnichols,Washington Commanders,00-0033955,0.0,0.0,0.0,0.0,1.0,0.0,0.0,0.0,0.0,0.0,0.0,J.McNichols,WAS,team_norm & _alias_init_last,0.0,0.0,0.0,0.0,-1.0,0.0,0.0,0.0,0.0,0.0,0.0
2025,9,0.0,2025_09_SEA_WAS,Washington Commanders,Zach Ertz,TE,00-0030061,1.0,0.0,0.0,0.0,0.0,0.0,0.0,0.0,6.7,3.92,35.5,0.19,0.1717,60.48,38.26,19.4,290.4,95.9,1.1317552032285183,0.233155306309162,0.9565834340583296,1.0,1.0,zach ertz,zachertz,zertz,Washington Commanders,00-0030061,0.0,0.0,0.0,0.0,0.0,0.0,0.0,5.0,4.0,46.0,0.0,Z.Ertz,WAS,team_norm & _alias_init_last,0.0,0.0,0.0,0.0,0.0,0.0,0.0,1.7000000000000002,-0.08000000000000007,-10.5,0.19
2025,9,0.0,2025_09_SEA_WAS,Washington Commanders,John Bates,TE,00-0036628,1.0,0.0,0.0,0.0,0.0,0.0,0.0,0.0,3.46,2.03,20.2,0.09,0.0899,60.48,38.26,19.4,290.4,95.9,1.1317552032285183,0.233155306309162,0.9565834340583296,1.0,1.0,john bates,johnbates,jbates,Washington Commanders,00-0036628,0.0,0.0,0.0,0.0,0.0,0.0,0.0,4.0,2.0,20.0,0.0,J.Bates,WAS,team_norm & _alias_init_last,0.0,0.0,0.0,0.0,0.0,0.0,0.0,-0.54,0.029999999999999805,0.1999999999999993,0.09
2025,9,0.0,2025_09_SEA_WAS,Washington Commanders,Ben Sinnott,TE,00-0039912,1.0,0.0,0.0,0.0,0.0,0.0,0.0,0.0,0.0,0.0,0.0,0.0,0.0,60.48,38.26,19.4,290.4,95.9,1.1317552032285183,0.233155306309162,0.9565834340583296,1.0,1.0,ben sinnott,bensinnott,bsinnott,Washington Commanders,00-0039912,,,,,,,,,,,,,,,,,,,,,,,,,
2025,9,0.0,2025_09_SEA_WAS,Washington Commanders,Colson Yankoff,TE,00-0039686,1.0,0.0,0.0,0.0,0.0,0.0,0.0,0.0,0.0,0.0,0.0,0.0,0.0,60.48,38.26,19.4,290.4,95.9,1.1317552032285183,0.233155306309162,0.9565834340583296,0.0,0.0,colson yankoff,colsonyankoff,cyankoff,Washington Commanders,00-0039686,,,,,,,,,,,,,,,,,,,,,,,,,
2025,9,0.0,2025_09_SEA_WAS,Washington Commanders,Gee Scott Jr.,TE,00-0040571,1.0,0.0,0.0,0.0,0.0,0.0,0.0,0.0,0.0,0.0,0.0,0.0,0.0,60.48,38.26,19.4,290.4,95.9,1.1317552032285183,0.233155306309162,0.9565834340583296,0.0,0.0,gee scott jr.,geescottjr,gscott,Washington Commanders,00-0040571,,,,,,,,,,,,,,,,,,,,,,,,,
2025,9,0.0,2025_09_SEA_WAS,Washington Commanders,Terry McLaurin,WR,00-0035659,1.0,0.0,0.0,0.0,0.0,0.0,0.0,0.0,9.17,5.53,51.5,0.25,0.2228,60.48,38.26,19.4,290.4,95.9,1.1317552032285183,0.233155306309162,0.9565834340583296,0.0,0.0,terry mclaurin,terrymclaurin,tmclaurin,Washington Commanders,00-0035659,,,,,,,,,,,,,,,,,,,,,,,,,
2025,9,0.0,2025_09_SEA_WAS,Washington Commanders,Deebo Samuel,WR,,1.0,0.0,0.0,0.0,0.0,0.0,0.0,0.0,6.9,4.29,73.0,0.2,0.1847,60.48,38.26,19.4,290.4,95.9,1.1317552032285183,0.233155306309162,0.9565834340583296,0.0,0.0,deebo samuel,deebosamuel,dsamuel,Washington Commanders,,0.0,0.0,0.0,0.0,1.0,3.0,0.0,7.0,5.0,41.0,0.0,D.Samuel,WAS,team_norm & _alias_init_last,0.0,0.0,0.0,0.0,-1.0,-3.0,0.0,-0.09999999999999964,-0.71,32.0,0.2
2025,9,0.0,2025_09_SEA_WAS,Washington Commanders,Jaylin Lane,WR,00-0040164,1.0,0.0,0.0,0.0,0.0,0.0,0.0,0.0,4.6,2.56,34.5,0.13,0.1206,60.48,38.26,19.4,290.4,95.9,1.1317552032285183,0.233155306309162,0.9565834340583296,1.0,1.0,jaylin lane,jaylinlane,jlane,Washington Commanders,00-0040164,0.0,0.0,0.0,0.0,0.0,0.0,0.0,5.0,3.0,29.0,0.0,J.Lane,WAS,team_norm & _alias_init_last,0.0,0.0,0.0,0.0,0.0,0.0,0.0,-0.40000000000000036,-0.43999999999999995,5.5,0.13
2025,9,0.0,2025_09_SEA_WAS,Washington Commanders,Braylon Sanders,WR,00-0037355,1.0,0.0,0.0,0.0,0.0,0.0,0.0,0.0,0.0,0.0,0.0,0.0,0.0,60.48,38.26,19.4,290.4,95.9,1.1317552032285183,0.233155306309162,0.9565834340583296,0.0,0.0,braylon sanders,braylonsanders,bsanders,Washington Commanders,00-0037355,,,,,,,,,,,,,,,,,,,,,,,,,
2025,9,0.0,2025_09_SEA_WAS,Washington Commanders,Chris Moore,WR,00-0032398,1.0,0.0,0.0,0.0,0.0,0.0,0.0,0.0,0.0,0.0,0.0,0.0,0.0,60.48,38.26,19.4,290.4,95.9,1.1317552032285183,0.233155306309162,0.9565834340583296,1.0,1.0,chris moore,chrismoore,cmoore,Washington Commanders,00-0032398,,,,,,,,,,,,,,,,,,,,,,,,,
2025,9,0.0,2025_09_SEA_WAS,Washington Commanders,Treylon Burks,WR,00-0037742,1.0,0.0,0.0,0.0,0.0,0.0,0.0,0.0,0.0,0.0,0.0,0.0,0.0,60.48,38.26,19.4,290.4,95.9,1.1317552032285183,0.233155306309162,0.9565834340583296,1.0,1.0,treylon burks,treylonburks,tburks,Washington Commanders,00-0037742,0.0,0.0,0.0,0.0,0.0,0.0,0.0,1.0,1.0,14.0,0.0,T.Burks,WAS,team_norm & _alias_init_last,0.0,0.0,0.0,0.0,0.0,0.0,0.0,-1.0,-1.0,-14.0,0.0
2025,9,0.0,2025_09_SF_NYG,New York Giants,Jaxson Dart,QB,00-0040691,1.0,35.18,191.6,2.93,0.79,3.49,10.0,0.17,0.0,0.0,0.0,0.0,0.1556,63.34,37.38,23.6,209.7,86.2,3.0715388933695253,1.0194669243079302,0.9344716058042172,1.0,1.0,jaxson dart,jaxsondart,jdart,New York Giants,00-0040691,39.0,191.0,2.0,0.0,5.0,16.0,1.0,0.0,0.0,0.0,0.0,J.Dart,NYG,team_norm & _alias_init_last,-3.8200000000000003,0.5999999999999943,0.9300000000000002,0.79,-1.5099999999999998,-6.0,-0.83,0.0,0.0,0.0,0.0
2025,9,0.0,2025_09_SF_NYG,New York Giants,Tyrone Tracy Jr.,RB,00-0039384,1.0,0.0,0.0,0.0,0.0,12.92,41.5,0.65,4.44,2.9,16.8,0.36,0.6351,63.34,37.38,23.6,209.7,86.2,3.0715388933695253,1.0194669243079302,0.9344716058042172,1.0,1.0,tyrone tracy jr.,tyronetracyjr,ttracy,New York Giants,00-0039384,0.0,0.0,0.0,0.0,5.0,18.0,0.0,4.0,3.0,19.0,0.0,T.Tracy,NYG,team_norm & _alias_init_last,0.0,0.0,0.0,0.0,7.92,23.5,0.65,0.4400000000000004,-0.10000000000000009,-2.1999999999999993,0.36
2025,9,0.0,2025_09_SF_NYG,New York Giants,Devin Singletary,RB,00-0035250,1.0,0.0,0.0,0.0,0.0,7.18,23.5,0.24,2.77,1.93,9.7,0.22,0.3714,63.34,37.38,23.6,209.7,86.2,3.0715388933695253,1.0194669243079302,0.9344716058042172,1.0,1.0,devin singletary,devinsingletary,dsingletary,New York Giants,00-0035250,0.0,0.0,0.0,0.0,8.0,43.0,0.0,2.0,2.0,8.0,0.0,D.Singletary,NYG,team_norm & _alias_init_last,0.0,0.0,0.0,0.0,-0.8200000000000003,-19.5,0.24,0.77,-0.07000000000000006,1.6999999999999993,0.22
2025,9,0.0,2025_09_SF_NYG,New York Giants,Theo Johnson,TE,00-0039847,1.0,0.0,0.0,0.0,0.0,0.0,0.0,0.0,6.48,3.5,26.1,0.49,0.3869,63.34,37.38,23.6,209.7,86.2,3.0715388933695253,1.0194669243079302,0.9344716058042172,1.0,1.0,theo johnson,theojohnson,tjohnson,New York Giants,00-0039847,0.0,0.0,0.0,0.0,0.0,0.0,0.0,6.0,3.0,27.0,1.0,T.Johnson,NYG,team_norm & _alias_init_last,0.0,0.0,0.0,0.0,0.0,0.0,0.0,0.4800000000000004,0.5,-0.8999999999999986,-0.51
2025,9,0.0,2025_09_SF_NYG,New York Giants,Daniel Bellinger,TE,00-0038115,1.0,0.0,0.0,0.0,0.0,0.0,0.0,0.0,3.35,2.29,13.0,0.26,0.2252,63.34,37.38,23.6,209.7,86.2,3.0715388933695253,1.0194669243079302,0.9344716058042172,0.0,0.0,daniel bellinger,danielbellinger,dbellinger,New York Giants,00-0038115,,,,,,,,,,,,,,,,,,,,,,,,,
2025,9,0.0,2025_09_SF_NYG,New York Giants,Chris Manhertz,TE,00-0031484,1.0,0.0,0.0,0.0,0.0,0.0,0.0,0.0,0.0,0.0,0.0,0.0,0.0,63.34,37.38,23.6,209.7,86.2,3.0715388933695253,1.0194669243079302,0.9344716058042172,1.0,1.0,chris manhertz,chrismanhertz,cmanhertz,New York Giants,00-0031484,,,,,,,,,,,,,,,,,,,,,,,,,
2025,9,0.0,2025_09_SF_NYG,New York Giants,Jermaine Terry,TE,00-0040457,1.0,0.0,0.0,0.0,0.0,0.0,0.0,0.0,0.0,0.0,0.0,0.0,0.0,63.34,37.38,23.6,209.7,86.2,3.0715388933695253,1.0194669243079302,0.9344716058042172,0.0,0.0,jermaine terry,jermaineterry,jterry,New York Giants,00-0040457,,,,,,,,,,,,,,,,,,,,,,,,,
2025,9,0.0,2025_09_SF_NYG,New York Giants,Thomas Fidone II,TE,00-0040225,1.0,0.0,0.0,0.0,0.0,0.0,0.0,0.0,0.0,0.0,0.0,0.0,0.0,63.34,37.38,23.6,209.7,86.2,3.0715388933695253,1.0194669243079302,0.9344716058042172,1.0,1.0,thomas fidone ii,thomasfidoneii,tfidone,New York Giants,00-0040225,,,,,,,,,,,,,,,,,,,,,,,,,
2025,9,0.0,2025_09_SF_NYG,New York Giants,Wan'Dale Robinson,WR,00-0038117,1.0,0.0,0.0,0.0,0.0,0.0,0.0,0.0,8.96,5.8,40.2,0.67,0.4862,63.34,37.38,23.6,209.7,86.2,3.0715388933695253,1.0194669243079302,0.9344716058042172,1.0,1.0,wan'dale robinson,wandalerobinson,wrobinson,New York Giants,,0.0,0.0,0.0,0.0,0.0,0.0,0.0,11.0,9.0,46.0,0.0,W.Robinson,NYG,team_norm & _alias_init_last,0.0,0.0,0.0,0.0,0.0,0.0,0.0,-2.039999999999999,-3.2,-5.799999999999997,0.67
2025,9,0.0,2025_09_SF_NYG,New York Giants,Darius Slayton,WR,00-0035535,1.0,0.0,0.0,0.0,0.0,0.0,0.0,0.0,6.75,3.72,29.7,0.5,0.3917,63.34,37.38,23.6,209.7,86.2,3.0715388933695253,1.0194669243079302,0.9344716058042172,1.0,1.0,darius slayton,dariusslayton,dslayton,New York Giants,00-0035535,0.0,0.0,0.0,0.0,0.0,0.0,0.0,7.0,5.0,62.0,0.0,D.Slayton,NYG,team_norm & _alias_init_last,0.0,0.0,0.0,0.0,0.0,0.0,0.0,-0.25,-1.2799999999999998,-32.3,0.5
2025,9,0.0,2025_09_SF_NYG,New York Giants,Beaux Collins,WR,00-0040432,1.0,0.0,0.0,0.0,0.0,0.0,0.0,0.0,4.5,2.64,33.6,0.37,0.3073,63.34,37.38,23.6,209.7,86.2,3.0715388933695253,1.0194669243079302,0.9344716058042172,1.0,1.0,beaux collins,beauxcollins,bcollins,New York Giants,00-0040432,,,,,,,,,,,,,,,,,,,,,,,,,
2025,9,0.0,2025_09_SF_NYG,New York Giants,Gunner Olszewski,WR,00-0035645,1.0,0.0,0.0,0.0,0.0,0.0,0.0,0.0,0.0,0.0,0.0,0.0,0.0,63.34,37.38,23.6,209.7,86.2,3.0715388933695253,1.0194669243079302,0.9344716058042172,1.0,1.0,gunner olszewski,gunnerolszewski,golszewski,New York Giants,,0.0,0.0,0.0,0.0,0.0,0.0,0.0,1.0,1.0,24.0,1.0,G.Olszewski,NYG,team_norm & _alias_init_last,0.0,0.0,0.0,0.0,0.0,0.0,0.0,-1.0,-1.0,-24.0,-1.0
2025,9,0.0,2025_09_SF_NYG,New York Giants,Jalin Hyatt,WR,00-0038938,1.0,0.0,0.0,0.0,0.0,0.0,0.0,0.0,0.0,0.0,0.0,0.0,0.0,63.34,37.38,23.6,209.7,86.2,3.0715388933695253,1.0194669243079302,0.9344716058042172,1.0,1.0,jalin hyatt,jalinhyatt,jhyatt,New York Giants,00-0038938,,,,,,,,,,,,,,,,,,,,,,,,,
2025,9,0.0,2025_09_SF_NYG,New York Giants,Ray-Ray McCloud,WR,00-0034407,1.0,0.0,0.0,0.0,0.0,0.0,0.0,0.0,0.0,0.0,0.0,0.0,0.0,63.34,37.38,23.6,209.7,86.2,3.0715388933695253,1.0194669243079302,0.9344716058042172,1.0,1.0,ray-ray mccloud,rayraymccloud,rraymccloud,New York Giants,,,,,,,,,,,,,,,,,,,,,,,,,,
2025,9,0.0,2025_09_SF_NYG,San Francisco 49ers,Brock Purdy,QB,00-0037834,1.0,32.57,203.4,3.13,0.77,3.83,10.3,0.18,0.0,0.0,0.0,0.0,0.1633,55.0,36.28,16.5,203.5,60.3,4.103817717936058,0.7098034336057317,0.9069252088258472,0.0,0.0,brock purdy,brockpurdy,bpurdy,San Francisco 49ers,00-0037834,,,,,,,,,,,,,,,,,,,,,,,,,
2025,9,0.0,2025_09_SF_NYG,San Francisco 49ers,Christian McCaffrey,RB,00-0033280,1.0,0.0,0.0,0.0,0.0,8.15,26.0,0.44,4.11,3.05,14.6,0.48,0.6029,55.0,36.28,16.5,203.5,60.3,4.103817717936058,0.7098034336057317,0.9069252088258472,1.0,1.0,christian mccaffrey,christianmccaffrey,cmccaffrey,San Francisco 49ers,00-0033280,0.0,0.0,0.0,0.0,28.0,106.0,1.0,6.0,5.0,67.0,1.0,C.McCaffrey,SF,team_norm & _alias_init_last,0.0,0.0,0.0,0.0,-19.85,-80.0,-0.56,-1.8899999999999997,-1.9500000000000002,-52.4,-0.52
2025,9,0.0,2025_09_SF_NYG,San Francisco 49ers,Brian Robinson Jr.,RB,,1.0,0.0,0.0,0.0,0.0,4.53,18.3,0.15,2.56,1.75,13.2,0.29,0.3526,55.0,36.28,16.5,203.5,60.3,4.103817717936058,0.7098034336057317,0.9069252088258472,0.0,0.0,brian robinson jr.,brianrobinsonjr,brobinson,San Francisco 49ers,00-0037746,0.0,0.0,0.0,0.0,5.0,53.0,1.0,0.0,0.0,0.0,0.0,B.Robinson,SF,team_norm & _alias_init_last,0.0,0.0,0.0,0.0,-0.46999999999999975,-34.7,-0.85,2.56,1.75,13.2,0.29
2025,9,0.0,2025_09_SF_NYG,San Francisco 49ers,Isaac Guerendo,RB,00-0039363,1.0,0.0,0.0,0.0,0.0,0.0,0.0,0.0,0.0,0.0,0.0,0.0,0.0,55.0,36.28,16.5,203.5,60.3,4.103817717936058,0.7098034336057317,0.9069252088258472,1.0,1.0,isaac guerendo,isaacguerendo,iguerendo,San Francisco 49ers,00-0039363,,,,,,,,,,,,,,,,,,,,,,,,,
2025,9,0.0,2025_09_SF_NYG,San Francisco 49ers,George Kittle,TE,00-0033288,1.0,0.0,0.0,0.0,0.0,0.0,0.0,0.0,6.3,4.06,23.1,0.67,0.4868,55.0,36.28,16.5,203.5,60.3,4.103817717936058,0.7098034336057317,0.9069252088258472,1.0,1.0,george kittle,georgekittle,gkittle,San Francisco 49ers,00-0033288,0.0,0.0,0.0,0.0,1.0,-3.0,0.0,4.0,4.0,32.0,0.0,G.Kittle,SF,team_norm & _alias_init_last,0.0,0.0,0.0,0.0,-1.0,3.0,0.0,2.3,0.05999999999999961,-8.899999999999999,0.67
2025,9,0.0,2025_09_SF_NYG,San Francisco 49ers,Luke Farrell,TE,00-0036887,1.0,0.0,0.0,0.0,0.0,0.0,0.0,0.0,3.26,2.12,13.9,0.34,0.2895,55.0,36.28,16.5,203.5,60.3,4.103817717936058,0.7098034336057317,0.9069252088258472,1.0,1.0,luke farrell,lukefarrell,lfarrell,San Francisco 49ers,00-0036887,0.0,0.0,0.0,0.0,0.0,0.0,0.0,1.0,1.0,9.0,0.0,L.Farrell,SF,team_norm & _alias_init_last,0.0,0.0,0.0,0.0,0.0,0.0,0.0,2.26,1.12,4.9,0.34
2025,9,0.0,2025_09_SF_NYG,San Francisco 49ers,Hayden Rucci,TE,00-0039489,1.0,0.0,0.0,0.0,0.0,0.0,0.0,0.0,0.0,0.0,0.0,0.0,0.0,55.0,36.28,16.5,203.5,60.3,4.103817717936058,0.7098034336057317,0.9069252088258472,0.0,0.0,hayden rucci,haydenrucci,hrucci,San Francisco 49ers,00-0039489,,,,,,,,,,,,,,,,,,,,,,,,,
2025,9,0.0,2025_09_SF_NYG,San Francisco 49ers,Jake Tonges,TE,00-0037112,1.0,0.0,0.0,0.0,0.0,0.0,0.0,0.0,0.0,0.0,0.0,0.0,0.0,55.0,36.28,16.5,203.5,60.3,4.103817717936058,0.7098034336057317,0.9069252088258472,1.0,1.0,jake tonges,jaketonges,jtonges,San Francisco 49ers,00-0037112,,,,,,,,,,,,,,,,,,,,,,,,,
2025,9,0.0,2025_09_SF_NYG,San Francisco 49ers,Jauan Jennings,WR,00-0036259,1.0,0.0,0.0,0.0,0.0,0.0,0.0,0.0,8.89,5.41,39.5,0.95,0.615,55.0,36.28,16.5,203.5,60.3,4.103817717936058,0.7098034336057317,0.9069252088258472,1.0,1.0,jauan jennings,jauanjennings,jjennings,San Francisco 49ers,,0.0,0.0,0.0,0.0,0.0,0.0,0.0,5.0,4.0,41.0,1.0,J.Jennings,SF,team_norm & _alias_init_last,0.0,0.0,0.0,0.0,0.0,0.0,0.0,3.8900000000000006,1.4100000000000001,-1.5,-0.050000000000000044
2025,9,0.0,2025_09_SF_NYG,San Francisco 49ers,Ricky Pearsall,WR,00-0039916,1.0,0.0,0.0,0.0,0.0,0.0,0.0,0.0,6.7,4.06,32.3,0.72,0.5151,55.0,36.28,16.5,203.5,60.3,4.103817717936058,0.7098034336057317,0.9069252088258472,0.0,0.0,ricky pearsall,rickypearsall,rpearsall,San Francisco 49ers,00-0039916,,,,,,,,,,,,,,,,,,,,,,,,,
2025,9,0.0,2025_09_SF_NYG,San Francisco 49ers,Kendrick Bourne,WR,00-0033307,1.0,0.0,0.0,0.0,0.0,0.0,0.0,0.0,4.46,2.92,19.1,0.46,0.3682,55.0,36.28,16.5,203.5,60.3,4.103817717936058,0.7098034336057317,0.9069252088258472,1.0,1.0,kendrick bourne,kendrickbourne,kbourne,San Francisco 49ers,00-0033307,0.0,0.0,0.0,0.0,0.0,0.0,0.0,2.0,2.0,34.0,0.0,K.Bourne,SF,team_norm & _alias_init_last,0.0,0.0,0.0,0.0,0.0,0.0,0.0,2.46,0.9199999999999999,-14.899999999999999,0.46
2025,9,0.0,2025_09_SF_NYG,San Francisco 49ers,Colton Dowell,WR,00-0038632,1.0,0.0,0.0,0.0,0.0,0.0,0.0,0.0,0.0,0.0,0.0,0.0,0.0,55.0,36.28,16.5,203.5,60.3,4.103817717936058,0.7098034336057317,0.9069252088258472,0.0,0.0,colton dowell,coltondowell,cdowell,San Francisco 49ers,00-0038632,,,,,,,,,,,,,,,,,,,,,,,,,
2025,9,0.0,2025_09_SF_NYG,San Francisco 49ers,Demarcus Robinson,WR,00-0032775,1.0,0.0,0.0,0.0,0.0,0.0,0.0,0.0,0.0,0.0,0.0,0.0,0.0,55.0,36.28,16.5,203.5,60.3,4.103817717936058,0.7098034336057317,0.9069252088258472,1.0,1.0,demarcus robinson,demarcusrobinson,drobinson,San Francisco 49ers,00-0032775,0.0,0.0,0.0,0.0,0.0,0.0,0.0,1.0,0.0,0.0,0.0,D.Robinson,SF,team_norm & _alias_init_last,0.0,0.0,0.0,0.0,0.0,0.0,0.0,-1.0,0.0,0.0,0.0
2025,9,0.0,2025_09_SF_NYG,San Francisco 49ers,Jordan Watkins,WR,00-0040172,1.0,0.0,0.0,0.0,0.0,0.0,0.0,0.0,0.0,0.0,0.0,0.0,0.0,55.0,36.28,16.5,203.5,60.3,4.103817717936058,0.7098034336057317,0.9069252088258472,1.0,1.0,jordan watkins,jordanwatkins,jwatkins,San Francisco 49ers,00-0040172,0.0,0.0,0.0,0.0,0.0,0.0,0.0,1.0,1.0,19.0,0.0,J.Watkins,SF,team_norm & _alias_init_last,0.0,0.0,0.0,0.0,0.0,0.0,0.0,-1.0,-1.0,-19.0,0.0
2025,9,0.0,2025_09_SF_NYG,San Francisco 49ers,Skyy Moore,WR,00-0038090,1.0,0.0,0.0,0.0,0.0,0.0,0.0,0.0,0.0,0.0,0.0,0.0,0.0,55.0,36.28,16.5,203.5,60.3,4.103817717936058,0.7098034336057317,0.9069252088258472,1.0,1.0,skyy moore,skyymoore,smoore,San Francisco 49ers,00-0038090,0.0,0.0,0.0,0.0,0.0,0.0,0.0,1.0,1.0,21.0,0.0,S.Moore,SF,team_norm & _alias_init_last,0.0,0.0,0.0,0.0,0.0,0.0,0.0,-1.0,-1.0,-21.0,0.0
