season,week,date,game_id,team,player,position,player_id,is_active,pass_attempts,pass_yards,pass_tds,interceptions,rush_attempts,rush_yards,rush_tds,targets,receptions,rec_yards,rec_tds,any_td_prob,team_plays,team_pass_attempts,team_rush_attempts,team_pass_yards,team_rush_yards,team_exp_pass_tds,team_exp_rush_tds,team_exp_int,is_active_pid,is_active_nm
2025,1,0.0,2025_01_ARI_NO,Arizona Cardinals,Kyler Murray,QB,00-0035228,1.0,33.48,207.2,2.09,0.82,6.9,25.3,0.24,0.0,0.0,0.0,0.0,0.2123,64.0,32.95,28.8,217.5,123.8,2.3694130101667827,0.9238825265106554,0.8236800000000001,1.0,1.0
2025,1,0.0,2025_01_ARI_NO,Arizona Cardinals,James Conner,RB,00-0033553,1.0,0.0,0.0,0.0,0.0,14.08,47.3,0.56,3.23,2.53,14.6,0.23,0.5437,64.0,32.95,28.8,217.5,123.8,2.3694130101667827,0.9238825265106554,0.8236800000000001,1.0,1.0
2025,1,0.0,2025_01_ARI_NO,Arizona Cardinals,Trey Benson,RB,00-0039921,1.0,0.0,0.0,0.0,0.0,7.82,28.5,0.18,2.01,1.59,10.8,0.14,0.2775,64.0,32.95,28.8,217.5,123.8,2.3694130101667827,0.9238825265106554,0.8236800000000001,1.0,1.0
2025,1,0.0,2025_01_ARI_NO,Arizona Cardinals,Emari Demercado,RB,00-0038705,1.0,0.0,0.0,0.0,0.0,0.0,0.0,0.0,0.0,0.0,0.0,0.0,0.0,64.0,32.95,28.8,217.5,123.8,2.3694130101667827,0.9238825265106554,0.8236800000000001,1.0,1.0
2025,1,0.0,2025_01_ARI_NO,Arizona Cardinals,Trey McBride,TE,00-0037744,1.0,0.0,0.0,0.0,0.0,0.0,0.0,0.0,3.34,2.41,14.6,0.22,0.1965,64.0,32.95,28.8,217.5,123.8,2.3694130101667827,0.9238825265106554,0.8236800000000001,1.0,1.0
2025,1,0.0,2025_01_ARI_NO,Arizona Cardinals,Elijah Higgins,TE,00-0039041,1.0,0.0,0.0,0.0,0.0,0.0,0.0,0.0,0.0,0.0,0.0,0.0,0.0,64.0,32.95,28.8,217.5,123.8,2.3694130101667827,0.9238825265106554,0.8236800000000001,1.0,1.0
2025,1,0.0,2025_01_ARI_NO,Arizona Cardinals,Josiah Deguara,TE,00-0036332,0.0,0.0,0.0,0.0,0.0,0.0,0.0,0.0,0.0,0.0,0.0,0.0,0.0,64.0,32.95,28.8,217.5,123.8,2.3694130101667827,0.9238825265106554,0.8236800000000001,0.0,0.0
2025,1,0.0,2025_01_ARI_NO,Arizona Cardinals,Oscar Cardenas,TE,00-0040381,0.0,0.0,0.0,0.0,0.0,0.0,0.0,0.0,0.0,0.0,0.0,0.0,0.0,64.0,32.95,28.8,217.5,123.8,2.3694130101667827,0.9238825265106554,0.8236800000000001,0.0,0.0
2025,1,0.0,2025_01_ARI_NO,Arizona Cardinals,Tip Reiman,TE,00-0039737,1.0,0.0,0.0,0.0,0.0,0.0,0.0,0.0,0.0,0.0,0.0,0.0,0.0,64.0,32.95,28.8,217.5,123.8,2.3694130101667827,0.9238825265106554,0.8236800000000001,1.0,1.0
2025,1,0.0,2025_01_ARI_NO,Arizona Cardinals,Travis Vokolek,TE,00-0038456,1.0,0.0,0.0,0.0,0.0,0.0,0.0,0.0,0.0,0.0,0.0,0.0,0.0,64.0,32.95,28.8,217.5,123.8,2.3694130101667827,0.9238825265106554,0.8236800000000001,1.0,1.0
2025,1,0.0,2025_01_ARI_NO,Arizona Cardinals,Marvin Harrison Jr.,WR,00-0039849,1.0,0.0,0.0,0.0,0.0,0.0,0.0,0.0,10.5,5.31,52.6,0.71,0.5099,64.0,32.95,28.8,217.5,123.8,2.3694130101667827,0.9238825265106554,0.8236800000000001,1.0,1.0
2025,1,0.0,2025_01_ARI_NO,Arizona Cardinals,Michael Wilson,WR,00-0038559,1.0,0.0,0.0,0.0,0.0,0.0,0.0,0.0,7.91,4.47,45.4,0.56,0.429,64.0,32.95,28.8,217.5,123.8,2.3694130101667827,0.9238825265106554,0.8236800000000001,1.0,1.0
2025,1,0.0,2025_01_ARI_NO,Arizona Cardinals,Zay Jones,WR,00-0033891,1.0,0.0,0.0,0.0,0.0,0.0,0.0,0.0,5.27,3.26,24.7,0.37,0.3068,64.0,32.95,28.8,217.5,123.8,2.3694130101667827,0.9238825265106554,0.8236800000000001,1.0,1.0
2025,1,0.0,2025_01_ARI_NO,Arizona Cardinals,Greg Dortch,WR,00-0035500,1.0,0.0,0.0,0.0,0.0,0.0,0.0,0.0,0.65,0.47,3.4,0.04,0.0433,64.0,32.95,28.8,217.5,123.8,2.3694130101667827,0.9238825265106554,0.8236800000000001,1.0,1.0
2025,1,0.0,2025_01_ARI_NO,Arizona Cardinals,Andre Baccellia,WR,00-0035876,0.0,0.0,0.0,0.0,0.0,0.0,0.0,0.0,0.0,0.0,0.0,0.0,0.0,64.0,32.95,28.8,217.5,123.8,2.3694130101667827,0.9238825265106554,0.8236800000000001,0.0,0.0
2025,1,0.0,2025_01_ARI_NO,Arizona Cardinals,Bryson Green,WR,00-0040383,0.0,0.0,0.0,0.0,0.0,0.0,0.0,0.0,0.0,0.0,0.0,0.0,0.0,64.0,32.95,28.8,217.5,123.8,2.3694130101667827,0.9238825265106554,0.8236800000000001,0.0,0.0
2025,1,0.0,2025_01_ARI_NO,Arizona Cardinals,Xavier Weaver,WR,00-0039521,1.0,0.0,0.0,0.0,0.0,0.0,0.0,0.0,0.0,0.0,0.0,0.0,0.0,64.0,32.95,28.8,217.5,123.8,2.3694130101667827,0.9238825265106554,0.8236800000000001,1.0,1.0
2025,1,0.0,2025_01_ARI_NO,New Orleans Saints,Spencer Rattler,QB,00-0039376,1.0,33.97,206.0,1.93,0.82,4.02,16.0,0.12,0.0,0.0,0.0,0.0,0.1112,64.0,32.95,28.8,217.5,123.8,2.227760974931836,0.8686495048142704,0.8236800000000001,1.0,1.0
2025,1,0.0,2025_01_ARI_NO,New Orleans Saints,Alvin Kamara,RB,00-0033906,1.0,0.0,0.0,0.0,0.0,14.62,50.6,0.53,2.97,2.3,13.0,0.2,0.5197,64.0,32.95,28.8,217.5,123.8,2.227760974931836,0.8686495048142704,0.8236800000000001,1.0,1.0
2025,1,0.0,2025_01_ARI_NO,New Orleans Saints,Kendre Miller,RB,00-0038551,1.0,0.0,0.0,0.0,0.0,8.12,30.0,0.18,1.85,1.38,9.7,0.12,0.259,64.0,32.95,28.8,217.5,123.8,2.227760974931836,0.8686495048142704,0.8236800000000001,1.0,1.0
2025,1,0.0,2025_01_ARI_NO,New Orleans Saints,Devin Neal,RB,00-0040202,1.0,0.0,0.0,0.0,0.0,2.04,7.7,0.05,0.0,0.0,0.0,0.0,0.0474,64.0,32.95,28.8,217.5,123.8,2.227760974931836,0.8686495048142704,0.8236800000000001,1.0,1.0
2025,1,0.0,2025_01_ARI_NO,New Orleans Saints,Juwan Johnson,TE,00-0036040,1.0,0.0,0.0,0.0,0.0,0.0,0.0,0.0,3.35,2.17,15.2,0.2,0.182,64.0,32.95,28.8,217.5,123.8,2.227760974931836,0.8686495048142704,0.8236800000000001,1.0,1.0
2025,1,0.0,2025_01_ARI_NO,New Orleans Saints,Foster Moreau,TE,00-0034981,0.0,0.0,0.0,0.0,0.0,0.0,0.0,0.0,0.0,0.0,0.0,0.0,0.0,64.0,32.95,28.8,217.5,123.8,2.227760974931836,0.8686495048142704,0.8236800000000001,0.0,0.0
2025,1,0.0,2025_01_ARI_NO,New Orleans Saints,Jack Stoll,TE,00-0036741,1.0,0.0,0.0,0.0,0.0,0.0,0.0,0.0,0.0,0.0,0.0,0.0,0.0,64.0,32.95,28.8,217.5,123.8,2.227760974931836,0.8686495048142704,0.8236800000000001,1.0,1.0
2025,1,0.0,2025_01_ARI_NO,New Orleans Saints,Moliki Matavao,TE,00-0040244,1.0,0.0,0.0,0.0,0.0,0.0,0.0,0.0,0.0,0.0,0.0,0.0,0.0,64.0,32.95,28.8,217.5,123.8,2.227760974931836,0.8686495048142704,0.8236800000000001,1.0,1.0
2025,1,0.0,2025_01_ARI_NO,New Orleans Saints,Chris Olave,WR,00-0037239,1.0,0.0,0.0,0.0,0.0,0.0,0.0,0.0,8.38,5.07,40.5,0.51,0.4022,64.0,32.95,28.8,217.5,123.8,2.227760974931836,0.8686495048142704,0.8236800000000001,1.0,1.0
2025,1,0.0,2025_01_ARI_NO,New Orleans Saints,Rashid Shaheed,WR,None,1.0,0.0,0.0,0.0,0.0,0.0,0.0,0.0,6.31,4.05,58.6,0.43,0.3474,64.0,32.95,28.8,217.5,123.8,2.227760974931836,0.8686495048142704,0.8236800000000001,0.0,1.0
2025,1,0.0,2025_01_ARI_NO,New Orleans Saints,Brandin Cooks,WR,None,1.0,0.0,0.0,0.0,0.0,0.0,0.0,0.0,4.21,2.69,37.4,0.28,0.2476,64.0,32.95,28.8,217.5,123.8,2.227760974931836,0.8686495048142704,0.8236800000000001,0.0,1.0
2025,1,0.0,2025_01_ARI_NO,New Orleans Saints,R.Shaheed,WR,None,0.0,0.0,0.0,0.0,0.0,0.0,0.0,0.0,3.31,2.12,31.9,0.22,0.2006,64.0,32.95,28.8,217.5,123.8,2.227760974931836,0.8686495048142704,0.8236800000000001,0.0,0.0
2025,1,0.0,2025_01_ARI_NO,New Orleans Saints,B.Cooks,WR,None,0.0,0.0,0.0,0.0,0.0,0.0,0.0,0.0,1.47,0.91,13.7,0.1,0.0947,64.0,32.95,28.8,217.5,123.8,2.227760974931836,0.8686495048142704,0.8236800000000001,0.0,0.0
2025,1,0.0,2025_01_ARI_NO,New Orleans Saints,Devaughn Vele,WR,00-0039424,1.0,0.0,0.0,0.0,0.0,0.0,0.0,0.0,0.74,0.45,4.1,0.05,0.0457,64.0,32.95,28.8,217.5,123.8,2.227760974931836,0.8686495048142704,0.8236800000000001,1.0,1.0
2025,1,0.0,2025_01_ARI_NO,New Orleans Saints,Bub Means,WR,00-0039386,1.0,0.0,0.0,0.0,0.0,0.0,0.0,0.0,0.0,0.0,0.0,0.0,0.0,64.0,32.95,28.8,217.5,123.8,2.227760974931836,0.8686495048142704,0.8236800000000001,0.0,0.0
2025,1,0.0,2025_01_ARI_NO,New Orleans Saints,Dante Pettis,WR,00-0034860,0.0,0.0,0.0,0.0,0.0,0.0,0.0,0.0,0.0,0.0,0.0,0.0,0.0,64.0,32.95,28.8,217.5,123.8,2.227760974931836,0.8686495048142704,0.8236800000000001,0.0,0.0
2025,1,0.0,2025_01_ARI_NO,New Orleans Saints,Mason Tipton,WR,00-0039623,1.0,0.0,0.0,0.0,0.0,0.0,0.0,0.0,0.0,0.0,0.0,0.0,0.0,64.0,32.95,28.8,217.5,123.8,2.227760974931836,0.8686495048142704,0.8236800000000001,1.0,1.0
2025,1,0.0,2025_01_BAL_BUF,Baltimore Ravens,Lamar Jackson,QB,00-0034796,1.0,31.93,210.2,1.78,0.82,9.39,33.0,0.17,0.0,0.0,0.0,0.0,0.1554,64.0,32.95,28.8,217.5,123.8,1.5420316938569112,0.6012696525118462,0.8236800000000001,1.0,1.0
2025,1,0.0,2025_01_BAL_BUF,Baltimore Ravens,Derrick Henry,RB,00-0032764,1.0,0.0,0.0,0.0,0.0,12.07,40.5,0.33,3.47,2.5,14.8,0.16,0.3915,64.0,32.95,28.8,217.5,123.8,1.5420316938569112,0.6012696525118462,0.8236800000000001,1.0,1.0
2025,1,0.0,2025_01_BAL_BUF,Baltimore Ravens,Justice Hill,RB,00-0034975,1.0,0.0,0.0,0.0,0.0,6.71,23.5,0.12,2.16,1.59,8.7,0.1,0.1974,64.0,32.95,28.8,217.5,123.8,1.5420316938569112,0.6012696525118462,0.8236800000000001,1.0,1.0
2025,1,0.0,2025_01_BAL_BUF,Baltimore Ravens,Rasheen Ali,RB,00-0039796,1.0,0.0,0.0,0.0,0.0,0.64,2.5,0.01,0.0,0.0,0.0,0.0,0.0122,64.0,32.95,28.8,217.5,123.8,1.5420316938569112,0.6012696525118462,0.8236800000000001,1.0,1.0
2025,1,0.0,2025_01_BAL_BUF,Baltimore Ravens,Mark Andrews,TE,00-0034753,1.0,0.0,0.0,0.0,0.0,0.0,0.0,0.0,3.17,2.05,13.6,0.14,0.1326,64.0,32.95,28.8,217.5,123.8,1.5420316938569112,0.6012696525118462,0.8236800000000001,1.0,1.0
2025,1,0.0,2025_01_BAL_BUF,Baltimore Ravens,Baylor Cupp,TE,00-0039316,0.0,0.0,0.0,0.0,0.0,0.0,0.0,0.0,0.0,0.0,0.0,0.0,0.0,64.0,32.95,28.8,217.5,123.8,1.5420316938569112,0.6012696525118462,0.8236800000000001,0.0,0.0
2025,1,0.0,2025_01_BAL_BUF,Baltimore Ravens,Charlie Kolar,TE,00-0038046,1.0,0.0,0.0,0.0,0.0,0.0,0.0,0.0,0.0,0.0,0.0,0.0,0.0,64.0,32.95,28.8,217.5,123.8,1.5420316938569112,0.6012696525118462,0.8236800000000001,1.0,1.0
2025,1,0.0,2025_01_BAL_BUF,Baltimore Ravens,Isaiah Likely,TE,00-0037838,1.0,0.0,0.0,0.0,0.0,0.0,0.0,0.0,0.0,0.0,0.0,0.0,0.0,64.0,32.95,28.8,217.5,123.8,1.5420316938569112,0.6012696525118462,0.8236800000000001,0.0,0.0
2025,1,0.0,2025_01_BAL_BUF,Baltimore Ravens,Zay Flowers,WR,00-0039064,1.0,0.0,0.0,0.0,0.0,0.0,0.0,0.0,10.71,7.22,53.0,0.46,0.3687,64.0,32.95,28.8,217.5,123.8,1.5420316938569112,0.6012696525118462,0.8236800000000001,1.0,1.0
2025,1,0.0,2025_01_BAL_BUF,Baltimore Ravens,Rashod Bateman,WR,00-0036550,1.0,0.0,0.0,0.0,0.0,0.0,0.0,0.0,8.06,4.71,40.0,0.35,0.2986,64.0,32.95,28.8,217.5,123.8,1.5420316938569112,0.6012696525118462,0.8236800000000001,1.0,1.0
2025,1,0.0,2025_01_BAL_BUF,Baltimore Ravens,DeAndre Hopkins,WR,00-0030564,1.0,0.0,0.0,0.0,0.0,0.0,0.0,0.0,5.38,3.15,24.4,0.23,0.2077,64.0,32.95,28.8,217.5,123.8,1.5420316938569112,0.6012696525118462,0.8236800000000001,1.0,1.0
2025,1,0.0,2025_01_BAL_BUF,Baltimore Ravens,Anthony Miller,WR,00-0034353,0.0,0.0,0.0,0.0,0.0,0.0,0.0,0.0,0.0,0.0,0.0,0.0,0.0,64.0,32.95,28.8,217.5,123.8,1.5420316938569112,0.6012696525118462,0.8236800000000001,0.0,0.0
2025,1,0.0,2025_01_BAL_BUF,Baltimore Ravens,Cornelius Johnson,WR,00-0039437,0.0,0.0,0.0,0.0,0.0,0.0,0.0,0.0,0.0,0.0,0.0,0.0,0.0,64.0,32.95,28.8,217.5,123.8,1.5420316938569112,0.6012696525118462,0.8236800000000001,0.0,0.0
2025,1,0.0,2025_01_BAL_BUF,Baltimore Ravens,Dayton Wade,WR,00-0039259,1.0,0.0,0.0,0.0,0.0,0.0,0.0,0.0,0.0,0.0,0.0,0.0,0.0,64.0,32.95,28.8,217.5,123.8,1.5420316938569112,0.6012696525118462,0.8236800000000001,0.0,0.0
2025,1,0.0,2025_01_BAL_BUF,Baltimore Ravens,Devontez Walker,WR,00-0039792,1.0,0.0,0.0,0.0,0.0,0.0,0.0,0.0,0.0,0.0,0.0,0.0,0.0,64.0,32.95,28.8,217.5,123.8,1.5420316938569112,0.6012696525118462,0.8236800000000001,1.0,1.0
2025,1,0.0,2025_01_BAL_BUF,Baltimore Ravens,LaJohntay Wester,WR,00-0040075,1.0,0.0,0.0,0.0,0.0,0.0,0.0,0.0,0.0,0.0,0.0,0.0,0.0,64.0,32.95,28.8,217.5,123.8,1.5420316938569112,0.6012696525118462,0.8236800000000001,1.0,1.0
2025,1,0.0,2025_01_BAL_BUF,Baltimore Ravens,Tylan Wallace,WR,00-0036630,1.0,0.0,0.0,0.0,0.0,0.0,0.0,0.0,0.0,0.0,0.0,0.0,0.0,64.0,32.95,28.8,217.5,123.8,1.5420316938569112,0.6012696525118462,0.8236800000000001,1.0,1.0
2025,1,0.0,2025_01_BAL_BUF,Buffalo Bills,Josh Allen,QB,00-0034857,1.0,33.07,211.3,1.89,0.82,8.23,29.4,0.22,0.0,0.0,0.0,0.0,0.2002,64.0,32.95,28.8,217.5,123.8,1.8203303722885276,0.709783991316747,0.8236800000000001,1.0,1.0
2025,1,0.0,2025_01_BAL_BUF,Buffalo Bills,James Cook,RB,00-0037248,1.0,0.0,0.0,0.0,0.0,12.09,41.6,0.39,3.04,2.34,13.7,0.17,0.4265,64.0,32.95,28.8,217.5,123.8,1.8203303722885276,0.709783991316747,0.8236800000000001,1.0,1.0
2025,1,0.0,2025_01_BAL_BUF,Buffalo Bills,Ray Davis,RB,00-0039875,1.0,0.0,0.0,0.0,0.0,6.71,23.9,0.13,1.89,1.44,9.7,0.11,0.2144,64.0,32.95,28.8,217.5,123.8,1.8203303722885276,0.709783991316747,0.8236800000000001,1.0,1.0
2025,1,0.0,2025_01_BAL_BUF,Buffalo Bills,Ty Johnson,RB,00-0035537,1.0,0.0,0.0,0.0,0.0,1.2,4.4,0.03,0.56,0.35,2.9,0.03,0.0543,64.0,32.95,28.8,217.5,123.8,1.8203303722885276,0.709783991316747,0.8236800000000001,1.0,1.0
2025,1,0.0,2025_01_BAL_BUF,Buffalo Bills,E.Moore,RB,None,0.0,0.0,0.0,0.0,0.0,0.57,2.3,0.01,0.45,0.33,3.1,0.02,0.0359,64.0,32.95,28.8,217.5,123.8,1.8203303722885276,0.709783991316747,0.8236800000000001,0.0,0.0
2025,1,0.0,2025_01_BAL_BUF,Buffalo Bills,Dalton Kincaid,TE,00-0038933,1.0,0.0,0.0,0.0,0.0,0.0,0.0,0.0,3.19,2.17,14.2,0.16,0.1464,64.0,32.95,28.8,217.5,123.8,1.8203303722885276,0.709783991316747,0.8236800000000001,1.0,1.0
2025,1,0.0,2025_01_BAL_BUF,Buffalo Bills,Dawson Knox,TE,00-0035689,1.0,0.0,0.0,0.0,0.0,0.0,0.0,0.0,0.0,0.0,0.0,0.0,0.0,64.0,32.95,28.8,217.5,123.8,1.8203303722885276,0.709783991316747,0.8236800000000001,1.0,1.0
2025,1,0.0,2025_01_BAL_BUF,Buffalo Bills,Jackson Hawes,TE,00-0040194,1.0,0.0,0.0,0.0,0.0,0.0,0.0,0.0,0.0,0.0,0.0,0.0,0.0,64.0,32.95,28.8,217.5,123.8,1.8203303722885276,0.709783991316747,0.8236800000000001,1.0,1.0
2025,1,0.0,2025_01_BAL_BUF,Buffalo Bills,Keon Coleman,WR,00-0039901,1.0,0.0,0.0,0.0,0.0,0.0,0.0,0.0,9.19,4.48,47.9,0.51,0.3975,64.0,32.95,28.8,217.5,123.8,1.8203303722885276,0.709783991316747,0.8236800000000001,1.0,1.0
2025,1,0.0,2025_01_BAL_BUF,Buffalo Bills,Khalil Shakir,WR,00-0037261,1.0,0.0,0.0,0.0,0.0,0.0,0.0,0.0,6.92,4.94,32.1,0.36,0.2997,64.0,32.95,28.8,217.5,123.8,1.8203303722885276,0.709783991316747,0.8236800000000001,1.0,1.0
2025,1,0.0,2025_01_BAL_BUF,Buffalo Bills,Joshua Palmer,WR,None,0.0,0.0,0.0,0.0,0.0,0.0,0.0,0.0,4.61,2.9,40.5,0.25,0.225,64.0,32.95,28.8,217.5,123.8,1.8203303722885276,0.709783991316747,0.8236800000000001,0.0,0.0
2025,1,0.0,2025_01_BAL_BUF,Buffalo Bills,Josh Palmer,WR,00-0036988,1.0,0.0,0.0,0.0,0.0,0.0,0.0,0.0,3.1,1.76,15.3,0.16,0.1481,64.0,32.95,28.8,217.5,123.8,1.8203303722885276,0.709783991316747,0.8236800000000001,1.0,1.0
2025,1,0.0,2025_01_BAL_BUF,Buffalo Bills,Brandin Cooks,WR,00-0031236,0.0,0.0,0.0,0.0,0.0,0.0,0.0,0.0,0.0,0.0,0.0,0.0,0.0,64.0,32.95,28.8,217.5,123.8,1.8203303722885276,0.709783991316747,0.8236800000000001,0.0,0.0
2025,1,0.0,2025_01_BAL_BUF,Buffalo Bills,Curtis Samuel,WR,00-0033282,1.0,0.0,0.0,0.0,0.0,0.0,0.0,0.0,0.0,0.0,0.0,0.0,0.0,64.0,32.95,28.8,217.5,123.8,1.8203303722885276,0.709783991316747,0.8236800000000001,0.0,0.0
2025,1,0.0,2025_01_BAL_BUF,Buffalo Bills,David White,WR,00-0039562,1.0,0.0,0.0,0.0,0.0,0.0,0.0,0.0,0.0,0.0,0.0,0.0,0.0,64.0,32.95,28.8,217.5,123.8,1.8203303722885276,0.709783991316747,0.8236800000000001,1.0,1.0
2025,1,0.0,2025_01_BAL_BUF,Buffalo Bills,Tyrell Shavers,WR,00-0038679,1.0,0.0,0.0,0.0,0.0,0.0,0.0,0.0,0.0,0.0,0.0,0.0,0.0,64.0,32.95,28.8,217.5,123.8,1.8203303722885276,0.709783991316747,0.8236800000000001,1.0,1.0
2025,1,0.0,2025_01_CAR_JAX,Carolina Panthers,Bryce Young,QB,00-0039150,1.0,33.13,201.1,1.6,0.82,4.86,19.6,0.12,0.0,0.0,0.0,0.0,0.1102,64.0,32.95,28.8,217.5,123.8,1.7765717036960702,0.6927215926878578,0.8236800000000001,1.0,1.0
2025,1,0.0,2025_01_CAR_JAX,Carolina Panthers,Chuba Hubbard,RB,00-0036555,1.0,0.0,0.0,0.0,0.0,14.81,52.2,0.43,3.43,2.55,14.8,0.18,0.4613,64.0,32.95,28.8,217.5,123.8,1.7765717036960702,0.6927215926878578,0.8236800000000001,1.0,1.0
2025,1,0.0,2025_01_CAR_JAX,Carolina Panthers,Rico Dowdle,RB,00-0036139,1.0,0.0,0.0,0.0,0.0,8.23,27.7,0.15,2.13,1.62,9.3,0.12,0.2361,64.0,32.95,28.8,217.5,123.8,1.7765717036960702,0.6927215926878578,0.8236800000000001,1.0,1.0
2025,1,0.0,2025_01_CAR_JAX,Carolina Panthers,Trevor Etienne,RB,00-0040644,1.0,0.0,0.0,0.0,0.0,0.91,3.4,0.02,0.0,0.0,0.0,0.0,0.0177,64.0,32.95,28.8,217.5,123.8,1.7765717036960702,0.6927215926878578,0.8236800000000001,1.0,1.0
2025,1,0.0,2025_01_CAR_JAX,Carolina Panthers,Ja'Tavion Sanders,TE,00-0039356,1.0,0.0,0.0,0.0,0.0,0.0,0.0,0.0,3.29,2.36,16.6,0.17,0.1572,64.0,32.95,28.8,217.5,123.8,1.7765717036960702,0.6927215926878578,0.8236800000000001,1.0,1.0
2025,1,0.0,2025_01_CAR_JAX,Carolina Panthers,Bryce Pierre,TE,00-0040292,0.0,0.0,0.0,0.0,0.0,0.0,0.0,0.0,0.0,0.0,0.0,0.0,0.0,64.0,32.95,28.8,217.5,123.8,1.7765717036960702,0.6927215926878578,0.8236800000000001,0.0,0.0
2025,1,0.0,2025_01_CAR_JAX,Carolina Panthers,Dominique Dafney,TE,00-0036456,0.0,0.0,0.0,0.0,0.0,0.0,0.0,0.0,0.0,0.0,0.0,0.0,0.0,64.0,32.95,28.8,217.5,123.8,1.7765717036960702,0.6927215926878578,0.8236800000000001,0.0,0.0
2025,1,0.0,2025_01_CAR_JAX,Carolina Panthers,Mitchell Evans,TE,00-0040187,1.0,0.0,0.0,0.0,0.0,0.0,0.0,0.0,0.0,0.0,0.0,0.0,0.0,64.0,32.95,28.8,217.5,123.8,1.7765717036960702,0.6927215926878578,0.8236800000000001,1.0,1.0
2025,1,0.0,2025_01_CAR_JAX,Carolina Panthers,Tommy Tremble,TE,00-0037005,1.0,0.0,0.0,0.0,0.0,0.0,0.0,0.0,0.0,0.0,0.0,0.0,0.0,64.0,32.95,28.8,217.5,123.8,1.7765717036960702,0.6927215926878578,0.8236800000000001,1.0,1.0
2025,1,0.0,2025_01_CAR_JAX,Carolina Panthers,Tetairoa McMillan,WR,00-0040124,1.0,0.0,0.0,0.0,0.0,0.0,0.0,0.0,10.69,5.97,54.5,0.54,0.4194,64.0,32.95,28.8,217.5,123.8,1.7765717036960702,0.6927215926878578,0.8236800000000001,1.0,1.0
2025,1,0.0,2025_01_CAR_JAX,Carolina Panthers,Xavier Legette,WR,00-0039342,1.0,0.0,0.0,0.0,0.0,0.0,0.0,0.0,8.05,4.28,38.3,0.43,0.3486,64.0,32.95,28.8,217.5,123.8,1.7765717036960702,0.6927215926878578,0.8236800000000001,1.0,1.0
2025,1,0.0,2025_01_CAR_JAX,Carolina Panthers,Hunter Renfrow,WR,00-0034983,1.0,0.0,0.0,0.0,0.0,0.0,0.0,0.0,5.36,3.28,25.0,0.28,0.2435,64.0,32.95,28.8,217.5,123.8,1.7765717036960702,0.6927215926878578,0.8236800000000001,1.0,1.0
2025,1,0.0,2025_01_CAR_JAX,Carolina Panthers,Ainias Smith,WR,00-0039747,0.0,0.0,0.0,0.0,0.0,0.0,0.0,0.0,0.0,0.0,0.0,0.0,0.0,64.0,32.95,28.8,217.5,123.8,1.7765717036960702,0.6927215926878578,0.8236800000000001,0.0,0.0
2025,1,0.0,2025_01_CAR_JAX,Carolina Panthers,Brycen Tremayne,WR,00-0038840,1.0,0.0,0.0,0.0,0.0,0.0,0.0,0.0,0.0,0.0,0.0,0.0,0.0,64.0,32.95,28.8,217.5,123.8,1.7765717036960702,0.6927215926878578,0.8236800000000001,1.0,1.0
2025,1,0.0,2025_01_CAR_JAX,Carolina Panthers,Dan Chisena,WR,00-0035976,0.0,0.0,0.0,0.0,0.0,0.0,0.0,0.0,0.0,0.0,0.0,0.0,0.0,64.0,32.95,28.8,217.5,123.8,1.7765717036960702,0.6927215926878578,0.8236800000000001,0.0,0.0
2025,1,0.0,2025_01_CAR_JAX,Carolina Panthers,David Moore,WR,00-0033589,1.0,0.0,0.0,0.0,0.0,0.0,0.0,0.0,0.0,0.0,0.0,0.0,0.0,64.0,32.95,28.8,217.5,123.8,1.7765717036960702,0.6927215926878578,0.8236800000000001,1.0,1.0
2025,1,0.0,2025_01_CAR_JAX,Jacksonville Jaguars,Trevor Lawrence,QB,00-0036971,1.0,33.64,209.6,2.0,0.82,3.21,11.8,0.12,0.0,0.0,0.0,0.0,0.1114,64.0,32.95,28.8,217.5,123.8,2.2406317141394982,0.8736680689085046,0.8236800000000001,1.0,1.0
2025,1,0.0,2025_01_CAR_JAX,Jacksonville Jaguars,Travis Etienne Jr.,RB,None,0.0,0.0,0.0,0.0,0.0,11.56,53.2,0.43,3.21,2.24,19.7,0.22,0.4766,64.0,32.95,28.8,217.5,123.8,2.2406317141394982,0.8736680689085046,0.8236800000000001,0.0,0.0
2025,1,0.0,2025_01_CAR_JAX,Jacksonville Jaguars,Bhayshul Tuten,RB,00-0040719,1.0,0.0,0.0,0.0,0.0,6.42,22.8,0.17,2.0,1.43,10.9,0.14,0.2657,64.0,32.95,28.8,217.5,123.8,2.2406317141394982,0.8736680689085046,0.8236800000000001,1.0,1.0
2025,1,0.0,2025_01_CAR_JAX,Jacksonville Jaguars,Travis Etienne,RB,00-0036973,1.0,0.0,0.0,0.0,0.0,4.43,15.1,0.12,1.46,1.07,6.2,0.1,0.1955,64.0,32.95,28.8,217.5,123.8,2.2406317141394982,0.8736680689085046,0.8236800000000001,1.0,1.0
2025,1,0.0,2025_01_CAR_JAX,Jacksonville Jaguars,T.Bigsby,RB,None,0.0,0.0,0.0,0.0,0.0,2.65,10.4,0.07,0.0,0.0,0.0,0.0,0.0652,64.0,32.95,28.8,217.5,123.8,2.2406317141394982,0.8736680689085046,0.8236800000000001,0.0,0.0
2025,1,0.0,2025_01_CAR_JAX,Jacksonville Jaguars,LeQuint Allen Jr.,RB,00-0040238,1.0,0.0,0.0,0.0,0.0,0.53,2.0,0.01,0.49,0.38,2.8,0.03,0.0466,64.0,32.95,28.8,217.5,123.8,2.2406317141394982,0.8736680689085046,0.8236800000000001,1.0,1.0
2025,1,0.0,2025_01_CAR_JAX,Jacksonville Jaguars,Brenton Strange,TE,00-0038935,1.0,0.0,0.0,0.0,0.0,0.0,0.0,0.0,3.29,2.22,16.9,0.21,0.1894,64.0,32.95,28.8,217.5,123.8,2.2406317141394982,0.8736680689085046,0.8236800000000001,1.0,1.0
2025,1,0.0,2025_01_CAR_JAX,Jacksonville Jaguars,Hunter Long,TE,00-0037004,1.0,0.0,0.0,0.0,0.0,0.0,0.0,0.0,0.0,0.0,0.0,0.0,0.0,64.0,32.95,28.8,217.5,123.8,2.2406317141394982,0.8736680689085046,0.8236800000000001,1.0,1.0
2025,1,0.0,2025_01_CAR_JAX,Jacksonville Jaguars,John Copenhaver,TE,00-0040327,0.0,0.0,0.0,0.0,0.0,0.0,0.0,0.0,0.0,0.0,0.0,0.0,0.0,64.0,32.95,28.8,217.5,123.8,2.2406317141394982,0.8736680689085046,0.8236800000000001,0.0,0.0
2025,1,0.0,2025_01_CAR_JAX,Jacksonville Jaguars,Johnny Mundt,TE,00-0033246,1.0,0.0,0.0,0.0,0.0,0.0,0.0,0.0,0.0,0.0,0.0,0.0,0.0,64.0,32.95,28.8,217.5,123.8,2.2406317141394982,0.8736680689085046,0.8236800000000001,1.0,1.0
2025,1,0.0,2025_01_CAR_JAX,Jacksonville Jaguars,Brian Thomas Jr.,WR,00-0039893,1.0,0.0,0.0,0.0,0.0,0.0,0.0,0.0,9.94,5.53,48.7,0.63,0.4655,64.0,32.95,28.8,217.5,123.8,2.2406317141394982,0.8736680689085046,0.8236800000000001,1.0,1.0
2025,1,0.0,2025_01_CAR_JAX,Jacksonville Jaguars,Travis Hunter,WR,00-0040718,1.0,0.0,0.0,0.0,0.0,0.0,0.0,0.0,7.48,4.58,46.5,0.49,0.3849,64.0,32.95,28.8,217.5,123.8,2.2406317141394982,0.8736680689085046,0.8236800000000001,1.0,1.0
2025,1,0.0,2025_01_CAR_JAX,Jacksonville Jaguars,Dyami Brown,WR,00-0036626,1.0,0.0,0.0,0.0,0.0,0.0,0.0,0.0,4.99,2.85,24.5,0.32,0.2754,64.0,32.95,28.8,217.5,123.8,2.2406317141394982,0.8736680689085046,0.8236800000000001,1.0,1.0
2025,1,0.0,2025_01_CAR_JAX,Jacksonville Jaguars,Austin Trammell,WR,00-0036841,0.0,0.0,0.0,0.0,0.0,0.0,0.0,0.0,0.0,0.0,0.0,0.0,0.0,64.0,32.95,28.8,217.5,123.8,2.2406317141394982,0.8736680689085046,0.8236800000000001,0.0,0.0
2025,1,0.0,2025_01_CAR_JAX,Jacksonville Jaguars,Cam Camper,WR,00-0040324,0.0,0.0,0.0,0.0,0.0,0.0,0.0,0.0,0.0,0.0,0.0,0.0,0.0,64.0,32.95,28.8,217.5,123.8,2.2406317141394982,0.8736680689085046,0.8236800000000001,0.0,0.0
2025,1,0.0,2025_01_CAR_JAX,Jacksonville Jaguars,Parker Washington,WR,00-0038606,1.0,0.0,0.0,0.0,0.0,0.0,0.0,0.0,0.0,0.0,0.0,0.0,0.0,64.0,32.95,28.8,217.5,123.8,2.2406317141394982,0.8736680689085046,0.8236800000000001,1.0,1.0
2025,1,0.0,2025_01_CAR_JAX,Jacksonville Jaguars,Tim Patrick,WR,00-0033375,1.0,0.0,0.0,0.0,0.0,0.0,0.0,0.0,0.0,0.0,0.0,0.0,0.0,64.0,32.95,28.8,217.5,123.8,2.2406317141394982,0.8736680689085046,0.8236800000000001,1.0,1.0
2025,1,0.0,2025_01_CIN_CLE,Cincinnati Bengals,Joe Burrow,QB,00-0036442,1.0,35.56,220.9,2.55,0.82,4.18,16.0,0.16,0.0,0.0,0.0,0.0,0.149,64.0,32.95,28.8,217.5,123.8,2.538488908325556,0.9898086724770736,0.8236800000000001,1.0,1.0
2025,1,0.0,2025_01_CIN_CLE,Cincinnati Bengals,Chase Brown,RB,00-0038597,1.0,0.0,0.0,0.0,0.0,15.83,53.5,0.66,3.32,2.57,14.5,0.26,0.604,64.0,32.95,28.8,217.5,123.8,2.538488908325556,0.9898086724770736,0.8236800000000001,1.0,1.0
2025,1,0.0,2025_01_CIN_CLE,Cincinnati Bengals,Samaje Perine,RB,00-0033526,1.0,0.0,0.0,0.0,0.0,8.79,31.1,0.24,2.06,1.59,8.5,0.16,0.3252,64.0,32.95,28.8,217.5,123.8,2.538488908325556,0.9898086724770736,0.8236800000000001,1.0,1.0
2025,1,0.0,2025_01_CIN_CLE,Cincinnati Bengals,Tahj Brooks,RB,00-0040208,1.0,0.0,0.0,0.0,0.0,0.0,0.0,0.0,0.0,0.0,0.0,0.0,0.0,64.0,32.95,28.8,217.5,123.8,2.538488908325556,0.9898086724770736,0.8236800000000001,1.0,1.0
2025,1,0.0,2025_01_CIN_CLE,Cincinnati Bengals,Noah Fant,TE,00-0035644,1.0,0.0,0.0,0.0,0.0,0.0,0.0,0.0,3.33,2.39,14.5,0.23,0.2017,64.0,32.95,28.8,217.5,123.8,2.538488908325556,0.9898086724770736,0.8236800000000001,1.0,1.0
2025,1,0.0,2025_01_CIN_CLE,Cincinnati Bengals,Mike Gesicki,TE,00-0034829,1.0,0.0,0.0,0.0,0.0,0.0,0.0,0.0,1.65,1.06,7.6,0.12,0.1128,64.0,32.95,28.8,217.5,123.8,2.538488908325556,0.9898086724770736,0.8236800000000001,1.0,1.0
2025,1,0.0,2025_01_CIN_CLE,Cincinnati Bengals,Cam Grandy,TE,00-0039631,0.0,0.0,0.0,0.0,0.0,0.0,0.0,0.0,0.0,0.0,0.0,0.0,0.0,64.0,32.95,28.8,217.5,123.8,2.538488908325556,0.9898086724770736,0.8236800000000001,0.0,0.0
2025,1,0.0,2025_01_CIN_CLE,Cincinnati Bengals,Drew Sample,TE,00-0035631,1.0,0.0,0.0,0.0,0.0,0.0,0.0,0.0,0.0,0.0,0.0,0.0,0.0,64.0,32.95,28.8,217.5,123.8,2.538488908325556,0.9898086724770736,0.8236800000000001,1.0,1.0
2025,1,0.0,2025_01_CIN_CLE,Cincinnati Bengals,Erick All,TE,00-0039814,0.0,0.0,0.0,0.0,0.0,0.0,0.0,0.0,0.0,0.0,0.0,0.0,0.0,64.0,32.95,28.8,217.5,123.8,2.538488908325556,0.9898086724770736,0.8236800000000001,0.0,0.0
2025,1,0.0,2025_01_CIN_CLE,Cincinnati Bengals,Tanner Hudson,TE,00-0034613,1.0,0.0,0.0,0.0,0.0,0.0,0.0,0.0,0.0,0.0,0.0,0.0,0.0,64.0,32.95,28.8,217.5,123.8,2.538488908325556,0.9898086724770736,0.8236800000000001,1.0,1.0
2025,1,0.0,2025_01_CIN_CLE,Cincinnati Bengals,Ja'Marr Chase,WR,00-0036900,1.0,0.0,0.0,0.0,0.0,0.0,0.0,0.0,9.9,6.38,45.0,0.74,0.5209,64.0,32.95,28.8,217.5,123.8,2.538488908325556,0.9898086724770736,0.8236800000000001,1.0,1.0
2025,1,0.0,2025_01_CIN_CLE,Cincinnati Bengals,Tee Higgins,WR,00-0036410,1.0,0.0,0.0,0.0,0.0,0.0,0.0,0.0,7.46,4.48,34.3,0.56,0.4287,64.0,32.95,28.8,217.5,123.8,2.538488908325556,0.9898086724770736,0.8236800000000001,1.0,1.0
2025,1,0.0,2025_01_CIN_CLE,Cincinnati Bengals,Andrei Iosivas,WR,00-0038619,1.0,0.0,0.0,0.0,0.0,0.0,0.0,0.0,4.97,2.69,23.1,0.37,0.3106,64.0,32.95,28.8,217.5,123.8,2.538488908325556,0.9898086724770736,0.8236800000000001,1.0,1.0
2025,1,0.0,2025_01_CIN_CLE,Cincinnati Bengals,Charlie Jones,WR,00-0038576,1.0,0.0,0.0,0.0,0.0,0.0,0.0,0.0,0.0,0.0,0.0,0.0,0.0,64.0,32.95,28.8,217.5,123.8,2.538488908325556,0.9898086724770736,0.8236800000000001,1.0,1.0
2025,1,0.0,2025_01_CIN_CLE,Cincinnati Bengals,Cole Burgess,WR,00-0039626,0.0,0.0,0.0,0.0,0.0,0.0,0.0,0.0,0.0,0.0,0.0,0.0,0.0,64.0,32.95,28.8,217.5,123.8,2.538488908325556,0.9898086724770736,0.8236800000000001,0.0,0.0
2025,1,0.0,2025_01_CIN_CLE,Cincinnati Bengals,Mitchell Tinsley,WR,00-0038839,1.0,0.0,0.0,0.0,0.0,0.0,0.0,0.0,0.0,0.0,0.0,0.0,0.0,64.0,32.95,28.8,217.5,123.8,2.538488908325556,0.9898086724770736,0.8236800000000001,1.0,1.0
2025,1,0.0,2025_01_CIN_CLE,Cleveland Browns,Bailey Zappe,QB,00-0038108,1.0,29.97,182.7,1.62,0.82,2.5,10.5,0.07,0.0,0.0,0.0,0.0,0.0643,64.0,32.95,28.8,217.5,123.8,1.958101648238018,0.7635038257055404,0.8236800000000001,0.0,0.0
2025,1,0.0,2025_01_CIN_CLE,Cleveland Browns,Quinshon Judkins,RB,00-0040784,1.0,0.0,0.0,0.0,0.0,11.72,41.1,0.39,3.08,2.16,16.9,0.18,0.4308,64.0,32.95,28.8,217.5,123.8,1.958101648238018,0.7635038257055404,0.8236800000000001,0.0,0.0
2025,1,0.0,2025_01_CIN_CLE,Cleveland Browns,Dylan Sampson,RB,00-0040162,1.0,0.0,0.0,0.0,0.0,4.49,16.8,0.1,2.59,1.96,13.6,0.16,0.2252,64.0,32.95,28.8,217.5,123.8,1.958101648238018,0.7635038257055404,0.8236800000000001,1.0,1.0
2025,1,0.0,2025_01_CIN_CLE,Cleveland Browns,Jerome Ford,RB,00-0037267,1.0,0.0,0.0,0.0,0.0,6.51,22.9,0.13,1.92,1.4,8.4,0.11,0.2162,64.0,32.95,28.8,217.5,123.8,1.958101648238018,0.7635038257055404,0.8236800000000001,1.0,1.0
2025,1,0.0,2025_01_CIN_CLE,Cleveland Browns,Raheim Sanders,RB,00-0040466,1.0,0.0,0.0,0.0,0.0,2.15,8.2,0.05,0.0,0.0,0.0,0.0,0.0492,64.0,32.95,28.8,217.5,123.8,1.958101648238018,0.7635038257055404,0.8236800000000001,1.0,1.0
2025,1,0.0,2025_01_CIN_CLE,Cleveland Browns,J.Flacco,RB,None,0.0,0.0,0.0,0.0,0.0,1.43,5.8,0.03,0.0,0.0,0.0,0.0,0.0314,64.0,32.95,28.8,217.5,123.8,1.958101648238018,0.7635038257055404,0.8236800000000001,0.0,0.0
2025,1,0.0,2025_01_CIN_CLE,Cleveland Browns,Harold Fannin Jr.,TE,00-0040663,1.0,0.0,0.0,0.0,0.0,0.0,0.0,0.0,3.44,2.14,16.6,0.18,0.1671,64.0,32.95,28.8,217.5,123.8,1.958101648238018,0.7635038257055404,0.8236800000000001,1.0,1.0
2025,1,0.0,2025_01_CIN_CLE,Cleveland Browns,David Njoku,TE,00-0033885,1.0,0.0,0.0,0.0,0.0,0.0,0.0,0.0,1.45,0.91,6.7,0.08,0.0777,64.0,32.95,28.8,217.5,123.8,1.958101648238018,0.7635038257055404,0.8236800000000001,1.0,1.0
2025,1,0.0,2025_01_CIN_CLE,Cleveland Browns,Blake Whiteheart,TE,00-0038710,1.0,0.0,0.0,0.0,0.0,0.0,0.0,0.0,0.0,0.0,0.0,0.0,0.0,64.0,32.95,28.8,217.5,123.8,1.958101648238018,0.7635038257055404,0.8236800000000001,1.0,1.0
2025,1,0.0,2025_01_CIN_CLE,Cleveland Browns,Brenden Bates,TE,00-0039458,0.0,0.0,0.0,0.0,0.0,0.0,0.0,0.0,0.0,0.0,0.0,0.0,0.0,64.0,32.95,28.8,217.5,123.8,1.958101648238018,0.7635038257055404,0.8236800000000001,0.0,0.0
2025,1,0.0,2025_01_CIN_CLE,Cleveland Browns,Caden Prieskorn,TE,00-0040392,0.0,0.0,0.0,0.0,0.0,0.0,0.0,0.0,0.0,0.0,0.0,0.0,0.0,64.0,32.95,28.8,217.5,123.8,1.958101648238018,0.7635038257055404,0.8236800000000001,0.0,0.0
2025,1,0.0,2025_01_CIN_CLE,Cleveland Browns,Jerry Jeudy,WR,00-0036407,1.0,0.0,0.0,0.0,0.0,0.0,0.0,0.0,8.46,4.91,42.7,0.46,0.3707,64.0,32.95,28.8,217.5,123.8,1.958101648238018,0.7635038257055404,0.8236800000000001,1.0,1.0
2025,1,0.0,2025_01_CIN_CLE,Cleveland Browns,Cedric Tillman,WR,00-0038979,1.0,0.0,0.0,0.0,0.0,0.0,0.0,0.0,6.37,3.23,32.6,0.36,0.3034,64.0,32.95,28.8,217.5,123.8,1.958101648238018,0.7635038257055404,0.8236800000000001,1.0,1.0
2025,1,0.0,2025_01_CIN_CLE,Cleveland Browns,Isaiah Bond,WR,00-0040782,1.0,0.0,0.0,0.0,0.0,0.0,0.0,0.0,4.25,2.03,25.7,0.24,0.212,64.0,32.95,28.8,217.5,123.8,1.958101648238018,0.7635038257055404,0.8236800000000001,1.0,1.0
2025,1,0.0,2025_01_CIN_CLE,Cleveland Browns,Jamari Thrash,WR,00-0039379,1.0,0.0,0.0,0.0,0.0,0.0,0.0,0.0,0.51,0.29,3.6,0.03,0.0283,64.0,32.95,28.8,217.5,123.8,1.958101648238018,0.7635038257055404,0.8236800000000001,1.0,1.0
2025,1,0.0,2025_01_CIN_CLE,Cleveland Browns,Cade McDonald,WR,00-0040615,1.0,0.0,0.0,0.0,0.0,0.0,0.0,0.0,0.0,0.0,0.0,0.0,0.0,64.0,32.95,28.8,217.5,123.8,1.958101648238018,0.7635038257055404,0.8236800000000001,0.0,0.0
2025,1,0.0,2025_01_CIN_CLE,Cleveland Browns,Chase Cota,WR,00-0038651,0.0,0.0,0.0,0.0,0.0,0.0,0.0,0.0,0.0,0.0,0.0,0.0,0.0,64.0,32.95,28.8,217.5,123.8,1.958101648238018,0.7635038257055404,0.8236800000000001,0.0,0.0
2025,1,0.0,2025_01_CIN_CLE,Cleveland Browns,DeAndre Carter,WR,00-0031763,1.0,0.0,0.0,0.0,0.0,0.0,0.0,0.0,0.0,0.0,0.0,0.0,0.0,64.0,32.95,28.8,217.5,123.8,1.958101648238018,0.7635038257055404,0.8236800000000001,1.0,1.0
2025,1,0.0,2025_01_DAL_PHI,Dallas Cowboys,Dak Prescott,QB,00-0033077,1.0,34.93,220.1,2.18,0.82,2.89,10.7,0.09,0.0,0.0,0.0,0.0,0.0881,64.0,32.95,28.8,217.5,123.8,2.125262512565375,0.828683260867666,0.8236800000000001,1.0,1.0
2025,1,0.0,2025_01_DAL_PHI,Dallas Cowboys,Javonte Williams,RB,00-0036997,1.0,0.0,0.0,0.0,0.0,16.66,56.6,0.59,3.25,2.31,14.8,0.21,0.5534,64.0,32.95,28.8,217.5,123.8,2.125262512565375,0.828683260867666,0.8236800000000001,1.0,1.0
2025,1,0.0,2025_01_DAL_PHI,Dallas Cowboys,Miles Sanders,RB,00-0035243,1.0,0.0,0.0,0.0,0.0,9.25,31.2,0.2,2.02,1.41,9.2,0.13,0.2814,64.0,32.95,28.8,217.5,123.8,2.125262512565375,0.828683260867666,0.8236800000000001,1.0,1.0
2025,1,0.0,2025_01_DAL_PHI,Dallas Cowboys,Jake Ferguson,TE,00-0038041,1.0,0.0,0.0,0.0,0.0,0.0,0.0,0.0,3.19,2.33,14.1,0.2,0.1789,64.0,32.95,28.8,217.5,123.8,2.125262512565375,0.828683260867666,0.8236800000000001,1.0,1.0
2025,1,0.0,2025_01_DAL_PHI,Dallas Cowboys,Brevyn Spann-Ford,TE,00-0039530,1.0,0.0,0.0,0.0,0.0,0.0,0.0,0.0,0.0,0.0,0.0,0.0,0.0,64.0,32.95,28.8,217.5,123.8,2.125262512565375,0.828683260867666,0.8236800000000001,1.0,1.0
2025,1,0.0,2025_01_DAL_PHI,Dallas Cowboys,John Stephens Jr.,TE,00-0038741,1.0,0.0,0.0,0.0,0.0,0.0,0.0,0.0,0.0,0.0,0.0,0.0,0.0,64.0,32.95,28.8,217.5,123.8,2.125262512565375,0.828683260867666,0.8236800000000001,0.0,0.0
2025,1,0.0,2025_01_DAL_PHI,Dallas Cowboys,Luke Schoonmaker,TE,00-0038547,1.0,0.0,0.0,0.0,0.0,0.0,0.0,0.0,0.0,0.0,0.0,0.0,0.0,64.0,32.95,28.8,217.5,123.8,2.125262512565375,0.828683260867666,0.8236800000000001,1.0,1.0
2025,1,0.0,2025_01_DAL_PHI,Dallas Cowboys,CeeDee Lamb,WR,00-0036358,1.0,0.0,0.0,0.0,0.0,0.0,0.0,0.0,10.36,6.38,45.9,0.63,0.4682,64.0,32.95,28.8,217.5,123.8,2.125262512565375,0.828683260867666,0.8236800000000001,1.0,1.0
2025,1,0.0,2025_01_DAL_PHI,Dallas Cowboys,George Pickens,WR,00-0037247,1.0,0.0,0.0,0.0,0.0,0.0,0.0,0.0,7.8,4.3,33.7,0.47,0.3767,64.0,32.95,28.8,217.5,123.8,2.125262512565375,0.828683260867666,0.8236800000000001,1.0,1.0
2025,1,0.0,2025_01_DAL_PHI,Dallas Cowboys,Jalen Tolbert,WR,00-0037666,1.0,0.0,0.0,0.0,0.0,0.0,0.0,0.0,5.2,2.95,24.7,0.32,0.276,64.0,32.95,28.8,217.5,123.8,2.125262512565375,0.828683260867666,0.8236800000000001,1.0,1.0
2025,1,0.0,2025_01_DAL_PHI,Dallas Cowboys,KaVontae Turpin,WR,00-0037801,1.0,0.0,0.0,0.0,0.0,0.0,0.0,0.0,1.13,0.67,5.9,0.07,0.0684,64.0,32.95,28.8,217.5,123.8,2.125262512565375,0.828683260867666,0.8236800000000001,1.0,1.0
2025,1,0.0,2025_01_DAL_PHI,Dallas Cowboys,Jalen Cropper,WR,00-0038740,0.0,0.0,0.0,0.0,0.0,0.0,0.0,0.0,0.0,0.0,0.0,0.0,0.0,64.0,32.95,28.8,217.5,123.8,2.125262512565375,0.828683260867666,0.8236800000000001,0.0,0.0
2025,1,0.0,2025_01_DAL_PHI,Dallas Cowboys,Ryan Flournoy,WR,00-0039410,1.0,0.0,0.0,0.0,0.0,0.0,0.0,0.0,0.0,0.0,0.0,0.0,0.0,64.0,32.95,28.8,217.5,123.8,2.125262512565375,0.828683260867666,0.8236800000000001,1.0,1.0
2025,1,0.0,2025_01_DAL_PHI,Philadelphia Eagles,Jalen Hurts,QB,00-0036389,1.0,31.98,201.7,2.58,0.82,9.13,32.8,0.37,0.0,0.0,0.0,0.0,0.3073,64.0,32.95,28.8,217.5,123.8,3.0534468156539027,1.1906012782523177,0.8236800000000001,1.0,1.0
2025,1,0.0,2025_01_DAL_PHI,Philadelphia Eagles,Saquon Barkley,RB,00-0034844,1.0,0.0,0.0,0.0,0.0,11.73,41.4,0.65,3.31,2.38,15.2,0.3,0.6129,64.0,32.95,28.8,217.5,123.8,3.0534468156539027,1.1906012782523177,0.8236800000000001,1.0,1.0
2025,1,0.0,2025_01_DAL_PHI,Philadelphia Eagles,Will Shipley,RB,00-0039746,1.0,0.0,0.0,0.0,0.0,6.52,24.4,0.22,2.06,1.6,12.0,0.19,0.3385,64.0,32.95,28.8,217.5,123.8,3.0534468156539027,1.1906012782523177,0.8236800000000001,1.0,1.0
2025,1,0.0,2025_01_DAL_PHI,Philadelphia Eagles,AJ Dillon,RB,00-0036265,1.0,0.0,0.0,0.0,0.0,1.42,5.0,0.05,0.0,0.0,0.0,0.0,0.0527,64.0,32.95,28.8,217.5,123.8,3.0534468156539027,1.1906012782523177,0.8236800000000001,1.0,1.0
2025,1,0.0,2025_01_DAL_PHI,Philadelphia Eagles,Dallas Goedert,TE,00-0034351,1.0,0.0,0.0,0.0,0.0,0.0,0.0,0.0,3.27,2.36,14.8,0.28,0.242,64.0,32.95,28.8,217.5,123.8,3.0534468156539027,1.1906012782523177,0.8236800000000001,1.0,1.0
2025,1,0.0,2025_01_DAL_PHI,Philadelphia Eagles,Cameron Latu,TE,00-0038564,1.0,0.0,0.0,0.0,0.0,0.0,0.0,0.0,0.0,0.0,0.0,0.0,0.0,64.0,32.95,28.8,217.5,123.8,3.0534468156539027,1.1906012782523177,0.8236800000000001,0.0,0.0
2025,1,0.0,2025_01_DAL_PHI,Philadelphia Eagles,E.J. Jenkins,TE,00-0038498,0.0,0.0,0.0,0.0,0.0,0.0,0.0,0.0,0.0,0.0,0.0,0.0,0.0,64.0,32.95,28.8,217.5,123.8,3.0534468156539027,1.1906012782523177,0.8236800000000001,0.0,0.0
2025,1,0.0,2025_01_DAL_PHI,Philadelphia Eagles,Grant Calcaterra,TE,00-0037086,1.0,0.0,0.0,0.0,0.0,0.0,0.0,0.0,0.0,0.0,0.0,0.0,0.0,64.0,32.95,28.8,217.5,123.8,3.0534468156539027,1.1906012782523177,0.8236800000000001,1.0,1.0
2025,1,0.0,2025_01_DAL_PHI,Philadelphia Eagles,Kylen Granson,TE,00-0036876,1.0,0.0,0.0,0.0,0.0,0.0,0.0,0.0,0.0,0.0,0.0,0.0,0.0,64.0,32.95,28.8,217.5,123.8,3.0534468156539027,1.1906012782523177,0.8236800000000001,1.0,1.0
2025,1,0.0,2025_01_DAL_PHI,Philadelphia Eagles,A.J. Brown,WR,00-0035676,1.0,0.0,0.0,0.0,0.0,0.0,0.0,0.0,10.77,6.33,52.5,0.92,0.6017,64.0,32.95,28.8,217.5,123.8,3.0534468156539027,1.1906012782523177,0.8236800000000001,1.0,1.0
2025,1,0.0,2025_01_DAL_PHI,Philadelphia Eagles,DeVonta Smith,WR,00-0036912,1.0,0.0,0.0,0.0,0.0,0.0,0.0,0.0,8.11,5.61,39.4,0.69,0.4973,64.0,32.95,28.8,217.5,123.8,3.0534468156539027,1.1906012782523177,0.8236800000000001,1.0,1.0
2025,1,0.0,2025_01_DAL_PHI,Philadelphia Eagles,Jahan Dotson,WR,00-0037741,1.0,0.0,0.0,0.0,0.0,0.0,0.0,0.0,5.41,2.89,25.7,0.48,0.3802,64.0,32.95,28.8,217.5,123.8,3.0534468156539027,1.1906012782523177,0.8236800000000001,1.0,1.0
2025,1,0.0,2025_01_DAL_PHI,Philadelphia Eagles,Britain Covey,WR,00-0037132,0.0,0.0,0.0,0.0,0.0,0.0,0.0,0.0,0.0,0.0,0.0,0.0,0.0,64.0,32.95,28.8,217.5,123.8,3.0534468156539027,1.1906012782523177,0.8236800000000001,0.0,0.0
2025,1,0.0,2025_01_DAL_PHI,Philadelphia Eagles,Danny Gray,WR,00-0037828,0.0,0.0,0.0,0.0,0.0,0.0,0.0,0.0,0.0,0.0,0.0,0.0,0.0,64.0,32.95,28.8,217.5,123.8,3.0534468156539027,1.1906012782523177,0.8236800000000001,0.0,0.0
2025,1,0.0,2025_01_DAL_PHI,Philadelphia Eagles,Darius Cooper,WR,00-0040024,1.0,0.0,0.0,0.0,0.0,0.0,0.0,0.0,0.0,0.0,0.0,0.0,0.0,64.0,32.95,28.8,217.5,123.8,3.0534468156539027,1.1906012782523177,0.8236800000000001,1.0,1.0
2025,1,0.0,2025_01_DET_GB,Detroit Lions,Jared Goff,QB,00-0033106,1.0,34.04,222.5,2.41,0.82,3.57,14.5,0.13,0.0,0.0,0.0,0.0,0.1192,64.0,32.95,28.8,217.5,123.8,2.4766663617836655,0.9657027988917739,0.8236800000000001,1.0,1.0
2025,1,0.0,2025_01_DET_GB,Detroit Lions,Jahmyr Gibbs,RB,00-0039139,1.0,0.0,0.0,0.0,0.0,16.22,56.6,0.69,3.42,2.57,13.9,0.27,0.6144,64.0,32.95,28.8,217.5,123.8,2.4766663617836655,0.9657027988917739,0.8236800000000001,1.0,1.0
2025,1,0.0,2025_01_DET_GB,Detroit Lions,David Montgomery,RB,00-0035685,1.0,0.0,0.0,0.0,0.0,9.01,30.8,0.25,2.13,1.66,8.7,0.15,0.3318,64.0,32.95,28.8,217.5,123.8,2.4766663617836655,0.9657027988917739,0.8236800000000001,1.0,1.0
2025,1,0.0,2025_01_DET_GB,Detroit Lions,Jacob Saylors,RB,00-0038896,1.0,0.0,0.0,0.0,0.0,0.0,0.0,0.0,0.0,0.0,0.0,0.0,0.0,64.0,32.95,28.8,217.5,123.8,2.4766663617836655,0.9657027988917739,0.8236800000000001,1.0,1.0
2025,1,0.0,2025_01_DET_GB,Detroit Lions,Sam LaPorta,TE,00-0039065,1.0,0.0,0.0,0.0,0.0,0.0,0.0,0.0,3.32,2.36,14.3,0.23,0.2093,64.0,32.95,28.8,217.5,123.8,2.4766663617836655,0.9657027988917739,0.8236800000000001,1.0,1.0
2025,1,0.0,2025_01_DET_GB,Detroit Lions,Anthony Firkser,TE,00-0033455,0.0,0.0,0.0,0.0,0.0,0.0,0.0,0.0,0.0,0.0,0.0,0.0,0.0,64.0,32.95,28.8,217.5,123.8,2.4766663617836655,0.9657027988917739,0.8236800000000001,0.0,0.0
2025,1,0.0,2025_01_DET_GB,Detroit Lions,Brock Wright,TE,00-0036754,1.0,0.0,0.0,0.0,0.0,0.0,0.0,0.0,0.0,0.0,0.0,0.0,0.0,64.0,32.95,28.8,217.5,123.8,2.4766663617836655,0.9657027988917739,0.8236800000000001,1.0,1.0
2025,1,0.0,2025_01_DET_GB,Detroit Lions,Giovanni Ricci,TE,00-0035956,0.0,0.0,0.0,0.0,0.0,0.0,0.0,0.0,0.0,0.0,0.0,0.0,0.0,64.0,32.95,28.8,217.5,123.8,2.4766663617836655,0.9657027988917739,0.8236800000000001,0.0,0.0
2025,1,0.0,2025_01_DET_GB,Detroit Lions,Shane Zylstra,TE,00-0036534,1.0,0.0,0.0,0.0,0.0,0.0,0.0,0.0,0.0,0.0,0.0,0.0,0.0,64.0,32.95,28.8,217.5,123.8,2.4766663617836655,0.9657027988917739,0.8236800000000001,1.0,1.0
2025,1,0.0,2025_01_DET_GB,Detroit Lions,Amon-Ra St. Brown,WR,00-0036963,1.0,0.0,0.0,0.0,0.0,0.0,0.0,0.0,10.28,7.26,47.6,0.76,0.5323,64.0,32.95,28.8,217.5,123.8,2.4766663617836655,0.9657027988917739,0.8236800000000001,1.0,1.0
2025,1,0.0,2025_01_DET_GB,Detroit Lions,Jameson Williams,WR,00-0037240,1.0,0.0,0.0,0.0,0.0,0.0,0.0,0.0,7.74,4.45,38.0,0.54,0.4152,64.0,32.95,28.8,217.5,123.8,2.4766663617836655,0.9657027988917739,0.8236800000000001,1.0,1.0
2025,1,0.0,2025_01_DET_GB,Detroit Lions,Kalif Raymond,WR,00-0032464,1.0,0.0,0.0,0.0,0.0,0.0,0.0,0.0,5.16,3.61,24.3,0.36,0.302,64.0,32.95,28.8,217.5,123.8,2.4766663617836655,0.9657027988917739,0.8236800000000001,1.0,1.0
2025,1,0.0,2025_01_DET_GB,Detroit Lions,Isaac TeSlaa,WR,00-0040669,1.0,0.0,0.0,0.0,0.0,0.0,0.0,0.0,0.62,0.37,4.4,0.05,0.0488,64.0,32.95,28.8,217.5,123.8,2.4766663617836655,0.9657027988917739,0.8236800000000001,1.0,1.0
2025,1,0.0,2025_01_DET_GB,Detroit Lions,Andrew Armstrong,WR,00-0040298,0.0,0.0,0.0,0.0,0.0,0.0,0.0,0.0,0.0,0.0,0.0,0.0,0.0,64.0,32.95,28.8,217.5,123.8,2.4766663617836655,0.9657027988917739,0.8236800000000001,0.0,0.0
2025,1,0.0,2025_01_DET_GB,Detroit Lions,Dominic Lovett,WR,00-0040241,1.0,0.0,0.0,0.0,0.0,0.0,0.0,0.0,0.0,0.0,0.0,0.0,0.0,64.0,32.95,28.8,217.5,123.8,2.4766663617836655,0.9657027988917739,0.8236800000000001,1.0,1.0
2025,1,0.0,2025_01_DET_GB,Green Bay Packers,Jordan Love,QB,00-0036264,1.0,32.86,210.2,1.56,0.82,2.86,11.1,0.05,0.0,0.0,0.0,0.0,0.0525,64.0,32.95,28.8,217.5,123.8,1.3170380574892797,0.5135400383313637,0.8236800000000001,1.0,1.0
2025,1,0.0,2025_01_DET_GB,Green Bay Packers,Josh Jacobs,RB,00-0035700,1.0,0.0,0.0,0.0,0.0,16.05,55.5,0.35,2.95,2.23,12.9,0.12,0.3742,64.0,32.95,28.8,217.5,123.8,1.3170380574892797,0.5135400383313637,0.8236800000000001,1.0,1.0
2025,1,0.0,2025_01_DET_GB,Green Bay Packers,Chris Brooks,RB,00-0038685,1.0,0.0,0.0,0.0,0.0,8.91,33.7,0.12,1.83,1.31,8.6,0.08,0.1797,64.0,32.95,28.8,217.5,123.8,1.3170380574892797,0.5135400383313637,0.8236800000000001,1.0,1.0
2025,1,0.0,2025_01_DET_GB,Green Bay Packers,Emanuel Wilson,RB,00-0038797,1.0,0.0,0.0,0.0,0.0,0.98,3.5,0.02,0.0,0.0,0.0,0.0,0.0149,64.0,32.95,28.8,217.5,123.8,1.3170380574892797,0.5135400383313637,0.8236800000000001,1.0,1.0
2025,1,0.0,2025_01_DET_GB,Green Bay Packers,Tucker Kraft,TE,00-0038996,1.0,0.0,0.0,0.0,0.0,0.0,0.0,0.0,3.29,2.22,15.1,0.13,0.1224,64.0,32.95,28.8,217.5,123.8,1.3170380574892797,0.5135400383313637,0.8236800000000001,1.0,1.0
2025,1,0.0,2025_01_DET_GB,Green Bay Packers,Drake Dabney,TE,00-0040628,0.0,0.0,0.0,0.0,0.0,0.0,0.0,0.0,0.0,0.0,0.0,0.0,0.0,64.0,32.95,28.8,217.5,123.8,1.3170380574892797,0.5135400383313637,0.8236800000000001,0.0,0.0
2025,1,0.0,2025_01_DET_GB,Green Bay Packers,John FitzPatrick,TE,00-0037306,1.0,0.0,0.0,0.0,0.0,0.0,0.0,0.0,0.0,0.0,0.0,0.0,0.0,64.0,32.95,28.8,217.5,123.8,1.3170380574892797,0.5135400383313637,0.8236800000000001,1.0,1.0
2025,1,0.0,2025_01_DET_GB,Green Bay Packers,Johnny Lumpkin,TE,00-0038913,0.0,0.0,0.0,0.0,0.0,0.0,0.0,0.0,0.0,0.0,0.0,0.0,0.0,64.0,32.95,28.8,217.5,123.8,1.3170380574892797,0.5135400383313637,0.8236800000000001,0.0,0.0
2025,1,0.0,2025_01_DET_GB,Green Bay Packers,Luke Musgrave,TE,00-0039144,1.0,0.0,0.0,0.0,0.0,0.0,0.0,0.0,0.0,0.0,0.0,0.0,0.0,64.0,32.95,28.8,217.5,123.8,1.3170380574892797,0.5135400383313637,0.8236800000000001,1.0,1.0
2025,1,0.0,2025_01_DET_GB,Green Bay Packers,Matthew Golden,WR,00-0040667,1.0,0.0,0.0,0.0,0.0,0.0,0.0,0.0,9.06,5.78,57.5,0.33,0.283,64.0,32.95,28.8,217.5,123.8,1.3170380574892797,0.5135400383313637,0.8236800000000001,1.0,1.0
2025,1,0.0,2025_01_DET_GB,Green Bay Packers,Romeo Doubs,WR,00-0037816,1.0,0.0,0.0,0.0,0.0,0.0,0.0,0.0,6.82,4.1,32.0,0.27,0.2348,64.0,32.95,28.8,217.5,123.8,1.3170380574892797,0.5135400383313637,0.8236800000000001,1.0,1.0
2025,1,0.0,2025_01_DET_GB,Green Bay Packers,Dontayvion Wicks,WR,00-0038393,1.0,0.0,0.0,0.0,0.0,0.0,0.0,0.0,4.55,2.53,21.2,0.17,0.159,64.0,32.95,28.8,217.5,123.8,1.3170380574892797,0.5135400383313637,0.8236800000000001,1.0,1.0
2025,1,0.0,2025_01_DET_GB,Green Bay Packers,Jayden Reed,WR,00-0039146,1.0,0.0,0.0,0.0,0.0,0.0,0.0,0.0,3.71,2.43,18.8,0.14,0.1344,64.0,32.95,28.8,217.5,123.8,1.3170380574892797,0.5135400383313637,0.8236800000000001,1.0,1.0
2025,1,0.0,2025_01_DET_GB,Green Bay Packers,Savion Williams,WR,00-0040009,1.0,0.0,0.0,0.0,0.0,0.0,0.0,0.0,0.74,0.53,6.2,0.03,0.0302,64.0,32.95,28.8,217.5,123.8,1.3170380574892797,0.5135400383313637,0.8236800000000001,1.0,1.0
2025,1,0.0,2025_01_DET_GB,Green Bay Packers,Christian Watson,WR,00-0038124,1.0,0.0,0.0,0.0,0.0,0.0,0.0,0.0,0.0,0.0,0.0,0.0,0.0,64.0,32.95,28.8,217.5,123.8,1.3170380574892797,0.5135400383313637,0.8236800000000001,0.0,0.0
2025,1,0.0,2025_01_DET_GB,Green Bay Packers,Isaiah Neyor,WR,00-0040558,0.0,0.0,0.0,0.0,0.0,0.0,0.0,0.0,0.0,0.0,0.0,0.0,0.0,64.0,32.95,28.8,217.5,123.8,1.3170380574892797,0.5135400383313637,0.8236800000000001,0.0,0.0
2025,1,0.0,2025_01_HOU_LA,Houston Texans,C.J. Stroud,QB,00-0039163,1.0,33.58,213.4,2.05,0.82,4.05,16.4,0.14,0.0,0.0,0.0,0.0,0.1284,64.0,32.95,28.8,217.5,123.8,2.2789235761488706,0.8885988479943872,0.8236800000000001,1.0,1.0
2025,1,0.0,2025_01_HOU_LA,Houston Texans,Nick Chubb,RB,00-0034791,1.0,0.0,0.0,0.0,0.0,12.39,42.1,0.47,2.84,1.92,13.7,0.19,0.4815,64.0,32.95,28.8,217.5,123.8,2.2789235761488706,0.8885988479943872,0.8236800000000001,1.0,1.0
2025,1,0.0,2025_01_HOU_LA,Houston Texans,Dameon Pierce,RB,None,1.0,0.0,0.0,0.0,0.0,6.88,28.7,0.16,1.77,1.29,11.4,0.12,0.2495,64.0,32.95,28.8,217.5,123.8,2.2789235761488706,0.8885988479943872,0.8236800000000001,0.0,1.0
2025,1,0.0,2025_01_HOU_LA,Houston Texans,Dare Ogunbowale,RB,00-0033854,1.0,0.0,0.0,0.0,0.0,1.35,4.8,0.04,0.93,0.62,4.4,0.06,0.0968,64.0,32.95,28.8,217.5,123.8,2.2789235761488706,0.8885988479943872,0.8236800000000001,1.0,1.0
2025,1,0.0,2025_01_HOU_LA,Houston Texans,D.Pierce,RB,None,0.0,0.0,0.0,0.0,0.0,2.11,8.5,0.05,0.46,0.34,3.1,0.03,0.0824,64.0,32.95,28.8,217.5,123.8,2.2789235761488706,0.8885988479943872,0.8236800000000001,0.0,0.0
2025,1,0.0,2025_01_HOU_LA,Houston Texans,Woody Marks,RB,00-0040583,1.0,0.0,0.0,0.0,0.0,2.02,7.0,0.05,0.0,0.0,0.0,0.0,0.0521,64.0,32.95,28.8,217.5,123.8,2.2789235761488706,0.8885988479943872,0.8236800000000001,1.0,1.0
2025,1,0.0,2025_01_HOU_LA,Houston Texans,Dalton Schultz,TE,00-0034383,1.0,0.0,0.0,0.0,0.0,0.0,0.0,0.0,3.28,2.2,14.2,0.2,0.1848,64.0,32.95,28.8,217.5,123.8,2.2789235761488706,0.8885988479943872,0.8236800000000001,1.0,1.0
2025,1,0.0,2025_01_HOU_LA,Houston Texans,Harrison Bryant,TE,00-0036232,1.0,0.0,0.0,0.0,0.0,0.0,0.0,0.0,1.42,0.9,6.4,0.09,0.089,64.0,32.95,28.8,217.5,123.8,2.2789235761488706,0.8885988479943872,0.8236800000000001,0.0,0.0
2025,1,0.0,2025_01_HOU_LA,Houston Texans,Brevin Jordan,TE,00-0036556,1.0,0.0,0.0,0.0,0.0,0.0,0.0,0.0,0.0,0.0,0.0,0.0,0.0,64.0,32.95,28.8,217.5,123.8,2.2789235761488706,0.8885988479943872,0.8236800000000001,0.0,0.0
2025,1,0.0,2025_01_HOU_LA,Houston Texans,Cade Stover,TE,00-0039359,1.0,0.0,0.0,0.0,0.0,0.0,0.0,0.0,0.0,0.0,0.0,0.0,0.0,64.0,32.95,28.8,217.5,123.8,2.2789235761488706,0.8885988479943872,0.8236800000000001,1.0,1.0
2025,1,0.0,2025_01_HOU_LA,Houston Texans,Dalton Keene,TE,00-0036225,0.0,0.0,0.0,0.0,0.0,0.0,0.0,0.0,0.0,0.0,0.0,0.0,0.0,64.0,32.95,28.8,217.5,123.8,2.2789235761488706,0.8885988479943872,0.8236800000000001,0.0,0.0
2025,1,0.0,2025_01_HOU_LA,Houston Texans,Nico Collins,WR,00-0036554,1.0,0.0,0.0,0.0,0.0,0.0,0.0,0.0,8.36,5.01,39.2,0.55,0.4219,64.0,32.95,28.8,217.5,123.8,2.2789235761488706,0.8885988479943872,0.8236800000000001,1.0,1.0
2025,1,0.0,2025_01_HOU_LA,Houston Texans,Christian Kirk,WR,00-0034775,1.0,0.0,0.0,0.0,0.0,0.0,0.0,0.0,6.3,3.77,29.6,0.41,0.3364,64.0,32.95,28.8,217.5,123.8,2.2789235761488706,0.8885988479943872,0.8236800000000001,0.0,0.0
2025,1,0.0,2025_01_HOU_LA,Houston Texans,Jayden Higgins,WR,00-0040130,1.0,0.0,0.0,0.0,0.0,0.0,0.0,0.0,4.2,2.47,22.5,0.28,0.2416,64.0,32.95,28.8,217.5,123.8,2.2789235761488706,0.8885988479943872,0.8236800000000001,1.0,1.0
2025,1,0.0,2025_01_HOU_LA,Houston Texans,Justin Watson,WR,00-0034386,1.0,0.0,0.0,0.0,0.0,0.0,0.0,0.0,1.12,0.69,9.7,0.08,0.0755,64.0,32.95,28.8,217.5,123.8,2.2789235761488706,0.8885988479943872,0.8236800000000001,1.0,1.0
2025,1,0.0,2025_01_HOU_LA,Houston Texans,Jaylin Noel,WR,00-0040138,1.0,0.0,0.0,0.0,0.0,0.0,0.0,0.0,1.12,0.74,7.5,0.07,0.0721,64.0,32.95,28.8,217.5,123.8,2.2789235761488706,0.8885988479943872,0.8236800000000001,1.0,1.0
2025,1,0.0,2025_01_HOU_LA,Houston Texans,Xavier Hutchinson,WR,00-0038618,1.0,0.0,0.0,0.0,0.0,0.0,0.0,0.0,1.12,0.59,6.1,0.07,0.069,64.0,32.95,28.8,217.5,123.8,2.2789235761488706,0.8885988479943872,0.8236800000000001,1.0,1.0
2025,1,0.0,2025_01_HOU_LA,Houston Texans,Braxton Berrios,WR,00-0034419,1.0,0.0,0.0,0.0,0.0,0.0,0.0,0.0,0.0,0.0,0.0,0.0,0.0,64.0,32.95,28.8,217.5,123.8,2.2789235761488706,0.8885988479943872,0.8236800000000001,0.0,0.0
2025,1,0.0,2025_01_HOU_LA,Houston Texans,Daniel Jackson,WR,00-0040412,0.0,0.0,0.0,0.0,0.0,0.0,0.0,0.0,0.0,0.0,0.0,0.0,0.0,64.0,32.95,28.8,217.5,123.8,2.2789235761488706,0.8885988479943872,0.8236800000000001,0.0,0.0
2025,1,0.0,2025_01_HOU_LA,Los Angeles Rams,Matthew Stafford,QB,00-0026498,1.0,33.94,216.3,2.03,0.82,3.29,13.6,0.1,0.0,0.0,0.0,0.0,0.0907,64.0,32.95,28.8,217.5,123.8,2.1519825586135144,0.8391019525628294,0.8236800000000001,1.0,1.0
2025,1,0.0,2025_01_HOU_LA,Los Angeles Rams,Kyren Williams,RB,00-0037840,1.0,0.0,0.0,0.0,0.0,16.4,56.2,0.6,3.29,2.39,15.1,0.23,0.5654,64.0,32.95,28.8,217.5,123.8,2.1519825586135144,0.8391019525628294,0.8236800000000001,1.0,1.0
2025,1,0.0,2025_01_HOU_LA,Los Angeles Rams,Blake Corum,RB,00-0039738,1.0,0.0,0.0,0.0,0.0,9.11,31.3,0.2,2.05,1.44,10.6,0.13,0.2841,64.0,32.95,28.8,217.5,123.8,2.1519825586135144,0.8391019525628294,0.8236800000000001,1.0,1.0
2025,1,0.0,2025_01_HOU_LA,Los Angeles Rams,Colby Parkinson,TE,00-0036244,1.0,0.0,0.0,0.0,0.0,0.0,0.0,0.0,3.28,2.17,13.7,0.22,0.1949,64.0,32.95,28.8,217.5,123.8,2.1519825586135144,0.8391019525628294,0.8236800000000001,1.0,1.0
2025,1,0.0,2025_01_HOU_LA,Los Angeles Rams,Davis Allen,TE,00-0039074,1.0,0.0,0.0,0.0,0.0,0.0,0.0,0.0,0.0,0.0,0.0,0.0,0.0,64.0,32.95,28.8,217.5,123.8,2.1519825586135144,0.8391019525628294,0.8236800000000001,1.0,1.0
2025,1,0.0,2025_01_HOU_LA,Los Angeles Rams,Mark Redman,TE,00-0040598,0.0,0.0,0.0,0.0,0.0,0.0,0.0,0.0,0.0,0.0,0.0,0.0,0.0,64.0,32.95,28.8,217.5,123.8,2.1519825586135144,0.8391019525628294,0.8236800000000001,0.0,0.0
2025,1,0.0,2025_01_HOU_LA,Los Angeles Rams,Terrance Ferguson,TE,00-0040737,1.0,0.0,0.0,0.0,0.0,0.0,0.0,0.0,0.0,0.0,0.0,0.0,0.0,64.0,32.95,28.8,217.5,123.8,2.1519825586135144,0.8391019525628294,0.8236800000000001,1.0,1.0
2025,1,0.0,2025_01_HOU_LA,Los Angeles Rams,Tyler Higbee,TE,00-0033110,1.0,0.0,0.0,0.0,0.0,0.0,0.0,0.0,0.0,0.0,0.0,0.0,0.0,64.0,32.95,28.8,217.5,123.8,2.1519825586135144,0.8391019525628294,0.8236800000000001,1.0,1.0
2025,1,0.0,2025_01_HOU_LA,Los Angeles Rams,Puka Nacua,WR,00-0039075,1.0,0.0,0.0,0.0,0.0,0.0,0.0,0.0,10.49,7.14,49.8,0.63,0.468,64.0,32.95,28.8,217.5,123.8,2.1519825586135144,0.8391019525628294,0.8236800000000001,1.0,1.0
2025,1,0.0,2025_01_HOU_LA,Los Angeles Rams,Davante Adams,WR,00-0031381,1.0,0.0,0.0,0.0,0.0,0.0,0.0,0.0,7.9,4.2,34.5,0.51,0.397,64.0,32.95,28.8,217.5,123.8,2.1519825586135144,0.8391019525628294,0.8236800000000001,1.0,1.0
2025,1,0.0,2025_01_HOU_LA,Los Angeles Rams,Tutu Atwell,WR,00-0036849,1.0,0.0,0.0,0.0,0.0,0.0,0.0,0.0,5.26,3.02,25.3,0.31,0.2646,64.0,32.95,28.8,217.5,123.8,2.1519825586135144,0.8391019525628294,0.8236800000000001,1.0,1.0
2025,1,0.0,2025_01_HOU_LA,Los Angeles Rams,Xavier Smith,WR,00-0038359,1.0,0.0,0.0,0.0,0.0,0.0,0.0,0.0,0.67,0.46,4.7,0.04,0.0418,64.0,32.95,28.8,217.5,123.8,2.1519825586135144,0.8391019525628294,0.8236800000000001,1.0,1.0
2025,1,0.0,2025_01_HOU_LA,Los Angeles Rams,Brennan Presley,WR,00-0040597,0.0,0.0,0.0,0.0,0.0,0.0,0.0,0.0,0.0,0.0,0.0,0.0,0.0,64.0,32.95,28.8,217.5,123.8,2.1519825586135144,0.8391019525628294,0.8236800000000001,0.0,0.0
2025,1,0.0,2025_01_HOU_LA,Los Angeles Rams,Drake Stoops,WR,00-0039773,0.0,0.0,0.0,0.0,0.0,0.0,0.0,0.0,0.0,0.0,0.0,0.0,0.0,64.0,32.95,28.8,217.5,123.8,2.1519825586135144,0.8391019525628294,0.8236800000000001,0.0,0.0
2025,1,0.0,2025_01_HOU_LA,Los Angeles Rams,Jordan Whittington,WR,00-0039751,1.0,0.0,0.0,0.0,0.0,0.0,0.0,0.0,0.0,0.0,0.0,0.0,0.0,64.0,32.95,28.8,217.5,123.8,2.1519825586135144,0.8391019525628294,0.8236800000000001,1.0,1.0
2025,1,0.0,2025_01_HOU_LA,Los Angeles Rams,Konata Mumpfield,WR,00-0040590,1.0,0.0,0.0,0.0,0.0,0.0,0.0,0.0,0.0,0.0,0.0,0.0,0.0,64.0,32.95,28.8,217.5,123.8,2.1519825586135144,0.8391019525628294,0.8236800000000001,1.0,1.0
2025,1,0.0,2025_01_KC_LAC,Kansas City Chiefs,Patrick Mahomes,QB,00-0033873,1.0,34.83,215.9,1.9,0.82,5.68,22.8,0.15,0.0,0.0,0.0,0.0,0.1376,64.0,32.95,28.8,217.5,123.8,1.8681733392169388,0.7284389412861805,0.8236800000000001,1.0,1.0
2025,1,0.0,2025_01_KC_LAC,Kansas City Chiefs,Isiah Pacheco,RB,00-0037197,1.0,0.0,0.0,0.0,0.0,14.97,50.5,0.47,3.17,2.44,13.4,0.18,0.4762,64.0,32.95,28.8,217.5,123.8,1.8681733392169388,0.7284389412861805,0.8236800000000001,1.0,1.0
2025,1,0.0,2025_01_KC_LAC,Kansas City Chiefs,Kareem Hunt,RB,00-0033923,1.0,0.0,0.0,0.0,0.0,8.15,27.8,0.17,1.97,1.36,8.1,0.12,0.2516,64.0,32.95,28.8,217.5,123.8,1.8681733392169388,0.7284389412861805,0.8236800000000001,1.0,1.0
2025,1,0.0,2025_01_KC_LAC,Kansas City Chiefs,Brashard Smith,RB,00-0040078,1.0,0.0,0.0,0.0,0.0,0.0,0.0,0.0,0.0,0.0,0.0,0.0,0.0,64.0,32.95,28.8,217.5,123.8,1.8681733392169388,0.7284389412861805,0.8236800000000001,1.0,1.0
2025,1,0.0,2025_01_KC_LAC,Kansas City Chiefs,Travis Kelce,TE,00-0030506,1.0,0.0,0.0,0.0,0.0,0.0,0.0,0.0,3.17,2.19,13.8,0.17,0.1547,64.0,32.95,28.8,217.5,123.8,1.8681733392169388,0.7284389412861805,0.8236800000000001,1.0,1.0
2025,1,0.0,2025_01_KC_LAC,Kansas City Chiefs,Geor'Quarius Spivey,TE,00-0039941,0.0,0.0,0.0,0.0,0.0,0.0,0.0,0.0,0.0,0.0,0.0,0.0,0.0,64.0,32.95,28.8,217.5,123.8,1.8681733392169388,0.7284389412861805,0.8236800000000001,0.0,0.0
2025,1,0.0,2025_01_KC_LAC,Kansas City Chiefs,Jake Briningstool,TE,00-0040081,0.0,0.0,0.0,0.0,0.0,0.0,0.0,0.0,0.0,0.0,0.0,0.0,0.0,64.0,32.95,28.8,217.5,123.8,1.8681733392169388,0.7284389412861805,0.8236800000000001,0.0,0.0
2025,1,0.0,2025_01_KC_LAC,Kansas City Chiefs,Jared Wiley,TE,00-0039824,1.0,0.0,0.0,0.0,0.0,0.0,0.0,0.0,0.0,0.0,0.0,0.0,0.0,64.0,32.95,28.8,217.5,123.8,1.8681733392169388,0.7284389412861805,0.8236800000000001,0.0,0.0
2025,1,0.0,2025_01_KC_LAC,Kansas City Chiefs,Noah Gray,TE,00-0036637,1.0,0.0,0.0,0.0,0.0,0.0,0.0,0.0,0.0,0.0,0.0,0.0,0.0,64.0,32.95,28.8,217.5,123.8,1.8681733392169388,0.7284389412861805,0.8236800000000001,1.0,1.0
2025,1,0.0,2025_01_KC_LAC,Kansas City Chiefs,Robert Tonyan,TE,00-0033757,1.0,0.0,0.0,0.0,0.0,0.0,0.0,0.0,0.0,0.0,0.0,0.0,0.0,64.0,32.95,28.8,217.5,123.8,1.8681733392169388,0.7284389412861805,0.8236800000000001,1.0,1.0
2025,1,0.0,2025_01_KC_LAC,Kansas City Chiefs,Xavier Worthy,WR,00-0039894,1.0,0.0,0.0,0.0,0.0,0.0,0.0,0.0,9.68,5.89,49.5,0.53,0.4125,64.0,32.95,28.8,217.5,123.8,1.8681733392169388,0.7284389412861805,0.8236800000000001,1.0,1.0
2025,1,0.0,2025_01_KC_LAC,Kansas City Chiefs,Marquise Brown,WR,00-0035662,1.0,0.0,0.0,0.0,0.0,0.0,0.0,0.0,7.29,3.87,32.8,0.38,0.3194,64.0,32.95,28.8,217.5,123.8,1.8681733392169388,0.7284389412861805,0.8236800000000001,1.0,1.0
2025,1,0.0,2025_01_KC_LAC,Kansas City Chiefs,Tyquan Thornton,WR,00-0038104,1.0,0.0,0.0,0.0,0.0,0.0,0.0,0.0,4.86,2.54,24.4,0.25,0.2246,64.0,32.95,28.8,217.5,123.8,1.8681733392169388,0.7284389412861805,0.8236800000000001,1.0,1.0
2025,1,0.0,2025_01_KC_LAC,Kansas City Chiefs,JuJu Smith-Schuster,WR,00-0033857,1.0,0.0,0.0,0.0,0.0,0.0,0.0,0.0,2.23,1.5,10.7,0.12,0.1156,64.0,32.95,28.8,217.5,123.8,1.8681733392169388,0.7284389412861805,0.8236800000000001,1.0,1.0
2025,1,0.0,2025_01_KC_LAC,Kansas City Chiefs,Jason Brownlee,WR,00-0038492,1.0,0.0,0.0,0.0,0.0,0.0,0.0,0.0,0.58,0.35,4.7,0.03,0.0329,64.0,32.95,28.8,217.5,123.8,1.8681733392169388,0.7284389412861805,0.8236800000000001,1.0,1.0
2025,1,0.0,2025_01_KC_LAC,Kansas City Chiefs,Elijhah Badger,WR,00-0040080,0.0,0.0,0.0,0.0,0.0,0.0,0.0,0.0,0.0,0.0,0.0,0.0,0.0,64.0,32.95,28.8,217.5,123.8,1.8681733392169388,0.7284389412861805,0.8236800000000001,0.0,0.0
2025,1,0.0,2025_01_KC_LAC,Kansas City Chiefs,Jalen Royals,WR,00-0040646,1.0,0.0,0.0,0.0,0.0,0.0,0.0,0.0,0.0,0.0,0.0,0.0,0.0,64.0,32.95,28.8,217.5,123.8,1.8681733392169388,0.7284389412861805,0.8236800000000001,0.0,0.0
2025,1,0.0,2025_01_KC_LAC,Kansas City Chiefs,Nikko Remigio,WR,00-0038519,1.0,0.0,0.0,0.0,0.0,0.0,0.0,0.0,0.0,0.0,0.0,0.0,0.0,64.0,32.95,28.8,217.5,123.8,1.8681733392169388,0.7284389412861805,0.8236800000000001,1.0,1.0
2025,1,0.0,2025_01_KC_LAC,Los Angeles Chargers,Justin Herbert,QB,00-0036355,1.0,33.5,209.8,2.11,0.82,6.28,23.7,0.2,0.0,0.0,0.0,0.0,0.183,64.0,32.95,28.8,217.5,123.8,2.2930626573812845,0.894111964549201,0.8236800000000001,1.0,1.0
2025,1,0.0,2025_01_KC_LAC,Los Angeles Chargers,Omarion Hampton,RB,00-0040666,1.0,0.0,0.0,0.0,0.0,14.48,52.5,0.56,3.3,2.77,17.8,0.22,0.5443,64.0,32.95,28.8,217.5,123.8,2.2930626573812845,0.894111964549201,0.8236800000000001,1.0,1.0
2025,1,0.0,2025_01_KC_LAC,Los Angeles Chargers,Najee Harris,RB,00-0036893,1.0,0.0,0.0,0.0,0.0,8.04,27.6,0.2,2.06,1.49,8.6,0.14,0.2853,64.0,32.95,28.8,217.5,123.8,2.2930626573812845,0.894111964549201,0.8236800000000001,1.0,1.0
2025,1,0.0,2025_01_KC_LAC,Los Angeles Chargers,Hassan Haskins,RB,00-0037617,1.0,0.0,0.0,0.0,0.0,0.0,0.0,0.0,0.0,0.0,0.0,0.0,0.0,64.0,32.95,28.8,217.5,123.8,2.2930626573812845,0.894111964549201,0.8236800000000001,1.0,1.0
2025,1,0.0,2025_01_KC_LAC,Los Angeles Chargers,Tyler Conklin,TE,00-0034270,1.0,0.0,0.0,0.0,0.0,0.0,0.0,0.0,3.21,2.06,13.8,0.19,0.1761,64.0,32.95,28.8,217.5,123.8,2.2930626573812845,0.894111964549201,0.8236800000000001,1.0,1.0
2025,1,0.0,2025_01_KC_LAC,Los Angeles Chargers,Oronde Gadsden II,TE,00-0040189,1.0,0.0,0.0,0.0,0.0,0.0,0.0,0.0,0.0,0.0,0.0,0.0,0.0,64.0,32.95,28.8,217.5,123.8,2.2930626573812845,0.894111964549201,0.8236800000000001,0.0,0.0
2025,1,0.0,2025_01_KC_LAC,Los Angeles Chargers,Stevo Klotz,TE,00-0040469,0.0,0.0,0.0,0.0,0.0,0.0,0.0,0.0,0.0,0.0,0.0,0.0,0.0,64.0,32.95,28.8,217.5,123.8,2.2930626573812845,0.894111964549201,0.8236800000000001,0.0,0.0
2025,1,0.0,2025_01_KC_LAC,Los Angeles Chargers,Tanner McLachlan,TE,00-0039399,0.0,0.0,0.0,0.0,0.0,0.0,0.0,0.0,0.0,0.0,0.0,0.0,0.0,64.0,32.95,28.8,217.5,123.8,2.2930626573812845,0.894111964549201,0.8236800000000001,0.0,0.0
2025,1,0.0,2025_01_KC_LAC,Los Angeles Chargers,Will Dissly,TE,00-0034159,1.0,0.0,0.0,0.0,0.0,0.0,0.0,0.0,0.0,0.0,0.0,0.0,0.0,64.0,32.95,28.8,217.5,123.8,2.2930626573812845,0.894111964549201,0.8236800000000001,1.0,1.0
2025,1,0.0,2025_01_KC_LAC,Los Angeles Chargers,Ladd McConkey,WR,00-0039915,1.0,0.0,0.0,0.0,0.0,0.0,0.0,0.0,10.26,6.65,51.0,0.66,0.4819,64.0,32.95,28.8,217.5,123.8,2.2930626573812845,0.894111964549201,0.8236800000000001,1.0,1.0
2025,1,0.0,2025_01_KC_LAC,Los Angeles Chargers,Quentin Johnston,WR,00-0038544,1.0,0.0,0.0,0.0,0.0,0.0,0.0,0.0,7.73,4.17,35.3,0.51,0.3993,64.0,32.95,28.8,217.5,123.8,2.2930626573812845,0.894111964549201,0.8236800000000001,1.0,1.0
2025,1,0.0,2025_01_KC_LAC,Los Angeles Chargers,Keenan Allen,WR,00-0030279,1.0,0.0,0.0,0.0,0.0,0.0,0.0,0.0,5.15,3.28,22.5,0.34,0.2881,64.0,32.95,28.8,217.5,123.8,2.2930626573812845,0.894111964549201,0.8236800000000001,1.0,1.0
2025,1,0.0,2025_01_KC_LAC,Los Angeles Chargers,KeAndre Lambert-Smith,WR,00-0040184,1.0,0.0,0.0,0.0,0.0,0.0,0.0,0.0,0.62,0.33,4.7,0.04,0.0416,64.0,32.95,28.8,217.5,123.8,2.2930626573812845,0.894111964549201,0.8236800000000001,1.0,1.0
2025,1,0.0,2025_01_KC_LAC,Los Angeles Chargers,Tre Harris,WR,00-0040727,1.0,0.0,0.0,0.0,0.0,0.0,0.0,0.0,0.62,0.42,4.0,0.04,0.0402,64.0,32.95,28.8,217.5,123.8,2.2930626573812845,0.894111964549201,0.8236800000000001,1.0,1.0
2025,1,0.0,2025_01_KC_LAC,Los Angeles Chargers,Dalevon Campbell,WR,00-0040629,0.0,0.0,0.0,0.0,0.0,0.0,0.0,0.0,0.0,0.0,0.0,0.0,0.0,64.0,32.95,28.8,217.5,123.8,2.2930626573812845,0.894111964549201,0.8236800000000001,0.0,0.0
2025,1,0.0,2025_01_KC_LAC,Los Angeles Chargers,Derius Davis,WR,00-0038573,1.0,0.0,0.0,0.0,0.0,0.0,0.0,0.0,0.0,0.0,0.0,0.0,0.0,64.0,32.95,28.8,217.5,123.8,2.2930626573812845,0.894111964549201,0.8236800000000001,1.0,1.0
2025,1,0.0,2025_01_KC_LAC,Los Angeles Chargers,JaQuae Jackson,WR,00-0039722,0.0,0.0,0.0,0.0,0.0,0.0,0.0,0.0,0.0,0.0,0.0,0.0,0.0,64.0,32.95,28.8,217.5,123.8,2.2930626573812845,0.894111964549201,0.8236800000000001,0.0,0.0
2025,1,0.0,2025_01_LV_NE,Las Vegas Raiders,Geno Smith,QB,00-0030565,1.0,34.14,214.5,1.88,0.82,5.08,19.7,0.14,0.0,0.0,0.0,0.0,0.1327,64.0,32.95,28.8,217.5,123.8,2.0455669090839117,0.7976083173351061,0.8236800000000001,1.0,1.0
2025,1,0.0,2025_01_LV_NE,Las Vegas Raiders,Ashton Jeanty,RB,00-0040122,1.0,0.0,0.0,0.0,0.0,15.25,53.1,0.49,3.0,2.15,13.3,0.19,0.4945,64.0,32.95,28.8,217.5,123.8,2.0455669090839117,0.7976083173351061,0.8236800000000001,1.0,1.0
2025,1,0.0,2025_01_LV_NE,Las Vegas Raiders,Zamir White,RB,00-0038040,1.0,0.0,0.0,0.0,0.0,8.47,29.7,0.18,1.86,1.39,9.1,0.11,0.2517,64.0,32.95,28.8,217.5,123.8,2.0455669090839117,0.7976083173351061,0.8236800000000001,1.0,1.0
2025,1,0.0,2025_01_LV_NE,Las Vegas Raiders,Dylan Laube,RB,00-0039407,1.0,0.0,0.0,0.0,0.0,0.0,0.0,0.0,0.0,0.0,0.0,0.0,0.0,64.0,32.95,28.8,217.5,123.8,2.0455669090839117,0.7976083173351061,0.8236800000000001,1.0,1.0
2025,1,0.0,2025_01_LV_NE,Las Vegas Raiders,Brock Bowers,TE,00-0039338,1.0,0.0,0.0,0.0,0.0,0.0,0.0,0.0,3.34,2.38,15.8,0.19,0.1726,64.0,32.95,28.8,217.5,123.8,2.0455669090839117,0.7976083173351061,0.8236800000000001,1.0,1.0
2025,1,0.0,2025_01_LV_NE,Las Vegas Raiders,Michael Mayer,TE,00-0039066,1.0,0.0,0.0,0.0,0.0,0.0,0.0,0.0,1.14,0.77,5.4,0.07,0.0638,64.0,32.95,28.8,217.5,123.8,2.0455669090839117,0.7976083173351061,0.8236800000000001,1.0,1.0
2025,1,0.0,2025_01_LV_NE,Las Vegas Raiders,Albert Okwuegbunam,TE,00-0036423,0.0,0.0,0.0,0.0,0.0,0.0,0.0,0.0,0.0,0.0,0.0,0.0,0.0,64.0,32.95,28.8,217.5,123.8,2.0455669090839117,0.7976083173351061,0.8236800000000001,0.0,0.0
2025,1,0.0,2025_01_LV_NE,Las Vegas Raiders,Carter Runyon,TE,00-0040488,0.0,0.0,0.0,0.0,0.0,0.0,0.0,0.0,0.0,0.0,0.0,0.0,0.0,64.0,32.95,28.8,217.5,123.8,2.0455669090839117,0.7976083173351061,0.8236800000000001,0.0,0.0
2025,1,0.0,2025_01_LV_NE,Las Vegas Raiders,Ian Thomas,TE,00-0034365,1.0,0.0,0.0,0.0,0.0,0.0,0.0,0.0,0.0,0.0,0.0,0.0,0.0,64.0,32.95,28.8,217.5,123.8,2.0455669090839117,0.7976083173351061,0.8236800000000001,1.0,1.0
2025,1,0.0,2025_01_LV_NE,Las Vegas Raiders,Jakobi Meyers,WR,None,1.0,0.0,0.0,0.0,0.0,0.0,0.0,0.0,7.91,4.96,74.0,0.49,0.3882,64.0,32.95,28.8,217.5,123.8,2.0455669090839117,0.7976083173351061,0.8236800000000001,0.0,1.0
2025,1,0.0,2025_01_LV_NE,Las Vegas Raiders,Tre Tucker,WR,00-0038563,1.0,0.0,0.0,0.0,0.0,0.0,0.0,0.0,5.96,3.29,28.4,0.34,0.2868,64.0,32.95,28.8,217.5,123.8,2.0455669090839117,0.7976083173351061,0.8236800000000001,1.0,1.0
2025,1,0.0,2025_01_LV_NE,Las Vegas Raiders,J.Meyers,WR,None,0.0,0.0,0.0,0.0,0.0,0.0,0.0,0.0,4.32,2.61,38.8,0.27,0.2351,64.0,32.95,28.8,217.5,123.8,2.0455669090839117,0.7976083173351061,0.8236800000000001,0.0,0.0
2025,1,0.0,2025_01_LV_NE,Las Vegas Raiders,Dont'e Thornton Jr.,WR,00-0040581,1.0,0.0,0.0,0.0,0.0,0.0,0.0,0.0,3.97,1.95,25.3,0.23,0.2075,64.0,32.95,28.8,217.5,123.8,2.0455669090839117,0.7976083173351061,0.8236800000000001,1.0,1.0
2025,1,0.0,2025_01_LV_NE,Las Vegas Raiders,Alex Bachman,WR,00-0035602,1.0,0.0,0.0,0.0,0.0,0.0,0.0,0.0,0.47,0.31,4.0,0.03,0.0288,64.0,32.95,28.8,217.5,123.8,2.0455669090839117,0.7976083173351061,0.8236800000000001,1.0,1.0
2025,1,0.0,2025_01_LV_NE,Las Vegas Raiders,Jack Bech,WR,00-0040729,1.0,0.0,0.0,0.0,0.0,0.0,0.0,0.0,0.47,0.31,3.3,0.03,0.0283,64.0,32.95,28.8,217.5,123.8,2.0455669090839117,0.7976083173351061,0.8236800000000001,1.0,1.0
2025,1,0.0,2025_01_LV_NE,Las Vegas Raiders,Amari Cooper,WR,00-0031544,1.0,0.0,0.0,0.0,0.0,0.0,0.0,0.0,0.0,0.0,0.0,0.0,0.0,64.0,32.95,28.8,217.5,123.8,2.0455669090839117,0.7976083173351061,0.8236800000000001,1.0,1.0
2025,1,0.0,2025_01_LV_NE,Las Vegas Raiders,Brenden Rice,WR,00-0039415,0.0,0.0,0.0,0.0,0.0,0.0,0.0,0.0,0.0,0.0,0.0,0.0,0.0,64.0,32.95,28.8,217.5,123.8,2.0455669090839117,0.7976083173351061,0.8236800000000001,0.0,0.0
2025,1,0.0,2025_01_LV_NE,Las Vegas Raiders,Justin Shorter,WR,00-0038590,1.0,0.0,0.0,0.0,0.0,0.0,0.0,0.0,0.0,0.0,0.0,0.0,0.0,64.0,32.95,28.8,217.5,123.8,2.0455669090839117,0.7976083173351061,0.8236800000000001,1.0,1.0
2025,1,0.0,2025_01_LV_NE,New England Patriots,Drake Maye,QB,00-0039851,1.0,31.51,191.7,1.68,0.82,6.13,23.6,0.15,0.0,0.0,0.0,0.0,0.1428,64.0,32.95,28.8,217.5,123.8,1.8218214605443785,0.710365397082291,0.8236800000000001,1.0,1.0
2025,1,0.0,2025_01_LV_NE,New England Patriots,Rhamondre Stevenson,RB,00-0036875,1.0,0.0,0.0,0.0,0.0,13.82,48.3,0.42,3.11,2.28,12.9,0.17,0.448,64.0,32.95,28.8,217.5,123.8,1.8218214605443785,0.710365397082291,0.8236800000000001,1.0,1.0
2025,1,0.0,2025_01_LV_NE,New England Patriots,TreVeyon Henderson,RB,00-0040734,1.0,0.0,0.0,0.0,0.0,7.68,27.8,0.15,1.94,1.53,9.1,0.11,0.2264,64.0,32.95,28.8,217.5,123.8,1.8218214605443785,0.710365397082291,0.8236800000000001,1.0,1.0
2025,1,0.0,2025_01_LV_NE,New England Patriots,Antonio Gibson,RB,00-0036328,1.0,0.0,0.0,0.0,0.0,1.18,4.0,0.02,0.46,0.34,1.9,0.02,0.0474,64.0,32.95,28.8,217.5,123.8,1.8218214605443785,0.710365397082291,0.8236800000000001,1.0,1.0
2025,1,0.0,2025_01_LV_NE,New England Patriots,Hunter Henry,TE,00-0033090,1.0,0.0,0.0,0.0,0.0,0.0,0.0,0.0,3.19,2.16,14.5,0.16,0.152,64.0,32.95,28.8,217.5,123.8,1.8218214605443785,0.710365397082291,0.8236800000000001,1.0,1.0
2025,1,0.0,2025_01_LV_NE,New England Patriots,Austin Hooper,TE,00-0032392,1.0,0.0,0.0,0.0,0.0,0.0,0.0,0.0,0.0,0.0,0.0,0.0,0.0,64.0,32.95,28.8,217.5,123.8,1.8218214605443785,0.710365397082291,0.8236800000000001,1.0,1.0
2025,1,0.0,2025_01_LV_NE,New England Patriots,CJ Dippre,TE,00-0040566,0.0,0.0,0.0,0.0,0.0,0.0,0.0,0.0,0.0,0.0,0.0,0.0,0.0,64.0,32.95,28.8,217.5,123.8,1.8218214605443785,0.710365397082291,0.8236800000000001,0.0,0.0
2025,1,0.0,2025_01_LV_NE,New England Patriots,Cole Fotheringham,TE,00-0037506,0.0,0.0,0.0,0.0,0.0,0.0,0.0,0.0,0.0,0.0,0.0,0.0,0.0,64.0,32.95,28.8,217.5,123.8,1.8218214605443785,0.710365397082291,0.8236800000000001,0.0,0.0
2025,1,0.0,2025_01_LV_NE,New England Patriots,Stefon Diggs,WR,00-0031588,1.0,0.0,0.0,0.0,0.0,0.0,0.0,0.0,9.35,6.4,45.8,0.48,0.3799,64.0,32.95,28.8,217.5,123.8,1.8218214605443785,0.710365397082291,0.8236800000000001,1.0,1.0
2025,1,0.0,2025_01_LV_NE,New England Patriots,Kayshon Boutte,WR,00-0038608,1.0,0.0,0.0,0.0,0.0,0.0,0.0,0.0,7.04,4.14,35.7,0.36,0.3018,64.0,32.95,28.8,217.5,123.8,1.8218214605443785,0.710365397082291,0.8236800000000001,1.0,1.0
2025,1,0.0,2025_01_LV_NE,New England Patriots,Mack Hollins,WR,00-0033555,1.0,0.0,0.0,0.0,0.0,0.0,0.0,0.0,4.69,2.82,21.6,0.24,0.2137,64.0,32.95,28.8,217.5,123.8,1.8218214605443785,0.710365397082291,0.8236800000000001,1.0,1.0
2025,1,0.0,2025_01_LV_NE,New England Patriots,DeMario Douglas,WR,00-0038621,1.0,0.0,0.0,0.0,0.0,0.0,0.0,0.0,2.62,1.67,13.5,0.13,0.1237,64.0,32.95,28.8,217.5,123.8,1.8218214605443785,0.710365397082291,0.8236800000000001,1.0,1.0
2025,1,0.0,2025_01_LV_NE,New England Patriots,Kyle Williams,WR,00-0040131,1.0,0.0,0.0,0.0,0.0,0.0,0.0,0.0,0.56,0.31,4.1,0.03,0.0289,64.0,32.95,28.8,217.5,123.8,1.8218214605443785,0.710365397082291,0.8236800000000001,1.0,1.0
2025,1,0.0,2025_01_LV_NE,New England Patriots,Brandon Smith,WR,00-0036775,0.0,0.0,0.0,0.0,0.0,0.0,0.0,0.0,0.0,0.0,0.0,0.0,0.0,64.0,32.95,28.8,217.5,123.8,1.8218214605443785,0.710365397082291,0.8236800000000001,0.0,0.0
2025,1,0.0,2025_01_LV_NE,New England Patriots,Efton Chism III,WR,00-0040563,1.0,0.0,0.0,0.0,0.0,0.0,0.0,0.0,0.0,0.0,0.0,0.0,0.0,64.0,32.95,28.8,217.5,123.8,1.8218214605443785,0.710365397082291,0.8236800000000001,0.0,0.0
2025,1,0.0,2025_01_MIA_IND,Indianapolis Colts,Daniel Jones,QB,00-0035710,1.0,33.8,205.0,1.46,0.82,8.93,32.1,0.18,0.0,0.0,0.0,0.0,0.1652,64.0,32.95,28.8,217.5,123.8,1.5529778501636755,0.6055377824245631,0.8236800000000001,1.0,1.0
2025,1,0.0,2025_01_MIA_IND,Indianapolis Colts,Jonathan Taylor,RB,00-0036223,1.0,0.0,0.0,0.0,0.0,12.47,43.1,0.35,2.99,2.06,13.7,0.14,0.3879,64.0,32.95,28.8,217.5,123.8,1.5529778501636755,0.6055377824245631,0.8236800000000001,1.0,1.0
2025,1,0.0,2025_01_MIA_IND,Indianapolis Colts,DJ Giddens,RB,00-0040179,1.0,0.0,0.0,0.0,0.0,6.93,27.9,0.12,1.86,1.34,12.2,0.09,0.188,64.0,32.95,28.8,217.5,123.8,1.5529778501636755,0.6055377824245631,0.8236800000000001,1.0,1.0
2025,1,0.0,2025_01_MIA_IND,Indianapolis Colts,Ulysses Bentley IV,RB,00-0040476,1.0,0.0,0.0,0.0,0.0,0.48,2.0,0.01,0.0,0.0,0.0,0.0,0.0,64.0,32.95,28.8,217.5,123.8,1.5529778501636755,0.6055377824245631,0.8236800000000001,1.0,1.0
2025,1,0.0,2025_01_MIA_IND,Indianapolis Colts,Tyler Warren,TE,00-0040128,1.0,0.0,0.0,0.0,0.0,0.0,0.0,0.0,3.36,2.11,17.0,0.15,0.1423,64.0,32.95,28.8,217.5,123.8,1.5529778501636755,0.6055377824245631,0.8236800000000001,1.0,1.0
2025,1,0.0,2025_01_MIA_IND,Indianapolis Colts,Andrew Ogletree,TE,00-0037292,1.0,0.0,0.0,0.0,0.0,0.0,0.0,0.0,0.0,0.0,0.0,0.0,0.0,64.0,32.95,28.8,217.5,123.8,1.5529778501636755,0.6055377824245631,0.8236800000000001,1.0,1.0
2025,1,0.0,2025_01_MIA_IND,Indianapolis Colts,Mo Alie-Cox,TE,00-0033217,1.0,0.0,0.0,0.0,0.0,0.0,0.0,0.0,0.0,0.0,0.0,0.0,0.0,64.0,32.95,28.8,217.5,123.8,1.5529778501636755,0.6055377824245631,0.8236800000000001,1.0,1.0
2025,1,0.0,2025_01_MIA_IND,Indianapolis Colts,Sean McKeon,TE,00-0036032,0.0,0.0,0.0,0.0,0.0,0.0,0.0,0.0,0.0,0.0,0.0,0.0,0.0,64.0,32.95,28.8,217.5,123.8,1.5529778501636755,0.6055377824245631,0.8236800000000001,0.0,0.0
2025,1,0.0,2025_01_MIA_IND,Indianapolis Colts,Michael Pittman Jr.,WR,None,0.0,0.0,0.0,0.0,0.0,0.0,0.0,0.0,8.43,5.18,78.8,0.4,0.328,64.0,32.95,28.8,217.5,123.8,1.5529778501636755,0.6055377824245631,0.8236800000000001,0.0,0.0
2025,1,0.0,2025_01_MIA_IND,Indianapolis Colts,Alec Pierce,WR,00-0037664,1.0,0.0,0.0,0.0,0.0,0.0,0.0,0.0,6.35,3.2,30.9,0.27,0.2382,64.0,32.95,28.8,217.5,123.8,1.5529778501636755,0.6055377824245631,0.8236800000000001,1.0,1.0
2025,1,0.0,2025_01_MIA_IND,Indianapolis Colts,Josh Downs,WR,00-0038997,1.0,0.0,0.0,0.0,0.0,0.0,0.0,0.0,4.23,2.65,18.9,0.19,0.171,64.0,32.95,28.8,217.5,123.8,1.5529778501636755,0.6055377824245631,0.8236800000000001,1.0,1.0
2025,1,0.0,2025_01_MIA_IND,Indianapolis Colts,Michael Pittman,WR,00-0036252,1.0,0.0,0.0,0.0,0.0,0.0,0.0,0.0,4.19,2.8,20.6,0.18,0.1683,64.0,32.95,28.8,217.5,123.8,1.5529778501636755,0.6055377824245631,0.8236800000000001,1.0,1.0
2025,1,0.0,2025_01_MIA_IND,Indianapolis Colts,A.Mitchell,WR,None,0.0,0.0,0.0,0.0,0.0,0.0,0.0,0.0,1.05,0.64,9.8,0.05,0.0481,64.0,32.95,28.8,217.5,123.8,1.5529778501636755,0.6055377824245631,0.8236800000000001,0.0,0.0
2025,1,0.0,2025_01_MIA_IND,Indianapolis Colts,Ajou Ajou,WR,00-0039957,0.0,0.0,0.0,0.0,0.0,0.0,0.0,0.0,0.0,0.0,0.0,0.0,0.0,64.0,32.95,28.8,217.5,123.8,1.5529778501636755,0.6055377824245631,0.8236800000000001,0.0,0.0
2025,1,0.0,2025_01_MIA_IND,Indianapolis Colts,Anthony Gould,WR,00-0039816,1.0,0.0,0.0,0.0,0.0,0.0,0.0,0.0,0.0,0.0,0.0,0.0,0.0,64.0,32.95,28.8,217.5,123.8,1.5529778501636755,0.6055377824245631,0.8236800000000001,1.0,1.0
2025,1,0.0,2025_01_MIA_IND,Indianapolis Colts,Ashton Dulin,WR,00-0035021,1.0,0.0,0.0,0.0,0.0,0.0,0.0,0.0,0.0,0.0,0.0,0.0,0.0,64.0,32.95,28.8,217.5,123.8,1.5529778501636755,0.6055377824245631,0.8236800000000001,1.0,1.0
2025,1,0.0,2025_01_MIA_IND,Miami Dolphins,Alec Ingold,FB,00-0035125,1.0,0.0,0.0,0.0,0.0,0.0,0.0,0.0,0.0,0.0,0.0,0.0,0.0,64.0,32.95,28.8,217.5,123.8,2.7096792770039055,1.056559293685873,0.8236800000000001,1.0,1.0
2025,1,0.0,2025_01_MIA_IND,Miami Dolphins,Tua Tagovailoa,QB,00-0036212,1.0,34.15,220.1,2.49,0.82,2.41,9.6,0.09,0.0,0.0,0.0,0.0,0.0835,64.0,32.95,28.8,217.5,123.8,2.7096792770039055,1.056559293685873,0.8236800000000001,1.0,1.0
2025,1,0.0,2025_01_MIA_IND,Miami Dolphins,De'Von Achane,RB,00-0039040,1.0,0.0,0.0,0.0,0.0,14.57,50.7,0.66,3.0,2.34,12.8,0.25,0.5994,64.0,32.95,28.8,217.5,123.8,2.7096792770039055,1.056559293685873,0.8236800000000001,1.0,1.0
2025,1,0.0,2025_01_MIA_IND,Miami Dolphins,Jaylen Wright,RB,00-0039874,1.0,0.0,0.0,0.0,0.0,8.1,29.9,0.23,1.87,1.18,9.5,0.15,0.3163,64.0,32.95,28.8,217.5,123.8,2.7096792770039055,1.056559293685873,0.8236800000000001,0.0,0.0
2025,1,0.0,2025_01_MIA_IND,Miami Dolphins,Ollie Gordon II,RB,00-0040198,1.0,0.0,0.0,0.0,0.0,3.72,13.6,0.12,0.44,0.33,2.6,0.04,0.1467,64.0,32.95,28.8,217.5,123.8,2.7096792770039055,1.056559293685873,0.8236800000000001,1.0,1.0
2025,1,0.0,2025_01_MIA_IND,Miami Dolphins,Jeff Wilson,RB,00-0034115,1.0,0.0,0.0,0.0,0.0,0.0,0.0,0.0,0.0,0.0,0.0,0.0,0.0,64.0,32.95,28.8,217.5,123.8,2.7096792770039055,1.056559293685873,0.8236800000000001,1.0,1.0
2025,1,0.0,2025_01_MIA_IND,Miami Dolphins,Julian Hill,TE,00-0038720,1.0,0.0,0.0,0.0,0.0,0.0,0.0,0.0,3.28,2.07,17.5,0.27,0.2346,64.0,32.95,28.8,217.5,123.8,2.7096792770039055,1.056559293685873,0.8236800000000001,1.0,1.0
2025,1,0.0,2025_01_MIA_IND,Miami Dolphins,Chris Myarick,TE,00-0035345,0.0,0.0,0.0,0.0,0.0,0.0,0.0,0.0,0.0,0.0,0.0,0.0,0.0,64.0,32.95,28.8,217.5,123.8,2.7096792770039055,1.056559293685873,0.8236800000000001,0.0,0.0
2025,1,0.0,2025_01_MIA_IND,Miami Dolphins,Darren Waller,TE,00-0031610,1.0,0.0,0.0,0.0,0.0,0.0,0.0,0.0,0.0,0.0,0.0,0.0,0.0,64.0,32.95,28.8,217.5,123.8,2.7096792770039055,1.056559293685873,0.8236800000000001,0.0,0.0
2025,1,0.0,2025_01_MIA_IND,Miami Dolphins,Greg Dulcich,TE,00-0037252,0.0,0.0,0.0,0.0,0.0,0.0,0.0,0.0,0.0,0.0,0.0,0.0,0.0,64.0,32.95,28.8,217.5,123.8,2.7096792770039055,1.056559293685873,0.8236800000000001,0.0,0.0
2025,1,0.0,2025_01_MIA_IND,Miami Dolphins,Tyreek Hill,WR,00-0033040,1.0,0.0,0.0,0.0,0.0,0.0,0.0,0.0,9.0,5.73,42.3,0.68,0.4955,64.0,32.95,28.8,217.5,123.8,2.7096792770039055,1.056559293685873,0.8236800000000001,1.0,1.0
2025,1,0.0,2025_01_MIA_IND,Miami Dolphins,Jaylen Waddle,WR,00-0036613,1.0,0.0,0.0,0.0,0.0,0.0,0.0,0.0,6.78,4.12,30.7,0.51,0.3986,64.0,32.95,28.8,217.5,123.8,2.7096792770039055,1.056559293685873,0.8236800000000001,1.0,1.0
2025,1,0.0,2025_01_MIA_IND,Miami Dolphins,Malik Washington,WR,00-0039880,1.0,0.0,0.0,0.0,0.0,0.0,0.0,0.0,4.52,3.06,23.7,0.36,0.3001,64.0,32.95,28.8,217.5,123.8,2.7096792770039055,1.056559293685873,0.8236800000000001,1.0,1.0
2025,1,0.0,2025_01_MIA_IND,Miami Dolphins,T.Conner,WR,None,0.0,0.0,0.0,0.0,0.0,0.0,0.0,0.0,2.03,1.29,19.4,0.17,0.1534,64.0,32.95,28.8,217.5,123.8,2.7096792770039055,1.056559293685873,0.8236800000000001,0.0,0.0
2025,1,0.0,2025_01_MIA_IND,Miami Dolphins,Dee Eskridge,WR,00-0036620,1.0,0.0,0.0,0.0,0.0,0.0,0.0,0.0,1.01,0.6,7.2,0.08,0.0768,64.0,32.95,28.8,217.5,123.8,2.7096792770039055,1.056559293685873,0.8236800000000001,1.0,1.0
2025,1,0.0,2025_01_MIA_IND,Miami Dolphins,Nick Westbrook-Ikhine,WR,00-0036182,1.0,0.0,0.0,0.0,0.0,0.0,0.0,0.0,1.01,0.52,5.2,0.08,0.0763,64.0,32.95,28.8,217.5,123.8,2.7096792770039055,1.056559293685873,0.8236800000000001,1.0,1.0
2025,1,0.0,2025_01_MIA_IND,Miami Dolphins,A.J. Henning,WR,00-0040302,0.0,0.0,0.0,0.0,0.0,0.0,0.0,0.0,0.0,0.0,0.0,0.0,0.0,64.0,32.95,28.8,217.5,123.8,2.7096792770039055,1.056559293685873,0.8236800000000001,0.0,0.0
2025,1,0.0,2025_01_MIA_IND,Miami Dolphins,Cedrick Wilson Jr.,WR,00-0034418,0.0,0.0,0.0,0.0,0.0,0.0,0.0,0.0,0.0,0.0,0.0,0.0,0.0,64.0,32.95,28.8,217.5,123.8,2.7096792770039055,1.056559293685873,0.8236800000000001,0.0,0.0
2025,1,0.0,2025_01_MIN_CHI,Chicago Bears,Caleb Williams,QB,00-0039918,1.0,34.59,209.7,1.79,0.82,7.1,28.1,0.2,0.0,0.0,0.0,0.0,0.1809,64.0,32.95,28.8,217.5,123.8,1.9642014489709614,0.7658822625961044,0.8236800000000001,1.0,1.0
2025,1,0.0,2025_01_MIN_CHI,Chicago Bears,D'Andre Swift,RB,00-0036275,1.0,0.0,0.0,0.0,0.0,13.95,49.5,0.45,3.39,2.45,14.3,0.2,0.4782,64.0,32.95,28.8,217.5,123.8,1.9642014489709614,0.7658822625961044,0.8236800000000001,1.0,1.0
2025,1,0.0,2025_01_MIN_CHI,Chicago Bears,Kyle Monangai,RB,00-0040236,1.0,0.0,0.0,0.0,0.0,7.75,27.0,0.17,2.11,1.29,9.9,0.13,0.2529,64.0,32.95,28.8,217.5,123.8,1.9642014489709614,0.7658822625961044,0.8236800000000001,1.0,1.0
2025,1,0.0,2025_01_MIN_CHI,Chicago Bears,Cole Kmet,TE,00-0036290,1.0,0.0,0.0,0.0,0.0,0.0,0.0,0.0,3.33,2.44,15.2,0.19,0.1692,64.0,32.95,28.8,217.5,123.8,1.9642014489709614,0.7658822625961044,0.8236800000000001,1.0,1.0
2025,1,0.0,2025_01_MIN_CHI,Chicago Bears,Colston Loveland,TE,00-0040126,1.0,0.0,0.0,0.0,0.0,0.0,0.0,0.0,0.0,0.0,0.0,0.0,0.0,64.0,32.95,28.8,217.5,123.8,1.9642014489709614,0.7658822625961044,0.8236800000000001,1.0,1.0
2025,1,0.0,2025_01_MIN_CHI,Chicago Bears,Durham Smythe,TE,00-0034798,1.0,0.0,0.0,0.0,0.0,0.0,0.0,0.0,0.0,0.0,0.0,0.0,0.0,64.0,32.95,28.8,217.5,123.8,1.9642014489709614,0.7658822625961044,0.8236800000000001,1.0,1.0
2025,1,0.0,2025_01_MIN_CHI,Chicago Bears,DJ Moore,WR,00-0034827,1.0,0.0,0.0,0.0,0.0,0.0,0.0,0.0,10.36,6.16,49.0,0.57,0.4346,64.0,32.95,28.8,217.5,123.8,1.9642014489709614,0.7658822625961044,0.8236800000000001,1.0,1.0
2025,1,0.0,2025_01_MIN_CHI,Chicago Bears,Rome Odunze,WR,00-0039919,1.0,0.0,0.0,0.0,0.0,0.0,0.0,0.0,7.8,3.9,39.4,0.45,0.3626,64.0,32.95,28.8,217.5,123.8,1.9642014489709614,0.7658822625961044,0.8236800000000001,1.0,1.0
2025,1,0.0,2025_01_MIN_CHI,Chicago Bears,Olamide Zaccheaus,WR,00-0035208,1.0,0.0,0.0,0.0,0.0,0.0,0.0,0.0,5.2,3.08,24.0,0.3,0.2575,64.0,32.95,28.8,217.5,123.8,1.9642014489709614,0.7658822625961044,0.8236800000000001,1.0,1.0
2025,1,0.0,2025_01_MIN_CHI,Chicago Bears,Luther Burden III,WR,00-0040735,1.0,0.0,0.0,0.0,0.0,0.0,0.0,0.0,0.62,0.42,3.6,0.03,0.0334,64.0,32.95,28.8,217.5,123.8,1.9642014489709614,0.7658822625961044,0.8236800000000001,1.0,1.0
2025,1,0.0,2025_01_MIN_CHI,Chicago Bears,Devin Duvernay,WR,00-0036331,1.0,0.0,0.0,0.0,0.0,0.0,0.0,0.0,0.0,0.0,0.0,0.0,0.0,64.0,32.95,28.8,217.5,123.8,1.9642014489709614,0.7658822625961044,0.8236800000000001,1.0,1.0
2025,1,0.0,2025_01_MIN_CHI,Chicago Bears,JP Richardson,WR,00-0040275,0.0,0.0,0.0,0.0,0.0,0.0,0.0,0.0,0.0,0.0,0.0,0.0,0.0,64.0,32.95,28.8,217.5,123.8,1.9642014489709614,0.7658822625961044,0.8236800000000001,0.0,0.0
2025,1,0.0,2025_01_MIN_CHI,Chicago Bears,Jahdae Walker,WR,00-0040277,1.0,0.0,0.0,0.0,0.0,0.0,0.0,0.0,0.0,0.0,0.0,0.0,0.0,64.0,32.95,28.8,217.5,123.8,1.9642014489709614,0.7658822625961044,0.8236800000000001,1.0,1.0
2025,1,0.0,2025_01_MIN_CHI,Minnesota Vikings,J.J. McCarthy,QB,00-0039923,1.0,32.95,204.4,1.83,0.82,0.99,4.3,0.02,0.0,0.0,0.0,0.0,0.0227,64.0,32.95,28.8,217.5,123.8,1.7236696652405323,0.672094007401481,0.8236800000000001,1.0,1.0
2025,1,0.0,2025_01_MIN_CHI,Minnesota Vikings,Aaron Jones Sr.,RB,None,0.0,0.0,0.0,0.0,0.0,14.34,62.7,0.4,3.1,2.24,19.8,0.16,0.4306,64.0,32.95,28.8,217.5,123.8,1.7236696652405323,0.672094007401481,0.8236800000000001,0.0,0.0
2025,1,0.0,2025_01_MIN_CHI,Minnesota Vikings,Jordan Mason,RB,00-0037525,1.0,0.0,0.0,0.0,0.0,7.97,27.0,0.15,1.93,1.48,9.4,0.1,0.2221,64.0,32.95,28.8,217.5,123.8,1.7236696652405323,0.672094007401481,0.8236800000000001,1.0,1.0
2025,1,0.0,2025_01_MIN_CHI,Minnesota Vikings,Aaron Jones,RB,00-0033293,1.0,0.0,0.0,0.0,0.0,5.5,19.3,0.11,1.86,1.29,7.7,0.1,0.1933,64.0,32.95,28.8,217.5,123.8,1.7236696652405323,0.672094007401481,0.8236800000000001,1.0,1.0
2025,1,0.0,2025_01_MIN_CHI,Minnesota Vikings,Ty Chandler,RB,00-0037276,1.0,0.0,0.0,0.0,0.0,0.0,0.0,0.0,0.0,0.0,0.0,0.0,0.0,64.0,32.95,28.8,217.5,123.8,1.7236696652405323,0.672094007401481,0.8236800000000001,1.0,1.0
2025,1,0.0,2025_01_MIN_CHI,Minnesota Vikings,T.J. Hockenson,TE,00-0035229,1.0,0.0,0.0,0.0,0.0,0.0,0.0,0.0,3.31,2.26,14.4,0.16,0.1444,64.0,32.95,28.8,217.5,123.8,1.7236696652405323,0.672094007401481,0.8236800000000001,1.0,1.0
2025,1,0.0,2025_01_MIN_CHI,Minnesota Vikings,Ben Sims,TE,00-0038809,0.0,0.0,0.0,0.0,0.0,0.0,0.0,0.0,0.0,0.0,0.0,0.0,0.0,64.0,32.95,28.8,217.5,123.8,1.7236696652405323,0.672094007401481,0.8236800000000001,0.0,0.0
2025,1,0.0,2025_01_MIN_CHI,Minnesota Vikings,Ben Yurosek,TE,00-0040509,1.0,0.0,0.0,0.0,0.0,0.0,0.0,0.0,0.0,0.0,0.0,0.0,0.0,64.0,32.95,28.8,217.5,123.8,1.7236696652405323,0.672094007401481,0.8236800000000001,1.0,1.0
2025,1,0.0,2025_01_MIN_CHI,Minnesota Vikings,Bryson Nesbit,TE,00-0040504,0.0,0.0,0.0,0.0,0.0,0.0,0.0,0.0,0.0,0.0,0.0,0.0,0.0,64.0,32.95,28.8,217.5,123.8,1.7236696652405323,0.672094007401481,0.8236800000000001,0.0,0.0
2025,1,0.0,2025_01_MIN_CHI,Minnesota Vikings,Josh Oliver,TE,00-0035249,1.0,0.0,0.0,0.0,0.0,0.0,0.0,0.0,0.0,0.0,0.0,0.0,0.0,64.0,32.95,28.8,217.5,123.8,1.7236696652405323,0.672094007401481,0.8236800000000001,1.0,1.0
2025,1,0.0,2025_01_MIN_CHI,Minnesota Vikings,Justin Jefferson,WR,00-0036322,1.0,0.0,0.0,0.0,0.0,0.0,0.0,0.0,9.46,5.9,47.5,0.47,0.3774,64.0,32.95,28.8,217.5,123.8,1.7236696652405323,0.672094007401481,0.8236800000000001,1.0,1.0
2025,1,0.0,2025_01_MIN_CHI,Minnesota Vikings,Jalen Nailor,WR,00-0037291,1.0,0.0,0.0,0.0,0.0,0.0,0.0,0.0,7.01,4.09,38.6,0.36,0.3037,64.0,32.95,28.8,217.5,123.8,1.7236696652405323,0.672094007401481,0.8236800000000001,1.0,1.0
2025,1,0.0,2025_01_MIN_CHI,Minnesota Vikings,Adam Thielen,WR,None,1.0,0.0,0.0,0.0,0.0,0.0,0.0,0.0,4.67,2.86,41.7,0.24,0.2168,64.0,32.95,28.8,217.5,123.8,1.7236696652405323,0.672094007401481,0.8236800000000001,0.0,1.0
2025,1,0.0,2025_01_MIN_CHI,Minnesota Vikings,A.Thielen,WR,None,0.0,0.0,0.0,0.0,0.0,0.0,0.0,0.0,1.52,0.95,14.4,0.08,0.0766,64.0,32.95,28.8,217.5,123.8,1.7236696652405323,0.672094007401481,0.8236800000000001,0.0,0.0
2025,1,0.0,2025_01_MIN_CHI,Minnesota Vikings,Dontae Fleming,WR,00-0040498,0.0,0.0,0.0,0.0,0.0,0.0,0.0,0.0,0.0,0.0,0.0,0.0,0.0,64.0,32.95,28.8,217.5,123.8,1.7236696652405323,0.672094007401481,0.8236800000000001,0.0,0.0
2025,1,0.0,2025_01_MIN_CHI,Minnesota Vikings,Jeshaun Jones,WR,00-0039710,0.0,0.0,0.0,0.0,0.0,0.0,0.0,0.0,0.0,0.0,0.0,0.0,0.0,64.0,32.95,28.8,217.5,123.8,1.7236696652405323,0.672094007401481,0.8236800000000001,0.0,0.0
2025,1,0.0,2025_01_MIN_CHI,Minnesota Vikings,Myles Price,WR,00-0040506,1.0,0.0,0.0,0.0,0.0,0.0,0.0,0.0,0.0,0.0,0.0,0.0,0.0,64.0,32.95,28.8,217.5,123.8,1.7236696652405323,0.672094007401481,0.8236800000000001,1.0,1.0
2025,1,0.0,2025_01_MIN_CHI,Minnesota Vikings,Tai Felton,WR,00-0040154,1.0,0.0,0.0,0.0,0.0,0.0,0.0,0.0,0.0,0.0,0.0,0.0,0.0,64.0,32.95,28.8,217.5,123.8,1.7236696652405323,0.672094007401481,0.8236800000000001,1.0,1.0
2025,1,0.0,2025_01_NYG_WAS,New York Giants,Russell Wilson,QB,00-0029263,1.0,33.06,203.8,2.0,0.82,5.53,20.9,0.17,0.0,0.0,0.0,0.0,0.1549,64.0,32.95,28.8,217.5,123.8,2.0201088343378277,0.787681694025625,0.8236800000000001,1.0,1.0
2025,1,0.0,2025_01_NYG_WAS,New York Giants,Tyrone Tracy Jr.,RB,00-0039384,1.0,0.0,0.0,0.0,0.0,13.25,45.2,0.43,3.37,2.34,16.1,0.2,0.4696,64.0,32.95,28.8,217.5,123.8,2.0201088343378277,0.787681694025625,0.8236800000000001,1.0,1.0
2025,1,0.0,2025_01_NYG_WAS,New York Giants,Cam Skattebo,RB,00-0040715,1.0,0.0,0.0,0.0,0.0,7.36,26.9,0.17,2.1,1.53,11.1,0.13,0.2553,64.0,32.95,28.8,217.5,123.8,2.0201088343378277,0.787681694025625,0.8236800000000001,1.0,1.0
2025,1,0.0,2025_01_NYG_WAS,New York Giants,Devin Singletary,RB,00-0035250,1.0,0.0,0.0,0.0,0.0,2.65,9.2,0.06,0.0,0.0,0.0,0.0,0.0594,64.0,32.95,28.8,217.5,123.8,2.0201088343378277,0.787681694025625,0.8236800000000001,1.0,1.0
2025,1,0.0,2025_01_NYG_WAS,New York Giants,Theo Johnson,TE,00-0039847,1.0,0.0,0.0,0.0,0.0,0.0,0.0,0.0,3.23,1.92,16.4,0.18,0.1666,64.0,32.95,28.8,217.5,123.8,2.0201088343378277,0.787681694025625,0.8236800000000001,1.0,1.0
2025,1,0.0,2025_01_NYG_WAS,New York Giants,Chris Manhertz,TE,00-0031484,1.0,0.0,0.0,0.0,0.0,0.0,0.0,0.0,0.0,0.0,0.0,0.0,0.0,64.0,32.95,28.8,217.5,123.8,2.0201088343378277,0.787681694025625,0.8236800000000001,1.0,1.0
2025,1,0.0,2025_01_NYG_WAS,New York Giants,Daniel Bellinger,TE,00-0038115,1.0,0.0,0.0,0.0,0.0,0.0,0.0,0.0,0.0,0.0,0.0,0.0,0.0,64.0,32.95,28.8,217.5,123.8,2.0201088343378277,0.787681694025625,0.8236800000000001,1.0,1.0
2025,1,0.0,2025_01_NYG_WAS,New York Giants,Jermaine Terry,TE,00-0040457,0.0,0.0,0.0,0.0,0.0,0.0,0.0,0.0,0.0,0.0,0.0,0.0,0.0,64.0,32.95,28.8,217.5,123.8,2.0201088343378277,0.787681694025625,0.8236800000000001,0.0,0.0
2025,1,0.0,2025_01_NYG_WAS,New York Giants,Thomas Fidone II,TE,00-0040225,1.0,0.0,0.0,0.0,0.0,0.0,0.0,0.0,0.0,0.0,0.0,0.0,0.0,64.0,32.95,28.8,217.5,123.8,2.0201088343378277,0.787681694025625,0.8236800000000001,1.0,1.0
2025,1,0.0,2025_01_NYG_WAS,New York Giants,Malik Nabers,WR,00-0039337,1.0,0.0,0.0,0.0,0.0,0.0,0.0,0.0,10.75,6.15,55.8,0.61,0.4562,64.0,32.95,28.8,217.5,123.8,2.0201088343378277,0.787681694025625,0.8236800000000001,1.0,1.0
2025,1,0.0,2025_01_NYG_WAS,New York Giants,Wan'Dale Robinson,WR,00-0038117,1.0,0.0,0.0,0.0,0.0,0.0,0.0,0.0,8.1,5.26,38.6,0.45,0.3616,64.0,32.95,28.8,217.5,123.8,2.0201088343378277,0.787681694025625,0.8236800000000001,1.0,1.0
2025,1,0.0,2025_01_NYG_WAS,New York Giants,Darius Slayton,WR,00-0035535,1.0,0.0,0.0,0.0,0.0,0.0,0.0,0.0,5.4,2.98,25.2,0.3,0.2566,64.0,32.95,28.8,217.5,123.8,2.0201088343378277,0.787681694025625,0.8236800000000001,1.0,1.0
2025,1,0.0,2025_01_NYG_WAS,New York Giants,Antwane Wells Jr.,WR,00-0040438,0.0,0.0,0.0,0.0,0.0,0.0,0.0,0.0,0.0,0.0,0.0,0.0,0.0,64.0,32.95,28.8,217.5,123.8,2.0201088343378277,0.787681694025625,0.8236800000000001,0.0,0.0
2025,1,0.0,2025_01_NYG_WAS,New York Giants,Beaux Collins,WR,00-0040432,1.0,0.0,0.0,0.0,0.0,0.0,0.0,0.0,0.0,0.0,0.0,0.0,0.0,64.0,32.95,28.8,217.5,123.8,2.0201088343378277,0.787681694025625,0.8236800000000001,1.0,1.0
2025,1,0.0,2025_01_NYG_WAS,New York Giants,Bryce Ford-Wheaton,WR,00-0038477,1.0,0.0,0.0,0.0,0.0,0.0,0.0,0.0,0.0,0.0,0.0,0.0,0.0,64.0,32.95,28.8,217.5,123.8,2.0201088343378277,0.787681694025625,0.8236800000000001,0.0,0.0
2025,1,0.0,2025_01_NYG_WAS,New York Giants,Gunner Olszewski,WR,00-0035645,1.0,0.0,0.0,0.0,0.0,0.0,0.0,0.0,0.0,0.0,0.0,0.0,0.0,64.0,32.95,28.8,217.5,123.8,2.0201088343378277,0.787681694025625,0.8236800000000001,1.0,1.0
2025,1,0.0,2025_01_NYG_WAS,New York Giants,Jalin Hyatt,WR,00-0038938,1.0,0.0,0.0,0.0,0.0,0.0,0.0,0.0,0.0,0.0,0.0,0.0,0.0,64.0,32.95,28.8,217.5,123.8,2.0201088343378277,0.787681694025625,0.8236800000000001,1.0,1.0
2025,1,0.0,2025_01_NYG_WAS,Washington Commanders,Jayden Daniels,QB,00-0039910,1.0,32.79,205.1,2.39,0.82,8.55,31.6,0.3,0.0,0.0,0.0,0.0,0.2574,64.0,32.95,28.8,217.5,123.8,2.66366504871526,1.0386174062629792,0.8236800000000001,1.0,1.0
2025,1,0.0,2025_01_NYG_WAS,Washington Commanders,Jacory Croskey-Merritt,RB,00-0040242,1.0,0.0,0.0,0.0,0.0,10.99,40.5,0.54,2.73,1.9,15.4,0.22,0.5305,64.0,32.95,28.8,217.5,123.8,2.66366504871526,1.0386174062629792,0.8236800000000001,1.0,1.0
2025,1,0.0,2025_01_NYG_WAS,Washington Commanders,Jeremy McNichols,RB,00-0033955,1.0,0.0,0.0,0.0,0.0,6.1,22.1,0.19,1.7,1.22,7.8,0.14,0.2805,64.0,32.95,28.8,217.5,123.8,2.66366504871526,1.0386174062629792,0.8236800000000001,1.0,1.0
2025,1,0.0,2025_01_NYG_WAS,Washington Commanders,Austin Ekeler,RB,00-0033699,1.0,0.0,0.0,0.0,0.0,3.16,11.1,0.11,1.25,0.94,5.2,0.1,0.1923,64.0,32.95,28.8,217.5,123.8,2.66366504871526,1.0386174062629792,0.8236800000000001,1.0,1.0
2025,1,0.0,2025_01_NYG_WAS,Washington Commanders,Chris Rodriguez Jr.,RB,00-0038611,1.0,0.0,0.0,0.0,0.0,0.0,0.0,0.0,0.0,0.0,0.0,0.0,0.0,64.0,32.95,28.8,217.5,123.8,2.66366504871526,1.0386174062629792,0.8236800000000001,1.0,1.0
2025,1,0.0,2025_01_NYG_WAS,Washington Commanders,Zach Ertz,TE,00-0030061,1.0,0.0,0.0,0.0,0.0,0.0,0.0,0.0,3.23,2.08,14.4,0.25,0.2199,64.0,32.95,28.8,217.5,123.8,2.66366504871526,1.0386174062629792,0.8236800000000001,1.0,1.0
2025,1,0.0,2025_01_NYG_WAS,Washington Commanders,Ben Sinnott,TE,00-0039912,1.0,0.0,0.0,0.0,0.0,0.0,0.0,0.0,0.0,0.0,0.0,0.0,0.0,64.0,32.95,28.8,217.5,123.8,2.66366504871526,1.0386174062629792,0.8236800000000001,1.0,1.0
2025,1,0.0,2025_01_NYG_WAS,Washington Commanders,Colson Yankoff,TE,00-0039686,1.0,0.0,0.0,0.0,0.0,0.0,0.0,0.0,0.0,0.0,0.0,0.0,0.0,64.0,32.95,28.8,217.5,123.8,2.66366504871526,1.0386174062629792,0.8236800000000001,1.0,1.0
2025,1,0.0,2025_01_NYG_WAS,Washington Commanders,Gee Scott Jr.,TE,00-0040571,0.0,0.0,0.0,0.0,0.0,0.0,0.0,0.0,0.0,0.0,0.0,0.0,0.0,64.0,32.95,28.8,217.5,123.8,2.66366504871526,1.0386174062629792,0.8236800000000001,0.0,0.0
2025,1,0.0,2025_01_NYG_WAS,Washington Commanders,John Bates,TE,00-0036628,1.0,0.0,0.0,0.0,0.0,0.0,0.0,0.0,0.0,0.0,0.0,0.0,0.0,64.0,32.95,28.8,217.5,123.8,2.66366504871526,1.0386174062629792,0.8236800000000001,1.0,1.0
2025,1,0.0,2025_01_NYG_WAS,Washington Commanders,Terry McLaurin,WR,00-0035659,1.0,0.0,0.0,0.0,0.0,0.0,0.0,0.0,7.85,4.75,37.8,0.59,0.4457,64.0,32.95,28.8,217.5,123.8,2.66366504871526,1.0386174062629792,0.8236800000000001,1.0,1.0
2025,1,0.0,2025_01_NYG_WAS,Washington Commanders,Deebo Samuel,WR,None,0.0,0.0,0.0,0.0,0.0,0.0,0.0,0.0,5.91,3.69,53.7,0.48,0.3799,64.0,32.95,28.8,217.5,123.8,2.66366504871526,1.0386174062629792,0.8236800000000001,0.0,0.0
2025,1,0.0,2025_01_NYG_WAS,Washington Commanders,Deebo Samuel Sr.,WR,00-0035719,1.0,0.0,0.0,0.0,0.0,0.0,0.0,0.0,4.87,3.02,23.8,0.37,0.3126,64.0,32.95,28.8,217.5,123.8,2.66366504871526,1.0386174062629792,0.8236800000000001,1.0,1.0
2025,1,0.0,2025_01_NYG_WAS,Washington Commanders,Noah Brown,WR,00-0033591,1.0,0.0,0.0,0.0,0.0,0.0,0.0,0.0,3.94,2.05,18.0,0.3,0.2596,64.0,32.95,28.8,217.5,123.8,2.66366504871526,1.0386174062629792,0.8236800000000001,1.0,1.0
2025,1,0.0,2025_01_NYG_WAS,Washington Commanders,Jaylin Lane,WR,00-0040164,1.0,0.0,0.0,0.0,0.0,0.0,0.0,0.0,0.97,0.54,6.8,0.07,0.0717,64.0,32.95,28.8,217.5,123.8,2.66366504871526,1.0386174062629792,0.8236800000000001,1.0,1.0
2025,1,0.0,2025_01_NYG_WAS,Washington Commanders,Chris Moore,WR,00-0032398,1.0,0.0,0.0,0.0,0.0,0.0,0.0,0.0,0.49,0.28,2.6,0.04,0.0358,64.0,32.95,28.8,217.5,123.8,2.66366504871526,1.0386174062629792,0.8236800000000001,1.0,1.0
2025,1,0.0,2025_01_NYG_WAS,Washington Commanders,Braylon Sanders,WR,00-0037355,0.0,0.0,0.0,0.0,0.0,0.0,0.0,0.0,0.0,0.0,0.0,0.0,0.0,64.0,32.95,28.8,217.5,123.8,2.66366504871526,1.0386174062629792,0.8236800000000001,0.0,0.0
2025,1,0.0,2025_01_NYG_WAS,Washington Commanders,Luke McCaffrey,WR,00-0039355,1.0,0.0,0.0,0.0,0.0,0.0,0.0,0.0,0.0,0.0,0.0,0.0,0.0,64.0,32.95,28.8,217.5,123.8,2.66366504871526,1.0386174062629792,0.8236800000000001,1.0,1.0
2025,1,0.0,2025_01_PIT_NYJ,New York Jets,Justin Fields,QB,00-0036945,1.0,31.33,190.7,1.47,0.82,8.31,29.6,0.17,0.0,0.0,0.0,0.0,0.1557,64.0,32.95,28.8,217.5,123.8,1.599087894090169,0.6235170303216311,0.8236800000000001,1.0,1.0
2025,1,0.0,2025_01_PIT_NYJ,New York Jets,Breece Hall,RB,00-0038120,1.0,0.0,0.0,0.0,0.0,12.55,42.8,0.33,3.44,2.38,14.8,0.17,0.3914,64.0,32.95,28.8,217.5,123.8,1.599087894090169,0.6235170303216311,0.8236800000000001,1.0,1.0
2025,1,0.0,2025_01_PIT_NYJ,New York Jets,Braelon Allen,RB,00-0039794,1.0,0.0,0.0,0.0,0.0,6.97,25.8,0.12,2.14,1.5,10.5,0.1,0.202,64.0,32.95,28.8,217.5,123.8,1.599087894090169,0.6235170303216311,0.8236800000000001,1.0,1.0
2025,1,0.0,2025_01_PIT_NYJ,New York Jets,Isaiah Davis,RB,00-0039798,1.0,0.0,0.0,0.0,0.0,0.96,3.5,0.02,0.0,0.0,0.0,0.0,0.0177,64.0,32.95,28.8,217.5,123.8,1.599087894090169,0.6235170303216311,0.8236800000000001,1.0,1.0
2025,1,0.0,2025_01_PIT_NYJ,New York Jets,Kene Nwangwu,RB,00-0036842,1.0,0.0,0.0,0.0,0.0,0.0,0.0,0.0,0.0,0.0,0.0,0.0,0.0,64.0,32.95,28.8,217.5,123.8,1.599087894090169,0.6235170303216311,0.8236800000000001,1.0,1.0
2025,1,0.0,2025_01_PIT_NYJ,New York Jets,Jeremy Ruckert,TE,00-0037805,1.0,0.0,0.0,0.0,0.0,0.0,0.0,0.0,3.31,2.3,16.4,0.14,0.1346,64.0,32.95,28.8,217.5,123.8,1.599087894090169,0.6235170303216311,0.8236800000000001,1.0,1.0
2025,1,0.0,2025_01_PIT_NYJ,New York Jets,Jelani Woods,TE,00-0037755,1.0,0.0,0.0,0.0,0.0,0.0,0.0,0.0,0.0,0.0,0.0,0.0,0.0,64.0,32.95,28.8,217.5,123.8,1.599087894090169,0.6235170303216311,0.8236800000000001,0.0,0.0
2025,1,0.0,2025_01_PIT_NYJ,New York Jets,Mason Taylor,TE,00-0040736,1.0,0.0,0.0,0.0,0.0,0.0,0.0,0.0,0.0,0.0,0.0,0.0,0.0,64.0,32.95,28.8,217.5,123.8,1.599087894090169,0.6235170303216311,0.8236800000000001,1.0,1.0
2025,1,0.0,2025_01_PIT_NYJ,New York Jets,Stone Smartt,TE,00-0037475,1.0,0.0,0.0,0.0,0.0,0.0,0.0,0.0,0.0,0.0,0.0,0.0,0.0,64.0,32.95,28.8,217.5,123.8,1.599087894090169,0.6235170303216311,0.8236800000000001,1.0,1.0
2025,1,0.0,2025_01_PIT_NYJ,New York Jets,Garrett Wilson,WR,00-0037740,1.0,0.0,0.0,0.0,0.0,0.0,0.0,0.0,10.65,5.97,50.8,0.48,0.3841,64.0,32.95,28.8,217.5,123.8,1.599087894090169,0.6235170303216311,0.8236800000000001,1.0,1.0
2025,1,0.0,2025_01_PIT_NYJ,New York Jets,Josh Reynolds,WR,00-0033943,1.0,0.0,0.0,0.0,0.0,0.0,0.0,0.0,8.02,4.74,41.4,0.39,0.3205,64.0,32.95,28.8,217.5,123.8,1.599087894090169,0.6235170303216311,0.8236800000000001,1.0,1.0
2025,1,0.0,2025_01_PIT_NYJ,New York Jets,Tyler Johnson,WR,00-0036427,1.0,0.0,0.0,0.0,0.0,0.0,0.0,0.0,5.35,3.21,29.6,0.27,0.2334,64.0,32.95,28.8,217.5,123.8,1.599087894090169,0.6235170303216311,0.8236800000000001,1.0,1.0
2025,1,0.0,2025_01_PIT_NYJ,New York Jets,Adonai Mitchell,WR,00-0039890,0.0,0.0,0.0,0.0,0.0,0.0,0.0,0.0,0.0,0.0,0.0,0.0,0.0,64.0,32.95,28.8,217.5,123.8,1.599087894090169,0.6235170303216311,0.8236800000000001,0.0,0.0
2025,1,0.0,2025_01_PIT_NYJ,New York Jets,Allen Lazard,WR,00-0034521,1.0,0.0,0.0,0.0,0.0,0.0,0.0,0.0,0.0,0.0,0.0,0.0,0.0,64.0,32.95,28.8,217.5,123.8,1.599087894090169,0.6235170303216311,0.8236800000000001,0.0,0.0
2025,1,0.0,2025_01_PIT_NYJ,New York Jets,Arian Smith,WR,00-0040582,1.0,0.0,0.0,0.0,0.0,0.0,0.0,0.0,0.0,0.0,0.0,0.0,0.0,64.0,32.95,28.8,217.5,123.8,1.599087894090169,0.6235170303216311,0.8236800000000001,1.0,1.0
2025,1,0.0,2025_01_PIT_NYJ,Pittsburgh Steelers,Aaron Rodgers,QB,00-0023459,1.0,33.65,204.1,2.35,0.82,2.25,9.5,0.07,0.0,0.0,0.0,0.0,0.0704,64.0,32.95,28.8,217.5,123.8,2.578714563017306,1.0054934768263766,0.8236800000000001,1.0,1.0
2025,1,0.0,2025_01_PIT_NYJ,Pittsburgh Steelers,Jaylen Warren,RB,00-0037228,1.0,0.0,0.0,0.0,0.0,16.27,56.7,0.68,3.38,2.73,15.7,0.26,0.6115,64.0,32.95,28.8,217.5,123.8,2.578714563017306,1.0054934768263766,0.8236800000000001,1.0,1.0
2025,1,0.0,2025_01_PIT_NYJ,Pittsburgh Steelers,Kenneth Gainwell,RB,00-0036919,1.0,0.0,0.0,0.0,0.0,9.04,31.3,0.27,2.1,1.61,9.3,0.17,0.3509,64.0,32.95,28.8,217.5,123.8,2.578714563017306,1.0054934768263766,0.8236800000000001,1.0,1.0
2025,1,0.0,2025_01_PIT_NYJ,Pittsburgh Steelers,Kaleb Johnson,RB,00-0040142,1.0,0.0,0.0,0.0,0.0,1.25,4.7,0.04,0.0,0.0,0.0,0.0,0.0349,64.0,32.95,28.8,217.5,123.8,2.578714563017306,1.0054934768263766,0.8236800000000001,1.0,1.0
2025,1,0.0,2025_01_PIT_NYJ,Pittsburgh Steelers,Jonnu Smith,TE,00-0033858,1.0,0.0,0.0,0.0,0.0,0.0,0.0,0.0,3.31,2.43,15.6,0.24,0.2096,64.0,32.95,28.8,217.5,123.8,2.578714563017306,1.0054934768263766,0.8236800000000001,1.0,1.0
2025,1,0.0,2025_01_PIT_NYJ,Pittsburgh Steelers,Connor Heyward,TE,00-0037304,1.0,0.0,0.0,0.0,0.0,0.0,0.0,0.0,0.0,0.0,0.0,0.0,0.0,64.0,32.95,28.8,217.5,123.8,2.578714563017306,1.0054934768263766,0.8236800000000001,1.0,1.0
2025,1,0.0,2025_01_PIT_NYJ,Pittsburgh Steelers,Darnell Washington,TE,00-0038558,1.0,0.0,0.0,0.0,0.0,0.0,0.0,0.0,0.0,0.0,0.0,0.0,0.0,64.0,32.95,28.8,217.5,123.8,2.578714563017306,1.0054934768263766,0.8236800000000001,1.0,1.0
2025,1,0.0,2025_01_PIT_NYJ,Pittsburgh Steelers,Donald Parham,TE,00-0035329,0.0,0.0,0.0,0.0,0.0,0.0,0.0,0.0,0.0,0.0,0.0,0.0,0.0,64.0,32.95,28.8,217.5,123.8,2.578714563017306,1.0054934768263766,0.8236800000000001,0.0,0.0
2025,1,0.0,2025_01_PIT_NYJ,Pittsburgh Steelers,Pat Freiermuth,TE,00-0036894,1.0,0.0,0.0,0.0,0.0,0.0,0.0,0.0,0.0,0.0,0.0,0.0,0.0,64.0,32.95,28.8,217.5,123.8,2.578714563017306,1.0054934768263766,0.8236800000000001,1.0,1.0
2025,1,0.0,2025_01_PIT_NYJ,Pittsburgh Steelers,DK Metcalf,WR,00-0035640,1.0,0.0,0.0,0.0,0.0,0.0,0.0,0.0,10.42,5.84,50.7,0.78,0.5434,64.0,32.95,28.8,217.5,123.8,2.578714563017306,1.0054934768263766,0.8236800000000001,1.0,1.0
2025,1,0.0,2025_01_PIT_NYJ,Pittsburgh Steelers,Calvin Austin III,WR,00-0037837,1.0,0.0,0.0,0.0,0.0,0.0,0.0,0.0,7.85,4.24,39.1,0.55,0.4222,64.0,32.95,28.8,217.5,123.8,2.578714563017306,1.0054934768263766,0.8236800000000001,1.0,1.0
2025,1,0.0,2025_01_PIT_NYJ,Pittsburgh Steelers,Roman Wilson,WR,00-0039739,1.0,0.0,0.0,0.0,0.0,0.0,0.0,0.0,5.23,3.15,35.9,0.39,0.3237,64.0,32.95,28.8,217.5,123.8,2.578714563017306,1.0054934768263766,0.8236800000000001,1.0,1.0
2025,1,0.0,2025_01_PIT_NYJ,Pittsburgh Steelers,Ben Skowronek,WR,00-0036862,1.0,0.0,0.0,0.0,0.0,0.0,0.0,0.0,0.65,0.42,3.7,0.05,0.0461,64.0,32.95,28.8,217.5,123.8,2.578714563017306,1.0054934768263766,0.8236800000000001,1.0,1.0
2025,1,0.0,2025_01_PIT_NYJ,Pittsburgh Steelers,Adam Thielen,WR,00-0030035,0.0,0.0,0.0,0.0,0.0,0.0,0.0,0.0,0.0,0.0,0.0,0.0,0.0,64.0,32.95,28.8,217.5,123.8,2.578714563017306,1.0054934768263766,0.8236800000000001,0.0,0.0
2025,1,0.0,2025_01_PIT_NYJ,Pittsburgh Steelers,Brandon Johnson,WR,00-0037382,0.0,0.0,0.0,0.0,0.0,0.0,0.0,0.0,0.0,0.0,0.0,0.0,0.0,64.0,32.95,28.8,217.5,123.8,2.578714563017306,1.0054934768263766,0.8236800000000001,0.0,0.0
2025,1,0.0,2025_01_PIT_NYJ,Pittsburgh Steelers,Scott Miller,WR,00-0035298,1.0,0.0,0.0,0.0,0.0,0.0,0.0,0.0,0.0,0.0,0.0,0.0,0.0,64.0,32.95,28.8,217.5,123.8,2.578714563017306,1.0054934768263766,0.8236800000000001,1.0,1.0
2025,1,0.0,2025_01_SF_SEA,San Francisco 49ers,Kyle Juszczyk,FB,00-0029892,1.0,0.0,0.0,0.0,0.0,0.0,0.0,0.0,0.0,0.0,0.0,0.0,0.0,64.0,32.95,28.8,217.5,123.8,2.0949231713044223,0.8168533320470828,0.8236800000000001,1.0,1.0
2025,1,0.0,2025_01_SF_SEA,San Francisco 49ers,Brock Purdy,QB,00-0037834,1.0,32.44,217.8,2.03,0.82,5.62,20.9,0.18,0.0,0.0,0.0,0.0,0.1633,64.0,32.95,28.8,217.5,123.8,2.0949231713044223,0.8168533320470828,0.8236800000000001,1.0,1.0
2025,1,0.0,2025_01_SF_SEA,San Francisco 49ers,Christian McCaffrey,RB,00-0033280,1.0,0.0,0.0,0.0,0.0,11.96,40.6,0.44,3.25,2.57,13.7,0.21,0.4809,64.0,32.95,28.8,217.5,123.8,2.0949231713044223,0.8168533320470828,0.8236800000000001,1.0,1.0
2025,1,0.0,2025_01_SF_SEA,San Francisco 49ers,Brian Robinson Jr.,RB,None,0.0,0.0,0.0,0.0,0.0,6.64,28.5,0.15,2.02,1.47,12.3,0.13,0.2398,64.0,32.95,28.8,217.5,123.8,2.0949231713044223,0.8168533320470828,0.8236800000000001,0.0,0.0
2025,1,0.0,2025_01_SF_SEA,San Francisco 49ers,Brian Robinson,RB,00-0037746,1.0,0.0,0.0,0.0,0.0,4.58,16.0,0.11,0.84,0.63,3.7,0.05,0.1533,64.0,32.95,28.8,217.5,123.8,2.0949231713044223,0.8168533320470828,0.8236800000000001,1.0,1.0
2025,1,0.0,2025_01_SF_SEA,San Francisco 49ers,Isaac Guerendo,RB,00-0039363,1.0,0.0,0.0,0.0,0.0,0.0,0.0,0.0,0.0,0.0,0.0,0.0,0.0,64.0,32.95,28.8,217.5,123.8,2.0949231713044223,0.8168533320470828,0.8236800000000001,1.0,1.0
2025,1,0.0,2025_01_SF_SEA,San Francisco 49ers,Luke Farrell,TE,00-0036887,1.0,0.0,0.0,0.0,0.0,0.0,0.0,0.0,3.32,2.37,18.3,0.2,0.1777,64.0,32.95,28.8,217.5,123.8,2.0949231713044223,0.8168533320470828,0.8236800000000001,1.0,1.0
2025,1,0.0,2025_01_SF_SEA,San Francisco 49ers,Brayden Willis,TE,00-0038643,1.0,0.0,0.0,0.0,0.0,0.0,0.0,0.0,0.0,0.0,0.0,0.0,0.0,64.0,32.95,28.8,217.5,123.8,2.0949231713044223,0.8168533320470828,0.8236800000000001,0.0,0.0
2025,1,0.0,2025_01_SF_SEA,San Francisco 49ers,George Kittle,TE,00-0033288,1.0,0.0,0.0,0.0,0.0,0.0,0.0,0.0,0.0,0.0,0.0,0.0,0.0,64.0,32.95,28.8,217.5,123.8,2.0949231713044223,0.8168533320470828,0.8236800000000001,1.0,1.0
2025,1,0.0,2025_01_SF_SEA,San Francisco 49ers,Hayden Rucci,TE,00-0039489,0.0,0.0,0.0,0.0,0.0,0.0,0.0,0.0,0.0,0.0,0.0,0.0,0.0,64.0,32.95,28.8,217.5,123.8,2.0949231713044223,0.8168533320470828,0.8236800000000001,0.0,0.0
2025,1,0.0,2025_01_SF_SEA,San Francisco 49ers,Jake Tonges,TE,00-0037112,1.0,0.0,0.0,0.0,0.0,0.0,0.0,0.0,0.0,0.0,0.0,0.0,0.0,64.0,32.95,28.8,217.5,123.8,2.0949231713044223,0.8168533320470828,0.8236800000000001,1.0,1.0
2025,1,0.0,2025_01_SF_SEA,San Francisco 49ers,Jauan Jennings,WR,00-0036259,1.0,0.0,0.0,0.0,0.0,0.0,0.0,0.0,10.22,6.24,47.5,0.62,0.4601,64.0,32.95,28.8,217.5,123.8,2.0949231713044223,0.8168533320470828,0.8236800000000001,1.0,1.0
2025,1,0.0,2025_01_SF_SEA,San Francisco 49ers,Ricky Pearsall,WR,00-0039916,1.0,0.0,0.0,0.0,0.0,0.0,0.0,0.0,7.69,4.67,38.9,0.47,0.3733,64.0,32.95,28.8,217.5,123.8,2.0949231713044223,0.8168533320470828,0.8236800000000001,1.0,1.0
2025,1,0.0,2025_01_SF_SEA,San Francisco 49ers,Kendrick Bourne,WR,00-0033307,0.0,0.0,0.0,0.0,0.0,0.0,0.0,0.0,5.13,3.37,23.0,0.3,0.2565,64.0,32.95,28.8,217.5,123.8,2.0949231713044223,0.8168533320470828,0.8236800000000001,0.0,0.0
2025,1,0.0,2025_01_SF_SEA,San Francisco 49ers,Brandon Aiyuk,WR,00-0036261,1.0,0.0,0.0,0.0,0.0,0.0,0.0,0.0,0.0,0.0,0.0,0.0,0.0,64.0,32.95,28.8,217.5,123.8,2.0949231713044223,0.8168533320470828,0.8236800000000001,0.0,0.0
2025,1,0.0,2025_01_SF_SEA,San Francisco 49ers,Colton Dowell,WR,00-0038632,0.0,0.0,0.0,0.0,0.0,0.0,0.0,0.0,0.0,0.0,0.0,0.0,0.0,64.0,32.95,28.8,217.5,123.8,2.0949231713044223,0.8168533320470828,0.8236800000000001,0.0,0.0
2025,1,0.0,2025_01_SF_SEA,San Francisco 49ers,Demarcus Robinson,WR,00-0032775,1.0,0.0,0.0,0.0,0.0,0.0,0.0,0.0,0.0,0.0,0.0,0.0,0.0,64.0,32.95,28.8,217.5,123.8,2.0949231713044223,0.8168533320470828,0.8236800000000001,0.0,0.0
2025,1,0.0,2025_01_SF_SEA,San Francisco 49ers,Russell Gage,WR,00-0034411,1.0,0.0,0.0,0.0,0.0,0.0,0.0,0.0,0.0,0.0,0.0,0.0,0.0,64.0,32.95,28.8,217.5,123.8,2.0949231713044223,0.8168533320470828,0.8236800000000001,1.0,1.0
2025,1,0.0,2025_01_SF_SEA,San Francisco 49ers,Skyy Moore,WR,00-0038090,1.0,0.0,0.0,0.0,0.0,0.0,0.0,0.0,0.0,0.0,0.0,0.0,0.0,64.0,32.95,28.8,217.5,123.8,2.0949231713044223,0.8168533320470828,0.8236800000000001,1.0,1.0
2025,1,0.0,2025_01_SF_SEA,Seattle Seahawks,Sam Darnold,QB,00-0034869,1.0,31.57,199.5,1.89,0.82,6.14,23.2,0.16,0.0,0.0,0.0,0.0,0.1499,64.0,32.95,28.8,217.5,123.8,1.88910366832576,0.7366001040951904,0.8236800000000001,1.0,1.0
2025,1,0.0,2025_01_SF_SEA,Seattle Seahawks,Kenneth Walker III,RB,00-0038134,1.0,0.0,0.0,0.0,0.0,14.57,51.7,0.46,3.49,2.69,14.8,0.2,0.4824,64.0,32.95,28.8,217.5,123.8,1.88910366832576,0.7366001040951904,0.8236800000000001,1.0,1.0
2025,1,0.0,2025_01_SF_SEA,Seattle Seahawks,Zach Charbonnet,RB,00-0039165,1.0,0.0,0.0,0.0,0.0,8.09,28.5,0.17,2.17,1.67,9.2,0.12,0.2505,64.0,32.95,28.8,217.5,123.8,1.88910366832576,0.7366001040951904,0.8236800000000001,1.0,1.0
2025,1,0.0,2025_01_SF_SEA,Seattle Seahawks,George Holani,RB,00-0039299,1.0,0.0,0.0,0.0,0.0,0.0,0.0,0.0,0.0,0.0,0.0,0.0,0.0,64.0,32.95,28.8,217.5,123.8,1.88910366832576,0.7366001040951904,0.8236800000000001,1.0,1.0
2025,1,0.0,2025_01_SF_SEA,Seattle Seahawks,AJ Barner,TE,00-0039793,1.0,0.0,0.0,0.0,0.0,0.0,0.0,0.0,3.33,2.52,16.8,0.18,0.1666,64.0,32.95,28.8,217.5,123.8,1.88910366832576,0.7366001040951904,0.8236800000000001,1.0,1.0
2025,1,0.0,2025_01_SF_SEA,Seattle Seahawks,Elijah Arroyo,TE,00-0040739,1.0,0.0,0.0,0.0,0.0,0.0,0.0,0.0,0.0,0.0,0.0,0.0,0.0,64.0,32.95,28.8,217.5,123.8,1.88910366832576,0.7366001040951904,0.8236800000000001,1.0,1.0
2025,1,0.0,2025_01_SF_SEA,Seattle Seahawks,Eric Saubert,TE,00-0033576,1.0,0.0,0.0,0.0,0.0,0.0,0.0,0.0,0.0,0.0,0.0,0.0,0.0,64.0,32.95,28.8,217.5,123.8,1.88910366832576,0.7366001040951904,0.8236800000000001,1.0,1.0
2025,1,0.0,2025_01_SF_SEA,Seattle Seahawks,Jaxon Smith-Njigba,WR,00-0038543,1.0,0.0,0.0,0.0,0.0,0.0,0.0,0.0,10.42,7.2,52.9,0.55,0.4253,64.0,32.95,28.8,217.5,123.8,1.88910366832576,0.7366001040951904,0.8236800000000001,1.0,1.0
2025,1,0.0,2025_01_SF_SEA,Seattle Seahawks,Cooper Kupp,WR,00-0033908,1.0,0.0,0.0,0.0,0.0,0.0,0.0,0.0,7.85,5.06,37.1,0.44,0.3533,64.0,32.95,28.8,217.5,123.8,1.88910366832576,0.7366001040951904,0.8236800000000001,1.0,1.0
2025,1,0.0,2025_01_SF_SEA,Seattle Seahawks,Tory Horton,WR,00-0040648,1.0,0.0,0.0,0.0,0.0,0.0,0.0,0.0,5.23,3.01,35.3,0.3,0.2563,64.0,32.95,28.8,217.5,123.8,1.88910366832576,0.7366001040951904,0.8236800000000001,1.0,1.0
2025,1,0.0,2025_01_SF_SEA,Seattle Seahawks,Cody White,WR,00-0035891,1.0,0.0,0.0,0.0,0.0,0.0,0.0,0.0,0.0,0.0,0.0,0.0,0.0,64.0,32.95,28.8,217.5,123.8,1.88910366832576,0.7366001040951904,0.8236800000000001,1.0,1.0
2025,1,0.0,2025_01_SF_SEA,Seattle Seahawks,Courtney Jackson,WR,00-0040445,0.0,0.0,0.0,0.0,0.0,0.0,0.0,0.0,0.0,0.0,0.0,0.0,0.0,64.0,32.95,28.8,217.5,123.8,1.88910366832576,0.7366001040951904,0.8236800000000001,0.0,0.0
2025,1,0.0,2025_01_TB_ATL,Atlanta Falcons,Michael Penix Jr.,QB,00-0039917,1.0,32.95,204.4,2.31,0.82,2.53,10.7,0.07,0.0,0.0,0.0,0.0,0.0689,64.0,32.95,28.8,217.5,123.8,2.180349817511406,0.8501629261914503,0.8236800000000001,1.0,1.0
2025,1,0.0,2025_01_TB_ATL,Atlanta Falcons,Bijan Robinson,RB,00-0038542,1.0,0.0,0.0,0.0,0.0,16.89,56.5,0.59,2.82,2.09,13.1,0.19,0.5417,64.0,32.95,28.8,217.5,123.8,2.180349817511406,0.8501629261914503,0.8236800000000001,1.0,1.0
2025,1,0.0,2025_01_TB_ATL,Atlanta Falcons,Tyler Allgeier,RB,00-0037263,1.0,0.0,0.0,0.0,0.0,9.38,31.5,0.22,1.75,1.37,8.4,0.11,0.2831,64.0,32.95,28.8,217.5,123.8,2.180349817511406,0.8501629261914503,0.8236800000000001,1.0,1.0
2025,1,0.0,2025_01_TB_ATL,Atlanta Falcons,Carlos Washington,RB,00-0038930,1.0,0.0,0.0,0.0,0.0,0.0,0.0,0.0,0.0,0.0,0.0,0.0,0.0,64.0,32.95,28.8,217.5,123.8,2.180349817511406,0.8501629261914503,0.8236800000000001,1.0,1.0
2025,1,0.0,2025_01_TB_ATL,Atlanta Falcons,Kyle Pitts Sr.,TE,None,0.0,0.0,0.0,0.0,0.0,0.0,0.0,0.0,3.27,2.11,25.9,0.22,0.1946,64.0,32.95,28.8,217.5,123.8,2.180349817511406,0.8501629261914503,0.8236800000000001,0.0,0.0
2025,1,0.0,2025_01_TB_ATL,Atlanta Falcons,Charlie Woerner,TE,00-0036429,1.0,0.0,0.0,0.0,0.0,0.0,0.0,0.0,0.0,0.0,0.0,0.0,0.0,64.0,32.95,28.8,217.5,123.8,2.180349817511406,0.8501629261914503,0.8236800000000001,1.0,1.0
2025,1,0.0,2025_01_TB_ATL,Atlanta Falcons,Feleipe Franks,TE,00-0036825,1.0,0.0,0.0,0.0,0.0,0.0,0.0,0.0,0.0,0.0,0.0,0.0,0.0,64.0,32.95,28.8,217.5,123.8,2.180349817511406,0.8501629261914503,0.8236800000000001,1.0,1.0
2025,1,0.0,2025_01_TB_ATL,Atlanta Falcons,Joshua Simon,TE,00-0040552,0.0,0.0,0.0,0.0,0.0,0.0,0.0,0.0,0.0,0.0,0.0,0.0,0.0,64.0,32.95,28.8,217.5,123.8,2.180349817511406,0.8501629261914503,0.8236800000000001,0.0,0.0
2025,1,0.0,2025_01_TB_ATL,Atlanta Falcons,Kyle Pitts,TE,00-0036970,1.0,0.0,0.0,0.0,0.0,0.0,0.0,0.0,0.0,0.0,0.0,0.0,0.0,64.0,32.95,28.8,217.5,123.8,2.180349817511406,0.8501629261914503,0.8236800000000001,1.0,1.0
2025,1,0.0,2025_01_TB_ATL,Atlanta Falcons,Teagan Quitoriano,TE,00-0037277,1.0,0.0,0.0,0.0,0.0,0.0,0.0,0.0,0.0,0.0,0.0,0.0,0.0,64.0,32.95,28.8,217.5,123.8,2.180349817511406,0.8501629261914503,0.8236800000000001,1.0,1.0
2025,1,0.0,2025_01_TB_ATL,Atlanta Falcons,Drake London,WR,00-0037238,1.0,0.0,0.0,0.0,0.0,0.0,0.0,0.0,9.01,5.38,43.3,0.57,0.437,64.0,32.95,28.8,217.5,123.8,2.180349817511406,0.8501629261914503,0.8236800000000001,1.0,1.0
2025,1,0.0,2025_01_TB_ATL,Atlanta Falcons,Darnell Mooney,WR,00-0036309,1.0,0.0,0.0,0.0,0.0,0.0,0.0,0.0,6.78,3.67,32.7,0.41,0.3348,64.0,32.95,28.8,217.5,123.8,2.180349817511406,0.8501629261914503,0.8236800000000001,0.0,0.0
2025,1,0.0,2025_01_TB_ATL,Atlanta Falcons,Ray-Ray McCloud III,WR,None,0.0,0.0,0.0,0.0,0.0,0.0,0.0,0.0,4.52,2.78,38.6,0.3,0.2587,64.0,32.95,28.8,217.5,123.8,2.180349817511406,0.8501629261914503,0.8236800000000001,0.0,0.0
2025,1,0.0,2025_01_TB_ATL,Atlanta Falcons,Casey Washington,WR,00-0039394,1.0,0.0,0.0,0.0,0.0,0.0,0.0,0.0,2.32,1.33,19.5,0.15,0.1397,64.0,32.95,28.8,217.5,123.8,2.180349817511406,0.8501629261914503,0.8236800000000001,1.0,1.0
2025,1,0.0,2025_01_TB_ATL,Atlanta Falcons,R.McCloud,WR,None,0.0,0.0,0.0,0.0,0.0,0.0,0.0,0.0,1.93,1.23,18.4,0.13,0.1199,64.0,32.95,28.8,217.5,123.8,2.180349817511406,0.8501629261914503,0.8236800000000001,0.0,0.0
2025,1,0.0,2025_01_TB_ATL,Atlanta Falcons,KhaDarel Hodge,WR,00-0034854,1.0,0.0,0.0,0.0,0.0,0.0,0.0,0.0,0.54,0.31,3.3,0.03,0.032,64.0,32.95,28.8,217.5,123.8,2.180349817511406,0.8501629261914503,0.8236800000000001,1.0,1.0
2025,1,0.0,2025_01_TB_ATL,Atlanta Falcons,Chris Blair,WR,00-0036463,0.0,0.0,0.0,0.0,0.0,0.0,0.0,0.0,0.0,0.0,0.0,0.0,0.0,64.0,32.95,28.8,217.5,123.8,2.180349817511406,0.8501629261914503,0.8236800000000001,0.0,0.0
2025,1,0.0,2025_01_TB_ATL,Atlanta Falcons,David Sills,WR,00-0035359,1.0,0.0,0.0,0.0,0.0,0.0,0.0,0.0,0.0,0.0,0.0,0.0,0.0,64.0,32.95,28.8,217.5,123.8,2.180349817511406,0.8501629261914503,0.8236800000000001,1.0,1.0
2025,1,0.0,2025_01_TB_ATL,Tampa Bay Buccaneers,Baker Mayfield,QB,00-0034855,1.0,33.98,216.6,2.83,0.82,5.43,21.5,0.22,0.0,0.0,0.0,0.0,0.2013,64.0,32.95,28.8,217.5,123.8,2.9916722566779077,1.1665141159990782,0.8236800000000001,1.0,1.0
2025,1,0.0,2025_01_TB_ATL,Tampa Bay Buccaneers,Bucky Irving,RB,00-0039361,1.0,0.0,0.0,0.0,0.0,14.41,51.8,0.7,3.06,2.51,14.3,0.28,0.6265,64.0,32.95,28.8,217.5,123.8,2.9916722566779077,1.1665141159990782,0.8236800000000001,1.0,1.0
2025,1,0.0,2025_01_TB_ATL,Tampa Bay Buccaneers,Rachaad White,RB,00-0037256,1.0,0.0,0.0,0.0,0.0,8.0,27.7,0.25,1.9,1.59,7.8,0.18,0.345,64.0,32.95,28.8,217.5,123.8,2.9916722566779077,1.1665141159990782,0.8236800000000001,1.0,1.0
2025,1,0.0,2025_01_TB_ATL,Tampa Bay Buccaneers,Sean Tucker,RB,00-0038951,1.0,0.0,0.0,0.0,0.0,0.96,3.4,0.03,0.0,0.0,0.0,0.0,0.0321,64.0,32.95,28.8,217.5,123.8,2.9916722566779077,1.1665141159990782,0.8236800000000001,1.0,1.0
2025,1,0.0,2025_01_TB_ATL,Tampa Bay Buccaneers,Cade Otton,TE,00-0038129,1.0,0.0,0.0,0.0,0.0,0.0,0.0,0.0,3.19,2.09,14.9,0.27,0.2355,64.0,32.95,28.8,217.5,123.8,2.9916722566779077,1.1665141159990782,0.8236800000000001,1.0,1.0
2025,1,0.0,2025_01_TB_ATL,Tampa Bay Buccaneers,Devin Culp,TE,00-0039754,1.0,0.0,0.0,0.0,0.0,0.0,0.0,0.0,0.0,0.0,0.0,0.0,0.0,64.0,32.95,28.8,217.5,123.8,2.9916722566779077,1.1665141159990782,0.8236800000000001,0.0,0.0
2025,1,0.0,2025_01_TB_ATL,Tampa Bay Buccaneers,Ko Kieft,TE,00-0037311,1.0,0.0,0.0,0.0,0.0,0.0,0.0,0.0,0.0,0.0,0.0,0.0,0.0,64.0,32.95,28.8,217.5,123.8,2.9916722566779077,1.1665141159990782,0.8236800000000001,1.0,1.0
2025,1,0.0,2025_01_TB_ATL,Tampa Bay Buccaneers,Payne Durham,TE,00-0039050,1.0,0.0,0.0,0.0,0.0,0.0,0.0,0.0,0.0,0.0,0.0,0.0,0.0,64.0,32.95,28.8,217.5,123.8,2.9916722566779077,1.1665141159990782,0.8236800000000001,1.0,1.0
2025,1,0.0,2025_01_TB_ATL,Tampa Bay Buccaneers,Mike Evans,WR,00-0031408,1.0,0.0,0.0,0.0,0.0,0.0,0.0,0.0,9.07,4.95,42.5,0.78,0.5406,64.0,32.95,28.8,217.5,123.8,2.9916722566779077,1.1665141159990782,0.8236800000000001,1.0,1.0
2025,1,0.0,2025_01_TB_ATL,Tampa Bay Buccaneers,Chris Godwin Jr.,WR,00-0033921,1.0,0.0,0.0,0.0,0.0,0.0,0.0,0.0,6.83,4.46,31.3,0.58,0.4416,64.0,32.95,28.8,217.5,123.8,2.9916722566779077,1.1665141159990782,0.8236800000000001,0.0,0.0
2025,1,0.0,2025_01_TB_ATL,Tampa Bay Buccaneers,Emeka Egbuka,WR,00-0040129,1.0,0.0,0.0,0.0,0.0,0.0,0.0,0.0,4.55,2.25,22.6,0.39,0.3236,64.0,32.95,28.8,217.5,123.8,2.9916722566779077,1.1665141159990782,0.8236800000000001,1.0,1.0
2025,1,0.0,2025_01_TB_ATL,Tampa Bay Buccaneers,Sterling Shepard,WR,00-0032385,1.0,0.0,0.0,0.0,0.0,0.0,0.0,0.0,3.26,1.93,17.1,0.29,0.2491,64.0,32.95,28.8,217.5,123.8,2.9916722566779077,1.1665141159990782,0.8236800000000001,1.0,1.0
2025,1,0.0,2025_01_TB_ATL,Tampa Bay Buccaneers,R.Miller,WR,None,0.0,0.0,0.0,0.0,0.0,0.0,0.0,0.0,0.54,0.34,5.1,0.05,0.0482,64.0,32.95,28.8,217.5,123.8,2.9916722566779077,1.1665141159990782,0.8236800000000001,0.0,0.0
2025,1,0.0,2025_01_TB_ATL,Tampa Bay Buccaneers,Tez Johnson,WR,00-0040237,1.0,0.0,0.0,0.0,0.0,0.0,0.0,0.0,0.54,0.32,3.4,0.05,0.0471,64.0,32.95,28.8,217.5,123.8,2.9916722566779077,1.1665141159990782,0.8236800000000001,1.0,1.0
2025,1,0.0,2025_01_TB_ATL,Tampa Bay Buccaneers,Dennis Houston,WR,00-0037570,0.0,0.0,0.0,0.0,0.0,0.0,0.0,0.0,0.0,0.0,0.0,0.0,0.0,64.0,32.95,28.8,217.5,123.8,2.9916722566779077,1.1665141159990782,0.8236800000000001,0.0,0.0
2025,1,0.0,2025_01_TB_ATL,Tampa Bay Buccaneers,Kameron Johnson,WR,00-0039589,1.0,0.0,0.0,0.0,0.0,0.0,0.0,0.0,0.0,0.0,0.0,0.0,0.0,64.0,32.95,28.8,217.5,123.8,2.9916722566779077,1.1665141159990782,0.8236800000000001,1.0,1.0
2025,1,0.0,2025_01_TEN_DEN,Denver Broncos,Adam Prentice,FB,00-0036727,1.0,0.0,0.0,0.0,0.0,0.0,0.0,0.0,0.0,0.0,0.0,0.0,0.0,64.0,32.95,28.8,217.5,123.8,2.642179742578178,1.0302398465755758,0.8236800000000001,1.0,1.0
2025,1,0.0,2025_01_TEN_DEN,Denver Broncos,Bo Nix,QB,00-0039732,1.0,33.39,204.5,2.44,0.82,7.8,28.9,0.29,0.0,0.0,0.0,0.0,0.2546,64.0,32.95,28.8,217.5,123.8,2.642179742578178,1.0302398465755758,0.8236800000000001,1.0,1.0
2025,1,0.0,2025_01_TEN_DEN,Denver Broncos,J.K. Dobbins,RB,00-0036158,1.0,0.0,0.0,0.0,0.0,13.5,46.3,0.58,3.02,2.24,14.5,0.24,0.56,64.0,32.95,28.8,217.5,123.8,2.642179742578178,1.0302398465755758,0.8236800000000001,1.0,1.0
2025,1,0.0,2025_01_TEN_DEN,Denver Broncos,RJ Harvey,RB,00-0040730,1.0,0.0,0.0,0.0,0.0,7.5,26.6,0.21,1.88,1.46,9.1,0.16,0.3091,64.0,32.95,28.8,217.5,123.8,2.642179742578178,1.0302398465755758,0.8236800000000001,1.0,1.0
2025,1,0.0,2025_01_TEN_DEN,Denver Broncos,Tyler Badie,RB,00-0037085,1.0,0.0,0.0,0.0,0.0,0.0,0.0,0.0,2.16,1.48,11.7,0.17,0.1597,64.0,32.95,28.8,217.5,123.8,2.642179742578178,1.0302398465755758,0.8236800000000001,1.0,1.0
2025,1,0.0,2025_01_TEN_DEN,Denver Broncos,Evan Engram,TE,00-0033881,1.0,0.0,0.0,0.0,0.0,0.0,0.0,0.0,3.28,2.32,15.5,0.23,0.2063,64.0,32.95,28.8,217.5,123.8,2.642179742578178,1.0302398465755758,0.8236800000000001,1.0,1.0
2025,1,0.0,2025_01_TEN_DEN,Denver Broncos,Adam Trautman,TE,00-0036422,1.0,0.0,0.0,0.0,0.0,0.0,0.0,0.0,0.0,0.0,0.0,0.0,0.0,64.0,32.95,28.8,217.5,123.8,2.642179742578178,1.0302398465755758,0.8236800000000001,1.0,1.0
2025,1,0.0,2025_01_TEN_DEN,Denver Broncos,Caleb Lohner,TE,00-0040240,0.0,0.0,0.0,0.0,0.0,0.0,0.0,0.0,0.0,0.0,0.0,0.0,0.0,64.0,32.95,28.8,217.5,123.8,2.642179742578178,1.0302398465755758,0.8236800000000001,0.0,0.0
2025,1,0.0,2025_01_TEN_DEN,Denver Broncos,Lucas Krull,TE,00-0037539,1.0,0.0,0.0,0.0,0.0,0.0,0.0,0.0,0.0,0.0,0.0,0.0,0.0,64.0,32.95,28.8,217.5,123.8,2.642179742578178,1.0302398465755758,0.8236800000000001,1.0,1.0
2025,1,0.0,2025_01_TEN_DEN,Denver Broncos,Courtland Sutton,WR,00-0034348,1.0,0.0,0.0,0.0,0.0,0.0,0.0,0.0,9.76,5.62,50.3,0.75,0.5298,64.0,32.95,28.8,217.5,123.8,2.642179742578178,1.0302398465755758,0.8236800000000001,1.0,1.0
2025,1,0.0,2025_01_TEN_DEN,Denver Broncos,Troy Franklin,WR,00-0039868,1.0,0.0,0.0,0.0,0.0,0.0,0.0,0.0,7.35,4.23,38.9,0.58,0.44,64.0,32.95,28.8,217.5,123.8,2.642179742578178,1.0302398465755758,0.8236800000000001,1.0,1.0
2025,1,0.0,2025_01_TEN_DEN,Denver Broncos,Marvin Mims Jr.,WR,00-0038976,1.0,0.0,0.0,0.0,0.0,0.0,0.0,0.0,4.9,3.23,24.4,0.35,0.2983,64.0,32.95,28.8,217.5,123.8,2.642179742578178,1.0302398465755758,0.8236800000000001,1.0,1.0
2025,1,0.0,2025_01_TEN_DEN,Denver Broncos,T.Sherfield,WR,None,0.0,0.0,0.0,0.0,0.0,0.0,0.0,0.0,0.59,0.36,5.7,0.05,0.0459,64.0,32.95,28.8,217.5,123.8,2.642179742578178,1.0302398465755758,0.8236800000000001,0.0,0.0
2025,1,0.0,2025_01_TEN_DEN,Denver Broncos,A.T. Perry,WR,00-0038612,0.0,0.0,0.0,0.0,0.0,0.0,0.0,0.0,0.0,0.0,0.0,0.0,0.0,64.0,32.95,28.8,217.5,123.8,2.642179742578178,1.0302398465755758,0.8236800000000001,0.0,0.0
2025,1,0.0,2025_01_TEN_DEN,Denver Broncos,Elijah Moore,WR,00-0036980,0.0,0.0,0.0,0.0,0.0,0.0,0.0,0.0,0.0,0.0,0.0,0.0,0.0,64.0,32.95,28.8,217.5,123.8,2.642179742578178,1.0302398465755758,0.8236800000000001,0.0,0.0
2025,1,0.0,2025_01_TEN_DEN,Denver Broncos,Pat Bryant,WR,00-0040134,1.0,0.0,0.0,0.0,0.0,0.0,0.0,0.0,0.0,0.0,0.0,0.0,0.0,64.0,32.95,28.8,217.5,123.8,2.642179742578178,1.0302398465755758,0.8236800000000001,1.0,1.0
2025,1,0.0,2025_01_TEN_DEN,Tennessee Titans,Cam Ward,QB,00-0040676,1.0,32.95,204.4,1.97,0.82,1.12,4.7,0.03,0.0,0.0,0.0,0.0,0.0276,64.0,32.95,28.8,217.5,123.8,1.861413536945924,0.7258031563157847,0.8236800000000001,1.0,1.0
2025,1,0.0,2025_01_TEN_DEN,Tennessee Titans,Tony Pollard,RB,00-0035261,1.0,0.0,0.0,0.0,0.0,17.8,62.3,0.53,3.17,2.22,12.7,0.18,0.5076,64.0,32.95,28.8,217.5,123.8,1.861413536945924,0.7258031563157847,0.8236800000000001,1.0,1.0
2025,1,0.0,2025_01_TEN_DEN,Tennessee Titans,Julius Chestnut,RB,00-0037594,1.0,0.0,0.0,0.0,0.0,9.89,38.1,0.2,1.97,1.35,10.6,0.11,0.2644,64.0,32.95,28.8,217.5,123.8,1.861413536945924,0.7258031563157847,0.8236800000000001,1.0,1.0
2025,1,0.0,2025_01_TEN_DEN,Tennessee Titans,Kalel Mullings,RB,00-0040205,1.0,0.0,0.0,0.0,0.0,0.0,0.0,0.0,0.0,0.0,0.0,0.0,0.0,64.0,32.95,28.8,217.5,123.8,1.861413536945924,0.7258031563157847,0.8236800000000001,1.0,1.0
2025,1,0.0,2025_01_TEN_DEN,Tennessee Titans,Chig Okonkwo,TE,00-0037809,1.0,0.0,0.0,0.0,0.0,0.0,0.0,0.0,3.27,2.25,15.4,0.16,0.1475,64.0,32.95,28.8,217.5,123.8,1.861413536945924,0.7258031563157847,0.8236800000000001,1.0,1.0
2025,1,0.0,2025_01_TEN_DEN,Tennessee Titans,Cole Turner,TE,00-0037078,0.0,0.0,0.0,0.0,0.0,0.0,0.0,0.0,0.0,0.0,0.0,0.0,0.0,64.0,32.95,28.8,217.5,123.8,1.861413536945924,0.7258031563157847,0.8236800000000001,0.0,0.0
2025,1,0.0,2025_01_TEN_DEN,Tennessee Titans,David Martin-Robinson,TE,00-0039648,1.0,0.0,0.0,0.0,0.0,0.0,0.0,0.0,0.0,0.0,0.0,0.0,0.0,64.0,32.95,28.8,217.5,123.8,1.861413536945924,0.7258031563157847,0.8236800000000001,1.0,1.0
2025,1,0.0,2025_01_TEN_DEN,Tennessee Titans,Gunnar Helm,TE,00-0040584,1.0,0.0,0.0,0.0,0.0,0.0,0.0,0.0,0.0,0.0,0.0,0.0,0.0,64.0,32.95,28.8,217.5,123.8,1.861413536945924,0.7258031563157847,0.8236800000000001,1.0,1.0
2025,1,0.0,2025_01_TEN_DEN,Tennessee Titans,Calvin Ridley,WR,00-0034837,1.0,0.0,0.0,0.0,0.0,0.0,0.0,0.0,9.93,4.92,45.1,0.53,0.4087,64.0,32.95,28.8,217.5,123.8,1.861413536945924,0.7258031563157847,0.8236800000000001,1.0,1.0
2025,1,0.0,2025_01_TEN_DEN,Tennessee Titans,Elic Ayomanor,WR,00-0040170,1.0,0.0,0.0,0.0,0.0,0.0,0.0,0.0,7.47,3.52,37.7,0.39,0.3256,64.0,32.95,28.8,217.5,123.8,1.861413536945924,0.7258031563157847,0.8236800000000001,1.0,1.0
2025,1,0.0,2025_01_TEN_DEN,Tennessee Titans,Tyler Lockett,WR,None,1.0,0.0,0.0,0.0,0.0,0.0,0.0,0.0,4.98,3.06,40.4,0.28,0.2454,64.0,32.95,28.8,217.5,123.8,1.861413536945924,0.7258031563157847,0.8236800000000001,0.0,1.0
2025,1,0.0,2025_01_TEN_DEN,Tennessee Titans,T.Lockett,WR,None,0.0,0.0,0.0,0.0,0.0,0.0,0.0,0.0,0.71,0.45,6.5,0.04,0.0396,64.0,32.95,28.8,217.5,123.8,1.861413536945924,0.7258031563157847,0.8236800000000001,0.0,0.0
2025,1,0.0,2025_01_TEN_DEN,Tennessee Titans,Bryce Oliver,WR,00-0039650,1.0,0.0,0.0,0.0,0.0,0.0,0.0,0.0,0.71,0.47,5.7,0.04,0.0389,64.0,32.95,28.8,217.5,123.8,1.861413536945924,0.7258031563157847,0.8236800000000001,1.0,1.0
2025,1,0.0,2025_01_TEN_DEN,Tennessee Titans,Chimere Dike,WR,00-0040705,1.0,0.0,0.0,0.0,0.0,0.0,0.0,0.0,0.71,0.44,4.1,0.04,0.0389,64.0,32.95,28.8,217.5,123.8,1.861413536945924,0.7258031563157847,0.8236800000000001,1.0,1.0
2025,1,0.0,2025_01_TEN_DEN,Tennessee Titans,Van Jefferson,WR,00-0036415,1.0,0.0,0.0,0.0,0.0,0.0,0.0,0.0,0.0,0.0,0.0,0.0,0.0,64.0,32.95,28.8,217.5,123.8,1.861413536945924,0.7258031563157847,0.8236800000000001,1.0,1.0
