season,week,date,game_id,team,player,position,player_id,is_active,pass_attempts,pass_yards,pass_tds,interceptions,rush_attempts,rush_yards,rush_tds,targets,receptions,rec_yards,rec_tds,any_td_prob,team_plays,team_pass_attempts,team_rush_attempts,team_pass_yards,team_rush_yards,team_exp_pass_tds,team_exp_rush_tds,team_exp_int,is_active_pid,is_active_nm
2025,2,0.0,2025_02_ATL_MIN,Atlanta Falcons,Michael Penix Jr.,QB,00-0039917,1.0,48.0,337.3,2.39,0.99,1.65,6.8,0.09,0.0,0.0,0.0,0.0,0.082,72.0,46.71,23.04,354.5,113.9,2.5967298571212147,1.0196309795935985,1.1677737642751114,1.0,1.0
2025,2,0.0,2025_02_ATL_MIN,Atlanta Falcons,Bijan Robinson,RB,00-0038542,1.0,0.0,0.0,0.0,0.0,13.12,51.4,0.71,6.33,4.94,32.7,0.36,0.6553,72.0,46.71,23.04,354.5,113.9,2.5967298571212147,1.0196309795935985,1.1677737642751114,1.0,1.0
2025,2,0.0,2025_02_ATL_MIN,Atlanta Falcons,Tyler Allgeier,RB,00-0037263,1.0,0.0,0.0,0.0,0.0,8.27,32.5,0.26,1.92,1.58,10.2,0.1,0.3078,72.0,46.71,23.04,354.5,113.9,2.5967298571212147,1.0196309795935985,1.1677737642751114,1.0,1.0
2025,2,0.0,2025_02_ATL_MIN,Atlanta Falcons,Nate Carter,RB,00-0040547,1.0,0.0,0.0,0.0,0.0,0.0,0.0,0.0,0.0,0.0,0.0,0.0,0.0,72.0,46.71,23.04,354.5,113.9,2.5967298571212147,1.0196309795935985,1.1677737642751114,1.0,1.0
2025,2,0.0,2025_02_ATL_MIN,Atlanta Falcons,Kyle Pitts,TE,00-0036970,1.0,0.0,0.0,0.0,0.0,0.0,0.0,0.0,9.24,6.27,52.9,0.45,0.3626,72.0,46.71,23.04,354.5,113.9,2.5967298571212147,1.0196309795935985,1.1677737642751114,1.0,1.0
2025,2,0.0,2025_02_ATL_MIN,Atlanta Falcons,Charlie Woerner,TE,00-0036429,1.0,0.0,0.0,0.0,0.0,0.0,0.0,0.0,4.97,3.95,40.9,0.26,0.2287,72.0,46.71,23.04,354.5,113.9,2.5967298571212147,1.0196309795935985,1.1677737642751114,1.0,1.0
2025,2,0.0,2025_02_ATL_MIN,Atlanta Falcons,Feleipe Franks,TE,00-0036825,1.0,0.0,0.0,0.0,0.0,0.0,0.0,0.0,0.0,0.0,0.0,0.0,0.0,72.0,46.71,23.04,354.5,113.9,2.5967298571212147,1.0196309795935985,1.1677737642751114,1.0,1.0
2025,2,0.0,2025_02_ATL_MIN,Atlanta Falcons,Teagan Quitoriano,TE,00-0037277,1.0,0.0,0.0,0.0,0.0,0.0,0.0,0.0,0.0,0.0,0.0,0.0,0.0,72.0,46.71,23.04,354.5,113.9,2.5967298571212147,1.0196309795935985,1.1677737642751114,1.0,1.0
2025,2,0.0,2025_02_ATL_MIN,Atlanta Falcons,Drake London,WR,00-0037238,1.0,0.0,0.0,0.0,0.0,0.0,0.0,0.0,12.29,7.29,71.0,0.66,0.4823,72.0,46.71,23.04,354.5,113.9,2.5967298571212147,1.0196309795935985,1.1677737642751114,1.0,1.0
2025,2,0.0,2025_02_ATL_MIN,Atlanta Falcons,Darnell Mooney,WR,00-0036309,1.0,0.0,0.0,0.0,0.0,0.0,0.0,0.0,6.77,3.63,39.2,0.34,0.2895,72.0,46.71,23.04,354.5,113.9,2.5967298571212147,1.0196309795935985,1.1677737642751114,1.0,1.0
2025,2,0.0,2025_02_ATL_MIN,Atlanta Falcons,Ray-Ray McCloud,WR,None,1.0,0.0,0.0,0.0,0.0,0.0,0.0,0.0,2.45,1.49,27.0,0.14,0.1273,72.0,46.71,23.04,354.5,113.9,2.5967298571212147,1.0196309795935985,1.1677737642751114,0.0,1.0
2025,2,0.0,2025_02_ATL_MIN,Atlanta Falcons,KhaDarel Hodge,WR,00-0034854,1.0,0.0,0.0,0.0,0.0,0.0,0.0,0.0,0.38,0.22,2.5,0.02,0.0189,72.0,46.71,23.04,354.5,113.9,2.5967298571212147,1.0196309795935985,1.1677737642751114,1.0,1.0
2025,2,0.0,2025_02_ATL_MIN,Atlanta Falcons,David Sills,WR,00-0035359,1.0,0.0,0.0,0.0,0.0,0.0,0.0,0.0,0.0,0.0,0.0,0.0,0.0,72.0,46.71,23.04,354.5,113.9,2.5967298571212147,1.0196309795935985,1.1677737642751114,1.0,1.0
2025,2,0.0,2025_02_ATL_MIN,Minnesota Vikings,J.J. McCarthy,QB,00-0039923,1.0,38.19,189.1,3.12,0.75,1.06,3.3,0.08,0.0,0.0,0.0,0.0,0.0753,70.97,35.42,32.95,198.7,120.4,3.454282917019996,1.8011959332178957,0.8855895656197937,1.0,1.0
2025,2,0.0,2025_02_ATL_MIN,Minnesota Vikings,Aaron Jones,RB,00-0033293,1.0,0.0,0.0,0.0,0.0,12.95,39.3,1.19,5.08,3.69,18.5,0.53,0.8215,70.97,35.42,32.95,198.7,120.4,3.454282917019996,1.8011959332178957,0.8855895656197937,1.0,1.0
2025,2,0.0,2025_02_ATL_MIN,Minnesota Vikings,Jordan Mason,RB,00-0037525,1.0,0.0,0.0,0.0,0.0,18.93,55.8,0.61,2.43,1.97,10.5,0.24,0.5734,70.97,35.42,32.95,198.7,120.4,3.454282917019996,1.8011959332178957,0.8855895656197937,1.0,1.0
2025,2,0.0,2025_02_ATL_MIN,Minnesota Vikings,Zavier Scott,RB,00-0038440,1.0,0.0,0.0,0.0,0.0,0.0,0.0,0.0,0.0,0.0,0.0,0.0,0.0,70.97,35.42,32.95,198.7,120.4,3.454282917019996,1.8011959332178957,0.8855895656197937,1.0,1.0
2025,2,0.0,2025_02_ATL_MIN,Minnesota Vikings,T.J. Hockenson,TE,00-0035229,1.0,0.0,0.0,0.0,0.0,0.0,0.0,0.0,7.25,5.69,30.0,0.64,0.471,70.97,35.42,32.95,198.7,120.4,3.454282917019996,1.8011959332178957,0.8855895656197937,1.0,1.0
2025,2,0.0,2025_02_ATL_MIN,Minnesota Vikings,Josh Oliver,TE,00-0035249,1.0,0.0,0.0,0.0,0.0,0.0,0.0,0.0,3.56,2.85,15.3,0.34,0.2911,70.97,35.42,32.95,198.7,120.4,3.454282917019996,1.8011959332178957,0.8855895656197937,1.0,1.0
2025,2,0.0,2025_02_ATL_MIN,Minnesota Vikings,Ben Sims,TE,00-0038809,1.0,0.0,0.0,0.0,0.0,0.0,0.0,0.0,0.0,0.0,0.0,0.0,0.0,70.97,35.42,32.95,198.7,120.4,3.454282917019996,1.8011959332178957,0.8855895656197937,0.0,0.0
2025,2,0.0,2025_02_ATL_MIN,Minnesota Vikings,Ben Yurosek,TE,00-0040509,1.0,0.0,0.0,0.0,0.0,0.0,0.0,0.0,0.0,0.0,0.0,0.0,0.0,70.97,35.42,32.95,198.7,120.4,3.454282917019996,1.8011959332178957,0.8855895656197937,1.0,1.0
2025,2,0.0,2025_02_ATL_MIN,Minnesota Vikings,Justin Jefferson,WR,00-0036322,1.0,0.0,0.0,0.0,0.0,0.0,0.0,0.0,10.43,6.46,46.6,0.97,0.6223,70.97,35.42,32.95,198.7,120.4,3.454282917019996,1.8011959332178957,0.8855895656197937,1.0,1.0
2025,2,0.0,2025_02_ATL_MIN,Minnesota Vikings,Jalen Nailor,WR,00-0037291,1.0,0.0,0.0,0.0,0.0,0.0,0.0,0.0,5.02,2.91,23.6,0.48,0.3834,70.97,35.42,32.95,198.7,120.4,3.454282917019996,1.8011959332178957,0.8855895656197937,1.0,1.0
2025,2,0.0,2025_02_ATL_MIN,Minnesota Vikings,Adam Thielen,WR,None,1.0,0.0,0.0,0.0,0.0,0.0,0.0,0.0,1.64,1.0,13.6,0.16,0.1477,70.97,35.42,32.95,198.7,120.4,3.454282917019996,1.8011959332178957,0.8855895656197937,0.0,1.0
2025,2,0.0,2025_02_ATL_MIN,Minnesota Vikings,Myles Price,WR,00-0040506,1.0,0.0,0.0,0.0,0.0,0.0,0.0,0.0,0.0,0.0,0.0,0.0,0.0,70.97,35.42,32.95,198.7,120.4,3.454282917019996,1.8011959332178957,0.8855895656197937,1.0,1.0
2025,2,0.0,2025_02_ATL_MIN,Minnesota Vikings,Tai Felton,WR,00-0040154,1.0,0.0,0.0,0.0,0.0,0.0,0.0,0.0,0.0,0.0,0.0,0.0,0.0,70.97,35.42,32.95,198.7,120.4,3.454282917019996,1.8011959332178957,0.8855895656197937,1.0,1.0
2025,2,0.0,2025_02_BUF_NYJ,Buffalo Bills,Josh Allen,QB,00-0034857,1.0,45.54,269.6,2.28,1.0,6.45,19.4,0.27,0.0,0.0,0.0,0.0,0.2342,72.0,47.05,21.6,307.5,92.0,2.949214750696345,0.8037547818728776,1.1762734117647058,1.0,1.0
2025,2,0.0,2025_02_BUF_NYJ,Buffalo Bills,James Cook,RB,00-0037248,1.0,0.0,0.0,0.0,0.0,11.17,38.7,0.46,5.69,4.61,25.2,0.36,0.5595,72.0,47.05,21.6,307.5,92.0,2.949214750696345,0.8037547818728776,1.1762734117647058,1.0,1.0
2025,2,0.0,2025_02_BUF_NYJ,Buffalo Bills,Ray Davis,RB,00-0039875,1.0,0.0,0.0,0.0,0.0,3.28,11.7,0.16,2.56,2.05,12.9,0.17,0.2775,72.0,47.05,21.6,307.5,92.0,2.949214750696345,0.8037547818728776,1.1762734117647058,1.0,1.0
2025,2,0.0,2025_02_BUF_NYJ,Buffalo Bills,Ty Johnson,RB,00-0035537,1.0,0.0,0.0,0.0,0.0,0.7,2.6,0.0,0.9,0.6,4.6,0.06,0.0536,72.0,47.05,21.6,307.5,92.0,2.949214750696345,0.8037547818728776,1.1762734117647058,1.0,1.0
2025,2,0.0,2025_02_BUF_NYJ,Buffalo Bills,Dalton Kincaid,TE,00-0038933,1.0,0.0,0.0,0.0,0.0,0.0,0.0,0.0,8.46,6.61,37.8,0.48,0.3788,72.0,47.05,21.6,307.5,92.0,2.949214750696345,0.8037547818728776,1.1762734117647058,1.0,1.0
2025,2,0.0,2025_02_BUF_NYJ,Buffalo Bills,Dawson Knox,TE,00-0035689,1.0,0.0,0.0,0.0,0.0,0.0,0.0,0.0,4.19,3.25,19.6,0.26,0.2269,72.0,47.05,21.6,307.5,92.0,2.949214750696345,0.8037547818728776,1.1762734117647058,1.0,1.0
2025,2,0.0,2025_02_BUF_NYJ,Buffalo Bills,Jackson Hawes,TE,00-0040194,1.0,0.0,0.0,0.0,0.0,0.0,0.0,0.0,0.52,0.43,3.3,0.03,0.0315,72.0,47.05,21.6,307.5,92.0,2.949214750696345,0.8037547818728776,1.1762734117647058,1.0,1.0
2025,2,0.0,2025_02_BUF_NYJ,Buffalo Bills,Keon Coleman,WR,00-0039901,1.0,0.0,0.0,0.0,0.0,0.0,0.0,0.0,10.57,5.12,61.7,0.66,0.4839,72.0,47.05,21.6,307.5,92.0,2.949214750696345,0.8037547818728776,1.1762734117647058,1.0,1.0
2025,2,0.0,2025_02_BUF_NYJ,Buffalo Bills,Khalil Shakir,WR,00-0037261,1.0,0.0,0.0,0.0,0.0,0.0,0.0,0.0,7.08,5.02,36.7,0.41,0.3387,72.0,47.05,21.6,307.5,92.0,2.949214750696345,0.8037547818728776,1.1762734117647058,1.0,1.0
2025,2,0.0,2025_02_BUF_NYJ,Buffalo Bills,Josh Palmer,WR,00-0036988,1.0,0.0,0.0,0.0,0.0,0.0,0.0,0.0,5.61,3.16,28.5,0.33,0.2803,72.0,47.05,21.6,307.5,92.0,2.949214750696345,0.8037547818728776,1.1762734117647058,1.0,1.0
2025,2,0.0,2025_02_BUF_NYJ,Buffalo Bills,Elijah Moore,WR,None,1.0,0.0,0.0,0.0,0.0,0.0,0.0,0.0,0.69,0.42,7.1,0.04,0.0423,72.0,47.05,21.6,307.5,92.0,2.949214750696345,0.8037547818728776,1.1762734117647058,0.0,1.0
2025,2,0.0,2025_02_BUF_NYJ,Buffalo Bills,Brandin Cooks,WR,00-0031236,1.0,0.0,0.0,0.0,0.0,0.0,0.0,0.0,0.0,0.0,0.0,0.0,0.0,72.0,47.05,21.6,307.5,92.0,2.949214750696345,0.8037547818728776,1.1762734117647058,0.0,0.0
2025,2,0.0,2025_02_BUF_NYJ,Buffalo Bills,David White,WR,00-0039562,1.0,0.0,0.0,0.0,0.0,0.0,0.0,0.0,0.0,0.0,0.0,0.0,0.0,72.0,47.05,21.6,307.5,92.0,2.949214750696345,0.8037547818728776,1.1762734117647058,1.0,1.0
2025,2,0.0,2025_02_BUF_NYJ,Buffalo Bills,Tyrell Shavers,WR,00-0038679,1.0,0.0,0.0,0.0,0.0,0.0,0.0,0.0,0.0,0.0,0.0,0.0,0.0,72.0,47.05,21.6,307.5,92.0,2.949214750696345,0.8037547818728776,1.1762734117647058,1.0,1.0
2025,2,0.0,2025_02_BUF_NYJ,New York Jets,Justin Fields,QB,00-0036945,1.0,31.94,163.7,0.75,0.64,10.46,27.0,0.19,0.0,0.0,0.0,0.0,0.174,72.0,30.31,39.6,170.1,144.7,0.8580133537526147,0.6844963365387764,0.7578269370629371,1.0,1.0
2025,2,0.0,2025_02_BUF_NYJ,New York Jets,Breece Hall,RB,00-0038120,1.0,0.0,0.0,0.0,0.0,19.94,58.8,0.37,4.56,3.32,18.4,0.13,0.3937,72.0,30.31,39.6,170.1,144.7,0.8580133537526147,0.6844963365387764,0.7578269370629371,1.0,1.0
2025,2,0.0,2025_02_BUF_NYJ,New York Jets,Braelon Allen,RB,00-0039794,1.0,0.0,0.0,0.0,0.0,8.28,26.5,0.14,1.32,0.98,6.1,0.04,0.1611,72.0,30.31,39.6,170.1,144.7,0.8580133537526147,0.6844963365387764,0.7578269370629371,1.0,1.0
2025,2,0.0,2025_02_BUF_NYJ,New York Jets,Isaiah Davis,RB,00-0039798,1.0,0.0,0.0,0.0,0.0,0.91,2.9,0.0,0.0,0.0,0.0,0.0,0.0,72.0,30.31,39.6,170.1,144.7,0.8580133537526147,0.6844963365387764,0.7578269370629371,1.0,1.0
2025,2,0.0,2025_02_BUF_NYJ,New York Jets,Mason Taylor,TE,00-0040736,1.0,0.0,0.0,0.0,0.0,0.0,0.0,0.0,3.43,2.53,15.5,0.09,0.0866,72.0,30.31,39.6,170.1,144.7,0.8580133537526147,0.6844963365387764,0.7578269370629371,1.0,1.0
2025,2,0.0,2025_02_BUF_NYJ,New York Jets,Jeremy Ruckert,TE,00-0037805,1.0,0.0,0.0,0.0,0.0,0.0,0.0,0.0,2.67,2.13,11.8,0.07,0.0657,72.0,30.31,39.6,170.1,144.7,0.8580133537526147,0.6844963365387764,0.7578269370629371,1.0,1.0
2025,2,0.0,2025_02_BUF_NYJ,New York Jets,Stone Smartt,TE,00-0037475,1.0,0.0,0.0,0.0,0.0,0.0,0.0,0.0,0.0,0.0,0.0,0.0,0.0,72.0,30.31,39.6,170.1,144.7,0.8580133537526147,0.6844963365387764,0.7578269370629371,1.0,1.0
2025,2,0.0,2025_02_BUF_NYJ,New York Jets,Garrett Wilson,WR,00-0037740,1.0,0.0,0.0,0.0,0.0,0.0,0.0,0.0,9.15,5.1,41.8,0.24,0.2157,72.0,30.31,39.6,170.1,144.7,0.8580133537526147,0.6844963365387764,0.7578269370629371,1.0,1.0
2025,2,0.0,2025_02_BUF_NYJ,New York Jets,Tyler Johnson,WR,00-0036427,1.0,0.0,0.0,0.0,0.0,0.0,0.0,0.0,3.42,2.03,18.8,0.1,0.0943,72.0,30.31,39.6,170.1,144.7,0.8580133537526147,0.6844963365387764,0.7578269370629371,1.0,1.0
2025,2,0.0,2025_02_BUF_NYJ,New York Jets,Aaron Smith,WR,00-0040407,1.0,0.0,0.0,0.0,0.0,0.0,0.0,0.0,2.89,1.84,24.9,0.08,0.0786,72.0,30.31,39.6,170.1,144.7,0.8580133537526147,0.6844963365387764,0.7578269370629371,0.0,0.0
2025,2,0.0,2025_02_BUF_NYJ,New York Jets,Adonai Mitchell,WR,00-0039890,1.0,0.0,0.0,0.0,0.0,0.0,0.0,0.0,0.0,0.0,0.0,0.0,0.0,72.0,30.31,39.6,170.1,144.7,0.8580133537526147,0.6844963365387764,0.7578269370629371,0.0,0.0
2025,2,0.0,2025_02_BUF_NYJ,New York Jets,Allen Lazard,WR,00-0034521,1.0,0.0,0.0,0.0,0.0,0.0,0.0,0.0,0.0,0.0,0.0,0.0,0.0,72.0,30.31,39.6,170.1,144.7,0.8580133537526147,0.6844963365387764,0.7578269370629371,1.0,1.0
2025,2,0.0,2025_02_BUF_NYJ,New York Jets,Isaiah Williams,WR,00-0039451,1.0,0.0,0.0,0.0,0.0,0.0,0.0,0.0,0.0,0.0,0.0,0.0,0.0,72.0,30.31,39.6,170.1,144.7,0.8580133537526147,0.6844963365387764,0.7578269370629371,1.0,1.0
2025,2,0.0,2025_02_CAR_ARI,Arizona Cardinals,Kyler Murray,QB,00-0035228,1.0,42.28,220.2,2.64,0.89,5.61,14.8,0.34,0.0,0.0,0.0,0.0,0.2883,72.0,41.77,27.27,234.3,99.7,4.0110593446510805,1.3169519424276528,1.0442246683046683,1.0,1.0
2025,2,0.0,2025_02_CAR_ARI,Arizona Cardinals,James Conner,RB,00-0033553,1.0,0.0,0.0,0.0,0.0,13.93,40.4,0.79,5.49,4.52,21.5,0.52,0.7307,72.0,41.77,27.27,234.3,99.7,4.0110593446510805,1.3169519424276528,1.0442246683046683,1.0,1.0
2025,2,0.0,2025_02_CAR_ARI,Arizona Cardinals,Trey Benson,RB,00-0039921,1.0,0.0,0.0,0.0,0.0,7.74,24.3,0.26,2.42,2.01,11.3,0.23,0.3872,72.0,41.77,27.27,234.3,99.7,4.0110593446510805,1.3169519424276528,1.0442246683046683,1.0,1.0
2025,2,0.0,2025_02_CAR_ARI,Arizona Cardinals,Bam Knight,RB,00-0037157,1.0,0.0,0.0,0.0,0.0,0.0,0.0,0.0,0.0,0.0,0.0,0.0,0.0,72.0,41.77,27.27,234.3,99.7,4.0110593446510805,1.3169519424276528,1.0442246683046683,1.0,1.0
2025,2,0.0,2025_02_CAR_ARI,Arizona Cardinals,Emari Demercado,RB,00-0038705,1.0,0.0,0.0,0.0,0.0,0.0,0.0,0.0,0.0,0.0,0.0,0.0,0.0,72.0,41.77,27.27,234.3,99.7,4.0110593446510805,1.3169519424276528,1.0442246683046683,1.0,1.0
2025,2,0.0,2025_02_CAR_ARI,Arizona Cardinals,Trey McBride,TE,00-0037744,1.0,0.0,0.0,0.0,0.0,0.0,0.0,0.0,8.81,7.31,40.4,0.77,0.537,72.0,41.77,27.27,234.3,99.7,4.0110593446510805,1.3169519424276528,1.0442246683046683,1.0,1.0
2025,2,0.0,2025_02_CAR_ARI,Arizona Cardinals,Elijah Higgins,TE,00-0039041,1.0,0.0,0.0,0.0,0.0,0.0,0.0,0.0,3.53,2.98,17.5,0.31,0.2676,72.0,41.77,27.27,234.3,99.7,4.0110593446510805,1.3169519424276528,1.0442246683046683,1.0,1.0
2025,2,0.0,2025_02_CAR_ARI,Arizona Cardinals,Josiah Deguara,TE,00-0036332,1.0,0.0,0.0,0.0,0.0,0.0,0.0,0.0,0.0,0.0,0.0,0.0,0.0,72.0,41.77,27.27,234.3,99.7,4.0110593446510805,1.3169519424276528,1.0442246683046683,1.0,1.0
2025,2,0.0,2025_02_CAR_ARI,Arizona Cardinals,Oscar Cardenas,TE,00-0040381,1.0,0.0,0.0,0.0,0.0,0.0,0.0,0.0,0.0,0.0,0.0,0.0,0.0,72.0,41.77,27.27,234.3,99.7,4.0110593446510805,1.3169519424276528,1.0442246683046683,0.0,0.0
2025,2,0.0,2025_02_CAR_ARI,Arizona Cardinals,Travis Vokolek,TE,00-0038456,1.0,0.0,0.0,0.0,0.0,0.0,0.0,0.0,0.0,0.0,0.0,0.0,0.0,72.0,41.77,27.27,234.3,99.7,4.0110593446510805,1.3169519424276528,1.0442246683046683,1.0,1.0
2025,2,0.0,2025_02_CAR_ARI,Arizona Cardinals,Marvin Harrison Jr.,WR,00-0039849,1.0,0.0,0.0,0.0,0.0,0.0,0.0,0.0,7.6,3.81,32.6,0.69,0.4977,72.0,41.77,27.27,234.3,99.7,4.0110593446510805,1.3169519424276528,1.0442246683046683,1.0,1.0
2025,2,0.0,2025_02_CAR_ARI,Arizona Cardinals,Mack Wilson,WR,00-0035144,1.0,0.0,0.0,0.0,0.0,0.0,0.0,0.0,6.5,4.01,51.8,0.62,0.4641,72.0,41.77,27.27,234.3,99.7,4.0110593446510805,1.3169519424276528,1.0442246683046683,1.0,1.0
2025,2,0.0,2025_02_CAR_ARI,Arizona Cardinals,Zay Jones,WR,00-0033891,1.0,0.0,0.0,0.0,0.0,0.0,0.0,0.0,2.81,1.72,11.4,0.26,0.2294,72.0,41.77,27.27,234.3,99.7,4.0110593446510805,1.3169519424276528,1.0442246683046683,1.0,1.0
2025,2,0.0,2025_02_CAR_ARI,Arizona Cardinals,Michael Wilson,WR,00-0038559,1.0,0.0,0.0,0.0,0.0,0.0,0.0,0.0,2.72,1.53,14.5,0.26,0.227,72.0,41.77,27.27,234.3,99.7,4.0110593446510805,1.3169519424276528,1.0442246683046683,1.0,1.0
2025,2,0.0,2025_02_CAR_ARI,Arizona Cardinals,Greg Dortch,WR,00-0035500,1.0,0.0,0.0,0.0,0.0,0.0,0.0,0.0,0.5,0.36,2.1,0.05,0.0445,72.0,41.77,27.27,234.3,99.7,4.0110593446510805,1.3169519424276528,1.0442246683046683,1.0,1.0
2025,2,0.0,2025_02_CAR_ARI,Arizona Cardinals,Bryson Green,WR,00-0040383,1.0,0.0,0.0,0.0,0.0,0.0,0.0,0.0,0.0,0.0,0.0,0.0,0.0,72.0,41.77,27.27,234.3,99.7,4.0110593446510805,1.3169519424276528,1.0442246683046683,0.0,0.0
2025,2,0.0,2025_02_CAR_ARI,Arizona Cardinals,Simi Fehoko,WR,00-0036646,1.0,0.0,0.0,0.0,0.0,0.0,0.0,0.0,0.0,0.0,0.0,0.0,0.0,72.0,41.77,27.27,234.3,99.7,4.0110593446510805,1.3169519424276528,1.0442246683046683,1.0,1.0
2025,2,0.0,2025_02_CAR_ARI,Carolina Panthers,Bryce Young,QB,00-0039150,1.0,45.71,255.1,1.73,1.0,3.61,12.0,0.12,0.0,0.0,0.0,0.0,0.1165,72.0,47.2,22.86,300.9,94.9,2.470378672026739,0.6583297957807983,1.1800637689969606,1.0,1.0
2025,2,0.0,2025_02_CAR_ARI,Carolina Panthers,Andy Dalton,QB,00-0027973,1.0,0.0,0.0,0.0,0.0,3.61,12.7,0.12,0.0,0.0,0.0,0.0,0.113,72.0,47.2,22.86,300.9,94.9,2.470378672026739,0.6583297957807983,1.1800637689969606,1.0,1.0
2025,2,0.0,2025_02_CAR_ARI,Carolina Panthers,Chuba Hubbard,RB,00-0036555,1.0,0.0,0.0,0.0,0.0,11.74,40.7,0.33,6.25,4.88,27.0,0.33,0.479,72.0,47.2,22.86,300.9,94.9,2.470378672026739,0.6583297957807983,1.1800637689969606,1.0,1.0
2025,2,0.0,2025_02_CAR_ARI,Carolina Panthers,Rico Dowdle,RB,00-0036139,1.0,0.0,0.0,0.0,0.0,3.54,11.7,0.11,3.7,2.96,16.2,0.2,0.2689,72.0,47.2,22.86,300.9,94.9,2.470378672026739,0.6583297957807983,1.1800637689969606,1.0,1.0
2025,2,0.0,2025_02_CAR_ARI,Carolina Panthers,Trevor Etienne,RB,00-0040644,1.0,0.0,0.0,0.0,0.0,0.36,1.3,0.0,0.0,0.0,0.0,0.0,0.0,72.0,47.2,22.86,300.9,94.9,2.470378672026739,0.6583297957807983,1.1800637689969606,1.0,1.0
2025,2,0.0,2025_02_CAR_ARI,Carolina Panthers,Ja'Tavion Sanders,TE,00-0039356,1.0,0.0,0.0,0.0,0.0,0.0,0.0,0.0,7.75,6.4,42.1,0.39,0.3237,72.0,47.2,22.86,300.9,94.9,2.470378672026739,0.6583297957807983,1.1800637689969606,1.0,1.0
2025,2,0.0,2025_02_CAR_ARI,Carolina Panthers,Tommy Tremble,TE,00-0037005,1.0,0.0,0.0,0.0,0.0,0.0,0.0,0.0,3.73,2.86,19.3,0.18,0.1657,72.0,47.2,22.86,300.9,94.9,2.470378672026739,0.6583297957807983,1.1800637689969606,1.0,1.0
2025,2,0.0,2025_02_CAR_ARI,Carolina Panthers,Dominique Dafney,TE,00-0036456,1.0,0.0,0.0,0.0,0.0,0.0,0.0,0.0,0.0,0.0,0.0,0.0,0.0,72.0,47.2,22.86,300.9,94.9,2.470378672026739,0.6583297957807983,1.1800637689969606,0.0,0.0
2025,2,0.0,2025_02_CAR_ARI,Carolina Panthers,Mitchell Evans,TE,00-0040187,1.0,0.0,0.0,0.0,0.0,0.0,0.0,0.0,0.0,0.0,0.0,0.0,0.0,72.0,47.2,22.86,300.9,94.9,2.470378672026739,0.6583297957807983,1.1800637689969606,1.0,1.0
2025,2,0.0,2025_02_CAR_ARI,Carolina Panthers,Tetairoa McMillan,WR,00-0040124,1.0,0.0,0.0,0.0,0.0,0.0,0.0,0.0,11.54,6.4,62.2,0.57,0.4345,72.0,47.2,22.86,300.9,94.9,2.470378672026739,0.6583297957807983,1.1800637689969606,1.0,1.0
2025,2,0.0,2025_02_CAR_ARI,Carolina Panthers,Xavier Legette,WR,00-0039342,1.0,0.0,0.0,0.0,0.0,0.0,0.0,0.0,8.19,4.33,41.1,0.42,0.3451,72.0,47.2,22.86,300.9,94.9,2.470378672026739,0.6583297957807983,1.1800637689969606,1.0,1.0
2025,2,0.0,2025_02_CAR_ARI,Carolina Panthers,Hunter Renfrow,WR,00-0034983,1.0,0.0,0.0,0.0,0.0,0.0,0.0,0.0,6.0,3.64,29.5,0.3,0.2613,72.0,47.2,22.86,300.9,94.9,2.470378672026739,0.6583297957807983,1.1800637689969606,1.0,1.0
2025,2,0.0,2025_02_CAR_ARI,Carolina Panthers,Brycen Tremayne,WR,00-0038840,1.0,0.0,0.0,0.0,0.0,0.0,0.0,0.0,0.0,0.0,0.0,0.0,0.0,72.0,47.2,22.86,300.9,94.9,2.470378672026739,0.6583297957807983,1.1800637689969606,1.0,1.0
2025,2,0.0,2025_02_CAR_ARI,Carolina Panthers,Dan Chisena,WR,00-0035976,1.0,0.0,0.0,0.0,0.0,0.0,0.0,0.0,0.0,0.0,0.0,0.0,0.0,72.0,47.2,22.86,300.9,94.9,2.470378672026739,0.6583297957807983,1.1800637689969606,0.0,0.0
2025,2,0.0,2025_02_CAR_ARI,Carolina Panthers,David Moore,WR,00-0033589,1.0,0.0,0.0,0.0,0.0,0.0,0.0,0.0,0.0,0.0,0.0,0.0,0.0,72.0,47.2,22.86,300.9,94.9,2.470378672026739,0.6583297957807983,1.1800637689969606,1.0,1.0
2025,2,0.0,2025_02_CHI_DET,Chicago Bears,Caleb Williams,QB,00-0035857,1.0,47.48,266.3,1.67,1.19,8.05,25.0,0.22,0.0,0.0,0.0,0.0,0.1004,72.0,47.48,22.57,266.3,82.5,1.672305277460583,0.5583053799558844,1.1869398681013537,1.0,1.0
2025,2,0.0,2025_02_CHI_DET,Chicago Bears,D'Andre Swift,RB,00-0036275,1.0,0.0,0.0,0.0,0.0,12.1,37.1,0.27,6.04,4.6,23.2,0.21,0.3786,72.0,47.48,22.57,266.3,82.5,1.672305277460583,0.5583053799558844,1.1869398681013537,1.0,1.0
2025,2,0.0,2025_02_CHI_DET,Chicago Bears,Kyle Monangai,RB,00-0040236,1.0,0.0,0.0,0.0,0.0,2.42,7.3,0.1,2.49,1.6,10.7,0.09,0.1695,72.0,47.48,22.57,266.3,82.5,1.672305277460583,0.5583053799558844,1.1869398681013537,1.0,1.0
2025,2,0.0,2025_02_CHI_DET,Chicago Bears,Roschon Johnson,RB,00-0039021,1.0,0.0,0.0,0.0,0.0,0.0,0.0,0.0,0.0,0.0,0.0,0.0,0.0,72.0,47.48,22.57,266.3,82.5,1.672305277460583,0.5583053799558844,1.1869398681013537,1.0,1.0
2025,2,0.0,2025_02_CHI_DET,Chicago Bears,Cole Kmet,TE,00-0036290,1.0,0.0,0.0,0.0,0.0,0.0,0.0,0.0,8.89,7.48,36.1,0.29,0.2535,72.0,47.48,22.57,266.3,82.5,1.672305277460583,0.5583053799558844,1.1869398681013537,1.0,1.0
2025,2,0.0,2025_02_CHI_DET,Chicago Bears,Colston Loveland,TE,00-0040126,1.0,0.0,0.0,0.0,0.0,0.0,0.0,0.0,4.67,3.62,21.0,0.16,0.145,72.0,47.48,22.57,266.3,82.5,1.672305277460583,0.5583053799558844,1.1869398681013537,1.0,1.0
2025,2,0.0,2025_02_CHI_DET,Chicago Bears,Durham Smythe,TE,00-0034798,1.0,0.0,0.0,0.0,0.0,0.0,0.0,0.0,0.0,0.0,0.0,0.0,0.0,72.0,47.48,22.57,266.3,82.5,1.672305277460583,0.5583053799558844,1.1869398681013537,1.0,1.0
2025,2,0.0,2025_02_CHI_DET,Chicago Bears,Rome Odunze,WR,00-0039919,1.0,0.0,0.0,0.0,0.0,0.0,0.0,0.0,10.82,5.37,54.9,0.37,0.3087,72.0,47.48,22.57,266.3,82.5,1.672305277460583,0.5583053799558844,1.1869398681013537,1.0,1.0
2025,2,0.0,2025_02_CHI_DET,Chicago Bears,Olamide Zaccheaus,WR,00-0035208,1.0,0.0,0.0,0.0,0.0,0.0,0.0,0.0,6.98,4.1,32.4,0.24,0.2104,72.0,47.48,22.57,266.3,82.5,1.672305277460583,0.5583053799558844,1.1869398681013537,1.0,1.0
2025,2,0.0,2025_02_CHI_DET,Chicago Bears,DJ Moore,WR,00-0034827,1.0,0.0,0.0,0.0,0.0,0.0,0.0,0.0,7.09,4.18,30.0,0.23,0.206,72.0,47.48,22.57,266.3,82.5,1.672305277460583,0.5583053799558844,1.1869398681013537,1.0,1.0
2025,2,0.0,2025_02_CHI_DET,Chicago Bears,Luther Burden III,WR,00-0040735,1.0,0.0,0.0,0.0,0.0,0.0,0.0,0.0,0.49,0.33,2.5,0.02,0.0159,72.0,47.48,22.57,266.3,82.5,1.672305277460583,0.5583053799558844,1.1869398681013537,1.0,1.0
2025,2,0.0,2025_02_CHI_DET,Chicago Bears,Devin Duvernay,WR,00-0036331,1.0,0.0,0.0,0.0,0.0,0.0,0.0,0.0,0.0,0.0,0.0,0.0,0.0,72.0,47.48,22.57,266.3,82.5,1.672305277460583,0.5583053799558844,1.1869398681013537,1.0,1.0
2025,2,0.0,2025_02_CHI_DET,Detroit Lions,Jared Goff,QB,00-0033106,1.0,44.29,273.1,2.55,0.93,1.62,5.7,0.11,0.0,0.0,0.0,0.0,0.1064,72.0,43.77,24.0,294.9,105.4,3.1274961344223926,1.2155173496686262,1.0942531663685153,1.0,1.0
2025,2,0.0,2025_02_CHI_DET,Detroit Lions,Kyle Allen,QB,00-0034577,1.0,0.0,0.0,0.0,0.0,1.62,5.9,0.1,0.0,0.0,0.0,0.0,0.0942,72.0,43.77,24.0,294.9,105.4,3.1274961344223926,1.2155173496686262,1.0942531663685153,1.0,1.0
2025,2,0.0,2025_02_CHI_DET,Detroit Lions,Jahmyr Gibbs,RB,00-0039139,1.0,0.0,0.0,0.0,0.0,11.53,41.8,0.82,7.82,6.19,38.0,0.58,0.7524,72.0,43.77,24.0,294.9,105.4,3.1274961344223926,1.2155173496686262,1.0942531663685153,1.0,1.0
2025,2,0.0,2025_02_CHI_DET,Detroit Lions,David Montgomery,RB,00-0035685,1.0,0.0,0.0,0.0,0.0,9.22,32.8,0.3,3.66,3.0,17.8,0.25,0.4224,72.0,43.77,24.0,294.9,105.4,3.1274961344223926,1.2155173496686262,1.0942531663685153,1.0,1.0
2025,2,0.0,2025_02_CHI_DET,Detroit Lions,Jacob Saylors,RB,00-0038896,1.0,0.0,0.0,0.0,0.0,0.0,0.0,0.0,0.01,0.01,0.1,0.0,0.0,72.0,43.77,24.0,294.9,105.4,3.1274961344223926,1.2155173496686262,1.0942531663685153,1.0,1.0
2025,2,0.0,2025_02_CHI_DET,Detroit Lions,Sam LaPorta,TE,00-0039065,1.0,0.0,0.0,0.0,0.0,0.0,0.0,0.0,9.63,7.87,48.2,0.65,0.4762,72.0,43.77,24.0,294.9,105.4,3.1274961344223926,1.2155173496686262,1.0942531663685153,1.0,1.0
2025,2,0.0,2025_02_CHI_DET,Detroit Lions,Brock Wright,TE,00-0036754,1.0,0.0,0.0,0.0,0.0,0.0,0.0,0.0,4.81,3.93,25.5,0.33,0.2786,72.0,43.77,24.0,294.9,105.4,3.1274961344223926,1.2155173496686262,1.0942531663685153,1.0,1.0
2025,2,0.0,2025_02_CHI_DET,Detroit Lions,Anthony Firkser,TE,00-0033455,1.0,0.0,0.0,0.0,0.0,0.0,0.0,0.0,0.02,0.01,0.1,0.0,0.0011,72.0,43.77,24.0,294.9,105.4,3.1274961344223926,1.2155173496686262,1.0942531663685153,0.0,0.0
2025,2,0.0,2025_02_CHI_DET,Detroit Lions,Giovanni Ricci,TE,00-0035956,1.0,0.0,0.0,0.0,0.0,0.0,0.0,0.0,0.02,0.01,0.1,0.0,0.0011,72.0,43.77,24.0,294.9,105.4,3.1274961344223926,1.2155173496686262,1.0942531663685153,0.0,0.0
2025,2,0.0,2025_02_CHI_DET,Detroit Lions,Shane Zylstra,TE,00-0036534,1.0,0.0,0.0,0.0,0.0,0.0,0.0,0.0,0.02,0.01,0.1,0.0,0.0011,72.0,43.77,24.0,294.9,105.4,3.1274961344223926,1.2155173496686262,1.0942531663685153,1.0,1.0
2025,2,0.0,2025_02_CHI_DET,Detroit Lions,Amon-Ra St. Brown,WR,00-0036963,1.0,0.0,0.0,0.0,0.0,0.0,0.0,0.0,7.46,5.23,34.6,0.52,0.408,72.0,43.77,24.0,294.9,105.4,3.1274961344223926,1.2155173496686262,1.0942531663685153,1.0,1.0
2025,2,0.0,2025_02_CHI_DET,Detroit Lions,Jameson Williams,WR,00-0037240,1.0,0.0,0.0,0.0,0.0,0.0,0.0,0.0,5.98,3.42,29.3,0.39,0.3257,72.0,43.77,24.0,294.9,105.4,3.1274961344223926,1.2155173496686262,1.0942531663685153,1.0,1.0
2025,2,0.0,2025_02_CHI_DET,Detroit Lions,Kalif Raymond,WR,00-0032464,1.0,0.0,0.0,0.0,0.0,0.0,0.0,0.0,3.85,2.67,18.3,0.26,0.2253,72.0,43.77,24.0,294.9,105.4,3.1274961344223926,1.2155173496686262,1.0942531663685153,1.0,1.0
2025,2,0.0,2025_02_CHI_DET,Detroit Lions,Isaac TeSlaa,WR,00-0040669,1.0,0.0,0.0,0.0,0.0,0.0,0.0,0.0,0.45,0.27,3.0,0.03,0.0337,72.0,43.77,24.0,294.9,105.4,3.1274961344223926,1.2155173496686262,1.0942531663685153,1.0,1.0
2025,2,0.0,2025_02_CHI_DET,Detroit Lions,Andrew Armstrong,WR,00-0040298,1.0,0.0,0.0,0.0,0.0,0.0,0.0,0.0,0.02,0.01,0.2,0.0,0.0017,72.0,43.77,24.0,294.9,105.4,3.1274961344223926,1.2155173496686262,1.0942531663685153,0.0,0.0
2025,2,0.0,2025_02_CHI_DET,Detroit Lions,Dominic Lovett,WR,00-0040241,1.0,0.0,0.0,0.0,0.0,0.0,0.0,0.0,0.02,0.01,0.2,0.0,0.0017,72.0,43.77,24.0,294.9,105.4,3.1274961344223926,1.2155173496686262,1.0942531663685153,1.0,1.0
2025,2,0.0,2025_02_CLE_BAL,Baltimore Ravens,Lamar Jackson,QB,00-0034796,1.0,32.15,217.8,1.85,0.63,8.04,27.6,0.33,0.0,0.0,0.0,0.0,0.2836,72.0,29.71,39.53,225.5,195.5,2.2778132814076675,1.4674665864442944,0.7427520550038197,1.0,1.0
2025,2,0.0,2025_02_CLE_BAL,Baltimore Ravens,Cooper Rush,QB,00-0033662,1.0,0.0,0.0,0.0,0.0,8.04,31.9,0.31,0.0,0.0,0.0,0.0,0.2685,72.0,29.71,39.53,225.5,195.5,2.2778132814076675,1.4674665864442944,0.7427520550038197,1.0,1.0
2025,2,0.0,2025_02_CLE_BAL,Baltimore Ravens,Derrick Henry,RB,00-0032764,1.0,0.0,0.0,0.0,0.0,18.16,71.4,0.66,2.93,2.22,15.3,0.23,0.587,72.0,29.71,39.53,225.5,195.5,2.2778132814076675,1.4674665864442944,0.7427520550038197,1.0,1.0
2025,2,0.0,2025_02_CLE_BAL,Baltimore Ravens,Justice Hill,RB,00-0034975,1.0,0.0,0.0,0.0,0.0,4.8,19.7,0.24,2.73,2.12,13.4,0.2,0.3585,72.0,29.71,39.53,225.5,195.5,2.2778132814076675,1.4674665864442944,0.7427520550038197,1.0,1.0
2025,2,0.0,2025_02_CLE_BAL,Baltimore Ravens,Rasheen Ali,RB,00-0039796,1.0,0.0,0.0,0.0,0.0,0.49,2.2,0.0,0.0,0.0,0.0,0.0,0.0,72.0,29.71,39.53,225.5,195.5,2.2778132814076675,1.4674665864442944,0.7427520550038197,1.0,1.0
2025,2,0.0,2025_02_CLE_BAL,Baltimore Ravens,Mark Andrews,TE,00-0034753,1.0,0.0,0.0,0.0,0.0,0.0,0.0,0.0,4.21,3.13,21.5,0.31,0.2664,72.0,29.71,39.53,225.5,195.5,2.2778132814076675,1.4674665864442944,0.7427520550038197,1.0,1.0
2025,2,0.0,2025_02_CLE_BAL,Baltimore Ravens,Charlie Kolar,TE,00-0038046,1.0,0.0,0.0,0.0,0.0,0.0,0.0,0.0,3.58,2.96,24.9,0.26,0.2323,72.0,29.71,39.53,225.5,195.5,2.2778132814076675,1.4674665864442944,0.7427520550038197,1.0,1.0
2025,2,0.0,2025_02_CLE_BAL,Baltimore Ravens,Baylor Cupp,TE,00-0039316,1.0,0.0,0.0,0.0,0.0,0.0,0.0,0.0,0.0,0.0,0.0,0.0,0.0,72.0,29.71,39.53,225.5,195.5,2.2778132814076675,1.4674665864442944,0.7427520550038197,0.0,0.0
2025,2,0.0,2025_02_CLE_BAL,Baltimore Ravens,Zay Flowers,WR,00-0039064,1.0,0.0,0.0,0.0,0.0,0.0,0.0,0.0,8.26,5.53,49.1,0.58,0.4409,72.0,29.71,39.53,225.5,195.5,2.2778132814076675,1.4674665864442944,0.7427520550038197,1.0,1.0
2025,2,0.0,2025_02_CLE_BAL,Baltimore Ravens,Rashod Bateman,WR,00-0036550,1.0,0.0,0.0,0.0,0.0,0.0,0.0,0.0,4.19,2.43,24.9,0.3,0.2606,72.0,29.71,39.53,225.5,195.5,2.2778132814076675,1.4674665864442944,0.7427520550038197,1.0,1.0
2025,2,0.0,2025_02_CLE_BAL,Baltimore Ravens,DeAndre Hopkins,WR,00-0030564,1.0,0.0,0.0,0.0,0.0,0.0,0.0,0.0,2.37,1.38,12.9,0.17,0.1551,72.0,29.71,39.53,225.5,195.5,2.2778132814076675,1.4674665864442944,0.7427520550038197,1.0,1.0
2025,2,0.0,2025_02_CLE_BAL,Baltimore Ravens,Devontez Walker,WR,00-0039792,1.0,0.0,0.0,0.0,0.0,0.0,0.0,0.0,0.0,0.0,0.0,0.0,0.0,72.0,29.71,39.53,225.5,195.5,2.2778132814076675,1.4674665864442944,0.7427520550038197,1.0,1.0
2025,2,0.0,2025_02_CLE_BAL,Baltimore Ravens,LaJohntay Wester,WR,00-0040075,1.0,0.0,0.0,0.0,0.0,0.0,0.0,0.0,0.0,0.0,0.0,0.0,0.0,72.0,29.71,39.53,225.5,195.5,2.2778132814076675,1.4674665864442944,0.7427520550038197,1.0,1.0
2025,2,0.0,2025_02_CLE_BAL,Baltimore Ravens,Tylan Wallace,WR,00-0036630,1.0,0.0,0.0,0.0,0.0,0.0,0.0,0.0,0.0,0.0,0.0,0.0,0.0,72.0,29.71,39.53,225.5,195.5,2.2778132814076675,1.4674665864442944,0.7427520550038197,1.0,1.0
2025,2,0.0,2025_02_CLE_BAL,Cleveland Browns,Quinshon Judkins,RB,00-0040784,1.0,0.0,0.0,0.0,0.0,8.41,25.5,0.3,5.75,4.25,28.8,0.24,0.4186,72.0,48.02,21.79,269.4,79.6,2.078540666622904,0.48569673051710804,1.200463947368421,1.0,1.0
2025,2,0.0,2025_02_CLE_BAL,Cleveland Browns,Jerome Ford,RB,00-0037267,1.0,0.0,0.0,0.0,0.0,4.78,14.5,0.1,2.41,1.85,9.7,0.1,0.1789,72.0,48.02,21.79,269.4,79.6,2.078540666622904,0.48569673051710804,1.200463947368421,1.0,1.0
2025,2,0.0,2025_02_CLE_BAL,Cleveland Browns,Dylan Sampson,RB,00-0040162,1.0,0.0,0.0,0.0,0.0,5.26,17.2,0.0,3.79,3.03,18.1,0.17,0.1531,72.0,48.02,21.79,269.4,79.6,2.078540666622904,0.48569673051710804,1.200463947368421,1.0,1.0
2025,2,0.0,2025_02_CLE_BAL,Cleveland Browns,David Njoku,TE,00-0033885,1.0,0.0,0.0,0.0,0.0,0.0,0.0,0.0,7.88,5.7,33.0,0.32,0.2734,72.0,48.02,21.79,269.4,79.6,2.078540666622904,0.48569673051710804,1.200463947368421,1.0,1.0
2025,2,0.0,2025_02_CLE_BAL,Cleveland Browns,Harold Fannin Jr.,TE,00-0040663,1.0,0.0,0.0,0.0,0.0,0.0,0.0,0.0,7.92,5.66,39.8,0.31,0.2638,72.0,48.02,21.79,269.4,79.6,2.078540666622904,0.48569673051710804,1.200463947368421,1.0,1.0
2025,2,0.0,2025_02_CLE_BAL,Cleveland Browns,Blake Whiteheart,TE,00-0038710,1.0,0.0,0.0,0.0,0.0,0.0,0.0,0.0,0.0,0.0,0.0,0.0,0.0,72.0,48.02,21.79,269.4,79.6,2.078540666622904,0.48569673051710804,1.200463947368421,1.0,1.0
2025,2,0.0,2025_02_CLE_BAL,Cleveland Browns,Caden Prieskorn,TE,00-0040392,1.0,0.0,0.0,0.0,0.0,0.0,0.0,0.0,0.0,0.0,0.0,0.0,0.0,72.0,48.02,21.79,269.4,79.6,2.078540666622904,0.48569673051710804,1.200463947368421,0.0,0.0
2025,2,0.0,2025_02_CLE_BAL,Cleveland Browns,Jerry Jeudy,WR,00-0036407,1.0,0.0,0.0,0.0,0.0,0.0,0.0,0.0,8.97,5.17,39.8,0.36,0.3007,72.0,48.02,21.79,269.4,79.6,2.078540666622904,0.48569673051710804,1.200463947368421,1.0,1.0
2025,2,0.0,2025_02_CLE_BAL,Cleveland Browns,Cedric Tillman,WR,00-0038979,1.0,0.0,0.0,0.0,0.0,0.0,0.0,0.0,7.78,3.92,35.0,0.32,0.2753,72.0,48.02,21.79,269.4,79.6,2.078540666622904,0.48569673051710804,1.200463947368421,1.0,1.0
2025,2,0.0,2025_02_CLE_BAL,Cleveland Browns,Isaiah Bond,WR,00-0040782,1.0,0.0,0.0,0.0,0.0,0.0,0.0,0.0,3.1,1.47,16.6,0.13,0.1192,72.0,48.02,21.79,269.4,79.6,2.078540666622904,0.48569673051710804,1.200463947368421,1.0,1.0
2025,2,0.0,2025_02_CLE_BAL,Cleveland Browns,Jamari Thrash,WR,00-0039379,1.0,0.0,0.0,0.0,0.0,0.0,0.0,0.0,0.42,0.24,2.5,0.02,0.0173,72.0,48.02,21.79,269.4,79.6,2.078540666622904,0.48569673051710804,1.200463947368421,1.0,1.0
2025,2,0.0,2025_02_CLE_BAL,Cleveland Browns,Chase Cota,WR,00-0038651,1.0,0.0,0.0,0.0,0.0,0.0,0.0,0.0,0.0,0.0,0.0,0.0,0.0,72.0,48.02,21.79,269.4,79.6,2.078540666622904,0.48569673051710804,1.200463947368421,0.0,0.0
2025,2,0.0,2025_02_CLE_BAL,Cleveland Browns,DeAndre Carter,WR,00-0031763,1.0,0.0,0.0,0.0,0.0,0.0,0.0,0.0,0.0,0.0,0.0,0.0,0.0,72.0,48.02,21.79,269.4,79.6,2.078540666622904,0.48569673051710804,1.200463947368421,1.0,1.0
2025,2,0.0,2025_02_DEN_IND,Denver Broncos,Adam Prentice,FB,00-0036727,1.0,0.0,0.0,0.0,0.0,0.0,0.0,0.0,0.0,0.0,0.0,0.0,0.0,72.0,44.05,25.3,320.9,120.1,2.319180766233776,0.6062181495070704,1.1011317254149187,1.0,1.0
2025,2,0.0,2025_02_DEN_IND,Denver Broncos,Bo Nix,QB,00-0039732,1.0,43.78,270.9,1.88,0.94,5.89,20.5,0.17,0.0,0.0,0.0,0.0,0.1588,72.0,44.05,25.3,320.9,120.1,2.319180766233776,0.6062181495070704,1.1011317254149187,1.0,1.0
2025,2,0.0,2025_02_DEN_IND,Denver Broncos,J.K. Dobbins,RB,00-0036158,1.0,0.0,0.0,0.0,0.0,13.75,53.0,0.34,4.34,3.38,22.8,0.23,0.4343,72.0,44.05,25.3,320.9,120.1,2.319180766233776,0.6062181495070704,1.1011317254149187,1.0,1.0
2025,2,0.0,2025_02_DEN_IND,Denver Broncos,RJ Harvey,RB,00-0040730,1.0,0.0,0.0,0.0,0.0,5.66,22.6,0.13,2.53,2.07,13.4,0.14,0.2316,72.0,44.05,25.3,320.9,120.1,2.319180766233776,0.6062181495070704,1.1011317254149187,1.0,1.0
2025,2,0.0,2025_02_DEN_IND,Denver Broncos,Tyler Badie,RB,00-0037085,1.0,0.0,0.0,0.0,0.0,0.0,0.0,0.0,3.3,2.38,19.6,0.17,0.1602,72.0,44.05,25.3,320.9,120.1,2.319180766233776,0.6062181495070704,1.1011317254149187,1.0,1.0
2025,2,0.0,2025_02_DEN_IND,Denver Broncos,Evan Engram,TE,00-0033881,1.0,0.0,0.0,0.0,0.0,0.0,0.0,0.0,7.47,6.07,37.9,0.35,0.2919,72.0,44.05,25.3,320.9,120.1,2.319180766233776,0.6062181495070704,1.1011317254149187,1.0,1.0
2025,2,0.0,2025_02_DEN_IND,Denver Broncos,Adam Trautman,TE,00-0036422,1.0,0.0,0.0,0.0,0.0,0.0,0.0,0.0,3.34,2.7,19.2,0.17,0.1564,72.0,44.05,25.3,320.9,120.1,2.319180766233776,0.6062181495070704,1.1011317254149187,1.0,1.0
2025,2,0.0,2025_02_DEN_IND,Denver Broncos,Lucas Krull,TE,00-0037539,1.0,0.0,0.0,0.0,0.0,0.0,0.0,0.0,1.19,0.91,7.5,0.06,0.0556,72.0,44.05,25.3,320.9,120.1,2.319180766233776,0.6062181495070704,1.1011317254149187,1.0,1.0
2025,2,0.0,2025_02_DEN_IND,Denver Broncos,Courtland Sutton,WR,00-0034348,1.0,0.0,0.0,0.0,0.0,0.0,0.0,0.0,10.13,5.79,56.6,0.51,0.402,72.0,44.05,25.3,320.9,120.1,2.319180766233776,0.6062181495070704,1.1011317254149187,1.0,1.0
2025,2,0.0,2025_02_DEN_IND,Denver Broncos,Troy Franklin,WR,00-0039868,1.0,0.0,0.0,0.0,0.0,0.0,0.0,0.0,6.71,3.83,38.5,0.35,0.2937,72.0,44.05,25.3,320.9,120.1,2.319180766233776,0.6062181495070704,1.1011317254149187,1.0,1.0
2025,2,0.0,2025_02_DEN_IND,Denver Broncos,Marvin Mims Jr.,WR,00-0038976,1.0,0.0,0.0,0.0,0.0,0.0,0.0,0.0,4.35,2.85,23.5,0.21,0.1864,72.0,44.05,25.3,320.9,120.1,2.319180766233776,0.6062181495070704,1.1011317254149187,1.0,1.0
2025,2,0.0,2025_02_DEN_IND,Denver Broncos,Trent Sherfield,WR,None,1.0,0.0,0.0,0.0,0.0,0.0,0.0,0.0,0.7,0.42,7.3,0.04,0.0361,72.0,44.05,25.3,320.9,120.1,2.319180766233776,0.6062181495070704,1.1011317254149187,0.0,1.0
2025,2,0.0,2025_02_DEN_IND,Denver Broncos,Elijah Moore,WR,00-0036980,1.0,0.0,0.0,0.0,0.0,0.0,0.0,0.0,0.0,0.0,0.0,0.0,0.0,72.0,44.05,25.3,320.9,120.1,2.319180766233776,0.6062181495070704,1.1011317254149187,0.0,0.0
2025,2,0.0,2025_02_DEN_IND,Denver Broncos,Pat Bryant,WR,00-0040134,1.0,0.0,0.0,0.0,0.0,0.0,0.0,0.0,0.0,0.0,0.0,0.0,0.0,72.0,44.05,25.3,320.9,120.1,2.319180766233776,0.6062181495070704,1.1011317254149187,1.0,1.0
2025,2,0.0,2025_02_DEN_IND,Indianapolis Colts,Daniel Jones,QB,00-0035710,1.0,34.79,216.6,1.64,0.65,10.39,36.5,0.46,0.0,0.0,0.0,0.0,0.3695,72.0,30.6,38.47,232.2,190.2,2.5037579804517924,1.5249522978145689,0.7648892652552925,1.0,1.0
2025,2,0.0,2025_02_DEN_IND,Indianapolis Colts,Jonathan Taylor,RB,00-0036223,1.0,0.0,0.0,0.0,0.0,17.78,72.0,0.9,3.81,2.76,21.4,0.31,0.7008,72.0,30.6,38.47,232.2,190.2,2.5037579804517924,1.5249522978145689,0.7648892652552925,1.0,1.0
2025,2,0.0,2025_02_DEN_IND,Indianapolis Colts,DJ Giddens,RB,00-0040179,1.0,0.0,0.0,0.0,0.0,9.88,46.6,0.3,1.44,1.09,11.5,0.12,0.3457,72.0,30.6,38.47,232.2,190.2,2.5037579804517924,1.5249522978145689,0.7648892652552925,1.0,1.0
2025,2,0.0,2025_02_DEN_IND,Indianapolis Colts,Ulysses Bentley IV,RB,00-0040476,1.0,0.0,0.0,0.0,0.0,0.42,2.0,0.0,0.0,0.0,0.0,0.0,0.0,72.0,30.6,38.47,232.2,190.2,2.5037579804517924,1.5249522978145689,0.7648892652552925,1.0,1.0
2025,2,0.0,2025_02_DEN_IND,Indianapolis Colts,Tyler Warren,TE,00-0040128,1.0,0.0,0.0,0.0,0.0,0.0,0.0,0.0,6.23,4.51,38.6,0.49,0.3903,72.0,30.6,38.47,232.2,190.2,2.5037579804517924,1.5249522978145689,0.7648892652552925,1.0,1.0
2025,2,0.0,2025_02_DEN_IND,Indianapolis Colts,Mo Alie-Cox,TE,00-0033217,1.0,0.0,0.0,0.0,0.0,0.0,0.0,0.0,2.27,1.64,14.0,0.18,0.1676,72.0,30.6,38.47,232.2,190.2,2.5037579804517924,1.5249522978145689,0.7648892652552925,1.0,1.0
2025,2,0.0,2025_02_DEN_IND,Indianapolis Colts,Andrew Ogletree,TE,00-0037292,1.0,0.0,0.0,0.0,0.0,0.0,0.0,0.0,0.0,0.0,0.0,0.0,0.0,72.0,30.6,38.47,232.2,190.2,2.5037579804517924,1.5249522978145689,0.7648892652552925,1.0,1.0
2025,2,0.0,2025_02_DEN_IND,Indianapolis Colts,Michael Pittman,WR,00-0036252,1.0,0.0,0.0,0.0,0.0,0.0,0.0,0.0,7.19,4.77,39.6,0.55,0.4229,72.0,30.6,38.47,232.2,190.2,2.5037579804517924,1.5249522978145689,0.7648892652552925,1.0,1.0
2025,2,0.0,2025_02_DEN_IND,Indianapolis Colts,Alec Pierce,WR,00-0037664,1.0,0.0,0.0,0.0,0.0,0.0,0.0,0.0,4.08,2.04,22.1,0.3,0.2618,72.0,30.6,38.47,232.2,190.2,2.5037579804517924,1.5249522978145689,0.7648892652552925,1.0,1.0
2025,2,0.0,2025_02_DEN_IND,Indianapolis Colts,Josh Downs,WR,00-0038997,1.0,0.0,0.0,0.0,0.0,0.0,0.0,0.0,3.16,1.96,15.9,0.24,0.2161,72.0,30.6,38.47,232.2,190.2,2.5037579804517924,1.5249522978145689,0.7648892652552925,1.0,1.0
2025,2,0.0,2025_02_DEN_IND,Indianapolis Colts,Adonai Mitchell,WR,None,1.0,0.0,0.0,0.0,0.0,0.0,0.0,0.0,1.12,0.68,12.1,0.09,0.0873,72.0,30.6,38.47,232.2,190.2,2.5037579804517924,1.5249522978145689,0.7648892652552925,0.0,1.0
2025,2,0.0,2025_02_DEN_IND,Indianapolis Colts,Ajou Ajou,WR,00-0039957,1.0,0.0,0.0,0.0,0.0,0.0,0.0,0.0,0.0,0.0,0.0,0.0,0.0,72.0,30.6,38.47,232.2,190.2,2.5037579804517924,1.5249522978145689,0.7648892652552925,0.0,0.0
2025,2,0.0,2025_02_DEN_IND,Indianapolis Colts,Anthony Gould,WR,00-0039816,1.0,0.0,0.0,0.0,0.0,0.0,0.0,0.0,0.0,0.0,0.0,0.0,0.0,72.0,30.6,38.47,232.2,190.2,2.5037579804517924,1.5249522978145689,0.7648892652552925,1.0,1.0
2025,2,0.0,2025_02_DEN_IND,Indianapolis Colts,Ashton Dulin,WR,00-0035021,1.0,0.0,0.0,0.0,0.0,0.0,0.0,0.0,0.0,0.0,0.0,0.0,0.0,72.0,30.6,38.47,232.2,190.2,2.5037579804517924,1.5249522978145689,0.7648892652552925,1.0,1.0
2025,2,0.0,2025_02_JAX_CIN,Cincinnati Bengals,Joe Burrow,QB,00-0036442,1.0,36.93,226.4,1.89,0.66,2.41,8.5,0.11,0.0,0.0,0.0,0.0,0.1022,59.34,30.93,26.25,222.0,122.7,2.186811846071765,0.7826750599363663,0.7733673148468965,1.0,1.0
2025,2,0.0,2025_02_JAX_CIN,Cincinnati Bengals,Jake Browning,QB,00-0035100,1.0,0.0,0.0,0.0,0.0,2.41,9.3,0.1,0.0,0.0,0.0,0.0,0.0922,59.34,30.93,26.25,222.0,122.7,2.186811846071765,0.7826750599363663,0.7733673148468965,1.0,1.0
2025,2,0.0,2025_02_JAX_CIN,Cincinnati Bengals,Chase Brown,RB,00-0038597,1.0,0.0,0.0,0.0,0.0,18.48,69.2,0.47,4.04,3.3,20.5,0.29,0.533,59.34,30.93,26.25,222.0,122.7,2.186811846071765,0.7826750599363663,0.7733673148468965,1.0,1.0
2025,2,0.0,2025_02_JAX_CIN,Cincinnati Bengals,Samaje Perine,RB,00-0033526,1.0,0.0,0.0,0.0,0.0,2.94,11.5,0.17,2.52,2.04,12.1,0.17,0.2893,59.34,30.93,26.25,222.0,122.7,2.186811846071765,0.7826750599363663,0.7733673148468965,1.0,1.0
2025,2,0.0,2025_02_JAX_CIN,Cincinnati Bengals,Tahj Brooks,RB,00-0040208,1.0,0.0,0.0,0.0,0.0,0.0,0.0,0.0,0.0,0.0,0.0,0.0,0.0,59.34,30.93,26.25,222.0,122.7,2.186811846071765,0.7826750599363663,0.7733673148468965,1.0,1.0
2025,2,0.0,2025_02_JAX_CIN,Cincinnati Bengals,Mike Gesicki,TE,00-0034829,1.0,0.0,0.0,0.0,0.0,0.0,0.0,0.0,4.81,3.57,24.9,0.32,0.2747,59.34,30.93,26.25,222.0,122.7,2.186811846071765,0.7826750599363663,0.7733673148468965,1.0,1.0
2025,2,0.0,2025_02_JAX_CIN,Cincinnati Bengals,Noah Fant,TE,00-0035644,1.0,0.0,0.0,0.0,0.0,0.0,0.0,0.0,4.85,4.0,25.6,0.3,0.2603,59.34,30.93,26.25,222.0,122.7,2.186811846071765,0.7826750599363663,0.7733673148468965,1.0,1.0
2025,2,0.0,2025_02_JAX_CIN,Cincinnati Bengals,Drew Sample,TE,00-0035631,1.0,0.0,0.0,0.0,0.0,0.0,0.0,0.0,0.58,0.51,3.5,0.04,0.0363,59.34,30.93,26.25,222.0,122.7,2.186811846071765,0.7826750599363663,0.7733673148468965,1.0,1.0
2025,2,0.0,2025_02_JAX_CIN,Cincinnati Bengals,Tanner Hudson,TE,00-0034613,1.0,0.0,0.0,0.0,0.0,0.0,0.0,0.0,0.0,0.0,0.0,0.0,0.0,59.34,30.93,26.25,222.0,122.7,2.186811846071765,0.7826750599363663,0.7733673148468965,1.0,1.0
2025,2,0.0,2025_02_JAX_CIN,Cincinnati Bengals,Ja'Marr Chase,WR,00-0036900,1.0,0.0,0.0,0.0,0.0,0.0,0.0,0.0,6.3,4.03,33.1,0.43,0.349,59.34,30.93,26.25,222.0,122.7,2.186811846071765,0.7826750599363663,0.7733673148468965,1.0,1.0
2025,2,0.0,2025_02_JAX_CIN,Cincinnati Bengals,Tee Higgins,WR,00-0036410,1.0,0.0,0.0,0.0,0.0,0.0,0.0,0.0,4.25,2.53,21.7,0.29,0.2535,59.34,30.93,26.25,222.0,122.7,2.186811846071765,0.7826750599363663,0.7733673148468965,1.0,1.0
2025,2,0.0,2025_02_JAX_CIN,Cincinnati Bengals,Andrei Iosivas,WR,00-0038619,1.0,0.0,0.0,0.0,0.0,0.0,0.0,0.0,3.02,1.62,16.2,0.21,0.1871,59.34,30.93,26.25,222.0,122.7,2.186811846071765,0.7826750599363663,0.7733673148468965,1.0,1.0
2025,2,0.0,2025_02_JAX_CIN,Cincinnati Bengals,Charlie Jones,WR,00-0038576,1.0,0.0,0.0,0.0,0.0,0.0,0.0,0.0,0.0,0.0,0.0,0.0,0.0,59.34,30.93,26.25,222.0,122.7,2.186811846071765,0.7826750599363663,0.7733673148468965,1.0,1.0
2025,2,0.0,2025_02_JAX_CIN,Cincinnati Bengals,Cole Burgess,WR,00-0039626,1.0,0.0,0.0,0.0,0.0,0.0,0.0,0.0,0.0,0.0,0.0,0.0,0.0,59.34,30.93,26.25,222.0,122.7,2.186811846071765,0.7826750599363663,0.7733673148468965,0.0,0.0
2025,2,0.0,2025_02_JAX_CIN,Cincinnati Bengals,Mitchell Tinsley,WR,00-0038839,1.0,0.0,0.0,0.0,0.0,0.0,0.0,0.0,0.0,0.0,0.0,0.0,0.0,59.34,30.93,26.25,222.0,122.7,2.186811846071765,0.7826750599363663,0.7733673148468965,1.0,1.0
2025,2,0.0,2025_02_JAX_CIN,Jacksonville Jaguars,Trevor Lawrence,QB,00-0036971,1.0,38.15,244.9,1.57,0.76,4.11,14.8,0.2,0.0,0.0,0.0,0.0,0.1829,70.71,35.63,33.67,270.4,166.5,2.126493256984656,1.2830159057192945,0.8907390115249805,1.0,1.0
2025,2,0.0,2025_02_JAX_CIN,Jacksonville Jaguars,Travis Etienne,RB,00-0036973,1.0,0.0,0.0,0.0,0.0,19.25,77.2,0.77,4.39,3.38,24.6,0.26,0.6443,70.71,35.63,33.67,270.4,166.5,2.126493256984656,1.2830159057192945,0.8907390115249805,1.0,1.0
2025,2,0.0,2025_02_JAX_CIN,Jacksonville Jaguars,Bhayshul Tuten,RB,00-0040719,1.0,0.0,0.0,0.0,0.0,6.26,26.0,0.3,1.65,1.25,12.0,0.1,0.3259,70.71,35.63,33.67,270.4,166.5,2.126493256984656,1.2830159057192945,0.8907390115249805,1.0,1.0
2025,2,0.0,2025_02_JAX_CIN,Jacksonville Jaguars,Tank Bigsby,RB,None,1.0,0.0,0.0,0.0,0.0,3.55,17.2,0.12,0.0,0.0,0.0,0.0,0.1136,70.71,35.63,33.67,270.4,166.5,2.126493256984656,1.2830159057192945,0.8907390115249805,0.0,0.0
2025,2,0.0,2025_02_JAX_CIN,Jacksonville Jaguars,LeQuint Allen Jr.,RB,00-0040238,1.0,0.0,0.0,0.0,0.0,0.51,2.2,0.0,0.58,0.47,4.4,0.04,0.0346,70.71,35.63,33.67,270.4,166.5,2.126493256984656,1.2830159057192945,0.8907390115249805,1.0,1.0
2025,2,0.0,2025_02_JAX_CIN,Jacksonville Jaguars,Brenton Strange,TE,00-0038935,1.0,0.0,0.0,0.0,0.0,0.0,0.0,0.0,7.11,5.53,40.9,0.4,0.3287,70.71,35.63,33.67,270.4,166.5,2.126493256984656,1.2830159057192945,0.8907390115249805,1.0,1.0
2025,2,0.0,2025_02_JAX_CIN,Jacksonville Jaguars,Johnny Mundt,TE,00-0033246,1.0,0.0,0.0,0.0,0.0,0.0,0.0,0.0,3.06,2.37,18.1,0.17,0.1562,70.71,35.63,33.67,270.4,166.5,2.126493256984656,1.2830159057192945,0.8907390115249805,1.0,1.0
2025,2,0.0,2025_02_JAX_CIN,Jacksonville Jaguars,Hunter Long,TE,00-0037004,1.0,0.0,0.0,0.0,0.0,0.0,0.0,0.0,0.66,0.48,4.6,0.04,0.037,70.71,35.63,33.67,270.4,166.5,2.126493256984656,1.2830159057192945,0.8907390115249805,1.0,1.0
2025,2,0.0,2025_02_JAX_CIN,Jacksonville Jaguars,John Copenhaver,TE,00-0040327,1.0,0.0,0.0,0.0,0.0,0.0,0.0,0.0,0.0,0.0,0.0,0.0,0.0,70.71,35.63,33.67,270.4,166.5,2.126493256984656,1.2830159057192945,0.8907390115249805,0.0,0.0
2025,2,0.0,2025_02_JAX_CIN,Jacksonville Jaguars,Quintin Morris,TE,00-0036590,1.0,0.0,0.0,0.0,0.0,0.0,0.0,0.0,0.0,0.0,0.0,0.0,0.0,70.71,35.63,33.67,270.4,166.5,2.126493256984656,1.2830159057192945,0.8907390115249805,1.0,1.0
2025,2,0.0,2025_02_JAX_CIN,Jacksonville Jaguars,Travis Hunter,WR,00-0040718,1.0,0.0,0.0,0.0,0.0,0.0,0.0,0.0,7.27,4.41,57.3,0.41,0.339,70.71,35.63,33.67,270.4,166.5,2.126493256984656,1.2830159057192945,0.8907390115249805,1.0,1.0
2025,2,0.0,2025_02_JAX_CIN,Jacksonville Jaguars,Brian Thomas Jr.,WR,00-0039893,1.0,0.0,0.0,0.0,0.0,0.0,0.0,0.0,6.2,3.42,35.7,0.34,0.2902,70.71,35.63,33.67,270.4,166.5,2.126493256984656,1.2830159057192945,0.8907390115249805,1.0,1.0
2025,2,0.0,2025_02_JAX_CIN,Jacksonville Jaguars,Dyami Brown,WR,00-0036626,1.0,0.0,0.0,0.0,0.0,0.0,0.0,0.0,3.46,1.96,20.8,0.2,0.178,70.71,35.63,33.67,270.4,166.5,2.126493256984656,1.2830159057192945,0.8907390115249805,1.0,1.0
2025,2,0.0,2025_02_JAX_CIN,Jacksonville Jaguars,Cam Camper,WR,00-0040324,1.0,0.0,0.0,0.0,0.0,0.0,0.0,0.0,0.0,0.0,0.0,0.0,0.0,70.71,35.63,33.67,270.4,166.5,2.126493256984656,1.2830159057192945,0.8907390115249805,0.0,0.0
2025,2,0.0,2025_02_JAX_CIN,Jacksonville Jaguars,Parker Washington,WR,00-0038606,1.0,0.0,0.0,0.0,0.0,0.0,0.0,0.0,0.0,0.0,0.0,0.0,0.0,70.71,35.63,33.67,270.4,166.5,2.126493256984656,1.2830159057192945,0.8907390115249805,1.0,1.0
2025,2,0.0,2025_02_JAX_CIN,Jacksonville Jaguars,Tim Patrick,WR,00-0033375,1.0,0.0,0.0,0.0,0.0,0.0,0.0,0.0,0.0,0.0,0.0,0.0,0.0,70.71,35.63,33.67,270.4,166.5,2.126493256984656,1.2830159057192945,0.8907390115249805,1.0,1.0
2025,2,0.0,2025_02_LAC_LV,Las Vegas Raiders,Geno Smith,QB,00-0030565,1.0,42.95,236.8,1.75,0.89,3.57,10.7,0.14,0.0,0.0,0.0,0.0,0.1321,72.0,41.72,27.15,249.3,105.7,2.2701545827288867,0.7940016202183653,1.0428814509940707,1.0,1.0
2025,2,0.0,2025_02_LAC_LV,Las Vegas Raiders,Ashton Jeanty,RB,00-0040122,1.0,0.0,0.0,0.0,0.0,18.63,59.7,0.49,4.73,3.57,20.1,0.26,0.5286,72.0,41.72,27.15,249.3,105.7,2.2701545827288867,0.7940016202183653,1.0428814509940707,1.0,1.0
2025,2,0.0,2025_02_LAC_LV,Las Vegas Raiders,Zamir White,RB,00-0038040,1.0,0.0,0.0,0.0,0.0,4.95,16.0,0.18,2.13,1.67,10.0,0.11,0.2513,72.0,41.72,27.15,249.3,105.7,2.2701545827288867,0.7940016202183653,1.0428814509940707,1.0,1.0
2025,2,0.0,2025_02_LAC_LV,Las Vegas Raiders,Dylan Laube,RB,00-0039407,1.0,0.0,0.0,0.0,0.0,0.0,0.0,0.0,0.0,0.0,0.0,0.0,0.0,72.0,41.72,27.15,249.3,105.7,2.2701545827288867,0.7940016202183653,1.0428814509940707,1.0,1.0
2025,2,0.0,2025_02_LAC_LV,Las Vegas Raiders,Brock Bowers,TE,00-0039338,1.0,0.0,0.0,0.0,0.0,0.0,0.0,0.0,8.85,7.24,45.9,0.44,0.3559,72.0,41.72,27.15,249.3,105.7,2.2701545827288867,0.7940016202183653,1.0428814509940707,1.0,1.0
2025,2,0.0,2025_02_LAC_LV,Las Vegas Raiders,Michael Mayer,TE,00-0039066,1.0,0.0,0.0,0.0,0.0,0.0,0.0,0.0,5.57,4.34,28.5,0.28,0.2467,72.0,41.72,27.15,249.3,105.7,2.2701545827288867,0.7940016202183653,1.0428814509940707,1.0,1.0
2025,2,0.0,2025_02_LAC_LV,Las Vegas Raiders,Ian Thomas,TE,00-0034365,1.0,0.0,0.0,0.0,0.0,0.0,0.0,0.0,0.0,0.0,0.0,0.0,0.0,72.0,41.72,27.15,249.3,105.7,2.2701545827288867,0.7940016202183653,1.0428814509940707,1.0,1.0
2025,2,0.0,2025_02_LAC_LV,Las Vegas Raiders,Jakobi Meyers,WR,None,1.0,0.0,0.0,0.0,0.0,0.0,0.0,0.0,7.61,4.74,71.6,0.41,0.3392,72.0,41.72,27.15,249.3,105.7,2.2701545827288867,0.7940016202183653,1.0428814509940707,0.0,1.0
2025,2,0.0,2025_02_LAC_LV,Las Vegas Raiders,Dont'e Thornton Jr.,WR,00-0040581,1.0,0.0,0.0,0.0,0.0,0.0,0.0,0.0,5.87,2.86,39.2,0.3,0.26,72.0,41.72,27.15,249.3,105.7,2.2701545827288867,0.7940016202183653,1.0428814509940707,1.0,1.0
2025,2,0.0,2025_02_LAC_LV,Las Vegas Raiders,Tre Tucker,WR,00-0038563,1.0,0.0,0.0,0.0,0.0,0.0,0.0,0.0,5.83,3.2,26.0,0.29,0.2516,72.0,41.72,27.15,249.3,105.7,2.2701545827288867,0.7940016202183653,1.0428814509940707,1.0,1.0
2025,2,0.0,2025_02_LAC_LV,Las Vegas Raiders,Alex Bachman,WR,00-0035602,1.0,0.0,0.0,0.0,0.0,0.0,0.0,0.0,0.56,0.36,4.3,0.03,0.0299,72.0,41.72,27.15,249.3,105.7,2.2701545827288867,0.7940016202183653,1.0428814509940707,1.0,1.0
2025,2,0.0,2025_02_LAC_LV,Las Vegas Raiders,Jack Bech,WR,00-0040729,1.0,0.0,0.0,0.0,0.0,0.0,0.0,0.0,0.56,0.36,3.5,0.03,0.0293,72.0,41.72,27.15,249.3,105.7,2.2701545827288867,0.7940016202183653,1.0428814509940707,1.0,1.0
2025,2,0.0,2025_02_LAC_LV,Las Vegas Raiders,Amari Cooper,WR,00-0031544,1.0,0.0,0.0,0.0,0.0,0.0,0.0,0.0,0.0,0.0,0.0,0.0,0.0,72.0,41.72,27.15,249.3,105.7,2.2701545827288867,0.7940016202183653,1.0428814509940707,1.0,1.0
2025,2,0.0,2025_02_LAC_LV,Las Vegas Raiders,Brenden Rice,WR,00-0039415,1.0,0.0,0.0,0.0,0.0,0.0,0.0,0.0,0.0,0.0,0.0,0.0,0.0,72.0,41.72,27.15,249.3,105.7,2.2701545827288867,0.7940016202183653,1.0428814509940707,0.0,0.0
2025,2,0.0,2025_02_LAC_LV,Las Vegas Raiders,Justin Shorter,WR,00-0038590,1.0,0.0,0.0,0.0,0.0,0.0,0.0,0.0,0.0,0.0,0.0,0.0,0.0,72.0,41.72,27.15,249.3,105.7,2.2701545827288867,0.7940016202183653,1.0428814509940707,1.0,1.0
2025,2,0.0,2025_02_LAC_LV,Los Angeles Chargers,Justin Herbert,QB,00-0036355,1.0,45.56,295.8,2.6,0.99,4.58,16.9,0.17,0.0,0.0,0.0,0.0,0.155,72.0,46.43,22.06,352.4,109.1,3.6542596478436504,0.7462256481403635,1.1607593996704424,1.0,1.0
2025,2,0.0,2025_02_LAC_LV,Los Angeles Chargers,Trey Lance,QB,00-0037012,1.0,0.0,0.0,0.0,0.0,4.58,18.1,0.16,0.0,0.0,0.0,0.0,0.1485,72.0,46.43,22.06,352.4,109.1,3.6542596478436504,0.7462256481403635,1.1607593996704424,1.0,1.0
2025,2,0.0,2025_02_LAC_LV,Los Angeles Chargers,Omarion Hampton,RB,00-0040666,1.0,0.0,0.0,0.0,0.0,10.37,44.0,0.35,4.78,4.22,29.9,0.37,0.5101,72.0,46.43,22.06,352.4,109.1,3.6542596478436504,0.7462256481403635,1.1607593996704424,1.0,1.0
2025,2,0.0,2025_02_LAC_LV,Los Angeles Chargers,Najee Harris,RB,00-0036893,1.0,0.0,0.0,0.0,0.0,2.54,10.2,0.12,2.77,2.11,13.5,0.21,0.2845,72.0,46.43,22.06,352.4,109.1,3.6542596478436504,0.7462256481403635,1.1607593996704424,1.0,1.0
2025,2,0.0,2025_02_LAC_LV,Los Angeles Chargers,Hassan Haskins,RB,00-0037617,1.0,0.0,0.0,0.0,0.0,0.0,0.0,0.0,0.0,0.0,0.0,0.0,0.0,72.0,46.43,22.06,352.4,109.1,3.6542596478436504,0.7462256481403635,1.1607593996704424,1.0,1.0
2025,2,0.0,2025_02_LAC_LV,Los Angeles Chargers,Will Dissly,TE,00-0034159,1.0,0.0,0.0,0.0,0.0,0.0,0.0,0.0,6.23,5.3,37.8,0.44,0.3569,72.0,46.43,22.06,352.4,109.1,3.6542596478436504,0.7462256481403635,1.1607593996704424,1.0,1.0
2025,2,0.0,2025_02_LAC_LV,Los Angeles Chargers,Tyler Conklin,TE,00-0034270,1.0,0.0,0.0,0.0,0.0,0.0,0.0,0.0,4.38,3.24,25.0,0.3,0.2587,72.0,46.43,22.06,352.4,109.1,3.6542596478436504,0.7462256481403635,1.1607593996704424,1.0,1.0
2025,2,0.0,2025_02_LAC_LV,Los Angeles Chargers,Oronde Gadsden II,TE,00-0040189,1.0,0.0,0.0,0.0,0.0,0.0,0.0,0.0,0.0,0.0,0.0,0.0,0.0,72.0,46.43,22.06,352.4,109.1,3.6542596478436504,0.7462256481403635,1.1607593996704424,0.0,0.0
2025,2,0.0,2025_02_LAC_LV,Los Angeles Chargers,Stevo Klotz,TE,00-0040469,1.0,0.0,0.0,0.0,0.0,0.0,0.0,0.0,0.0,0.0,0.0,0.0,0.0,72.0,46.43,22.06,352.4,109.1,3.6542596478436504,0.7462256481403635,1.1607593996704424,0.0,0.0
2025,2,0.0,2025_02_LAC_LV,Los Angeles Chargers,Tanner McLachlan,TE,00-0039399,1.0,0.0,0.0,0.0,0.0,0.0,0.0,0.0,0.0,0.0,0.0,0.0,0.0,72.0,46.43,22.06,352.4,109.1,3.6542596478436504,0.7462256481403635,1.1607593996704424,0.0,0.0
2025,2,0.0,2025_02_LAC_LV,Los Angeles Chargers,Keenan Allen,WR,00-0030279,1.0,0.0,0.0,0.0,0.0,0.0,0.0,0.0,9.97,6.29,59.1,0.74,0.5244,72.0,46.43,22.06,352.4,109.1,3.6542596478436504,0.7462256481403635,1.1607593996704424,1.0,1.0
2025,2,0.0,2025_02_LAC_LV,Los Angeles Chargers,Ladd McConkey,WR,00-0039915,1.0,0.0,0.0,0.0,0.0,0.0,0.0,0.0,9.75,6.27,58.6,0.71,0.5065,72.0,46.43,22.06,352.4,109.1,3.6542596478436504,0.7462256481403635,1.1607593996704424,1.0,1.0
2025,2,0.0,2025_02_LAC_LV,Los Angeles Chargers,Quentin Johnston,WR,00-0038544,1.0,0.0,0.0,0.0,0.0,0.0,0.0,0.0,7.5,4.01,41.4,0.56,0.4283,72.0,46.43,22.06,352.4,109.1,3.6542596478436504,0.7462256481403635,1.1607593996704424,1.0,1.0
2025,2,0.0,2025_02_LAC_LV,Los Angeles Chargers,KeAndre Lambert-Smith,WR,00-0040184,1.0,0.0,0.0,0.0,0.0,0.0,0.0,0.0,0.49,0.26,4.2,0.04,0.0372,72.0,46.43,22.06,352.4,109.1,3.6542596478436504,0.7462256481403635,1.1607593996704424,1.0,1.0
2025,2,0.0,2025_02_LAC_LV,Los Angeles Chargers,Tre Harris,WR,00-0040727,1.0,0.0,0.0,0.0,0.0,0.0,0.0,0.0,0.49,0.33,3.5,0.04,0.036,72.0,46.43,22.06,352.4,109.1,3.6542596478436504,0.7462256481403635,1.1607593996704424,1.0,1.0
2025,2,0.0,2025_02_LAC_LV,Los Angeles Chargers,Dalevon Campbell,WR,00-0040629,1.0,0.0,0.0,0.0,0.0,0.0,0.0,0.0,0.0,0.0,0.0,0.0,0.0,72.0,46.43,22.06,352.4,109.1,3.6542596478436504,0.7462256481403635,1.1607593996704424,0.0,0.0
2025,2,0.0,2025_02_LAC_LV,Los Angeles Chargers,Derius Davis,WR,00-0038573,1.0,0.0,0.0,0.0,0.0,0.0,0.0,0.0,0.0,0.0,0.0,0.0,0.0,72.0,46.43,22.06,352.4,109.1,3.6542596478436504,0.7462256481403635,1.1607593996704424,1.0,1.0
2025,2,0.0,2025_02_LA_TEN,Los Angeles Rams,Jimmy Garoppolo,QB,00-0031345,1.0,0.0,0.0,0.0,0.0,3.86,14.5,0.14,0.0,0.0,0.0,0.0,0.1312,72.0,39.64,29.79,280.6,137.4,2.532920916152097,0.8880987428269398,0.9911216078588613,1.0,1.0
2025,2,0.0,2025_02_LA_TEN,Los Angeles Rams,Matthew Stafford,QB,00-0026498,1.0,41.29,258.0,1.81,0.84,3.86,14.5,0.14,0.0,0.0,0.0,0.0,0.1288,72.0,39.64,29.79,280.6,137.4,2.532920916152097,0.8880987428269398,0.9911216078588613,1.0,1.0
2025,2,0.0,2025_02_LA_TEN,Los Angeles Rams,Kyren Williams,RB,00-0037840,1.0,0.0,0.0,0.0,0.0,18.13,67.8,0.5,4.2,3.21,20.9,0.29,0.548,72.0,39.64,29.79,280.6,137.4,2.532920916152097,0.8880987428269398,0.9911216078588613,1.0,1.0
2025,2,0.0,2025_02_LA_TEN,Los Angeles Rams,Blake Corum,RB,00-0039738,1.0,0.0,0.0,0.0,0.0,3.95,14.8,0.17,2.41,1.78,13.5,0.15,0.2744,72.0,39.64,29.79,280.6,137.4,2.532920916152097,0.8880987428269398,0.9911216078588613,1.0,1.0
2025,2,0.0,2025_02_LA_TEN,Los Angeles Rams,Jarquez Hunter,RB,00-0040692,1.0,0.0,0.0,0.0,0.0,0.0,0.0,0.0,0.0,0.0,0.0,0.0,0.0,72.0,39.64,29.79,280.6,137.4,2.532920916152097,0.8880987428269398,0.9911216078588613,1.0,1.0
2025,2,0.0,2025_02_LA_TEN,Los Angeles Rams,Tyler Higbee,TE,00-0033110,1.0,0.0,0.0,0.0,0.0,0.0,0.0,0.0,7.55,5.78,41.0,0.45,0.362,72.0,39.64,29.79,280.6,137.4,2.532920916152097,0.8880987428269398,0.9911216078588613,1.0,1.0
2025,2,0.0,2025_02_LA_TEN,Los Angeles Rams,Davis Allen,TE,00-0039074,1.0,0.0,0.0,0.0,0.0,0.0,0.0,0.0,3.16,2.29,17.9,0.2,0.1833,72.0,39.64,29.79,280.6,137.4,2.532920916152097,0.8880987428269398,0.9911216078588613,1.0,1.0
2025,2,0.0,2025_02_LA_TEN,Los Angeles Rams,Terrance Ferguson,TE,00-0040737,1.0,0.0,0.0,0.0,0.0,0.0,0.0,0.0,0.0,0.0,0.0,0.0,0.0,72.0,39.64,29.79,280.6,137.4,2.532920916152097,0.8880987428269398,0.9911216078588613,1.0,1.0
2025,2,0.0,2025_02_LA_TEN,Los Angeles Rams,Puka Nacua,WR,00-0039075,1.0,0.0,0.0,0.0,0.0,0.0,0.0,0.0,10.11,6.83,54.6,0.6,0.4486,72.0,39.64,29.79,280.6,137.4,2.532920916152097,0.8880987428269398,0.9911216078588613,1.0,1.0
2025,2,0.0,2025_02_LA_TEN,Los Angeles Rams,Davante Adams,WR,00-0031381,1.0,0.0,0.0,0.0,0.0,0.0,0.0,0.0,6.82,3.6,33.9,0.43,0.3477,72.0,39.64,29.79,280.6,137.4,2.532920916152097,0.8880987428269398,0.9911216078588613,1.0,1.0
2025,2,0.0,2025_02_LA_TEN,Los Angeles Rams,Tutu Atwell,WR,00-0036849,1.0,0.0,0.0,0.0,0.0,0.0,0.0,0.0,2.19,1.25,11.6,0.13,0.1176,72.0,39.64,29.79,280.6,137.4,2.532920916152097,0.8880987428269398,0.9911216078588613,1.0,1.0
2025,2,0.0,2025_02_LA_TEN,Los Angeles Rams,Xavier Smith,WR,00-0038359,1.0,0.0,0.0,0.0,0.0,0.0,0.0,0.0,0.42,0.28,3.0,0.03,0.0257,72.0,39.64,29.79,280.6,137.4,2.532920916152097,0.8880987428269398,0.9911216078588613,1.0,1.0
2025,2,0.0,2025_02_LA_TEN,Los Angeles Rams,Drake Stoops,WR,00-0039773,1.0,0.0,0.0,0.0,0.0,0.0,0.0,0.0,0.0,0.0,0.0,0.0,0.0,72.0,39.64,29.79,280.6,137.4,2.532920916152097,0.8880987428269398,0.9911216078588613,0.0,0.0
2025,2,0.0,2025_02_LA_TEN,Los Angeles Rams,Jordan Whittington,WR,00-0039751,1.0,0.0,0.0,0.0,0.0,0.0,0.0,0.0,0.0,0.0,0.0,0.0,0.0,72.0,39.64,29.79,280.6,137.4,2.532920916152097,0.8880987428269398,0.9911216078588613,1.0,1.0
2025,2,0.0,2025_02_LA_TEN,Los Angeles Rams,Konata Mumpfield,WR,00-0040590,1.0,0.0,0.0,0.0,0.0,0.0,0.0,0.0,0.0,0.0,0.0,0.0,0.0,72.0,39.64,29.79,280.6,137.4,2.532920916152097,0.8880987428269398,0.9911216078588613,1.0,1.0
2025,2,0.0,2025_02_LA_TEN,Tennessee Titans,Cam Ward,QB,00-0040676,1.0,43.88,217.2,1.6,0.86,0.72,2.2,0.02,0.0,0.0,0.0,0.0,0.022,72.0,40.7,26.53,228.3,97.0,1.9049429186376907,0.5777763526793509,1.0174603095975232,1.0,1.0
2025,2,0.0,2025_02_LA_TEN,Tennessee Titans,Tony Pollard,RB,00-0035261,1.0,0.0,0.0,0.0,0.0,20.96,63.5,0.42,4.02,2.95,14.7,0.19,0.4563,72.0,40.7,26.53,228.3,97.0,1.9049429186376907,0.5777763526793509,1.0174603095975232,1.0,1.0
2025,2,0.0,2025_02_LA_TEN,Tennessee Titans,Julius Chestnut,RB,00-0037594,1.0,0.0,0.0,0.0,0.0,4.85,16.2,0.16,2.0,1.43,9.7,0.09,0.2205,72.0,40.7,26.53,228.3,97.0,1.9049429186376907,0.5777763526793509,1.0174603095975232,1.0,1.0
2025,2,0.0,2025_02_LA_TEN,Tennessee Titans,Jordan Mims,RB,00-0038678,1.0,0.0,0.0,0.0,0.0,0.0,0.0,0.0,0.0,0.0,0.0,0.0,0.0,72.0,40.7,26.53,228.3,97.0,1.9049429186376907,0.5777763526793509,1.0174603095975232,1.0,1.0
2025,2,0.0,2025_02_LA_TEN,Tennessee Titans,Chig Okonkwo,TE,00-0037809,1.0,0.0,0.0,0.0,0.0,0.0,0.0,0.0,8.91,7.06,35.8,0.36,0.3024,72.0,40.7,26.53,228.3,97.0,1.9049429186376907,0.5777763526793509,1.0174603095975232,1.0,1.0
2025,2,0.0,2025_02_LA_TEN,Tennessee Titans,Gunnar Helm,TE,00-0040584,1.0,0.0,0.0,0.0,0.0,0.0,0.0,0.0,4.66,4.09,22.6,0.21,0.1877,72.0,40.7,26.53,228.3,97.0,1.9049429186376907,0.5777763526793509,1.0174603095975232,1.0,1.0
2025,2,0.0,2025_02_LA_TEN,Tennessee Titans,Cole Turner,TE,00-0037078,1.0,0.0,0.0,0.0,0.0,0.0,0.0,0.0,0.0,0.0,0.0,0.0,0.0,72.0,40.7,26.53,228.3,97.0,1.9049429186376907,0.5777763526793509,1.0174603095975232,0.0,0.0
2025,2,0.0,2025_02_LA_TEN,Tennessee Titans,David Martin-Robinson,TE,00-0039648,1.0,0.0,0.0,0.0,0.0,0.0,0.0,0.0,0.0,0.0,0.0,0.0,0.0,72.0,40.7,26.53,228.3,97.0,1.9049429186376907,0.5777763526793509,1.0174603095975232,1.0,1.0
2025,2,0.0,2025_02_LA_TEN,Tennessee Titans,Calvin Ridley,WR,00-0034837,1.0,0.0,0.0,0.0,0.0,0.0,0.0,0.0,10.28,5.05,46.4,0.45,0.3629,72.0,40.7,26.53,228.3,97.0,1.9049429186376907,0.5777763526793509,1.0174603095975232,1.0,1.0
2025,2,0.0,2025_02_LA_TEN,Tennessee Titans,Elic Ayomanor,WR,00-0040170,1.0,0.0,0.0,0.0,0.0,0.0,0.0,0.0,7.74,3.62,38.8,0.34,0.2868,72.0,40.7,26.53,228.3,97.0,1.9049429186376907,0.5777763526793509,1.0174603095975232,1.0,1.0
2025,2,0.0,2025_02_LA_TEN,Tennessee Titans,Tyler Lockett,WR,None,1.0,0.0,0.0,0.0,0.0,0.0,0.0,0.0,0.73,0.45,6.4,0.03,0.0338,72.0,40.7,26.53,228.3,97.0,1.9049429186376907,0.5777763526793509,1.0174603095975232,0.0,1.0
2025,2,0.0,2025_02_LA_TEN,Tennessee Titans,Bryce Oliver,WR,00-0039650,1.0,0.0,0.0,0.0,0.0,0.0,0.0,0.0,0.54,0.36,3.8,0.02,0.0246,72.0,40.7,26.53,228.3,97.0,1.9049429186376907,0.5777763526793509,1.0174603095975232,1.0,1.0
2025,2,0.0,2025_02_LA_TEN,Tennessee Titans,Chimere Dike,WR,00-0040705,1.0,0.0,0.0,0.0,0.0,0.0,0.0,0.0,0.54,0.33,2.7,0.02,0.0246,72.0,40.7,26.53,228.3,97.0,1.9049429186376907,0.5777763526793509,1.0174603095975232,1.0,1.0
2025,2,0.0,2025_02_LA_TEN,Tennessee Titans,Van Jefferson,WR,00-0036415,1.0,0.0,0.0,0.0,0.0,0.0,0.0,0.0,0.0,0.0,0.0,0.0,0.0,72.0,40.7,26.53,228.3,97.0,1.9049429186376907,0.5777763526793509,1.0174603095975232,1.0,1.0
2025,2,0.0,2025_02_NE_MIA,Miami Dolphins,Alec Ingold,FB,00-0035125,1.0,0.0,0.0,0.0,0.0,0.0,0.0,0.0,0.0,0.0,0.0,0.0,0.0,55.0,35.36,16.5,198.4,60.3,4.195834064034389,0.5914711212182553,0.8840531009957326,1.0,1.0
2025,2,0.0,2025_02_NE_MIA,Miami Dolphins,Tua Tagovailoa,QB,00-0036212,1.0,38.51,211.0,3.07,0.75,1.29,3.7,0.05,0.0,0.0,0.0,0.0,0.0531,55.0,35.36,16.5,198.4,60.3,4.195834064034389,0.5914711212182553,0.8840531009957326,1.0,1.0
2025,2,0.0,2025_02_NE_MIA,Miami Dolphins,De'Von Achane,RB,00-0039040,1.0,0.0,0.0,0.0,0.0,11.18,33.7,0.41,4.73,3.87,18.2,0.57,0.6275,55.0,35.36,16.5,198.4,60.3,4.195834064034389,0.5914711212182553,0.8840531009957326,1.0,1.0
2025,2,0.0,2025_02_NE_MIA,Miami Dolphins,Ollie Gordon II,RB,00-0040198,1.0,0.0,0.0,0.0,0.0,4.03,12.8,0.16,2.14,1.7,10.8,0.26,0.3381,55.0,35.36,16.5,198.4,60.3,4.195834064034389,0.5914711212182553,0.8840531009957326,1.0,1.0
2025,2,0.0,2025_02_NE_MIA,Miami Dolphins,Jeff Wilson,RB,00-0034115,1.0,0.0,0.0,0.0,0.0,0.0,0.0,0.0,0.0,0.0,0.0,0.0,0.0,55.0,35.36,16.5,198.4,60.3,4.195834064034389,0.5914711212182553,0.8840531009957326,1.0,1.0
2025,2,0.0,2025_02_NE_MIA,Miami Dolphins,Julian Hill,TE,00-0038720,1.0,0.0,0.0,0.0,0.0,0.0,0.0,0.0,5.46,3.97,28.2,0.64,0.4733,55.0,35.36,16.5,198.4,60.3,4.195834064034389,0.5914711212182553,0.8840531009957326,1.0,1.0
2025,2,0.0,2025_02_NE_MIA,Miami Dolphins,Tanner Conner,TE,None,1.0,0.0,0.0,0.0,0.0,0.0,0.0,0.0,2.88,2.12,22.7,0.34,0.2896,55.0,35.36,16.5,198.4,60.3,4.195834064034389,0.5914711212182553,0.8840531009957326,0.0,1.0
2025,2,0.0,2025_02_NE_MIA,Miami Dolphins,Chris Myarick,TE,00-0035345,1.0,0.0,0.0,0.0,0.0,0.0,0.0,0.0,0.0,0.0,0.0,0.0,0.0,55.0,35.36,16.5,198.4,60.3,4.195834064034389,0.5914711212182553,0.8840531009957326,0.0,0.0
2025,2,0.0,2025_02_NE_MIA,Miami Dolphins,Tyreek Hill,WR,00-0033040,1.0,0.0,0.0,0.0,0.0,0.0,0.0,0.0,7.96,5.03,36.1,0.87,0.5821,55.0,35.36,16.5,198.4,60.3,4.195834064034389,0.5914711212182553,0.8840531009957326,1.0,1.0
2025,2,0.0,2025_02_NE_MIA,Miami Dolphins,Jaylen Waddle,WR,00-0036613,1.0,0.0,0.0,0.0,0.0,0.0,0.0,0.0,5.87,3.54,25.6,0.63,0.4701,55.0,35.36,16.5,198.4,60.3,4.195834064034389,0.5914711212182553,0.8840531009957326,1.0,1.0
2025,2,0.0,2025_02_NE_MIA,Miami Dolphins,Malik Washington,WR,00-0039880,1.0,0.0,0.0,0.0,0.0,0.0,0.0,0.0,4.58,3.08,23.1,0.52,0.4064,55.0,35.36,16.5,198.4,60.3,4.195834064034389,0.5914711212182553,0.8840531009957326,1.0,1.0
2025,2,0.0,2025_02_NE_MIA,Miami Dolphins,Nick Westbrook-Ikhine,WR,00-0036182,1.0,0.0,0.0,0.0,0.0,0.0,0.0,0.0,0.9,0.45,3.9,0.1,0.0963,55.0,35.36,16.5,198.4,60.3,4.195834064034389,0.5914711212182553,0.8840531009957326,1.0,1.0
2025,2,0.0,2025_02_NE_MIA,Miami Dolphins,Dee Eskridge,WR,00-0036620,1.0,0.0,0.0,0.0,0.0,0.0,0.0,0.0,0.86,0.5,5.3,0.1,0.093,55.0,35.36,16.5,198.4,60.3,4.195834064034389,0.5914711212182553,0.8840531009957326,1.0,1.0
2025,2,0.0,2025_02_NE_MIA,Miami Dolphins,Cedrick Wilson Jr.,WR,00-0034418,1.0,0.0,0.0,0.0,0.0,0.0,0.0,0.0,0.0,0.0,0.0,0.0,0.0,55.0,35.36,16.5,198.4,60.3,4.195834064034389,0.5914711212182553,0.8840531009957326,0.0,0.0
2025,2,0.0,2025_02_NE_MIA,New England Patriots,Joshua Dobbs,QB,00-0033949,1.0,0.0,0.0,0.0,0.0,4.02,11.1,0.06,0.0,0.0,0.0,0.0,0.0626,72.0,47.51,21.6,266.5,78.9,1.7498618755599071,0.3042132849110677,1.1877611526586622,1.0,1.0
2025,2,0.0,2025_02_NE_MIA,New England Patriots,Drake Maye,QB,00-0039851,1.0,44.18,224.4,1.38,1.01,4.02,11.2,0.06,0.0,0.0,0.0,0.0,0.0623,72.0,47.51,21.6,266.5,78.9,1.7498618755599071,0.3042132849110677,1.1877611526586622,1.0,1.0
2025,2,0.0,2025_02_NE_MIA,New England Patriots,Rhamondre Stevenson,RB,00-0036875,1.0,0.0,0.0,0.0,0.0,8.31,25.1,0.14,4.91,3.78,20.2,0.18,0.2779,72.0,47.51,21.6,266.5,78.9,1.7498618755599071,0.3042132849110677,1.1877611526586622,1.0,1.0
2025,2,0.0,2025_02_NE_MIA,New England Patriots,TreVeyon Henderson,RB,00-0040734,1.0,0.0,0.0,0.0,0.0,4.79,15.0,0.05,4.86,4.03,22.7,0.18,0.2037,72.0,47.51,21.6,266.5,78.9,1.7498618755599071,0.3042132849110677,1.1877611526586622,1.0,1.0
2025,2,0.0,2025_02_NE_MIA,New England Patriots,Antonio Gibson,RB,00-0036328,1.0,0.0,0.0,0.0,0.0,0.47,1.4,0.0,0.54,0.42,2.3,0.02,0.0191,72.0,47.51,21.6,266.5,78.9,1.7498618755599071,0.3042132849110677,1.1877611526586622,1.0,1.0
2025,2,0.0,2025_02_NE_MIA,New England Patriots,Hunter Henry,TE,00-0033090,1.0,0.0,0.0,0.0,0.0,0.0,0.0,0.0,10.45,8.14,47.5,0.36,0.3025,72.0,47.51,21.6,266.5,78.9,1.7498618755599071,0.3042132849110677,1.1877611526586622,1.0,1.0
2025,2,0.0,2025_02_NE_MIA,New England Patriots,Austin Hooper,TE,00-0032392,1.0,0.0,0.0,0.0,0.0,0.0,0.0,0.0,3.67,2.91,16.3,0.12,0.117,72.0,47.51,21.6,266.5,78.9,1.7498618755599071,0.3042132849110677,1.1877611526586622,1.0,1.0
2025,2,0.0,2025_02_NE_MIA,New England Patriots,Cole Fotheringham,TE,00-0037506,1.0,0.0,0.0,0.0,0.0,0.0,0.0,0.0,0.07,0.05,0.5,0.0,0.0025,72.0,47.51,21.6,266.5,78.9,1.7498618755599071,0.3042132849110677,1.1877611526586622,0.0,0.0
2025,2,0.0,2025_02_NE_MIA,New England Patriots,Kayshon Boutte,WR,00-0038608,1.0,0.0,0.0,0.0,0.0,0.0,0.0,0.0,8.85,5.16,45.2,0.3,0.2598,72.0,47.51,21.6,266.5,78.9,1.7498618755599071,0.3042132849110677,1.1877611526586622,1.0,1.0
2025,2,0.0,2025_02_NE_MIA,New England Patriots,Stefon Diggs,WR,00-0031588,1.0,0.0,0.0,0.0,0.0,0.0,0.0,0.0,7.27,4.94,31.9,0.25,0.2194,72.0,47.51,21.6,266.5,78.9,1.7498618755599071,0.3042132849110677,1.1877611526586622,1.0,1.0
2025,2,0.0,2025_02_NE_MIA,New England Patriots,Mack Hollins,WR,00-0033555,1.0,0.0,0.0,0.0,0.0,0.0,0.0,0.0,3.34,1.99,14.4,0.11,0.1077,72.0,47.51,21.6,266.5,78.9,1.7498618755599071,0.3042132849110677,1.1877611526586622,1.0,1.0
2025,2,0.0,2025_02_NE_MIA,New England Patriots,DeMario Douglas,WR,00-0038621,1.0,0.0,0.0,0.0,0.0,0.0,0.0,0.0,2.81,1.77,12.6,0.09,0.09,72.0,47.51,21.6,266.5,78.9,1.7498618755599071,0.3042132849110677,1.1877611526586622,1.0,1.0
2025,2,0.0,2025_02_NE_MIA,New England Patriots,Kyle Williams,WR,00-0040131,1.0,0.0,0.0,0.0,0.0,0.0,0.0,0.0,0.47,0.26,3.0,0.02,0.0164,72.0,47.51,21.6,266.5,78.9,1.7498618755599071,0.3042132849110677,1.1877611526586622,1.0,1.0
2025,2,0.0,2025_02_NE_MIA,New England Patriots,Brandon Smith,WR,00-0036775,1.0,0.0,0.0,0.0,0.0,0.0,0.0,0.0,0.1,0.06,0.9,0.0,0.0038,72.0,47.51,21.6,266.5,78.9,1.7498618755599071,0.3042132849110677,1.1877611526586622,0.0,0.0
2025,2,0.0,2025_02_NYG_DAL,Dallas Cowboys,Dak Prescott,QB,00-0033077,1.0,45.64,295.0,2.38,0.94,1.52,5.4,0.08,0.0,0.0,0.0,0.0,0.0814,71.78,44.33,25.12,334.2,123.4,3.4057207115703685,0.9699547824437547,1.1082302482546496,1.0,1.0
2025,2,0.0,2025_02_NYG_DAL,Dallas Cowboys,Joe Milton III,QB,00-0039398,1.0,0.0,0.0,0.0,0.0,1.52,6.3,0.08,0.0,0.0,0.0,0.0,0.0727,71.78,44.33,25.12,334.2,123.4,3.4057207115703685,0.9699547824437547,1.1082302482546496,1.0,1.0
2025,2,0.0,2025_02_NYG_DAL,Dallas Cowboys,Javonte Williams,RB,00-0036997,1.0,0.0,0.0,0.0,0.0,16.49,65.1,0.65,5.16,3.86,28.5,0.4,0.6522,71.78,44.33,25.12,334.2,123.4,3.4057207115703685,0.9699547824437547,1.1082302482546496,1.0,1.0
2025,2,0.0,2025_02_NYG_DAL,Dallas Cowboys,Miles Sanders,RB,00-0035243,1.0,0.0,0.0,0.0,0.0,5.59,21.9,0.23,2.63,1.93,14.5,0.2,0.3431,71.78,44.33,25.12,334.2,123.4,3.4057207115703685,0.9699547824437547,1.1082302482546496,1.0,1.0
2025,2,0.0,2025_02_NYG_DAL,Dallas Cowboys,Jake Ferguson,TE,00-0038041,1.0,0.0,0.0,0.0,0.0,0.0,0.0,0.0,8.77,7.38,47.7,0.65,0.4755,71.78,44.33,25.12,334.2,123.4,3.4057207115703685,0.9699547824437547,1.1082302482546496,1.0,1.0
2025,2,0.0,2025_02_NYG_DAL,Dallas Cowboys,Luke Schoonmaker,TE,00-0038547,1.0,0.0,0.0,0.0,0.0,0.0,0.0,0.0,3.08,2.24,18.2,0.22,0.1955,71.78,44.33,25.12,334.2,123.4,3.4057207115703685,0.9699547824437547,1.1082302482546496,1.0,1.0
2025,2,0.0,2025_02_NYG_DAL,Dallas Cowboys,Brevyn Spann-Ford,TE,00-0039530,1.0,0.0,0.0,0.0,0.0,0.0,0.0,0.0,0.6,0.45,4.3,0.04,0.0434,71.78,44.33,25.12,334.2,123.4,3.4057207115703685,0.9699547824437547,1.1082302482546496,1.0,1.0
2025,2,0.0,2025_02_NYG_DAL,Dallas Cowboys,CeeDee Lamb,WR,00-0036358,1.0,0.0,0.0,0.0,0.0,0.0,0.0,0.0,12.87,7.88,76.5,0.93,0.6074,71.78,44.33,25.12,334.2,123.4,3.4057207115703685,0.9699547824437547,1.1082302482546496,1.0,1.0
2025,2,0.0,2025_02_NYG_DAL,Dallas Cowboys,George Pickens,WR,00-0037247,1.0,0.0,0.0,0.0,0.0,0.0,0.0,0.0,5.41,2.96,30.1,0.39,0.323,71.78,44.33,25.12,334.2,123.4,3.4057207115703685,0.9699547824437547,1.1082302482546496,1.0,1.0
2025,2,0.0,2025_02_NYG_DAL,Dallas Cowboys,Jalen Tolbert,WR,00-0037666,1.0,0.0,0.0,0.0,0.0,0.0,0.0,0.0,3.3,1.85,20.3,0.24,0.2164,71.78,44.33,25.12,334.2,123.4,3.4057207115703685,0.9699547824437547,1.1082302482546496,1.0,1.0
2025,2,0.0,2025_02_NYG_DAL,Dallas Cowboys,KaVontae Turpin,WR,00-0037801,1.0,0.0,0.0,0.0,0.0,0.0,0.0,0.0,0.91,0.54,5.7,0.07,0.0656,71.78,44.33,25.12,334.2,123.4,3.4057207115703685,0.9699547824437547,1.1082302482546496,1.0,1.0
2025,2,0.0,2025_02_NYG_DAL,Dallas Cowboys,Ryan Flournoy,WR,00-0039410,1.0,0.0,0.0,0.0,0.0,0.0,0.0,0.0,0.0,0.0,0.0,0.0,0.0,71.78,44.33,25.12,334.2,123.4,3.4057207115703685,0.9699547824437547,1.1082302482546496,1.0,1.0
2025,2,0.0,2025_02_NYG_DAL,New York Giants,Jaxson Dart,QB,00-0040691,1.0,0.0,0.0,0.0,0.0,4.99,14.4,0.06,0.0,0.0,0.0,0.0,0.0577,72.0,47.98,21.6,269.2,78.9,1.9291590913033356,0.23252165993785723,1.1994894545454546,1.0,1.0
2025,2,0.0,2025_02_NYG_DAL,New York Giants,Russell Wilson,QB,00-0029263,1.0,46.18,238.2,1.76,1.02,4.99,13.6,0.06,0.0,0.0,0.0,0.0,0.056,72.0,47.98,21.6,269.2,78.9,1.9291590913033356,0.23252165993785723,1.1994894545454546,1.0,1.0
2025,2,0.0,2025_02_NYG_DAL,New York Giants,Cam Skattebo,RB,00-0040715,1.0,0.0,0.0,0.0,0.0,3.79,12.0,0.09,4.96,3.81,23.3,0.2,0.2551,72.0,47.98,21.6,269.2,78.9,1.9291590913033356,0.23252165993785723,1.1994894545454546,1.0,1.0
2025,2,0.0,2025_02_NYG_DAL,New York Giants,Tyrone Tracy Jr.,RB,00-0039384,1.0,0.0,0.0,0.0,0.0,6.81,20.1,0.05,5.48,4.0,21.5,0.22,0.2313,72.0,47.98,21.6,269.2,78.9,1.9291590913033356,0.23252165993785723,1.1994894545454546,1.0,1.0
2025,2,0.0,2025_02_NYG_DAL,New York Giants,Devin Singletary,RB,00-0035250,1.0,0.0,0.0,0.0,0.0,1.0,3.0,0.0,0.0,0.0,0.0,0.0,0.0,72.0,47.98,21.6,269.2,78.9,1.9291590913033356,0.23252165993785723,1.1994894545454546,1.0,1.0
2025,2,0.0,2025_02_NYG_DAL,New York Giants,Theo Johnson,TE,00-0039847,1.0,0.0,0.0,0.0,0.0,0.0,0.0,0.0,9.05,6.18,38.1,0.33,0.2842,72.0,47.98,21.6,269.2,78.9,1.9291590913033356,0.23252165993785723,1.1994894545454546,1.0,1.0
2025,2,0.0,2025_02_NYG_DAL,New York Giants,Daniel Bellinger,TE,00-0038115,1.0,0.0,0.0,0.0,0.0,0.0,0.0,0.0,4.34,3.75,18.7,0.16,0.1493,72.0,47.98,21.6,269.2,78.9,1.9291590913033356,0.23252165993785723,1.1994894545454546,1.0,1.0
2025,2,0.0,2025_02_NYG_DAL,New York Giants,Chris Manhertz,TE,00-0031484,1.0,0.0,0.0,0.0,0.0,0.0,0.0,0.0,0.0,0.0,0.0,0.0,0.0,72.0,47.98,21.6,269.2,78.9,1.9291590913033356,0.23252165993785723,1.1994894545454546,1.0,1.0
2025,2,0.0,2025_02_NYG_DAL,New York Giants,Jermaine Terry,TE,00-0040457,1.0,0.0,0.0,0.0,0.0,0.0,0.0,0.0,0.0,0.0,0.0,0.0,0.0,72.0,47.98,21.6,269.2,78.9,1.9291590913033356,0.23252165993785723,1.1994894545454546,0.0,0.0
2025,2,0.0,2025_02_NYG_DAL,New York Giants,Malik Nabers,WR,00-0039337,1.0,0.0,0.0,0.0,0.0,0.0,0.0,0.0,12.81,7.28,63.2,0.48,0.3788,72.0,47.98,21.6,269.2,78.9,1.9291590913033356,0.23252165993785723,1.1994894545454546,1.0,1.0
2025,2,0.0,2025_02_NYG_DAL,New York Giants,Wan'Dale Robinson,WR,00-0038117,1.0,0.0,0.0,0.0,0.0,0.0,0.0,0.0,8.25,5.32,37.3,0.3,0.2591,72.0,47.98,21.6,269.2,78.9,1.9291590913033356,0.23252165993785723,1.1994894545454546,1.0,1.0
2025,2,0.0,2025_02_NYG_DAL,New York Giants,Darius Slayton,WR,00-0035535,1.0,0.0,0.0,0.0,0.0,0.0,0.0,0.0,2.91,1.6,12.5,0.1,0.0996,72.0,47.98,21.6,269.2,78.9,1.9291590913033356,0.23252165993785723,1.1994894545454546,1.0,1.0
2025,2,0.0,2025_02_NYG_DAL,New York Giants,Antwane Wells Jr.,WR,00-0040438,1.0,0.0,0.0,0.0,0.0,0.0,0.0,0.0,0.0,0.0,0.0,0.0,0.0,72.0,47.98,21.6,269.2,78.9,1.9291590913033356,0.23252165993785723,1.1994894545454546,0.0,0.0
2025,2,0.0,2025_02_NYG_DAL,New York Giants,Beaux Collins,WR,00-0040432,1.0,0.0,0.0,0.0,0.0,0.0,0.0,0.0,0.0,0.0,0.0,0.0,0.0,72.0,47.98,21.6,269.2,78.9,1.9291590913033356,0.23252165993785723,1.1994894545454546,1.0,1.0
2025,2,0.0,2025_02_NYG_DAL,New York Giants,Gunner Olszewski,WR,00-0035645,1.0,0.0,0.0,0.0,0.0,0.0,0.0,0.0,0.0,0.0,0.0,0.0,0.0,72.0,47.98,21.6,269.2,78.9,1.9291590913033356,0.23252165993785723,1.1994894545454546,1.0,1.0
2025,2,0.0,2025_02_NYG_DAL,New York Giants,Jalin Hyatt,WR,00-0038938,1.0,0.0,0.0,0.0,0.0,0.0,0.0,0.0,0.0,0.0,0.0,0.0,0.0,72.0,47.98,21.6,269.2,78.9,1.9291590913033356,0.23252165993785723,1.1994894545454546,1.0,1.0
2025,2,0.0,2025_02_PHI_KC,Kansas City Chiefs,Patrick Mahomes,QB,00-0033873,1.0,48.0,278.9,2.04,1.03,4.04,13.6,0.09,0.0,0.0,0.0,0.0,0.0864,72.0,48.47,21.6,315.1,91.5,2.513864897776564,0.4449211892170779,1.2116588936170214,1.0,1.0
2025,2,0.0,2025_02_PHI_KC,Kansas City Chiefs,Isiah Pacheco,RB,00-0037197,1.0,0.0,0.0,0.0,0.0,10.54,35.6,0.28,5.12,4.15,22.7,0.27,0.4245,72.0,48.47,21.6,315.1,91.5,2.513864897776564,0.4449211892170779,1.2116588936170214,1.0,1.0
2025,2,0.0,2025_02_PHI_KC,Kansas City Chiefs,Kareem Hunt,RB,00-0033923,1.0,0.0,0.0,0.0,0.0,7.02,24.0,0.1,3.71,2.7,15.9,0.2,0.2658,72.0,48.47,21.6,315.1,91.5,2.513864897776564,0.4449211892170779,1.2116588936170214,1.0,1.0
2025,2,0.0,2025_02_PHI_KC,Kansas City Chiefs,Brashard Smith,RB,00-0040078,1.0,0.0,0.0,0.0,0.0,0.0,0.0,0.0,0.0,0.0,0.0,0.0,0.0,72.0,48.47,21.6,315.1,91.5,2.513864897776564,0.4449211892170779,1.2116588936170214,1.0,1.0
2025,2,0.0,2025_02_PHI_KC,Kansas City Chiefs,Travis Kelce,TE,00-0030506,1.0,0.0,0.0,0.0,0.0,0.0,0.0,0.0,8.29,6.57,35.4,0.4,0.3308,72.0,48.47,21.6,315.1,91.5,2.513864897776564,0.4449211892170779,1.2116588936170214,1.0,1.0
2025,2,0.0,2025_02_PHI_KC,Kansas City Chiefs,Noah Gray,TE,00-0036637,1.0,0.0,0.0,0.0,0.0,0.0,0.0,0.0,4.37,3.4,20.5,0.2,0.1845,72.0,48.47,21.6,315.1,91.5,2.513864897776564,0.4449211892170779,1.2116588936170214,1.0,1.0
2025,2,0.0,2025_02_PHI_KC,Kansas City Chiefs,Geor'Quarius Spivey,TE,00-0039941,1.0,0.0,0.0,0.0,0.0,0.0,0.0,0.0,0.0,0.0,0.0,0.0,0.0,72.0,48.47,21.6,315.1,91.5,2.513864897776564,0.4449211892170779,1.2116588936170214,0.0,0.0
2025,2,0.0,2025_02_PHI_KC,Kansas City Chiefs,Robert Tonyan,TE,00-0033757,1.0,0.0,0.0,0.0,0.0,0.0,0.0,0.0,0.0,0.0,0.0,0.0,0.0,72.0,48.47,21.6,315.1,91.5,2.513864897776564,0.4449211892170779,1.2116588936170214,1.0,1.0
2025,2,0.0,2025_02_PHI_KC,Kansas City Chiefs,Marquise Brown,WR,00-0035662,1.0,0.0,0.0,0.0,0.0,0.0,0.0,0.0,14.7,7.75,74.8,0.71,0.5084,72.0,48.47,21.6,315.1,91.5,2.513864897776564,0.4449211892170779,1.2116588936170214,1.0,1.0
2025,2,0.0,2025_02_PHI_KC,Kansas City Chiefs,JuJu Smith-Schuster,WR,00-0033857,1.0,0.0,0.0,0.0,0.0,0.0,0.0,0.0,5.41,3.61,27.3,0.27,0.2385,72.0,48.47,21.6,315.1,91.5,2.513864897776564,0.4449211892170779,1.2116588936170214,1.0,1.0
2025,2,0.0,2025_02_PHI_KC,Kansas City Chiefs,Tyquan Thornton,WR,00-0038104,1.0,0.0,0.0,0.0,0.0,0.0,0.0,0.0,5.68,2.95,31.1,0.27,0.2382,72.0,48.47,21.6,315.1,91.5,2.513864897776564,0.4449211892170779,1.2116588936170214,1.0,1.0
2025,2,0.0,2025_02_PHI_KC,Kansas City Chiefs,Jason Brownlee,WR,00-0038492,1.0,0.0,0.0,0.0,0.0,0.0,0.0,0.0,0.43,0.26,3.4,0.02,0.0223,72.0,48.47,21.6,315.1,91.5,2.513864897776564,0.4449211892170779,1.2116588936170214,1.0,1.0
2025,2,0.0,2025_02_PHI_KC,Kansas City Chiefs,Elijhah Badger,WR,00-0040080,1.0,0.0,0.0,0.0,0.0,0.0,0.0,0.0,0.0,0.0,0.0,0.0,0.0,72.0,48.47,21.6,315.1,91.5,2.513864897776564,0.4449211892170779,1.2116588936170214,0.0,0.0
2025,2,0.0,2025_02_PHI_KC,Kansas City Chiefs,Nikko Remigio,WR,00-0038519,1.0,0.0,0.0,0.0,0.0,0.0,0.0,0.0,0.0,0.0,0.0,0.0,0.0,72.0,48.47,21.6,315.1,91.5,2.513864897776564,0.4449211892170779,1.2116588936170214,1.0,1.0
2025,2,0.0,2025_02_PHI_KC,Philadelphia Eagles,Jalen Hurts,QB,00-0036389,1.0,38.02,212.0,1.65,0.81,9.63,27.0,0.32,0.0,0.0,0.0,0.0,0.2738,72.0,37.99,31.73,230.2,125.3,2.1729527290538195,1.0374326055849807,0.9497535179826374,1.0,1.0
2025,2,0.0,2025_02_PHI_KC,Philadelphia Eagles,Saquon Barkley,RB,00-0034844,1.0,0.0,0.0,0.0,0.0,15.6,51.5,0.56,6.08,4.58,27.3,0.34,0.5959,72.0,37.99,31.73,230.2,125.3,2.1729527290538195,1.0374326055849807,0.9497535179826374,1.0,1.0
2025,2,0.0,2025_02_PHI_KC,Philadelphia Eagles,AJ Dillon,RB,00-0036265,1.0,0.0,0.0,0.0,0.0,5.0,16.6,0.2,1.47,1.04,6.8,0.08,0.248,72.0,37.99,31.73,230.2,125.3,2.1729527290538195,1.0374326055849807,0.9497535179826374,1.0,1.0
2025,2,0.0,2025_02_PHI_KC,Philadelphia Eagles,Tank Bigsby,RB,00-0038555,1.0,0.0,0.0,0.0,0.0,0.0,0.0,0.0,0.0,0.0,0.0,0.0,0.0,72.0,37.99,31.73,230.2,125.3,2.1729527290538195,1.0374326055849807,0.9497535179826374,1.0,1.0
2025,2,0.0,2025_02_PHI_KC,Philadelphia Eagles,Grant Calcaterra,TE,00-0037086,1.0,0.0,0.0,0.0,0.0,0.0,0.0,0.0,6.96,5.81,43.4,0.38,0.3143,72.0,37.99,31.73,230.2,125.3,2.1729527290538195,1.0374326055849807,0.9497535179826374,1.0,1.0
2025,2,0.0,2025_02_PHI_KC,Philadelphia Eagles,Kylen Granson,TE,00-0036876,1.0,0.0,0.0,0.0,0.0,0.0,0.0,0.0,2.6,1.81,13.0,0.13,0.1261,72.0,37.99,31.73,230.2,125.3,2.1729527290538195,1.0374326055849807,0.9497535179826374,1.0,1.0
2025,2,0.0,2025_02_PHI_KC,Philadelphia Eagles,Cameron Latu,TE,00-0038564,1.0,0.0,0.0,0.0,0.0,0.0,0.0,0.0,0.0,0.0,0.0,0.0,0.0,72.0,37.99,31.73,230.2,125.3,2.1729527290538195,1.0374326055849807,0.9497535179826374,1.0,1.0
2025,2,0.0,2025_02_PHI_KC,Philadelphia Eagles,DeVonta Smith,WR,00-0036912,1.0,0.0,0.0,0.0,0.0,0.0,0.0,0.0,5.95,4.08,28.8,0.31,0.2675,72.0,37.99,31.73,230.2,125.3,2.1729527290538195,1.0374326055849807,0.9497535179826374,1.0,1.0
2025,2,0.0,2025_02_PHI_KC,Philadelphia Eagles,Jahan Dotson,WR,00-0037741,1.0,0.0,0.0,0.0,0.0,0.0,0.0,0.0,4.63,2.45,22.0,0.25,0.2232,72.0,37.99,31.73,230.2,125.3,2.1729527290538195,1.0374326055849807,0.9497535179826374,1.0,1.0
2025,2,0.0,2025_02_PHI_KC,Philadelphia Eagles,A.J. Brown,WR,00-0035676,1.0,0.0,0.0,0.0,0.0,0.0,0.0,0.0,4.29,2.5,18.7,0.23,0.2026,72.0,37.99,31.73,230.2,125.3,2.1729527290538195,1.0374326055849807,0.9497535179826374,1.0,1.0
2025,2,0.0,2025_02_PHI_KC,Philadelphia Eagles,Danny Gray,WR,00-0037828,1.0,0.0,0.0,0.0,0.0,0.0,0.0,0.0,0.0,0.0,0.0,0.0,0.0,72.0,37.99,31.73,230.2,125.3,2.1729527290538195,1.0374326055849807,0.9497535179826374,0.0,0.0
2025,2,0.0,2025_02_PHI_KC,Philadelphia Eagles,Darius Cooper,WR,00-0040024,1.0,0.0,0.0,0.0,0.0,0.0,0.0,0.0,0.0,0.0,0.0,0.0,0.0,72.0,37.99,31.73,230.2,125.3,2.1729527290538195,1.0374326055849807,0.9497535179826374,1.0,1.0
2025,2,0.0,2025_02_SEA_PIT,Pittsburgh Steelers,Mason Rudolph,QB,00-0034771,1.0,0.0,0.0,0.0,0.0,1.41,5.5,0.08,0.0,0.0,0.0,0.0,0.0801,72.0,43.89,24.87,333.2,123.0,2.7860532069995463,1.1499382022853988,1.0973745388728917,1.0,1.0
2025,2,0.0,2025_02_SEA_PIT,Pittsburgh Steelers,Aaron Rodgers,QB,00-0023459,1.0,43.95,278.2,2.11,0.93,1.41,5.8,0.08,0.0,0.0,0.0,0.0,0.0773,72.0,43.89,24.87,333.2,123.0,2.7860532069995463,1.1499382022853988,1.0973745388728917,1.0,1.0
2025,2,0.0,2025_02_SEA_PIT,Pittsburgh Steelers,Jaylen Warren,RB,00-0037228,1.0,0.0,0.0,0.0,0.0,13.94,56.9,0.75,4.81,4.09,27.5,0.3,0.6515,72.0,43.89,24.87,333.2,123.0,2.7860532069995463,1.1499382022853988,1.0973745388728917,1.0,1.0
2025,2,0.0,2025_02_SEA_PIT,Pittsburgh Steelers,Kenneth Gainwell,RB,00-0036919,1.0,0.0,0.0,0.0,0.0,7.53,30.5,0.29,4.8,3.88,26.1,0.31,0.4517,72.0,43.89,24.87,333.2,123.0,2.7860532069995463,1.1499382022853988,1.0973745388728917,1.0,1.0
2025,2,0.0,2025_02_SEA_PIT,Pittsburgh Steelers,Kaleb Johnson,RB,00-0040142,1.0,0.0,0.0,0.0,0.0,0.58,2.6,0.0,0.0,0.0,0.0,0.0,0.0,72.0,43.89,24.87,333.2,123.0,2.7860532069995463,1.1499382022853988,1.0973745388728917,1.0,1.0
2025,2,0.0,2025_02_SEA_PIT,Pittsburgh Steelers,Jonnu Smith,TE,00-0033858,1.0,0.0,0.0,0.0,0.0,0.0,0.0,0.0,9.26,7.8,50.8,0.53,0.4132,72.0,43.89,24.87,333.2,123.0,2.7860532069995463,1.1499382022853988,1.0973745388728917,1.0,1.0
2025,2,0.0,2025_02_SEA_PIT,Pittsburgh Steelers,Pat Freiermuth,TE,00-0036894,1.0,0.0,0.0,0.0,0.0,0.0,0.0,0.0,4.82,3.66,24.9,0.28,0.2444,72.0,43.89,24.87,333.2,123.0,2.7860532069995463,1.1499382022853988,1.0973745388728917,1.0,1.0
2025,2,0.0,2025_02_SEA_PIT,Pittsburgh Steelers,Connor Heyward,TE,00-0037304,1.0,0.0,0.0,0.0,0.0,0.0,0.0,0.0,0.0,0.0,0.0,0.0,0.0,72.0,43.89,24.87,333.2,123.0,2.7860532069995463,1.1499382022853988,1.0973745388728917,1.0,1.0
2025,2,0.0,2025_02_SEA_PIT,Pittsburgh Steelers,Darnell Washington,TE,00-0038558,1.0,0.0,0.0,0.0,0.0,0.0,0.0,0.0,0.0,0.0,0.0,0.0,0.0,72.0,43.89,24.87,333.2,123.0,2.7860532069995463,1.1499382022853988,1.0973745388728917,1.0,1.0
2025,2,0.0,2025_02_SEA_PIT,Pittsburgh Steelers,DK Metcalf,WR,00-0035640,1.0,0.0,0.0,0.0,0.0,0.0,0.0,0.0,8.42,4.68,53.6,0.51,0.4015,72.0,43.89,24.87,333.2,123.0,2.7860532069995463,1.1499382022853988,1.0973745388728917,1.0,1.0
2025,2,0.0,2025_02_SEA_PIT,Pittsburgh Steelers,Calvin Austin III,WR,00-0037837,1.0,0.0,0.0,0.0,0.0,0.0,0.0,0.0,6.27,3.37,40.9,0.36,0.2993,72.0,43.89,24.87,333.2,123.0,2.7860532069995463,1.1499382022853988,1.0973745388728917,1.0,1.0
2025,2,0.0,2025_02_SEA_PIT,Pittsburgh Steelers,Roman Wilson,WR,00-0039739,1.0,0.0,0.0,0.0,0.0,0.0,0.0,0.0,3.83,2.29,34.4,0.23,0.2073,72.0,43.89,24.87,333.2,123.0,2.7860532069995463,1.1499382022853988,1.0973745388728917,1.0,1.0
2025,2,0.0,2025_02_SEA_PIT,Pittsburgh Steelers,Ben Skowronek,WR,00-0036862,1.0,0.0,0.0,0.0,0.0,0.0,0.0,0.0,0.44,0.28,3.0,0.03,0.0259,72.0,43.89,24.87,333.2,123.0,2.7860532069995463,1.1499382022853988,1.0973745388728917,1.0,1.0
2025,2,0.0,2025_02_SEA_PIT,Pittsburgh Steelers,Adam Thielen,WR,00-0030035,1.0,0.0,0.0,0.0,0.0,0.0,0.0,0.0,0.0,0.0,0.0,0.0,0.0,72.0,43.89,24.87,333.2,123.0,2.7860532069995463,1.1499382022853988,1.0973745388728917,0.0,0.0
2025,2,0.0,2025_02_SEA_PIT,Pittsburgh Steelers,Brandon Johnson,WR,00-0037382,1.0,0.0,0.0,0.0,0.0,0.0,0.0,0.0,0.0,0.0,0.0,0.0,0.0,72.0,43.89,24.87,333.2,123.0,2.7860532069995463,1.1499382022853988,1.0973745388728917,0.0,0.0
2025,2,0.0,2025_02_SEA_PIT,Pittsburgh Steelers,Scott Miller,WR,00-0035298,1.0,0.0,0.0,0.0,0.0,0.0,0.0,0.0,0.0,0.0,0.0,0.0,0.0,72.0,43.89,24.87,333.2,123.0,2.7860532069995463,1.1499382022853988,1.0973745388728917,1.0,1.0
2025,2,0.0,2025_02_SEA_PIT,Seattle Seahawks,Sam Darnold,QB,00-0034869,1.0,31.45,169.0,1.72,0.62,3.37,9.2,0.19,0.0,0.0,0.0,0.0,0.169,60.4,29.26,29.61,164.2,108.2,2.4098998802722122,1.2901111727406462,0.7315368819037639,1.0,1.0
2025,2,0.0,2025_02_SEA_PIT,Seattle Seahawks,Drew Lock,QB,00-0035704,1.0,0.0,0.0,0.0,0.0,3.37,10.5,0.17,0.0,0.0,0.0,0.0,0.1539,60.4,29.26,29.61,164.2,108.2,2.4098998802722122,1.2901111727406462,0.7315368819037639,1.0,1.0
2025,2,0.0,2025_02_SEA_PIT,Seattle Seahawks,Kenneth Walker III,RB,00-0038134,1.0,0.0,0.0,0.0,0.0,12.82,39.3,0.74,4.13,3.34,17.1,0.34,0.6609,60.4,29.26,29.61,164.2,108.2,2.4098998802722122,1.2901111727406462,0.7315368819037639,1.0,1.0
2025,2,0.0,2025_02_SEA_PIT,Seattle Seahawks,Zach Charbonnet,RB,00-0039165,1.0,0.0,0.0,0.0,0.0,10.04,30.6,0.27,1.38,1.12,5.7,0.11,0.3182,60.4,29.26,29.61,164.2,108.2,2.4098998802722122,1.2901111727406462,0.7315368819037639,1.0,1.0
2025,2,0.0,2025_02_SEA_PIT,Seattle Seahawks,George Holani,RB,00-0039299,1.0,0.0,0.0,0.0,0.0,0.0,0.0,0.0,0.0,0.0,0.0,0.0,0.0,60.4,29.26,29.61,164.2,108.2,2.4098998802722122,1.2901111727406462,0.7315368819037639,1.0,1.0
2025,2,0.0,2025_02_SEA_PIT,Seattle Seahawks,AJ Barner,TE,00-0039793,1.0,0.0,0.0,0.0,0.0,0.0,0.0,0.0,4.2,3.64,20.6,0.33,0.2809,60.4,29.26,29.61,164.2,108.2,2.4098998802722122,1.2901111727406462,0.7315368819037639,1.0,1.0
2025,2,0.0,2025_02_SEA_PIT,Seattle Seahawks,Elijah Arroyo,TE,00-0040739,1.0,0.0,0.0,0.0,0.0,0.0,0.0,0.0,2.21,1.53,13.0,0.18,0.1647,60.4,29.26,29.61,164.2,108.2,2.4098998802722122,1.2901111727406462,0.7315368819037639,1.0,1.0
2025,2,0.0,2025_02_SEA_PIT,Seattle Seahawks,Eric Saubert,TE,00-0033576,1.0,0.0,0.0,0.0,0.0,0.0,0.0,0.0,0.0,0.0,0.0,0.0,0.0,60.4,29.26,29.61,164.2,108.2,2.4098998802722122,1.2901111727406462,0.7315368819037639,1.0,1.0
2025,2,0.0,2025_02_SEA_PIT,Seattle Seahawks,Jaxon Smith-Njigba,WR,00-0038543,1.0,0.0,0.0,0.0,0.0,0.0,0.0,0.0,9.52,6.53,46.1,0.73,0.5164,60.4,29.26,29.61,164.2,108.2,2.4098998802722122,1.2901111727406462,0.7315368819037639,1.0,1.0
2025,2,0.0,2025_02_SEA_PIT,Seattle Seahawks,Cooper Kupp,WR,00-0033908,1.0,0.0,0.0,0.0,0.0,0.0,0.0,0.0,3.76,2.41,17.0,0.3,0.2593,60.4,29.26,29.61,164.2,108.2,2.4098998802722122,1.2901111727406462,0.7315368819037639,1.0,1.0
2025,2,0.0,2025_02_SEA_PIT,Seattle Seahawks,Tory Horton,WR,00-0040648,1.0,0.0,0.0,0.0,0.0,0.0,0.0,0.0,2.77,1.58,17.8,0.22,0.2013,60.4,29.26,29.61,164.2,108.2,2.4098998802722122,1.2901111727406462,0.7315368819037639,1.0,1.0
2025,2,0.0,2025_02_SEA_PIT,Seattle Seahawks,Dareke Young,WR,00-0037093,1.0,0.0,0.0,0.0,0.0,0.0,0.0,0.0,0.0,0.0,0.0,0.0,0.0,60.4,29.26,29.61,164.2,108.2,2.4098998802722122,1.2901111727406462,0.7315368819037639,1.0,1.0
2025,2,0.0,2025_02_SEA_PIT,Seattle Seahawks,Jake Bobo,WR,00-0038752,1.0,0.0,0.0,0.0,0.0,0.0,0.0,0.0,0.0,0.0,0.0,0.0,0.0,60.4,29.26,29.61,164.2,108.2,2.4098998802722122,1.2901111727406462,0.7315368819037639,1.0,1.0
2025,2,0.0,2025_02_SF_NO,New Orleans Saints,Spencer Rattler,QB,00-0039376,1.0,47.22,266.8,1.8,1.02,2.63,8.7,0.08,0.0,0.0,0.0,0.0,0.0759,72.0,48.06,21.7,311.7,91.7,2.5033080482918453,0.5489052593145578,1.2015953774409793,1.0,1.0
2025,2,0.0,2025_02_SF_NO,New Orleans Saints,Alvin Kamara,RB,00-0033906,1.0,0.0,0.0,0.0,0.0,12.43,43.0,0.36,5.53,4.5,23.7,0.28,0.4744,72.0,48.06,21.7,311.7,91.7,2.5033080482918453,0.5489052593145578,1.2015953774409793,1.0,1.0
2025,2,0.0,2025_02_SF_NO,New Orleans Saints,Kendre Miller,RB,00-0038551,1.0,0.0,0.0,0.0,0.0,5.64,20.8,0.12,2.63,2.07,13.5,0.13,0.2229,72.0,48.06,21.7,311.7,91.7,2.5033080482918453,0.5489052593145578,1.2015953774409793,1.0,1.0
2025,2,0.0,2025_02_SF_NO,New Orleans Saints,Devin Neal,RB,00-0040202,1.0,0.0,0.0,0.0,0.0,1.0,3.8,0.0,0.0,0.0,0.0,0.0,0.0,72.0,48.06,21.7,311.7,91.7,2.5033080482918453,0.5489052593145578,1.2015953774409793,1.0,1.0
2025,2,0.0,2025_02_SF_NO,New Orleans Saints,Juwan Johnson,TE,00-0036040,1.0,0.0,0.0,0.0,0.0,0.0,0.0,0.0,9.85,7.35,44.0,0.46,0.366,72.0,48.06,21.7,311.7,91.7,2.5033080482918453,0.5489052593145578,1.2015953774409793,1.0,1.0
2025,2,0.0,2025_02_SF_NO,New Orleans Saints,Jack Stoll,TE,00-0036741,1.0,0.0,0.0,0.0,0.0,0.0,0.0,0.0,6.25,4.57,36.3,0.3,0.2625,72.0,48.06,21.7,311.7,91.7,2.5033080482918453,0.5489052593145578,1.2015953774409793,1.0,1.0
2025,2,0.0,2025_02_SF_NO,New Orleans Saints,Moliki Matavao,TE,00-0040244,1.0,0.0,0.0,0.0,0.0,0.0,0.0,0.0,0.0,0.0,0.0,0.0,0.0,72.0,48.06,21.7,311.7,91.7,2.5033080482918453,0.5489052593145578,1.2015953774409793,1.0,1.0
2025,2,0.0,2025_02_SF_NO,New Orleans Saints,Chris Olave,WR,00-0037239,1.0,0.0,0.0,0.0,0.0,0.0,0.0,0.0,14.25,8.56,77.4,0.67,0.4904,72.0,48.06,21.7,311.7,91.7,2.5033080482918453,0.5489052593145578,1.2015953774409793,1.0,1.0
2025,2,0.0,2025_02_SF_NO,New Orleans Saints,Rashid Shaheed,WR,None,1.0,0.0,0.0,0.0,0.0,0.0,0.0,0.0,5.61,3.57,60.9,0.29,0.2535,72.0,48.06,21.7,311.7,91.7,2.5033080482918453,0.5489052593145578,1.2015953774409793,0.0,1.0
2025,2,0.0,2025_02_SF_NO,New Orleans Saints,Brandin Cooks,WR,None,1.0,0.0,0.0,0.0,0.0,0.0,0.0,0.0,2.49,1.58,27.0,0.13,0.1218,72.0,48.06,21.7,311.7,91.7,2.5033080482918453,0.5489052593145578,1.2015953774409793,0.0,1.0
2025,2,0.0,2025_02_SF_NO,New Orleans Saints,Devaughn Vele,WR,00-0039424,1.0,0.0,0.0,0.0,0.0,0.0,0.0,0.0,1.0,0.61,5.8,0.05,0.0479,72.0,48.06,21.7,311.7,91.7,2.5033080482918453,0.5489052593145578,1.2015953774409793,1.0,1.0
2025,2,0.0,2025_02_SF_NO,New Orleans Saints,Dante Pettis,WR,00-0034860,1.0,0.0,0.0,0.0,0.0,0.0,0.0,0.0,0.0,0.0,0.0,0.0,0.0,72.0,48.06,21.7,311.7,91.7,2.5033080482918453,0.5489052593145578,1.2015953774409793,0.0,0.0
2025,2,0.0,2025_02_SF_NO,New Orleans Saints,Mason Tipton,WR,00-0039623,1.0,0.0,0.0,0.0,0.0,0.0,0.0,0.0,0.0,0.0,0.0,0.0,0.0,72.0,48.06,21.7,311.7,91.7,2.5033080482918453,0.5489052593145578,1.2015953774409793,1.0,1.0
2025,2,0.0,2025_02_SF_NO,San Francisco 49ers,Kyle Juszczyk,FB,00-0029892,1.0,0.0,0.0,0.0,0.0,0.0,0.0,0.0,0.0,0.0,0.0,0.0,0.0,72.0,37.85,31.14,247.6,132.7,3.1408176253427396,1.0811241430082887,0.9461923874810362,1.0,1.0
2025,2,0.0,2025_02_SF_NO,San Francisco 49ers,Mac Jones,QB,00-0036972,1.0,38.15,216.7,2.14,0.8,3.91,12.3,0.17,0.0,0.0,0.0,0.0,0.1538,72.0,37.85,31.14,247.6,132.7,3.1408176253427396,1.0811241430082887,0.9461923874810362,1.0,1.0
2025,2,0.0,2025_02_SF_NO,San Francisco 49ers,Christian McCaffrey,RB,00-0033280,1.0,0.0,0.0,0.0,0.0,19.16,65.6,0.73,7.5,6.24,32.6,0.65,0.7476,72.0,37.85,31.14,247.6,132.7,3.1408176253427396,1.0811241430082887,0.9461923874810362,1.0,1.0
2025,2,0.0,2025_02_SF_NO,San Francisco 49ers,Brian Robinson,RB,00-0037746,1.0,0.0,0.0,0.0,0.0,8.07,28.5,0.25,2.55,2.01,11.0,0.22,0.3733,72.0,37.85,31.14,247.6,132.7,3.1408176253427396,1.0811241430082887,0.9461923874810362,1.0,1.0
2025,2,0.0,2025_02_SF_NO,San Francisco 49ers,Isaac Guerendo,RB,00-0039363,1.0,0.0,0.0,0.0,0.0,0.0,0.0,0.0,0.0,0.0,0.0,0.0,0.0,72.0,37.85,31.14,247.6,132.7,3.1408176253427396,1.0811241430082887,0.9461923874810362,1.0,1.0
2025,2,0.0,2025_02_SF_NO,San Francisco 49ers,Luke Farrell,TE,00-0036887,1.0,0.0,0.0,0.0,0.0,0.0,0.0,0.0,5.28,4.33,29.7,0.41,0.3339,72.0,37.85,31.14,247.6,132.7,3.1408176253427396,1.0811241430082887,0.9461923874810362,1.0,1.0
2025,2,0.0,2025_02_SF_NO,San Francisco 49ers,Jake Tonges,TE,00-0037112,1.0,0.0,0.0,0.0,0.0,0.0,0.0,0.0,4.31,3.35,24.7,0.33,0.2843,72.0,37.85,31.14,247.6,132.7,3.1408176253427396,1.0811241430082887,0.9461923874810362,1.0,1.0
2025,2,0.0,2025_02_SF_NO,San Francisco 49ers,Brayden Willis,TE,00-0038643,1.0,0.0,0.0,0.0,0.0,0.0,0.0,0.0,0.0,0.0,0.0,0.0,0.0,72.0,37.85,31.14,247.6,132.7,3.1408176253427396,1.0811241430082887,0.9461923874810362,1.0,1.0
2025,2,0.0,2025_02_SF_NO,San Francisco 49ers,Hayden Rucci,TE,00-0039489,1.0,0.0,0.0,0.0,0.0,0.0,0.0,0.0,0.0,0.0,0.0,0.0,0.0,72.0,37.85,31.14,247.6,132.7,3.1408176253427396,1.0811241430082887,0.9461923874810362,0.0,0.0
2025,2,0.0,2025_02_SF_NO,San Francisco 49ers,Ricky Pearsall,WR,00-0039916,1.0,0.0,0.0,0.0,0.0,0.0,0.0,0.0,6.63,4.0,37.2,0.53,0.4086,72.0,37.85,31.14,247.6,132.7,3.1408176253427396,1.0811241430082887,0.9461923874810362,1.0,1.0
2025,2,0.0,2025_02_SF_NO,San Francisco 49ers,Jauan Jennings,WR,00-0036259,1.0,0.0,0.0,0.0,0.0,0.0,0.0,0.0,5.31,3.22,25.4,0.42,0.3416,72.0,37.85,31.14,247.6,132.7,3.1408176253427396,1.0811241430082887,0.9461923874810362,1.0,1.0
2025,2,0.0,2025_02_SF_NO,San Francisco 49ers,Kendrick Bourne,WR,00-0033307,1.0,0.0,0.0,0.0,0.0,0.0,0.0,0.0,3.49,2.28,16.8,0.26,0.2316,72.0,37.85,31.14,247.6,132.7,3.1408176253427396,1.0811241430082887,0.9461923874810362,1.0,1.0
2025,2,0.0,2025_02_SF_NO,San Francisco 49ers,Colton Dowell,WR,00-0038632,1.0,0.0,0.0,0.0,0.0,0.0,0.0,0.0,0.0,0.0,0.0,0.0,0.0,72.0,37.85,31.14,247.6,132.7,3.1408176253427396,1.0811241430082887,0.9461923874810362,0.0,0.0
2025,2,0.0,2025_02_SF_NO,San Francisco 49ers,Skyy Moore,WR,00-0038090,1.0,0.0,0.0,0.0,0.0,0.0,0.0,0.0,0.0,0.0,0.0,0.0,0.0,72.0,37.85,31.14,247.6,132.7,3.1408176253427396,1.0811241430082887,0.9461923874810362,1.0,1.0
2025,2,0.0,2025_02_TB_HOU,Houston Texans,C.J. Stroud,QB,00-0039163,1.0,41.33,221.2,1.92,0.86,4.61,13.5,0.24,0.0,0.0,0.0,0.0,0.2123,70.9,40.27,28.14,225.9,102.8,2.6135316726378925,1.1160551692428644,1.0066924245396764,1.0,1.0
2025,2,0.0,2025_02_TB_HOU,Houston Texans,Nick Chubb,RB,00-0034791,1.0,0.0,0.0,0.0,0.0,17.96,52.8,0.81,3.51,2.49,16.0,0.22,0.6437,70.9,40.27,28.14,225.9,102.8,2.6135316726378925,1.1160551692428644,1.0066924245396764,1.0,1.0
2025,2,0.0,2025_02_TB_HOU,Houston Texans,Dameon Pierce,RB,None,1.0,0.0,0.0,0.0,0.0,2.61,9.4,0.1,0.66,0.51,4.2,0.04,0.1348,70.9,40.27,28.14,225.9,102.8,2.6135316726378925,1.1160551692428644,1.0066924245396764,0.0,0.0
2025,2,0.0,2025_02_TB_HOU,Houston Texans,Dare Ogunbowale,RB,00-0033854,1.0,0.0,0.0,0.0,0.0,1.15,3.6,0.0,1.33,0.94,5.9,0.09,0.0836,70.9,40.27,28.14,225.9,102.8,2.6135316726378925,1.1160551692428644,1.0066924245396764,1.0,1.0
2025,2,0.0,2025_02_TB_HOU,Houston Texans,Woody Marks,RB,00-0040583,1.0,0.0,0.0,0.0,0.0,1.8,5.4,0.0,0.0,0.0,0.0,0.0,0.0,70.9,40.27,28.14,225.9,102.8,2.6135316726378925,1.1160551692428644,1.0066924245396764,1.0,1.0
2025,2,0.0,2025_02_TB_HOU,Houston Texans,Dalton Schultz,TE,00-0034383,1.0,0.0,0.0,0.0,0.0,0.0,0.0,0.0,8.36,6.43,35.5,0.49,0.3864,70.9,40.27,28.14,225.9,102.8,2.6135316726378925,1.1160551692428644,1.0066924245396764,1.0,1.0
2025,2,0.0,2025_02_TB_HOU,Houston Texans,Harrison Bryant,TE,00-0036232,1.0,0.0,0.0,0.0,0.0,0.0,0.0,0.0,4.55,3.33,21.4,0.28,0.2448,70.9,40.27,28.14,225.9,102.8,2.6135316726378925,1.1160551692428644,1.0066924245396764,1.0,1.0
2025,2,0.0,2025_02_TB_HOU,Houston Texans,Dalton Keene,TE,00-0036225,1.0,0.0,0.0,0.0,0.0,0.0,0.0,0.0,0.0,0.0,0.0,0.0,0.0,70.9,40.27,28.14,225.9,102.8,2.6135316726378925,1.1160551692428644,1.0066924245396764,0.0,0.0
2025,2,0.0,2025_02_TB_HOU,Houston Texans,Nico Collins,WR,00-0036554,1.0,0.0,0.0,0.0,0.0,0.0,0.0,0.0,8.44,5.02,34.8,0.52,0.405,70.9,40.27,28.14,225.9,102.8,2.6135316726378925,1.1160551692428644,1.0066924245396764,1.0,1.0
2025,2,0.0,2025_02_TB_HOU,Houston Texans,Jayden Higgins,WR,00-0040130,1.0,0.0,0.0,0.0,0.0,0.0,0.0,0.0,4.91,2.87,22.5,0.3,0.2619,70.9,40.27,28.14,225.9,102.8,2.6135316726378925,1.1160551692428644,1.0066924245396764,1.0,1.0
2025,2,0.0,2025_02_TB_HOU,Houston Texans,Xavier Hutchinson,WR,00-0038618,1.0,0.0,0.0,0.0,0.0,0.0,0.0,0.0,3.28,1.72,14.1,0.2,0.1793,70.9,40.27,28.14,225.9,102.8,2.6135316726378925,1.1160551692428644,1.0066924245396764,1.0,1.0
2025,2,0.0,2025_02_TB_HOU,Houston Texans,Justin Watson,WR,00-0034386,1.0,0.0,0.0,0.0,0.0,0.0,0.0,0.0,1.08,0.67,7.5,0.07,0.0691,70.9,40.27,28.14,225.9,102.8,2.6135316726378925,1.1160551692428644,1.0066924245396764,1.0,1.0
2025,2,0.0,2025_02_TB_HOU,Houston Texans,Jaylin Noel,WR,00-0040138,1.0,0.0,0.0,0.0,0.0,0.0,0.0,0.0,1.08,0.72,5.8,0.07,0.066,70.9,40.27,28.14,225.9,102.8,2.6135316726378925,1.1160551692428644,1.0066924245396764,1.0,1.0
2025,2,0.0,2025_02_TB_HOU,Houston Texans,Daniel Jackson,WR,00-0040412,1.0,0.0,0.0,0.0,0.0,0.0,0.0,0.0,0.0,0.0,0.0,0.0,0.0,70.9,40.27,28.14,225.9,102.8,2.6135316726378925,1.1160551692428644,1.0066924245396764,0.0,0.0
2025,2,0.0,2025_02_TB_HOU,Tampa Bay Buccaneers,Baker Mayfield,QB,00-0034855,1.0,44.1,289.4,2.34,0.93,3.8,14.7,0.17,0.0,0.0,0.0,0.0,0.153,69.71,43.6,23.24,330.9,114.9,3.01860174244125,0.8391536489454499,1.0899168928115597,1.0,1.0
2025,2,0.0,2025_02_TB_HOU,Tampa Bay Buccaneers,Bucky Irving,RB,00-0039361,1.0,0.0,0.0,0.0,0.0,14.75,62.0,0.52,5.42,4.68,32.8,0.38,0.5938,69.71,43.6,23.24,330.9,114.9,3.01860174244125,0.8391536489454499,1.0899168928115597,1.0,1.0
2025,2,0.0,2025_02_TB_HOU,Tampa Bay Buccaneers,Rachaad White,RB,00-0037256,1.0,0.0,0.0,0.0,0.0,4.18,16.9,0.18,2.41,2.12,12.8,0.17,0.2975,69.71,43.6,23.24,330.9,114.9,3.01860174244125,0.8391536489454499,1.0899168928115597,1.0,1.0
2025,2,0.0,2025_02_TB_HOU,Tampa Bay Buccaneers,Sean Tucker,RB,00-0038951,1.0,0.0,0.0,0.0,0.0,0.5,2.1,0.0,0.0,0.0,0.0,0.0,0.0,69.71,43.6,23.24,330.9,114.9,3.01860174244125,0.8391536489454499,1.0899168928115597,1.0,1.0
2025,2,0.0,2025_02_TB_HOU,Tampa Bay Buccaneers,Cade Otton,TE,00-0038129,1.0,0.0,0.0,0.0,0.0,0.0,0.0,0.0,6.25,4.71,32.9,0.4,0.3304,69.71,43.6,23.24,330.9,114.9,3.01860174244125,0.8391536489454499,1.0899168928115597,1.0,1.0
2025,2,0.0,2025_02_TB_HOU,Tampa Bay Buccaneers,Payne Durham,TE,00-0039050,1.0,0.0,0.0,0.0,0.0,0.0,0.0,0.0,4.56,3.55,33.6,0.31,0.2632,69.71,43.6,23.24,330.9,114.9,3.01860174244125,0.8391536489454499,1.0899168928115597,1.0,1.0
2025,2,0.0,2025_02_TB_HOU,Tampa Bay Buccaneers,Devin Culp,TE,00-0039754,1.0,0.0,0.0,0.0,0.0,0.0,0.0,0.0,0.0,0.0,0.0,0.0,0.0,69.71,43.6,23.24,330.9,114.9,3.01860174244125,0.8391536489454499,1.0899168928115597,0.0,0.0
2025,2,0.0,2025_02_TB_HOU,Tampa Bay Buccaneers,Ko Kieft,TE,00-0037311,1.0,0.0,0.0,0.0,0.0,0.0,0.0,0.0,0.0,0.0,0.0,0.0,0.0,69.71,43.6,23.24,330.9,114.9,3.01860174244125,0.8391536489454499,1.0899168928115597,1.0,1.0
2025,2,0.0,2025_02_TB_HOU,Tampa Bay Buccaneers,Mike Evans,WR,00-0031408,1.0,0.0,0.0,0.0,0.0,0.0,0.0,0.0,10.13,5.49,62.2,0.66,0.4845,69.71,43.6,23.24,330.9,114.9,3.01860174244125,0.8391536489454499,1.0899168928115597,1.0,1.0
2025,2,0.0,2025_02_TB_HOU,Tampa Bay Buccaneers,Emeka Egbuka,WR,00-0040129,1.0,0.0,0.0,0.0,0.0,0.0,0.0,0.0,7.05,3.46,47.7,0.46,0.37,69.71,43.6,23.24,330.9,114.9,3.01860174244125,0.8391536489454499,1.0899168928115597,1.0,1.0
2025,2,0.0,2025_02_TB_HOU,Tampa Bay Buccaneers,Sterling Shepard,WR,00-0032385,1.0,0.0,0.0,0.0,0.0,0.0,0.0,0.0,5.62,3.3,35.7,0.38,0.3135,69.71,43.6,23.24,330.9,114.9,3.01860174244125,0.8391536489454499,1.0899168928115597,1.0,1.0
2025,2,0.0,2025_02_TB_HOU,Tampa Bay Buccaneers,Ryan Miller,WR,None,1.0,0.0,0.0,0.0,0.0,0.0,0.0,0.0,0.67,0.41,8.2,0.05,0.0451,69.71,43.6,23.24,330.9,114.9,3.01860174244125,0.8391536489454499,1.0899168928115597,0.0,1.0
2025,2,0.0,2025_02_TB_HOU,Tampa Bay Buccaneers,Tez Johnson,WR,00-0040237,1.0,0.0,0.0,0.0,0.0,0.0,0.0,0.0,0.67,0.39,5.4,0.05,0.044,69.71,43.6,23.24,330.9,114.9,3.01860174244125,0.8391536489454499,1.0899168928115597,0.0,0.0
2025,2,0.0,2025_02_TB_HOU,Tampa Bay Buccaneers,Kameron Johnson,WR,00-0039589,1.0,0.0,0.0,0.0,0.0,0.0,0.0,0.0,0.0,0.0,0.0,0.0,0.0,69.71,43.6,23.24,330.9,114.9,3.01860174244125,0.8391536489454499,1.0899168928115597,1.0,1.0
2025,2,0.0,2025_02_WAS_GB,Green Bay Packers,Jordan Love,QB,00-0036264,1.0,35.44,233.0,1.81,0.7,3.39,12.9,0.14,0.0,0.0,0.0,0.0,0.1314,67.19,32.97,32.88,250.3,162.6,1.9837477993136376,1.0266751527260647,0.824289355741557,1.0,1.0
2025,2,0.0,2025_02_WAS_GB,Green Bay Packers,Malik Willis,QB,00-0038128,1.0,0.0,0.0,0.0,0.0,3.39,13.3,0.14,0.0,0.0,0.0,0.0,0.1275,67.19,32.97,32.88,250.3,162.6,1.9837477993136376,1.0266751527260647,0.824289355741557,1.0,1.0
2025,2,0.0,2025_02_WAS_GB,Green Bay Packers,Josh Jacobs,RB,00-0035700,1.0,0.0,0.0,0.0,0.0,21.09,85.3,0.6,2.88,2.29,15.0,0.17,0.5396,67.19,32.97,32.88,250.3,162.6,1.9837477993136376,1.0266751527260647,0.824289355741557,1.0,1.0
2025,2,0.0,2025_02_WAS_GB,Green Bay Packers,Chris Brooks,RB,00-0038685,1.0,0.0,0.0,0.0,0.0,4.44,19.7,0.21,1.99,1.49,11.2,0.12,0.2837,67.19,32.97,32.88,250.3,162.6,1.9837477993136376,1.0266751527260647,0.824289355741557,1.0,1.0
2025,2,0.0,2025_02_WAS_GB,Green Bay Packers,Emanuel Wilson,RB,00-0038797,1.0,0.0,0.0,0.0,0.0,0.57,2.4,0.0,0.0,0.0,0.0,0.0,0.0,67.19,32.97,32.88,250.3,162.6,1.9837477993136376,1.0266751527260647,0.824289355741557,1.0,1.0
2025,2,0.0,2025_02_WAS_GB,Green Bay Packers,Tucker Kraft,TE,00-0038996,1.0,0.0,0.0,0.0,0.0,0.0,0.0,0.0,6.65,5.16,36.1,0.4,0.3278,67.19,32.97,32.88,250.3,162.6,1.9837477993136376,1.0266751527260647,0.824289355741557,1.0,1.0
2025,2,0.0,2025_02_WAS_GB,Green Bay Packers,Luke Musgrave,TE,00-0039144,1.0,0.0,0.0,0.0,0.0,0.0,0.0,0.0,2.74,2.19,16.0,0.15,0.1376,67.19,32.97,32.88,250.3,162.6,1.9837477993136376,1.0266751527260647,0.824289355741557,1.0,1.0
2025,2,0.0,2025_02_WAS_GB,Green Bay Packers,John FitzPatrick,TE,00-0037306,1.0,0.0,0.0,0.0,0.0,0.0,0.0,0.0,0.73,0.58,5.5,0.04,0.0425,67.19,32.97,32.88,250.3,162.6,1.9837477993136376,1.0266751527260647,0.824289355741557,1.0,1.0
2025,2,0.0,2025_02_WAS_GB,Green Bay Packers,Drake Dabney,TE,00-0040628,1.0,0.0,0.0,0.0,0.0,0.0,0.0,0.0,0.0,0.0,0.0,0.0,0.0,67.19,32.97,32.88,250.3,162.6,1.9837477993136376,1.0266751527260647,0.824289355741557,0.0,0.0
2025,2,0.0,2025_02_WAS_GB,Green Bay Packers,Johnny Lumpkin,TE,00-0038913,1.0,0.0,0.0,0.0,0.0,0.0,0.0,0.0,0.0,0.0,0.0,0.0,0.0,67.19,32.97,32.88,250.3,162.6,1.9837477993136376,1.0266751527260647,0.824289355741557,0.0,0.0
2025,2,0.0,2025_02_WAS_GB,Green Bay Packers,Romeo Doubs,WR,00-0037816,1.0,0.0,0.0,0.0,0.0,0.0,0.0,0.0,5.89,3.51,32.7,0.35,0.2937,67.19,32.97,32.88,250.3,162.6,1.9837477993136376,1.0266751527260647,0.824289355741557,1.0,1.0
2025,2,0.0,2025_02_WAS_GB,Green Bay Packers,Matthew Golden,WR,00-0040667,1.0,0.0,0.0,0.0,0.0,0.0,0.0,0.0,4.45,2.82,30.0,0.25,0.2182,67.19,32.97,32.88,250.3,162.6,1.9837477993136376,1.0266751527260647,0.824289355741557,1.0,1.0
2025,2,0.0,2025_02_WAS_GB,Green Bay Packers,Dontayvion Wicks,WR,00-0038393,1.0,0.0,0.0,0.0,0.0,0.0,0.0,0.0,3.1,1.71,16.6,0.18,0.163,67.19,32.97,32.88,250.3,162.6,1.9837477993136376,1.0266751527260647,0.824289355741557,1.0,1.0
2025,2,0.0,2025_02_WAS_GB,Green Bay Packers,Savion Williams,WR,00-0040009,1.0,0.0,0.0,0.0,0.0,0.0,0.0,0.0,0.59,0.41,5.2,0.04,0.0357,67.19,32.97,32.88,250.3,162.6,1.9837477993136376,1.0266751527260647,0.824289355741557,1.0,1.0
2025,2,0.0,2025_02_WAS_GB,Washington Commanders,Jayden Daniels,QB,00-0039910,1.0,40.74,263.8,1.46,0.86,7.13,25.8,0.11,0.0,0.0,0.0,0.0,0.1029,72.0,40.63,27.94,308.4,138.2,1.6907470792518555,0.4309323877415061,1.0157619400170739,1.0,1.0
2025,2,0.0,2025_02_WAS_GB,Washington Commanders,Marcus Mariota,QB,00-0032268,1.0,0.0,0.0,0.0,0.0,7.13,25.7,0.1,0.0,0.0,0.0,0.0,0.0931,72.0,40.63,27.94,308.4,138.2,1.6907470792518555,0.4309323877415061,1.0157619400170739,1.0,1.0
2025,2,0.0,2025_02_WAS_GB,Washington Commanders,Jacory Croskey-Merritt,RB,00-0040242,1.0,0.0,0.0,0.0,0.0,8.22,35.4,0.2,3.72,2.73,24.9,0.15,0.2949,72.0,40.63,27.94,308.4,138.2,1.6907470792518555,0.4309323877415061,1.0157619400170739,1.0,1.0
2025,2,0.0,2025_02_WAS_GB,Washington Commanders,Jeremy McNichols,RB,00-0033955,1.0,0.0,0.0,0.0,0.0,3.72,15.8,0.07,1.9,1.44,10.4,0.08,0.1385,72.0,40.63,27.94,308.4,138.2,1.6907470792518555,0.4309323877415061,1.0157619400170739,1.0,1.0
2025,2,0.0,2025_02_WAS_GB,Washington Commanders,Zach Ertz,TE,00-0030061,1.0,0.0,0.0,0.0,0.0,0.0,0.0,0.0,8.1,5.99,47.4,0.32,0.2741,72.0,40.63,27.94,308.4,138.2,1.6907470792518555,0.4309323877415061,1.0157619400170739,1.0,1.0
2025,2,0.0,2025_02_WAS_GB,Washington Commanders,John Bates,TE,00-0036628,1.0,0.0,0.0,0.0,0.0,0.0,0.0,0.0,4.54,3.36,31.0,0.17,0.1597,72.0,40.63,27.94,308.4,138.2,1.6907470792518555,0.4309323877415061,1.0157619400170739,1.0,1.0
2025,2,0.0,2025_02_WAS_GB,Washington Commanders,Ben Sinnott,TE,00-0039912,1.0,0.0,0.0,0.0,0.0,0.0,0.0,0.0,0.0,0.0,0.0,0.0,0.0,72.0,40.63,27.94,308.4,138.2,1.6907470792518555,0.4309323877415061,1.0157619400170739,1.0,1.0
2025,2,0.0,2025_02_WAS_GB,Washington Commanders,Colson Yankoff,TE,00-0039686,1.0,0.0,0.0,0.0,0.0,0.0,0.0,0.0,0.0,0.0,0.0,0.0,0.0,72.0,40.63,27.94,308.4,138.2,1.6907470792518555,0.4309323877415061,1.0157619400170739,1.0,1.0
2025,2,0.0,2025_02_WAS_GB,Washington Commanders,Gee Scott Jr.,TE,00-0040571,1.0,0.0,0.0,0.0,0.0,0.0,0.0,0.0,0.0,0.0,0.0,0.0,0.0,72.0,40.63,27.94,308.4,138.2,1.6907470792518555,0.4309323877415061,1.0157619400170739,0.0,0.0
2025,2,0.0,2025_02_WAS_GB,Washington Commanders,Deebo Samuel Sr.,WR,00-0035719,1.0,0.0,0.0,0.0,0.0,0.0,0.0,0.0,9.41,5.8,55.7,0.37,0.311,72.0,40.63,27.94,308.4,138.2,1.6907470792518555,0.4309323877415061,1.0157619400170739,1.0,1.0
2025,2,0.0,2025_02_WAS_GB,Washington Commanders,Terry McLaurin,WR,00-0035659,1.0,0.0,0.0,0.0,0.0,0.0,0.0,0.0,5.15,3.09,27.8,0.2,0.1807,72.0,40.63,27.94,308.4,138.2,1.6907470792518555,0.4309323877415061,1.0157619400170739,1.0,1.0
2025,2,0.0,2025_02_WAS_GB,Washington Commanders,Noah Brown,WR,00-0033591,1.0,0.0,0.0,0.0,0.0,0.0,0.0,0.0,3.31,1.71,17.8,0.13,0.1219,72.0,40.63,27.94,308.4,138.2,1.6907470792518555,0.4309323877415061,1.0157619400170739,1.0,1.0
2025,2,0.0,2025_02_WAS_GB,Washington Commanders,Jaylin Lane,WR,00-0040164,1.0,0.0,0.0,0.0,0.0,0.0,0.0,0.0,0.86,0.48,6.5,0.03,0.0333,72.0,40.63,27.94,308.4,138.2,1.6907470792518555,0.4309323877415061,1.0157619400170739,1.0,1.0
2025,2,0.0,2025_02_WAS_GB,Washington Commanders,Braylon Sanders,WR,00-0037355,1.0,0.0,0.0,0.0,0.0,0.0,0.0,0.0,0.0,0.0,0.0,0.0,0.0,72.0,40.63,27.94,308.4,138.2,1.6907470792518555,0.4309323877415061,1.0157619400170739,0.0,0.0
2025,2,0.0,2025_02_WAS_GB,Washington Commanders,Luke McCaffrey,WR,00-0039355,1.0,0.0,0.0,0.0,0.0,0.0,0.0,0.0,0.0,0.0,0.0,0.0,0.0,72.0,40.63,27.94,308.4,138.2,1.6907470792518555,0.4309323877415061,1.0157619400170739,1.0,1.0
