season,week,date,game_id,team,player,position,player_id_x,is_active,pass_attempts,pass_yards,pass_tds,interceptions,rush_attempts,rush_yards,rush_tds,targets,receptions,rec_yards,rec_tds,any_td_prob,team_plays,team_pass_attempts,team_rush_attempts,team_pass_yards,team_rush_yards,team_exp_pass_tds,team_exp_rush_tds,team_exp_int,is_active_pid,is_active_nm,_name_norm,_name_norm_loose,_alias_init_last,team_norm,player_id_y,pass_attempts_act,pass_yards_act,pass_tds_act,interceptions_act,rush_attempts_act,rush_yards_act,rush_tds_act,targets_act,receptions_act,rec_yards_act,rec_tds_act,player_act,team_act,match_strategy,pass_attempts_err,pass_yards_err,pass_tds_err,interceptions_err,rush_attempts_err,rush_yards_err,rush_tds_err,targets_err,receptions_err,rec_yards_err,rec_tds_err
2025,16,0.0,2025_16_ATL_ARI,Arizona Cardinals,Jacoby Brissett,QB,00-0033119,1.0,30.07,171.4,1.62,0.75,2.14,5.9,0.06,0.0,0.0,0.0,0.0,0.0577,55.0,35.43,16.67,198.7,60.9,2.025501257570361,0.4474271870948687,0.8856386594901129,1.0,1.0,jacoby brissett,jacobybrissett,jbrissett,Arizona Cardinals,00-0033119,34.0,203.0,1.0,1.0,1.0,5.0,0.0,0.0,0.0,0.0,0.0,J.Brissett,ARI,team_norm & _alias_init_last,-3.9299999999999997,-31.599999999999994,0.6200000000000001,-0.25,1.1400000000000001,0.9000000000000004,0.06,0.0,0.0,0.0,0.0
2025,16,0.0,2025_16_ATL_ARI,Arizona Cardinals,Michael Carter,RB,00-0036924,1.0,0.0,0.0,0.0,0.0,9.34,29.3,0.29,4.18,3.14,16.8,0.25,0.417,55.0,35.43,16.67,198.7,60.9,2.025501257570361,0.4474271870948687,0.8856386594901129,1.0,1.0,michael carter,michaelcarter,mcarter,Arizona Cardinals,00-0036924,0.0,0.0,0.0,0.0,11.0,65.0,0.0,2.0,0.0,0.0,0.0,M.Carter,ARI,team_norm & _alias_init_last,0.0,0.0,0.0,0.0,-1.6600000000000001,-35.7,0.29,2.1799999999999997,3.14,16.8,0.25
2025,16,0.0,2025_16_ATL_ARI,Arizona Cardinals,Emari Demercado,RB,00-0038705,1.0,0.0,0.0,0.0,0.0,5.19,16.6,0.1,2.6,1.79,10.0,0.15,0.2197,55.0,35.43,16.67,198.7,60.9,2.025501257570361,0.4474271870948687,0.8856386594901129,1.0,1.0,emari demercado,emaridemercado,edemercado,Arizona Cardinals,00-0038705,0.0,0.0,0.0,0.0,5.0,30.0,0.0,1.0,0.0,0.0,0.0,E.Demercado,ARI,team_norm & _alias_init_last,0.0,0.0,0.0,0.0,0.1900000000000004,-13.399999999999999,0.1,1.6,1.79,10.0,0.15
2025,16,0.0,2025_16_ATL_ARI,Arizona Cardinals,Corey Kiner,RB,00-0040556,1.0,0.0,0.0,0.0,0.0,0.0,0.0,0.0,0.0,0.0,0.0,0.0,0.0,55.0,35.43,16.67,198.7,60.9,2.025501257570361,0.4474271870948687,0.8856386594901129,1.0,1.0,corey kiner,coreykiner,ckiner,Arizona Cardinals,00-0040556,0.0,0.0,0.0,0.0,6.0,32.0,0.0,0.0,0.0,0.0,0.0,C.Kiner,ARI,team_norm & _alias_init_last,0.0,0.0,0.0,0.0,-6.0,-32.0,0.0,0.0,0.0,0.0,0.0
2025,16,0.0,2025_16_ATL_ARI,Arizona Cardinals,Trey McBride,TE,00-0037744,1.0,0.0,0.0,0.0,0.0,0.0,0.0,0.0,6.97,5.34,30.0,0.36,0.304,55.0,35.43,16.67,198.7,60.9,2.025501257570361,0.4474271870948687,0.8856386594901129,1.0,1.0,trey mcbride,treymcbride,tmcbride,Arizona Cardinals,00-0037744,0.0,0.0,0.0,0.0,0.0,0.0,0.0,8.0,4.0,27.0,0.0,T.McBride,ARI,team_norm & _alias_init_last,0.0,0.0,0.0,0.0,0.0,0.0,0.0,-1.0300000000000002,1.3399999999999999,3.0,0.36
2025,16,0.0,2025_16_ATL_ARI,Arizona Cardinals,Elijah Higgins,TE,00-0039041,1.0,0.0,0.0,0.0,0.0,0.0,0.0,0.0,3.6,2.8,17.1,0.19,0.1722,55.0,35.43,16.67,198.7,60.9,2.025501257570361,0.4474271870948687,0.8856386594901129,1.0,1.0,elijah higgins,elijahhiggins,ehiggins,Arizona Cardinals,00-0039041,0.0,0.0,0.0,0.0,0.0,0.0,0.0,8.0,7.0,91.0,0.0,E.Higgins,ARI,team_norm & _alias_init_last,0.0,0.0,0.0,0.0,0.0,0.0,0.0,-4.4,-4.2,-73.9,0.19
2025,16,0.0,2025_16_ATL_ARI,Arizona Cardinals,Josiah Deguara,TE,00-0036332,1.0,0.0,0.0,0.0,0.0,0.0,0.0,0.0,0.0,0.0,0.0,0.0,0.0,55.0,35.43,16.67,198.7,60.9,2.025501257570361,0.4474271870948687,0.8856386594901129,1.0,1.0,josiah deguara,josiahdeguara,jdeguara,Arizona Cardinals,00-0036332,0.0,0.0,0.0,0.0,0.0,0.0,0.0,1.0,0.0,0.0,0.0,J.Deguara,ARI,team_norm & _alias_init_last,0.0,0.0,0.0,0.0,0.0,0.0,0.0,-1.0,0.0,0.0,0.0
2025,16,0.0,2025_16_ATL_ARI,Arizona Cardinals,Oscar Cardenas,TE,00-0040381,1.0,0.0,0.0,0.0,0.0,0.0,0.0,0.0,0.0,0.0,0.0,0.0,0.0,55.0,35.43,16.67,198.7,60.9,2.025501257570361,0.4474271870948687,0.8856386594901129,0.0,0.0,oscar cardenas,oscarcardenas,ocardenas,Arizona Cardinals,00-0040381,,,,,,,,,,,,,,,,,,,,,,,,,
2025,16,0.0,2025_16_ATL_ARI,Arizona Cardinals,Pharaoh Brown,TE,00-0033439,1.0,0.0,0.0,0.0,0.0,0.0,0.0,0.0,0.0,0.0,0.0,0.0,0.0,55.0,35.43,16.67,198.7,60.9,2.025501257570361,0.4474271870948687,0.8856386594901129,1.0,1.0,pharaoh brown,pharaohbrown,pbrown,Arizona Cardinals,00-0033439,,,,,,,,,,,,,,,,,,,,,,,,,
2025,16,0.0,2025_16_ATL_ARI,Arizona Cardinals,Marvin Harrison Jr.,WR,00-0039849,1.0,0.0,0.0,0.0,0.0,0.0,0.0,0.0,8.02,3.9,38.1,0.43,0.3513,55.0,35.43,16.67,198.7,60.9,2.025501257570361,0.4474271870948687,0.8856386594901129,1.0,1.0,marvin harrison jr.,marvinharrisonjr,mharrison,Arizona Cardinals,00-0039849,0.0,0.0,0.0,0.0,0.0,0.0,0.0,3.0,1.0,14.0,0.0,M.Harrison,ARI,team_norm & _alias_init_last,0.0,0.0,0.0,0.0,0.0,0.0,0.0,5.02,2.9,24.1,0.43
2025,16,0.0,2025_16_ATL_ARI,Arizona Cardinals,Michael Wilson,WR,00-0038559,1.0,0.0,0.0,0.0,0.0,0.0,0.0,0.0,6.04,3.28,32.9,0.34,0.2883,55.0,35.43,16.67,198.7,60.9,2.025501257570361,0.4474271870948687,0.8856386594901129,1.0,1.0,michael wilson,michaelwilson,mwilson,Arizona Cardinals,00-0035144,0.0,0.0,0.0,0.0,0.0,0.0,0.0,3.0,2.0,52.0,1.0,M.Wilson,ARI,team_norm & _alias_init_last,0.0,0.0,0.0,0.0,0.0,0.0,0.0,3.04,1.2799999999999998,-19.1,-0.6599999999999999
2025,16,0.0,2025_16_ATL_ARI,Arizona Cardinals,Xavier Weaver,WR,00-0039521,1.0,0.0,0.0,0.0,0.0,0.0,0.0,0.0,4.03,2.02,25.8,0.23,0.204,55.0,35.43,16.67,198.7,60.9,2.025501257570361,0.4474271870948687,0.8856386594901129,1.0,1.0,xavier weaver,xavierweaver,xweaver,Arizona Cardinals,00-0039521,0.0,0.0,0.0,0.0,0.0,0.0,0.0,2.0,2.0,19.0,0.0,X.Weaver,ARI,team_norm & _alias_init_last,0.0,0.0,0.0,0.0,0.0,0.0,0.0,2.0300000000000002,0.020000000000000018,6.800000000000001,0.23
2025,16,0.0,2025_16_ATL_ARI,Arizona Cardinals,Jalen Brooks,WR,00-0038640,1.0,0.0,0.0,0.0,0.0,0.0,0.0,0.0,0.0,0.0,0.0,0.0,0.0,55.0,35.43,16.67,198.7,60.9,2.025501257570361,0.4474271870948687,0.8856386594901129,1.0,1.0,jalen brooks,jalenbrooks,jbrooks,Arizona Cardinals,00-0038640,,,,,,,,,,,,,,,,,,,,,,,,,
2025,16,0.0,2025_16_ATL_ARI,Arizona Cardinals,Steven Sims,WR,00-0034928,1.0,0.0,0.0,0.0,0.0,0.0,0.0,0.0,0.0,0.0,0.0,0.0,0.0,55.0,35.43,16.67,198.7,60.9,2.025501257570361,0.4474271870948687,0.8856386594901129,1.0,1.0,steven sims,stevensims,ssims,Arizona Cardinals,00-0034928,0.0,0.0,0.0,0.0,0.0,0.0,0.0,1.0,0.0,0.0,0.0,S.Sims,ARI,team_norm & _alias_init_last,0.0,0.0,0.0,0.0,0.0,0.0,0.0,-1.0,0.0,0.0,0.0
2025,16,0.0,2025_16_ATL_ARI,Atlanta Falcons,Kirk Cousins,QB,00-0029604,1.0,41.88,252.4,2.42,0.99,2.33,6.8,0.08,0.0,0.0,0.0,0.0,0.0728,72.0,46.43,22.96,260.5,83.9,2.7901008915940624,0.7395413344629618,1.160781184143161,1.0,1.0,kirk cousins,kirkcousins,kcousins,Atlanta Falcons,00-0029604,38.0,197.0,2.0,1.0,3.0,3.0,1.0,0.0,0.0,0.0,0.0,K.Cousins,ATL,team_norm & _alias_init_last,3.8800000000000026,55.400000000000006,0.41999999999999993,-0.010000000000000009,-0.6699999999999999,3.8,-0.92,0.0,0.0,0.0,0.0
2025,16,0.0,2025_16_ATL_ARI,Atlanta Falcons,Bijan Robinson,RB,00-0038542,1.0,0.0,0.0,0.0,0.0,13.26,38.9,0.51,5.56,3.96,20.8,0.34,0.5704,72.0,46.43,22.96,260.5,83.9,2.7901008915940624,0.7395413344629618,1.160781184143161,1.0,1.0,bijan robinson,bijanrobinson,brobinson,Atlanta Falcons,00-0038542,0.0,0.0,0.0,0.0,17.0,76.0,0.0,11.0,7.0,92.0,1.0,B.Robinson,ATL,team_norm & _alias_init_last,0.0,0.0,0.0,0.0,-3.74,-37.1,0.51,-5.44,-3.04,-71.2,-0.6599999999999999
2025,16,0.0,2025_16_ATL_ARI,Atlanta Falcons,Tyler Allgeier,RB,00-0037263,1.0,0.0,0.0,0.0,0.0,7.37,21.6,0.19,3.46,2.59,13.3,0.2,0.3231,72.0,46.43,22.96,260.5,83.9,2.7901008915940624,0.7395413344629618,1.160781184143161,1.0,1.0,tyler allgeier,tylerallgeier,tallgeier,Atlanta Falcons,00-0037263,0.0,0.0,0.0,0.0,17.0,79.0,0.0,1.0,1.0,-6.0,0.0,T.Allgeier,ATL,team_norm & _alias_init_last,0.0,0.0,0.0,0.0,-9.629999999999999,-57.4,0.19,2.46,1.5899999999999999,19.3,0.2
2025,16,0.0,2025_16_ATL_ARI,Atlanta Falcons,Kyle Pitts Sr.,TE,,1.0,0.0,0.0,0.0,0.0,0.0,0.0,0.0,9.56,6.55,74.0,0.57,0.4371,72.0,46.43,22.96,260.5,83.9,2.7901008915940624,0.7395413344629618,1.160781184143161,0.0,0.0,kyle pitts sr.,kylepittssr,kpitts,Atlanta Falcons,00-0036970,0.0,0.0,0.0,0.0,0.0,0.0,0.0,10.0,7.0,57.0,1.0,K.Pitts,ATL,team_norm & _alias_init_last,0.0,0.0,0.0,0.0,0.0,0.0,0.0,-0.4399999999999995,-0.4500000000000002,17.0,-0.43000000000000005
2025,16,0.0,2025_16_ATL_ARI,Atlanta Falcons,Charlie Woerner,TE,00-0036429,1.0,0.0,0.0,0.0,0.0,0.0,0.0,0.0,4.94,3.64,29.5,0.28,0.2438,72.0,46.43,22.96,260.5,83.9,2.7901008915940624,0.7395413344629618,1.160781184143161,1.0,1.0,charlie woerner,charliewoerner,cwoerner,Atlanta Falcons,00-0036429,0.0,0.0,0.0,0.0,0.0,0.0,0.0,1.0,1.0,3.0,0.0,C.Woerner,ATL,team_norm & _alias_init_last,0.0,0.0,0.0,0.0,0.0,0.0,0.0,3.9400000000000004,2.64,26.5,0.28
2025,16,0.0,2025_16_ATL_ARI,Atlanta Falcons,Feleipe Franks,TE,00-0036825,1.0,0.0,0.0,0.0,0.0,0.0,0.0,0.0,0.0,0.0,0.0,0.0,0.0,72.0,46.43,22.96,260.5,83.9,2.7901008915940624,0.7395413344629618,1.160781184143161,1.0,1.0,feleipe franks,feleipefranks,ffranks,Atlanta Falcons,00-0036825,,,,,,,,,,,,,,,,,,,,,,,,,
2025,16,0.0,2025_16_ATL_ARI,Atlanta Falcons,Teagan Quitoriano,TE,00-0037277,1.0,0.0,0.0,0.0,0.0,0.0,0.0,0.0,0.0,0.0,0.0,0.0,0.0,72.0,46.43,22.96,260.5,83.9,2.7901008915940624,0.7395413344629618,1.160781184143161,1.0,1.0,teagan quitoriano,teaganquitoriano,tquitoriano,Atlanta Falcons,00-0037277,,,,,,,,,,,,,,,,,,,,,,,,,
2025,16,0.0,2025_16_ATL_ARI,Atlanta Falcons,Drake London,WR,00-0037238,1.0,0.0,0.0,0.0,0.0,0.0,0.0,0.0,10.13,5.82,46.3,0.59,0.4438,72.0,46.43,22.96,260.5,83.9,2.7901008915940624,0.7395413344629618,1.160781184143161,1.0,1.0,drake london,drakelondon,dlondon,Atlanta Falcons,00-0037238,0.0,0.0,0.0,0.0,0.0,0.0,0.0,9.0,3.0,27.0,0.0,D.London,ATL,team_norm & _alias_init_last,0.0,0.0,0.0,0.0,0.0,0.0,0.0,1.1300000000000008,2.8200000000000003,19.299999999999997,0.59
2025,16,0.0,2025_16_ATL_ARI,Atlanta Falcons,Darnell Mooney,WR,00-0036309,1.0,0.0,0.0,0.0,0.0,0.0,0.0,0.0,7.63,3.96,34.9,0.42,0.3405,72.0,46.43,22.96,260.5,83.9,2.7901008915940624,0.7395413344629618,1.160781184143161,1.0,1.0,darnell mooney,darnellmooney,dmooney,Atlanta Falcons,00-0036309,0.0,0.0,0.0,0.0,0.0,0.0,0.0,2.0,2.0,24.0,0.0,D.Mooney,ATL,team_norm & _alias_init_last,0.0,0.0,0.0,0.0,0.0,0.0,0.0,5.63,1.96,10.899999999999999,0.42
2025,16,0.0,2025_16_ATL_ARI,Atlanta Falcons,David Sills V,WR,,1.0,0.0,0.0,0.0,0.0,0.0,0.0,0.0,5.09,3.06,41.9,0.31,0.2634,72.0,46.43,22.96,260.5,83.9,2.7901008915940624,0.7395413344629618,1.160781184143161,0.0,0.0,david sills v,davidsillsv,dsills,Atlanta Falcons,00-0035359,0.0,0.0,0.0,0.0,0.0,0.0,0.0,1.0,0.0,0.0,0.0,D.Sills,ATL,team_norm & _alias_init_last,0.0,0.0,0.0,0.0,0.0,0.0,0.0,4.09,3.06,41.9,0.31
2025,16,0.0,2025_16_ATL_ARI,Atlanta Falcons,Casey Washington,WR,00-0039394,1.0,0.0,0.0,0.0,0.0,0.0,0.0,0.0,0.0,0.0,0.0,0.0,0.0,72.0,46.43,22.96,260.5,83.9,2.7901008915940624,0.7395413344629618,1.160781184143161,0.0,0.0,casey washington,caseywashington,cwashington,Atlanta Falcons,00-0038930,,,,,,,,,,,,,,,,,,,,,,,,,
2025,16,0.0,2025_16_ATL_ARI,Atlanta Falcons,Chris Blair,WR,00-0036463,1.0,0.0,0.0,0.0,0.0,0.0,0.0,0.0,0.0,0.0,0.0,0.0,0.0,72.0,46.43,22.96,260.5,83.9,2.7901008915940624,0.7395413344629618,1.160781184143161,1.0,1.0,chris blair,chrisblair,cblair,Atlanta Falcons,00-0036463,,,,,,,,,,,,,,,,,,,,,,,,,
2025,16,0.0,2025_16_ATL_ARI,Atlanta Falcons,Deven Thompkins,WR,00-0037487,1.0,0.0,0.0,0.0,0.0,0.0,0.0,0.0,0.0,0.0,0.0,0.0,0.0,72.0,46.43,22.96,260.5,83.9,2.7901008915940624,0.7395413344629618,1.160781184143161,1.0,1.0,deven thompkins,deventhompkins,dthompkins,Atlanta Falcons,00-0037487,,,,,,,,,,,,,,,,,,,,,,,,,
2025,16,0.0,2025_16_ATL_ARI,Atlanta Falcons,Dylan Drummond,WR,00-0038953,1.0,0.0,0.0,0.0,0.0,0.0,0.0,0.0,0.0,0.0,0.0,0.0,0.0,72.0,46.43,22.96,260.5,83.9,2.7901008915940624,0.7395413344629618,1.160781184143161,1.0,1.0,dylan drummond,dylandrummond,ddrummond,Atlanta Falcons,00-0038953,,,,,,,,,,,,,,,,,,,,,,,,,
2025,16,0.0,2025_16_BUF_CLE,Buffalo Bills,Josh Allen,QB,00-0034857,1.0,33.92,250.0,2.29,0.76,10.14,35.4,0.41,0.0,0.0,0.0,0.0,0.3383,72.0,35.73,33.31,271.2,164.7,2.567551857508486,1.2437322512047635,0.8932863507788569,1.0,1.0,josh allen,joshallen,jallen,Buffalo Bills,00-0034857,23.0,130.0,0.0,0.0,3.0,7.0,0.0,0.0,0.0,0.0,0.0,J.Allen,BUF,team_norm & _alias_init_last,10.920000000000002,120.0,2.29,0.76,7.140000000000001,28.4,0.41,0.0,0.0,0.0,0.0
2025,16,0.0,2025_16_BUF_CLE,Buffalo Bills,James Cook III,RB,,1.0,0.0,0.0,0.0,0.0,14.89,77.9,0.68,4.33,2.94,31.2,0.31,0.6282,72.0,35.73,33.31,271.2,164.7,2.567551857508486,1.2437322512047635,0.8932863507788569,0.0,0.0,james cook iii,jamescookiii,jcook,Buffalo Bills,00-0037248,0.0,0.0,0.0,0.0,16.0,117.0,2.0,2.0,1.0,17.0,0.0,J.Cook,BUF,team_norm & _alias_init_last,0.0,0.0,0.0,0.0,-1.1099999999999994,-39.099999999999994,-1.3199999999999998,2.33,1.94,14.2,0.31
2025,16,0.0,2025_16_BUF_CLE,Buffalo Bills,Ty Johnson,RB,00-0035537,1.0,0.0,0.0,0.0,0.0,8.27,36.4,0.25,2.69,1.63,14.8,0.19,0.3557,72.0,35.73,33.31,271.2,164.7,2.567551857508486,1.2437322512047635,0.8932863507788569,1.0,1.0,ty johnson,tyjohnson,tjohnson,Buffalo Bills,00-0034376,0.0,0.0,0.0,0.0,3.0,16.0,1.0,0.0,0.0,0.0,0.0,Ty.Johnson,BUF,team_norm & _name_norm_loose,0.0,0.0,0.0,0.0,5.27,20.4,-0.75,2.69,1.63,14.8,0.19
2025,16,0.0,2025_16_BUF_CLE,Buffalo Bills,Ray Davis,RB,00-0039875,1.0,0.0,0.0,0.0,0.0,0.0,0.0,0.0,0.0,0.0,0.0,0.0,0.0,72.0,35.73,33.31,271.2,164.7,2.567551857508486,1.2437322512047635,0.8932863507788569,1.0,1.0,ray davis,raydavis,rdavis,Buffalo Bills,00-0039875,0.0,0.0,0.0,0.0,3.0,14.0,0.0,2.0,2.0,20.0,0.0,R.Davis,BUF,team_norm & _alias_init_last,0.0,0.0,0.0,0.0,-3.0,-14.0,0.0,-2.0,-2.0,-20.0,0.0
2025,16,0.0,2025_16_BUF_CLE,Buffalo Bills,Dalton Kincaid,TE,00-0038933,1.0,0.0,0.0,0.0,0.0,0.0,0.0,0.0,7.31,5.28,43.5,0.47,0.376,72.0,35.73,33.31,271.2,164.7,2.567551857508486,1.2437322512047635,0.8932863507788569,1.0,1.0,dalton kincaid,daltonkincaid,dkincaid,Buffalo Bills,00-0038933,0.0,0.0,0.0,0.0,0.0,0.0,0.0,1.0,0.0,0.0,0.0,D.Kincaid,BUF,team_norm & _alias_init_last,0.0,0.0,0.0,0.0,0.0,0.0,0.0,6.31,5.28,43.5,0.47
2025,16,0.0,2025_16_BUF_CLE,Buffalo Bills,Dawson Knox,TE,00-0035689,1.0,0.0,0.0,0.0,0.0,0.0,0.0,0.0,3.78,2.71,22.1,0.27,0.2335,72.0,35.73,33.31,271.2,164.7,2.567551857508486,1.2437322512047635,0.8932863507788569,1.0,1.0,dawson knox,dawsonknox,dknox,Buffalo Bills,00-0035689,0.0,0.0,0.0,0.0,0.0,0.0,0.0,2.0,1.0,10.0,0.0,D.Knox,BUF,team_norm & _alias_init_last,0.0,0.0,0.0,0.0,0.0,0.0,0.0,1.7799999999999998,1.71,12.100000000000001,0.27
2025,16,0.0,2025_16_BUF_CLE,Buffalo Bills,Jackson Hawes,TE,00-0040194,1.0,0.0,0.0,0.0,0.0,0.0,0.0,0.0,0.0,0.0,0.0,0.0,0.0,72.0,35.73,33.31,271.2,164.7,2.567551857508486,1.2437322512047635,0.8932863507788569,1.0,1.0,jackson hawes,jacksonhawes,jhawes,Buffalo Bills,00-0040194,0.0,0.0,0.0,0.0,0.0,0.0,0.0,2.0,2.0,26.0,0.0,J.Hawes,BUF,team_norm & _alias_init_last,0.0,0.0,0.0,0.0,0.0,0.0,0.0,-2.0,-2.0,-26.0,0.0
2025,16,0.0,2025_16_BUF_CLE,Buffalo Bills,Khalil Shakir,WR,00-0037261,1.0,0.0,0.0,0.0,0.0,0.0,0.0,0.0,7.73,5.31,46.2,0.52,0.4039,72.0,35.73,33.31,271.2,164.7,2.567551857508486,1.2437322512047635,0.8932863507788569,1.0,1.0,khalil shakir,khalilshakir,kshakir,Buffalo Bills,00-0037261,0.0,0.0,0.0,0.0,0.0,0.0,0.0,5.0,4.0,34.0,0.0,K.Shakir,BUF,team_norm & _alias_init_last,0.0,0.0,0.0,0.0,0.0,0.0,0.0,2.7300000000000004,1.3099999999999996,12.200000000000003,0.52
2025,16,0.0,2025_16_BUF_CLE,Buffalo Bills,Joshua Palmer,WR,,1.0,0.0,0.0,0.0,0.0,0.0,0.0,0.0,5.82,3.51,65.9,0.42,0.3417,72.0,35.73,33.31,271.2,164.7,2.567551857508486,1.2437322512047635,0.8932863507788569,0.0,0.0,joshua palmer,joshuapalmer,jpalmer,Buffalo Bills,00-0036988,0.0,0.0,0.0,0.0,0.0,0.0,0.0,1.0,1.0,2.0,0.0,J.Palmer,BUF,team_norm & _alias_init_last,0.0,0.0,0.0,0.0,0.0,0.0,0.0,4.82,2.51,63.900000000000006,0.42
2025,16,0.0,2025_16_BUF_CLE,Buffalo Bills,Tyrell Shavers,WR,00-0038679,1.0,0.0,0.0,0.0,0.0,0.0,0.0,0.0,3.88,2.29,31.0,0.26,0.2283,72.0,35.73,33.31,271.2,164.7,2.567551857508486,1.2437322512047635,0.8932863507788569,1.0,1.0,tyrell shavers,tyrellshavers,tshavers,Buffalo Bills,00-0038679,0.0,0.0,0.0,0.0,0.0,0.0,0.0,2.0,1.0,21.0,0.0,T.Shavers,BUF,team_norm & _alias_init_last,0.0,0.0,0.0,0.0,0.0,0.0,0.0,1.88,1.29,10.0,0.26
2025,16,0.0,2025_16_BUF_CLE,Buffalo Bills,Brandin Cooks,WR,00-0031236,1.0,0.0,0.0,0.0,0.0,0.0,0.0,0.0,0.0,0.0,0.0,0.0,0.0,72.0,35.73,33.31,271.2,164.7,2.567551857508486,1.2437322512047635,0.8932863507788569,1.0,1.0,brandin cooks,brandincooks,bcooks,Buffalo Bills,00-0031236,0.0,0.0,0.0,0.0,0.0,0.0,0.0,1.0,0.0,0.0,0.0,B.Cooks,BUF,team_norm & _alias_init_last,0.0,0.0,0.0,0.0,0.0,0.0,0.0,-1.0,0.0,0.0,0.0
2025,16,0.0,2025_16_BUF_CLE,Buffalo Bills,David White,WR,00-0039562,1.0,0.0,0.0,0.0,0.0,0.0,0.0,0.0,0.0,0.0,0.0,0.0,0.0,72.0,35.73,33.31,271.2,164.7,2.567551857508486,1.2437322512047635,0.8932863507788569,1.0,1.0,david white,davidwhite,dwhite,Buffalo Bills,00-0039562,,,,,,,,,,,,,,,,,,,,,,,,,
2025,16,0.0,2025_16_BUF_CLE,Buffalo Bills,Mecole Hardman,WR,00-0035140,1.0,0.0,0.0,0.0,0.0,0.0,0.0,0.0,0.0,0.0,0.0,0.0,0.0,72.0,35.73,33.31,271.2,164.7,2.567551857508486,1.2437322512047635,0.8932863507788569,1.0,1.0,mecole hardman,mecolehardman,mhardman,Buffalo Bills,00-0035140,,,,,,,,,,,,,,,,,,,,,,,,,
2025,16,0.0,2025_16_BUF_CLE,Cleveland Browns,Shedeur Sanders,QB,00-0040668,1.0,37.07,205.8,1.42,0.81,0.46,1.4,0.01,0.0,0.0,0.0,0.0,0.0057,58.46,38.12,17.54,213.8,64.1,1.3830829891282124,0.2315890479121665,0.9529037828091216,1.0,1.0,shedeur sanders,shedeursanders,ssanders,Cleveland Browns,00-0040668,37.0,157.0,1.0,2.0,0.0,0.0,0.0,0.0,0.0,0.0,0.0,S.Sanders,CLE,team_norm & _alias_init_last,0.07000000000000028,48.80000000000001,0.41999999999999993,-1.19,0.46,1.4,0.01,0.0,0.0,0.0,0.0
2025,16,0.0,2025_16_BUF_CLE,Cleveland Browns,Dylan Sampson,RB,00-0040162,1.0,0.0,0.0,0.0,0.0,10.98,37.2,0.17,4.6,3.35,18.5,0.17,0.2841,58.46,38.12,17.54,213.8,64.1,1.3830829891282124,0.2315890479121665,0.9529037828091216,0.0,0.0,dylan sampson,dylansampson,dsampson,Cleveland Browns,00-0040162,,,,,,,,,,,,,,,,,,,,,,,,,
2025,16,0.0,2025_16_BUF_CLE,Cleveland Browns,Trayveon Williams,RB,00-0035291,1.0,0.0,0.0,0.0,0.0,6.1,20.6,0.06,2.86,2.08,12.2,0.1,0.1493,58.46,38.12,17.54,213.8,64.1,1.3830829891282124,0.2315890479121665,0.9529037828091216,1.0,1.0,trayveon williams,trayveonwilliams,twilliams,Cleveland Browns,00-0035291,0.0,0.0,0.0,0.0,3.0,17.0,0.0,4.0,4.0,38.0,0.0,T.Williams,CLE,team_norm & _alias_init_last,0.0,0.0,0.0,0.0,3.0999999999999996,3.6000000000000014,0.06,-1.1400000000000001,-1.92,-25.8,0.1
2025,16,0.0,2025_16_BUF_CLE,Cleveland Browns,Raheim Sanders,RB,00-0040466,1.0,0.0,0.0,0.0,0.0,0.0,0.0,0.0,0.0,0.0,0.0,0.0,0.0,58.46,38.12,17.54,213.8,64.1,1.3830829891282124,0.2315890479121665,0.9529037828091216,1.0,1.0,raheim sanders,raheimsanders,rsanders,Cleveland Browns,00-0040466,0.0,0.0,0.0,0.0,11.0,42.0,0.0,1.0,1.0,4.0,0.0,R.Sanders,CLE,team_norm & _alias_init_last,0.0,0.0,0.0,0.0,-11.0,-42.0,0.0,-1.0,-1.0,-4.0,0.0
2025,16,0.0,2025_16_BUF_CLE,Cleveland Browns,Harold Fannin Jr.,TE,00-0040663,1.0,0.0,0.0,0.0,0.0,0.0,0.0,0.0,7.51,4.96,35.5,0.24,0.2159,58.46,38.12,17.54,213.8,64.1,1.3830829891282124,0.2315890479121665,0.9529037828091216,1.0,1.0,harold fannin jr.,haroldfanninjr,hfannin,Cleveland Browns,00-0040663,0.0,0.0,0.0,0.0,1.0,1.0,1.0,6.0,4.0,34.0,1.0,H.Fannin,CLE,team_norm & _alias_init_last,0.0,0.0,0.0,0.0,-1.0,-1.0,-1.0,1.5099999999999998,0.96,1.5,-0.76
2025,16,0.0,2025_16_BUF_CLE,Cleveland Browns,David Njoku,TE,00-0033885,1.0,0.0,0.0,0.0,0.0,0.0,0.0,0.0,3.88,2.6,15.7,0.13,0.1235,58.46,38.12,17.54,213.8,64.1,1.3830829891282124,0.2315890479121665,0.9529037828091216,0.0,0.0,david njoku,davidnjoku,dnjoku,Cleveland Browns,00-0033885,,,,,,,,,,,,,,,,,,,,,,,,,
2025,16,0.0,2025_16_BUF_CLE,Cleveland Browns,Blake Whiteheart,TE,00-0038710,1.0,0.0,0.0,0.0,0.0,0.0,0.0,0.0,0.0,0.0,0.0,0.0,0.0,58.46,38.12,17.54,213.8,64.1,1.3830829891282124,0.2315890479121665,0.9529037828091216,1.0,1.0,blake whiteheart,blakewhiteheart,bwhiteheart,Cleveland Browns,00-0038710,,,,,,,,,,,,,,,,,,,,,,,,,
2025,16,0.0,2025_16_BUF_CLE,Cleveland Browns,Brenden Bates,TE,00-0039458,1.0,0.0,0.0,0.0,0.0,0.0,0.0,0.0,0.0,0.0,0.0,0.0,0.0,58.46,38.12,17.54,213.8,64.1,1.3830829891282124,0.2315890479121665,0.9529037828091216,1.0,1.0,brenden bates,brendenbates,bbates,Cleveland Browns,00-0039458,0.0,0.0,0.0,0.0,0.0,0.0,0.0,1.0,0.0,0.0,0.0,B.Bates,CLE,team_norm & _alias_init_last,0.0,0.0,0.0,0.0,0.0,0.0,0.0,-1.0,0.0,0.0,0.0
2025,16,0.0,2025_16_BUF_CLE,Cleveland Browns,Jerry Jeudy,WR,00-0036407,1.0,0.0,0.0,0.0,0.0,0.0,0.0,0.0,8.55,4.77,39.7,0.29,0.2486,58.46,38.12,17.54,213.8,64.1,1.3830829891282124,0.2315890479121665,0.9529037828091216,1.0,1.0,jerry jeudy,jerryjeudy,jjeudy,Cleveland Browns,00-0036407,0.0,0.0,0.0,0.0,0.0,0.0,0.0,4.0,3.0,12.0,0.0,J.Jeudy,CLE,team_norm & _alias_init_last,0.0,0.0,0.0,0.0,0.0,0.0,0.0,4.550000000000001,1.7699999999999996,27.700000000000003,0.29
2025,16,0.0,2025_16_BUF_CLE,Cleveland Browns,Cedric Tillman,WR,00-0038979,1.0,0.0,0.0,0.0,0.0,0.0,0.0,0.0,6.44,3.14,30.3,0.22,0.2,58.46,38.12,17.54,213.8,64.1,1.3830829891282124,0.2315890479121665,0.9529037828091216,1.0,1.0,cedric tillman,cedrictillman,ctillman,Cleveland Browns,00-0038979,0.0,0.0,0.0,0.0,0.0,0.0,0.0,1.0,1.0,8.0,0.0,C.Tillman,CLE,team_norm & _alias_init_last,0.0,0.0,0.0,0.0,0.0,0.0,0.0,5.44,2.14,22.3,0.22
2025,16,0.0,2025_16_BUF_CLE,Cleveland Browns,Isaiah Bond,WR,00-0040782,1.0,0.0,0.0,0.0,0.0,0.0,0.0,0.0,4.29,1.97,23.9,0.15,0.1367,58.46,38.12,17.54,213.8,64.1,1.3830829891282124,0.2315890479121665,0.9529037828091216,1.0,1.0,isaiah bond,isaiahbond,ibond,Cleveland Browns,00-0040782,0.0,0.0,0.0,0.0,1.0,-1.0,0.0,0.0,0.0,0.0,0.0,I.Bond,CLE,team_norm & _alias_init_last,0.0,0.0,0.0,0.0,-1.0,1.0,0.0,4.29,1.97,23.9,0.15
2025,16,0.0,2025_16_BUF_CLE,Cleveland Browns,Cade McDonald,WR,00-0040615,1.0,0.0,0.0,0.0,0.0,0.0,0.0,0.0,0.0,0.0,0.0,0.0,0.0,58.46,38.12,17.54,213.8,64.1,1.3830829891282124,0.2315890479121665,0.9529037828091216,0.0,0.0,cade mcdonald,cademcdonald,cmcdonald,Cleveland Browns,00-0040615,,,,,,,,,,,,,,,,,,,,,,,,,
2025,16,0.0,2025_16_BUF_CLE,Cleveland Browns,Chase Cota,WR,00-0038651,1.0,0.0,0.0,0.0,0.0,0.0,0.0,0.0,0.0,0.0,0.0,0.0,0.0,58.46,38.12,17.54,213.8,64.1,1.3830829891282124,0.2315890479121665,0.9529037828091216,0.0,0.0,chase cota,chasecota,ccota,Cleveland Browns,00-0038651,,,,,,,,,,,,,,,,,,,,,,,,,
2025,16,0.0,2025_16_BUF_CLE,Cleveland Browns,David Bell,WR,00-0037257,1.0,0.0,0.0,0.0,0.0,0.0,0.0,0.0,0.0,0.0,0.0,0.0,0.0,58.46,38.12,17.54,213.8,64.1,1.3830829891282124,0.2315890479121665,0.9529037828091216,1.0,1.0,david bell,davidbell,dbell,Cleveland Browns,00-0037257,,,,,,,,,,,,,,,,,,,,,,,,,
2025,16,0.0,2025_16_BUF_CLE,Cleveland Browns,Gage Larvadain,WR,00-0040259,1.0,0.0,0.0,0.0,0.0,0.0,0.0,0.0,0.0,0.0,0.0,0.0,0.0,58.46,38.12,17.54,213.8,64.1,1.3830829891282124,0.2315890479121665,0.9529037828091216,1.0,1.0,gage larvadain,gagelarvadain,glarvadain,Cleveland Browns,,,,,,,,,,,,,,,,,,,,,,,,,,
2025,16,0.0,2025_16_BUF_CLE,Cleveland Browns,Malachi Corley,WR,00-0039920,1.0,0.0,0.0,0.0,0.0,0.0,0.0,0.0,0.0,0.0,0.0,0.0,0.0,58.46,38.12,17.54,213.8,64.1,1.3830829891282124,0.2315890479121665,0.9529037828091216,1.0,1.0,malachi corley,malachicorley,mcorley,Cleveland Browns,00-0039920,0.0,0.0,0.0,0.0,3.0,30.0,0.0,4.0,2.0,11.0,0.0,M.Corley,CLE,team_norm & _alias_init_last,0.0,0.0,0.0,0.0,-3.0,-30.0,0.0,-4.0,-2.0,-11.0,0.0
2025,16,0.0,2025_16_CIN_MIA,Cincinnati Bengals,Joe Burrow,QB,00-0036442,1.0,40.71,239.8,1.9,0.91,3.85,10.6,0.09,0.0,0.0,0.0,0.0,0.0829,72.0,42.65,26.53,239.3,97.0,1.665974164673849,0.5310727828773385,1.066209206501624,1.0,1.0,joe burrow,joeburrow,jburrow,Cincinnati Bengals,00-0036442,35.0,309.0,4.0,0.0,1.0,1.0,0.0,0.0,0.0,0.0,0.0,J.Burrow,CIN,team_norm & _alias_init_last,5.710000000000001,-69.19999999999999,-2.1,0.91,2.85,9.6,0.09,0.0,0.0,0.0,0.0
2025,16,0.0,2025_16_CIN_MIA,Cincinnati Bengals,Chase Brown,RB,00-0038597,1.0,0.0,0.0,0.0,0.0,14.58,43.2,0.36,5.09,3.79,20.4,0.2,0.4292,72.0,42.65,26.53,239.3,97.0,1.665974164673849,0.5310727828773385,1.066209206501624,1.0,1.0,chase brown,chasebrown,cbrown,Cincinnati Bengals,00-0038597,0.0,0.0,0.0,0.0,12.0,66.0,1.0,4.0,4.0,43.0,2.0,C.Brown,CIN,team_norm & _alias_init_last,0.0,0.0,0.0,0.0,2.58,-22.799999999999997,-0.64,1.0899999999999999,-0.20999999999999996,-22.6,-1.8
2025,16,0.0,2025_16_CIN_MIA,Cincinnati Bengals,Samaje Perine,RB,00-0033526,1.0,0.0,0.0,0.0,0.0,8.1,25.0,0.13,3.17,2.34,12.0,0.12,0.2202,72.0,42.65,26.53,239.3,97.0,1.665974164673849,0.5310727828773385,1.066209206501624,1.0,1.0,samaje perine,samajeperine,sperine,Cincinnati Bengals,00-0033526,0.0,0.0,0.0,0.0,7.0,25.0,1.0,3.0,2.0,16.0,0.0,S.Perine,CIN,team_norm & _alias_init_last,0.0,0.0,0.0,0.0,1.0999999999999996,0.0,-0.87,0.16999999999999993,0.33999999999999986,-4.0,0.12
2025,16,0.0,2025_16_CIN_MIA,Cincinnati Bengals,Tahj Brooks,RB,00-0040208,1.0,0.0,0.0,0.0,0.0,0.0,0.0,0.0,0.0,0.0,0.0,0.0,0.0,72.0,42.65,26.53,239.3,97.0,1.665974164673849,0.5310727828773385,1.066209206501624,1.0,1.0,tahj brooks,tahjbrooks,tbrooks,Cincinnati Bengals,00-0040208,0.0,0.0,0.0,0.0,4.0,7.0,0.0,0.0,0.0,0.0,0.0,T.Brooks,CIN,team_norm & _alias_init_last,0.0,0.0,0.0,0.0,-4.0,-7.0,0.0,0.0,0.0,0.0,0.0
2025,16,0.0,2025_16_CIN_MIA,Cincinnati Bengals,Mike Gesicki,TE,00-0034829,1.0,0.0,0.0,0.0,0.0,0.0,0.0,0.0,9.0,6.17,41.5,0.33,0.2823,72.0,42.65,26.53,239.3,97.0,1.665974164673849,0.5310727828773385,1.066209206501624,1.0,1.0,mike gesicki,mikegesicki,mgesicki,Cincinnati Bengals,00-0034829,0.0,0.0,0.0,0.0,0.0,0.0,0.0,4.0,3.0,35.0,1.0,M.Gesicki,CIN,team_norm & _alias_init_last,0.0,0.0,0.0,0.0,0.0,0.0,0.0,5.0,3.17,6.5,-0.6699999999999999
2025,16,0.0,2025_16_CIN_MIA,Cincinnati Bengals,Noah Fant,TE,00-0035644,1.0,0.0,0.0,0.0,0.0,0.0,0.0,0.0,4.65,3.55,20.2,0.16,0.1477,72.0,42.65,26.53,239.3,97.0,1.665974164673849,0.5310727828773385,1.066209206501624,0.0,0.0,noah fant,noahfant,nfant,Cincinnati Bengals,00-0035644,,,,,,,,,,,,,,,,,,,,,,,,,
2025,16,0.0,2025_16_CIN_MIA,Cincinnati Bengals,Cam Grandy,TE,00-0039631,1.0,0.0,0.0,0.0,0.0,0.0,0.0,0.0,0.0,0.0,0.0,0.0,0.0,72.0,42.65,26.53,239.3,97.0,1.665974164673849,0.5310727828773385,1.066209206501624,1.0,1.0,cam grandy,camgrandy,cgrandy,Cincinnati Bengals,00-0039631,0.0,0.0,0.0,0.0,0.0,0.0,0.0,1.0,1.0,1.0,0.0,C.Grandy,CIN,team_norm & _alias_init_last,0.0,0.0,0.0,0.0,0.0,0.0,0.0,-1.0,-1.0,-1.0,0.0
2025,16,0.0,2025_16_CIN_MIA,Cincinnati Bengals,Drew Sample,TE,00-0035631,1.0,0.0,0.0,0.0,0.0,0.0,0.0,0.0,0.0,0.0,0.0,0.0,0.0,72.0,42.65,26.53,239.3,97.0,1.665974164673849,0.5310727828773385,1.066209206501624,1.0,1.0,drew sample,drewsample,dsample,Cincinnati Bengals,00-0035631,0.0,0.0,0.0,0.0,0.0,0.0,0.0,2.0,2.0,31.0,0.0,D.Sample,CIN,team_norm & _alias_init_last,0.0,0.0,0.0,0.0,0.0,0.0,0.0,-2.0,-2.0,-31.0,0.0
2025,16,0.0,2025_16_CIN_MIA,Cincinnati Bengals,Tanner Hudson,TE,00-0034613,1.0,0.0,0.0,0.0,0.0,0.0,0.0,0.0,0.0,0.0,0.0,0.0,0.0,72.0,42.65,26.53,239.3,97.0,1.665974164673849,0.5310727828773385,1.066209206501624,1.0,1.0,tanner hudson,tannerhudson,thudson,Cincinnati Bengals,00-0034613,0.0,0.0,0.0,0.0,0.0,0.0,0.0,1.0,1.0,4.0,0.0,T.Hudson,CIN,team_norm & _alias_init_last,0.0,0.0,0.0,0.0,0.0,0.0,0.0,-1.0,-1.0,-4.0,0.0
2025,16,0.0,2025_16_CIN_MIA,Cincinnati Bengals,Ja'Marr Chase,WR,00-0036900,1.0,0.0,0.0,0.0,0.0,0.0,0.0,0.0,9.16,5.67,39.3,0.35,0.2919,72.0,42.65,26.53,239.3,97.0,1.665974164673849,0.5310727828773385,1.066209206501624,1.0,1.0,ja'marr chase,jamarrchase,jchase,Cincinnati Bengals,00-0036900,0.0,0.0,0.0,0.0,0.0,0.0,0.0,11.0,9.0,109.0,0.0,J.Chase,CIN,team_norm & _alias_init_last,0.0,0.0,0.0,0.0,0.0,0.0,0.0,-1.8399999999999999,-3.33,-69.7,0.35
2025,16,0.0,2025_16_CIN_MIA,Cincinnati Bengals,Tee Higgins,WR,00-0036410,1.0,0.0,0.0,0.0,0.0,0.0,0.0,0.0,6.9,3.98,29.9,0.26,0.2309,72.0,42.65,26.53,239.3,97.0,1.665974164673849,0.5310727828773385,1.066209206501624,1.0,1.0,tee higgins,teehiggins,thiggins,Cincinnati Bengals,00-0036410,0.0,0.0,0.0,0.0,0.0,0.0,0.0,3.0,3.0,53.0,1.0,T.Higgins,CIN,team_norm & _alias_init_last,0.0,0.0,0.0,0.0,0.0,0.0,0.0,3.9000000000000004,0.98,-23.1,-0.74
2025,16,0.0,2025_16_CIN_MIA,Cincinnati Bengals,Andrei Iosivas,WR,00-0038619,1.0,0.0,0.0,0.0,0.0,0.0,0.0,0.0,4.6,2.39,20.2,0.17,0.1601,72.0,42.65,26.53,239.3,97.0,1.665974164673849,0.5310727828773385,1.066209206501624,1.0,1.0,andrei iosivas,andreiiosivas,aiosivas,Cincinnati Bengals,00-0038619,0.0,0.0,0.0,0.0,0.0,0.0,0.0,1.0,1.0,21.0,0.0,A.Iosivas,CIN,team_norm & _alias_init_last,0.0,0.0,0.0,0.0,0.0,0.0,0.0,3.5999999999999996,1.3900000000000001,-0.8000000000000007,0.17
2025,16,0.0,2025_16_CIN_MIA,Cincinnati Bengals,Charlie Jones,WR,00-0038576,1.0,0.0,0.0,0.0,0.0,0.0,0.0,0.0,0.0,0.0,0.0,0.0,0.0,72.0,42.65,26.53,239.3,97.0,1.665974164673849,0.5310727828773385,1.066209206501624,0.0,0.0,charlie jones,charliejones,cjones,Cincinnati Bengals,00-0038576,,,,,,,,,,,,,,,,,,,,,,,,,
2025,16,0.0,2025_16_CIN_MIA,Cincinnati Bengals,Cole Burgess,WR,00-0039626,1.0,0.0,0.0,0.0,0.0,0.0,0.0,0.0,0.0,0.0,0.0,0.0,0.0,72.0,42.65,26.53,239.3,97.0,1.665974164673849,0.5310727828773385,1.066209206501624,0.0,0.0,cole burgess,coleburgess,cburgess,Cincinnati Bengals,00-0039626,,,,,,,,,,,,,,,,,,,,,,,,,
2025,16,0.0,2025_16_CIN_MIA,Cincinnati Bengals,Ke'Shawn Williams,WR,00-0040534,1.0,0.0,0.0,0.0,0.0,0.0,0.0,0.0,0.0,0.0,0.0,0.0,0.0,72.0,42.65,26.53,239.3,97.0,1.665974164673849,0.5310727828773385,1.066209206501624,1.0,1.0,ke'shawn williams,keshawnwilliams,kwilliams,Cincinnati Bengals,00-0040534,0.0,0.0,0.0,0.0,1.0,1.0,0.0,0.0,0.0,0.0,0.0,K.Williams,CIN,team_norm & _alias_init_last,0.0,0.0,0.0,0.0,-1.0,-1.0,0.0,0.0,0.0,0.0,0.0
2025,16,0.0,2025_16_CIN_MIA,Cincinnati Bengals,Mitchell Tinsley,WR,00-0038839,1.0,0.0,0.0,0.0,0.0,0.0,0.0,0.0,0.0,0.0,0.0,0.0,0.0,72.0,42.65,26.53,239.3,97.0,1.665974164673849,0.5310727828773385,1.066209206501624,1.0,1.0,mitchell tinsley,mitchelltinsley,mtinsley,Cincinnati Bengals,00-0038839,0.0,0.0,0.0,0.0,0.0,0.0,0.0,1.0,0.0,0.0,0.0,M.Tinsley,CIN,team_norm & _alias_init_last,0.0,0.0,0.0,0.0,0.0,0.0,0.0,-1.0,0.0,0.0,0.0
2025,16,0.0,2025_16_CIN_MIA,Miami Dolphins,Quinn Ewers,QB,00-0040234,1.0,35.12,195.0,2.83,0.77,0.43,1.3,0.01,0.0,0.0,0.0,0.0,0.0138,55.0,36.12,16.5,202.6,60.3,2.7741775089649465,0.574577937310349,0.9029787212651272,1.0,1.0,quinn ewers,quinnewers,qewers,Miami Dolphins,00-0040234,32.0,260.0,0.0,2.0,1.0,0.0,0.0,0.0,0.0,0.0,0.0,Q.Ewers,MIA,team_norm & _alias_init_last,3.1199999999999974,-65.0,2.83,-1.23,-0.5700000000000001,1.3,0.01,0.0,0.0,0.0,0.0
2025,16,0.0,2025_16_CIN_MIA,Miami Dolphins,De'Von Achane,RB,00-0039040,1.0,0.0,0.0,0.0,0.0,10.33,31.5,0.43,4.38,3.27,17.5,0.34,0.5391,55.0,36.12,16.5,202.6,60.3,2.7741775089649465,0.574577937310349,0.9029787212651272,1.0,1.0,de'von achane,devonachane,dachane,Miami Dolphins,00-0039040,0.0,0.0,0.0,0.0,15.0,81.0,1.0,4.0,3.0,9.0,0.0,D.Achane,MIA,team_norm & _alias_init_last,0.0,0.0,0.0,0.0,-4.67,-49.5,-0.5700000000000001,0.3799999999999999,0.27,8.5,0.34
2025,16,0.0,2025_16_CIN_MIA,Miami Dolphins,Jaylen Wright,RB,00-0039874,1.0,0.0,0.0,0.0,0.0,5.74,18.5,0.15,2.72,1.64,13.0,0.21,0.299,55.0,36.12,16.5,202.6,60.3,2.7741775089649465,0.574577937310349,0.9029787212651272,1.0,1.0,jaylen wright,jaylenwright,jwright,Miami Dolphins,00-0039874,0.0,0.0,0.0,0.0,9.0,35.0,1.0,2.0,1.0,18.0,0.0,J.Wright,MIA,team_norm & _alias_init_last,0.0,0.0,0.0,0.0,-3.26,-16.5,-0.85,0.7200000000000002,0.6399999999999999,-5.0,0.21
2025,16,0.0,2025_16_CIN_MIA,Miami Dolphins,Ollie Gordon II,RB,00-0040198,1.0,0.0,0.0,0.0,0.0,0.0,0.0,0.0,0.0,0.0,0.0,0.0,0.0,55.0,36.12,16.5,202.6,60.3,2.7741775089649465,0.574577937310349,0.9029787212651272,1.0,1.0,ollie gordon ii,olliegordonii,ogordon,Miami Dolphins,00-0040198,0.0,0.0,0.0,0.0,1.0,-1.0,0.0,0.0,0.0,0.0,0.0,O.Gordon,MIA,team_norm & _alias_init_last,0.0,0.0,0.0,0.0,-1.0,1.0,0.0,0.0,0.0,0.0,0.0
2025,16,0.0,2025_16_CIN_MIA,Miami Dolphins,Darren Waller,TE,00-0031610,1.0,0.0,0.0,0.0,0.0,0.0,0.0,0.0,7.71,5.4,38.8,0.56,0.4273,55.0,36.12,16.5,202.6,60.3,2.7741775089649465,0.574577937310349,0.9029787212651272,1.0,1.0,darren waller,darrenwaller,dwaller,Miami Dolphins,00-0031610,0.0,0.0,0.0,0.0,0.0,0.0,0.0,5.0,3.0,40.0,0.0,D.Waller,MIA,team_norm & _alias_init_last,0.0,0.0,0.0,0.0,0.0,0.0,0.0,2.71,2.4000000000000004,-1.2000000000000028,0.56
2025,16,0.0,2025_16_CIN_MIA,Miami Dolphins,Greg Dulcich,TE,00-0037252,1.0,0.0,0.0,0.0,0.0,0.0,0.0,0.0,3.99,2.56,19.2,0.28,0.2438,55.0,36.12,16.5,202.6,60.3,2.7741775089649465,0.574577937310349,0.9029787212651272,1.0,1.0,greg dulcich,gregdulcich,gdulcich,Miami Dolphins,00-0037252,0.0,0.0,0.0,0.0,0.0,0.0,0.0,3.0,3.0,46.0,0.0,G.Dulcich,MIA,team_norm & _alias_init_last,0.0,0.0,0.0,0.0,0.0,0.0,0.0,0.9900000000000002,-0.43999999999999995,-26.8,0.28
2025,16,0.0,2025_16_CIN_MIA,Miami Dolphins,Julian Hill,TE,00-0038720,1.0,0.0,0.0,0.0,0.0,0.0,0.0,0.0,0.0,0.0,0.0,0.0,0.0,55.0,36.12,16.5,202.6,60.3,2.7741775089649465,0.574577937310349,0.9029787212651272,1.0,1.0,julian hill,julianhill,jhill,Miami Dolphins,00-0038720,,,,,,,,,,,,,,,,,,,,,,,,,
2025,16,0.0,2025_16_CIN_MIA,Miami Dolphins,Jaylen Waddle,WR,00-0036613,1.0,0.0,0.0,0.0,0.0,0.0,0.0,0.0,7.5,4.38,33.7,0.53,0.4086,55.0,36.12,16.5,202.6,60.3,2.7741775089649465,0.574577937310349,0.9029787212651272,1.0,1.0,jaylen waddle,jaylenwaddle,jwaddle,Miami Dolphins,00-0036613,0.0,0.0,0.0,0.0,0.0,0.0,0.0,9.0,5.0,72.0,0.0,J.Waddle,MIA,team_norm & _alias_init_last,0.0,0.0,0.0,0.0,0.0,0.0,0.0,-1.5,-0.6200000000000001,-38.3,0.53
2025,16,0.0,2025_16_CIN_MIA,Miami Dolphins,Malik Washington,WR,00-0039880,1.0,0.0,0.0,0.0,0.0,0.0,0.0,0.0,5.65,3.68,29.5,0.42,0.3406,55.0,36.12,16.5,202.6,60.3,2.7741775089649465,0.574577937310349,0.9029787212651272,1.0,1.0,malik washington,malikwashington,mwashington,Miami Dolphins,00-0039880,0.0,0.0,0.0,0.0,1.0,9.0,1.0,1.0,1.0,23.0,0.0,M.Washington,MIA,team_norm & _alias_init_last,0.0,0.0,0.0,0.0,-1.0,-9.0,-1.0,4.65,2.68,6.5,0.42
2025,16,0.0,2025_16_CIN_MIA,Miami Dolphins,Cedrick Wilson Jr.,WR,00-0034418,1.0,0.0,0.0,0.0,0.0,0.0,0.0,0.0,3.76,2.1,18.2,0.27,0.235,55.0,36.12,16.5,202.6,60.3,2.7741775089649465,0.574577937310349,0.9029787212651272,1.0,1.0,cedrick wilson jr.,cedrickwilsonjr,cwilson,Miami Dolphins,00-0034418,0.0,0.0,0.0,0.0,0.0,0.0,0.0,1.0,1.0,11.0,0.0,C.Wilson,MIA,team_norm & _alias_init_last,0.0,0.0,0.0,0.0,0.0,0.0,0.0,2.76,1.1,7.199999999999999,0.27
2025,16,0.0,2025_16_CIN_MIA,Miami Dolphins,Dee Eskridge,WR,00-0036620,1.0,0.0,0.0,0.0,0.0,0.0,0.0,0.0,0.0,0.0,0.0,0.0,0.0,55.0,36.12,16.5,202.6,60.3,2.7741775089649465,0.574577937310349,0.9029787212651272,1.0,1.0,dee eskridge,deeeskridge,deskridge,Miami Dolphins,00-0036620,,,,,,,,,,,,,,,,,,,,,,,,,
2025,16,0.0,2025_16_CIN_MIA,Miami Dolphins,Theo Wease Jr.,WR,00-0040311,1.0,0.0,0.0,0.0,0.0,0.0,0.0,0.0,0.0,0.0,0.0,0.0,0.0,55.0,36.12,16.5,202.6,60.3,2.7741775089649465,0.574577937310349,0.9029787212651272,1.0,1.0,theo wease jr.,theoweasejr,twease,Miami Dolphins,00-0040311,0.0,0.0,0.0,0.0,0.0,0.0,0.0,4.0,2.0,32.0,0.0,T.Wease,MIA,team_norm & _alias_init_last,0.0,0.0,0.0,0.0,0.0,0.0,0.0,-4.0,-2.0,-32.0,0.0
2025,16,0.0,2025_16_GB_CHI,Chicago Bears,Caleb Williams,QB,00-0039918,1.0,34.58,199.5,2.37,0.73,8.74,24.9,0.41,0.0,0.0,0.0,0.0,0.3353,72.0,34.44,35.45,193.2,129.6,2.974771101845897,1.56744767267762,0.860964794931951,1.0,1.0,caleb williams,calebwilliams,cwilliams,Chicago Bears,00-0035857,41.0,250.0,2.0,0.0,0.0,0.0,0.0,0.0,0.0,0.0,0.0,C.Williams,CHI,team_norm & _alias_init_last,-6.420000000000002,-50.5,0.3700000000000001,0.73,8.74,24.9,0.41,0.0,0.0,0.0,0.0
2025,16,0.0,2025_16_GB_CHI,Chicago Bears,D'Andre Swift,RB,00-0036275,1.0,0.0,0.0,0.0,0.0,17.17,53.3,0.93,4.15,2.89,14.8,0.35,0.7213,72.0,34.44,35.45,193.2,129.6,2.974771101845897,1.56744767267762,0.860964794931951,1.0,1.0,d'andre swift,dandreswift,dswift,Chicago Bears,00-0036275,0.0,0.0,0.0,0.0,13.0,58.0,0.0,2.0,2.0,12.0,0.0,D.Swift,CHI,team_norm & _alias_init_last,0.0,0.0,0.0,0.0,4.170000000000002,-4.700000000000003,0.93,2.1500000000000004,0.8900000000000001,2.8000000000000007,0.35
2025,16,0.0,2025_16_GB_CHI,Chicago Bears,Kyle Monangai,RB,00-0040236,1.0,0.0,0.0,0.0,0.0,9.54,29.1,0.34,2.58,1.52,10.3,0.22,0.4304,72.0,34.44,35.45,193.2,129.6,2.974771101845897,1.56744767267762,0.860964794931951,1.0,1.0,kyle monangai,kylemonangai,kmonangai,Chicago Bears,00-0040236,0.0,0.0,0.0,0.0,9.0,50.0,0.0,5.0,3.0,43.0,0.0,K.Monangai,CHI,team_norm & _alias_init_last,0.0,0.0,0.0,0.0,0.5399999999999991,-20.9,0.34,-2.42,-1.48,-32.7,0.22
2025,16,0.0,2025_16_GB_CHI,Chicago Bears,Travis Homer,RB,00-0035594,1.0,0.0,0.0,0.0,0.0,0.0,0.0,0.0,0.0,0.0,0.0,0.0,0.0,72.0,34.44,35.45,193.2,129.6,2.974771101845897,1.56744767267762,0.860964794931951,1.0,1.0,travis homer,travishomer,thomer,Chicago Bears,00-0035594,,,,,,,,,,,,,,,,,,,,,,,,,
2025,16,0.0,2025_16_GB_CHI,Chicago Bears,Colston Loveland,TE,00-0040126,1.0,0.0,0.0,0.0,0.0,0.0,0.0,0.0,7.04,5.04,34.1,0.58,0.4393,72.0,34.44,35.45,193.2,129.6,2.974771101845897,1.56744767267762,0.860964794931951,1.0,1.0,colston loveland,colstonloveland,cloveland,Chicago Bears,00-0040126,0.0,0.0,0.0,0.0,0.0,0.0,0.0,5.0,3.0,30.0,0.0,C.Loveland,CHI,team_norm & _alias_init_last,0.0,0.0,0.0,0.0,0.0,0.0,0.0,2.04,2.04,4.100000000000001,0.58
2025,16,0.0,2025_16_GB_CHI,Chicago Bears,Cole Kmet,TE,00-0036290,1.0,0.0,0.0,0.0,0.0,0.0,0.0,0.0,3.64,2.83,15.0,0.29,0.2543,72.0,34.44,35.45,193.2,129.6,2.974771101845897,1.56744767267762,0.860964794931951,1.0,1.0,cole kmet,colekmet,ckmet,Chicago Bears,00-0036290,0.0,0.0,0.0,0.0,0.0,0.0,0.0,3.0,2.0,14.0,0.0,C.Kmet,CHI,team_norm & _alias_init_last,0.0,0.0,0.0,0.0,0.0,0.0,0.0,0.6400000000000001,0.8300000000000001,1.0,0.29
2025,16,0.0,2025_16_GB_CHI,Chicago Bears,Durham Smythe,TE,00-0034798,1.0,0.0,0.0,0.0,0.0,0.0,0.0,0.0,0.0,0.0,0.0,0.0,0.0,72.0,34.44,35.45,193.2,129.6,2.974771101845897,1.56744767267762,0.860964794931951,1.0,1.0,durham smythe,durhamsmythe,dsmythe,Chicago Bears,00-0034798,,,,,,,,,,,,,,,,,,,,,,,,,
2025,16,0.0,2025_16_GB_CHI,Chicago Bears,Rome Odunze,WR,00-0039919,1.0,0.0,0.0,0.0,0.0,0.0,0.0,0.0,7.51,3.61,36.5,0.63,0.4663,72.0,34.44,35.45,193.2,129.6,2.974771101845897,1.56744767267762,0.860964794931951,0.0,0.0,rome odunze,romeodunze,rodunze,Chicago Bears,00-0039919,,,,,,,,,,,,,,,,,,,,,,,,,
2025,16,0.0,2025_16_GB_CHI,Chicago Bears,DJ Moore,WR,00-0034827,1.0,0.0,0.0,0.0,0.0,0.0,0.0,0.0,5.65,3.23,23.9,0.45,0.3629,72.0,34.44,35.45,193.2,129.6,2.974771101845897,1.56744767267762,0.860964794931951,1.0,1.0,dj moore,djmoore,dmoore,Chicago Bears,00-0034827,0.0,0.0,0.0,0.0,1.0,12.0,0.0,7.0,5.0,97.0,1.0,D.Moore,CHI,team_norm & _alias_init_last,0.0,0.0,0.0,0.0,-1.0,-12.0,0.0,-1.3499999999999996,-1.77,-73.1,-0.55
2025,16,0.0,2025_16_GB_CHI,Chicago Bears,Luther Burden III,WR,00-0040735,1.0,0.0,0.0,0.0,0.0,0.0,0.0,0.0,3.77,2.42,18.8,0.3,0.2582,72.0,34.44,35.45,193.2,129.6,2.974771101845897,1.56744767267762,0.860964794931951,0.0,0.0,luther burden iii,lutherburdeniii,lburden,Chicago Bears,00-0040735,,,,,,,,,,,,,,,,,,,,,,,,,
2025,16,0.0,2025_16_GB_CHI,Chicago Bears,Devin Duvernay,WR,00-0036331,1.0,0.0,0.0,0.0,0.0,0.0,0.0,0.0,0.0,0.0,0.0,0.0,0.0,72.0,34.44,35.45,193.2,129.6,2.974771101845897,1.56744767267762,0.860964794931951,1.0,1.0,devin duvernay,devinduvernay,dduvernay,Chicago Bears,00-0036331,,,,,,,,,,,,,,,,,,,,,,,,,
2025,16,0.0,2025_16_GB_CHI,Chicago Bears,Jahdae Walker,WR,00-0040277,1.0,0.0,0.0,0.0,0.0,0.0,0.0,0.0,0.0,0.0,0.0,0.0,0.0,72.0,34.44,35.45,193.2,129.6,2.974771101845897,1.56744767267762,0.860964794931951,1.0,1.0,jahdae walker,jahdaewalker,jwalker,Chicago Bears,00-0040277,0.0,0.0,0.0,0.0,0.0,0.0,0.0,3.0,2.0,21.0,1.0,J.Walker,CHI,team_norm & _alias_init_last,0.0,0.0,0.0,0.0,0.0,0.0,0.0,-3.0,-2.0,-21.0,-1.0
2025,16,0.0,2025_16_GB_CHI,Chicago Bears,Maurice Alexander,WR,00-0037708,1.0,0.0,0.0,0.0,0.0,0.0,0.0,0.0,0.0,0.0,0.0,0.0,0.0,72.0,34.44,35.45,193.2,129.6,2.974771101845897,1.56744767267762,0.860964794931951,1.0,1.0,maurice alexander,mauricealexander,malexander,Chicago Bears,00-0037708,,,,,,,,,,,,,,,,,,,,,,,,,
2025,16,0.0,2025_16_GB_CHI,Chicago Bears,Olamide Zaccheaus,WR,00-0035208,1.0,0.0,0.0,0.0,0.0,0.0,0.0,0.0,0.0,0.0,0.0,0.0,0.0,72.0,34.44,35.45,193.2,129.6,2.974771101845897,1.56744767267762,0.860964794931951,1.0,1.0,olamide zaccheaus,olamidezaccheaus,ozaccheaus,Chicago Bears,00-0035208,0.0,0.0,0.0,0.0,0.0,0.0,0.0,5.0,2.0,33.0,0.0,O.Zaccheaus,CHI,team_norm & _alias_init_last,0.0,0.0,0.0,0.0,0.0,0.0,0.0,-5.0,-2.0,-33.0,0.0
2025,16,0.0,2025_16_GB_CHI,Green Bay Packers,Jordan Love,QB,00-0036264,1.0,41.17,304.9,2.3,1.01,2.22,8.4,0.06,0.0,0.0,0.0,0.0,0.056,72.0,47.53,21.6,360.8,106.8,2.555301466574876,0.5342841145023987,1.188266106811288,1.0,1.0,jordan love,jordanlove,jlove,Green Bay Packers,00-0036264,16.0,77.0,0.0,0.0,1.0,0.0,0.0,0.0,0.0,0.0,0.0,J.Love,GB,team_norm & _alias_init_last,25.17,227.89999999999998,2.3,1.01,1.2200000000000002,8.4,0.06,0.0,0.0,0.0,0.0
2025,16,0.0,2025_16_GB_CHI,Green Bay Packers,Josh Jacobs,RB,00-0035700,1.0,0.0,0.0,0.0,0.0,12.46,51.0,0.38,5.72,4.16,28.0,0.3,0.4939,72.0,47.53,21.6,360.8,106.8,2.555301466574876,0.5342841145023987,1.188266106811288,1.0,1.0,josh jacobs,joshjacobs,jjacobs,Green Bay Packers,00-0035700,0.0,0.0,0.0,0.0,12.0,36.0,0.0,2.0,2.0,12.0,0.0,J.Jacobs,GB,team_norm & _alias_init_last,0.0,0.0,0.0,0.0,0.46000000000000085,15.0,0.38,3.7199999999999998,2.16,16.0,0.3
2025,16,0.0,2025_16_GB_CHI,Green Bay Packers,Emanuel Wilson,RB,00-0038797,1.0,0.0,0.0,0.0,0.0,6.92,29.4,0.14,3.56,2.49,20.7,0.19,0.2802,72.0,47.53,21.6,360.8,106.8,2.555301466574876,0.5342841145023987,1.188266106811288,1.0,1.0,emanuel wilson,emanuelwilson,ewilson,Green Bay Packers,00-0038797,0.0,0.0,0.0,0.0,14.0,82.0,0.0,0.0,0.0,0.0,0.0,E.Wilson,GB,team_norm & _alias_init_last,0.0,0.0,0.0,0.0,-7.08,-52.6,0.14,3.56,2.49,20.7,0.19
2025,16,0.0,2025_16_GB_CHI,Green Bay Packers,Chris Brooks,RB,00-0038685,1.0,0.0,0.0,0.0,0.0,0.0,0.0,0.0,0.0,0.0,0.0,0.0,0.0,72.0,47.53,21.6,360.8,106.8,2.555301466574876,0.5342841145023987,1.188266106811288,1.0,1.0,chris brooks,chrisbrooks,cbrooks,Green Bay Packers,00-0038685,0.0,0.0,0.0,0.0,1.0,4.0,0.0,0.0,0.0,0.0,0.0,C.Brooks,GB,team_norm & _alias_init_last,0.0,0.0,0.0,0.0,-1.0,-4.0,0.0,0.0,0.0,0.0,0.0
2025,16,0.0,2025_16_GB_CHI,Green Bay Packers,Luke Musgrave,TE,00-0039144,1.0,0.0,0.0,0.0,0.0,0.0,0.0,0.0,9.74,7.21,64.0,0.47,0.3755,72.0,47.53,21.6,360.8,106.8,2.555301466574876,0.5342841145023987,1.188266106811288,1.0,1.0,luke musgrave,lukemusgrave,lmusgrave,Green Bay Packers,00-0039144,0.0,0.0,0.0,0.0,0.0,0.0,0.0,3.0,3.0,38.0,0.0,L.Musgrave,GB,team_norm & _alias_init_last,0.0,0.0,0.0,0.0,0.0,0.0,0.0,6.74,4.21,26.0,0.47
2025,16,0.0,2025_16_GB_CHI,Green Bay Packers,Josh Whyle,TE,00-0038589,1.0,0.0,0.0,0.0,0.0,0.0,0.0,0.0,5.04,3.85,34.8,0.26,0.2296,72.0,47.53,21.6,360.8,106.8,2.555301466574876,0.5342841145023987,1.188266106811288,0.0,0.0,josh whyle,joshwhyle,jwhyle,Green Bay Packers,00-0038589,,,,,,,,,,,,,,,,,,,,,,,,,
2025,16,0.0,2025_16_GB_CHI,Green Bay Packers,Johnny Lumpkin,TE,00-0038913,1.0,0.0,0.0,0.0,0.0,0.0,0.0,0.0,0.0,0.0,0.0,0.0,0.0,72.0,47.53,21.6,360.8,106.8,2.555301466574876,0.5342841145023987,1.188266106811288,0.0,0.0,johnny lumpkin,johnnylumpkin,jlumpkin,Green Bay Packers,00-0038913,,,,,,,,,,,,,,,,,,,,,,,,,
2025,16,0.0,2025_16_GB_CHI,Green Bay Packers,Christian Watson,WR,00-0038124,1.0,0.0,0.0,0.0,0.0,0.0,0.0,0.0,10.31,5.66,68.9,0.55,0.4209,72.0,47.53,21.6,360.8,106.8,2.555301466574876,0.5342841145023987,1.188266106811288,1.0,1.0,christian watson,christianwatson,cwatson,Green Bay Packers,00-0038124,0.0,0.0,0.0,0.0,0.0,0.0,0.0,6.0,2.0,17.0,0.0,C.Watson,GB,team_norm & _alias_init_last,0.0,0.0,0.0,0.0,0.0,0.0,0.0,4.3100000000000005,3.66,51.900000000000006,0.55
2025,16,0.0,2025_16_GB_CHI,Green Bay Packers,Romeo Doubs,WR,00-0037816,1.0,0.0,0.0,0.0,0.0,0.0,0.0,0.0,7.77,4.48,47.7,0.41,0.3362,72.0,47.53,21.6,360.8,106.8,2.555301466574876,0.5342841145023987,1.188266106811288,1.0,1.0,romeo doubs,romeodoubs,rdoubs,Green Bay Packers,00-0037816,0.0,0.0,0.0,0.0,0.0,0.0,0.0,7.0,5.0,84.0,1.0,R.Doubs,GB,team_norm & _alias_init_last,0.0,0.0,0.0,0.0,0.0,0.0,0.0,0.7699999999999996,-0.5199999999999996,-36.3,-0.5900000000000001
2025,16,0.0,2025_16_GB_CHI,Green Bay Packers,Jayden Reed,WR,00-0039146,1.0,0.0,0.0,0.0,0.0,0.0,0.0,0.0,5.18,3.27,31.7,0.27,0.2376,72.0,47.53,21.6,360.8,106.8,2.555301466574876,0.5342841145023987,1.188266106811288,1.0,1.0,jayden reed,jaydenreed,jreed,Green Bay Packers,00-0039146,0.0,0.0,0.0,0.0,1.0,6.0,0.0,3.0,3.0,35.0,0.0,J.Reed,GB,team_norm & _alias_init_last,0.0,0.0,0.0,0.0,-1.0,-6.0,0.0,2.1799999999999997,0.27,-3.3000000000000007,0.27
2025,16,0.0,2025_16_GB_CHI,Green Bay Packers,Dontayvion Wicks,WR,00-0038393,1.0,0.0,0.0,0.0,0.0,0.0,0.0,0.0,0.0,0.0,0.0,0.0,0.0,72.0,47.53,21.6,360.8,106.8,2.555301466574876,0.5342841145023987,1.188266106811288,1.0,1.0,dontayvion wicks,dontayvionwicks,dwicks,Green Bay Packers,00-0038393,0.0,0.0,0.0,0.0,0.0,0.0,0.0,2.0,2.0,12.0,0.0,D.Wicks,GB,team_norm & _alias_init_last,0.0,0.0,0.0,0.0,0.0,0.0,0.0,-2.0,-2.0,-12.0,0.0
2025,16,0.0,2025_16_GB_CHI,Green Bay Packers,Matthew Golden,WR,00-0040667,1.0,0.0,0.0,0.0,0.0,0.0,0.0,0.0,0.0,0.0,0.0,0.0,0.0,72.0,47.53,21.6,360.8,106.8,2.555301466574876,0.5342841145023987,1.188266106811288,1.0,1.0,matthew golden,matthewgolden,mgolden,Green Bay Packers,00-0040667,0.0,0.0,0.0,0.0,2.0,4.0,0.0,1.0,0.0,0.0,0.0,M.Golden,GB,team_norm & _alias_init_last,0.0,0.0,0.0,0.0,-2.0,-4.0,0.0,-1.0,0.0,0.0,0.0
2025,16,0.0,2025_16_GB_CHI,Green Bay Packers,Savion Williams,WR,00-0040009,1.0,0.0,0.0,0.0,0.0,0.0,0.0,0.0,0.0,0.0,0.0,0.0,0.0,72.0,47.53,21.6,360.8,106.8,2.555301466574876,0.5342841145023987,1.188266106811288,1.0,1.0,savion williams,savionwilliams,swilliams,Green Bay Packers,00-0040009,0.0,0.0,0.0,0.0,2.0,9.0,0.0,0.0,0.0,0.0,0.0,S.Williams,GB,team_norm & _alias_init_last,0.0,0.0,0.0,0.0,-2.0,-9.0,0.0,0.0,0.0,0.0,0.0
2025,16,0.0,2025_16_JAX_DEN,Denver Broncos,Bo Nix,QB,00-0039732,1.0,36.56,260.5,2.02,0.84,8.28,30.0,0.26,0.0,0.0,0.0,0.0,0.2252,72.0,39.42,30.55,299.2,151.0,2.103276491675792,0.8945407121473621,0.9854427512663292,1.0,1.0,bo nix,bonix,bnix,Denver Broncos,00-0039732,50.0,352.0,1.0,1.0,3.0,7.0,0.0,0.0,0.0,0.0,0.0,B.Nix,DEN,team_norm & _alias_init_last,-13.439999999999998,-91.5,1.02,-0.16000000000000003,5.279999999999999,23.0,0.26,0.0,0.0,0.0,0.0
2025,16,0.0,2025_16_JAX_DEN,Denver Broncos,RJ Harvey,RB,00-0040730,1.0,0.0,0.0,0.0,0.0,14.32,61.0,0.52,4.56,3.4,25.6,0.25,0.5377,72.0,39.42,30.55,299.2,151.0,2.103276491675792,0.8945407121473621,0.9854427512663292,1.0,1.0,rj harvey,rjharvey,rharvey,Denver Broncos,00-0040730,0.0,0.0,0.0,0.0,7.0,50.0,1.0,5.0,4.0,71.0,0.0,R.Harvey,DEN,team_norm & _alias_init_last,0.0,0.0,0.0,0.0,7.32,11.0,-0.48,-0.4400000000000004,-0.6000000000000001,-45.4,0.25
2025,16,0.0,2025_16_JAX_DEN,Denver Broncos,Jaleel McLaughlin,RB,00-0038794,1.0,0.0,0.0,0.0,0.0,7.95,34.1,0.18,2.84,2.13,14.7,0.15,0.2813,72.0,39.42,30.55,299.2,151.0,2.103276491675792,0.8945407121473621,0.9854427512663292,1.0,1.0,jaleel mclaughlin,jaleelmclaughlin,jmclaughlin,Denver Broncos,00-0038794,0.0,0.0,0.0,0.0,5.0,37.0,0.0,0.0,0.0,0.0,0.0,J.McLaughlin,DEN,team_norm & _alias_init_last,0.0,0.0,0.0,0.0,2.95,-2.8999999999999986,0.18,2.84,2.13,14.7,0.15
2025,16,0.0,2025_16_JAX_DEN,Denver Broncos,Tyler Badie,RB,00-0037085,1.0,0.0,0.0,0.0,0.0,0.0,0.0,0.0,0.0,0.0,0.0,0.0,0.0,72.0,39.42,30.55,299.2,151.0,2.103276491675792,0.8945407121473621,0.9854427512663292,1.0,1.0,tyler badie,tylerbadie,tbadie,Denver Broncos,00-0037085,0.0,0.0,0.0,0.0,0.0,0.0,0.0,3.0,1.0,2.0,0.0,T.Badie,DEN,team_norm & _alias_init_last,0.0,0.0,0.0,0.0,0.0,0.0,0.0,-3.0,-1.0,-2.0,0.0
2025,16,0.0,2025_16_JAX_DEN,Denver Broncos,Evan Engram,TE,00-0033881,1.0,0.0,0.0,0.0,0.0,0.0,0.0,0.0,8.05,6.06,47.8,0.38,0.3142,72.0,39.42,30.55,299.2,151.0,2.103276491675792,0.8945407121473621,0.9854427512663292,1.0,1.0,evan engram,evanengram,eengram,Denver Broncos,00-0033881,0.0,0.0,0.0,0.0,0.0,0.0,0.0,4.0,2.0,36.0,0.0,E.Engram,DEN,team_norm & _alias_init_last,0.0,0.0,0.0,0.0,0.0,0.0,0.0,4.050000000000001,4.06,11.799999999999997,0.38
2025,16,0.0,2025_16_JAX_DEN,Denver Broncos,Adam Trautman,TE,00-0036422,1.0,0.0,0.0,0.0,0.0,0.0,0.0,0.0,4.16,3.11,26.4,0.22,0.1935,72.0,39.42,30.55,299.2,151.0,2.103276491675792,0.8945407121473621,0.9854427512663292,1.0,1.0,adam trautman,adamtrautman,atrautman,Denver Broncos,00-0036422,0.0,0.0,0.0,0.0,0.0,0.0,0.0,3.0,2.0,14.0,0.0,A.Trautman,DEN,team_norm & _alias_init_last,0.0,0.0,0.0,0.0,0.0,0.0,0.0,1.1600000000000001,1.1099999999999999,12.399999999999999,0.22
2025,16,0.0,2025_16_JAX_DEN,Denver Broncos,Nate Adkins,TE,00-0038783,1.0,0.0,0.0,0.0,0.0,0.0,0.0,0.0,0.0,0.0,0.0,0.0,0.0,72.0,39.42,30.55,299.2,151.0,2.103276491675792,0.8945407121473621,0.9854427512663292,1.0,1.0,nate adkins,nateadkins,nadkins,Denver Broncos,00-0038783,0.0,0.0,0.0,0.0,0.0,0.0,0.0,1.0,0.0,0.0,0.0,N.Adkins,DEN,team_norm & _alias_init_last,0.0,0.0,0.0,0.0,0.0,0.0,0.0,-1.0,0.0,0.0,0.0
2025,16,0.0,2025_16_JAX_DEN,Denver Broncos,Courtland Sutton,WR,00-0034348,1.0,0.0,0.0,0.0,0.0,0.0,0.0,0.0,8.78,4.86,51.9,0.45,0.3635,72.0,39.42,30.55,299.2,151.0,2.103276491675792,0.8945407121473621,0.9854427512663292,1.0,1.0,courtland sutton,courtlandsutton,csutton,Denver Broncos,00-0034348,0.0,0.0,0.0,0.0,0.0,0.0,0.0,12.0,6.0,86.0,1.0,C.Sutton,DEN,team_norm & _alias_init_last,0.0,0.0,0.0,0.0,0.0,0.0,0.0,-3.2200000000000006,-1.1399999999999997,-34.1,-0.55
2025,16,0.0,2025_16_JAX_DEN,Denver Broncos,Troy Franklin,WR,00-0039868,1.0,0.0,0.0,0.0,0.0,0.0,0.0,0.0,6.61,3.65,40.1,0.35,0.2933,72.0,39.42,30.55,299.2,151.0,2.103276491675792,0.8945407121473621,0.9854427512663292,1.0,1.0,troy franklin,troyfranklin,tfranklin,Denver Broncos,00-0039868,0.0,0.0,0.0,0.0,0.0,0.0,0.0,5.0,4.0,66.0,0.0,T.Franklin,DEN,team_norm & _alias_init_last,0.0,0.0,0.0,0.0,0.0,0.0,0.0,1.6100000000000003,-0.3500000000000001,-25.9,0.35
2025,16,0.0,2025_16_JAX_DEN,Denver Broncos,Pat Bryant,WR,00-0040134,1.0,0.0,0.0,0.0,0.0,0.0,0.0,0.0,4.41,2.69,31.2,0.23,0.2043,72.0,39.42,30.55,299.2,151.0,2.103276491675792,0.8945407121473621,0.9854427512663292,1.0,1.0,pat bryant,patbryant,pbryant,Denver Broncos,00-0040134,0.0,0.0,0.0,0.0,0.0,0.0,0.0,8.0,5.0,42.0,0.0,P.Bryant,DEN,team_norm & _alias_init_last,0.0,0.0,0.0,0.0,0.0,0.0,0.0,-3.59,-2.31,-10.8,0.23
2025,16,0.0,2025_16_JAX_DEN,Denver Broncos,Lil'Jordan Humphrey,WR,00-0035406,1.0,0.0,0.0,0.0,0.0,0.0,0.0,0.0,0.0,0.0,0.0,0.0,0.0,72.0,39.42,30.55,299.2,151.0,2.103276491675792,0.8945407121473621,0.9854427512663292,1.0,1.0,lil'jordan humphrey,liljordanhumphrey,lhumphrey,Denver Broncos,00-0035406,0.0,0.0,0.0,0.0,0.0,0.0,0.0,2.0,1.0,9.0,0.0,L.Humphrey,DEN,team_norm & _alias_init_last,0.0,0.0,0.0,0.0,0.0,0.0,0.0,-2.0,-1.0,-9.0,0.0
2025,16,0.0,2025_16_JAX_DEN,Denver Broncos,Marvin Mims Jr.,WR,00-0038976,1.0,0.0,0.0,0.0,0.0,0.0,0.0,0.0,0.0,0.0,0.0,0.0,0.0,72.0,39.42,30.55,299.2,151.0,2.103276491675792,0.8945407121473621,0.9854427512663292,1.0,1.0,marvin mims jr.,marvinmimsjr,mmims,Denver Broncos,00-0038976,0.0,0.0,0.0,0.0,1.0,3.0,0.0,3.0,3.0,26.0,0.0,M.Mims,DEN,team_norm & _alias_init_last,0.0,0.0,0.0,0.0,-1.0,-3.0,0.0,-3.0,-3.0,-26.0,0.0
2025,16,0.0,2025_16_JAX_DEN,Jacksonville Jaguars,Trevor Lawrence,QB,00-0036971,1.0,39.74,287.8,1.17,0.94,3.7,13.3,0.05,0.0,0.0,0.0,0.0,0.0485,72.0,44.07,24.41,334.5,120.7,1.1072675515851322,0.2861845482690153,1.101795519659509,1.0,1.0,trevor lawrence,trevorlawrence,tlawrence,Jacksonville Jaguars,00-0036971,45.0,279.0,3.0,0.0,4.0,3.0,1.0,0.0,0.0,0.0,0.0,T.Lawrence,JAX,team_norm & _alias_init_last,-5.259999999999998,8.800000000000011,-1.83,0.94,-0.2999999999999998,10.3,-0.95,0.0,0.0,0.0,0.0
2025,16,0.0,2025_16_JAX_DEN,Jacksonville Jaguars,Travis Etienne Jr.,RB,,1.0,0.0,0.0,0.0,0.0,13.31,72.6,0.18,5.11,3.43,36.3,0.13,0.266,72.0,44.07,24.41,334.5,120.7,1.1072675515851322,0.2861845482690153,1.101795519659509,0.0,0.0,travis etienne jr.,travisetiennejr,tetienne,Jacksonville Jaguars,00-0036973,0.0,0.0,0.0,0.0,16.0,50.0,0.0,6.0,4.0,16.0,1.0,T.Etienne,JAX,team_norm & _alias_init_last,0.0,0.0,0.0,0.0,-2.6899999999999995,22.599999999999994,0.18,-0.8899999999999997,-0.5699999999999998,20.299999999999997,-0.87
2025,16,0.0,2025_16_JAX_DEN,Jacksonville Jaguars,Bhayshul Tuten,RB,00-0040719,1.0,0.0,0.0,0.0,0.0,7.4,31.2,0.07,3.18,2.19,20.0,0.08,0.1418,72.0,44.07,24.41,334.5,120.7,1.1072675515851322,0.2861845482690153,1.101795519659509,0.0,0.0,bhayshul tuten,bhayshultuten,btuten,Jacksonville Jaguars,00-0040719,,,,,,,,,,,,,,,,,,,,,,,,,
2025,16,0.0,2025_16_JAX_DEN,Jacksonville Jaguars,DeeJay Dallas,RB,00-0036425,1.0,0.0,0.0,0.0,0.0,0.0,0.0,0.0,0.0,0.0,0.0,0.0,0.0,72.0,44.07,24.41,334.5,120.7,1.1072675515851322,0.2861845482690153,1.101795519659509,1.0,1.0,deejay dallas,deejaydallas,ddallas,Jacksonville Jaguars,00-0036425,,,,,,,,,,,,,,,,,,,,,,,,,
2025,16,0.0,2025_16_JAX_DEN,Jacksonville Jaguars,LeQuint Allen Jr.,RB,00-0040238,1.0,0.0,0.0,0.0,0.0,0.0,0.0,0.0,0.0,0.0,0.0,0.0,0.0,72.0,44.07,24.41,334.5,120.7,1.1072675515851322,0.2861845482690153,1.101795519659509,1.0,1.0,lequint allen jr.,lequintallenjr,lallen,Jacksonville Jaguars,00-0040238,0.0,0.0,0.0,0.0,4.0,10.0,0.0,0.0,0.0,0.0,0.0,L.Allen,JAX,team_norm & _alias_init_last,0.0,0.0,0.0,0.0,-4.0,-10.0,0.0,0.0,0.0,0.0,0.0
2025,16,0.0,2025_16_JAX_DEN,Jacksonville Jaguars,Brenton Strange,TE,00-0038935,1.0,0.0,0.0,0.0,0.0,0.0,0.0,0.0,8.94,6.42,58.7,0.21,0.1902,72.0,44.07,24.41,334.5,120.7,1.1072675515851322,0.2861845482690153,1.101795519659509,1.0,1.0,brenton strange,brentonstrange,bstrange,Jacksonville Jaguars,00-0038935,0.0,0.0,0.0,0.0,0.0,0.0,0.0,7.0,5.0,39.0,1.0,B.Strange,JAX,team_norm & _alias_init_last,0.0,0.0,0.0,0.0,0.0,0.0,0.0,1.9399999999999995,1.42,19.700000000000003,-0.79
2025,16,0.0,2025_16_JAX_DEN,Jacksonville Jaguars,Johnny Mundt,TE,00-0033246,1.0,0.0,0.0,0.0,0.0,0.0,0.0,0.0,4.62,3.3,29.4,0.11,0.1023,72.0,44.07,24.41,334.5,120.7,1.1072675515851322,0.2861845482690153,1.101795519659509,1.0,1.0,johnny mundt,johnnymundt,jmundt,Jacksonville Jaguars,00-0033246,,,,,,,,,,,,,,,,,,,,,,,,,
2025,16,0.0,2025_16_JAX_DEN,Jacksonville Jaguars,Hunter Long,TE,00-0037004,1.0,0.0,0.0,0.0,0.0,0.0,0.0,0.0,0.0,0.0,0.0,0.0,0.0,72.0,44.07,24.41,334.5,120.7,1.1072675515851322,0.2861845482690153,1.101795519659509,0.0,0.0,hunter long,hunterlong,hlong,Jacksonville Jaguars,00-0037004,,,,,,,,,,,,,,,,,,,,,,,,,
2025,16,0.0,2025_16_JAX_DEN,Jacksonville Jaguars,John Copenhaver,TE,00-0040327,1.0,0.0,0.0,0.0,0.0,0.0,0.0,0.0,0.0,0.0,0.0,0.0,0.0,72.0,44.07,24.41,334.5,120.7,1.1072675515851322,0.2861845482690153,1.101795519659509,0.0,0.0,john copenhaver,johncopenhaver,jcopenhaver,Jacksonville Jaguars,00-0040327,,,,,,,,,,,,,,,,,,,,,,,,,
2025,16,0.0,2025_16_JAX_DEN,Jacksonville Jaguars,Quintin Morris,TE,00-0036590,1.0,0.0,0.0,0.0,0.0,0.0,0.0,0.0,0.0,0.0,0.0,0.0,0.0,72.0,44.07,24.41,334.5,120.7,1.1072675515851322,0.2861845482690153,1.101795519659509,1.0,1.0,quintin morris,quintinmorris,qmorris,Jacksonville Jaguars,00-0036590,0.0,0.0,0.0,0.0,0.0,0.0,0.0,1.0,1.0,5.0,0.0,Q.Morris,JAX,team_norm & _alias_init_last,0.0,0.0,0.0,0.0,0.0,0.0,0.0,-1.0,-1.0,-5.0,0.0
2025,16,0.0,2025_16_JAX_DEN,Jacksonville Jaguars,Brian Thomas Jr.,WR,00-0039893,1.0,0.0,0.0,0.0,0.0,0.0,0.0,0.0,9.85,5.27,57.7,0.23,0.205,72.0,44.07,24.41,334.5,120.7,1.1072675515851322,0.2861845482690153,1.101795519659509,1.0,1.0,brian thomas jr.,brianthomasjr,bthomas,Jacksonville Jaguars,00-0039893,0.0,0.0,0.0,0.0,0.0,0.0,0.0,3.0,2.0,18.0,0.0,B.Thomas,JAX,team_norm & _alias_init_last,0.0,0.0,0.0,0.0,0.0,0.0,0.0,6.85,3.2699999999999996,39.7,0.23
2025,16,0.0,2025_16_JAX_DEN,Jacksonville Jaguars,Jakobi Meyers,WR,00-0034960,1.0,0.0,0.0,0.0,0.0,0.0,0.0,0.0,7.42,4.57,41.3,0.18,0.1612,72.0,44.07,24.41,334.5,120.7,1.1072675515851322,0.2861845482690153,1.101795519659509,1.0,1.0,jakobi meyers,jakobimeyers,jmeyers,Jacksonville Jaguars,00-0034960,0.0,0.0,0.0,0.0,1.0,1.0,0.0,8.0,4.0,45.0,0.0,J.Meyers,JAX,team_norm & _alias_init_last,0.0,0.0,0.0,0.0,-1.0,-1.0,0.0,-0.5800000000000001,0.5700000000000003,-3.700000000000003,0.18
2025,16,0.0,2025_16_JAX_DEN,Jacksonville Jaguars,Parker Washington,WR,00-0038606,1.0,0.0,0.0,0.0,0.0,0.0,0.0,0.0,4.95,2.89,29.0,0.12,0.1142,72.0,44.07,24.41,334.5,120.7,1.1072675515851322,0.2861845482690153,1.101795519659509,1.0,1.0,parker washington,parkerwashington,pwashington,Jacksonville Jaguars,,0.0,0.0,0.0,0.0,0.0,0.0,0.0,11.0,6.0,145.0,1.0,P.Washington,JAX,team_norm & _alias_init_last,0.0,0.0,0.0,0.0,0.0,0.0,0.0,-6.05,-3.11,-116.0,-0.88
2025,16,0.0,2025_16_JAX_DEN,Jacksonville Jaguars,Cam Camper,WR,00-0040324,1.0,0.0,0.0,0.0,0.0,0.0,0.0,0.0,0.0,0.0,0.0,0.0,0.0,72.0,44.07,24.41,334.5,120.7,1.1072675515851322,0.2861845482690153,1.101795519659509,0.0,0.0,cam camper,camcamper,ccamper,Jacksonville Jaguars,00-0040324,,,,,,,,,,,,,,,,,,,,,,,,,
2025,16,0.0,2025_16_JAX_DEN,Jacksonville Jaguars,Dyami Brown,WR,00-0036626,1.0,0.0,0.0,0.0,0.0,0.0,0.0,0.0,0.0,0.0,0.0,0.0,0.0,72.0,44.07,24.41,334.5,120.7,1.1072675515851322,0.2861845482690153,1.101795519659509,1.0,1.0,dyami brown,dyamibrown,dbrown,Jacksonville Jaguars,00-0036626,,,,,,,,,,,,,,,,,,,,,,,,,
2025,16,0.0,2025_16_JAX_DEN,Jacksonville Jaguars,Tim Patrick,WR,00-0033375,1.0,0.0,0.0,0.0,0.0,0.0,0.0,0.0,0.0,0.0,0.0,0.0,0.0,72.0,44.07,24.41,334.5,120.7,1.1072675515851322,0.2861845482690153,1.101795519659509,1.0,1.0,tim patrick,timpatrick,tpatrick,Jacksonville Jaguars,00-0033375,0.0,0.0,0.0,0.0,0.0,0.0,0.0,1.0,1.0,11.0,0.0,T.Patrick,JAX,team_norm & _alias_init_last,0.0,0.0,0.0,0.0,0.0,0.0,0.0,-1.0,-1.0,-11.0,0.0
2025,16,0.0,2025_16_KC_TEN,Kansas City Chiefs,Chris Oladokun,QB,00-0037324,1.0,42.23,234.5,2.5,0.92,1.33,4.2,0.03,0.0,0.0,0.0,0.0,0.0312,67.33,43.43,20.97,243.6,76.7,2.4303873592972915,0.5271744628960526,1.085750671277621,1.0,1.0,chris oladokun,chrisoladokun,coladokun,Kansas City Chiefs,00-0037324,23.0,111.0,0.0,0.0,0.0,0.0,0.0,0.0,0.0,0.0,0.0,C.Oladokun,KC,team_norm & _alias_init_last,19.229999999999997,123.5,2.5,0.92,1.33,4.2,0.03,0.0,0.0,0.0,0.0
2025,16,0.0,2025_16_KC_TEN,Kansas City Chiefs,Isiah Pacheco,RB,00-0037197,1.0,0.0,0.0,0.0,0.0,12.71,37.5,0.39,5.09,3.76,19.4,0.29,0.4922,67.33,43.43,20.97,243.6,76.7,2.4303873592972915,0.5271744628960526,1.085750671277621,1.0,1.0,isiah pacheco,isiahpacheco,ipacheco,Kansas City Chiefs,00-0037197,0.0,0.0,0.0,0.0,8.0,34.0,0.0,7.0,6.0,41.0,0.0,I.Pacheco,KC,team_norm & _alias_init_last,0.0,0.0,0.0,0.0,4.710000000000001,3.5,0.39,-1.9100000000000001,-2.24,-21.6,0.29
2025,16,0.0,2025_16_KC_TEN,Kansas City Chiefs,Kareem Hunt,RB,00-0033923,1.0,0.0,0.0,0.0,0.0,6.93,20.7,0.14,3.17,2.11,11.7,0.19,0.2823,67.33,43.43,20.97,243.6,76.7,2.4303873592972915,0.5271744628960526,1.085750671277621,1.0,1.0,kareem hunt,kareemhunt,khunt,Kansas City Chiefs,00-0033923,0.0,0.0,0.0,0.0,3.0,2.0,0.0,0.0,0.0,0.0,0.0,K.Hunt,KC,team_norm & _alias_init_last,0.0,0.0,0.0,0.0,3.9299999999999997,18.7,0.14,3.17,2.11,11.7,0.19
2025,16,0.0,2025_16_KC_TEN,Kansas City Chiefs,Brashard Smith,RB,00-0040078,1.0,0.0,0.0,0.0,0.0,0.0,0.0,0.0,0.0,0.0,0.0,0.0,0.0,67.33,43.43,20.97,243.6,76.7,2.4303873592972915,0.5271744628960526,1.085750671277621,1.0,1.0,brashard smith,brashardsmith,bsmith,Kansas City Chiefs,00-0040078,0.0,0.0,0.0,0.0,0.0,0.0,0.0,1.0,1.0,4.0,0.0,B.Smith,KC,team_norm & _alias_init_last,0.0,0.0,0.0,0.0,0.0,0.0,0.0,-1.0,-1.0,-4.0,0.0
2025,16,0.0,2025_16_KC_TEN,Kansas City Chiefs,Travis Kelce,TE,00-0030506,1.0,0.0,0.0,0.0,0.0,0.0,0.0,0.0,8.86,6.5,37.4,0.46,0.3708,67.33,43.43,20.97,243.6,76.7,2.4303873592972915,0.5271744628960526,1.085750671277621,1.0,1.0,travis kelce,traviskelce,tkelce,Kansas City Chiefs,00-0030506,0.0,0.0,0.0,0.0,0.0,0.0,0.0,4.0,1.0,6.0,0.0,T.Kelce,KC,team_norm & _alias_init_last,0.0,0.0,0.0,0.0,0.0,0.0,0.0,4.859999999999999,5.5,31.4,0.46
2025,16,0.0,2025_16_KC_TEN,Kansas City Chiefs,Noah Gray,TE,00-0036637,1.0,0.0,0.0,0.0,0.0,0.0,0.0,0.0,4.58,3.3,20.0,0.23,0.2061,67.33,43.43,20.97,243.6,76.7,2.4303873592972915,0.5271744628960526,1.085750671277621,1.0,1.0,noah gray,noahgray,ngray,Kansas City Chiefs,00-0036637,,,,,,,,,,,,,,,,,,,,,,,,,
2025,16,0.0,2025_16_KC_TEN,Kansas City Chiefs,Geor'Quarius Spivey,TE,00-0039941,1.0,0.0,0.0,0.0,0.0,0.0,0.0,0.0,0.0,0.0,0.0,0.0,0.0,67.33,43.43,20.97,243.6,76.7,2.4303873592972915,0.5271744628960526,1.085750671277621,0.0,0.0,geor'quarius spivey,georquariusspivey,gspivey,Kansas City Chiefs,00-0039941,,,,,,,,,,,,,,,,,,,,,,,,,
2025,16,0.0,2025_16_KC_TEN,Kansas City Chiefs,Jared Wiley,TE,00-0039824,1.0,0.0,0.0,0.0,0.0,0.0,0.0,0.0,0.0,0.0,0.0,0.0,0.0,67.33,43.43,20.97,243.6,76.7,2.4303873592972915,0.5271744628960526,1.085750671277621,1.0,1.0,jared wiley,jaredwiley,jwiley,Kansas City Chiefs,00-0039824,,,,,,,,,,,,,,,,,,,,,,,,,
2025,16,0.0,2025_16_KC_TEN,Kansas City Chiefs,Robert Tonyan,TE,00-0033757,1.0,0.0,0.0,0.0,0.0,0.0,0.0,0.0,0.0,0.0,0.0,0.0,0.0,67.33,43.43,20.97,243.6,76.7,2.4303873592972915,0.5271744628960526,1.085750671277621,1.0,1.0,robert tonyan,roberttonyan,rtonyan,Kansas City Chiefs,00-0033757,,,,,,,,,,,,,,,,,,,,,,,,,
2025,16,0.0,2025_16_KC_TEN,Kansas City Chiefs,Rashee Rice,WR,00-0039067,1.0,0.0,0.0,0.0,0.0,0.0,0.0,0.0,9.63,6.65,47.9,0.54,0.4161,67.33,43.43,20.97,243.6,76.7,2.4303873592972915,0.5271744628960526,1.085750671277621,0.0,0.0,rashee rice,rasheerice,rrice,Kansas City Chiefs,00-0039067,,,,,,,,,,,,,,,,,,,,,,,,,
2025,16,0.0,2025_16_KC_TEN,Kansas City Chiefs,Xavier Worthy,WR,00-0039894,1.0,0.0,0.0,0.0,0.0,0.0,0.0,0.0,7.26,4.24,36.0,0.39,0.3253,67.33,43.43,20.97,243.6,76.7,2.4303873592972915,0.5271744628960526,1.085750671277621,1.0,1.0,xavier worthy,xavierworthy,xworthy,Kansas City Chiefs,00-0039894,0.0,0.0,0.0,0.0,1.0,0.0,0.0,4.0,2.0,41.0,0.0,X.Worthy,KC,team_norm & _alias_init_last,0.0,0.0,0.0,0.0,-1.0,0.0,0.0,3.26,2.24,-5.0,0.39
2025,16,0.0,2025_16_KC_TEN,Kansas City Chiefs,Marquise Brown,WR,00-0035662,1.0,0.0,0.0,0.0,0.0,0.0,0.0,0.0,4.84,2.47,21.1,0.25,0.2228,67.33,43.43,20.97,243.6,76.7,2.4303873592972915,0.5271744628960526,1.085750671277621,1.0,1.0,marquise brown,marquisebrown,mbrown,Kansas City Chiefs,00-0035662,0.0,0.0,0.0,0.0,0.0,0.0,0.0,3.0,3.0,22.0,0.0,M.Brown,KC,team_norm & _alias_init_last,0.0,0.0,0.0,0.0,0.0,0.0,0.0,1.8399999999999999,-0.5299999999999998,-0.8999999999999986,0.25
2025,16,0.0,2025_16_KC_TEN,Kansas City Chiefs,Elijhah Badger,WR,00-0040080,1.0,0.0,0.0,0.0,0.0,0.0,0.0,0.0,0.0,0.0,0.0,0.0,0.0,67.33,43.43,20.97,243.6,76.7,2.4303873592972915,0.5271744628960526,1.085750671277621,0.0,0.0,elijhah badger,elijhahbadger,ebadger,Kansas City Chiefs,00-0040080,,,,,,,,,,,,,,,,,,,,,,,,,
2025,16,0.0,2025_16_KC_TEN,Kansas City Chiefs,Jalen Royals,WR,00-0040646,1.0,0.0,0.0,0.0,0.0,0.0,0.0,0.0,0.0,0.0,0.0,0.0,0.0,67.33,43.43,20.97,243.6,76.7,2.4303873592972915,0.5271744628960526,1.085750671277621,1.0,1.0,jalen royals,jalenroyals,jroyals,Kansas City Chiefs,00-0040646,,,,,,,,,,,,,,,,,,,,,,,,,
2025,16,0.0,2025_16_KC_TEN,Kansas City Chiefs,JuJu Smith-Schuster,WR,00-0033857,1.0,0.0,0.0,0.0,0.0,0.0,0.0,0.0,0.0,0.0,0.0,0.0,0.0,67.33,43.43,20.97,243.6,76.7,2.4303873592972915,0.5271744628960526,1.085750671277621,1.0,1.0,juju smith-schuster,jujusmithschuster,jsmithschuster,Kansas City Chiefs,00-0033857,0.0,0.0,0.0,0.0,0.0,0.0,0.0,5.0,1.0,12.0,0.0,J.Smith-Schuster,KC,team_norm & _alias_init_last,0.0,0.0,0.0,0.0,0.0,0.0,0.0,-5.0,-1.0,-12.0,0.0
2025,16,0.0,2025_16_KC_TEN,Kansas City Chiefs,Nikko Remigio,WR,00-0038519,1.0,0.0,0.0,0.0,0.0,0.0,0.0,0.0,0.0,0.0,0.0,0.0,0.0,67.33,43.43,20.97,243.6,76.7,2.4303873592972915,0.5271744628960526,1.085750671277621,1.0,1.0,nikko remigio,nikkoremigio,nremigio,Kansas City Chiefs,00-0038519,,,,,,,,,,,,,,,,,,,,,,,,,
2025,16,0.0,2025_16_KC_TEN,Tennessee Titans,Cam Ward,QB,00-0040676,1.0,31.97,240.1,1.92,0.7,0.98,4.0,0.03,0.0,0.0,0.0,0.0,0.0261,60.52,32.87,25.12,249.5,124.2,1.8680172270691733,0.6855350283926807,0.82181245916344,1.0,1.0,cam ward,camward,cward,Tennessee Titans,00-0040676,32.0,228.0,2.0,0.0,1.0,0.0,0.0,0.0,0.0,0.0,0.0,C.Ward,TEN,team_norm & _alias_init_last,-0.030000000000001137,12.099999999999994,-0.08000000000000007,0.7,-0.020000000000000018,4.0,0.03,0.0,0.0,0.0,0.0
2025,16,0.0,2025_16_KC_TEN,Tennessee Titans,Tony Pollard,RB,00-0035261,1.0,0.0,0.0,0.0,0.0,15.52,64.4,0.5,3.88,2.6,18.9,0.22,0.5135,60.52,32.87,25.12,249.5,124.2,1.8680172270691733,0.6855350283926807,0.82181245916344,1.0,1.0,tony pollard,tonypollard,tpollard,Tennessee Titans,00-0035261,0.0,0.0,0.0,0.0,23.0,102.0,0.0,0.0,0.0,0.0,0.0,T.Pollard,TEN,team_norm & _alias_init_last,0.0,0.0,0.0,0.0,-7.48,-37.599999999999994,0.5,3.88,2.6,18.9,0.22
2025,16,0.0,2025_16_KC_TEN,Tennessee Titans,Tyjae Spears,RB,00-0039032,1.0,0.0,0.0,0.0,0.0,8.62,36.0,0.18,2.42,1.76,11.5,0.14,0.2668,60.52,32.87,25.12,249.5,124.2,1.8680172270691733,0.6855350283926807,0.82181245916344,1.0,1.0,tyjae spears,tyjaespears,tspears,Tennessee Titans,00-0039032,0.0,0.0,0.0,0.0,13.0,52.0,1.0,6.0,5.0,53.0,0.0,T.Spears,TEN,team_norm & _alias_init_last,0.0,0.0,0.0,0.0,-4.380000000000001,-16.0,-0.8200000000000001,-3.58,-3.24,-41.5,0.14
2025,16,0.0,2025_16_KC_TEN,Tennessee Titans,Julius Chestnut,RB,00-0037594,1.0,0.0,0.0,0.0,0.0,0.0,0.0,0.0,0.0,0.0,0.0,0.0,0.0,60.52,32.87,25.12,249.5,124.2,1.8680172270691733,0.6855350283926807,0.82181245916344,1.0,1.0,julius chestnut,juliuschestnut,jchestnut,Tennessee Titans,00-0037594,0.0,0.0,0.0,0.0,1.0,1.0,0.0,0.0,0.0,0.0,0.0,J.Chestnut,TEN,team_norm & _alias_init_last,0.0,0.0,0.0,0.0,-1.0,-1.0,0.0,0.0,0.0,0.0,0.0
2025,16,0.0,2025_16_KC_TEN,Tennessee Titans,Kalel Mullings,RB,00-0040205,1.0,0.0,0.0,0.0,0.0,0.0,0.0,0.0,0.0,0.0,0.0,0.0,0.0,60.52,32.87,25.12,249.5,124.2,1.8680172270691733,0.6855350283926807,0.82181245916344,1.0,1.0,kalel mullings,kalelmullings,kmullings,Tennessee Titans,00-0040205,0.0,0.0,0.0,0.0,1.0,0.0,0.0,0.0,0.0,0.0,0.0,K.Mullings,TEN,team_norm & _alias_init_last,0.0,0.0,0.0,0.0,-1.0,0.0,0.0,0.0,0.0,0.0,0.0
2025,16,0.0,2025_16_KC_TEN,Tennessee Titans,Gunnar Helm,TE,00-0040584,1.0,0.0,0.0,0.0,0.0,0.0,0.0,0.0,6.52,5.29,51.2,0.35,0.2975,60.52,32.87,25.12,249.5,124.2,1.8680172270691733,0.6855350283926807,0.82181245916344,1.0,1.0,gunnar helm,gunnarhelm,ghelm,Tennessee Titans,00-0040584,0.0,0.0,0.0,0.0,0.0,0.0,0.0,3.0,2.0,9.0,0.0,G.Helm,TEN,team_norm & _alias_init_last,0.0,0.0,0.0,0.0,0.0,0.0,0.0,3.5199999999999996,3.29,42.2,0.35
2025,16,0.0,2025_16_KC_TEN,Tennessee Titans,Chig Okonkwo,TE,00-0037809,1.0,0.0,0.0,0.0,0.0,0.0,0.0,0.0,3.37,2.47,20.6,0.17,0.1524,60.52,32.87,25.12,249.5,124.2,1.8680172270691733,0.6855350283926807,0.82181245916344,1.0,1.0,chig okonkwo,chigokonkwo,cokonkwo,Tennessee Titans,00-0037809,0.0,0.0,0.0,0.0,0.0,0.0,0.0,8.0,6.0,44.0,1.0,C.Okonkwo,TEN,team_norm & _alias_init_last,0.0,0.0,0.0,0.0,0.0,0.0,0.0,-4.63,-3.53,-23.4,-0.83
2025,16,0.0,2025_16_KC_TEN,Tennessee Titans,David Martin-Robinson,TE,00-0039648,1.0,0.0,0.0,0.0,0.0,0.0,0.0,0.0,0.0,0.0,0.0,0.0,0.0,60.52,32.87,25.12,249.5,124.2,1.8680172270691733,0.6855350283926807,0.82181245916344,1.0,1.0,david martin-robinson,davidmartinrobinson,dmartinrobinson,Tennessee Titans,00-0039648,,,,,,,,,,,,,,,,,,,,,,,,,
2025,16,0.0,2025_16_KC_TEN,Tennessee Titans,Elic Ayomanor,WR,00-0040170,1.0,0.0,0.0,0.0,0.0,0.0,0.0,0.0,7.4,3.35,51.2,0.39,0.3244,60.52,32.87,25.12,249.5,124.2,1.8680172270691733,0.6855350283926807,0.82181245916344,1.0,1.0,elic ayomanor,elicayomanor,eayomanor,Tennessee Titans,00-0040170,0.0,0.0,0.0,0.0,0.0,0.0,0.0,4.0,3.0,58.0,0.0,E.Ayomanor,TEN,team_norm & _alias_init_last,0.0,0.0,0.0,0.0,0.0,0.0,0.0,3.4000000000000004,0.3500000000000001,-6.799999999999997,0.39
2025,16,0.0,2025_16_KC_TEN,Tennessee Titans,Chimere Dike,WR,00-0040705,1.0,0.0,0.0,0.0,0.0,0.0,0.0,0.0,5.57,3.31,40.2,0.31,0.2675,60.52,32.87,25.12,249.5,124.2,1.8680172270691733,0.6855350283926807,0.82181245916344,1.0,1.0,chimere dike,chimeredike,cdike,Tennessee Titans,00-0040705,0.0,0.0,0.0,0.0,0.0,0.0,0.0,5.0,3.0,40.0,1.0,C.Dike,TEN,team_norm & _alias_init_last,0.0,0.0,0.0,0.0,0.0,0.0,0.0,0.5700000000000003,0.31000000000000005,0.20000000000000284,-0.69
2025,16,0.0,2025_16_KC_TEN,Tennessee Titans,Van Jefferson,WR,00-0036415,1.0,0.0,0.0,0.0,0.0,0.0,0.0,0.0,3.71,1.84,21.8,0.19,0.1748,60.52,32.87,25.12,249.5,124.2,1.8680172270691733,0.6855350283926807,0.82181245916344,1.0,1.0,van jefferson,vanjefferson,vjefferson,Tennessee Titans,00-0036415,0.0,0.0,0.0,0.0,0.0,0.0,0.0,2.0,2.0,24.0,0.0,V.Jefferson,TEN,team_norm & _alias_init_last,0.0,0.0,0.0,0.0,0.0,0.0,0.0,1.71,-0.15999999999999992,-2.1999999999999993,0.19
2025,16,0.0,2025_16_KC_TEN,Tennessee Titans,James Proche,WR,00-0036133,1.0,0.0,0.0,0.0,0.0,0.0,0.0,0.0,0.0,0.0,0.0,0.0,0.0,60.52,32.87,25.12,249.5,124.2,1.8680172270691733,0.6855350283926807,0.82181245916344,1.0,1.0,james proche,jamesproche,jproche,Tennessee Titans,00-0036133,,,,,,,,,,,,,,,,,,,,,,,,,
2025,16,0.0,2025_16_KC_TEN,Tennessee Titans,Mason Kinsey,WR,00-0036176,1.0,0.0,0.0,0.0,0.0,0.0,0.0,0.0,0.0,0.0,0.0,0.0,0.0,60.52,32.87,25.12,249.5,124.2,1.8680172270691733,0.6855350283926807,0.82181245916344,1.0,1.0,mason kinsey,masonkinsey,mkinsey,Tennessee Titans,00-0036176,,,,,,,,,,,,,,,,,,,,,,,,,
2025,16,0.0,2025_16_LAC_DAL,Dallas Cowboys,Dak Prescott,QB,00-0033077,1.0,37.78,274.4,1.63,0.83,3.05,11.0,0.06,0.0,0.0,0.0,0.0,0.056,72.0,38.98,30.42,295.8,150.4,1.4022246915176515,0.5177629863554598,0.974430338200281,1.0,1.0,dak prescott,dakprescott,dprescott,Dallas Cowboys,,34.0,244.0,2.0,0.0,0.0,0.0,0.0,0.0,0.0,0.0,0.0,D.Prescott,DAL,team_norm & _alias_init_last,3.780000000000001,30.399999999999977,-0.3700000000000001,0.83,3.05,11.0,0.06,0.0,0.0,0.0,0.0
2025,16,0.0,2025_16_LAC_DAL,Dallas Cowboys,Javonte Williams,RB,00-0036997,1.0,0.0,0.0,0.0,0.0,17.59,70.8,0.37,4.62,3.16,21.9,0.17,0.4171,72.0,38.98,30.42,295.8,150.4,1.4022246915176515,0.5177629863554598,0.974430338200281,1.0,1.0,javonte williams,javontewilliams,jwilliams,Dallas Cowboys,00-0036997,0.0,0.0,0.0,0.0,9.0,34.0,0.0,3.0,2.0,9.0,0.0,J.Williams,DAL,team_norm & _alias_init_last,0.0,0.0,0.0,0.0,8.59,36.8,0.37,1.62,1.1600000000000001,12.899999999999999,0.17
2025,16,0.0,2025_16_LAC_DAL,Dallas Cowboys,Malik Davis,RB,00-0037563,1.0,0.0,0.0,0.0,0.0,9.77,43.1,0.12,2.88,1.89,17.4,0.1,0.2036,72.0,38.98,30.42,295.8,150.4,1.4022246915176515,0.5177629863554598,0.974430338200281,1.0,1.0,malik davis,malikdavis,mdavis,Dallas Cowboys,00-0037563,0.0,0.0,0.0,0.0,8.0,23.0,0.0,0.0,0.0,0.0,0.0,M.Davis,DAL,team_norm & _alias_init_last,0.0,0.0,0.0,0.0,1.7699999999999996,20.1,0.12,2.88,1.89,17.4,0.1
2025,16,0.0,2025_16_LAC_DAL,Dallas Cowboys,Jake Ferguson,TE,00-0038041,1.0,0.0,0.0,0.0,0.0,0.0,0.0,0.0,7.77,6.04,48.4,0.27,0.2348,72.0,38.98,30.42,295.8,150.4,1.4022246915176515,0.5177629863554598,0.974430338200281,1.0,1.0,jake ferguson,jakeferguson,jferguson,Dallas Cowboys,00-0038041,0.0,0.0,0.0,0.0,0.0,0.0,0.0,4.0,3.0,19.0,0.0,J.Ferguson,DAL,team_norm & _alias_init_last,0.0,0.0,0.0,0.0,0.0,0.0,0.0,3.7699999999999996,3.04,29.4,0.27
2025,16,0.0,2025_16_LAC_DAL,Dallas Cowboys,Luke Schoonmaker,TE,00-0038547,1.0,0.0,0.0,0.0,0.0,0.0,0.0,0.0,4.02,2.7,26.1,0.13,0.1242,72.0,38.98,30.42,295.8,150.4,1.4022246915176515,0.5177629863554598,0.974430338200281,1.0,1.0,luke schoonmaker,lukeschoonmaker,lschoonmaker,Dallas Cowboys,00-0038547,,,,,,,,,,,,,,,,,,,,,,,,,
2025,16,0.0,2025_16_LAC_DAL,Dallas Cowboys,Brevyn Spann-Ford,TE,00-0039530,1.0,0.0,0.0,0.0,0.0,0.0,0.0,0.0,0.0,0.0,0.0,0.0,0.0,72.0,38.98,30.42,295.8,150.4,1.4022246915176515,0.5177629863554598,0.974430338200281,1.0,1.0,brevyn spann-ford,brevynspannford,bspannford,Dallas Cowboys,00-0039530,,,,,,,,,,,,,,,,,,,,,,,,,
2025,16,0.0,2025_16_LAC_DAL,Dallas Cowboys,John Stephens Jr.,TE,00-0038741,1.0,0.0,0.0,0.0,0.0,0.0,0.0,0.0,0.0,0.0,0.0,0.0,0.0,72.0,38.98,30.42,295.8,150.4,1.4022246915176515,0.5177629863554598,0.974430338200281,0.0,0.0,john stephens jr.,johnstephensjr,jstephens,Dallas Cowboys,00-0038741,,,,,,,,,,,,,,,,,,,,,,,,,
2025,16,0.0,2025_16_LAC_DAL,Dallas Cowboys,CeeDee Lamb,WR,00-0036358,1.0,0.0,0.0,0.0,0.0,0.0,0.0,0.0,8.73,5.17,48.2,0.3,0.2569,72.0,38.98,30.42,295.8,150.4,1.4022246915176515,0.5177629863554598,0.974430338200281,1.0,1.0,ceedee lamb,ceedeelamb,clamb,Dallas Cowboys,00-0036358,0.0,0.0,0.0,0.0,0.0,0.0,0.0,8.0,6.0,51.0,0.0,C.Lamb,DAL,team_norm & _alias_init_last,0.0,0.0,0.0,0.0,0.0,0.0,0.0,0.7300000000000004,-0.8300000000000001,-2.799999999999997,0.3
2025,16,0.0,2025_16_LAC_DAL,Dallas Cowboys,George Pickens,WR,00-0037247,1.0,0.0,0.0,0.0,0.0,0.0,0.0,0.0,6.57,3.49,35.4,0.22,0.1992,72.0,38.98,30.42,295.8,150.4,1.4022246915176515,0.5177629863554598,0.974430338200281,1.0,1.0,george pickens,georgepickens,gpickens,Dallas Cowboys,00-0037247,0.0,0.0,0.0,0.0,0.0,0.0,0.0,9.0,7.0,130.0,1.0,G.Pickens,DAL,team_norm & _alias_init_last,0.0,0.0,0.0,0.0,0.0,0.0,0.0,-2.4299999999999997,-3.51,-94.6,-0.78
2025,16,0.0,2025_16_LAC_DAL,Dallas Cowboys,Ryan Flournoy,WR,00-0039410,1.0,0.0,0.0,0.0,0.0,0.0,0.0,0.0,4.38,2.68,28.1,0.15,0.1383,72.0,38.98,30.42,295.8,150.4,1.4022246915176515,0.5177629863554598,0.974430338200281,1.0,1.0,ryan flournoy,ryanflournoy,rflournoy,Dallas Cowboys,00-0039410,0.0,0.0,0.0,0.0,0.0,0.0,0.0,3.0,2.0,18.0,1.0,R.Flournoy,DAL,team_norm & _alias_init_last,0.0,0.0,0.0,0.0,0.0,0.0,0.0,1.38,0.6800000000000002,10.100000000000001,-0.85
2025,16,0.0,2025_16_LAC_DAL,Dallas Cowboys,Jonathan Mingo,WR,00-0039062,1.0,0.0,0.0,0.0,0.0,0.0,0.0,0.0,0.0,0.0,0.0,0.0,0.0,72.0,38.98,30.42,295.8,150.4,1.4022246915176515,0.5177629863554598,0.974430338200281,1.0,1.0,jonathan mingo,jonathanmingo,jmingo,Dallas Cowboys,00-0039062,0.0,0.0,0.0,0.0,0.0,0.0,0.0,1.0,0.0,0.0,0.0,J.Mingo,DAL,team_norm & _alias_init_last,0.0,0.0,0.0,0.0,0.0,0.0,0.0,-1.0,0.0,0.0,0.0
2025,16,0.0,2025_16_LAC_DAL,Dallas Cowboys,KaVontae Turpin,WR,00-0037801,1.0,0.0,0.0,0.0,0.0,0.0,0.0,0.0,0.0,0.0,0.0,0.0,0.0,72.0,38.98,30.42,295.8,150.4,1.4022246915176515,0.5177629863554598,0.974430338200281,1.0,1.0,kavontae turpin,kavontaeturpin,kturpin,Dallas Cowboys,00-0037801,0.0,0.0,0.0,0.0,2.0,13.0,0.0,4.0,2.0,14.0,0.0,K.Turpin,DAL,team_norm & _alias_init_last,0.0,0.0,0.0,0.0,-2.0,-13.0,0.0,-4.0,-2.0,-14.0,0.0
2025,16,0.0,2025_16_LAC_DAL,Los Angeles Chargers,Justin Herbert,QB,00-0036355,1.0,34.55,205.4,2.23,0.77,7.24,19.7,0.27,0.0,0.0,0.0,0.0,0.2382,72.0,36.08,33.23,202.4,121.5,2.561956580585093,1.2036843873724123,0.9019858603871757,1.0,1.0,justin herbert,justinherbert,jherbert,Los Angeles Chargers,00-0036355,33.0,300.0,2.0,0.0,3.0,2.0,1.0,0.0,0.0,0.0,0.0,J.Herbert,LAC,team_norm & _alias_init_last,1.5499999999999972,-94.6,0.22999999999999998,0.77,4.24,17.7,-0.73,0.0,0.0,0.0,0.0
2025,16,0.0,2025_16_LAC_DAL,Los Angeles Chargers,Omarion Hampton,RB,00-0040666,1.0,0.0,0.0,0.0,0.0,16.71,53.0,0.76,4.31,3.47,20.6,0.3,0.6516,72.0,36.08,33.23,202.4,121.5,2.561956580585093,1.2036843873724123,0.9019858603871757,1.0,1.0,omarion hampton,omarionhampton,ohampton,Los Angeles Chargers,00-0040666,0.0,0.0,0.0,0.0,18.0,85.0,1.0,2.0,1.0,10.0,0.0,O.Hampton,LAC,team_norm & _alias_init_last,0.0,0.0,0.0,0.0,-1.2899999999999991,-32.0,-0.24,2.3099999999999996,2.47,10.600000000000001,0.3
2025,16,0.0,2025_16_LAC_DAL,Los Angeles Chargers,Kimani Vidal,RB,00-0039391,1.0,0.0,0.0,0.0,0.0,9.28,29.1,0.26,2.68,1.78,12.2,0.19,0.364,72.0,36.08,33.23,202.4,121.5,2.561956580585093,1.2036843873724123,0.9019858603871757,1.0,1.0,kimani vidal,kimanividal,kvidal,Los Angeles Chargers,00-0039391,0.0,0.0,0.0,0.0,5.0,11.0,0.0,0.0,0.0,0.0,0.0,K.Vidal,LAC,team_norm & _alias_init_last,0.0,0.0,0.0,0.0,4.279999999999999,18.1,0.26,2.68,1.78,12.2,0.19
2025,16,0.0,2025_16_LAC_DAL,Los Angeles Chargers,Hassan Haskins,RB,00-0037617,1.0,0.0,0.0,0.0,0.0,0.0,0.0,0.0,0.0,0.0,0.0,0.0,0.0,72.0,36.08,33.23,202.4,121.5,2.561956580585093,1.2036843873724123,0.9019858603871757,1.0,1.0,hassan haskins,hassanhaskins,hhaskins,Los Angeles Chargers,00-0037617,0.0,0.0,0.0,0.0,4.0,14.0,0.0,0.0,0.0,0.0,0.0,H.Haskins,LAC,team_norm & _alias_init_last,0.0,0.0,0.0,0.0,-4.0,-14.0,0.0,0.0,0.0,0.0,0.0
2025,16,0.0,2025_16_LAC_DAL,Los Angeles Chargers,Oronde Gadsden,TE,,1.0,0.0,0.0,0.0,0.0,0.0,0.0,0.0,7.4,5.33,58.8,0.53,0.4089,72.0,36.08,33.23,202.4,121.5,2.561956580585093,1.2036843873724123,0.9019858603871757,0.0,0.0,oronde gadsden,orondegadsden,ogadsden,Los Angeles Chargers,00-0040189,0.0,0.0,0.0,0.0,0.0,0.0,0.0,1.0,1.0,7.0,0.0,O.Gadsden,LAC,team_norm & _alias_init_last,0.0,0.0,0.0,0.0,0.0,0.0,0.0,6.4,4.33,51.8,0.53
2025,16,0.0,2025_16_LAC_DAL,Los Angeles Chargers,Will Dissly,TE,00-0034159,1.0,0.0,0.0,0.0,0.0,0.0,0.0,0.0,3.83,3.01,16.6,0.24,0.2169,72.0,36.08,33.23,202.4,121.5,2.561956580585093,1.2036843873724123,0.9019858603871757,1.0,1.0,will dissly,willdissly,wdissly,Los Angeles Chargers,00-0034159,0.0,0.0,0.0,0.0,0.0,0.0,0.0,3.0,3.0,28.0,0.0,W.Dissly,LAC,team_norm & _alias_init_last,0.0,0.0,0.0,0.0,0.0,0.0,0.0,0.8300000000000001,0.009999999999999787,-11.399999999999999,0.24
2025,16,0.0,2025_16_LAC_DAL,Los Angeles Chargers,Stevo Klotz,TE,00-0040469,1.0,0.0,0.0,0.0,0.0,0.0,0.0,0.0,0.0,0.0,0.0,0.0,0.0,72.0,36.08,33.23,202.4,121.5,2.561956580585093,1.2036843873724123,0.9019858603871757,0.0,0.0,stevo klotz,stevoklotz,sklotz,Los Angeles Chargers,00-0040469,,,,,,,,,,,,,,,,,,,,,,,,,
2025,16,0.0,2025_16_LAC_DAL,Los Angeles Chargers,Ladd McConkey,WR,00-0039915,1.0,0.0,0.0,0.0,0.0,0.0,0.0,0.0,7.92,4.94,39.5,0.52,0.4041,72.0,36.08,33.23,202.4,121.5,2.561956580585093,1.2036843873724123,0.9019858603871757,1.0,1.0,ladd mcconkey,laddmcconkey,lmcconkey,Los Angeles Chargers,,0.0,0.0,0.0,0.0,0.0,0.0,0.0,6.0,4.0,43.0,1.0,L.McConkey,LAC,team_norm & _alias_init_last,0.0,0.0,0.0,0.0,0.0,0.0,0.0,1.92,0.9400000000000004,-3.5,-0.48
2025,16,0.0,2025_16_LAC_DAL,Los Angeles Chargers,Quentin Johnston,WR,00-0038544,1.0,0.0,0.0,0.0,0.0,0.0,0.0,0.0,5.97,3.09,27.4,0.4,0.3306,72.0,36.08,33.23,202.4,121.5,2.561956580585093,1.2036843873724123,0.9019858603871757,1.0,1.0,quentin johnston,quentinjohnston,qjohnston,Los Angeles Chargers,00-0038544,0.0,0.0,0.0,0.0,0.0,0.0,0.0,5.0,4.0,104.0,1.0,Q.Johnston,LAC,team_norm & _alias_init_last,0.0,0.0,0.0,0.0,0.0,0.0,0.0,0.9699999999999998,-0.9100000000000001,-76.6,-0.6
2025,16,0.0,2025_16_LAC_DAL,Los Angeles Chargers,Keenan Allen,WR,00-0030279,1.0,0.0,0.0,0.0,0.0,0.0,0.0,0.0,3.98,2.43,17.4,0.27,0.2348,72.0,36.08,33.23,202.4,121.5,2.561956580585093,1.2036843873724123,0.9019858603871757,1.0,1.0,keenan allen,keenanallen,kallen,Los Angeles Chargers,00-0030279,0.0,0.0,0.0,0.0,0.0,0.0,0.0,5.0,5.0,44.0,0.0,K.Allen,LAC,team_norm & _alias_init_last,0.0,0.0,0.0,0.0,0.0,0.0,0.0,-1.02,-2.57,-26.6,0.27
2025,16,0.0,2025_16_LAC_DAL,Los Angeles Chargers,Derius Davis,WR,00-0038573,1.0,0.0,0.0,0.0,0.0,0.0,0.0,0.0,0.0,0.0,0.0,0.0,0.0,72.0,36.08,33.23,202.4,121.5,2.561956580585093,1.2036843873724123,0.9019858603871757,0.0,0.0,derius davis,deriusdavis,ddavis,Los Angeles Chargers,00-0038573,,,,,,,,,,,,,,,,,,,,,,,,,
2025,16,0.0,2025_16_LAC_DAL,Los Angeles Chargers,KeAndre Lambert-Smith,WR,00-0040184,1.0,0.0,0.0,0.0,0.0,0.0,0.0,0.0,0.0,0.0,0.0,0.0,0.0,72.0,36.08,33.23,202.4,121.5,2.561956580585093,1.2036843873724123,0.9019858603871757,1.0,1.0,keandre lambert-smith,keandrelambertsmith,klambertsmith,Los Angeles Chargers,00-0040184,0.0,0.0,0.0,0.0,0.0,0.0,0.0,1.0,1.0,10.0,0.0,K.Lambert-Smith,LAC,team_norm & _alias_init_last,0.0,0.0,0.0,0.0,0.0,0.0,0.0,-1.0,-1.0,-10.0,0.0
2025,16,0.0,2025_16_LAC_DAL,Los Angeles Chargers,Tre Harris,WR,00-0040727,1.0,0.0,0.0,0.0,0.0,0.0,0.0,0.0,0.0,0.0,0.0,0.0,0.0,72.0,36.08,33.23,202.4,121.5,2.561956580585093,1.2036843873724123,0.9019858603871757,1.0,1.0,tre harris,treharris,tharris,Los Angeles Chargers,,0.0,0.0,0.0,0.0,0.0,0.0,0.0,5.0,4.0,54.0,0.0,T.Harris,LAC,team_norm & _alias_init_last,0.0,0.0,0.0,0.0,0.0,0.0,0.0,-5.0,-4.0,-54.0,0.0
2025,16,0.0,2025_16_LA_SEA,Los Angeles Rams,Matthew Stafford,QB,00-0026498,1.0,38.36,282.1,1.05,0.88,3.19,12.9,0.03,0.0,0.0,0.0,0.0,0.029,72.0,41.41,28.0,314.3,138.5,0.762612150766315,0.2595170932165856,1.0351735908420536,1.0,1.0,matthew stafford,matthewstafford,mstafford,Los Angeles Rams,,53.0,457.0,3.0,0.0,0.0,0.0,0.0,0.0,0.0,0.0,0.0,M.Stafford,LA,team_norm & _alias_init_last,-14.64,-174.89999999999998,-1.95,0.88,3.19,12.9,0.03,0.0,0.0,0.0,0.0
2025,16,0.0,2025_16_LA_SEA,Los Angeles Rams,Kyren Williams,RB,00-0037840,1.0,0.0,0.0,0.0,0.0,15.95,64.7,0.19,4.94,3.44,25.5,0.1,0.2475,72.0,41.41,28.0,314.3,138.5,0.762612150766315,0.2595170932165856,1.0351735908420536,1.0,1.0,kyren williams,kyrenwilliams,kwilliams,Los Angeles Rams,00-0037840,0.0,0.0,0.0,0.0,25.0,70.0,0.0,6.0,3.0,15.0,0.0,K.Williams,LA,team_norm & _alias_init_last,0.0,0.0,0.0,0.0,-9.05,-5.299999999999997,0.19,-1.0599999999999996,0.43999999999999995,10.5,0.1
2025,16,0.0,2025_16_LA_SEA,Los Angeles Rams,Blake Corum,RB,00-0039738,1.0,0.0,0.0,0.0,0.0,8.86,36.0,0.06,3.07,2.07,17.8,0.06,0.1115,72.0,41.41,28.0,314.3,138.5,0.762612150766315,0.2595170932165856,1.0351735908420536,1.0,1.0,blake corum,blakecorum,bcorum,Los Angeles Rams,00-0039738,0.0,0.0,0.0,0.0,14.0,48.0,1.0,2.0,1.0,13.0,0.0,B.Corum,LA,team_norm & _alias_init_last,0.0,0.0,0.0,0.0,-5.140000000000001,-12.0,-0.94,1.0699999999999998,1.0699999999999998,4.800000000000001,0.06
2025,16,0.0,2025_16_LA_SEA,Los Angeles Rams,Ronnie Rivers,RB,00-0037557,1.0,0.0,0.0,0.0,0.0,0.0,0.0,0.0,0.0,0.0,0.0,0.0,0.0,72.0,41.41,28.0,314.3,138.5,0.762612150766315,0.2595170932165856,1.0351735908420536,1.0,1.0,ronnie rivers,ronnierivers,rrivers,Los Angeles Rams,00-0037557,,,,,,,,,,,,,,,,,,,,,,,,,
2025,16,0.0,2025_16_LA_SEA,Los Angeles Rams,Colby Parkinson,TE,00-0036244,1.0,0.0,0.0,0.0,0.0,0.0,0.0,0.0,8.59,6.03,53.1,0.16,0.1477,72.0,41.41,28.0,314.3,138.5,0.762612150766315,0.2595170932165856,1.0351735908420536,1.0,1.0,colby parkinson,colbyparkinson,cparkinson,Los Angeles Rams,00-0036244,0.0,0.0,0.0,0.0,0.0,0.0,0.0,4.0,2.0,21.0,0.0,C.Parkinson,LA,team_norm & _alias_init_last,0.0,0.0,0.0,0.0,0.0,0.0,0.0,4.59,4.03,32.1,0.16
2025,16,0.0,2025_16_LA_SEA,Los Angeles Rams,Terrance Ferguson,TE,00-0040737,1.0,0.0,0.0,0.0,0.0,0.0,0.0,0.0,4.44,2.57,35.6,0.08,0.0776,72.0,41.41,28.0,314.3,138.5,0.762612150766315,0.2595170932165856,1.0351735908420536,1.0,1.0,terrance ferguson,terranceferguson,tferguson,Los Angeles Rams,00-0040737,0.0,0.0,0.0,0.0,0.0,0.0,0.0,5.0,3.0,33.0,1.0,T.Ferguson,LA,team_norm & _alias_init_last,0.0,0.0,0.0,0.0,0.0,0.0,0.0,-0.5599999999999996,-0.43000000000000016,2.6000000000000014,-0.92
2025,16,0.0,2025_16_LA_SEA,Los Angeles Rams,Davis Allen,TE,00-0039074,1.0,0.0,0.0,0.0,0.0,0.0,0.0,0.0,0.0,0.0,0.0,0.0,0.0,72.0,41.41,28.0,314.3,138.5,0.762612150766315,0.2595170932165856,1.0351735908420536,1.0,1.0,davis allen,davisallen,dallen,Los Angeles Rams,00-0039074,0.0,0.0,0.0,0.0,0.0,0.0,0.0,5.0,2.0,34.0,0.0,D.Allen,LA,team_norm & _alias_init_last,0.0,0.0,0.0,0.0,0.0,0.0,0.0,-5.0,-2.0,-34.0,0.0
2025,16,0.0,2025_16_LA_SEA,Los Angeles Rams,Nick Vannett,TE,00-0032394,1.0,0.0,0.0,0.0,0.0,0.0,0.0,0.0,0.0,0.0,0.0,0.0,0.0,72.0,41.41,28.0,314.3,138.5,0.762612150766315,0.2595170932165856,1.0351735908420536,1.0,1.0,nick vannett,nickvannett,nvannett,Los Angeles Rams,00-0032394,,,,,,,,,,,,,,,,,,,,,,,,,
2025,16,0.0,2025_16_LA_SEA,Los Angeles Rams,Puka Nacua,WR,00-0039075,1.0,0.0,0.0,0.0,0.0,0.0,0.0,0.0,9.03,5.91,52.5,0.15,0.142,72.0,41.41,28.0,314.3,138.5,0.762612150766315,0.2595170932165856,1.0351735908420536,1.0,1.0,puka nacua,pukanacua,pnacua,Los Angeles Rams,00-0039075,0.0,0.0,0.0,0.0,0.0,0.0,0.0,16.0,12.0,225.0,2.0,P.Nacua,LA,team_norm & _alias_init_last,0.0,0.0,0.0,0.0,0.0,0.0,0.0,-6.970000000000001,-6.09,-172.5,-1.85
2025,16,0.0,2025_16_LA_SEA,Los Angeles Rams,Davante Adams,WR,00-0031381,1.0,0.0,0.0,0.0,0.0,0.0,0.0,0.0,6.8,3.48,36.4,0.12,0.1156,72.0,41.41,28.0,314.3,138.5,0.762612150766315,0.2595170932165856,1.0351735908420536,0.0,0.0,davante adams,davanteadams,dadams,Los Angeles Rams,00-0031381,,,,,,,,,,,,,,,,,,,,,,,,,
2025,16,0.0,2025_16_LA_SEA,Los Angeles Rams,Konata Mumpfield,WR,00-0040590,1.0,0.0,0.0,0.0,0.0,0.0,0.0,0.0,4.53,2.32,35.4,0.08,0.0791,72.0,41.41,28.0,314.3,138.5,0.762612150766315,0.2595170932165856,1.0351735908420536,1.0,1.0,konata mumpfield,konatamumpfield,kmumpfield,Los Angeles Rams,00-0040590,0.0,0.0,0.0,0.0,0.0,0.0,0.0,8.0,3.0,40.0,0.0,K.Mumpfield,LA,team_norm & _alias_init_last,0.0,0.0,0.0,0.0,0.0,0.0,0.0,-3.4699999999999998,-0.6800000000000002,-4.600000000000001,0.08
2025,16,0.0,2025_16_LA_SEA,Los Angeles Rams,Drake Stoops,WR,00-0039773,1.0,0.0,0.0,0.0,0.0,0.0,0.0,0.0,0.0,0.0,0.0,0.0,0.0,72.0,41.41,28.0,314.3,138.5,0.762612150766315,0.2595170932165856,1.0351735908420536,0.0,0.0,drake stoops,drakestoops,dstoops,Los Angeles Rams,00-0039773,,,,,,,,,,,,,,,,,,,,,,,,,
2025,16,0.0,2025_16_LA_SEA,Los Angeles Rams,Jordan Whittington,WR,00-0039751,1.0,0.0,0.0,0.0,0.0,0.0,0.0,0.0,0.0,0.0,0.0,0.0,0.0,72.0,41.41,28.0,314.3,138.5,0.762612150766315,0.2595170932165856,1.0351735908420536,1.0,1.0,jordan whittington,jordanwhittington,jwhittington,Los Angeles Rams,00-0039751,0.0,0.0,0.0,0.0,0.0,0.0,0.0,1.0,1.0,19.0,0.0,J.Whittington,LA,team_norm & _alias_init_last,0.0,0.0,0.0,0.0,0.0,0.0,0.0,-1.0,-1.0,-19.0,0.0
2025,16,0.0,2025_16_LA_SEA,Los Angeles Rams,Tutu Atwell,WR,00-0036849,1.0,0.0,0.0,0.0,0.0,0.0,0.0,0.0,0.0,0.0,0.0,0.0,0.0,72.0,41.41,28.0,314.3,138.5,0.762612150766315,0.2595170932165856,1.0351735908420536,1.0,1.0,tutu atwell,tutuatwell,tatwell,Los Angeles Rams,,,,,,,,,,,,,,,,,,,,,,,,,,
2025,16,0.0,2025_16_LA_SEA,Los Angeles Rams,Xavier Smith,WR,00-0038359,1.0,0.0,0.0,0.0,0.0,0.0,0.0,0.0,0.0,0.0,0.0,0.0,0.0,72.0,41.41,28.0,314.3,138.5,0.762612150766315,0.2595170932165856,1.0351735908420536,1.0,1.0,xavier smith,xaviersmith,xsmith,Los Angeles Rams,00-0038359,0.0,0.0,0.0,0.0,0.0,0.0,0.0,3.0,2.0,57.0,0.0,X.Smith,LA,team_norm & _alias_init_last,0.0,0.0,0.0,0.0,0.0,0.0,0.0,-3.0,-2.0,-57.0,0.0
2025,16,0.0,2025_16_LA_SEA,Seattle Seahawks,Sam Darnold,QB,00-0034869,1.0,38.44,228.0,2.46,0.96,5.11,14.1,0.17,0.0,0.0,0.0,0.0,0.159,72.0,45.2,24.0,255.3,88.3,2.911263077960988,0.7852978249447022,1.130034292147481,1.0,1.0,sam darnold,samdarnold,sdarnold,Seattle Seahawks,00-0034869,44.0,270.0,2.0,2.0,1.0,2.0,0.0,0.0,0.0,0.0,0.0,S.Darnold,SEA,team_norm & _alias_init_last,-5.560000000000002,-42.0,0.45999999999999996,-1.04,4.11,12.1,0.17,0.0,0.0,0.0,0.0
2025,16,0.0,2025_16_LA_SEA,Seattle Seahawks,Kenneth Walker III,RB,00-0038134,1.0,0.0,0.0,0.0,0.0,12.14,38.0,0.49,5.45,4.03,19.8,0.35,0.5677,72.0,45.2,24.0,255.3,88.3,2.911263077960988,0.7852978249447022,1.130034292147481,1.0,1.0,kenneth walker iii,kennethwalkeriii,kwalker,Seattle Seahawks,00-0038134,0.0,0.0,0.0,0.0,11.0,100.0,1.0,3.0,3.0,64.0,0.0,K.Walker,SEA,team_norm & _alias_init_last,0.0,0.0,0.0,0.0,1.1400000000000006,-62.0,-0.51,2.45,1.0300000000000002,-44.2,0.35
2025,16,0.0,2025_16_LA_SEA,Seattle Seahawks,Zach Charbonnet,RB,00-0039165,1.0,0.0,0.0,0.0,0.0,6.75,21.0,0.18,3.39,2.5,12.2,0.21,0.322,72.0,45.2,24.0,255.3,88.3,2.911263077960988,0.7852978249447022,1.130034292147481,1.0,1.0,zach charbonnet,zachcharbonnet,zcharbonnet,Seattle Seahawks,00-0039165,0.0,0.0,0.0,0.0,9.0,32.0,1.0,5.0,4.0,22.0,0.0,Z.Charbonnet,SEA,team_norm & _alias_init_last,0.0,0.0,0.0,0.0,-2.25,-11.0,-0.8200000000000001,-1.6099999999999999,-1.5,-9.8,0.21
2025,16,0.0,2025_16_LA_SEA,Seattle Seahawks,Cam Akers,RB,00-0036414,1.0,0.0,0.0,0.0,0.0,0.0,0.0,0.0,0.0,0.0,0.0,0.0,0.0,72.0,45.2,24.0,255.3,88.3,2.911263077960988,0.7852978249447022,1.130034292147481,1.0,1.0,cam akers,camakers,cakers,Seattle Seahawks,00-0036414,,,,,,,,,,,,,,,,,,,,,,,,,
2025,16,0.0,2025_16_LA_SEA,Seattle Seahawks,AJ Barner,TE,00-0039793,1.0,0.0,0.0,0.0,0.0,0.0,0.0,0.0,9.07,7.28,43.9,0.56,0.4273,72.0,45.2,24.0,255.3,88.3,2.911263077960988,0.7852978249447022,1.130034292147481,1.0,1.0,aj barner,ajbarner,abarner,Seattle Seahawks,00-0039793,0.0,0.0,0.0,0.0,1.0,1.0,0.0,7.0,4.0,49.0,1.0,A.Barner,SEA,team_norm & _alias_init_last,0.0,0.0,0.0,0.0,-1.0,-1.0,0.0,2.0700000000000003,3.2800000000000002,-5.100000000000001,-0.43999999999999995
2025,16,0.0,2025_16_LA_SEA,Seattle Seahawks,Eric Saubert,TE,00-0033576,1.0,0.0,0.0,0.0,0.0,0.0,0.0,0.0,4.69,3.37,23.8,0.3,0.2572,72.0,45.2,24.0,255.3,88.3,2.911263077960988,0.7852978249447022,1.130034292147481,1.0,1.0,eric saubert,ericsaubert,esaubert,Seattle Seahawks,00-0033576,0.0,0.0,0.0,0.0,0.0,0.0,0.0,1.0,0.0,0.0,0.0,E.Saubert,SEA,team_norm & _alias_init_last,0.0,0.0,0.0,0.0,0.0,0.0,0.0,3.6900000000000004,3.37,23.8,0.3
2025,16,0.0,2025_16_LA_SEA,Seattle Seahawks,Nick Kallerup,TE,00-0040058,1.0,0.0,0.0,0.0,0.0,0.0,0.0,0.0,0.0,0.0,0.0,0.0,0.0,72.0,45.2,24.0,255.3,88.3,2.911263077960988,0.7852978249447022,1.130034292147481,1.0,1.0,nick kallerup,nickkallerup,nkallerup,Seattle Seahawks,00-0040058,,,,,,,,,,,,,,,,,,,,,,,,,
2025,16,0.0,2025_16_LA_SEA,Seattle Seahawks,Jaxon Smith-Njigba,WR,00-0038543,1.0,0.0,0.0,0.0,0.0,0.0,0.0,0.0,9.98,6.63,46.7,0.6,0.449,72.0,45.2,24.0,255.3,88.3,2.911263077960988,0.7852978249447022,1.130034292147481,1.0,1.0,jaxon smith-njigba,jaxonsmithnjigba,jsmithnjigba,Seattle Seahawks,00-0038543,0.0,0.0,0.0,0.0,0.0,0.0,0.0,14.0,8.0,96.0,1.0,J.Smith-Njigba,SEA,team_norm & _alias_init_last,0.0,0.0,0.0,0.0,0.0,0.0,0.0,-4.02,-1.37,-49.3,-0.4
2025,16,0.0,2025_16_LA_SEA,Seattle Seahawks,Cooper Kupp,WR,00-0033908,1.0,0.0,0.0,0.0,0.0,0.0,0.0,0.0,7.52,4.66,32.8,0.47,0.3744,72.0,45.2,24.0,255.3,88.3,2.911263077960988,0.7852978249447022,1.130034292147481,1.0,1.0,cooper kupp,cooperkupp,ckupp,Seattle Seahawks,00-0033908,0.0,0.0,0.0,0.0,0.0,0.0,0.0,5.0,3.0,39.0,0.0,C.Kupp,SEA,team_norm & _alias_init_last,0.0,0.0,0.0,0.0,0.0,0.0,0.0,2.5199999999999996,1.6600000000000001,-6.200000000000003,0.47
2025,16,0.0,2025_16_LA_SEA,Seattle Seahawks,Rashid Shaheed,WR,00-0037545,1.0,0.0,0.0,0.0,0.0,0.0,0.0,0.0,5.01,3.08,22.7,0.29,0.2531,72.0,45.2,24.0,255.3,88.3,2.911263077960988,0.7852978249447022,1.130034292147481,1.0,1.0,rashid shaheed,rashidshaheed,rshaheed,Seattle Seahawks,00-0037545,0.0,0.0,0.0,0.0,1.0,31.0,0.0,1.0,0.0,0.0,0.0,R.Shaheed,SEA,team_norm & _alias_init_last,0.0,0.0,0.0,0.0,-1.0,-31.0,0.0,4.01,3.08,22.7,0.29
2025,16,0.0,2025_16_LA_SEA,Seattle Seahawks,Cody White,WR,00-0035891,1.0,0.0,0.0,0.0,0.0,0.0,0.0,0.0,0.0,0.0,0.0,0.0,0.0,72.0,45.2,24.0,255.3,88.3,2.911263077960988,0.7852978249447022,1.130034292147481,1.0,1.0,cody white,codywhite,cwhite,Seattle Seahawks,00-0035891,,,,,,,,,,,,,,,,,,,,,,,,,
2025,16,0.0,2025_16_LA_SEA,Seattle Seahawks,Dareke Young,WR,00-0037093,1.0,0.0,0.0,0.0,0.0,0.0,0.0,0.0,0.0,0.0,0.0,0.0,0.0,72.0,45.2,24.0,255.3,88.3,2.911263077960988,0.7852978249447022,1.130034292147481,1.0,1.0,dareke young,darekeyoung,dyoung,Seattle Seahawks,00-0037093,,,,,,,,,,,,,,,,,,,,,,,,,
2025,16,0.0,2025_16_LV_HOU,Houston Texans,C.J. Stroud,QB,00-0039163,1.0,33.9,224.6,2.96,0.74,6.05,20.5,0.35,0.0,0.0,0.0,0.0,0.2972,72.0,34.93,34.88,227.3,147.9,3.800490956222924,1.9223928613062344,0.8731349031123536,1.0,1.0,c.j. stroud,cjstroud,cstroud,Houston Texans,00-0039163,40.0,187.0,1.0,0.0,1.0,0.0,0.0,0.0,0.0,0.0,0.0,C.Stroud,HOU,team_norm & _alias_init_last,-6.100000000000001,37.599999999999994,1.96,0.74,5.05,20.5,0.35,0.0,0.0,0.0,0.0
2025,16,0.0,2025_16_LV_HOU,Houston Texans,Woody Marks,RB,00-0040583,1.0,0.0,0.0,0.0,0.0,18.53,66.1,1.23,4.2,2.66,20.5,0.48,0.8181,72.0,34.93,34.88,227.3,147.9,3.800490956222924,1.9223928613062344,0.8731349031123536,0.0,0.0,woody marks,woodymarks,wmarks,Houston Texans,,,,,,,,,,,,,,,,,,,,,,,,,,
2025,16,0.0,2025_16_LV_HOU,Houston Texans,Jawhar Jordan,RB,00-0039405,1.0,0.0,0.0,0.0,0.0,10.29,40.4,0.42,2.62,1.96,15.2,0.28,0.5047,72.0,34.93,34.88,227.3,147.9,3.800490956222924,1.9223928613062344,0.8731349031123536,1.0,1.0,jawhar jordan,jawharjordan,jjordan,Houston Texans,00-0039405,0.0,0.0,0.0,0.0,15.0,53.0,0.0,5.0,5.0,17.0,0.0,J.Jordan,HOU,team_norm & _alias_init_last,0.0,0.0,0.0,0.0,-4.710000000000001,-12.600000000000001,0.42,-2.38,-3.04,-1.8000000000000007,0.28
2025,16,0.0,2025_16_LV_HOU,Houston Texans,Dare Ogunbowale,RB,00-0033854,1.0,0.0,0.0,0.0,0.0,0.0,0.0,0.0,0.0,0.0,0.0,0.0,0.0,72.0,34.93,34.88,227.3,147.9,3.800490956222924,1.9223928613062344,0.8731349031123536,1.0,1.0,dare ogunbowale,dareogunbowale,dogunbowale,Houston Texans,,0.0,0.0,0.0,0.0,1.0,-3.0,0.0,1.0,1.0,2.0,0.0,D.Ogunbowale,HOU,team_norm & _alias_init_last,0.0,0.0,0.0,0.0,-1.0,3.0,0.0,-1.0,-1.0,-2.0,0.0
2025,16,0.0,2025_16_LV_HOU,Houston Texans,Nick Chubb,RB,00-0034791,1.0,0.0,0.0,0.0,0.0,0.0,0.0,0.0,0.0,0.0,0.0,0.0,0.0,72.0,34.93,34.88,227.3,147.9,3.800490956222924,1.9223928613062344,0.8731349031123536,1.0,1.0,nick chubb,nickchubb,nchubb,Houston Texans,00-0034791,0.0,0.0,0.0,0.0,6.0,33.0,0.0,1.0,1.0,9.0,0.0,N.Chubb,HOU,team_norm & _alias_init_last,0.0,0.0,0.0,0.0,-6.0,-33.0,0.0,-1.0,-1.0,-9.0,0.0
2025,16,0.0,2025_16_LV_HOU,Houston Texans,Dalton Schultz,TE,00-0034383,1.0,0.0,0.0,0.0,0.0,0.0,0.0,0.0,6.85,4.87,35.5,0.67,0.4885,72.0,34.93,34.88,227.3,147.9,3.800490956222924,1.9223928613062344,0.8731349031123536,1.0,1.0,dalton schultz,daltonschultz,dschultz,Houston Texans,00-0034383,0.0,0.0,0.0,0.0,0.0,0.0,0.0,6.0,5.0,35.0,1.0,D.Schultz,HOU,team_norm & _alias_init_last,0.0,0.0,0.0,0.0,0.0,0.0,0.0,0.8499999999999996,-0.1299999999999999,0.5,-0.32999999999999996
2025,16,0.0,2025_16_LV_HOU,Houston Texans,Cade Stover,TE,00-0039359,1.0,0.0,0.0,0.0,0.0,0.0,0.0,0.0,3.54,2.6,21.1,0.36,0.3055,72.0,34.93,34.88,227.3,147.9,3.800490956222924,1.9223928613062344,0.8731349031123536,1.0,1.0,cade stover,cadestover,cstover,Houston Texans,00-0039359,0.0,0.0,0.0,0.0,0.0,0.0,0.0,3.0,2.0,7.0,0.0,C.Stover,HOU,team_norm & _alias_init_last,0.0,0.0,0.0,0.0,0.0,0.0,0.0,0.54,0.6000000000000001,14.100000000000001,0.36
2025,16,0.0,2025_16_LV_HOU,Houston Texans,Dalton Keene,TE,00-0036225,1.0,0.0,0.0,0.0,0.0,0.0,0.0,0.0,0.0,0.0,0.0,0.0,0.0,72.0,34.93,34.88,227.3,147.9,3.800490956222924,1.9223928613062344,0.8731349031123536,0.0,0.0,dalton keene,daltonkeene,dkeene,Houston Texans,00-0036225,,,,,,,,,,,,,,,,,,,,,,,,,
2025,16,0.0,2025_16_LV_HOU,Houston Texans,Harrison Bryant,TE,00-0036232,1.0,0.0,0.0,0.0,0.0,0.0,0.0,0.0,0.0,0.0,0.0,0.0,0.0,72.0,34.93,34.88,227.3,147.9,3.800490956222924,1.9223928613062344,0.8731349031123536,1.0,1.0,harrison bryant,harrisonbryant,hbryant,Houston Texans,00-0036232,,,,,,,,,,,,,,,,,,,,,,,,,
2025,16,0.0,2025_16_LV_HOU,Houston Texans,Nico Collins,WR,00-0036554,1.0,0.0,0.0,0.0,0.0,0.0,0.0,0.0,7.82,4.5,40.2,0.81,0.5532,72.0,34.93,34.88,227.3,147.9,3.800490956222924,1.9223928613062344,0.8731349031123536,1.0,1.0,nico collins,nicocollins,ncollins,Houston Texans,00-0036554,0.0,0.0,0.0,0.0,0.0,0.0,0.0,12.0,4.0,59.0,0.0,N.Collins,HOU,team_norm & _alias_init_last,0.0,0.0,0.0,0.0,0.0,0.0,0.0,-4.18,0.5,-18.799999999999997,0.81
2025,16,0.0,2025_16_LV_HOU,Houston Texans,Jayden Higgins,WR,00-0040130,1.0,0.0,0.0,0.0,0.0,0.0,0.0,0.0,5.89,3.32,36.1,0.61,0.4565,72.0,34.93,34.88,227.3,147.9,3.800490956222924,1.9223928613062344,0.8731349031123536,1.0,1.0,jayden higgins,jaydenhiggins,jhiggins,Houston Texans,00-0040130,0.0,0.0,0.0,0.0,0.0,0.0,0.0,3.0,1.0,17.0,0.0,J.Higgins,HOU,team_norm & _alias_init_last,0.0,0.0,0.0,0.0,0.0,0.0,0.0,2.8899999999999997,2.32,19.1,0.61
2025,16,0.0,2025_16_LV_HOU,Houston Texans,Christian Kirk,WR,00-0034775,1.0,0.0,0.0,0.0,0.0,0.0,0.0,0.0,3.92,2.26,19.4,0.4,0.3309,72.0,34.93,34.88,227.3,147.9,3.800490956222924,1.9223928613062344,0.8731349031123536,1.0,1.0,christian kirk,christiankirk,ckirk,Houston Texans,00-0034775,0.0,0.0,0.0,0.0,0.0,0.0,0.0,5.0,3.0,37.0,0.0,C.Kirk,HOU,team_norm & _alias_init_last,0.0,0.0,0.0,0.0,0.0,0.0,0.0,-1.08,-0.7400000000000002,-17.6,0.4
2025,16,0.0,2025_16_LV_HOU,Houston Texans,Braxton Berrios,WR,00-0034419,1.0,0.0,0.0,0.0,0.0,0.0,0.0,0.0,0.0,0.0,0.0,0.0,0.0,72.0,34.93,34.88,227.3,147.9,3.800490956222924,1.9223928613062344,0.8731349031123536,0.0,0.0,braxton berrios,braxtonberrios,bberrios,Houston Texans,00-0034419,,,,,,,,,,,,,,,,,,,,,,,,,
2025,16,0.0,2025_16_LV_HOU,Houston Texans,Daniel Jackson,WR,00-0040412,1.0,0.0,0.0,0.0,0.0,0.0,0.0,0.0,0.0,0.0,0.0,0.0,0.0,72.0,34.93,34.88,227.3,147.9,3.800490956222924,1.9223928613062344,0.8731349031123536,0.0,0.0,daniel jackson,danieljackson,djackson,Houston Texans,00-0040412,,,,,,,,,,,,,,,,,,,,,,,,,
2025,16,0.0,2025_16_LV_HOU,Houston Texans,Jaylin Noel,WR,00-0040138,1.0,0.0,0.0,0.0,0.0,0.0,0.0,0.0,0.0,0.0,0.0,0.0,0.0,72.0,34.93,34.88,227.3,147.9,3.800490956222924,1.9223928613062344,0.8731349031123536,1.0,1.0,jaylin noel,jaylinnoel,jnoel,Houston Texans,00-0040138,,,,,,,,,,,,,,,,,,,,,,,,,
2025,16,0.0,2025_16_LV_HOU,Houston Texans,Xavier Hutchinson,WR,00-0038618,1.0,0.0,0.0,0.0,0.0,0.0,0.0,0.0,0.0,0.0,0.0,0.0,0.0,72.0,34.93,34.88,227.3,147.9,3.800490956222924,1.9223928613062344,0.8731349031123536,1.0,1.0,xavier hutchinson,xavierhutchinson,xhutchinson,Houston Texans,00-0038618,0.0,0.0,0.0,0.0,0.0,0.0,0.0,2.0,1.0,4.0,0.0,X.Hutchinson,HOU,team_norm & _alias_init_last,0.0,0.0,0.0,0.0,0.0,0.0,0.0,-2.0,-1.0,-4.0,0.0
2025,16,0.0,2025_16_LV_HOU,Las Vegas Raiders,Geno Smith,QB,00-0030565,1.0,39.26,232.9,2.13,0.9,3.49,9.8,0.09,0.0,0.0,0.0,0.0,0.0832,66.03,42.54,19.81,238.7,72.4,2.439911147504271,0.4865751468400048,1.0635936527953762,1.0,1.0,geno smith,genosmith,gsmith,Las Vegas Raiders,,27.0,201.0,2.0,1.0,0.0,0.0,0.0,0.0,0.0,0.0,0.0,G.Smith,LV,team_norm & _alias_init_last,12.259999999999998,31.900000000000006,0.1299999999999999,-0.09999999999999998,3.49,9.8,0.09,0.0,0.0,0.0,0.0
2025,16,0.0,2025_16_LV_HOU,Las Vegas Raiders,Ashton Jeanty,RB,00-0040122,1.0,0.0,0.0,0.0,0.0,10.49,32.0,0.3,4.98,3.43,19.0,0.29,0.4456,66.03,42.54,19.81,238.7,72.4,2.439911147504271,0.4865751468400048,1.0635936527953762,1.0,1.0,ashton jeanty,ashtonjeanty,ajeanty,Las Vegas Raiders,00-0040122,0.0,0.0,0.0,0.0,24.0,128.0,1.0,2.0,1.0,60.0,1.0,A.Jeanty,LV,team_norm & _alias_init_last,0.0,0.0,0.0,0.0,-13.51,-96.0,-0.7,2.9800000000000004,2.43,-41.0,-0.71
2025,16,0.0,2025_16_LV_HOU,Las Vegas Raiders,Raheem Mostert,RB,00-0031687,1.0,0.0,0.0,0.0,0.0,5.83,18.1,0.11,3.1,2.16,10.9,0.18,0.2547,66.03,42.54,19.81,238.7,72.4,2.439911147504271,0.4865751468400048,1.0635936527953762,1.0,1.0,raheem mostert,raheemmostert,rmostert,Las Vegas Raiders,,0.0,0.0,0.0,0.0,1.0,6.0,0.0,1.0,1.0,3.0,0.0,R.Mostert,LV,team_norm & _alias_init_last,0.0,0.0,0.0,0.0,4.83,12.100000000000001,0.11,2.1,1.1600000000000001,7.9,0.18
2025,16,0.0,2025_16_LV_HOU,Las Vegas Raiders,Dylan Laube,RB,00-0039407,1.0,0.0,0.0,0.0,0.0,0.0,0.0,0.0,0.0,0.0,0.0,0.0,0.0,66.03,42.54,19.81,238.7,72.4,2.439911147504271,0.4865751468400048,1.0635936527953762,1.0,1.0,dylan laube,dylanlaube,dlaube,Las Vegas Raiders,00-0039407,,,,,,,,,,,,,,,,,,,,,,,,,
2025,16,0.0,2025_16_LV_HOU,Las Vegas Raiders,Brock Bowers,TE,00-0039338,1.0,0.0,0.0,0.0,0.0,0.0,0.0,0.0,8.6,6.51,39.0,0.45,0.3627,66.03,42.54,19.81,238.7,72.4,2.439911147504271,0.4865751468400048,1.0635936527953762,1.0,1.0,brock bowers,brockbowers,bbowers,Las Vegas Raiders,00-0039338,0.0,0.0,0.0,0.0,0.0,0.0,0.0,5.0,5.0,33.0,1.0,B.Bowers,LV,team_norm & _alias_init_last,0.0,0.0,0.0,0.0,0.0,0.0,0.0,3.5999999999999996,1.5099999999999998,6.0,-0.55
2025,16,0.0,2025_16_LV_HOU,Las Vegas Raiders,Michael Mayer,TE,00-0039066,1.0,0.0,0.0,0.0,0.0,0.0,0.0,0.0,4.45,3.2,20.3,0.24,0.212,66.03,42.54,19.81,238.7,72.4,2.439911147504271,0.4865751468400048,1.0635936527953762,1.0,1.0,michael mayer,michaelmayer,mmayer,Las Vegas Raiders,00-0039066,0.0,0.0,0.0,0.0,0.0,0.0,0.0,3.0,1.0,10.0,0.0,M.Mayer,LV,team_norm & _alias_init_last,0.0,0.0,0.0,0.0,0.0,0.0,0.0,1.4500000000000002,2.2,10.3,0.24
2025,16,0.0,2025_16_LV_HOU,Las Vegas Raiders,Carter Runyon,TE,00-0040488,1.0,0.0,0.0,0.0,0.0,0.0,0.0,0.0,0.0,0.0,0.0,0.0,0.0,66.03,42.54,19.81,238.7,72.4,2.439911147504271,0.4865751468400048,1.0635936527953762,1.0,1.0,carter runyon,carterrunyon,crunyon,Las Vegas Raiders,00-0040488,,,,,,,,,,,,,,,,,,,,,,,,,
2025,16,0.0,2025_16_LV_HOU,Las Vegas Raiders,Tre Tucker,WR,00-0038563,1.0,0.0,0.0,0.0,0.0,0.0,0.0,0.0,9.5,5.04,42.7,0.5,0.3921,66.03,42.54,19.81,238.7,72.4,2.439911147504271,0.4865751468400048,1.0635936527953762,1.0,1.0,tre tucker,tretucker,ttucker,Las Vegas Raiders,00-0038563,0.0,0.0,0.0,0.0,2.0,11.0,0.0,5.0,4.0,43.0,0.0,T.Tucker,LV,team_norm & _alias_init_last,0.0,0.0,0.0,0.0,-2.0,-11.0,0.0,4.5,1.04,-0.29999999999999716,0.5
2025,16,0.0,2025_16_LV_HOU,Las Vegas Raiders,Jack Bech,WR,00-0040729,1.0,0.0,0.0,0.0,0.0,0.0,0.0,0.0,7.16,4.48,43.7,0.4,0.3291,66.03,42.54,19.81,238.7,72.4,2.439911147504271,0.4865751468400048,1.0635936527953762,1.0,1.0,jack bech,jackbech,jbech,Las Vegas Raiders,00-0040729,0.0,0.0,0.0,0.0,0.0,0.0,0.0,3.0,2.0,43.0,0.0,J.Bech,LV,team_norm & _alias_init_last,0.0,0.0,0.0,0.0,0.0,0.0,0.0,4.16,2.4800000000000004,0.7000000000000028,0.4
2025,16,0.0,2025_16_LV_HOU,Las Vegas Raiders,Tyler Lockett,WR,00-0032211,1.0,0.0,0.0,0.0,0.0,0.0,0.0,0.0,4.77,2.74,18.9,0.25,0.2236,66.03,42.54,19.81,238.7,72.4,2.439911147504271,0.4865751468400048,1.0635936527953762,1.0,1.0,tyler lockett,tylerlockett,tlockett,Las Vegas Raiders,00-0032211,0.0,0.0,0.0,0.0,0.0,0.0,0.0,3.0,1.0,6.0,0.0,T.Lockett,LV,team_norm & _alias_init_last,0.0,0.0,0.0,0.0,0.0,0.0,0.0,1.7699999999999996,1.7400000000000002,12.899999999999999,0.25
2025,16,0.0,2025_16_LV_HOU,Las Vegas Raiders,Alex Bachman,WR,00-0035602,1.0,0.0,0.0,0.0,0.0,0.0,0.0,0.0,0.0,0.0,0.0,0.0,0.0,66.03,42.54,19.81,238.7,72.4,2.439911147504271,0.4865751468400048,1.0635936527953762,1.0,1.0,alex bachman,alexbachman,abachman,Las Vegas Raiders,00-0035602,0.0,0.0,0.0,0.0,0.0,0.0,0.0,1.0,1.0,3.0,0.0,A.Bachman,LV,team_norm & _alias_init_last,0.0,0.0,0.0,0.0,0.0,0.0,0.0,-1.0,-1.0,-3.0,0.0
2025,16,0.0,2025_16_LV_HOU,Las Vegas Raiders,Amari Cooper,WR,00-0031544,1.0,0.0,0.0,0.0,0.0,0.0,0.0,0.0,0.0,0.0,0.0,0.0,0.0,66.03,42.54,19.81,238.7,72.4,2.439911147504271,0.4865751468400048,1.0635936527953762,1.0,1.0,amari cooper,amaricooper,acooper,Las Vegas Raiders,00-0031544,,,,,,,,,,,,,,,,,,,,,,,,,
2025,16,0.0,2025_16_LV_HOU,Las Vegas Raiders,Dont'e Thornton Jr.,WR,00-0040581,1.0,0.0,0.0,0.0,0.0,0.0,0.0,0.0,0.0,0.0,0.0,0.0,0.0,66.03,42.54,19.81,238.7,72.4,2.439911147504271,0.4865751468400048,1.0635936527953762,1.0,1.0,dont'e thornton jr.,dontethorntonjr,dthornton,Las Vegas Raiders,00-0040581,,,,,,,,,,,,,,,,,,,,,,,,,
2025,16,0.0,2025_16_MIN_NYG,Minnesota Vikings,J.J. McCarthy,QB,00-0039923,1.0,29.88,224.4,2.03,0.65,1.31,5.5,0.04,0.0,0.0,0.0,0.0,0.0379,63.85,30.73,30.74,233.2,152.0,1.9198320395313224,0.9541079399746528,0.7681295092957048,1.0,1.0,j.j. mccarthy,jjmccarthy,jmccarthy,Minnesota Vikings,00-0039923,21.0,108.0,0.0,1.0,0.0,0.0,0.0,0.0,0.0,0.0,0.0,J.McCarthy,MIN,team_norm & _alias_init_last,8.879999999999999,116.4,2.03,-0.35,1.31,5.5,0.04,0.0,0.0,0.0,0.0
2025,16,0.0,2025_16_MIN_NYG,Minnesota Vikings,Aaron Jones Sr.,RB,,1.0,0.0,0.0,0.0,0.0,18.92,98.0,0.68,3.55,2.47,26.2,0.22,0.5923,63.85,30.73,30.74,233.2,152.0,1.9198320395313224,0.9541079399746528,0.7681295092957048,0.0,0.0,aaron jones sr.,aaronjonessr,ajones,Minnesota Vikings,00-0033293,0.0,0.0,0.0,0.0,22.0,85.0,0.0,4.0,2.0,8.0,0.0,A.Jones,MIN,team_norm & _alias_init_last,0.0,0.0,0.0,0.0,-3.0799999999999983,13.0,0.68,-0.4500000000000002,0.4700000000000002,18.2,0.22
2025,16,0.0,2025_16_MIN_NYG,Minnesota Vikings,Jordan Mason,RB,00-0037525,1.0,0.0,0.0,0.0,0.0,10.51,42.2,0.25,2.21,1.63,12.4,0.14,0.3237,63.85,30.73,30.74,233.2,152.0,1.9198320395313224,0.9541079399746528,0.7681295092957048,1.0,1.0,jordan mason,jordanmason,jmason,Minnesota Vikings,00-0037525,0.0,0.0,0.0,0.0,2.0,5.0,0.0,1.0,1.0,6.0,0.0,J.Mason,MIN,team_norm & _alias_init_last,0.0,0.0,0.0,0.0,8.51,37.2,0.25,1.21,0.6299999999999999,6.4,0.14
2025,16,0.0,2025_16_MIN_NYG,Minnesota Vikings,Zavier Scott,RB,00-0038440,1.0,0.0,0.0,0.0,0.0,0.0,0.0,0.0,0.0,0.0,0.0,0.0,0.0,63.85,30.73,30.74,233.2,152.0,1.9198320395313224,0.9541079399746528,0.7681295092957048,1.0,1.0,zavier scott,zavierscott,zscott,Minnesota Vikings,00-0038440,0.0,0.0,0.0,0.0,2.0,4.0,0.0,1.0,1.0,8.0,0.0,Z.Scott,MIN,team_norm & _alias_init_last,0.0,0.0,0.0,0.0,-2.0,-4.0,0.0,-1.0,-1.0,-8.0,0.0
2025,16,0.0,2025_16_MIN_NYG,Minnesota Vikings,T.J. Hockenson,TE,00-0035229,1.0,0.0,0.0,0.0,0.0,0.0,0.0,0.0,6.26,4.54,35.9,0.35,0.2967,63.85,30.73,30.74,233.2,152.0,1.9198320395313224,0.9541079399746528,0.7681295092957048,1.0,1.0,t.j. hockenson,tjhockenson,thockenson,Minnesota Vikings,00-0035229,0.0,0.0,0.0,0.0,0.0,0.0,0.0,1.0,1.0,2.0,0.0,T.Hockenson,MIN,team_norm & _alias_init_last,0.0,0.0,0.0,0.0,0.0,0.0,0.0,5.26,3.54,33.9,0.35
2025,16,0.0,2025_16_MIN_NYG,Minnesota Vikings,Josh Oliver,TE,00-0035249,1.0,0.0,0.0,0.0,0.0,0.0,0.0,0.0,3.14,2.32,19.1,0.19,0.1766,63.85,30.73,30.74,233.2,152.0,1.9198320395313224,0.9541079399746528,0.7681295092957048,1.0,1.0,josh oliver,josholiver,joliver,Minnesota Vikings,00-0035249,0.0,0.0,0.0,0.0,0.0,0.0,0.0,3.0,2.0,19.0,0.0,J.Oliver,MIN,team_norm & _alias_init_last,0.0,0.0,0.0,0.0,0.0,0.0,0.0,0.14000000000000012,0.31999999999999984,0.10000000000000142,0.19
2025,16,0.0,2025_16_MIN_NYG,Minnesota Vikings,Ben Sims,TE,00-0038809,1.0,0.0,0.0,0.0,0.0,0.0,0.0,0.0,0.0,0.0,0.0,0.0,0.0,63.85,30.73,30.74,233.2,152.0,1.9198320395313224,0.9541079399746528,0.7681295092957048,1.0,1.0,ben sims,bensims,bsims,Minnesota Vikings,00-0038809,,,,,,,,,,,,,,,,,,,,,,,,,
2025,16,0.0,2025_16_MIN_NYG,Minnesota Vikings,Ben Yurosek,TE,00-0040509,1.0,0.0,0.0,0.0,0.0,0.0,0.0,0.0,0.0,0.0,0.0,0.0,0.0,63.85,30.73,30.74,233.2,152.0,1.9198320395313224,0.9541079399746528,0.7681295092957048,1.0,1.0,ben yurosek,benyurosek,byurosek,Minnesota Vikings,00-0040509,,,,,,,,,,,,,,,,,,,,,,,,,
2025,16,0.0,2025_16_MIN_NYG,Minnesota Vikings,Justin Jefferson,WR,00-0036322,1.0,0.0,0.0,0.0,0.0,0.0,0.0,0.0,6.97,4.18,42.9,0.42,0.3409,63.85,30.73,30.74,233.2,152.0,1.9198320395313224,0.9541079399746528,0.7681295092957048,1.0,1.0,justin jefferson,justinjefferson,jjefferson,Minnesota Vikings,00-0036322,0.0,0.0,0.0,0.0,0.0,0.0,0.0,8.0,6.0,85.0,0.0,J.Jefferson,MIN,team_norm & _alias_init_last,0.0,0.0,0.0,0.0,0.0,0.0,0.0,-1.0300000000000002,-1.8200000000000003,-42.1,0.42
2025,16,0.0,2025_16_MIN_NYG,Minnesota Vikings,Jordan Addison,WR,00-0038994,1.0,0.0,0.0,0.0,0.0,0.0,0.0,0.0,5.16,2.81,31.3,0.31,0.2683,63.85,30.73,30.74,233.2,152.0,1.9198320395313224,0.9541079399746528,0.7681295092957048,1.0,1.0,jordan addison,jordanaddison,jaddison,Minnesota Vikings,00-0038994,0.0,0.0,0.0,0.0,0.0,0.0,0.0,3.0,2.0,26.0,0.0,J.Addison,MIN,team_norm & _alias_init_last,0.0,0.0,0.0,0.0,0.0,0.0,0.0,2.16,0.81,5.300000000000001,0.31
2025,16,0.0,2025_16_MIN_NYG,Minnesota Vikings,Jalen Nailor,WR,00-0037291,1.0,0.0,0.0,0.0,0.0,0.0,0.0,0.0,3.44,1.93,22.2,0.21,0.1911,63.85,30.73,30.74,233.2,152.0,1.9198320395313224,0.9541079399746528,0.7681295092957048,1.0,1.0,jalen nailor,jalennailor,jnailor,Minnesota Vikings,00-0037291,0.0,0.0,0.0,0.0,0.0,0.0,0.0,3.0,0.0,0.0,0.0,J.Nailor,MIN,team_norm & _alias_init_last,0.0,0.0,0.0,0.0,0.0,0.0,0.0,0.43999999999999995,1.93,22.2,0.21
2025,16,0.0,2025_16_MIN_NYG,Minnesota Vikings,Myles Price,WR,00-0040506,1.0,0.0,0.0,0.0,0.0,0.0,0.0,0.0,0.0,0.0,0.0,0.0,0.0,63.85,30.73,30.74,233.2,152.0,1.9198320395313224,0.9541079399746528,0.7681295092957048,1.0,1.0,myles price,mylesprice,mprice,Minnesota Vikings,00-0040506,,,,,,,,,,,,,,,,,,,,,,,,,
2025,16,0.0,2025_16_MIN_NYG,Minnesota Vikings,Tai Felton,WR,00-0040154,1.0,0.0,0.0,0.0,0.0,0.0,0.0,0.0,0.0,0.0,0.0,0.0,0.0,63.85,30.73,30.74,233.2,152.0,1.9198320395313224,0.9541079399746528,0.7681295092957048,1.0,1.0,tai felton,taifelton,tfelton,Minnesota Vikings,00-0040154,0.0,0.0,0.0,0.0,0.0,0.0,0.0,1.0,1.0,6.0,0.0,T.Felton,MIN,team_norm & _alias_init_last,0.0,0.0,0.0,0.0,0.0,0.0,0.0,-1.0,-1.0,-6.0,0.0
2025,16,0.0,2025_16_MIN_NYG,New York Giants,Jaxson Dart,QB,00-0040691,1.0,43.12,239.4,3.02,0.94,3.6,10.4,0.13,0.0,0.0,0.0,0.0,0.1246,72.0,44.34,24.35,248.7,89.0,3.017323970757769,0.802299429727614,1.1084004533392304,1.0,1.0,jaxson dart,jaxsondart,jdart,New York Giants,00-0040691,25.0,33.0,0.0,1.0,1.0,3.0,0.0,0.0,0.0,0.0,0.0,J.Dart,NYG,team_norm & _alias_init_last,18.119999999999997,206.4,3.02,-0.06000000000000005,2.6,7.4,0.13,0.0,0.0,0.0,0.0
2025,16,0.0,2025_16_MIN_NYG,New York Giants,Tyrone Tracy Jr.,RB,00-0039384,1.0,0.0,0.0,0.0,0.0,13.34,39.9,0.51,5.35,3.57,19.6,0.36,0.5809,72.0,44.34,24.35,248.7,89.0,3.017323970757769,0.802299429727614,1.1084004533392304,1.0,1.0,tyrone tracy jr.,tyronetracyjr,ttracy,New York Giants,00-0039384,0.0,0.0,0.0,0.0,17.0,71.0,0.0,2.0,2.0,7.0,0.0,T.Tracy,NYG,team_norm & _alias_init_last,0.0,0.0,0.0,0.0,-3.66,-31.1,0.51,3.3499999999999996,1.5699999999999998,12.600000000000001,0.36
2025,16,0.0,2025_16_MIN_NYG,New York Giants,Devin Singletary,RB,00-0035250,1.0,0.0,0.0,0.0,0.0,7.41,22.6,0.19,3.33,2.38,11.3,0.22,0.338,72.0,44.34,24.35,248.7,89.0,3.017323970757769,0.802299429727614,1.1084004533392304,1.0,1.0,devin singletary,devinsingletary,dsingletary,New York Giants,00-0035250,0.0,0.0,0.0,0.0,12.0,47.0,0.0,1.0,1.0,-1.0,0.0,D.Singletary,NYG,team_norm & _alias_init_last,0.0,0.0,0.0,0.0,-4.59,-24.4,0.19,2.33,1.38,12.3,0.22
2025,16,0.0,2025_16_MIN_NYG,New York Giants,Eric Gray,RB,00-0038396,1.0,0.0,0.0,0.0,0.0,0.0,0.0,0.0,0.0,0.0,0.0,0.0,0.0,72.0,44.34,24.35,248.7,89.0,3.017323970757769,0.802299429727614,1.1084004533392304,1.0,1.0,eric gray,ericgray,egray,New York Giants,00-0038396,,,,,,,,,,,,,,,,,,,,,,,,,
2025,16,0.0,2025_16_MIN_NYG,New York Giants,Theo Johnson,TE,00-0039847,1.0,0.0,0.0,0.0,0.0,0.0,0.0,0.0,9.09,5.74,42.3,0.57,0.4334,72.0,44.34,24.35,248.7,89.0,3.017323970757769,0.802299429727614,1.1084004533392304,1.0,1.0,theo johnson,theojohnson,tjohnson,New York Giants,00-0039847,0.0,0.0,0.0,0.0,0.0,0.0,0.0,2.0,0.0,0.0,0.0,T.Johnson,NYG,team_norm & _alias_init_last,0.0,0.0,0.0,0.0,0.0,0.0,0.0,7.09,5.74,42.3,0.57
2025,16,0.0,2025_16_MIN_NYG,New York Giants,Daniel Bellinger,TE,00-0038115,1.0,0.0,0.0,0.0,0.0,0.0,0.0,0.0,4.7,3.75,21.1,0.3,0.2564,72.0,44.34,24.35,248.7,89.0,3.017323970757769,0.802299429727614,1.1084004533392304,1.0,1.0,daniel bellinger,danielbellinger,dbellinger,New York Giants,00-0038115,0.0,0.0,0.0,0.0,0.0,0.0,0.0,1.0,0.0,0.0,0.0,D.Bellinger,NYG,team_norm & _alias_init_last,0.0,0.0,0.0,0.0,0.0,0.0,0.0,3.7,3.75,21.1,0.3
2025,16,0.0,2025_16_MIN_NYG,New York Giants,Chris Manhertz,TE,00-0031484,1.0,0.0,0.0,0.0,0.0,0.0,0.0,0.0,0.0,0.0,0.0,0.0,0.0,72.0,44.34,24.35,248.7,89.0,3.017323970757769,0.802299429727614,1.1084004533392304,1.0,1.0,chris manhertz,chrismanhertz,cmanhertz,New York Giants,00-0031484,,,,,,,,,,,,,,,,,,,,,,,,,
2025,16,0.0,2025_16_MIN_NYG,New York Giants,Jermaine Terry,TE,00-0040457,1.0,0.0,0.0,0.0,0.0,0.0,0.0,0.0,0.0,0.0,0.0,0.0,0.0,72.0,44.34,24.35,248.7,89.0,3.017323970757769,0.802299429727614,1.1084004533392304,0.0,0.0,jermaine terry,jermaineterry,jterry,New York Giants,00-0040457,,,,,,,,,,,,,,,,,,,,,,,,,
2025,16,0.0,2025_16_MIN_NYG,New York Giants,Wan'Dale Robinson,WR,00-0038117,1.0,0.0,0.0,0.0,0.0,0.0,0.0,0.0,9.53,5.95,44.2,0.59,0.4436,72.0,44.34,24.35,248.7,89.0,3.017323970757769,0.802299429727614,1.1084004533392304,1.0,1.0,wan'dale robinson,wandalerobinson,wrobinson,New York Giants,,0.0,0.0,0.0,0.0,1.0,3.0,0.0,8.0,3.0,19.0,0.0,W.Robinson,NYG,team_norm & _alias_init_last,0.0,0.0,0.0,0.0,-1.0,-3.0,0.0,1.5299999999999994,2.95,25.200000000000003,0.59
2025,16,0.0,2025_16_MIN_NYG,New York Giants,Darius Slayton,WR,00-0035535,1.0,0.0,0.0,0.0,0.0,0.0,0.0,0.0,7.18,3.81,32.7,0.44,0.3544,72.0,44.34,24.35,248.7,89.0,3.017323970757769,0.802299429727614,1.1084004533392304,1.0,1.0,darius slayton,dariusslayton,dslayton,New York Giants,00-0035535,0.0,0.0,0.0,0.0,0.0,0.0,0.0,2.0,1.0,8.0,0.0,D.Slayton,NYG,team_norm & _alias_init_last,0.0,0.0,0.0,0.0,0.0,0.0,0.0,5.18,2.81,24.700000000000003,0.44
2025,16,0.0,2025_16_MIN_NYG,New York Giants,Isaiah Hodgins,WR,00-0036165,1.0,0.0,0.0,0.0,0.0,0.0,0.0,0.0,4.78,2.97,23.5,0.32,0.2702,72.0,44.34,24.35,248.7,89.0,3.017323970757769,0.802299429727614,1.1084004533392304,1.0,1.0,isaiah hodgins,isaiahhodgins,ihodgins,New York Giants,00-0036165,0.0,0.0,0.0,0.0,0.0,0.0,0.0,1.0,0.0,0.0,0.0,I.Hodgins,NYG,team_norm & _alias_init_last,0.0,0.0,0.0,0.0,0.0,0.0,0.0,3.7800000000000002,2.97,23.5,0.32
2025,16,0.0,2025_16_MIN_NYG,New York Giants,Antwane Wells Jr.,WR,00-0040438,1.0,0.0,0.0,0.0,0.0,0.0,0.0,0.0,0.0,0.0,0.0,0.0,0.0,72.0,44.34,24.35,248.7,89.0,3.017323970757769,0.802299429727614,1.1084004533392304,0.0,0.0,antwane wells jr.,antwanewellsjr,awells,New York Giants,00-0040438,,,,,,,,,,,,,,,,,,,,,,,,,
2025,16,0.0,2025_16_MIN_NYG,New York Giants,Dalen Cambre,WR,00-0040431,1.0,0.0,0.0,0.0,0.0,0.0,0.0,0.0,0.0,0.0,0.0,0.0,0.0,72.0,44.34,24.35,248.7,89.0,3.017323970757769,0.802299429727614,1.1084004533392304,1.0,1.0,dalen cambre,dalencambre,dcambre,New York Giants,00-0040431,,,,,,,,,,,,,,,,,,,,,,,,,
2025,16,0.0,2025_16_MIN_NYG,New York Giants,Gunner Olszewski,WR,00-0035645,1.0,0.0,0.0,0.0,0.0,0.0,0.0,0.0,0.0,0.0,0.0,0.0,0.0,72.0,44.34,24.35,248.7,89.0,3.017323970757769,0.802299429727614,1.1084004533392304,1.0,1.0,gunner olszewski,gunnerolszewski,golszewski,New York Giants,,,,,,,,,,,,,,,,,,,,,,,,,,
2025,16,0.0,2025_16_NE_BAL,Baltimore Ravens,Lamar Jackson,QB,00-0034796,1.0,26.89,171.8,1.72,0.56,9.45,24.0,0.22,0.0,0.0,0.0,0.0,0.1974,56.72,26.37,28.36,147.9,103.7,1.554011510126271,0.7680041402351181,0.6591531104040064,1.0,1.0,lamar jackson,lamarjackson,ljackson,Baltimore Ravens,00-0034796,10.0,101.0,0.0,0.0,2.0,7.0,0.0,0.0,0.0,0.0,0.0,L.Jackson,BAL,team_norm & _alias_init_last,16.89,70.80000000000001,1.72,0.56,7.449999999999999,17.0,0.22,0.0,0.0,0.0,0.0
2025,16,0.0,2025_16_NE_BAL,Baltimore Ravens,Derrick Henry,RB,00-0032764,1.0,0.0,0.0,0.0,0.0,12.16,35.8,0.43,3.22,2.22,11.7,0.19,0.4646,56.72,26.37,28.36,147.9,103.7,1.554011510126271,0.7680041402351181,0.6591531104040064,1.0,1.0,derrick henry,derrickhenry,dhenry,Baltimore Ravens,00-0032764,0.0,0.0,0.0,0.0,18.0,128.0,2.0,0.0,0.0,0.0,0.0,D.Henry,BAL,team_norm & _alias_init_last,0.0,0.0,0.0,0.0,-5.84,-92.2,-1.57,3.22,2.22,11.7,0.19
2025,16,0.0,2025_16_NE_BAL,Baltimore Ravens,Keaton Mitchell,RB,00-0038454,1.0,0.0,0.0,0.0,0.0,6.75,20.9,0.15,2.0,1.43,8.7,0.12,0.2353,56.72,26.37,28.36,147.9,103.7,1.554011510126271,0.7680041402351181,0.6591531104040064,1.0,1.0,keaton mitchell,keatonmitchell,kmitchell,Baltimore Ravens,00-0038454,0.0,0.0,0.0,0.0,9.0,13.0,0.0,0.0,0.0,0.0,0.0,K.Mitchell,BAL,team_norm & _alias_init_last,0.0,0.0,0.0,0.0,-2.25,7.899999999999999,0.15,2.0,1.43,8.7,0.12
2025,16,0.0,2025_16_NE_BAL,Baltimore Ravens,Rasheen Ali,RB,00-0039796,1.0,0.0,0.0,0.0,0.0,0.0,0.0,0.0,0.0,0.0,0.0,0.0,0.0,56.72,26.37,28.36,147.9,103.7,1.554011510126271,0.7680041402351181,0.6591531104040064,1.0,1.0,rasheen ali,rasheenali,rali,Baltimore Ravens,00-0039796,0.0,0.0,0.0,0.0,0.0,0.0,0.0,2.0,2.0,2.0,0.0,R.Ali,BAL,team_norm & _alias_init_last,0.0,0.0,0.0,0.0,0.0,0.0,0.0,-2.0,-2.0,-2.0,0.0
2025,16,0.0,2025_16_NE_BAL,Baltimore Ravens,Mark Andrews,TE,00-0034753,1.0,0.0,0.0,0.0,0.0,0.0,0.0,0.0,5.46,3.75,23.6,0.31,0.2656,56.72,26.37,28.36,147.9,103.7,1.554011510126271,0.7680041402351181,0.6591531104040064,1.0,1.0,mark andrews,markandrews,mandrews,Baltimore Ravens,00-0034753,0.0,0.0,0.0,0.0,1.0,3.0,0.0,4.0,2.0,21.0,0.0,M.Andrews,BAL,team_norm & _alias_init_last,0.0,0.0,0.0,0.0,-1.0,-3.0,0.0,1.46,1.75,2.6000000000000014,0.31
2025,16,0.0,2025_16_NE_BAL,Baltimore Ravens,Isaiah Likely,TE,00-0037838,1.0,0.0,0.0,0.0,0.0,0.0,0.0,0.0,2.82,2.01,12.4,0.16,0.146,56.72,26.37,28.36,147.9,103.7,1.554011510126271,0.7680041402351181,0.6591531104040064,1.0,1.0,isaiah likely,isaiahlikely,ilikely,Baltimore Ravens,00-0037838,,,,,,,,,,,,,,,,,,,,,,,,,
2025,16,0.0,2025_16_NE_BAL,Baltimore Ravens,Baylor Cupp,TE,00-0039316,1.0,0.0,0.0,0.0,0.0,0.0,0.0,0.0,0.0,0.0,0.0,0.0,0.0,56.72,26.37,28.36,147.9,103.7,1.554011510126271,0.7680041402351181,0.6591531104040064,0.0,0.0,baylor cupp,baylorcupp,bcupp,Baltimore Ravens,00-0039316,,,,,,,,,,,,,,,,,,,,,,,,,
2025,16,0.0,2025_16_NE_BAL,Baltimore Ravens,Charlie Kolar,TE,00-0038046,1.0,0.0,0.0,0.0,0.0,0.0,0.0,0.0,0.0,0.0,0.0,0.0,0.0,56.72,26.37,28.36,147.9,103.7,1.554011510126271,0.7680041402351181,0.6591531104040064,1.0,1.0,charlie kolar,charliekolar,ckolar,Baltimore Ravens,00-0038046,0.0,0.0,0.0,0.0,0.0,0.0,0.0,1.0,1.0,18.0,0.0,C.Kolar,BAL,team_norm & _alias_init_last,0.0,0.0,0.0,0.0,0.0,0.0,0.0,-1.0,-1.0,-18.0,0.0
2025,16,0.0,2025_16_NE_BAL,Baltimore Ravens,Zay Flowers,WR,00-0039064,1.0,0.0,0.0,0.0,0.0,0.0,0.0,0.0,5.62,3.64,26.3,0.3,0.262,56.72,26.37,28.36,147.9,103.7,1.554011510126271,0.7680041402351181,0.6591531104040064,1.0,1.0,zay flowers,zayflowers,zflowers,Baltimore Ravens,,0.0,0.0,0.0,0.0,1.0,18.0,1.0,7.0,7.0,84.0,0.0,Z.Flowers,BAL,team_norm & _alias_init_last,0.0,0.0,0.0,0.0,-1.0,-18.0,-1.0,-1.38,-3.36,-57.7,0.3
2025,16,0.0,2025_16_NE_BAL,Baltimore Ravens,Rashod Bateman,WR,00-0036550,1.0,0.0,0.0,0.0,0.0,0.0,0.0,0.0,4.23,2.38,19.9,0.23,0.2088,56.72,26.37,28.36,147.9,103.7,1.554011510126271,0.7680041402351181,0.6591531104040064,1.0,1.0,rashod bateman,rashodbateman,rbateman,Baltimore Ravens,00-0036550,0.0,0.0,0.0,0.0,0.0,0.0,0.0,2.0,0.0,0.0,0.0,R.Bateman,BAL,team_norm & _alias_init_last,0.0,0.0,0.0,0.0,0.0,0.0,0.0,2.2300000000000004,2.38,19.9,0.23
2025,16,0.0,2025_16_NE_BAL,Baltimore Ravens,DeAndre Hopkins,WR,00-0030564,1.0,0.0,0.0,0.0,0.0,0.0,0.0,0.0,2.82,1.59,12.1,0.15,0.1425,56.72,26.37,28.36,147.9,103.7,1.554011510126271,0.7680041402351181,0.6591531104040064,1.0,1.0,deandre hopkins,deandrehopkins,dhopkins,Baltimore Ravens,00-0030564,0.0,0.0,0.0,0.0,0.0,0.0,0.0,5.0,4.0,41.0,0.0,D.Hopkins,BAL,team_norm & _alias_init_last,0.0,0.0,0.0,0.0,0.0,0.0,0.0,-2.18,-2.41,-28.9,0.15
2025,16,0.0,2025_16_NE_BAL,Baltimore Ravens,Anthony Miller,WR,00-0034353,1.0,0.0,0.0,0.0,0.0,0.0,0.0,0.0,0.0,0.0,0.0,0.0,0.0,56.72,26.37,28.36,147.9,103.7,1.554011510126271,0.7680041402351181,0.6591531104040064,0.0,0.0,anthony miller,anthonymiller,amiller,Baltimore Ravens,00-0034353,,,,,,,,,,,,,,,,,,,,,,,,,
2025,16,0.0,2025_16_NE_BAL,Baltimore Ravens,Devontez Walker,WR,00-0039792,1.0,0.0,0.0,0.0,0.0,0.0,0.0,0.0,0.0,0.0,0.0,0.0,0.0,56.72,26.37,28.36,147.9,103.7,1.554011510126271,0.7680041402351181,0.6591531104040064,1.0,1.0,devontez walker,devontezwalker,dwalker,Baltimore Ravens,00-0039792,,,,,,,,,,,,,,,,,,,,,,,,,
2025,16,0.0,2025_16_NE_BAL,Baltimore Ravens,LaJohntay Wester,WR,00-0040075,1.0,0.0,0.0,0.0,0.0,0.0,0.0,0.0,0.0,0.0,0.0,0.0,0.0,56.72,26.37,28.36,147.9,103.7,1.554011510126271,0.7680041402351181,0.6591531104040064,1.0,1.0,lajohntay wester,lajohntaywester,lwester,Baltimore Ravens,00-0040075,,,,,,,,,,,,,,,,,,,,,,,,,
2025,16,0.0,2025_16_NE_BAL,New England Patriots,Drake Maye,QB,00-0039851,1.0,33.76,240.1,1.09,0.8,6.58,24.7,0.09,0.0,0.0,0.0,0.0,0.0837,70.06,37.88,29.64,287.5,146.6,1.0141820586184258,0.3895455774033147,0.9469715706082656,1.0,1.0,drake maye,drakemaye,dmaye,New England Patriots,00-0039851,53.0,380.0,2.0,1.0,4.0,19.0,0.0,0.0,0.0,0.0,0.0,D.Maye,NE,team_norm & _alias_init_last,-19.240000000000002,-139.9,-0.9099999999999999,-0.19999999999999996,2.58,5.699999999999999,0.09,0.0,0.0,0.0,0.0
2025,16,0.0,2025_16_NE_BAL,New England Patriots,TreVeyon Henderson,RB,00-0040734,1.0,0.0,0.0,0.0,0.0,14.82,64.2,0.24,4.51,3.41,26.9,0.12,0.3016,70.06,37.88,29.64,287.5,146.6,1.0141820586184258,0.3895455774033147,0.9469715706082656,1.0,1.0,treveyon henderson,treveyonhenderson,thenderson,New England Patriots,00-0040734,0.0,0.0,0.0,0.0,6.0,3.0,0.0,1.0,1.0,9.0,0.0,T.Henderson,NE,team_norm & _alias_init_last,0.0,0.0,0.0,0.0,8.82,61.2,0.24,3.51,2.41,17.9,0.12
2025,16,0.0,2025_16_NE_BAL,New England Patriots,Rhamondre Stevenson,RB,00-0036875,1.0,0.0,0.0,0.0,0.0,8.24,34.0,0.08,2.81,1.98,13.6,0.08,0.149,70.06,37.88,29.64,287.5,146.6,1.0141820586184258,0.3895455774033147,0.9469715706082656,1.0,1.0,rhamondre stevenson,rhamondrestevenson,rstevenson,New England Patriots,00-0036875,0.0,0.0,0.0,0.0,8.0,51.0,1.0,4.0,2.0,27.0,0.0,R.Stevenson,NE,team_norm & _alias_init_last,0.0,0.0,0.0,0.0,0.2400000000000002,-17.0,-0.92,-1.19,-0.020000000000000018,-13.4,0.08
2025,16,0.0,2025_16_NE_BAL,New England Patriots,D'Ernest Johnson,RB,00-0035628,1.0,0.0,0.0,0.0,0.0,0.0,0.0,0.0,0.0,0.0,0.0,0.0,0.0,70.06,37.88,29.64,287.5,146.6,1.0141820586184258,0.3895455774033147,0.9469715706082656,1.0,1.0,d'ernest johnson,dernestjohnson,djohnson,New England Patriots,00-0035628,,,,,,,,,,,,,,,,,,,,,,,,,
2025,16,0.0,2025_16_NE_BAL,New England Patriots,Hunter Henry,TE,00-0033090,1.0,0.0,0.0,0.0,0.0,0.0,0.0,0.0,7.54,5.43,46.4,0.19,0.1722,70.06,37.88,29.64,287.5,146.6,1.0141820586184258,0.3895455774033147,0.9469715706082656,1.0,1.0,hunter henry,hunterhenry,hhenry,New England Patriots,00-0033090,0.0,0.0,0.0,0.0,0.0,0.0,0.0,7.0,6.0,35.0,1.0,H.Henry,NE,team_norm & _alias_init_last,0.0,0.0,0.0,0.0,0.0,0.0,0.0,0.54,-0.5700000000000003,11.399999999999999,-0.81
2025,16,0.0,2025_16_NE_BAL,New England Patriots,Austin Hooper,TE,00-0032392,1.0,0.0,0.0,0.0,0.0,0.0,0.0,0.0,3.9,2.85,22.6,0.1,0.0916,70.06,37.88,29.64,287.5,146.6,1.0141820586184258,0.3895455774033147,0.9469715706082656,1.0,1.0,austin hooper,austinhooper,ahooper,New England Patriots,00-0032392,0.0,0.0,0.0,0.0,0.0,0.0,0.0,4.0,2.0,34.0,0.0,A.Hooper,NE,team_norm & _alias_init_last,0.0,0.0,0.0,0.0,0.0,0.0,0.0,-0.10000000000000009,0.8500000000000001,-11.399999999999999,0.1
2025,16,0.0,2025_16_NE_BAL,New England Patriots,CJ Dippre,TE,00-0040566,1.0,0.0,0.0,0.0,0.0,0.0,0.0,0.0,0.0,0.0,0.0,0.0,0.0,70.06,37.88,29.64,287.5,146.6,1.0141820586184258,0.3895455774033147,0.9469715706082656,0.0,0.0,cj dippre,cjdippre,cdippre,New England Patriots,00-0040566,,,,,,,,,,,,,,,,,,,,,,,,,
2025,16,0.0,2025_16_NE_BAL,New England Patriots,Cole Fotheringham,TE,00-0037506,1.0,0.0,0.0,0.0,0.0,0.0,0.0,0.0,0.0,0.0,0.0,0.0,0.0,70.06,37.88,29.64,287.5,146.6,1.0141820586184258,0.3895455774033147,0.9469715706082656,0.0,0.0,cole fotheringham,colefotheringham,cfotheringham,New England Patriots,00-0037506,,,,,,,,,,,,,,,,,,,,,,,,,
2025,16,0.0,2025_16_NE_BAL,New England Patriots,Stefon Diggs,WR,00-0031588,1.0,0.0,0.0,0.0,0.0,0.0,0.0,0.0,8.48,5.58,51.8,0.21,0.1894,70.06,37.88,29.64,287.5,146.6,1.0141820586184258,0.3895455774033147,0.9469715706082656,1.0,1.0,stefon diggs,stefondiggs,sdiggs,New England Patriots,00-0031588,0.0,0.0,0.0,0.0,0.0,0.0,0.0,10.0,9.0,138.0,0.0,S.Diggs,NE,team_norm & _alias_init_last,0.0,0.0,0.0,0.0,0.0,0.0,0.0,-1.5199999999999996,-3.42,-86.2,0.21
2025,16,0.0,2025_16_NE_BAL,New England Patriots,Kayshon Boutte,WR,00-0038608,1.0,0.0,0.0,0.0,0.0,0.0,0.0,0.0,6.39,3.61,40.3,0.16,0.146,70.06,37.88,29.64,287.5,146.6,1.0141820586184258,0.3895455774033147,0.9469715706082656,1.0,1.0,kayshon boutte,kayshonboutte,kboutte,New England Patriots,00-0038608,0.0,0.0,0.0,0.0,0.0,0.0,0.0,4.0,1.0,16.0,0.0,K.Boutte,NE,team_norm & _alias_init_last,0.0,0.0,0.0,0.0,0.0,0.0,0.0,2.3899999999999997,2.61,24.299999999999997,0.16
2025,16,0.0,2025_16_NE_BAL,New England Patriots,Mack Hollins,WR,00-0033555,1.0,0.0,0.0,0.0,0.0,0.0,0.0,0.0,4.26,2.46,24.4,0.11,0.1002,70.06,37.88,29.64,287.5,146.6,1.0141820586184258,0.3895455774033147,0.9469715706082656,1.0,1.0,mack hollins,mackhollins,mhollins,New England Patriots,00-0033555,0.0,0.0,0.0,0.0,0.0,0.0,0.0,9.0,7.0,69.0,0.0,M.Hollins,NE,team_norm & _alias_init_last,0.0,0.0,0.0,0.0,0.0,0.0,0.0,-4.74,-4.54,-44.6,0.11
2025,16,0.0,2025_16_NE_BAL,New England Patriots,Brandon Smith,WR,00-0036775,1.0,0.0,0.0,0.0,0.0,0.0,0.0,0.0,0.0,0.0,0.0,0.0,0.0,70.06,37.88,29.64,287.5,146.6,1.0141820586184258,0.3895455774033147,0.9469715706082656,0.0,0.0,brandon smith,brandonsmith,bsmith,New England Patriots,00-0036775,0.0,0.0,0.0,0.0,0.0,0.0,0.0,1.0,1.0,4.0,0.0,B.Smith,KC,_alias_init_last,0.0,0.0,0.0,0.0,0.0,0.0,0.0,-1.0,-1.0,-4.0,0.0
2025,16,0.0,2025_16_NE_BAL,New England Patriots,DeMario Douglas,WR,00-0038621,1.0,0.0,0.0,0.0,0.0,0.0,0.0,0.0,0.0,0.0,0.0,0.0,0.0,70.06,37.88,29.64,287.5,146.6,1.0141820586184258,0.3895455774033147,0.9469715706082656,1.0,1.0,demario douglas,demariodouglas,ddouglas,New England Patriots,00-0038621,0.0,0.0,0.0,0.0,0.0,0.0,0.0,2.0,1.0,6.0,0.0,D.Douglas,NE,team_norm & _alias_init_last,0.0,0.0,0.0,0.0,0.0,0.0,0.0,-2.0,-1.0,-6.0,0.0
2025,16,0.0,2025_16_NE_BAL,New England Patriots,Efton Chism III,WR,00-0040563,1.0,0.0,0.0,0.0,0.0,0.0,0.0,0.0,0.0,0.0,0.0,0.0,0.0,70.06,37.88,29.64,287.5,146.6,1.0141820586184258,0.3895455774033147,0.9469715706082656,0.0,0.0,efton chism iii,eftonchismiii,echism,New England Patriots,00-0040563,,,,,,,,,,,,,,,,,,,,,,,,,
2025,16,0.0,2025_16_NE_BAL,New England Patriots,Kyle Williams,WR,00-0040131,1.0,0.0,0.0,0.0,0.0,0.0,0.0,0.0,0.0,0.0,0.0,0.0,0.0,70.06,37.88,29.64,287.5,146.6,1.0141820586184258,0.3895455774033147,0.9469715706082656,1.0,1.0,kyle williams,kylewilliams,kwilliams,New England Patriots,00-0040131,0.0,0.0,0.0,0.0,0.0,0.0,0.0,3.0,2.0,46.0,1.0,K.Williams,NE,team_norm & _alias_init_last,0.0,0.0,0.0,0.0,0.0,0.0,0.0,-3.0,-2.0,-46.0,-1.0
2025,16,0.0,2025_16_NYJ_NO,New Orleans Saints,Tyler Shough,QB,00-0040743,1.0,42.84,237.8,1.75,0.94,1.75,5.1,0.04,0.0,0.0,0.0,0.0,0.0355,71.5,44.05,24.55,247.1,89.7,1.7306773069021404,0.4905655340352501,1.101251120517931,1.0,1.0,tyler shough,tylershough,tshough,New Orleans Saints,00-0040743,54.0,308.0,1.0,0.0,0.0,0.0,0.0,0.0,0.0,0.0,0.0,T.Shough,NO,team_norm & _alias_init_last,-11.159999999999997,-70.19999999999999,0.75,0.94,1.75,5.1,0.04,0.0,0.0,0.0,0.0
2025,16,0.0,2025_16_NYJ_NO,New Orleans Saints,Alvin Kamara,RB,00-0033906,1.0,0.0,0.0,0.0,0.0,14.65,44.4,0.35,5.28,3.92,20.1,0.21,0.4249,71.5,44.05,24.55,247.1,89.7,1.7306773069021404,0.4905655340352501,1.101251120517931,0.0,0.0,alvin kamara,alvinkamara,akamara,New Orleans Saints,00-0033906,,,,,,,,,,,,,,,,,,,,,,,,,
2025,16,0.0,2025_16_NYJ_NO,New Orleans Saints,Audric Estime,RB,,1.0,0.0,0.0,0.0,0.0,8.14,29.7,0.12,3.28,2.23,18.0,0.13,0.2208,71.5,44.05,24.55,247.1,89.7,1.7306773069021404,0.4905655340352501,1.101251120517931,0.0,1.0,audric estime,audricestime,aestime,New Orleans Saints,00-0039373,0.0,0.0,0.0,0.0,5.0,19.0,0.0,4.0,3.0,17.0,0.0,A.Estime,NO,team_norm & _alias_init_last,0.0,0.0,0.0,0.0,3.1400000000000006,10.7,0.12,-0.7200000000000002,-0.77,1.0,0.13
2025,16,0.0,2025_16_NYJ_NO,New Orleans Saints,Evan Hull,RB,00-0038397,1.0,0.0,0.0,0.0,0.0,0.0,0.0,0.0,0.0,0.0,0.0,0.0,0.0,71.5,44.05,24.55,247.1,89.7,1.7306773069021404,0.4905655340352501,1.101251120517931,1.0,1.0,evan hull,evanhull,ehull,New Orleans Saints,00-0038397,0.0,0.0,0.0,0.0,5.0,3.0,0.0,0.0,0.0,0.0,0.0,E.Hull,NO,team_norm & _alias_init_last,0.0,0.0,0.0,0.0,-5.0,-3.0,0.0,0.0,0.0,0.0,0.0
2025,16,0.0,2025_16_NYJ_NO,New Orleans Saints,Juwan Johnson,TE,00-0036040,1.0,0.0,0.0,0.0,0.0,0.0,0.0,0.0,8.95,6.18,37.7,0.31,0.2684,71.5,44.05,24.55,247.1,89.7,1.7306773069021404,0.4905655340352501,1.101251120517931,1.0,1.0,juwan johnson,juwanjohnson,jjohnson,New Orleans Saints,00-0036040,0.0,0.0,0.0,0.0,0.0,0.0,0.0,9.0,8.0,89.0,0.0,J.Johnson,NO,team_norm & _alias_init_last,0.0,0.0,0.0,0.0,0.0,0.0,0.0,-0.05000000000000071,-1.8200000000000003,-51.3,0.31
2025,16,0.0,2025_16_NYJ_NO,New Orleans Saints,Jack Stoll,TE,00-0036741,1.0,0.0,0.0,0.0,0.0,0.0,0.0,0.0,0.0,0.0,0.0,0.0,0.0,71.5,44.05,24.55,247.1,89.7,1.7306773069021404,0.4905655340352501,1.101251120517931,1.0,1.0,jack stoll,jackstoll,jstoll,New Orleans Saints,00-0036741,0.0,0.0,0.0,0.0,0.0,0.0,0.0,2.0,1.0,4.0,0.0,J.Stoll,NO,team_norm & _alias_init_last,0.0,0.0,0.0,0.0,0.0,0.0,0.0,-2.0,-1.0,-4.0,0.0
2025,16,0.0,2025_16_NYJ_NO,New Orleans Saints,Moliki Matavao,TE,00-0040244,1.0,0.0,0.0,0.0,0.0,0.0,0.0,0.0,0.0,0.0,0.0,0.0,0.0,71.5,44.05,24.55,247.1,89.7,1.7306773069021404,0.4905655340352501,1.101251120517931,1.0,1.0,moliki matavao,molikimatavao,mmatavao,New Orleans Saints,00-0040244,,,,,,,,,,,,,,,,,,,,,,,,,
2025,16,0.0,2025_16_NYJ_NO,New Orleans Saints,Chris Olave,WR,00-0037239,1.0,0.0,0.0,0.0,0.0,0.0,0.0,0.0,9.68,5.63,44.1,0.35,0.2921,71.5,44.05,24.55,247.1,89.7,1.7306773069021404,0.4905655340352501,1.101251120517931,1.0,1.0,chris olave,chrisolave,colave,New Orleans Saints,00-0037239,0.0,0.0,0.0,0.0,0.0,0.0,0.0,16.0,10.0,148.0,2.0,C.Olave,NO,team_norm & _alias_init_last,0.0,0.0,0.0,0.0,0.0,0.0,0.0,-6.32,-4.37,-103.9,-1.65
2025,16,0.0,2025_16_NYJ_NO,New Orleans Saints,Kevin Austin Jr.,WR,00-0037231,1.0,0.0,0.0,0.0,0.0,0.0,0.0,0.0,7.29,3.79,41.3,0.27,0.2348,71.5,44.05,24.55,247.1,89.7,1.7306773069021404,0.4905655340352501,1.101251120517931,1.0,1.0,kevin austin jr.,kevinaustinjr,kaustin,New Orleans Saints,00-0037231,0.0,0.0,0.0,0.0,0.0,0.0,0.0,3.0,2.0,18.0,0.0,K.Austin,NO,team_norm & _alias_init_last,0.0,0.0,0.0,0.0,0.0,0.0,0.0,4.29,1.79,23.299999999999997,0.27
2025,16,0.0,2025_16_NYJ_NO,New Orleans Saints,Mason Tipton,WR,00-0039623,1.0,0.0,0.0,0.0,0.0,0.0,0.0,0.0,4.86,2.55,26.3,0.18,0.1648,71.5,44.05,24.55,247.1,89.7,1.7306773069021404,0.4905655340352501,1.101251120517931,1.0,1.0,mason tipton,masontipton,mtipton,New Orleans Saints,00-0039623,0.0,0.0,0.0,0.0,1.0,12.0,0.0,5.0,4.0,29.0,0.0,M.Tipton,NO,team_norm & _alias_init_last,0.0,0.0,0.0,0.0,-1.0,-12.0,0.0,-0.13999999999999968,-1.4500000000000002,-2.6999999999999993,0.18
2025,16,0.0,2025_16_NYJ_NO,New Orleans Saints,Dante Pettis,WR,00-0034860,1.0,0.0,0.0,0.0,0.0,0.0,0.0,0.0,0.0,0.0,0.0,0.0,0.0,71.5,44.05,24.55,247.1,89.7,1.7306773069021404,0.4905655340352501,1.101251120517931,1.0,1.0,dante pettis,dantepettis,dpettis,New Orleans Saints,00-0034860,0.0,0.0,0.0,0.0,0.0,0.0,0.0,1.0,0.0,0.0,0.0,D.Pettis,NO,team_norm & _alias_init_last,0.0,0.0,0.0,0.0,0.0,0.0,0.0,-1.0,0.0,0.0,0.0
2025,16,0.0,2025_16_NYJ_NO,New York Jets,Brady Cook,QB,00-0040398,1.0,30.28,168.1,2.36,0.66,0.61,1.9,0.02,0.0,0.0,0.0,0.0,0.0205,55.81,31.13,22.16,174.7,81.0,2.332385401046748,0.8172340409612113,0.7783095770051676,1.0,1.0,brady cook,bradycook,bcook,New York Jets,00-0040398,45.0,188.0,0.0,1.0,1.0,0.0,0.0,0.0,0.0,0.0,0.0,B.Cook,NYJ,team_norm & _alias_init_last,-14.719999999999999,-19.900000000000006,2.36,-0.33999999999999997,-0.39,1.9,0.02,0.0,0.0,0.0,0.0
2025,16,0.0,2025_16_NYJ_NO,New York Jets,Breece Hall,RB,00-0038120,1.0,0.0,0.0,0.0,0.0,13.85,41.3,0.58,3.69,2.45,13.9,0.28,0.5775,55.81,31.13,22.16,174.7,81.0,2.332385401046748,0.8172340409612113,0.7783095770051676,1.0,1.0,breece hall,breecehall,bhall,New York Jets,00-0038120,0.0,0.0,0.0,0.0,17.0,54.0,0.0,3.0,2.0,9.0,0.0,B.Hall,NYJ,team_norm & _alias_init_last,0.0,0.0,0.0,0.0,-3.1500000000000004,-12.700000000000003,0.58,0.69,0.4500000000000002,4.9,0.28
2025,16,0.0,2025_16_NYJ_NO,New York Jets,Isaiah Davis,RB,00-0039798,1.0,0.0,0.0,0.0,0.0,7.7,25.0,0.22,2.3,1.53,9.5,0.17,0.321,55.81,31.13,22.16,174.7,81.0,2.332385401046748,0.8172340409612113,0.7783095770051676,1.0,1.0,isaiah davis,isaiahdavis,idavis,New York Jets,00-0039798,0.0,0.0,0.0,0.0,3.0,8.0,0.0,4.0,4.0,52.0,0.0,I.Davis,NYJ,team_norm & _alias_init_last,0.0,0.0,0.0,0.0,4.7,17.0,0.22,-1.7000000000000002,-2.4699999999999998,-42.5,0.17
2025,16,0.0,2025_16_NYJ_NO,New York Jets,Kene Nwangwu,RB,00-0036842,1.0,0.0,0.0,0.0,0.0,0.0,0.0,0.0,0.0,0.0,0.0,0.0,0.0,55.81,31.13,22.16,174.7,81.0,2.332385401046748,0.8172340409612113,0.7783095770051676,1.0,1.0,kene nwangwu,kenenwangwu,knwangwu,New York Jets,00-0036842,,,,,,,,,,,,,,,,,,,,,,,,,
2025,16,0.0,2025_16_NYJ_NO,New York Jets,Khalil Herbert,RB,00-0036906,1.0,0.0,0.0,0.0,0.0,0.0,0.0,0.0,0.0,0.0,0.0,0.0,0.0,55.81,31.13,22.16,174.7,81.0,2.332385401046748,0.8172340409612113,0.7783095770051676,1.0,1.0,khalil herbert,khalilherbert,kherbert,New York Jets,00-0036906,,,,,,,,,,,,,,,,,,,,,,,,,
2025,16,0.0,2025_16_NYJ_NO,New York Jets,Mason Taylor,TE,00-0040736,1.0,0.0,0.0,0.0,0.0,0.0,0.0,0.0,6.34,4.32,32.7,0.44,0.3579,55.81,31.13,22.16,174.7,81.0,2.332385401046748,0.8172340409612113,0.7783095770051676,0.0,0.0,mason taylor,masontaylor,mtaylor,New York Jets,00-0040736,,,,,,,,,,,,,,,,,,,,,,,,,
2025,16,0.0,2025_16_NYJ_NO,New York Jets,Jeremy Ruckert,TE,00-0037805,1.0,0.0,0.0,0.0,0.0,0.0,0.0,0.0,3.28,2.42,15.6,0.22,0.1981,55.81,31.13,22.16,174.7,81.0,2.332385401046748,0.8172340409612113,0.7783095770051676,1.0,1.0,jeremy ruckert,jeremyruckert,jruckert,New York Jets,00-0037805,0.0,0.0,0.0,0.0,0.0,0.0,0.0,3.0,2.0,14.0,0.0,J.Ruckert,NYJ,team_norm & _alias_init_last,0.0,0.0,0.0,0.0,0.0,0.0,0.0,0.2799999999999998,0.41999999999999993,1.5999999999999996,0.22
2025,16,0.0,2025_16_NYJ_NO,New York Jets,Jelani Woods,TE,00-0037755,1.0,0.0,0.0,0.0,0.0,0.0,0.0,0.0,0.0,0.0,0.0,0.0,0.0,55.81,31.13,22.16,174.7,81.0,2.332385401046748,0.8172340409612113,0.7783095770051676,1.0,1.0,jelani woods,jelaniwoods,jwoods,New York Jets,00-0037755,0.0,0.0,0.0,0.0,0.0,0.0,0.0,2.0,0.0,0.0,0.0,J.Woods,NYJ,team_norm & _alias_init_last,0.0,0.0,0.0,0.0,0.0,0.0,0.0,-2.0,0.0,0.0,0.0
2025,16,0.0,2025_16_NYJ_NO,New York Jets,Stone Smartt,TE,00-0037475,1.0,0.0,0.0,0.0,0.0,0.0,0.0,0.0,0.0,0.0,0.0,0.0,0.0,55.81,31.13,22.16,174.7,81.0,2.332385401046748,0.8172340409612113,0.7783095770051676,1.0,1.0,stone smartt,stonesmartt,ssmartt,New York Jets,00-0037475,0.0,0.0,0.0,0.0,0.0,0.0,0.0,5.0,5.0,34.0,0.0,S.Smartt,NYJ,team_norm & _alias_init_last,0.0,0.0,0.0,0.0,0.0,0.0,0.0,-5.0,-5.0,-34.0,0.0
2025,16,0.0,2025_16_NYJ_NO,New York Jets,John Metchie III,WR,00-0037614,1.0,0.0,0.0,0.0,0.0,0.0,0.0,0.0,6.83,4.13,34.6,0.49,0.3885,55.81,31.13,22.16,174.7,81.0,2.332385401046748,0.8172340409612113,0.7783095770051676,1.0,1.0,john metchie iii,johnmetchieiii,jmetchie,New York Jets,00-0037614,0.0,0.0,0.0,0.0,0.0,0.0,0.0,5.0,1.0,4.0,0.0,J.Metchie,NYJ,team_norm & _alias_init_last,0.0,0.0,0.0,0.0,0.0,0.0,0.0,1.83,3.13,30.6,0.49
2025,16,0.0,2025_16_NYJ_NO,New York Jets,Adonai Mitchell,WR,00-0039890,1.0,0.0,0.0,0.0,0.0,0.0,0.0,0.0,5.14,2.17,24.5,0.36,0.3048,55.81,31.13,22.16,174.7,81.0,2.332385401046748,0.8172340409612113,0.7783095770051676,1.0,1.0,adonai mitchell,adonaimitchell,amitchell,New York Jets,00-0039890,0.0,0.0,0.0,0.0,0.0,0.0,0.0,6.0,3.0,43.0,0.0,A.Mitchell,NYJ,team_norm & _alias_init_last,0.0,0.0,0.0,0.0,0.0,0.0,0.0,-0.8600000000000003,-0.8300000000000001,-18.5,0.36
2025,16,0.0,2025_16_NYJ_NO,New York Jets,Isaiah Williams,WR,00-0039451,1.0,0.0,0.0,0.0,0.0,0.0,0.0,0.0,3.43,2.13,19.1,0.24,0.2107,55.81,31.13,22.16,174.7,81.0,2.332385401046748,0.8172340409612113,0.7783095770051676,1.0,1.0,isaiah williams,isaiahwilliams,iwilliams,New York Jets,00-0039451,0.0,0.0,0.0,0.0,0.0,0.0,0.0,5.0,4.0,25.0,0.0,I.Williams,NYJ,team_norm & _alias_init_last,0.0,0.0,0.0,0.0,0.0,0.0,0.0,-1.5699999999999998,-1.87,-5.899999999999999,0.24
2025,16,0.0,2025_16_NYJ_NO,New York Jets,Arian Smith,WR,00-0040582,1.0,0.0,0.0,0.0,0.0,0.0,0.0,0.0,0.0,0.0,0.0,0.0,0.0,55.81,31.13,22.16,174.7,81.0,2.332385401046748,0.8172340409612113,0.7783095770051676,1.0,1.0,arian smith,ariansmith,asmith,New York Jets,00-0040407,0.0,0.0,0.0,0.0,0.0,0.0,0.0,1.0,0.0,0.0,0.0,A.Smith,NYJ,team_norm & _alias_init_last,0.0,0.0,0.0,0.0,0.0,0.0,0.0,-1.0,0.0,0.0,0.0
2025,16,0.0,2025_16_NYJ_NO,New York Jets,Tyler Johnson,WR,00-0036427,1.0,0.0,0.0,0.0,0.0,0.0,0.0,0.0,0.0,0.0,0.0,0.0,0.0,55.81,31.13,22.16,174.7,81.0,2.332385401046748,0.8172340409612113,0.7783095770051676,1.0,1.0,tyler johnson,tylerjohnson,tjohnson,New York Jets,00-0036427,0.0,0.0,0.0,0.0,0.0,0.0,0.0,1.0,1.0,7.0,0.0,T.Johnson,NYJ,team_norm & _alias_init_last,0.0,0.0,0.0,0.0,0.0,0.0,0.0,-1.0,-1.0,-7.0,0.0
2025,16,0.0,2025_16_PHI_WAS,Philadelphia Eagles,Jalen Hurts,QB,00-0036389,1.0,29.46,214.5,1.42,0.64,13.2,46.3,0.5,0.0,0.0,0.0,0.0,0.3925,72.0,30.35,39.6,230.4,195.8,1.509821228990479,1.5457657286886106,0.7587343411405295,1.0,1.0,jalen hurts,jalenhurts,jhurts,Philadelphia Eagles,00-0036389,40.0,185.0,2.0,0.0,2.0,0.0,0.0,0.0,0.0,0.0,0.0,J.Hurts,PHI,team_norm & _alias_init_last,-10.54,29.5,-0.5800000000000001,0.64,11.2,46.3,0.5,0.0,0.0,0.0,0.0
2025,16,0.0,2025_16_PHI_WAS,Philadelphia Eagles,Saquon Barkley,RB,00-0034844,1.0,0.0,0.0,0.0,0.0,16.97,71.0,0.88,3.65,2.51,19.2,0.18,0.6521,72.0,30.35,39.6,230.4,195.8,1.509821228990479,1.5457657286886106,0.7587343411405295,1.0,1.0,saquon barkley,saquonbarkley,sbarkley,Philadelphia Eagles,00-0034844,0.0,0.0,0.0,0.0,22.0,132.0,1.0,2.0,0.0,0.0,0.0,S.Barkley,PHI,team_norm & _alias_init_last,0.0,0.0,0.0,0.0,-5.030000000000001,-61.0,-0.12,1.65,2.51,19.2,0.18
2025,16,0.0,2025_16_PHI_WAS,Philadelphia Eagles,Tank Bigsby,RB,00-0038555,1.0,0.0,0.0,0.0,0.0,9.43,39.4,0.33,2.27,1.32,14.0,0.11,0.3562,72.0,30.35,39.6,230.4,195.8,1.509821228990479,1.5457657286886106,0.7587343411405295,1.0,1.0,tank bigsby,tankbigsby,tbigsby,Philadelphia Eagles,,0.0,0.0,0.0,0.0,4.0,37.0,1.0,0.0,0.0,0.0,0.0,T.Bigsby,PHI,team_norm & _alias_init_last,0.0,0.0,0.0,0.0,5.43,2.3999999999999986,-0.6699999999999999,2.27,1.32,14.0,0.11
2025,16,0.0,2025_16_PHI_WAS,Philadelphia Eagles,Will Shipley,RB,00-0039746,1.0,0.0,0.0,0.0,0.0,0.0,0.0,0.0,0.0,0.0,0.0,0.0,0.0,72.0,30.35,39.6,230.4,195.8,1.509821228990479,1.5457657286886106,0.7587343411405295,1.0,1.0,will shipley,willshipley,wshipley,Philadelphia Eagles,00-0039746,0.0,0.0,0.0,0.0,0.0,0.0,0.0,1.0,1.0,3.0,0.0,W.Shipley,PHI,team_norm & _alias_init_last,0.0,0.0,0.0,0.0,0.0,0.0,0.0,-1.0,-1.0,-3.0,0.0
2025,16,0.0,2025_16_PHI_WAS,Philadelphia Eagles,Dallas Goedert,TE,00-0034351,1.0,0.0,0.0,0.0,0.0,0.0,0.0,0.0,6.08,4.66,38.3,0.28,0.2415,72.0,30.35,39.6,230.4,195.8,1.509821228990479,1.5457657286886106,0.7587343411405295,1.0,1.0,dallas goedert,dallasgoedert,dgoedert,Philadelphia Eagles,00-0034351,0.0,0.0,0.0,0.0,0.0,0.0,0.0,3.0,3.0,32.0,1.0,D.Goedert,PHI,team_norm & _alias_init_last,0.0,0.0,0.0,0.0,0.0,0.0,0.0,3.08,1.6600000000000001,6.299999999999997,-0.72
2025,16,0.0,2025_16_PHI_WAS,Philadelphia Eagles,Grant Calcaterra,TE,00-0037086,1.0,0.0,0.0,0.0,0.0,0.0,0.0,0.0,3.14,2.42,23.1,0.15,0.1377,72.0,30.35,39.6,230.4,195.8,1.509821228990479,1.5457657286886106,0.7587343411405295,1.0,1.0,grant calcaterra,grantcalcaterra,gcalcaterra,Philadelphia Eagles,00-0037086,,,,,,,,,,,,,,,,,,,,,,,,,
2025,16,0.0,2025_16_PHI_WAS,Philadelphia Eagles,Cameron Latu,TE,00-0038564,1.0,0.0,0.0,0.0,0.0,0.0,0.0,0.0,0.0,0.0,0.0,0.0,0.0,72.0,30.35,39.6,230.4,195.8,1.509821228990479,1.5457657286886106,0.7587343411405295,0.0,0.0,cameron latu,cameronlatu,clatu,Philadelphia Eagles,00-0038564,,,,,,,,,,,,,,,,,,,,,,,,,
2025,16,0.0,2025_16_PHI_WAS,Philadelphia Eagles,E.J. Jenkins,TE,00-0038498,1.0,0.0,0.0,0.0,0.0,0.0,0.0,0.0,0.0,0.0,0.0,0.0,0.0,72.0,30.35,39.6,230.4,195.8,1.509821228990479,1.5457657286886106,0.7587343411405295,1.0,1.0,e.j. jenkins,ejjenkins,ejenkins,Philadelphia Eagles,00-0038498,,,,,,,,,,,,,,,,,,,,,,,,,
2025,16,0.0,2025_16_PHI_WAS,Philadelphia Eagles,Kylen Granson,TE,00-0036876,1.0,0.0,0.0,0.0,0.0,0.0,0.0,0.0,0.0,0.0,0.0,0.0,0.0,72.0,30.35,39.6,230.4,195.8,1.509821228990479,1.5457657286886106,0.7587343411405295,1.0,1.0,kylen granson,kylengranson,kgranson,Philadelphia Eagles,00-0036876,,,,,,,,,,,,,,,,,,,,,,,,,
2025,16,0.0,2025_16_PHI_WAS,Philadelphia Eagles,A.J. Brown,WR,00-0035676,1.0,0.0,0.0,0.0,0.0,0.0,0.0,0.0,6.64,3.75,40.5,0.3,0.2626,72.0,30.35,39.6,230.4,195.8,1.509821228990479,1.5457657286886106,0.7587343411405295,1.0,1.0,a.j. brown,ajbrown,abrown,Philadelphia Eagles,00-0035676,0.0,0.0,0.0,0.0,0.0,0.0,0.0,13.0,9.0,95.0,0.0,A.Brown,PHI,team_norm & _alias_init_last,0.0,0.0,0.0,0.0,0.0,0.0,0.0,-6.36,-5.25,-54.5,0.3
2025,16,0.0,2025_16_PHI_WAS,Philadelphia Eagles,DeVonta Smith,WR,00-0036912,1.0,0.0,0.0,0.0,0.0,0.0,0.0,0.0,5.0,3.33,30.4,0.23,0.2036,72.0,30.35,39.6,230.4,195.8,1.509821228990479,1.5457657286886106,0.7587343411405295,1.0,1.0,devonta smith,devontasmith,dsmith,Philadelphia Eagles,00-0036912,0.0,0.0,0.0,0.0,0.0,0.0,0.0,9.0,6.0,42.0,1.0,D.Smith,PHI,team_norm & _alias_init_last,0.0,0.0,0.0,0.0,0.0,0.0,0.0,-4.0,-2.67,-11.600000000000001,-0.77
2025,16,0.0,2025_16_PHI_WAS,Philadelphia Eagles,Jahan Dotson,WR,00-0037741,1.0,0.0,0.0,0.0,0.0,0.0,0.0,0.0,3.34,1.71,19.9,0.16,0.1464,72.0,30.35,39.6,230.4,195.8,1.509821228990479,1.5457657286886106,0.7587343411405295,1.0,1.0,jahan dotson,jahandotson,jdotson,Philadelphia Eagles,00-0037741,0.0,0.0,0.0,0.0,0.0,0.0,0.0,4.0,3.0,13.0,0.0,J.Dotson,PHI,team_norm & _alias_init_last,0.0,0.0,0.0,0.0,0.0,0.0,0.0,-0.6600000000000001,-1.29,6.899999999999999,0.16
2025,16,0.0,2025_16_PHI_WAS,Philadelphia Eagles,Britain Covey,WR,00-0037132,1.0,0.0,0.0,0.0,0.0,0.0,0.0,0.0,0.0,0.0,0.0,0.0,0.0,72.0,30.35,39.6,230.4,195.8,1.509821228990479,1.5457657286886106,0.7587343411405295,1.0,1.0,britain covey,britaincovey,bcovey,Philadelphia Eagles,00-0037132,,,,,,,,,,,,,,,,,,,,,,,,,
2025,16,0.0,2025_16_PHI_WAS,Philadelphia Eagles,Darius Cooper,WR,00-0040024,1.0,0.0,0.0,0.0,0.0,0.0,0.0,0.0,0.0,0.0,0.0,0.0,0.0,72.0,30.35,39.6,230.4,195.8,1.509821228990479,1.5457657286886106,0.7587343411405295,1.0,1.0,darius cooper,dariuscooper,dcooper,Philadelphia Eagles,00-0040024,,,,,,,,,,,,,,,,,,,,,,,,,
2025,16,0.0,2025_16_PHI_WAS,Washington Commanders,Marcus Mariota,QB,00-0032268,1.0,31.59,237.3,2.43,0.69,10.87,39.2,0.38,0.0,0.0,0.0,0.0,0.3151,72.0,32.48,37.24,246.5,184.2,2.400024467211335,1.324705088486705,0.8120089889267318,1.0,1.0,marcus mariota,marcusmariota,mmariota,Washington Commanders,00-0032268,16.0,95.0,0.0,0.0,0.0,0.0,0.0,0.0,0.0,0.0,0.0,M.Mariota,WAS,team_norm & _alias_init_last,15.59,142.3,2.43,0.69,10.87,39.2,0.38,0.0,0.0,0.0,0.0
2025,16,0.0,2025_16_PHI_WAS,Washington Commanders,Chris Rodriguez Jr.,RB,00-0038611,1.0,0.0,0.0,0.0,0.0,16.95,71.5,0.8,3.87,2.76,28.2,0.29,0.6642,72.0,32.48,37.24,246.5,184.2,2.400024467211335,1.324705088486705,0.8120089889267318,1.0,1.0,chris rodriguez jr.,chrisrodriguezjr,crodriguez,Washington Commanders,00-0038611,0.0,0.0,0.0,0.0,15.0,63.0,1.0,1.0,1.0,6.0,0.0,C.Rodriguez,WAS,team_norm & _alias_init_last,0.0,0.0,0.0,0.0,1.9499999999999993,8.5,-0.19999999999999996,2.87,1.7599999999999998,22.2,0.29
2025,16,0.0,2025_16_PHI_WAS,Washington Commanders,Jacory Croskey-Merritt,RB,00-0040242,1.0,0.0,0.0,0.0,0.0,9.42,40.7,0.27,2.41,1.61,16.1,0.18,0.3606,72.0,32.48,37.24,246.5,184.2,2.400024467211335,1.324705088486705,0.8120089889267318,1.0,1.0,jacory croskey-merritt,jacorycroskeymerritt,jcroskeymerritt,Washington Commanders,00-0040242,0.0,0.0,0.0,0.0,8.0,25.0,1.0,0.0,0.0,0.0,0.0,J.Croskey-Merritt,WAS,team_norm & _alias_init_last,0.0,0.0,0.0,0.0,1.42,15.700000000000003,-0.73,2.41,1.61,16.1,0.18
2025,16,0.0,2025_16_PHI_WAS,Washington Commanders,Jeremy McNichols,RB,00-0033955,1.0,0.0,0.0,0.0,0.0,0.0,0.0,0.0,0.0,0.0,0.0,0.0,0.0,72.0,32.48,37.24,246.5,184.2,2.400024467211335,1.324705088486705,0.8120089889267318,1.0,1.0,jeremy mcnichols,jeremymcnichols,jmcnichols,Washington Commanders,00-0033955,0.0,0.0,0.0,0.0,2.0,3.0,0.0,3.0,2.0,9.0,0.0,J.McNichols,WAS,team_norm & _alias_init_last,0.0,0.0,0.0,0.0,-2.0,-3.0,0.0,-3.0,-2.0,-9.0,0.0
2025,16,0.0,2025_16_PHI_WAS,Washington Commanders,John Bates,TE,00-0036628,1.0,0.0,0.0,0.0,0.0,0.0,0.0,0.0,6.47,4.42,42.6,0.44,0.3561,72.0,32.48,37.24,246.5,184.2,2.400024467211335,1.324705088486705,0.8120089889267318,1.0,1.0,john bates,johnbates,jbates,Washington Commanders,00-0036628,0.0,0.0,0.0,0.0,0.0,0.0,0.0,1.0,0.0,0.0,0.0,J.Bates,WAS,team_norm & _alias_init_last,0.0,0.0,0.0,0.0,0.0,0.0,0.0,5.47,4.42,42.6,0.44
2025,16,0.0,2025_16_PHI_WAS,Washington Commanders,Ben Sinnott,TE,00-0039912,1.0,0.0,0.0,0.0,0.0,0.0,0.0,0.0,3.35,2.64,25.5,0.24,0.2114,72.0,32.48,37.24,246.5,184.2,2.400024467211335,1.324705088486705,0.8120089889267318,1.0,1.0,ben sinnott,bensinnott,bsinnott,Washington Commanders,00-0039912,0.0,0.0,0.0,0.0,0.0,0.0,0.0,2.0,1.0,5.0,0.0,B.Sinnott,WAS,team_norm & _alias_init_last,0.0,0.0,0.0,0.0,0.0,0.0,0.0,1.35,1.6400000000000001,20.5,0.24
2025,16,0.0,2025_16_PHI_WAS,Washington Commanders,Colson Yankoff,TE,00-0039686,1.0,0.0,0.0,0.0,0.0,0.0,0.0,0.0,0.0,0.0,0.0,0.0,0.0,72.0,32.48,37.24,246.5,184.2,2.400024467211335,1.324705088486705,0.8120089889267318,0.0,0.0,colson yankoff,colsonyankoff,cyankoff,Washington Commanders,00-0039686,,,,,,,,,,,,,,,,,,,,,,,,,
2025,16,0.0,2025_16_PHI_WAS,Washington Commanders,Lawrence Cager,TE,00-0036145,1.0,0.0,0.0,0.0,0.0,0.0,0.0,0.0,0.0,0.0,0.0,0.0,0.0,72.0,32.48,37.24,246.5,184.2,2.400024467211335,1.324705088486705,0.8120089889267318,1.0,1.0,lawrence cager,lawrencecager,lcager,Washington Commanders,00-0036145,,,,,,,,,,,,,,,,,,,,,,,,,
2025,16,0.0,2025_16_PHI_WAS,Washington Commanders,Terry McLaurin,WR,00-0035659,1.0,0.0,0.0,0.0,0.0,0.0,0.0,0.0,7.25,4.21,42.5,0.5,0.3921,72.0,32.48,37.24,246.5,184.2,2.400024467211335,1.324705088486705,0.8120089889267318,1.0,1.0,terry mclaurin,terrymclaurin,tmclaurin,Washington Commanders,00-0035659,0.0,0.0,0.0,0.0,0.0,0.0,0.0,4.0,3.0,53.0,0.0,T.McLaurin,WAS,team_norm & _alias_init_last,0.0,0.0,0.0,0.0,0.0,0.0,0.0,3.25,1.21,-10.5,0.5
2025,16,0.0,2025_16_PHI_WAS,Washington Commanders,Deebo Samuel,WR,,1.0,0.0,0.0,0.0,0.0,0.0,0.0,0.0,5.46,3.27,60.3,0.4,0.3318,72.0,32.48,37.24,246.5,184.2,2.400024467211335,1.324705088486705,0.8120089889267318,0.0,0.0,deebo samuel,deebosamuel,dsamuel,Washington Commanders,,0.0,0.0,0.0,0.0,0.0,0.0,0.0,4.0,3.0,35.0,0.0,D.Samuel,WAS,team_norm & _alias_init_last,0.0,0.0,0.0,0.0,0.0,0.0,0.0,1.46,0.27,25.299999999999997,0.4
2025,16,0.0,2025_16_PHI_WAS,Washington Commanders,Treylon Burks,WR,00-0037742,1.0,0.0,0.0,0.0,0.0,0.0,0.0,0.0,3.64,1.86,22.9,0.24,0.2163,72.0,32.48,37.24,246.5,184.2,2.400024467211335,1.324705088486705,0.8120089889267318,1.0,1.0,treylon burks,treylonburks,tburks,Washington Commanders,00-0037742,0.0,0.0,0.0,0.0,0.0,0.0,0.0,7.0,2.0,30.0,0.0,T.Burks,WAS,team_norm & _alias_init_last,0.0,0.0,0.0,0.0,0.0,0.0,0.0,-3.36,-0.1399999999999999,-7.100000000000001,0.24
2025,16,0.0,2025_16_PHI_WAS,Washington Commanders,Braylon Sanders,WR,00-0037355,1.0,0.0,0.0,0.0,0.0,0.0,0.0,0.0,0.0,0.0,0.0,0.0,0.0,72.0,32.48,37.24,246.5,184.2,2.400024467211335,1.324705088486705,0.8120089889267318,0.0,0.0,braylon sanders,braylonsanders,bsanders,Washington Commanders,00-0037355,,,,,,,,,,,,,,,,,,,,,,,,,
2025,16,0.0,2025_16_PHI_WAS,Washington Commanders,Chris Moore,WR,00-0032398,1.0,0.0,0.0,0.0,0.0,0.0,0.0,0.0,0.0,0.0,0.0,0.0,0.0,72.0,32.48,37.24,246.5,184.2,2.400024467211335,1.324705088486705,0.8120089889267318,1.0,1.0,chris moore,chrismoore,cmoore,Washington Commanders,00-0032398,,,,,,,,,,,,,,,,,,,,,,,,,
2025,16,0.0,2025_16_PIT_DET,Detroit Lions,Jared Goff,QB,00-0033106,1.0,40.92,306.9,2.23,0.96,2.93,11.7,0.07,0.0,0.0,0.0,0.0,0.0679,72.0,45.31,23.62,343.9,116.8,2.3522814479205425,0.5352236737451759,1.132662322333953,1.0,1.0,jared goff,jaredgoff,jgoff,Detroit Lions,00-0033106,62.0,364.0,3.0,0.0,0.0,0.0,0.0,0.0,0.0,0.0,0.0,J.Goff,DET,team_norm & _alias_init_last,-21.08,-57.10000000000002,-0.77,0.96,2.93,11.7,0.07,0.0,0.0,0.0,0.0
2025,16,0.0,2025_16_PIT_DET,Detroit Lions,Jahmyr Gibbs,RB,00-0039139,1.0,0.0,0.0,0.0,0.0,13.31,55.0,0.38,5.35,3.86,26.0,0.29,0.4872,72.0,45.31,23.62,343.9,116.8,2.3522814479205425,0.5352236737451759,1.132662322333953,1.0,1.0,jahmyr gibbs,jahmyrgibbs,jgibbs,Detroit Lions,00-0039139,0.0,0.0,0.0,0.0,7.0,2.0,0.0,13.0,10.0,66.0,1.0,J.Gibbs,DET,team_norm & _alias_init_last,0.0,0.0,0.0,0.0,6.3100000000000005,53.0,0.38,-7.65,-6.140000000000001,-40.0,-0.71
2025,16,0.0,2025_16_PIT_DET,Detroit Lions,David Montgomery,RB,00-0035685,1.0,0.0,0.0,0.0,0.0,7.39,30.0,0.14,3.33,2.49,16.2,0.17,0.2628,72.0,45.31,23.62,343.9,116.8,2.3522814479205425,0.5352236737451759,1.132662322333953,1.0,1.0,david montgomery,davidmontgomery,dmontgomery,Detroit Lions,00-0035685,0.0,0.0,0.0,0.0,4.0,14.0,0.0,0.0,0.0,0.0,0.0,D.Montgomery,DET,team_norm & _alias_init_last,0.0,0.0,0.0,0.0,3.3899999999999997,16.0,0.14,3.33,2.49,16.2,0.17
2025,16,0.0,2025_16_PIT_DET,Detroit Lions,Jacob Saylors,RB,00-0038896,1.0,0.0,0.0,0.0,0.0,0.0,0.0,0.0,0.0,0.0,0.0,0.0,0.0,72.0,45.31,23.62,343.9,116.8,2.3522814479205425,0.5352236737451759,1.132662322333953,1.0,1.0,jacob saylors,jacobsaylors,jsaylors,Detroit Lions,00-0038896,,,,,,,,,,,,,,,,,,,,,,,,,
2025,16,0.0,2025_16_PIT_DET,Detroit Lions,Sione Vaki,RB,00-0039364,1.0,0.0,0.0,0.0,0.0,0.0,0.0,0.0,0.0,0.0,0.0,0.0,0.0,72.0,45.31,23.62,343.9,116.8,2.3522814479205425,0.5352236737451759,1.132662322333953,1.0,1.0,sione vaki,sionevaki,svaki,Detroit Lions,00-0039364,,,,,,,,,,,,,,,,,,,,,,,,,
2025,16,0.0,2025_16_PIT_DET,Detroit Lions,Shane Zylstra,TE,00-0036534,1.0,0.0,0.0,0.0,0.0,0.0,0.0,0.0,9.26,6.4,77.1,0.48,0.3796,72.0,45.31,23.62,343.9,116.8,2.3522814479205425,0.5352236737451759,1.132662322333953,1.0,1.0,shane zylstra,shanezylstra,szylstra,Detroit Lions,00-0036534,0.0,0.0,0.0,0.0,0.0,0.0,0.0,5.0,3.0,20.0,0.0,S.Zylstra,DET,team_norm & _alias_init_last,0.0,0.0,0.0,0.0,0.0,0.0,0.0,4.26,3.4000000000000004,57.099999999999994,0.48
2025,16,0.0,2025_16_PIT_DET,Detroit Lions,Anthony Firkser,TE,00-0033455,1.0,0.0,0.0,0.0,0.0,0.0,0.0,0.0,4.79,3.66,39.1,0.25,0.2174,72.0,45.31,23.62,343.9,116.8,2.3522814479205425,0.5352236737451759,1.132662322333953,1.0,1.0,anthony firkser,anthonyfirkser,afirkser,Detroit Lions,00-0033455,0.0,0.0,0.0,0.0,0.0,0.0,0.0,4.0,4.0,40.0,0.0,A.Firkser,DET,team_norm & _alias_init_last,0.0,0.0,0.0,0.0,0.0,0.0,0.0,0.79,-0.33999999999999986,-0.8999999999999986,0.25
2025,16,0.0,2025_16_PIT_DET,Detroit Lions,Giovanni Ricci,TE,00-0035956,1.0,0.0,0.0,0.0,0.0,0.0,0.0,0.0,0.0,0.0,0.0,0.0,0.0,72.0,45.31,23.62,343.9,116.8,2.3522814479205425,0.5352236737451759,1.132662322333953,1.0,1.0,giovanni ricci,giovanniricci,gricci,Detroit Lions,00-0035956,,,,,,,,,,,,,,,,,,,,,,,,,
2025,16,0.0,2025_16_PIT_DET,Detroit Lions,Amon-Ra St. Brown,WR,00-0036963,1.0,0.0,0.0,0.0,0.0,0.0,0.0,0.0,10.01,6.8,57.9,0.51,0.4003,72.0,45.31,23.62,343.9,116.8,2.3522814479205425,0.5352236737451759,1.132662322333953,1.0,1.0,amon-ra st. brown,amonrastbrown,astbrown,Detroit Lions,00-0036963,0.0,0.0,0.0,0.0,0.0,0.0,0.0,9.0,4.0,54.0,0.0,A.St. Brown,DET,team_norm & _alias_init_last,0.0,0.0,0.0,0.0,0.0,0.0,0.0,1.0099999999999998,2.8,3.8999999999999986,0.51
2025,16,0.0,2025_16_PIT_DET,Detroit Lions,Jameson Williams,WR,00-0037240,1.0,0.0,0.0,0.0,0.0,0.0,0.0,0.0,7.54,4.17,46.2,0.36,0.303,72.0,45.31,23.62,343.9,116.8,2.3522814479205425,0.5352236737451759,1.132662322333953,1.0,1.0,jameson williams,jamesonwilliams,jwilliams,Detroit Lions,00-0037240,0.0,0.0,0.0,0.0,0.0,0.0,0.0,10.0,5.0,70.0,0.0,J.Williams,DET,team_norm & _alias_init_last,0.0,0.0,0.0,0.0,0.0,0.0,0.0,-2.46,-0.8300000000000001,-23.799999999999997,0.36
2025,16,0.0,2025_16_PIT_DET,Detroit Lions,Isaac TeSlaa,WR,00-0040669,1.0,0.0,0.0,0.0,0.0,0.0,0.0,0.0,5.03,2.9,41.6,0.28,0.2453,72.0,45.31,23.62,343.9,116.8,2.3522814479205425,0.5352236737451759,1.132662322333953,1.0,1.0,isaac teslaa,isaacteslaa,iteslaa,Detroit Lions,00-0040669,0.0,0.0,0.0,0.0,0.0,0.0,0.0,7.0,4.0,52.0,1.0,I.TeSlaa,DET,team_norm & _alias_init_last,0.0,0.0,0.0,0.0,0.0,0.0,0.0,-1.9699999999999998,-1.1,-10.399999999999999,-0.72
2025,16,0.0,2025_16_PIT_DET,Detroit Lions,Andrew Armstrong,WR,00-0040298,1.0,0.0,0.0,0.0,0.0,0.0,0.0,0.0,0.0,0.0,0.0,0.0,0.0,72.0,45.31,23.62,343.9,116.8,2.3522814479205425,0.5352236737451759,1.132662322333953,0.0,0.0,andrew armstrong,andrewarmstrong,aarmstrong,Detroit Lions,00-0040298,,,,,,,,,,,,,,,,,,,,,,,,,
2025,16,0.0,2025_16_PIT_DET,Detroit Lions,Dominic Lovett,WR,00-0040241,1.0,0.0,0.0,0.0,0.0,0.0,0.0,0.0,0.0,0.0,0.0,0.0,0.0,72.0,45.31,23.62,343.9,116.8,2.3522814479205425,0.5352236737451759,1.132662322333953,0.0,0.0,dominic lovett,dominiclovett,dlovett,Detroit Lions,00-0040241,,,,,,,,,,,,,,,,,,,,,,,,,
2025,16,0.0,2025_16_PIT_DET,Detroit Lions,Kalif Raymond,WR,00-0032464,1.0,0.0,0.0,0.0,0.0,0.0,0.0,0.0,0.0,0.0,0.0,0.0,0.0,72.0,45.31,23.62,343.9,116.8,2.3522814479205425,0.5352236737451759,1.132662322333953,1.0,1.0,kalif raymond,kalifraymond,kraymond,Detroit Lions,00-0032464,0.0,0.0,0.0,0.0,0.0,0.0,0.0,5.0,4.0,62.0,1.0,K.Raymond,DET,team_norm & _alias_init_last,0.0,0.0,0.0,0.0,0.0,0.0,0.0,-5.0,-4.0,-62.0,-1.0
2025,16,0.0,2025_16_PIT_DET,Detroit Lions,Tom Kennedy,WR,00-0035544,1.0,0.0,0.0,0.0,0.0,0.0,0.0,0.0,0.0,0.0,0.0,0.0,0.0,72.0,45.31,23.62,343.9,116.8,2.3522814479205425,0.5352236737451759,1.132662322333953,1.0,1.0,tom kennedy,tomkennedy,tkennedy,Detroit Lions,00-0035544,,,,,,,,,,,,,,,,,,,,,,,,,
2025,16,0.0,2025_16_PIT_DET,Pittsburgh Steelers,Aaron Rodgers,QB,00-0023459,1.0,32.55,207.7,1.69,0.69,3.03,10.8,0.07,0.0,0.0,0.0,0.0,0.0633,72.0,32.68,37.09,215.4,159.3,1.6987561875759252,0.8702252095274201,0.8170036523863887,1.0,1.0,aaron rodgers,aaronrodgers,arodgers,Pittsburgh Steelers,00-0023459,49.0,266.0,1.0,0.0,0.0,0.0,0.0,0.0,0.0,0.0,0.0,A.Rodgers,PIT,team_norm & _alias_init_last,-16.450000000000003,-58.30000000000001,0.69,0.69,3.03,10.8,0.07,0.0,0.0,0.0,0.0
2025,16,0.0,2025_16_PIT_DET,Pittsburgh Steelers,Jaylen Warren,RB,00-0037228,1.0,0.0,0.0,0.0,0.0,21.9,78.5,0.61,3.76,2.92,15.7,0.19,0.5536,72.0,32.68,37.09,215.4,159.3,1.6987561875759252,0.8702252095274201,0.8170036523863887,1.0,1.0,jaylen warren,jaylenwarren,jwarren,Pittsburgh Steelers,00-0037228,0.0,0.0,0.0,0.0,14.0,143.0,2.0,2.0,2.0,8.0,0.0,J.Warren,PIT,team_norm & _alias_init_last,0.0,0.0,0.0,0.0,7.899999999999999,-64.5,-1.3900000000000001,1.7599999999999998,0.9199999999999999,7.699999999999999,0.19
2025,16,0.0,2025_16_PIT_DET,Pittsburgh Steelers,Kenneth Gainwell,RB,00-0036919,1.0,0.0,0.0,0.0,0.0,12.17,43.3,0.24,2.34,1.72,9.3,0.12,0.303,72.0,32.68,37.09,215.4,159.3,1.6987561875759252,0.8702252095274201,0.8170036523863887,1.0,1.0,kenneth gainwell,kennethgainwell,kgainwell,Pittsburgh Steelers,00-0036919,0.0,0.0,0.0,0.0,9.0,50.0,0.0,8.0,5.0,78.0,1.0,K.Gainwell,PIT,team_norm & _alias_init_last,0.0,0.0,0.0,0.0,3.17,-6.700000000000003,0.24,-5.66,-3.2800000000000002,-68.7,-0.88
2025,16,0.0,2025_16_PIT_DET,Pittsburgh Steelers,Darnell Washington,TE,00-0038558,1.0,0.0,0.0,0.0,0.0,0.0,0.0,0.0,6.6,4.65,38.3,0.33,0.2805,72.0,32.68,37.09,215.4,159.3,1.6987561875759252,0.8702252095274201,0.8170036523863887,1.0,1.0,darnell washington,darnellwashington,dwashington,Pittsburgh Steelers,00-0038558,0.0,0.0,0.0,0.0,0.0,0.0,0.0,4.0,3.0,36.0,0.0,D.Washington,PIT,team_norm & _alias_init_last,0.0,0.0,0.0,0.0,0.0,0.0,0.0,2.5999999999999996,1.6500000000000004,2.299999999999997,0.33
2025,16,0.0,2025_16_PIT_DET,Pittsburgh Steelers,Pat Freiermuth,TE,00-0036894,1.0,0.0,0.0,0.0,0.0,0.0,0.0,0.0,3.41,2.4,16.1,0.16,0.1499,72.0,32.68,37.09,215.4,159.3,1.6987561875759252,0.8702252095274201,0.8170036523863887,1.0,1.0,pat freiermuth,patfreiermuth,pfreiermuth,Pittsburgh Steelers,00-0036894,0.0,0.0,0.0,0.0,0.0,0.0,0.0,4.0,4.0,20.0,0.0,P.Freiermuth,PIT,team_norm & _alias_init_last,0.0,0.0,0.0,0.0,0.0,0.0,0.0,-0.5899999999999999,-1.6,-3.8999999999999986,0.16
2025,16,0.0,2025_16_PIT_DET,Pittsburgh Steelers,Connor Heyward,TE,00-0037304,1.0,0.0,0.0,0.0,0.0,0.0,0.0,0.0,0.0,0.0,0.0,0.0,0.0,72.0,32.68,37.09,215.4,159.3,1.6987561875759252,0.8702252095274201,0.8170036523863887,1.0,1.0,connor heyward,connorheyward,cheyward,Pittsburgh Steelers,00-0027969,,,,,,,,,,,,,,,,,,,,,,,,,
2025,16,0.0,2025_16_PIT_DET,Pittsburgh Steelers,Jonnu Smith,TE,00-0033858,1.0,0.0,0.0,0.0,0.0,0.0,0.0,0.0,0.0,0.0,0.0,0.0,0.0,72.0,32.68,37.09,215.4,159.3,1.6987561875759252,0.8702252095274201,0.8170036523863887,1.0,1.0,jonnu smith,jonnusmith,jsmith,Pittsburgh Steelers,00-0033858,0.0,0.0,0.0,0.0,2.0,28.0,0.0,1.0,0.0,0.0,0.0,J.Smith,PIT,team_norm & _alias_init_last,0.0,0.0,0.0,0.0,-2.0,-28.0,0.0,-1.0,0.0,0.0,0.0
2025,16,0.0,2025_16_PIT_DET,Pittsburgh Steelers,Calvin Austin III,WR,00-0037837,1.0,0.0,0.0,0.0,0.0,0.0,0.0,0.0,7.35,3.82,42.1,0.34,0.2891,72.0,32.68,37.09,215.4,159.3,1.6987561875759252,0.8702252095274201,0.8170036523863887,1.0,1.0,calvin austin iii,calvinaustiniii,caustin,Pittsburgh Steelers,00-0037837,0.0,0.0,0.0,0.0,0.0,0.0,0.0,1.0,1.0,8.0,0.0,C.Austin,PIT,team_norm & _alias_init_last,0.0,0.0,0.0,0.0,0.0,0.0,0.0,6.35,2.82,34.1,0.34
2025,16,0.0,2025_16_PIT_DET,Pittsburgh Steelers,Adam Thielen,WR,00-0030035,1.0,0.0,0.0,0.0,0.0,0.0,0.0,0.0,5.54,3.52,28.5,0.28,0.2413,72.0,32.68,37.09,215.4,159.3,1.6987561875759252,0.8702252095274201,0.8170036523863887,1.0,1.0,adam thielen,adamthielen,athielen,Pittsburgh Steelers,00-0030035,0.0,0.0,0.0,0.0,0.0,0.0,0.0,4.0,4.0,49.0,0.0,A.Thielen,PIT,team_norm & _alias_init_last,0.0,0.0,0.0,0.0,0.0,0.0,0.0,1.54,-0.48,-20.5,0.28
2025,16,0.0,2025_16_PIT_DET,Pittsburgh Steelers,Marquez Valdes-Scantling,WR,00-0034272,1.0,0.0,0.0,0.0,0.0,0.0,0.0,0.0,3.69,1.71,19.1,0.18,0.1637,72.0,32.68,37.09,215.4,159.3,1.6987561875759252,0.8702252095274201,0.8170036523863887,1.0,1.0,marquez valdes-scantling,marquezvaldesscantling,mvaldesscantling,Pittsburgh Steelers,00-0034272,0.0,0.0,0.0,0.0,0.0,0.0,0.0,3.0,1.0,6.0,0.0,M.Valdes-Scantling,PIT,team_norm & _alias_init_last,0.0,0.0,0.0,0.0,0.0,0.0,0.0,0.69,0.71,13.100000000000001,0.18
2025,16,0.0,2025_16_PIT_DET,Pittsburgh Steelers,Ben Skowronek,WR,00-0036862,1.0,0.0,0.0,0.0,0.0,0.0,0.0,0.0,0.0,0.0,0.0,0.0,0.0,72.0,32.68,37.09,215.4,159.3,1.6987561875759252,0.8702252095274201,0.8170036523863887,1.0,1.0,ben skowronek,benskowronek,bskowronek,Pittsburgh Steelers,00-0036862,,,,,,,,,,,,,,,,,,,,,,,,,
2025,16,0.0,2025_16_PIT_DET,Pittsburgh Steelers,Brandon Johnson,WR,00-0037382,1.0,0.0,0.0,0.0,0.0,0.0,0.0,0.0,0.0,0.0,0.0,0.0,0.0,72.0,32.68,37.09,215.4,159.3,1.6987561875759252,0.8702252095274201,0.8170036523863887,0.0,0.0,brandon johnson,brandonjohnson,bjohnson,Pittsburgh Steelers,00-0037382,,,,,,,,,,,,,,,,,,,,,,,,,
2025,16,0.0,2025_16_PIT_DET,Pittsburgh Steelers,Scott Miller,WR,00-0035298,1.0,0.0,0.0,0.0,0.0,0.0,0.0,0.0,0.0,0.0,0.0,0.0,0.0,72.0,32.68,37.09,215.4,159.3,1.6987561875759252,0.8702252095274201,0.8170036523863887,1.0,1.0,scott miller,scottmiller,smiller,Pittsburgh Steelers,00-0035298,0.0,0.0,0.0,0.0,0.0,0.0,0.0,3.0,3.0,19.0,0.0,S.Miller,PIT,team_norm & _alias_init_last,0.0,0.0,0.0,0.0,0.0,0.0,0.0,-3.0,-3.0,-19.0,0.0
2025,16,0.0,2025_16_SF_IND,Indianapolis Colts,Philip Rivers,QB,00-0022942,1.0,32.14,178.5,2.37,0.7,0.97,3.1,0.03,0.0,0.0,0.0,0.0,0.0326,71.94,33.05,37.17,185.4,135.8,2.3355717594635395,1.3625877454126305,0.8263496048947497,1.0,1.0,philip rivers,philiprivers,privers,Indianapolis Colts,00-0022942,39.0,277.0,2.0,1.0,0.0,0.0,0.0,0.0,0.0,0.0,0.0,P.Rivers,IND,team_norm & _alias_init_last,-6.859999999999999,-98.5,0.3700000000000001,-0.30000000000000004,0.97,3.1,0.03,0.0,0.0,0.0,0.0
2025,16,0.0,2025_16_SF_IND,Indianapolis Colts,Jonathan Taylor,RB,00-0036223,1.0,0.0,0.0,0.0,0.0,23.27,70.5,1.06,4.02,2.66,14.5,0.28,0.7376,71.94,33.05,37.17,185.4,135.8,2.3355717594635395,1.3625877454126305,0.8263496048947497,1.0,1.0,jonathan taylor,jonathantaylor,jtaylor,Indianapolis Colts,00-0036223,0.0,0.0,0.0,0.0,16.0,46.0,1.0,3.0,3.0,33.0,0.0,J.Taylor,IND,team_norm & _alias_init_last,0.0,0.0,0.0,0.0,7.27,24.5,0.06000000000000005,1.0199999999999996,-0.33999999999999986,-18.5,0.28
2025,16,0.0,2025_16_SF_IND,Indianapolis Colts,Ameer Abdullah,RB,00-0032104,1.0,0.0,0.0,0.0,0.0,12.93,41.6,0.36,2.5,1.88,8.8,0.18,0.4178,71.94,33.05,37.17,185.4,135.8,2.3355717594635395,1.3625877454126305,0.8263496048947497,1.0,1.0,ameer abdullah,ameerabdullah,aabdullah,Indianapolis Colts,00-0032104,0.0,0.0,0.0,0.0,0.0,0.0,0.0,1.0,1.0,4.0,0.0,A.Abdullah,IND,team_norm & _alias_init_last,0.0,0.0,0.0,0.0,12.93,41.6,0.36,1.5,0.8799999999999999,4.800000000000001,0.18
2025,16,0.0,2025_16_SF_IND,Indianapolis Colts,Tyler Goodson,RB,00-0037120,1.0,0.0,0.0,0.0,0.0,0.0,0.0,0.0,0.0,0.0,0.0,0.0,0.0,71.94,33.05,37.17,185.4,135.8,2.3355717594635395,1.3625877454126305,0.8263496048947497,1.0,1.0,tyler goodson,tylergoodson,tgoodson,Indianapolis Colts,00-0037120,0.0,0.0,0.0,0.0,3.0,9.0,0.0,0.0,0.0,0.0,0.0,T.Goodson,IND,team_norm & _alias_init_last,0.0,0.0,0.0,0.0,-3.0,-9.0,0.0,0.0,0.0,0.0,0.0
2025,16,0.0,2025_16_SF_IND,Indianapolis Colts,Tyler Warren,TE,00-0040128,1.0,0.0,0.0,0.0,0.0,0.0,0.0,0.0,6.76,4.53,31.6,0.46,0.3709,71.94,33.05,37.17,185.4,135.8,2.3355717594635395,1.3625877454126305,0.8263496048947497,1.0,1.0,tyler warren,tylerwarren,twarren,Indianapolis Colts,00-0040128,0.0,0.0,0.0,0.0,0.0,0.0,0.0,9.0,3.0,30.0,0.0,T.Warren,IND,team_norm & _alias_init_last,0.0,0.0,0.0,0.0,0.0,0.0,0.0,-2.24,1.5300000000000002,1.6000000000000014,0.46
2025,16,0.0,2025_16_SF_IND,Indianapolis Colts,Mo Alie-Cox,TE,00-0033217,1.0,0.0,0.0,0.0,0.0,0.0,0.0,0.0,3.49,2.33,16.5,0.24,0.2161,71.94,33.05,37.17,185.4,135.8,2.3355717594635395,1.3625877454126305,0.8263496048947497,1.0,1.0,mo alie-cox,moaliecox,maliecox,Indianapolis Colts,00-0033217,0.0,0.0,0.0,0.0,0.0,0.0,0.0,2.0,2.0,16.0,0.0,M.Alie-Cox,IND,team_norm & _alias_init_last,0.0,0.0,0.0,0.0,0.0,0.0,0.0,1.4900000000000002,0.33000000000000007,0.5,0.24
2025,16,0.0,2025_16_SF_IND,Indianapolis Colts,Andrew Ogletree,TE,00-0037292,1.0,0.0,0.0,0.0,0.0,0.0,0.0,0.0,0.0,0.0,0.0,0.0,0.0,71.94,33.05,37.17,185.4,135.8,2.3355717594635395,1.3625877454126305,0.8263496048947497,1.0,1.0,andrew ogletree,andrewogletree,aogletree,Indianapolis Colts,00-0037292,0.0,0.0,0.0,0.0,0.0,0.0,0.0,2.0,1.0,11.0,0.0,A.Ogletree,IND,team_norm & _alias_init_last,0.0,0.0,0.0,0.0,0.0,0.0,0.0,-2.0,-1.0,-11.0,0.0
2025,16,0.0,2025_16_SF_IND,Indianapolis Colts,Michael Pittman Jr.,WR,,1.0,0.0,0.0,0.0,0.0,0.0,0.0,0.0,7.15,4.23,63.1,0.51,0.3967,71.94,33.05,37.17,185.4,135.8,2.3355717594635395,1.3625877454126305,0.8263496048947497,0.0,0.0,michael pittman jr.,michaelpittmanjr,mpittman,Indianapolis Colts,00-0036252,0.0,0.0,0.0,0.0,0.0,0.0,0.0,6.0,4.0,32.0,0.0,M.Pittman,IND,team_norm & _alias_init_last,0.0,0.0,0.0,0.0,0.0,0.0,0.0,1.1500000000000004,0.23000000000000043,31.1,0.51
2025,16,0.0,2025_16_SF_IND,Indianapolis Colts,Alec Pierce,WR,00-0037664,1.0,0.0,0.0,0.0,0.0,0.0,0.0,0.0,5.39,2.61,24.7,0.35,0.2925,71.94,33.05,37.17,185.4,135.8,2.3355717594635395,1.3625877454126305,0.8263496048947497,1.0,1.0,alec pierce,alecpierce,apierce,Indianapolis Colts,00-0037664,0.0,0.0,0.0,0.0,0.0,0.0,0.0,5.0,4.0,86.0,2.0,A.Pierce,IND,team_norm & _alias_init_last,0.0,0.0,0.0,0.0,0.0,0.0,0.0,0.3899999999999997,-1.3900000000000001,-61.3,-1.65
2025,16,0.0,2025_16_SF_IND,Indianapolis Colts,Josh Downs,WR,00-0038997,1.0,0.0,0.0,0.0,0.0,0.0,0.0,0.0,3.59,2.16,15.2,0.24,0.2122,71.94,33.05,37.17,185.4,135.8,2.3355717594635395,1.3625877454126305,0.8263496048947497,1.0,1.0,josh downs,joshdowns,jdowns,Indianapolis Colts,00-0038997,0.0,0.0,0.0,0.0,1.0,3.0,0.0,9.0,5.0,65.0,0.0,J.Downs,IND,team_norm & _alias_init_last,0.0,0.0,0.0,0.0,-1.0,-3.0,0.0,-5.41,-2.84,-49.8,0.24
2025,16,0.0,2025_16_SF_IND,Indianapolis Colts,Ajou Ajou,WR,00-0039957,1.0,0.0,0.0,0.0,0.0,0.0,0.0,0.0,0.0,0.0,0.0,0.0,0.0,71.94,33.05,37.17,185.4,135.8,2.3355717594635395,1.3625877454126305,0.8263496048947497,0.0,0.0,ajou ajou,ajouajou,aajou,Indianapolis Colts,00-0039957,,,,,,,,,,,,,,,,,,,,,,,,,
2025,16,0.0,2025_16_SF_IND,Indianapolis Colts,Anthony Gould,WR,00-0039816,1.0,0.0,0.0,0.0,0.0,0.0,0.0,0.0,0.0,0.0,0.0,0.0,0.0,71.94,33.05,37.17,185.4,135.8,2.3355717594635395,1.3625877454126305,0.8263496048947497,0.0,0.0,anthony gould,anthonygould,agould,Indianapolis Colts,00-0039816,,,,,,,,,,,,,,,,,,,,,,,,,
2025,16,0.0,2025_16_SF_IND,Indianapolis Colts,Coleman Owen,WR,00-0040352,1.0,0.0,0.0,0.0,0.0,0.0,0.0,0.0,0.0,0.0,0.0,0.0,0.0,71.94,33.05,37.17,185.4,135.8,2.3355717594635395,1.3625877454126305,0.8263496048947497,1.0,1.0,coleman owen,colemanowen,cowen,Indianapolis Colts,00-0040352,0.0,0.0,0.0,0.0,0.0,0.0,0.0,1.0,0.0,0.0,0.0,C.Owen,IND,team_norm & _alias_init_last,0.0,0.0,0.0,0.0,0.0,0.0,0.0,-1.0,0.0,0.0,0.0
2025,16,0.0,2025_16_SF_IND,Indianapolis Colts,Laquon Treadwell,WR,00-0032951,1.0,0.0,0.0,0.0,0.0,0.0,0.0,0.0,0.0,0.0,0.0,0.0,0.0,71.94,33.05,37.17,185.4,135.8,2.3355717594635395,1.3625877454126305,0.8263496048947497,1.0,1.0,laquon treadwell,laquontreadwell,ltreadwell,Indianapolis Colts,00-0032951,,,,,,,,,,,,,,,,,,,,,,,,,
2025,16,0.0,2025_16_SF_IND,San Francisco 49ers,Brock Purdy,QB,00-0037834,1.0,34.51,265.7,1.97,0.8,7.45,27.1,0.22,0.0,0.0,0.0,0.0,0.1944,72.0,37.63,32.11,285.6,158.8,2.083082204056614,0.8604128996567666,0.940674542598028,1.0,1.0,brock purdy,brockpurdy,bpurdy,San Francisco 49ers,00-0037834,36.0,295.0,5.0,1.0,1.0,2.0,0.0,0.0,0.0,0.0,0.0,B.Purdy,SF,team_norm & _alias_init_last,-1.490000000000002,-29.30000000000001,-3.0300000000000002,-0.19999999999999996,6.45,25.1,0.22,0.0,0.0,0.0,0.0
2025,16,0.0,2025_16_SF_IND,San Francisco 49ers,Christian McCaffrey,RB,00-0033280,1.0,0.0,0.0,0.0,0.0,15.85,63.8,0.54,4.37,3.32,20.8,0.25,0.5444,72.0,37.63,32.11,285.6,158.8,2.083082204056614,0.8604128996567666,0.940674542598028,1.0,1.0,christian mccaffrey,christianmccaffrey,cmccaffrey,San Francisco 49ers,00-0033280,0.0,0.0,0.0,0.0,21.0,117.0,0.0,8.0,6.0,29.0,2.0,C.McCaffrey,SF,team_norm & _alias_init_last,0.0,0.0,0.0,0.0,-5.15,-53.2,0.54,-3.63,-2.68,-8.2,-1.75
2025,16,0.0,2025_16_SF_IND,San Francisco 49ers,Brian Robinson Jr.,RB,,1.0,0.0,0.0,0.0,0.0,8.81,44.8,0.18,2.72,1.9,18.8,0.15,0.2791,72.0,37.63,32.11,285.6,158.8,2.083082204056614,0.8604128996567666,0.940674542598028,0.0,0.0,brian robinson jr.,brianrobinsonjr,brobinson,San Francisco 49ers,00-0037746,0.0,0.0,0.0,0.0,5.0,20.0,0.0,1.0,0.0,0.0,0.0,B.Robinson,SF,team_norm & _alias_init_last,0.0,0.0,0.0,0.0,3.8100000000000005,24.799999999999997,0.18,1.7200000000000002,1.9,18.8,0.15
2025,16,0.0,2025_16_SF_IND,San Francisco 49ers,Jordan James,RB,00-0040177,1.0,0.0,0.0,0.0,0.0,0.0,0.0,0.0,0.0,0.0,0.0,0.0,0.0,72.0,37.63,32.11,285.6,158.8,2.083082204056614,0.8604128996567666,0.940674542598028,1.0,1.0,jordan james,jordanjames,jjames,San Francisco 49ers,00-0040177,,,,,,,,,,,,,,,,,,,,,,,,,
2025,16,0.0,2025_16_SF_IND,San Francisco 49ers,George Kittle,TE,00-0033288,1.0,0.0,0.0,0.0,0.0,0.0,0.0,0.0,7.67,5.78,45.3,0.4,0.3282,72.0,37.63,32.11,285.6,158.8,2.083082204056614,0.8604128996567666,0.940674542598028,1.0,1.0,george kittle,georgekittle,gkittle,San Francisco 49ers,00-0033288,0.0,0.0,0.0,0.0,0.0,0.0,0.0,8.0,7.0,115.0,1.0,G.Kittle,SF,team_norm & _alias_init_last,0.0,0.0,0.0,0.0,0.0,0.0,0.0,-0.33000000000000007,-1.2199999999999998,-69.7,-0.6
2025,16,0.0,2025_16_SF_IND,San Francisco 49ers,Luke Farrell,TE,00-0036887,1.0,0.0,0.0,0.0,0.0,0.0,0.0,0.0,3.97,3.01,27.3,0.2,0.1844,72.0,37.63,32.11,285.6,158.8,2.083082204056614,0.8604128996567666,0.940674542598028,1.0,1.0,luke farrell,lukefarrell,lfarrell,San Francisco 49ers,00-0036887,,,,,,,,,,,,,,,,,,,,,,,,,
2025,16,0.0,2025_16_SF_IND,San Francisco 49ers,Hayden Rucci,TE,00-0039489,1.0,0.0,0.0,0.0,0.0,0.0,0.0,0.0,0.0,0.0,0.0,0.0,0.0,72.0,37.63,32.11,285.6,158.8,2.083082204056614,0.8604128996567666,0.940674542598028,0.0,0.0,hayden rucci,haydenrucci,hrucci,San Francisco 49ers,00-0039489,,,,,,,,,,,,,,,,,,,,,,,,,
2025,16,0.0,2025_16_SF_IND,San Francisco 49ers,Jake Tonges,TE,00-0037112,1.0,0.0,0.0,0.0,0.0,0.0,0.0,0.0,0.0,0.0,0.0,0.0,0.0,72.0,37.63,32.11,285.6,158.8,2.083082204056614,0.8604128996567666,0.940674542598028,1.0,1.0,jake tonges,jaketonges,jtonges,San Francisco 49ers,00-0037112,0.0,0.0,0.0,0.0,0.0,0.0,0.0,2.0,1.0,7.0,0.0,J.Tonges,SF,team_norm & _alias_init_last,0.0,0.0,0.0,0.0,0.0,0.0,0.0,-2.0,-1.0,-7.0,0.0
2025,16,0.0,2025_16_SF_IND,San Francisco 49ers,Jauan Jennings,WR,00-0036259,1.0,0.0,0.0,0.0,0.0,0.0,0.0,0.0,8.38,4.92,52.1,0.44,0.356,72.0,37.63,32.11,285.6,158.8,2.083082204056614,0.8604128996567666,0.940674542598028,1.0,1.0,jauan jennings,jauanjennings,jjennings,San Francisco 49ers,,0.0,0.0,0.0,0.0,0.0,0.0,0.0,6.0,5.0,71.0,1.0,J.Jennings,SF,team_norm & _alias_init_last,0.0,0.0,0.0,0.0,0.0,0.0,0.0,2.380000000000001,-0.08000000000000007,-18.9,-0.56
2025,16,0.0,2025_16_SF_IND,San Francisco 49ers,Ricky Pearsall,WR,00-0039916,1.0,0.0,0.0,0.0,0.0,0.0,0.0,0.0,6.31,3.68,42.6,0.33,0.2837,72.0,37.63,32.11,285.6,158.8,2.083082204056614,0.8604128996567666,0.940674542598028,0.0,0.0,ricky pearsall,rickypearsall,rpearsall,San Francisco 49ers,00-0039916,,,,,,,,,,,,,,,,,,,,,,,,,
2025,16,0.0,2025_16_SF_IND,San Francisco 49ers,Kendrick Bourne,WR,00-0033307,1.0,0.0,0.0,0.0,0.0,0.0,0.0,0.0,4.21,2.66,25.2,0.21,0.1907,72.0,37.63,32.11,285.6,158.8,2.083082204056614,0.8604128996567666,0.940674542598028,1.0,1.0,kendrick bourne,kendrickbourne,kbourne,San Francisco 49ers,00-0033307,0.0,0.0,0.0,0.0,0.0,0.0,0.0,5.0,3.0,27.0,0.0,K.Bourne,SF,team_norm & _alias_init_last,0.0,0.0,0.0,0.0,0.0,0.0,0.0,-0.79,-0.33999999999999986,-1.8000000000000007,0.21
2025,16,0.0,2025_16_SF_IND,San Francisco 49ers,Colton Dowell,WR,00-0038632,1.0,0.0,0.0,0.0,0.0,0.0,0.0,0.0,0.0,0.0,0.0,0.0,0.0,72.0,37.63,32.11,285.6,158.8,2.083082204056614,0.8604128996567666,0.940674542598028,0.0,0.0,colton dowell,coltondowell,cdowell,San Francisco 49ers,00-0038632,,,,,,,,,,,,,,,,,,,,,,,,,
2025,16,0.0,2025_16_SF_IND,San Francisco 49ers,Demarcus Robinson,WR,00-0032775,1.0,0.0,0.0,0.0,0.0,0.0,0.0,0.0,0.0,0.0,0.0,0.0,0.0,72.0,37.63,32.11,285.6,158.8,2.083082204056614,0.8604128996567666,0.940674542598028,1.0,1.0,demarcus robinson,demarcusrobinson,drobinson,San Francisco 49ers,00-0032775,0.0,0.0,0.0,0.0,0.0,0.0,0.0,2.0,2.0,23.0,1.0,D.Robinson,SF,team_norm & _alias_init_last,0.0,0.0,0.0,0.0,0.0,0.0,0.0,-2.0,-2.0,-23.0,-1.0
2025,16,0.0,2025_16_SF_IND,San Francisco 49ers,Jordan Watkins,WR,00-0040172,1.0,0.0,0.0,0.0,0.0,0.0,0.0,0.0,0.0,0.0,0.0,0.0,0.0,72.0,37.63,32.11,285.6,158.8,2.083082204056614,0.8604128996567666,0.940674542598028,1.0,1.0,jordan watkins,jordanwatkins,jwatkins,San Francisco 49ers,00-0040172,,,,,,,,,,,,,,,,,,,,,,,,,
2025,16,0.0,2025_16_SF_IND,San Francisco 49ers,Skyy Moore,WR,00-0038090,1.0,0.0,0.0,0.0,0.0,0.0,0.0,0.0,0.0,0.0,0.0,0.0,0.0,72.0,37.63,32.11,285.6,158.8,2.083082204056614,0.8604128996567666,0.940674542598028,1.0,1.0,skyy moore,skyymoore,smoore,San Francisco 49ers,00-0038090,0.0,0.0,0.0,0.0,0.0,0.0,0.0,1.0,1.0,23.0,0.0,S.Moore,SF,team_norm & _alias_init_last,0.0,0.0,0.0,0.0,0.0,0.0,0.0,-1.0,-1.0,-23.0,0.0
2025,16,0.0,2025_16_TB_CAR,Carolina Panthers,Bryce Young,QB,00-0039150,1.0,34.65,201.5,1.96,0.78,5.34,15.9,0.17,0.0,0.0,0.0,0.0,0.1591,69.93,36.79,30.67,210.4,114.2,2.373351922924729,1.0022063047986776,0.919764834387688,1.0,1.0,bryce young,bryceyoung,byoung,Carolina Panthers,00-0039150,36.0,191.0,2.0,0.0,1.0,9.0,0.0,0.0,0.0,0.0,0.0,B.Young,CAR,team_norm & _alias_init_last,-1.3500000000000014,10.5,-0.040000000000000036,0.78,4.34,6.9,0.17,0.0,0.0,0.0,0.0
2025,16,0.0,2025_16_TB_CAR,Carolina Panthers,Rico Dowdle,RB,00-0036139,1.0,0.0,0.0,0.0,0.0,16.28,49.2,0.62,4.31,3.14,18.2,0.29,0.5986,69.93,36.79,30.67,210.4,114.2,2.373351922924729,1.0022063047986776,0.919764834387688,1.0,1.0,rico dowdle,ricodowdle,rdowdle,Carolina Panthers,00-0036139,0.0,0.0,0.0,0.0,9.0,29.0,0.0,6.0,4.0,14.0,0.0,R.Dowdle,CAR,team_norm & _alias_init_last,0.0,0.0,0.0,0.0,7.280000000000001,20.200000000000003,0.62,-1.6900000000000004,-0.8599999999999999,4.199999999999999,0.29
2025,16,0.0,2025_16_TB_CAR,Carolina Panthers,Chuba Hubbard,RB,00-0036555,1.0,0.0,0.0,0.0,0.0,9.05,28.4,0.23,2.68,1.91,10.3,0.17,0.3317,69.93,36.79,30.67,210.4,114.2,2.373351922924729,1.0022063047986776,0.919764834387688,1.0,1.0,chuba hubbard,chubahubbard,chubbard,Carolina Panthers,00-0036555,0.0,0.0,0.0,0.0,6.0,27.0,0.0,1.0,1.0,7.0,0.0,C.Hubbard,CAR,team_norm & _alias_init_last,0.0,0.0,0.0,0.0,3.0500000000000007,1.3999999999999986,0.23,1.6800000000000002,0.9099999999999999,3.3000000000000007,0.17
2025,16,0.0,2025_16_TB_CAR,Carolina Panthers,Trevor Etienne,RB,00-0040644,1.0,0.0,0.0,0.0,0.0,0.0,0.0,0.0,0.0,0.0,0.0,0.0,0.0,69.93,36.79,30.67,210.4,114.2,2.373351922924729,1.0022063047986776,0.919764834387688,1.0,1.0,trevor etienne,trevoretienne,tetienne,Carolina Panthers,00-0040644,0.0,0.0,0.0,0.0,16.0,50.0,0.0,6.0,4.0,16.0,1.0,T.Etienne,JAX,_alias_init_last,0.0,0.0,0.0,0.0,-16.0,-50.0,0.0,-6.0,-4.0,-16.0,-1.0
2025,16,0.0,2025_16_TB_CAR,Carolina Panthers,Ja'Tavion Sanders,TE,00-0039356,1.0,0.0,0.0,0.0,0.0,0.0,0.0,0.0,7.44,5.68,39.1,0.46,0.3706,69.93,36.79,30.67,210.4,114.2,2.373351922924729,1.0022063047986776,0.919764834387688,1.0,1.0,ja'tavion sanders,jatavionsanders,jsanders,Carolina Panthers,00-0039356,0.0,0.0,0.0,0.0,0.0,0.0,0.0,2.0,2.0,9.0,1.0,J.Sanders,CAR,team_norm & _alias_init_last,0.0,0.0,0.0,0.0,0.0,0.0,0.0,5.44,3.6799999999999997,30.1,-0.54
2025,16,0.0,2025_16_TB_CAR,Carolina Panthers,Tommy Tremble,TE,00-0037005,1.0,0.0,0.0,0.0,0.0,0.0,0.0,0.0,3.85,2.72,18.2,0.23,0.2055,69.93,36.79,30.67,210.4,114.2,2.373351922924729,1.0022063047986776,0.919764834387688,1.0,1.0,tommy tremble,tommytremble,ttremble,Carolina Panthers,00-0037005,0.0,0.0,0.0,0.0,0.0,0.0,0.0,1.0,1.0,6.0,0.0,T.Tremble,CAR,team_norm & _alias_init_last,0.0,0.0,0.0,0.0,0.0,0.0,0.0,2.85,1.7200000000000002,12.2,0.23
2025,16,0.0,2025_16_TB_CAR,Carolina Panthers,Dominique Dafney,TE,00-0036456,1.0,0.0,0.0,0.0,0.0,0.0,0.0,0.0,0.0,0.0,0.0,0.0,0.0,69.93,36.79,30.67,210.4,114.2,2.373351922924729,1.0022063047986776,0.919764834387688,0.0,0.0,dominique dafney,dominiquedafney,ddafney,Carolina Panthers,00-0036456,,,,,,,,,,,,,,,,,,,,,,,,,
2025,16,0.0,2025_16_TB_CAR,Carolina Panthers,Mitchell Evans,TE,00-0040187,1.0,0.0,0.0,0.0,0.0,0.0,0.0,0.0,0.0,0.0,0.0,0.0,0.0,69.93,36.79,30.67,210.4,114.2,2.373351922924729,1.0022063047986776,0.919764834387688,1.0,1.0,mitchell evans,mitchellevans,mevans,Carolina Panthers,00-0040187,0.0,0.0,0.0,0.0,0.0,0.0,0.0,3.0,3.0,23.0,0.0,M.Evans,CAR,team_norm & _alias_init_last,0.0,0.0,0.0,0.0,0.0,0.0,0.0,-3.0,-3.0,-23.0,0.0
2025,16,0.0,2025_16_TB_CAR,Carolina Panthers,Tetairoa McMillan,WR,00-0040124,1.0,0.0,0.0,0.0,0.0,0.0,0.0,0.0,8.2,4.4,41.7,0.5,0.3931,69.93,36.79,30.67,210.4,114.2,2.373351922924729,1.0022063047986776,0.919764834387688,1.0,1.0,tetairoa mcmillan,tetairoamcmillan,tmcmillan,Carolina Panthers,00-0040124,0.0,0.0,0.0,0.0,0.0,0.0,0.0,10.0,6.0,73.0,1.0,T.McMillan,CAR,team_norm & _alias_init_last,0.0,0.0,0.0,0.0,0.0,0.0,0.0,-1.8000000000000007,-1.5999999999999996,-31.299999999999997,-0.5
2025,16,0.0,2025_16_TB_CAR,Carolina Panthers,Jalen Coker,WR,00-0039491,1.0,0.0,0.0,0.0,0.0,0.0,0.0,0.0,6.18,3.93,31.4,0.38,0.3164,69.93,36.79,30.67,210.4,114.2,2.373351922924729,1.0022063047986776,0.919764834387688,1.0,1.0,jalen coker,jalencoker,jcoker,Carolina Panthers,00-0039491,0.0,0.0,0.0,0.0,0.0,0.0,0.0,5.0,3.0,47.0,0.0,J.Coker,CAR,team_norm & _alias_init_last,0.0,0.0,0.0,0.0,0.0,0.0,0.0,1.1799999999999997,0.9300000000000002,-15.600000000000001,0.38
2025,16,0.0,2025_16_TB_CAR,Carolina Panthers,Xavier Legette,WR,00-0039342,1.0,0.0,0.0,0.0,0.0,0.0,0.0,0.0,4.12,2.11,18.7,0.26,0.2308,69.93,36.79,30.67,210.4,114.2,2.373351922924729,1.0022063047986776,0.919764834387688,1.0,1.0,xavier legette,xavierlegette,xlegette,Carolina Panthers,00-0039342,0.0,0.0,0.0,0.0,0.0,0.0,0.0,3.0,1.0,12.0,0.0,X.Legette,CAR,team_norm & _alias_init_last,0.0,0.0,0.0,0.0,0.0,0.0,0.0,1.12,1.1099999999999999,6.699999999999999,0.26
2025,16,0.0,2025_16_TB_CAR,Carolina Panthers,Brycen Tremayne,WR,00-0038840,1.0,0.0,0.0,0.0,0.0,0.0,0.0,0.0,0.0,0.0,0.0,0.0,0.0,69.93,36.79,30.67,210.4,114.2,2.373351922924729,1.0022063047986776,0.919764834387688,1.0,1.0,brycen tremayne,brycentremayne,btremayne,Carolina Panthers,00-0038840,,,,,,,,,,,,,,,,,,,,,,,,,
2025,16,0.0,2025_16_TB_CAR,Carolina Panthers,Jimmy Horn Jr.,WR,00-0040218,1.0,0.0,0.0,0.0,0.0,0.0,0.0,0.0,0.0,0.0,0.0,0.0,0.0,69.93,36.79,30.67,210.4,114.2,2.373351922924729,1.0022063047986776,0.919764834387688,1.0,1.0,jimmy horn jr.,jimmyhornjr,jhorn,Carolina Panthers,00-0036944,0.0,0.0,0.0,0.0,1.0,25.0,0.0,0.0,0.0,0.0,0.0,Ji.Horn,CAR,team_norm & _alias_init_last,0.0,0.0,0.0,0.0,-1.0,-25.0,0.0,0.0,0.0,0.0,0.0
2025,16,0.0,2025_16_TB_CAR,Tampa Bay Buccaneers,Baker Mayfield,QB,00-0034855,1.0,41.43,299.2,2.83,0.98,4.48,16.8,0.16,0.0,0.0,0.0,0.0,0.147,72.0,46.22,22.96,341.3,110.4,3.1271193209580384,0.8034535784333112,1.155577505483042,1.0,1.0,baker mayfield,bakermayfield,bmayfield,Tampa Bay Buccaneers,00-0034855,33.0,145.0,1.0,1.0,1.0,1.0,0.0,0.0,0.0,0.0,0.0,B.Mayfield,TB,team_norm & _alias_init_last,8.43,154.2,1.83,-0.020000000000000018,3.4800000000000004,15.8,0.16,0.0,0.0,0.0,0.0
2025,16,0.0,2025_16_TB_CAR,Tampa Bay Buccaneers,Bucky Irving,RB,00-0039361,1.0,0.0,0.0,0.0,0.0,11.88,49.2,0.5,5.61,4.42,28.7,0.39,0.5867,72.0,46.22,22.96,341.3,110.4,3.1271193209580384,0.8034535784333112,1.155577505483042,1.0,1.0,bucky irving,buckyirving,birving,Tampa Bay Buccaneers,,0.0,0.0,0.0,0.0,19.0,71.0,0.0,1.0,0.0,0.0,0.0,B.Irving,TB,team_norm & _alias_init_last,0.0,0.0,0.0,0.0,-7.119999999999999,-21.799999999999997,0.5,4.61,4.42,28.7,0.39
2025,16,0.0,2025_16_TB_CAR,Tampa Bay Buccaneers,Rachaad White,RB,00-0037256,1.0,0.0,0.0,0.0,0.0,6.6,26.4,0.17,3.49,2.81,15.7,0.24,0.341,72.0,46.22,22.96,341.3,110.4,3.1271193209580384,0.8034535784333112,1.155577505483042,1.0,1.0,rachaad white,rachaadwhite,rwhite,Tampa Bay Buccaneers,00-0037256,0.0,0.0,0.0,0.0,5.0,45.0,0.0,2.0,2.0,15.0,0.0,R.White,TB,team_norm & _alias_init_last,0.0,0.0,0.0,0.0,1.5999999999999996,-18.6,0.17,1.4900000000000002,0.81,0.6999999999999993,0.24
2025,16,0.0,2025_16_TB_CAR,Tampa Bay Buccaneers,Sean Tucker,RB,00-0038951,1.0,0.0,0.0,0.0,0.0,0.0,0.0,0.0,0.0,0.0,0.0,0.0,0.0,72.0,46.22,22.96,341.3,110.4,3.1271193209580384,0.8034535784333112,1.155577505483042,1.0,1.0,sean tucker,seantucker,stucker,Tampa Bay Buccaneers,00-0038951,0.0,0.0,0.0,0.0,4.0,3.0,1.0,0.0,0.0,0.0,0.0,S.Tucker,TB,team_norm & _alias_init_last,0.0,0.0,0.0,0.0,-4.0,-3.0,-1.0,0.0,0.0,0.0,0.0
2025,16,0.0,2025_16_TB_CAR,Tampa Bay Buccaneers,Cade Otton,TE,00-0038129,1.0,0.0,0.0,0.0,0.0,0.0,0.0,0.0,9.39,6.55,58.0,0.59,0.4448,72.0,46.22,22.96,341.3,110.4,3.1271193209580384,0.8034535784333112,1.155577505483042,1.0,1.0,cade otton,cadeotton,cotton,Tampa Bay Buccaneers,00-0038129,0.0,0.0,0.0,0.0,0.0,0.0,0.0,2.0,2.0,15.0,0.0,C.Otton,TB,team_norm & _alias_init_last,0.0,0.0,0.0,0.0,0.0,0.0,0.0,7.390000000000001,4.55,43.0,0.59
2025,16,0.0,2025_16_TB_CAR,Tampa Bay Buccaneers,Payne Durham,TE,00-0039050,1.0,0.0,0.0,0.0,0.0,0.0,0.0,0.0,4.85,3.49,38.6,0.32,0.2721,72.0,46.22,22.96,341.3,110.4,3.1271193209580384,0.8034535784333112,1.155577505483042,1.0,1.0,payne durham,paynedurham,pdurham,Tampa Bay Buccaneers,00-0039050,,,,,,,,,,,,,,,,,,,,,,,,,
2025,16,0.0,2025_16_TB_CAR,Tampa Bay Buccaneers,Devin Culp,TE,00-0039754,1.0,0.0,0.0,0.0,0.0,0.0,0.0,0.0,0.0,0.0,0.0,0.0,0.0,72.0,46.22,22.96,341.3,110.4,3.1271193209580384,0.8034535784333112,1.155577505483042,0.0,0.0,devin culp,devinculp,dculp,Tampa Bay Buccaneers,00-0039754,,,,,,,,,,,,,,,,,,,,,,,,,
2025,16,0.0,2025_16_TB_CAR,Tampa Bay Buccaneers,Mike Evans,WR,00-0031408,1.0,0.0,0.0,0.0,0.0,0.0,0.0,0.0,10.09,5.3,59.2,0.65,0.4755,72.0,46.22,22.96,341.3,110.4,3.1271193209580384,0.8034535784333112,1.155577505483042,1.0,1.0,mike evans,mikeevans,mevans,Tampa Bay Buccaneers,00-0031408,0.0,0.0,0.0,0.0,0.0,0.0,0.0,10.0,5.0,31.0,1.0,M.Evans,TB,team_norm & _alias_init_last,0.0,0.0,0.0,0.0,0.0,0.0,0.0,0.08999999999999986,0.2999999999999998,28.200000000000003,-0.35
2025,16,0.0,2025_16_TB_CAR,Tampa Bay Buccaneers,Emeka Egbuka,WR,00-0040129,1.0,0.0,0.0,0.0,0.0,0.0,0.0,0.0,7.6,3.61,49.1,0.49,0.3852,72.0,46.22,22.96,341.3,110.4,3.1271193209580384,0.8034535784333112,1.155577505483042,1.0,1.0,emeka egbuka,emekaegbuka,eegbuka,Tampa Bay Buccaneers,00-0040129,0.0,0.0,0.0,0.0,0.0,0.0,0.0,2.0,1.0,40.0,0.0,E.Egbuka,TB,team_norm & _alias_init_last,0.0,0.0,0.0,0.0,0.0,0.0,0.0,5.6,2.61,9.100000000000001,0.49
2025,16,0.0,2025_16_TB_CAR,Tampa Bay Buccaneers,Chris Godwin Jr.,WR,00-0033921,1.0,0.0,0.0,0.0,0.0,0.0,0.0,0.0,5.07,3.18,28.0,0.32,0.2755,72.0,46.22,22.96,341.3,110.4,3.1271193209580384,0.8034535784333112,1.155577505483042,1.0,1.0,chris godwin jr.,chrisgodwinjr,cgodwin,Tampa Bay Buccaneers,,0.0,0.0,0.0,0.0,0.0,0.0,0.0,6.0,5.0,30.0,0.0,C.Godwin,TB,team_norm & _alias_init_last,0.0,0.0,0.0,0.0,0.0,0.0,0.0,-0.9299999999999997,-1.8199999999999998,-2.0,0.32
2025,16,0.0,2025_16_TB_CAR,Tampa Bay Buccaneers,Jalen McMillan,WR,00-0039855,1.0,0.0,0.0,0.0,0.0,0.0,0.0,0.0,0.0,0.0,0.0,0.0,0.0,72.0,46.22,22.96,341.3,110.4,3.1271193209580384,0.8034535784333112,1.155577505483042,1.0,1.0,jalen mcmillan,jalenmcmillan,jmcmillan,Tampa Bay Buccaneers,00-0039855,0.0,0.0,0.0,0.0,1.0,1.0,0.0,3.0,2.0,15.0,0.0,J.McMillan,TB,team_norm & _alias_init_last,0.0,0.0,0.0,0.0,-1.0,-1.0,0.0,-3.0,-2.0,-15.0,0.0
2025,16,0.0,2025_16_TB_CAR,Tampa Bay Buccaneers,Kameron Johnson,WR,00-0039589,1.0,0.0,0.0,0.0,0.0,0.0,0.0,0.0,0.0,0.0,0.0,0.0,0.0,72.0,46.22,22.96,341.3,110.4,3.1271193209580384,0.8034535784333112,1.155577505483042,1.0,1.0,kameron johnson,kameronjohnson,kjohnson,Tampa Bay Buccaneers,00-0039589,,,,,,,,,,,,,,,,,,,,,,,,,
2025,16,0.0,2025_16_TB_CAR,Tampa Bay Buccaneers,Tez Johnson,WR,00-0040237,1.0,0.0,0.0,0.0,0.0,0.0,0.0,0.0,0.0,0.0,0.0,0.0,0.0,72.0,46.22,22.96,341.3,110.4,3.1271193209580384,0.8034535784333112,1.155577505483042,1.0,1.0,tez johnson,tezjohnson,tjohnson,Tampa Bay Buccaneers,00-0040237,0.0,0.0,0.0,0.0,0.0,0.0,0.0,1.0,1.0,-1.0,0.0,T.Johnson,TB,team_norm & _alias_init_last,0.0,0.0,0.0,0.0,0.0,0.0,0.0,-1.0,-1.0,1.0,0.0
