season,week,date,game_id,team,player,position,player_id_x,is_active,pass_attempts,pass_yards,pass_tds,interceptions,rush_attempts,rush_yards,rush_tds,targets,receptions,rec_yards,rec_tds,any_td_prob,team_plays,team_pass_attempts,team_rush_attempts,team_pass_yards,team_rush_yards,team_exp_pass_tds,team_exp_rush_tds,team_exp_int,is_active_pid,is_active_nm,_name_norm,_name_norm_loose,_alias_init_last,team_norm,player_id_y,pass_attempts_act,pass_yards_act,pass_tds_act,interceptions_act,rush_attempts_act,rush_yards_act,rush_tds_act,targets_act,receptions_act,rec_yards_act,rec_tds_act,player_act,team_act,match_strategy,pass_attempts_err,pass_yards_err,pass_tds_err,interceptions_err,rush_attempts_err,rush_yards_err,rush_tds_err,targets_err,receptions_err,rec_yards_err,rec_tds_err
2025,2,0.0,2025_02_ATL_MIN,Atlanta Falcons,Michael Penix Jr.,QB,00-0039917,1.0,48.0,337.3,2.39,0.99,1.65,6.8,0.09,0.0,0.0,0.0,0.0,0.082,72.0,46.71,23.04,354.5,113.9,2.5967298571212147,1.0196309795935985,1.1677737642751114,1.0,1.0,michael penix jr.,michaelpenixjr,mpenix,Atlanta Falcons,00-0039917,26.0,135.0,0.0,0.0,0.0,0.0,0.0,0.0,0.0,0.0,0.0,M.Penix,ATL,team_norm & _alias_init_last,22.0,202.3,2.39,0.99,1.65,6.8,0.09,0.0,0.0,0.0,0.0
2025,2,0.0,2025_02_ATL_MIN,Atlanta Falcons,Bijan Robinson,RB,00-0038542,1.0,0.0,0.0,0.0,0.0,13.12,51.4,0.71,6.33,4.94,32.7,0.36,0.6553,72.0,46.71,23.04,354.5,113.9,2.5967298571212147,1.0196309795935985,1.1677737642751114,1.0,1.0,bijan robinson,bijanrobinson,brobinson,Atlanta Falcons,00-0038542,0.0,0.0,0.0,0.0,22.0,143.0,0.0,5.0,3.0,25.0,0.0,B.Robinson,ATL,team_norm & _alias_init_last,0.0,0.0,0.0,0.0,-8.88,-91.6,0.71,1.33,1.9400000000000004,7.700000000000003,0.36
2025,2,0.0,2025_02_ATL_MIN,Atlanta Falcons,Tyler Allgeier,RB,00-0037263,1.0,0.0,0.0,0.0,0.0,8.27,32.5,0.26,1.92,1.58,10.2,0.1,0.3078,72.0,46.71,23.04,354.5,113.9,2.5967298571212147,1.0196309795935985,1.1677737642751114,1.0,1.0,tyler allgeier,tylerallgeier,tallgeier,Atlanta Falcons,00-0037263,0.0,0.0,0.0,0.0,17.0,76.0,1.0,2.0,1.0,4.0,0.0,T.Allgeier,ATL,team_norm & _alias_init_last,0.0,0.0,0.0,0.0,-8.73,-43.5,-0.74,-0.08000000000000007,0.5800000000000001,6.199999999999999,0.1
2025,2,0.0,2025_02_ATL_MIN,Atlanta Falcons,Nate Carter,RB,00-0040547,1.0,0.0,0.0,0.0,0.0,0.0,0.0,0.0,0.0,0.0,0.0,0.0,0.0,72.0,46.71,23.04,354.5,113.9,2.5967298571212147,1.0196309795935985,1.1677737642751114,1.0,1.0,nate carter,natecarter,ncarter,Atlanta Falcons,00-0040547,,,,,,,,,,,,,,,,,,,,,,,,,
2025,2,0.0,2025_02_ATL_MIN,Atlanta Falcons,Kyle Pitts,TE,00-0036970,1.0,0.0,0.0,0.0,0.0,0.0,0.0,0.0,9.24,6.27,52.9,0.45,0.3626,72.0,46.71,23.04,354.5,113.9,2.5967298571212147,1.0196309795935985,1.1677737642751114,1.0,1.0,kyle pitts,kylepitts,kpitts,Atlanta Falcons,00-0036970,0.0,0.0,0.0,0.0,0.0,0.0,0.0,5.0,4.0,37.0,0.0,K.Pitts,ATL,team_norm & _alias_init_last,0.0,0.0,0.0,0.0,0.0,0.0,0.0,4.24,2.2699999999999996,15.899999999999999,0.45
2025,2,0.0,2025_02_ATL_MIN,Atlanta Falcons,Charlie Woerner,TE,00-0036429,1.0,0.0,0.0,0.0,0.0,0.0,0.0,0.0,4.97,3.95,40.9,0.26,0.2287,72.0,46.71,23.04,354.5,113.9,2.5967298571212147,1.0196309795935985,1.1677737642751114,1.0,1.0,charlie woerner,charliewoerner,cwoerner,Atlanta Falcons,00-0036429,,,,,,,,,,,,,,,,,,,,,,,,,
2025,2,0.0,2025_02_ATL_MIN,Atlanta Falcons,Feleipe Franks,TE,00-0036825,1.0,0.0,0.0,0.0,0.0,0.0,0.0,0.0,0.0,0.0,0.0,0.0,0.0,72.0,46.71,23.04,354.5,113.9,2.5967298571212147,1.0196309795935985,1.1677737642751114,1.0,1.0,feleipe franks,feleipefranks,ffranks,Atlanta Falcons,00-0036825,,,,,,,,,,,,,,,,,,,,,,,,,
2025,2,0.0,2025_02_ATL_MIN,Atlanta Falcons,Teagan Quitoriano,TE,00-0037277,1.0,0.0,0.0,0.0,0.0,0.0,0.0,0.0,0.0,0.0,0.0,0.0,0.0,72.0,46.71,23.04,354.5,113.9,2.5967298571212147,1.0196309795935985,1.1677737642751114,1.0,1.0,teagan quitoriano,teaganquitoriano,tquitoriano,Atlanta Falcons,00-0037277,,,,,,,,,,,,,,,,,,,,,,,,,
2025,2,0.0,2025_02_ATL_MIN,Atlanta Falcons,Drake London,WR,00-0037238,1.0,0.0,0.0,0.0,0.0,0.0,0.0,0.0,12.29,7.29,71.0,0.66,0.4823,72.0,46.71,23.04,354.5,113.9,2.5967298571212147,1.0196309795935985,1.1677737642751114,1.0,1.0,drake london,drakelondon,dlondon,Atlanta Falcons,00-0037238,0.0,0.0,0.0,0.0,0.0,0.0,0.0,5.0,3.0,49.0,0.0,D.London,ATL,team_norm & _alias_init_last,0.0,0.0,0.0,0.0,0.0,0.0,0.0,7.289999999999999,4.29,22.0,0.66
2025,2,0.0,2025_02_ATL_MIN,Atlanta Falcons,Darnell Mooney,WR,00-0036309,1.0,0.0,0.0,0.0,0.0,0.0,0.0,0.0,6.77,3.63,39.2,0.34,0.2895,72.0,46.71,23.04,354.5,113.9,2.5967298571212147,1.0196309795935985,1.1677737642751114,1.0,1.0,darnell mooney,darnellmooney,dmooney,Atlanta Falcons,00-0036309,0.0,0.0,0.0,0.0,0.0,0.0,0.0,4.0,2.0,20.0,0.0,D.Mooney,ATL,team_norm & _alias_init_last,0.0,0.0,0.0,0.0,0.0,0.0,0.0,2.7699999999999996,1.63,19.200000000000003,0.34
2025,2,0.0,2025_02_ATL_MIN,Atlanta Falcons,Ray-Ray McCloud,WR,,1.0,0.0,0.0,0.0,0.0,0.0,0.0,0.0,2.45,1.49,27.0,0.14,0.1273,72.0,46.71,23.04,354.5,113.9,2.5967298571212147,1.0196309795935985,1.1677737642751114,0.0,1.0,ray-ray mccloud,rayraymccloud,rraymccloud,Atlanta Falcons,,,,,,,,,,,,,,,,,,,,,,,,,,
2025,2,0.0,2025_02_ATL_MIN,Atlanta Falcons,KhaDarel Hodge,WR,00-0034854,1.0,0.0,0.0,0.0,0.0,0.0,0.0,0.0,0.38,0.22,2.5,0.02,0.0189,72.0,46.71,23.04,354.5,113.9,2.5967298571212147,1.0196309795935985,1.1677737642751114,1.0,1.0,khadarel hodge,khadarelhodge,khodge,Atlanta Falcons,00-0034854,,,,,,,,,,,,,,,,,,,,,,,,,
2025,2,0.0,2025_02_ATL_MIN,Atlanta Falcons,David Sills,WR,00-0035359,1.0,0.0,0.0,0.0,0.0,0.0,0.0,0.0,0.0,0.0,0.0,0.0,0.0,72.0,46.71,23.04,354.5,113.9,2.5967298571212147,1.0196309795935985,1.1677737642751114,1.0,1.0,david sills,davidsills,dsills,Atlanta Falcons,00-0035359,,,,,,,,,,,,,,,,,,,,,,,,,
2025,2,0.0,2025_02_ATL_MIN,Minnesota Vikings,J.J. McCarthy,QB,00-0039923,1.0,38.19,189.1,3.12,0.75,1.06,3.3,0.08,0.0,0.0,0.0,0.0,0.0753,70.97,35.42,32.95,198.7,120.4,3.454282917019996,1.8011959332178955,0.8855895656197937,1.0,1.0,j.j. mccarthy,jjmccarthy,jmccarthy,Minnesota Vikings,00-0039923,30.0,158.0,0.0,2.0,2.0,1.0,0.0,0.0,0.0,0.0,0.0,J.McCarthy,MIN,team_norm & _alias_init_last,8.189999999999998,31.099999999999994,3.12,-1.25,-0.94,2.3,0.08,0.0,0.0,0.0,0.0
2025,2,0.0,2025_02_ATL_MIN,Minnesota Vikings,Aaron Jones,RB,00-0033293,1.0,0.0,0.0,0.0,0.0,12.95,39.3,1.19,5.08,3.69,18.5,0.53,0.8215,70.97,35.42,32.95,198.7,120.4,3.454282917019996,1.8011959332178955,0.8855895656197937,1.0,1.0,aaron jones,aaronjones,ajones,Minnesota Vikings,00-0033293,0.0,0.0,0.0,0.0,5.0,23.0,0.0,1.0,0.0,0.0,0.0,A.Jones,MIN,team_norm & _alias_init_last,0.0,0.0,0.0,0.0,7.949999999999999,16.299999999999997,1.19,4.08,3.69,18.5,0.53
2025,2,0.0,2025_02_ATL_MIN,Minnesota Vikings,Jordan Mason,RB,00-0037525,1.0,0.0,0.0,0.0,0.0,18.93,55.8,0.61,2.43,1.97,10.5,0.24,0.5734,70.97,35.42,32.95,198.7,120.4,3.454282917019996,1.8011959332178955,0.8855895656197937,1.0,1.0,jordan mason,jordanmason,jmason,Minnesota Vikings,00-0037525,0.0,0.0,0.0,0.0,10.0,30.0,0.0,3.0,2.0,8.0,0.0,J.Mason,MIN,team_norm & _alias_init_last,0.0,0.0,0.0,0.0,8.93,25.799999999999997,0.61,-0.5699999999999998,-0.030000000000000027,2.5,0.24
2025,2,0.0,2025_02_ATL_MIN,Minnesota Vikings,Zavier Scott,RB,00-0038440,1.0,0.0,0.0,0.0,0.0,0.0,0.0,0.0,0.0,0.0,0.0,0.0,0.0,70.97,35.42,32.95,198.7,120.4,3.454282917019996,1.8011959332178955,0.8855895656197937,1.0,1.0,zavier scott,zavierscott,zscott,Minnesota Vikings,00-0038440,,,,,,,,,,,,,,,,,,,,,,,,,
2025,2,0.0,2025_02_ATL_MIN,Minnesota Vikings,T.J. Hockenson,TE,00-0035229,1.0,0.0,0.0,0.0,0.0,0.0,0.0,0.0,7.25,5.69,30.0,0.64,0.471,70.97,35.42,32.95,198.7,120.4,3.454282917019996,1.8011959332178955,0.8855895656197937,1.0,1.0,t.j. hockenson,tjhockenson,thockenson,Minnesota Vikings,00-0035229,0.0,0.0,0.0,0.0,0.0,0.0,0.0,3.0,1.0,12.0,0.0,T.Hockenson,MIN,team_norm & _alias_init_last,0.0,0.0,0.0,0.0,0.0,0.0,0.0,4.25,4.69,18.0,0.64
2025,2,0.0,2025_02_ATL_MIN,Minnesota Vikings,Josh Oliver,TE,00-0035249,1.0,0.0,0.0,0.0,0.0,0.0,0.0,0.0,3.56,2.85,15.3,0.34,0.2911,70.97,35.42,32.95,198.7,120.4,3.454282917019996,1.8011959332178955,0.8855895656197937,1.0,1.0,josh oliver,josholiver,joliver,Minnesota Vikings,00-0035249,,,,,,,,,,,,,,,,,,,,,,,,,
2025,2,0.0,2025_02_ATL_MIN,Minnesota Vikings,Ben Sims,TE,00-0038809,1.0,0.0,0.0,0.0,0.0,0.0,0.0,0.0,0.0,0.0,0.0,0.0,0.0,70.97,35.42,32.95,198.7,120.4,3.454282917019996,1.8011959332178955,0.8855895656197937,0.0,0.0,ben sims,bensims,bsims,Minnesota Vikings,00-0038809,,,,,,,,,,,,,,,,,,,,,,,,,
2025,2,0.0,2025_02_ATL_MIN,Minnesota Vikings,Ben Yurosek,TE,00-0040509,1.0,0.0,0.0,0.0,0.0,0.0,0.0,0.0,0.0,0.0,0.0,0.0,0.0,70.97,35.42,32.95,198.7,120.4,3.454282917019996,1.8011959332178955,0.8855895656197937,1.0,1.0,ben yurosek,benyurosek,byurosek,Minnesota Vikings,00-0040509,,,,,,,,,,,,,,,,,,,,,,,,,
2025,2,0.0,2025_02_ATL_MIN,Minnesota Vikings,Justin Jefferson,WR,00-0036322,1.0,0.0,0.0,0.0,0.0,0.0,0.0,0.0,10.43,6.46,46.6,0.97,0.6223,70.97,35.42,32.95,198.7,120.4,3.454282917019996,1.8011959332178955,0.8855895656197937,1.0,1.0,justin jefferson,justinjefferson,jjefferson,Minnesota Vikings,00-0036322,0.0,0.0,0.0,0.0,0.0,0.0,0.0,6.0,3.0,81.0,0.0,J.Jefferson,MIN,team_norm & _alias_init_last,0.0,0.0,0.0,0.0,0.0,0.0,0.0,4.43,3.46,-34.4,0.97
2025,2,0.0,2025_02_ATL_MIN,Minnesota Vikings,Jalen Nailor,WR,00-0037291,1.0,0.0,0.0,0.0,0.0,0.0,0.0,0.0,5.02,2.91,23.6,0.48,0.3834,70.97,35.42,32.95,198.7,120.4,3.454282917019996,1.8011959332178955,0.8855895656197937,1.0,1.0,jalen nailor,jalennailor,jnailor,Minnesota Vikings,00-0037291,0.0,0.0,0.0,0.0,0.0,0.0,0.0,5.0,3.0,31.0,0.0,J.Nailor,MIN,team_norm & _alias_init_last,0.0,0.0,0.0,0.0,0.0,0.0,0.0,0.019999999999999574,-0.08999999999999986,-7.399999999999999,0.48
2025,2,0.0,2025_02_ATL_MIN,Minnesota Vikings,Adam Thielen,WR,,1.0,0.0,0.0,0.0,0.0,0.0,0.0,0.0,1.64,1.0,13.6,0.16,0.1477,70.97,35.42,32.95,198.7,120.4,3.454282917019996,1.8011959332178955,0.8855895656197937,0.0,1.0,adam thielen,adamthielen,athielen,Minnesota Vikings,,0.0,0.0,0.0,0.0,0.0,0.0,0.0,3.0,2.0,26.0,0.0,A.Thielen,MIN,team_norm & _alias_init_last,0.0,0.0,0.0,0.0,0.0,0.0,0.0,-1.36,-1.0,-12.4,0.16
2025,2,0.0,2025_02_ATL_MIN,Minnesota Vikings,Myles Price,WR,00-0040506,1.0,0.0,0.0,0.0,0.0,0.0,0.0,0.0,0.0,0.0,0.0,0.0,0.0,70.97,35.42,32.95,198.7,120.4,3.454282917019996,1.8011959332178955,0.8855895656197937,1.0,1.0,myles price,mylesprice,mprice,Minnesota Vikings,00-0040506,,,,,,,,,,,,,,,,,,,,,,,,,
2025,2,0.0,2025_02_ATL_MIN,Minnesota Vikings,Tai Felton,WR,00-0040154,1.0,0.0,0.0,0.0,0.0,0.0,0.0,0.0,0.0,0.0,0.0,0.0,0.0,70.97,35.42,32.95,198.7,120.4,3.454282917019996,1.8011959332178955,0.8855895656197937,1.0,1.0,tai felton,taifelton,tfelton,Minnesota Vikings,00-0040154,,,,,,,,,,,,,,,,,,,,,,,,,
2025,2,0.0,2025_02_BUF_NYJ,Buffalo Bills,Josh Allen,QB,00-0034857,1.0,45.54,269.6,2.28,1.0,6.45,19.4,0.27,0.0,0.0,0.0,0.0,0.2342,72.0,47.05,21.6,307.5,92.0,2.949214750696345,0.8037547818728776,1.1762734117647058,1.0,1.0,josh allen,joshallen,jallen,Buffalo Bills,00-0034857,32.0,148.0,0.0,0.0,2.0,7.0,0.0,0.0,0.0,0.0,0.0,J.Allen,BUF,team_norm & _alias_init_last,13.54,121.60000000000002,2.28,1.0,4.45,12.399999999999999,0.27,0.0,0.0,0.0,0.0
2025,2,0.0,2025_02_BUF_NYJ,Buffalo Bills,James Cook,RB,00-0037248,1.0,0.0,0.0,0.0,0.0,11.17,38.7,0.46,5.69,4.61,25.2,0.36,0.5595,72.0,47.05,21.6,307.5,92.0,2.949214750696345,0.8037547818728776,1.1762734117647058,1.0,1.0,james cook,jamescook,jcook,Buffalo Bills,00-0037248,0.0,0.0,0.0,0.0,21.0,132.0,2.0,1.0,1.0,3.0,0.0,J.Cook,BUF,team_norm & _alias_init_last,0.0,0.0,0.0,0.0,-9.83,-93.3,-1.54,4.69,3.6100000000000003,22.2,0.36
2025,2,0.0,2025_02_BUF_NYJ,Buffalo Bills,Ray Davis,RB,00-0039875,1.0,0.0,0.0,0.0,0.0,3.28,11.7,0.16,2.56,2.05,12.9,0.17,0.2775,72.0,47.05,21.6,307.5,92.0,2.949214750696345,0.8037547818728776,1.1762734117647058,1.0,1.0,ray davis,raydavis,rdavis,Buffalo Bills,00-0039875,0.0,0.0,0.0,0.0,10.0,24.0,0.0,0.0,0.0,0.0,0.0,R.Davis,BUF,team_norm & _alias_init_last,0.0,0.0,0.0,0.0,-6.720000000000001,-12.3,0.16,2.56,2.05,12.9,0.17
2025,2,0.0,2025_02_BUF_NYJ,Buffalo Bills,Ty Johnson,RB,00-0035537,1.0,0.0,0.0,0.0,0.0,0.7,2.6,0.0,0.9,0.6,4.6,0.06,0.0536,72.0,47.05,21.6,307.5,92.0,2.949214750696345,0.8037547818728776,1.1762734117647058,1.0,1.0,ty johnson,tyjohnson,tjohnson,Buffalo Bills,00-0034376,0.0,0.0,0.0,0.0,2.0,6.0,0.0,1.0,0.0,0.0,0.0,Ty.Johnson,BUF,team_norm & _name_norm_loose,0.0,0.0,0.0,0.0,-1.3,-3.4,0.0,-0.09999999999999998,0.6,4.6,0.06
2025,2,0.0,2025_02_BUF_NYJ,Buffalo Bills,Dalton Kincaid,TE,00-0038933,1.0,0.0,0.0,0.0,0.0,0.0,0.0,0.0,8.46,6.61,37.8,0.48,0.3788,72.0,47.05,21.6,307.5,92.0,2.949214750696345,0.8037547818728776,1.1762734117647058,1.0,1.0,dalton kincaid,daltonkincaid,dkincaid,Buffalo Bills,00-0038933,0.0,0.0,0.0,0.0,0.0,0.0,0.0,7.0,4.0,37.0,0.0,D.Kincaid,BUF,team_norm & _alias_init_last,0.0,0.0,0.0,0.0,0.0,0.0,0.0,1.4600000000000009,2.6100000000000003,0.7999999999999972,0.48
2025,2,0.0,2025_02_BUF_NYJ,Buffalo Bills,Dawson Knox,TE,00-0035689,1.0,0.0,0.0,0.0,0.0,0.0,0.0,0.0,4.19,3.25,19.6,0.26,0.2269,72.0,47.05,21.6,307.5,92.0,2.949214750696345,0.8037547818728776,1.1762734117647058,1.0,1.0,dawson knox,dawsonknox,dknox,Buffalo Bills,00-0035689,0.0,0.0,0.0,0.0,0.0,0.0,0.0,5.0,2.0,19.0,0.0,D.Knox,BUF,team_norm & _alias_init_last,0.0,0.0,0.0,0.0,0.0,0.0,0.0,-0.8099999999999996,1.25,0.6000000000000014,0.26
2025,2,0.0,2025_02_BUF_NYJ,Buffalo Bills,Jackson Hawes,TE,00-0040194,1.0,0.0,0.0,0.0,0.0,0.0,0.0,0.0,0.52,0.43,3.3,0.03,0.0315,72.0,47.05,21.6,307.5,92.0,2.949214750696345,0.8037547818728776,1.1762734117647058,1.0,1.0,jackson hawes,jacksonhawes,jhawes,Buffalo Bills,00-0040194,0.0,0.0,0.0,0.0,0.0,0.0,0.0,1.0,1.0,5.0,0.0,J.Hawes,BUF,team_norm & _alias_init_last,0.0,0.0,0.0,0.0,0.0,0.0,0.0,-0.48,-0.5700000000000001,-1.7000000000000002,0.03
2025,2,0.0,2025_02_BUF_NYJ,Buffalo Bills,Keon Coleman,WR,00-0039901,1.0,0.0,0.0,0.0,0.0,0.0,0.0,0.0,10.57,5.12,61.7,0.66,0.4839,72.0,47.05,21.6,307.5,92.0,2.949214750696345,0.8037547818728776,1.1762734117647058,1.0,1.0,keon coleman,keoncoleman,kcoleman,Buffalo Bills,00-0039901,0.0,0.0,0.0,0.0,0.0,0.0,0.0,4.0,3.0,26.0,0.0,K.Coleman,BUF,team_norm & _alias_init_last,0.0,0.0,0.0,0.0,0.0,0.0,0.0,6.57,2.12,35.7,0.66
2025,2,0.0,2025_02_BUF_NYJ,Buffalo Bills,Khalil Shakir,WR,00-0037261,1.0,0.0,0.0,0.0,0.0,0.0,0.0,0.0,7.08,5.02,36.7,0.41,0.3387,72.0,47.05,21.6,307.5,92.0,2.949214750696345,0.8037547818728776,1.1762734117647058,1.0,1.0,khalil shakir,khalilshakir,kshakir,Buffalo Bills,00-0037261,0.0,0.0,0.0,0.0,0.0,0.0,0.0,3.0,1.0,12.0,0.0,K.Shakir,BUF,team_norm & _alias_init_last,0.0,0.0,0.0,0.0,0.0,0.0,0.0,4.08,4.02,24.700000000000003,0.41
2025,2,0.0,2025_02_BUF_NYJ,Buffalo Bills,Josh Palmer,WR,00-0036988,1.0,0.0,0.0,0.0,0.0,0.0,0.0,0.0,5.61,3.16,28.5,0.33,0.2803,72.0,47.05,21.6,307.5,92.0,2.949214750696345,0.8037547818728776,1.1762734117647058,1.0,1.0,josh palmer,joshpalmer,jpalmer,Buffalo Bills,00-0036988,0.0,0.0,0.0,0.0,0.0,0.0,0.0,3.0,2.0,47.0,0.0,J.Palmer,BUF,team_norm & _alias_init_last,0.0,0.0,0.0,0.0,0.0,0.0,0.0,2.6100000000000003,1.1600000000000001,-18.5,0.33
2025,2,0.0,2025_02_BUF_NYJ,Buffalo Bills,Elijah Moore,WR,,1.0,0.0,0.0,0.0,0.0,0.0,0.0,0.0,0.69,0.42,7.1,0.04,0.0423,72.0,47.05,21.6,307.5,92.0,2.949214750696345,0.8037547818728776,1.1762734117647058,0.0,1.0,elijah moore,elijahmoore,emoore,Buffalo Bills,,0.0,0.0,0.0,0.0,2.0,6.0,1.0,1.0,1.0,31.0,0.0,E.Moore,BUF,team_norm & _alias_init_last,0.0,0.0,0.0,0.0,-2.0,-6.0,-1.0,-0.31000000000000005,-0.5800000000000001,-23.9,0.04
2025,2,0.0,2025_02_BUF_NYJ,Buffalo Bills,Brandin Cooks,WR,00-0031236,1.0,0.0,0.0,0.0,0.0,0.0,0.0,0.0,0.0,0.0,0.0,0.0,0.0,72.0,47.05,21.6,307.5,92.0,2.949214750696345,0.8037547818728776,1.1762734117647058,0.0,0.0,brandin cooks,brandincooks,bcooks,Buffalo Bills,00-0031236,0.0,0.0,0.0,0.0,0.0,0.0,0.0,2.0,2.0,26.0,0.0,B.Cooks,NO,_alias_init_last,0.0,0.0,0.0,0.0,0.0,0.0,0.0,-2.0,-2.0,-26.0,0.0
2025,2,0.0,2025_02_BUF_NYJ,Buffalo Bills,David White,WR,00-0039562,1.0,0.0,0.0,0.0,0.0,0.0,0.0,0.0,0.0,0.0,0.0,0.0,0.0,72.0,47.05,21.6,307.5,92.0,2.949214750696345,0.8037547818728776,1.1762734117647058,1.0,1.0,david white,davidwhite,dwhite,Buffalo Bills,00-0039562,,,,,,,,,,,,,,,,,,,,,,,,,
2025,2,0.0,2025_02_BUF_NYJ,Buffalo Bills,Tyrell Shavers,WR,00-0038679,1.0,0.0,0.0,0.0,0.0,0.0,0.0,0.0,0.0,0.0,0.0,0.0,0.0,72.0,47.05,21.6,307.5,92.0,2.949214750696345,0.8037547818728776,1.1762734117647058,1.0,1.0,tyrell shavers,tyrellshavers,tshavers,Buffalo Bills,00-0038679,0.0,0.0,0.0,0.0,0.0,0.0,0.0,2.0,0.0,0.0,0.0,T.Shavers,BUF,team_norm & _alias_init_last,0.0,0.0,0.0,0.0,0.0,0.0,0.0,-2.0,0.0,0.0,0.0
2025,2,0.0,2025_02_BUF_NYJ,New York Jets,Justin Fields,QB,00-0036945,1.0,31.94,163.7,0.75,0.64,10.46,27.0,0.19,0.0,0.0,0.0,0.0,0.174,72.0,30.31,39.6,170.1,144.7,0.8580133537526147,0.6844963365387764,0.7578269370629371,1.0,1.0,justin fields,justinfields,jfields,New York Jets,00-0036945,15.0,27.0,0.0,0.0,3.0,21.0,0.0,0.0,0.0,0.0,0.0,J.Fields,NYJ,team_norm & _alias_init_last,16.94,136.7,0.75,0.64,7.460000000000001,6.0,0.19,0.0,0.0,0.0,0.0
2025,2,0.0,2025_02_BUF_NYJ,New York Jets,Breece Hall,RB,00-0038120,1.0,0.0,0.0,0.0,0.0,19.94,58.8,0.37,4.56,3.32,18.4,0.13,0.3937,72.0,30.31,39.6,170.1,144.7,0.8580133537526147,0.6844963365387764,0.7578269370629371,1.0,1.0,breece hall,breecehall,bhall,New York Jets,00-0038120,0.0,0.0,0.0,0.0,10.0,29.0,0.0,3.0,2.0,9.0,0.0,B.Hall,NYJ,team_norm & _alias_init_last,0.0,0.0,0.0,0.0,9.940000000000001,29.799999999999997,0.37,1.5599999999999996,1.3199999999999998,9.399999999999999,0.13
2025,2,0.0,2025_02_BUF_NYJ,New York Jets,Braelon Allen,RB,00-0039794,1.0,0.0,0.0,0.0,0.0,8.28,26.5,0.14,1.32,0.98,6.1,0.04,0.1611,72.0,30.31,39.6,170.1,144.7,0.8580133537526147,0.6844963365387764,0.7578269370629371,1.0,1.0,braelon allen,braelonallen,ballen,New York Jets,00-0039794,0.0,0.0,0.0,0.0,2.0,11.0,0.0,1.0,0.0,0.0,0.0,B.Allen,NYJ,team_norm & _alias_init_last,0.0,0.0,0.0,0.0,6.279999999999999,15.5,0.14,0.32000000000000006,0.98,6.1,0.04
2025,2,0.0,2025_02_BUF_NYJ,New York Jets,Isaiah Davis,RB,00-0039798,1.0,0.0,0.0,0.0,0.0,0.91,2.9,0.0,0.0,0.0,0.0,0.0,0.0,72.0,30.31,39.6,170.1,144.7,0.8580133537526147,0.6844963365387764,0.7578269370629371,1.0,1.0,isaiah davis,isaiahdavis,idavis,New York Jets,00-0039798,0.0,0.0,0.0,0.0,0.0,0.0,0.0,3.0,1.0,6.0,0.0,I.Davis,NYJ,team_norm & _alias_init_last,0.0,0.0,0.0,0.0,0.91,2.9,0.0,-3.0,-1.0,-6.0,0.0
2025,2,0.0,2025_02_BUF_NYJ,New York Jets,Mason Taylor,TE,00-0040736,1.0,0.0,0.0,0.0,0.0,0.0,0.0,0.0,3.43,2.53,15.5,0.09,0.0866,72.0,30.31,39.6,170.1,144.7,0.8580133537526147,0.6844963365387764,0.7578269370629371,1.0,1.0,mason taylor,masontaylor,mtaylor,New York Jets,00-0040736,0.0,0.0,0.0,0.0,0.0,0.0,0.0,2.0,1.0,5.0,0.0,M.Taylor,NYJ,team_norm & _alias_init_last,0.0,0.0,0.0,0.0,0.0,0.0,0.0,1.4300000000000002,1.5299999999999998,10.5,0.09
2025,2,0.0,2025_02_BUF_NYJ,New York Jets,Jeremy Ruckert,TE,00-0037805,1.0,0.0,0.0,0.0,0.0,0.0,0.0,0.0,2.67,2.13,11.8,0.07,0.0657,72.0,30.31,39.6,170.1,144.7,0.8580133537526147,0.6844963365387764,0.7578269370629371,1.0,1.0,jeremy ruckert,jeremyruckert,jruckert,New York Jets,00-0037805,0.0,0.0,0.0,0.0,0.0,0.0,0.0,1.0,1.0,5.0,1.0,J.Ruckert,NYJ,team_norm & _alias_init_last,0.0,0.0,0.0,0.0,0.0,0.0,0.0,1.67,1.13,6.800000000000001,-0.9299999999999999
2025,2,0.0,2025_02_BUF_NYJ,New York Jets,Stone Smartt,TE,00-0037475,1.0,0.0,0.0,0.0,0.0,0.0,0.0,0.0,0.0,0.0,0.0,0.0,0.0,72.0,30.31,39.6,170.1,144.7,0.8580133537526147,0.6844963365387764,0.7578269370629371,1.0,1.0,stone smartt,stonesmartt,ssmartt,New York Jets,00-0037475,,,,,,,,,,,,,,,,,,,,,,,,,
2025,2,0.0,2025_02_BUF_NYJ,New York Jets,Garrett Wilson,WR,00-0037740,1.0,0.0,0.0,0.0,0.0,0.0,0.0,0.0,9.15,5.1,41.8,0.24,0.2157,72.0,30.31,39.6,170.1,144.7,0.8580133537526147,0.6844963365387764,0.7578269370629371,1.0,1.0,garrett wilson,garrettwilson,gwilson,New York Jets,00-0037740,0.0,0.0,0.0,0.0,0.0,0.0,0.0,8.0,4.0,50.0,0.0,G.Wilson,NYJ,team_norm & _alias_init_last,0.0,0.0,0.0,0.0,0.0,0.0,0.0,1.1500000000000004,1.0999999999999996,-8.200000000000003,0.24
2025,2,0.0,2025_02_BUF_NYJ,New York Jets,Tyler Johnson,WR,00-0036427,1.0,0.0,0.0,0.0,0.0,0.0,0.0,0.0,3.42,2.03,18.8,0.1,0.0943,72.0,30.31,39.6,170.1,144.7,0.8580133537526147,0.6844963365387764,0.7578269370629371,1.0,1.0,tyler johnson,tylerjohnson,tjohnson,New York Jets,00-0036427,0.0,0.0,0.0,0.0,0.0,0.0,0.0,1.0,0.0,0.0,0.0,T.Johnson,NYJ,team_norm & _alias_init_last,0.0,0.0,0.0,0.0,0.0,0.0,0.0,2.42,2.03,18.8,0.1
2025,2,0.0,2025_02_BUF_NYJ,New York Jets,Aaron Smith,WR,00-0040407,1.0,0.0,0.0,0.0,0.0,0.0,0.0,0.0,2.89,1.84,24.9,0.08,0.0786,72.0,30.31,39.6,170.1,144.7,0.8580133537526147,0.6844963365387764,0.7578269370629371,0.0,0.0,aaron smith,aaronsmith,asmith,New York Jets,00-0040407,0.0,0.0,0.0,0.0,1.0,-10.0,0.0,2.0,1.0,8.0,0.0,A.Smith,NYJ,team_norm & _alias_init_last,0.0,0.0,0.0,0.0,-1.0,10.0,0.0,0.8900000000000001,0.8400000000000001,16.9,0.08
2025,2,0.0,2025_02_BUF_NYJ,New York Jets,Adonai Mitchell,WR,00-0039890,1.0,0.0,0.0,0.0,0.0,0.0,0.0,0.0,0.0,0.0,0.0,0.0,0.0,72.0,30.31,39.6,170.1,144.7,0.8580133537526147,0.6844963365387764,0.7578269370629371,0.0,0.0,adonai mitchell,adonaimitchell,amitchell,New York Jets,00-0039890,0.0,0.0,0.0,0.0,0.0,0.0,0.0,4.0,2.0,20.0,0.0,A.Mitchell,IND,_alias_init_last,0.0,0.0,0.0,0.0,0.0,0.0,0.0,-4.0,-2.0,-20.0,0.0
2025,2,0.0,2025_02_BUF_NYJ,New York Jets,Allen Lazard,WR,00-0034521,1.0,0.0,0.0,0.0,0.0,0.0,0.0,0.0,0.0,0.0,0.0,0.0,0.0,72.0,30.31,39.6,170.1,144.7,0.8580133537526147,0.6844963365387764,0.7578269370629371,1.0,1.0,allen lazard,allenlazard,alazard,New York Jets,00-0034521,,,,,,,,,,,,,,,,,,,,,,,,,
2025,2,0.0,2025_02_BUF_NYJ,New York Jets,Isaiah Williams,WR,00-0039451,1.0,0.0,0.0,0.0,0.0,0.0,0.0,0.0,0.0,0.0,0.0,0.0,0.0,72.0,30.31,39.6,170.1,144.7,0.8580133537526147,0.6844963365387764,0.7578269370629371,1.0,1.0,isaiah williams,isaiahwilliams,iwilliams,New York Jets,00-0039451,,,,,,,,,,,,,,,,,,,,,,,,,
2025,2,0.0,2025_02_CAR_ARI,Arizona Cardinals,Kyler Murray,QB,00-0035228,1.0,42.28,220.2,2.64,0.89,5.61,14.8,0.34,0.0,0.0,0.0,0.0,0.2883,72.0,41.77,27.27,234.3,99.7,4.0110593446510805,1.3169519424276528,1.0442246683046683,1.0,1.0,kyler murray,kylermurray,kmurray,Arizona Cardinals,00-0035228,34.0,220.0,1.0,1.0,3.0,0.0,0.0,0.0,0.0,0.0,0.0,K.Murray,ARI,team_norm & _alias_init_last,8.280000000000001,0.19999999999998863,1.6400000000000001,-0.10999999999999999,2.6100000000000003,14.8,0.34,0.0,0.0,0.0,0.0
2025,2,0.0,2025_02_CAR_ARI,Arizona Cardinals,James Conner,RB,00-0033553,1.0,0.0,0.0,0.0,0.0,13.93,40.4,0.79,5.49,4.52,21.5,0.52,0.7307,72.0,41.77,27.27,234.3,99.7,4.0110593446510805,1.3169519424276528,1.0442246683046683,1.0,1.0,james conner,jamesconner,jconner,Arizona Cardinals,00-0033553,0.0,0.0,0.0,0.0,12.0,34.0,1.0,1.0,1.0,18.0,0.0,J.Conner,ARI,team_norm & _alias_init_last,0.0,0.0,0.0,0.0,1.9299999999999997,6.399999999999999,-0.20999999999999996,4.49,3.5199999999999996,3.5,0.52
2025,2,0.0,2025_02_CAR_ARI,Arizona Cardinals,Trey Benson,RB,00-0039921,1.0,0.0,0.0,0.0,0.0,7.74,24.3,0.26,2.42,2.01,11.3,0.23,0.3872,72.0,41.77,27.27,234.3,99.7,4.0110593446510805,1.3169519424276528,1.0442246683046683,1.0,1.0,trey benson,treybenson,tbenson,Arizona Cardinals,00-0039921,0.0,0.0,0.0,0.0,4.0,14.0,0.0,6.0,4.0,30.0,0.0,T.Benson,ARI,team_norm & _alias_init_last,0.0,0.0,0.0,0.0,3.74,10.3,0.26,-3.58,-1.9900000000000002,-18.7,0.23
2025,2,0.0,2025_02_CAR_ARI,Arizona Cardinals,Bam Knight,RB,00-0037157,1.0,0.0,0.0,0.0,0.0,0.0,0.0,0.0,0.0,0.0,0.0,0.0,0.0,72.0,41.77,27.27,234.3,99.7,4.0110593446510805,1.3169519424276528,1.0442246683046683,1.0,1.0,bam knight,bamknight,bknight,Arizona Cardinals,,,,,,,,,,,,,,,,,,,,,,,,,,
2025,2,0.0,2025_02_CAR_ARI,Arizona Cardinals,Emari Demercado,RB,00-0038705,1.0,0.0,0.0,0.0,0.0,0.0,0.0,0.0,0.0,0.0,0.0,0.0,0.0,72.0,41.77,27.27,234.3,99.7,4.0110593446510805,1.3169519424276528,1.0442246683046683,1.0,1.0,emari demercado,emaridemercado,edemercado,Arizona Cardinals,00-0038705,,,,,,,,,,,,,,,,,,,,,,,,,
2025,2,0.0,2025_02_CAR_ARI,Arizona Cardinals,Trey McBride,TE,00-0037744,1.0,0.0,0.0,0.0,0.0,0.0,0.0,0.0,8.81,7.31,40.4,0.77,0.537,72.0,41.77,27.27,234.3,99.7,4.0110593446510805,1.3169519424276528,1.0442246683046683,1.0,1.0,trey mcbride,treymcbride,tmcbride,Arizona Cardinals,00-0037744,0.0,0.0,0.0,0.0,0.0,0.0,0.0,8.0,6.0,78.0,0.0,T.McBride,ARI,team_norm & _alias_init_last,0.0,0.0,0.0,0.0,0.0,0.0,0.0,0.8100000000000005,1.3099999999999996,-37.6,0.77
2025,2,0.0,2025_02_CAR_ARI,Arizona Cardinals,Elijah Higgins,TE,00-0039041,1.0,0.0,0.0,0.0,0.0,0.0,0.0,0.0,3.53,2.98,17.5,0.31,0.2676,72.0,41.77,27.27,234.3,99.7,4.0110593446510805,1.3169519424276528,1.0442246683046683,1.0,1.0,elijah higgins,elijahhiggins,ehiggins,Arizona Cardinals,00-0039041,0.0,0.0,0.0,0.0,0.0,0.0,0.0,3.0,2.0,45.0,0.0,E.Higgins,ARI,team_norm & _alias_init_last,0.0,0.0,0.0,0.0,0.0,0.0,0.0,0.5299999999999998,0.98,-27.5,0.31
2025,2,0.0,2025_02_CAR_ARI,Arizona Cardinals,Josiah Deguara,TE,00-0036332,1.0,0.0,0.0,0.0,0.0,0.0,0.0,0.0,0.0,0.0,0.0,0.0,0.0,72.0,41.77,27.27,234.3,99.7,4.0110593446510805,1.3169519424276528,1.0442246683046683,1.0,1.0,josiah deguara,josiahdeguara,jdeguara,Arizona Cardinals,00-0036332,,,,,,,,,,,,,,,,,,,,,,,,,
2025,2,0.0,2025_02_CAR_ARI,Arizona Cardinals,Oscar Cardenas,TE,00-0040381,1.0,0.0,0.0,0.0,0.0,0.0,0.0,0.0,0.0,0.0,0.0,0.0,0.0,72.0,41.77,27.27,234.3,99.7,4.0110593446510805,1.3169519424276528,1.0442246683046683,0.0,0.0,oscar cardenas,oscarcardenas,ocardenas,Arizona Cardinals,00-0040381,,,,,,,,,,,,,,,,,,,,,,,,,
2025,2,0.0,2025_02_CAR_ARI,Arizona Cardinals,Travis Vokolek,TE,00-0038456,1.0,0.0,0.0,0.0,0.0,0.0,0.0,0.0,0.0,0.0,0.0,0.0,0.0,72.0,41.77,27.27,234.3,99.7,4.0110593446510805,1.3169519424276528,1.0442246683046683,1.0,1.0,travis vokolek,travisvokolek,tvokolek,Arizona Cardinals,00-0038456,,,,,,,,,,,,,,,,,,,,,,,,,
2025,2,0.0,2025_02_CAR_ARI,Arizona Cardinals,Marvin Harrison Jr.,WR,00-0039849,1.0,0.0,0.0,0.0,0.0,0.0,0.0,0.0,7.6,3.81,32.6,0.69,0.4977,72.0,41.77,27.27,234.3,99.7,4.0110593446510805,1.3169519424276528,1.0442246683046683,1.0,1.0,marvin harrison jr.,marvinharrisonjr,mharrison,Arizona Cardinals,00-0039849,0.0,0.0,0.0,0.0,0.0,0.0,0.0,6.0,2.0,27.0,0.0,M.Harrison,ARI,team_norm & _alias_init_last,0.0,0.0,0.0,0.0,0.0,0.0,0.0,1.5999999999999996,1.81,5.600000000000001,0.69
2025,2,0.0,2025_02_CAR_ARI,Arizona Cardinals,Mack Wilson,WR,00-0035144,1.0,0.0,0.0,0.0,0.0,0.0,0.0,0.0,6.5,4.01,51.8,0.62,0.4641,72.0,41.77,27.27,234.3,99.7,4.0110593446510805,1.3169519424276528,1.0442246683046683,1.0,1.0,mack wilson,mackwilson,mwilson,Arizona Cardinals,00-0035144,0.0,0.0,0.0,0.0,0.0,0.0,0.0,4.0,1.0,11.0,1.0,Mi.Wilson,ARI,team_norm & _alias_init_last,0.0,0.0,0.0,0.0,0.0,0.0,0.0,2.5,3.01,40.8,-0.38
2025,2,0.0,2025_02_CAR_ARI,Arizona Cardinals,Zay Jones,WR,00-0033891,1.0,0.0,0.0,0.0,0.0,0.0,0.0,0.0,2.81,1.72,11.4,0.26,0.2294,72.0,41.77,27.27,234.3,99.7,4.0110593446510805,1.3169519424276528,1.0442246683046683,1.0,1.0,zay jones,zayjones,zjones,Arizona Cardinals,,,,,,,,,,,,,,,,,,,,,,,,,,
2025,2,0.0,2025_02_CAR_ARI,Arizona Cardinals,Michael Wilson,WR,00-0038559,1.0,0.0,0.0,0.0,0.0,0.0,0.0,0.0,2.72,1.53,14.5,0.26,0.227,72.0,41.77,27.27,234.3,99.7,4.0110593446510805,1.3169519424276528,1.0442246683046683,1.0,1.0,michael wilson,michaelwilson,mwilson,Arizona Cardinals,00-0035144,0.0,0.0,0.0,0.0,0.0,0.0,0.0,4.0,1.0,11.0,1.0,Mi.Wilson,ARI,team_norm & _alias_init_last,0.0,0.0,0.0,0.0,0.0,0.0,0.0,-1.2799999999999998,0.53,3.5,-0.74
2025,2,0.0,2025_02_CAR_ARI,Arizona Cardinals,Greg Dortch,WR,00-0035500,1.0,0.0,0.0,0.0,0.0,0.0,0.0,0.0,0.5,0.36,2.1,0.05,0.0445,72.0,41.77,27.27,234.3,99.7,4.0110593446510805,1.3169519424276528,1.0442246683046683,1.0,1.0,greg dortch,gregdortch,gdortch,Arizona Cardinals,00-0035500,0.0,0.0,0.0,0.0,0.0,0.0,0.0,1.0,1.0,11.0,0.0,G.Dortch,ARI,team_norm & _alias_init_last,0.0,0.0,0.0,0.0,0.0,0.0,0.0,-0.5,-0.64,-8.9,0.05
2025,2,0.0,2025_02_CAR_ARI,Arizona Cardinals,Bryson Green,WR,00-0040383,1.0,0.0,0.0,0.0,0.0,0.0,0.0,0.0,0.0,0.0,0.0,0.0,0.0,72.0,41.77,27.27,234.3,99.7,4.0110593446510805,1.3169519424276528,1.0442246683046683,0.0,0.0,bryson green,brysongreen,bgreen,Arizona Cardinals,00-0040383,,,,,,,,,,,,,,,,,,,,,,,,,
2025,2,0.0,2025_02_CAR_ARI,Arizona Cardinals,Simi Fehoko,WR,00-0036646,1.0,0.0,0.0,0.0,0.0,0.0,0.0,0.0,0.0,0.0,0.0,0.0,0.0,72.0,41.77,27.27,234.3,99.7,4.0110593446510805,1.3169519424276528,1.0442246683046683,1.0,1.0,simi fehoko,simifehoko,sfehoko,Arizona Cardinals,00-0036646,,,,,,,,,,,,,,,,,,,,,,,,,
2025,2,0.0,2025_02_CAR_ARI,Carolina Panthers,Bryce Young,QB,00-0039150,1.0,45.71,255.1,1.73,1.0,3.61,12.0,0.12,0.0,0.0,0.0,0.0,0.1165,72.0,47.2,22.86,300.9,94.9,2.470378672026739,0.6583297957807983,1.1800637689969606,1.0,1.0,bryce young,bryceyoung,byoung,Carolina Panthers,00-0039150,65.0,328.0,3.0,1.0,0.0,0.0,0.0,0.0,0.0,0.0,0.0,B.Young,CAR,team_norm & _alias_init_last,-19.29,-72.9,-1.27,0.0,3.61,12.0,0.12,0.0,0.0,0.0,0.0
2025,2,0.0,2025_02_CAR_ARI,Carolina Panthers,Andy Dalton,QB,00-0027973,1.0,0.0,0.0,0.0,0.0,3.61,12.7,0.12,0.0,0.0,0.0,0.0,0.113,72.0,47.2,22.86,300.9,94.9,2.470378672026739,0.6583297957807983,1.1800637689969606,1.0,1.0,andy dalton,andydalton,adalton,Carolina Panthers,00-0027973,,,,,,,,,,,,,,,,,,,,,,,,,
2025,2,0.0,2025_02_CAR_ARI,Carolina Panthers,Chuba Hubbard,RB,00-0036555,1.0,0.0,0.0,0.0,0.0,11.74,40.7,0.33,6.25,4.88,27.0,0.33,0.479,72.0,47.2,22.86,300.9,94.9,2.470378672026739,0.6583297957807983,1.1800637689969606,1.0,1.0,chuba hubbard,chubahubbard,chubbard,Carolina Panthers,00-0036555,0.0,0.0,0.0,0.0,11.0,38.0,0.0,7.0,5.0,39.0,1.0,C.Hubbard,CAR,team_norm & _alias_init_last,0.0,0.0,0.0,0.0,0.7400000000000002,2.700000000000003,0.33,-0.75,-0.1200000000000001,-12.0,-0.6699999999999999
2025,2,0.0,2025_02_CAR_ARI,Carolina Panthers,Rico Dowdle,RB,00-0036139,1.0,0.0,0.0,0.0,0.0,3.54,11.7,0.11,3.7,2.96,16.2,0.2,0.2689,72.0,47.2,22.86,300.9,94.9,2.470378672026739,0.6583297957807983,1.1800637689969606,1.0,1.0,rico dowdle,ricodowdle,rdowdle,Carolina Panthers,00-0036139,0.0,0.0,0.0,0.0,7.0,9.0,0.0,1.0,1.0,10.0,0.0,R.Dowdle,CAR,team_norm & _alias_init_last,0.0,0.0,0.0,0.0,-3.46,2.6999999999999993,0.11,2.7,1.96,6.199999999999999,0.2
2025,2,0.0,2025_02_CAR_ARI,Carolina Panthers,Trevor Etienne,RB,00-0040644,1.0,0.0,0.0,0.0,0.0,0.36,1.3,0.0,0.0,0.0,0.0,0.0,0.0,72.0,47.2,22.86,300.9,94.9,2.470378672026739,0.6583297957807983,1.1800637689969606,1.0,1.0,trevor etienne,trevoretienne,tetienne,Carolina Panthers,00-0040644,0.0,0.0,0.0,0.0,0.0,0.0,0.0,1.0,1.0,2.0,0.0,T.Etienne,CAR,team_norm & _alias_init_last,0.0,0.0,0.0,0.0,0.36,1.3,0.0,-1.0,-1.0,-2.0,0.0
2025,2,0.0,2025_02_CAR_ARI,Carolina Panthers,Ja'Tavion Sanders,TE,00-0039356,1.0,0.0,0.0,0.0,0.0,0.0,0.0,0.0,7.75,6.4,42.1,0.39,0.3237,72.0,47.2,22.86,300.9,94.9,2.470378672026739,0.6583297957807983,1.1800637689969606,1.0,1.0,ja'tavion sanders,jatavionsanders,jsanders,Carolina Panthers,00-0039356,0.0,0.0,0.0,0.0,0.0,0.0,0.0,10.0,7.0,54.0,0.0,J.Sanders,CAR,team_norm & _alias_init_last,0.0,0.0,0.0,0.0,0.0,0.0,0.0,-2.25,-0.5999999999999996,-11.899999999999999,0.39
2025,2,0.0,2025_02_CAR_ARI,Carolina Panthers,Tommy Tremble,TE,00-0037005,1.0,0.0,0.0,0.0,0.0,0.0,0.0,0.0,3.73,2.86,19.3,0.18,0.1657,72.0,47.2,22.86,300.9,94.9,2.470378672026739,0.6583297957807983,1.1800637689969606,1.0,1.0,tommy tremble,tommytremble,ttremble,Carolina Panthers,00-0037005,0.0,0.0,0.0,0.0,0.0,0.0,0.0,3.0,3.0,20.0,0.0,T.Tremble,CAR,team_norm & _alias_init_last,0.0,0.0,0.0,0.0,0.0,0.0,0.0,0.73,-0.14000000000000012,-0.6999999999999993,0.18
2025,2,0.0,2025_02_CAR_ARI,Carolina Panthers,Dominique Dafney,TE,00-0036456,1.0,0.0,0.0,0.0,0.0,0.0,0.0,0.0,0.0,0.0,0.0,0.0,0.0,72.0,47.2,22.86,300.9,94.9,2.470378672026739,0.6583297957807983,1.1800637689969606,0.0,0.0,dominique dafney,dominiquedafney,ddafney,Carolina Panthers,00-0036456,,,,,,,,,,,,,,,,,,,,,,,,,
2025,2,0.0,2025_02_CAR_ARI,Carolina Panthers,Mitchell Evans,TE,00-0040187,1.0,0.0,0.0,0.0,0.0,0.0,0.0,0.0,0.0,0.0,0.0,0.0,0.0,72.0,47.2,22.86,300.9,94.9,2.470378672026739,0.6583297957807983,1.1800637689969606,1.0,1.0,mitchell evans,mitchellevans,mevans,Carolina Panthers,00-0040187,0.0,0.0,0.0,0.0,0.0,0.0,0.0,1.0,1.0,9.0,0.0,M.Evans,CAR,team_norm & _alias_init_last,0.0,0.0,0.0,0.0,0.0,0.0,0.0,-1.0,-1.0,-9.0,0.0
2025,2,0.0,2025_02_CAR_ARI,Carolina Panthers,Tetairoa McMillan,WR,00-0040124,1.0,0.0,0.0,0.0,0.0,0.0,0.0,0.0,11.54,6.4,62.2,0.57,0.4345,72.0,47.2,22.86,300.9,94.9,2.470378672026739,0.6583297957807983,1.1800637689969606,1.0,1.0,tetairoa mcmillan,tetairoamcmillan,tmcmillan,Carolina Panthers,00-0040124,0.0,0.0,0.0,0.0,0.0,0.0,0.0,11.0,6.0,100.0,0.0,T.McMillan,CAR,team_norm & _alias_init_last,0.0,0.0,0.0,0.0,0.0,0.0,0.0,0.5399999999999991,0.40000000000000036,-37.8,0.57
2025,2,0.0,2025_02_CAR_ARI,Carolina Panthers,Xavier Legette,WR,00-0039342,1.0,0.0,0.0,0.0,0.0,0.0,0.0,0.0,8.19,4.33,41.1,0.42,0.3451,72.0,47.2,22.86,300.9,94.9,2.470378672026739,0.6583297957807983,1.1800637689969606,1.0,1.0,xavier legette,xavierlegette,xlegette,Carolina Panthers,00-0039342,0.0,0.0,0.0,0.0,1.0,0.0,0.0,8.0,1.0,-2.0,0.0,X.Legette,CAR,team_norm & _alias_init_last,0.0,0.0,0.0,0.0,-1.0,0.0,0.0,0.1899999999999995,3.33,43.1,0.42
2025,2,0.0,2025_02_CAR_ARI,Carolina Panthers,Hunter Renfrow,WR,00-0034983,1.0,0.0,0.0,0.0,0.0,0.0,0.0,0.0,6.0,3.64,29.5,0.3,0.2613,72.0,47.2,22.86,300.9,94.9,2.470378672026739,0.6583297957807983,1.1800637689969606,1.0,1.0,hunter renfrow,hunterrenfrow,hrenfrow,Carolina Panthers,00-0034983,0.0,0.0,0.0,0.0,0.0,0.0,0.0,10.0,7.0,48.0,2.0,H.Renfrow,CAR,team_norm & _alias_init_last,0.0,0.0,0.0,0.0,0.0,0.0,0.0,-4.0,-3.36,-18.5,-1.7
2025,2,0.0,2025_02_CAR_ARI,Carolina Panthers,Brycen Tremayne,WR,00-0038840,1.0,0.0,0.0,0.0,0.0,0.0,0.0,0.0,0.0,0.0,0.0,0.0,0.0,72.0,47.2,22.86,300.9,94.9,2.470378672026739,0.6583297957807983,1.1800637689969606,1.0,1.0,brycen tremayne,brycentremayne,btremayne,Carolina Panthers,00-0038840,0.0,0.0,0.0,0.0,0.0,0.0,0.0,5.0,3.0,48.0,0.0,B.Tremayne,CAR,team_norm & _alias_init_last,0.0,0.0,0.0,0.0,0.0,0.0,0.0,-5.0,-3.0,-48.0,0.0
2025,2,0.0,2025_02_CAR_ARI,Carolina Panthers,Dan Chisena,WR,00-0035976,1.0,0.0,0.0,0.0,0.0,0.0,0.0,0.0,0.0,0.0,0.0,0.0,0.0,72.0,47.2,22.86,300.9,94.9,2.470378672026739,0.6583297957807983,1.1800637689969606,0.0,0.0,dan chisena,danchisena,dchisena,Carolina Panthers,00-0035976,,,,,,,,,,,,,,,,,,,,,,,,,
2025,2,0.0,2025_02_CAR_ARI,Carolina Panthers,David Moore,WR,00-0033589,1.0,0.0,0.0,0.0,0.0,0.0,0.0,0.0,0.0,0.0,0.0,0.0,0.0,72.0,47.2,22.86,300.9,94.9,2.470378672026739,0.6583297957807983,1.1800637689969606,1.0,1.0,david moore,davidmoore,dmoore,Carolina Panthers,00-0033589,0.0,0.0,0.0,0.0,0.0,0.0,0.0,6.0,5.0,46.0,0.0,D.Moore,CHI,_alias_init_last,0.0,0.0,0.0,0.0,0.0,0.0,0.0,-6.0,-5.0,-46.0,0.0
2025,2,0.0,2025_02_CHI_DET,Chicago Bears,Caleb Williams,QB,00-0035857,1.0,47.48,266.3,1.67,1.19,8.05,25.0,0.22,0.0,0.0,0.0,0.0,0.1004,72.0,47.48,22.57,266.3,82.5,1.672305277460583,0.5583053799558844,1.1869398681013537,1.0,1.0,caleb williams,calebwilliams,cwilliams,Chicago Bears,00-0035857,40.0,207.0,2.0,1.0,3.0,8.0,0.0,0.0,0.0,0.0,0.0,C.Williams,CHI,team_norm & _alias_init_last,7.479999999999997,59.30000000000001,-0.33000000000000007,0.18999999999999995,5.050000000000001,17.0,0.22,0.0,0.0,0.0,0.0
2025,2,0.0,2025_02_CHI_DET,Chicago Bears,D'Andre Swift,RB,00-0036275,1.0,0.0,0.0,0.0,0.0,12.1,37.1,0.27,6.04,4.6,23.2,0.21,0.3786,72.0,47.48,22.57,266.3,82.5,1.672305277460583,0.5583053799558844,1.1869398681013537,1.0,1.0,d'andre swift,dandreswift,dswift,Chicago Bears,00-0036275,0.0,0.0,0.0,0.0,12.0,63.0,1.0,3.0,3.0,6.0,0.0,D.Swift,CHI,team_norm & _alias_init_last,0.0,0.0,0.0,0.0,0.09999999999999964,-25.9,-0.73,3.04,1.5999999999999996,17.2,0.21
2025,2,0.0,2025_02_CHI_DET,Chicago Bears,Kyle Monangai,RB,00-0040236,1.0,0.0,0.0,0.0,0.0,2.42,7.3,0.1,2.49,1.6,10.7,0.09,0.1695,72.0,47.48,22.57,266.3,82.5,1.672305277460583,0.5583053799558844,1.1869398681013537,1.0,1.0,kyle monangai,kylemonangai,kmonangai,Chicago Bears,00-0040236,0.0,0.0,0.0,0.0,7.0,28.0,0.0,3.0,1.0,8.0,0.0,K.Monangai,CHI,team_norm & _alias_init_last,0.0,0.0,0.0,0.0,-4.58,-20.7,0.1,-0.5099999999999998,0.6000000000000001,2.6999999999999993,0.09
2025,2,0.0,2025_02_CHI_DET,Chicago Bears,Roschon Johnson,RB,00-0039021,1.0,0.0,0.0,0.0,0.0,0.0,0.0,0.0,0.0,0.0,0.0,0.0,0.0,72.0,47.48,22.57,266.3,82.5,1.672305277460583,0.5583053799558844,1.1869398681013537,1.0,1.0,roschon johnson,roschonjohnson,rjohnson,Chicago Bears,00-0039021,,,,,,,,,,,,,,,,,,,,,,,,,
2025,2,0.0,2025_02_CHI_DET,Chicago Bears,Cole Kmet,TE,00-0036290,1.0,0.0,0.0,0.0,0.0,0.0,0.0,0.0,8.89,7.48,36.1,0.29,0.2535,72.0,47.48,22.57,266.3,82.5,1.672305277460583,0.5583053799558844,1.1869398681013537,1.0,1.0,cole kmet,colekmet,ckmet,Chicago Bears,00-0036290,0.0,0.0,0.0,0.0,0.0,0.0,0.0,2.0,2.0,29.0,0.0,C.Kmet,CHI,team_norm & _alias_init_last,0.0,0.0,0.0,0.0,0.0,0.0,0.0,6.890000000000001,5.48,7.100000000000001,0.29
2025,2,0.0,2025_02_CHI_DET,Chicago Bears,Colston Loveland,TE,00-0040126,1.0,0.0,0.0,0.0,0.0,0.0,0.0,0.0,4.67,3.62,21.0,0.16,0.145,72.0,47.48,22.57,266.3,82.5,1.672305277460583,0.5583053799558844,1.1869398681013537,1.0,1.0,colston loveland,colstonloveland,cloveland,Chicago Bears,00-0040126,0.0,0.0,0.0,0.0,0.0,0.0,0.0,1.0,0.0,0.0,0.0,C.Loveland,CHI,team_norm & _alias_init_last,0.0,0.0,0.0,0.0,0.0,0.0,0.0,3.67,3.62,21.0,0.16
2025,2,0.0,2025_02_CHI_DET,Chicago Bears,Durham Smythe,TE,00-0034798,1.0,0.0,0.0,0.0,0.0,0.0,0.0,0.0,0.0,0.0,0.0,0.0,0.0,72.0,47.48,22.57,266.3,82.5,1.672305277460583,0.5583053799558844,1.1869398681013537,1.0,1.0,durham smythe,durhamsmythe,dsmythe,Chicago Bears,00-0034798,,,,,,,,,,,,,,,,,,,,,,,,,
2025,2,0.0,2025_02_CHI_DET,Chicago Bears,Rome Odunze,WR,00-0039919,1.0,0.0,0.0,0.0,0.0,0.0,0.0,0.0,10.82,5.37,54.9,0.37,0.3087,72.0,47.48,22.57,266.3,82.5,1.672305277460583,0.5583053799558844,1.1869398681013537,1.0,1.0,rome odunze,romeodunze,rodunze,Chicago Bears,00-0039919,0.0,0.0,0.0,0.0,0.0,0.0,0.0,13.0,7.0,128.0,2.0,R.Odunze,CHI,team_norm & _alias_init_last,0.0,0.0,0.0,0.0,0.0,0.0,0.0,-2.1799999999999997,-1.63,-73.1,-1.63
2025,2,0.0,2025_02_CHI_DET,Chicago Bears,Olamide Zaccheaus,WR,00-0035208,1.0,0.0,0.0,0.0,0.0,0.0,0.0,0.0,6.98,4.1,32.4,0.24,0.2104,72.0,47.48,22.57,266.3,82.5,1.672305277460583,0.5583053799558844,1.1869398681013537,1.0,1.0,olamide zaccheaus,olamidezaccheaus,ozaccheaus,Chicago Bears,00-0035208,0.0,0.0,0.0,0.0,1.0,9.0,0.0,5.0,2.0,12.0,0.0,O.Zaccheaus,CHI,team_norm & _alias_init_last,0.0,0.0,0.0,0.0,-1.0,-9.0,0.0,1.9800000000000004,2.0999999999999996,20.4,0.24
2025,2,0.0,2025_02_CHI_DET,Chicago Bears,DJ Moore,WR,00-0034827,1.0,0.0,0.0,0.0,0.0,0.0,0.0,0.0,7.09,4.18,30.0,0.23,0.206,72.0,47.48,22.57,266.3,82.5,1.672305277460583,0.5583053799558844,1.1869398681013537,1.0,1.0,dj moore,djmoore,dmoore,Chicago Bears,00-0034827,0.0,0.0,0.0,0.0,0.0,0.0,0.0,6.0,5.0,46.0,0.0,D.Moore,CHI,team_norm & _alias_init_last,0.0,0.0,0.0,0.0,0.0,0.0,0.0,1.0899999999999999,-0.8200000000000003,-16.0,0.23
2025,2,0.0,2025_02_CHI_DET,Chicago Bears,Luther Burden III,WR,00-0040735,1.0,0.0,0.0,0.0,0.0,0.0,0.0,0.0,0.49,0.33,2.5,0.02,0.0159,72.0,47.48,22.57,266.3,82.5,1.672305277460583,0.5583053799558844,1.1869398681013537,1.0,1.0,luther burden iii,lutherburdeniii,lburden,Chicago Bears,00-0040735,0.0,0.0,0.0,0.0,0.0,0.0,0.0,3.0,1.0,5.0,0.0,L.Burden,CHI,team_norm & _alias_init_last,0.0,0.0,0.0,0.0,0.0,0.0,0.0,-2.51,-0.6699999999999999,-2.5,0.02
2025,2,0.0,2025_02_CHI_DET,Chicago Bears,Devin Duvernay,WR,00-0036331,1.0,0.0,0.0,0.0,0.0,0.0,0.0,0.0,0.0,0.0,0.0,0.0,0.0,72.0,47.48,22.57,266.3,82.5,1.672305277460583,0.5583053799558844,1.1869398681013537,1.0,1.0,devin duvernay,devinduvernay,dduvernay,Chicago Bears,00-0036331,,,,,,,,,,,,,,,,,,,,,,,,,
2025,2,0.0,2025_02_CHI_DET,Detroit Lions,Jared Goff,QB,00-0033106,1.0,44.29,273.1,2.55,0.93,1.62,5.7,0.11,0.0,0.0,0.0,0.0,0.1064,72.0,43.77,24.0,294.9,105.4,3.1274961344223926,1.2155173496686262,1.094253166368515,1.0,1.0,jared goff,jaredgoff,jgoff,Detroit Lions,00-0033106,30.0,334.0,5.0,0.0,0.0,0.0,0.0,0.0,0.0,0.0,0.0,J.Goff,DET,team_norm & _alias_init_last,14.29,-60.89999999999998,-2.45,0.93,1.62,5.7,0.11,0.0,0.0,0.0,0.0
2025,2,0.0,2025_02_CHI_DET,Detroit Lions,Kyle Allen,QB,00-0034577,1.0,0.0,0.0,0.0,0.0,1.62,5.9,0.1,0.0,0.0,0.0,0.0,0.0942,72.0,43.77,24.0,294.9,105.4,3.1274961344223926,1.2155173496686262,1.094253166368515,1.0,1.0,kyle allen,kyleallen,kallen,Detroit Lions,00-0034577,0.0,0.0,0.0,0.0,0.0,0.0,0.0,7.0,5.0,61.0,1.0,K.Allen,LAC,_alias_init_last,0.0,0.0,0.0,0.0,1.62,5.9,0.1,-7.0,-5.0,-61.0,-1.0
2025,2,0.0,2025_02_CHI_DET,Detroit Lions,Jahmyr Gibbs,RB,00-0039139,1.0,0.0,0.0,0.0,0.0,11.53,41.8,0.82,7.82,6.19,38.0,0.58,0.7524,72.0,43.77,24.0,294.9,105.4,3.1274961344223926,1.2155173496686262,1.094253166368515,1.0,1.0,jahmyr gibbs,jahmyrgibbs,jgibbs,Detroit Lions,00-0039139,0.0,0.0,0.0,0.0,12.0,94.0,1.0,3.0,3.0,10.0,0.0,J.Gibbs,DET,team_norm & _alias_init_last,0.0,0.0,0.0,0.0,-0.47000000000000064,-52.2,-0.18000000000000005,4.82,3.1900000000000004,28.0,0.58
2025,2,0.0,2025_02_CHI_DET,Detroit Lions,David Montgomery,RB,00-0035685,1.0,0.0,0.0,0.0,0.0,9.22,32.8,0.3,3.66,3.0,17.8,0.25,0.4224,72.0,43.77,24.0,294.9,105.4,3.1274961344223926,1.2155173496686262,1.094253166368515,1.0,1.0,david montgomery,davidmontgomery,dmontgomery,Detroit Lions,00-0035685,0.0,0.0,0.0,0.0,11.0,57.0,1.0,1.0,1.0,4.0,0.0,D.Montgomery,DET,team_norm & _alias_init_last,0.0,0.0,0.0,0.0,-1.7799999999999994,-24.200000000000003,-0.7,2.66,2.0,13.8,0.25
2025,2,0.0,2025_02_CHI_DET,Detroit Lions,Jacob Saylors,RB,00-0038896,1.0,0.0,0.0,0.0,0.0,0.0,0.0,0.0,0.01,0.01,0.1,0.0,0.0,72.0,43.77,24.0,294.9,105.4,3.1274961344223926,1.2155173496686262,1.094253166368515,1.0,1.0,jacob saylors,jacobsaylors,jsaylors,Detroit Lions,00-0038896,,,,,,,,,,,,,,,,,,,,,,,,,
2025,2,0.0,2025_02_CHI_DET,Detroit Lions,Sam LaPorta,TE,00-0039065,1.0,0.0,0.0,0.0,0.0,0.0,0.0,0.0,9.63,7.87,48.2,0.65,0.4762,72.0,43.77,24.0,294.9,105.4,3.1274961344223926,1.2155173496686262,1.094253166368515,1.0,1.0,sam laporta,samlaporta,slaporta,Detroit Lions,00-0039065,0.0,0.0,0.0,0.0,0.0,0.0,0.0,4.0,3.0,26.0,0.0,S.LaPorta,DET,team_norm & _alias_init_last,0.0,0.0,0.0,0.0,0.0,0.0,0.0,5.630000000000001,4.87,22.200000000000003,0.65
2025,2,0.0,2025_02_CHI_DET,Detroit Lions,Brock Wright,TE,00-0036754,1.0,0.0,0.0,0.0,0.0,0.0,0.0,0.0,4.81,3.93,25.5,0.33,0.2786,72.0,43.77,24.0,294.9,105.4,3.1274961344223926,1.2155173496686262,1.094253166368515,1.0,1.0,brock wright,brockwright,bwright,Detroit Lions,00-0036754,0.0,0.0,0.0,0.0,0.0,0.0,0.0,3.0,3.0,28.0,1.0,B.Wright,DET,team_norm & _alias_init_last,0.0,0.0,0.0,0.0,0.0,0.0,0.0,1.8099999999999996,0.9300000000000002,-2.5,-0.6699999999999999
2025,2,0.0,2025_02_CHI_DET,Detroit Lions,Anthony Firkser,TE,00-0033455,1.0,0.0,0.0,0.0,0.0,0.0,0.0,0.0,0.02,0.01,0.1,0.0,0.0011,72.0,43.77,24.0,294.9,105.4,3.1274961344223926,1.2155173496686262,1.094253166368515,0.0,0.0,anthony firkser,anthonyfirkser,afirkser,Detroit Lions,00-0033455,,,,,,,,,,,,,,,,,,,,,,,,,
2025,2,0.0,2025_02_CHI_DET,Detroit Lions,Giovanni Ricci,TE,00-0035956,1.0,0.0,0.0,0.0,0.0,0.0,0.0,0.0,0.02,0.01,0.1,0.0,0.0011,72.0,43.77,24.0,294.9,105.4,3.1274961344223926,1.2155173496686262,1.094253166368515,0.0,0.0,giovanni ricci,giovanniricci,gricci,Detroit Lions,00-0035956,,,,,,,,,,,,,,,,,,,,,,,,,
2025,2,0.0,2025_02_CHI_DET,Detroit Lions,Shane Zylstra,TE,00-0036534,1.0,0.0,0.0,0.0,0.0,0.0,0.0,0.0,0.02,0.01,0.1,0.0,0.0011,72.0,43.77,24.0,294.9,105.4,3.1274961344223926,1.2155173496686262,1.094253166368515,1.0,1.0,shane zylstra,shanezylstra,szylstra,Detroit Lions,00-0036534,,,,,,,,,,,,,,,,,,,,,,,,,
2025,2,0.0,2025_02_CHI_DET,Detroit Lions,Amon-Ra St. Brown,WR,00-0036963,1.0,0.0,0.0,0.0,0.0,0.0,0.0,0.0,7.46,5.23,34.6,0.52,0.408,72.0,43.77,24.0,294.9,105.4,3.1274961344223926,1.2155173496686262,1.094253166368515,1.0,1.0,amon-ra st. brown,amonrastbrown,astbrown,Detroit Lions,00-0036963,0.0,0.0,0.0,0.0,2.0,7.0,0.0,11.0,9.0,115.0,3.0,A.St. Brown,DET,team_norm & _alias_init_last,0.0,0.0,0.0,0.0,-2.0,-7.0,0.0,-3.54,-3.7699999999999996,-80.4,-2.48
2025,2,0.0,2025_02_CHI_DET,Detroit Lions,Jameson Williams,WR,00-0037240,1.0,0.0,0.0,0.0,0.0,0.0,0.0,0.0,5.98,3.42,29.3,0.39,0.3257,72.0,43.77,24.0,294.9,105.4,3.1274961344223926,1.2155173496686262,1.094253166368515,1.0,1.0,jameson williams,jamesonwilliams,jwilliams,Detroit Lions,00-0037240,0.0,0.0,0.0,0.0,0.0,0.0,0.0,4.0,2.0,108.0,1.0,J.Williams,DET,team_norm & _alias_init_last,0.0,0.0,0.0,0.0,0.0,0.0,0.0,1.9800000000000004,1.42,-78.7,-0.61
2025,2,0.0,2025_02_CHI_DET,Detroit Lions,Kalif Raymond,WR,00-0032464,1.0,0.0,0.0,0.0,0.0,0.0,0.0,0.0,3.85,2.67,18.3,0.26,0.2253,72.0,43.77,24.0,294.9,105.4,3.1274961344223926,1.2155173496686262,1.094253166368515,1.0,1.0,kalif raymond,kalifraymond,kraymond,Detroit Lions,00-0032464,0.0,0.0,0.0,0.0,1.0,9.0,0.0,1.0,1.0,14.0,0.0,K.Raymond,DET,team_norm & _alias_init_last,0.0,0.0,0.0,0.0,-1.0,-9.0,0.0,2.85,1.67,4.300000000000001,0.26
2025,2,0.0,2025_02_CHI_DET,Detroit Lions,Isaac TeSlaa,WR,00-0040669,1.0,0.0,0.0,0.0,0.0,0.0,0.0,0.0,0.45,0.27,3.0,0.03,0.0337,72.0,43.77,24.0,294.9,105.4,3.1274961344223926,1.2155173496686262,1.094253166368515,1.0,1.0,isaac teslaa,isaacteslaa,iteslaa,Detroit Lions,00-0040669,0.0,0.0,0.0,0.0,0.0,0.0,0.0,1.0,1.0,29.0,0.0,I.TeSlaa,DET,team_norm & _alias_init_last,0.0,0.0,0.0,0.0,0.0,0.0,0.0,-0.55,-0.73,-26.0,0.03
2025,2,0.0,2025_02_CHI_DET,Detroit Lions,Andrew Armstrong,WR,00-0040298,1.0,0.0,0.0,0.0,0.0,0.0,0.0,0.0,0.02,0.01,0.2,0.0,0.0017,72.0,43.77,24.0,294.9,105.4,3.1274961344223926,1.2155173496686262,1.094253166368515,0.0,0.0,andrew armstrong,andrewarmstrong,aarmstrong,Detroit Lions,00-0040298,,,,,,,,,,,,,,,,,,,,,,,,,
2025,2,0.0,2025_02_CHI_DET,Detroit Lions,Dominic Lovett,WR,00-0040241,1.0,0.0,0.0,0.0,0.0,0.0,0.0,0.0,0.02,0.01,0.2,0.0,0.0017,72.0,43.77,24.0,294.9,105.4,3.1274961344223926,1.2155173496686262,1.094253166368515,1.0,1.0,dominic lovett,dominiclovett,dlovett,Detroit Lions,00-0040241,,,,,,,,,,,,,,,,,,,,,,,,,
2025,2,0.0,2025_02_CLE_BAL,Baltimore Ravens,Lamar Jackson,QB,00-0034796,1.0,32.15,217.8,1.85,0.63,8.04,27.6,0.33,0.0,0.0,0.0,0.0,0.2836,72.0,29.71,39.53,225.5,195.5,2.2778132814076675,1.4674665864442944,0.7427520550038197,1.0,1.0,lamar jackson,lamarjackson,ljackson,Baltimore Ravens,00-0034796,36.0,225.0,4.0,0.0,1.0,2.0,0.0,0.0,0.0,0.0,0.0,L.Jackson,BAL,team_norm & _alias_init_last,-3.8500000000000014,-7.199999999999989,-2.15,0.63,7.039999999999999,25.6,0.33,0.0,0.0,0.0,0.0
2025,2,0.0,2025_02_CLE_BAL,Baltimore Ravens,Cooper Rush,QB,00-0033662,1.0,0.0,0.0,0.0,0.0,8.04,31.9,0.31,0.0,0.0,0.0,0.0,0.2685,72.0,29.71,39.53,225.5,195.5,2.2778132814076675,1.4674665864442944,0.7427520550038197,1.0,1.0,cooper rush,cooperrush,crush,Baltimore Ravens,00-0033662,,,,,,,,,,,,,,,,,,,,,,,,,
2025,2,0.0,2025_02_CLE_BAL,Baltimore Ravens,Derrick Henry,RB,00-0032764,1.0,0.0,0.0,0.0,0.0,18.16,71.4,0.66,2.93,2.22,15.3,0.23,0.587,72.0,29.71,39.53,225.5,195.5,2.2778132814076675,1.4674665864442944,0.7427520550038197,1.0,1.0,derrick henry,derrickhenry,dhenry,Baltimore Ravens,00-0032764,0.0,0.0,0.0,0.0,11.0,23.0,0.0,0.0,0.0,0.0,0.0,D.Henry,BAL,team_norm & _alias_init_last,0.0,0.0,0.0,0.0,7.16,48.400000000000006,0.66,2.93,2.22,15.3,0.23
2025,2,0.0,2025_02_CLE_BAL,Baltimore Ravens,Justice Hill,RB,00-0034975,1.0,0.0,0.0,0.0,0.0,4.8,19.7,0.24,2.73,2.12,13.4,0.2,0.3585,72.0,29.71,39.53,225.5,195.5,2.2778132814076675,1.4674665864442944,0.7427520550038197,1.0,1.0,justice hill,justicehill,jhill,Baltimore Ravens,00-0034975,0.0,0.0,0.0,0.0,3.0,7.0,0.0,3.0,3.0,18.0,0.0,J.Hill,BAL,team_norm & _alias_init_last,0.0,0.0,0.0,0.0,1.7999999999999998,12.7,0.24,-0.27,-0.8799999999999999,-4.6,0.2
2025,2,0.0,2025_02_CLE_BAL,Baltimore Ravens,Rasheen Ali,RB,00-0039796,1.0,0.0,0.0,0.0,0.0,0.49,2.2,0.0,0.0,0.0,0.0,0.0,0.0,72.0,29.71,39.53,225.5,195.5,2.2778132814076675,1.4674665864442944,0.7427520550038197,1.0,1.0,rasheen ali,rasheenali,rali,Baltimore Ravens,00-0039796,,,,,,,,,,,,,,,,,,,,,,,,,
2025,2,0.0,2025_02_CLE_BAL,Baltimore Ravens,Mark Andrews,TE,00-0034753,1.0,0.0,0.0,0.0,0.0,0.0,0.0,0.0,4.21,3.13,21.5,0.31,0.2664,72.0,29.71,39.53,225.5,195.5,2.2778132814076675,1.4674665864442944,0.7427520550038197,1.0,1.0,mark andrews,markandrews,mandrews,Baltimore Ravens,00-0034753,0.0,0.0,0.0,0.0,1.0,2.0,0.0,4.0,1.0,2.0,0.0,M.Andrews,BAL,team_norm & _alias_init_last,0.0,0.0,0.0,0.0,-1.0,-2.0,0.0,0.20999999999999996,2.13,19.5,0.31
2025,2,0.0,2025_02_CLE_BAL,Baltimore Ravens,Charlie Kolar,TE,00-0038046,1.0,0.0,0.0,0.0,0.0,0.0,0.0,0.0,3.58,2.96,24.9,0.26,0.2323,72.0,29.71,39.53,225.5,195.5,2.2778132814076675,1.4674665864442944,0.7427520550038197,1.0,1.0,charlie kolar,charliekolar,ckolar,Baltimore Ravens,00-0038046,,,,,,,,,,,,,,,,,,,,,,,,,
2025,2,0.0,2025_02_CLE_BAL,Baltimore Ravens,Baylor Cupp,TE,00-0039316,1.0,0.0,0.0,0.0,0.0,0.0,0.0,0.0,0.0,0.0,0.0,0.0,0.0,72.0,29.71,39.53,225.5,195.5,2.2778132814076675,1.4674665864442944,0.7427520550038197,0.0,0.0,baylor cupp,baylorcupp,bcupp,Baltimore Ravens,00-0039316,,,,,,,,,,,,,,,,,,,,,,,,,
2025,2,0.0,2025_02_CLE_BAL,Baltimore Ravens,Zay Flowers,WR,00-0039064,1.0,0.0,0.0,0.0,0.0,0.0,0.0,0.0,8.26,5.53,49.1,0.58,0.4409,72.0,29.71,39.53,225.5,195.5,2.2778132814076675,1.4674665864442944,0.7427520550038197,1.0,1.0,zay flowers,zayflowers,zflowers,Baltimore Ravens,,0.0,0.0,0.0,0.0,1.0,4.0,0.0,12.0,7.0,75.0,0.0,Z.Flowers,BAL,team_norm & _alias_init_last,0.0,0.0,0.0,0.0,-1.0,-4.0,0.0,-3.74,-1.4699999999999998,-25.9,0.58
2025,2,0.0,2025_02_CLE_BAL,Baltimore Ravens,Rashod Bateman,WR,00-0036550,1.0,0.0,0.0,0.0,0.0,0.0,0.0,0.0,4.19,2.43,24.9,0.3,0.2606,72.0,29.71,39.53,225.5,195.5,2.2778132814076675,1.4674665864442944,0.7427520550038197,1.0,1.0,rashod bateman,rashodbateman,rbateman,Baltimore Ravens,00-0036550,0.0,0.0,0.0,0.0,0.0,0.0,0.0,4.0,2.0,15.0,0.0,R.Bateman,BAL,team_norm & _alias_init_last,0.0,0.0,0.0,0.0,0.0,0.0,0.0,0.1900000000000004,0.43000000000000016,9.899999999999999,0.3
2025,2,0.0,2025_02_CLE_BAL,Baltimore Ravens,DeAndre Hopkins,WR,00-0030564,1.0,0.0,0.0,0.0,0.0,0.0,0.0,0.0,2.37,1.38,12.9,0.17,0.1551,72.0,29.71,39.53,225.5,195.5,2.2778132814076675,1.4674665864442944,0.7427520550038197,1.0,1.0,deandre hopkins,deandrehopkins,dhopkins,Baltimore Ravens,00-0030564,0.0,0.0,0.0,0.0,0.0,0.0,0.0,3.0,2.0,64.0,1.0,D.Hopkins,BAL,team_norm & _alias_init_last,0.0,0.0,0.0,0.0,0.0,0.0,0.0,-0.6299999999999999,-0.6200000000000001,-51.1,-0.83
2025,2,0.0,2025_02_CLE_BAL,Baltimore Ravens,Devontez Walker,WR,00-0039792,1.0,0.0,0.0,0.0,0.0,0.0,0.0,0.0,0.0,0.0,0.0,0.0,0.0,72.0,29.71,39.53,225.5,195.5,2.2778132814076675,1.4674665864442944,0.7427520550038197,1.0,1.0,devontez walker,devontezwalker,dwalker,Baltimore Ravens,00-0039792,0.0,0.0,0.0,0.0,0.0,0.0,0.0,2.0,2.0,26.0,2.0,D.Walker,BAL,team_norm & _alias_init_last,0.0,0.0,0.0,0.0,0.0,0.0,0.0,-2.0,-2.0,-26.0,-2.0
2025,2,0.0,2025_02_CLE_BAL,Baltimore Ravens,LaJohntay Wester,WR,00-0040075,1.0,0.0,0.0,0.0,0.0,0.0,0.0,0.0,0.0,0.0,0.0,0.0,0.0,72.0,29.71,39.53,225.5,195.5,2.2778132814076675,1.4674665864442944,0.7427520550038197,1.0,1.0,lajohntay wester,lajohntaywester,lwester,Baltimore Ravens,00-0040075,,,,,,,,,,,,,,,,,,,,,,,,,
2025,2,0.0,2025_02_CLE_BAL,Baltimore Ravens,Tylan Wallace,WR,00-0036630,1.0,0.0,0.0,0.0,0.0,0.0,0.0,0.0,0.0,0.0,0.0,0.0,0.0,72.0,29.71,39.53,225.5,195.5,2.2778132814076675,1.4674665864442944,0.7427520550038197,1.0,1.0,tylan wallace,tylanwallace,twallace,Baltimore Ravens,00-0036630,0.0,0.0,0.0,0.0,0.0,0.0,0.0,2.0,2.0,25.0,1.0,T.Wallace,BAL,team_norm & _alias_init_last,0.0,0.0,0.0,0.0,0.0,0.0,0.0,-2.0,-2.0,-25.0,-1.0
2025,2,0.0,2025_02_CLE_BAL,Cleveland Browns,Quinshon Judkins,RB,00-0040784,1.0,0.0,0.0,0.0,0.0,8.41,25.5,0.3,5.75,4.25,28.8,0.24,0.4186,72.0,48.02,21.79,269.4,79.6,2.078540666622904,0.485696730517108,1.200463947368421,1.0,1.0,quinshon judkins,quinshonjudkins,qjudkins,Cleveland Browns,00-0040784,0.0,0.0,0.0,0.0,10.0,61.0,0.0,4.0,3.0,10.0,0.0,Q.Judkins,CLE,team_norm & _alias_init_last,0.0,0.0,0.0,0.0,-1.5899999999999999,-35.5,0.3,1.75,1.25,18.8,0.24
2025,2,0.0,2025_02_CLE_BAL,Cleveland Browns,Jerome Ford,RB,00-0037267,1.0,0.0,0.0,0.0,0.0,4.78,14.5,0.1,2.41,1.85,9.7,0.1,0.1789,72.0,48.02,21.79,269.4,79.6,2.078540666622904,0.485696730517108,1.200463947368421,1.0,1.0,jerome ford,jeromeford,jford,Cleveland Browns,00-0037267,0.0,0.0,0.0,0.0,6.0,31.0,0.0,6.0,5.0,23.0,0.0,J.Ford,CLE,team_norm & _alias_init_last,0.0,0.0,0.0,0.0,-1.2199999999999998,-16.5,0.1,-3.59,-3.15,-13.3,0.1
2025,2,0.0,2025_02_CLE_BAL,Cleveland Browns,Dylan Sampson,RB,00-0040162,1.0,0.0,0.0,0.0,0.0,5.26,17.2,0.0,3.79,3.03,18.1,0.17,0.1531,72.0,48.02,21.79,269.4,79.6,2.078540666622904,0.485696730517108,1.200463947368421,1.0,1.0,dylan sampson,dylansampson,dsampson,Cleveland Browns,00-0040162,0.0,0.0,0.0,0.0,4.0,6.0,0.0,3.0,3.0,13.0,1.0,D.Sampson,CLE,team_norm & _alias_init_last,0.0,0.0,0.0,0.0,1.2599999999999998,11.2,0.0,0.79,0.029999999999999805,5.100000000000001,-0.83
2025,2,0.0,2025_02_CLE_BAL,Cleveland Browns,David Njoku,TE,00-0033885,1.0,0.0,0.0,0.0,0.0,0.0,0.0,0.0,7.88,5.7,33.0,0.32,0.2734,72.0,48.02,21.79,269.4,79.6,2.078540666622904,0.485696730517108,1.200463947368421,1.0,1.0,david njoku,davidnjoku,dnjoku,Cleveland Browns,00-0033885,0.0,0.0,0.0,0.0,0.0,0.0,0.0,5.0,4.0,40.0,0.0,D.Njoku,CLE,team_norm & _alias_init_last,0.0,0.0,0.0,0.0,0.0,0.0,0.0,2.88,1.7000000000000002,-7.0,0.32
2025,2,0.0,2025_02_CLE_BAL,Cleveland Browns,Harold Fannin Jr.,TE,00-0040663,1.0,0.0,0.0,0.0,0.0,0.0,0.0,0.0,7.92,5.66,39.8,0.31,0.2638,72.0,48.02,21.79,269.4,79.6,2.078540666622904,0.485696730517108,1.200463947368421,1.0,1.0,harold fannin jr.,haroldfanninjr,hfannin,Cleveland Browns,00-0040663,0.0,0.0,0.0,0.0,0.0,0.0,0.0,5.0,5.0,48.0,0.0,H.Fannin,CLE,team_norm & _alias_init_last,0.0,0.0,0.0,0.0,0.0,0.0,0.0,2.92,0.6600000000000001,-8.200000000000003,0.31
2025,2,0.0,2025_02_CLE_BAL,Cleveland Browns,Blake Whiteheart,TE,00-0038710,1.0,0.0,0.0,0.0,0.0,0.0,0.0,0.0,0.0,0.0,0.0,0.0,0.0,72.0,48.02,21.79,269.4,79.6,2.078540666622904,0.485696730517108,1.200463947368421,1.0,1.0,blake whiteheart,blakewhiteheart,bwhiteheart,Cleveland Browns,00-0038710,,,,,,,,,,,,,,,,,,,,,,,,,
2025,2,0.0,2025_02_CLE_BAL,Cleveland Browns,Caden Prieskorn,TE,00-0040392,1.0,0.0,0.0,0.0,0.0,0.0,0.0,0.0,0.0,0.0,0.0,0.0,0.0,72.0,48.02,21.79,269.4,79.6,2.078540666622904,0.485696730517108,1.200463947368421,0.0,0.0,caden prieskorn,cadenprieskorn,cprieskorn,Cleveland Browns,00-0040392,,,,,,,,,,,,,,,,,,,,,,,,,
2025,2,0.0,2025_02_CLE_BAL,Cleveland Browns,Jerry Jeudy,WR,00-0036407,1.0,0.0,0.0,0.0,0.0,0.0,0.0,0.0,8.97,5.17,39.8,0.36,0.3007,72.0,48.02,21.79,269.4,79.6,2.078540666622904,0.485696730517108,1.200463947368421,1.0,1.0,jerry jeudy,jerryjeudy,jjeudy,Cleveland Browns,00-0036407,0.0,0.0,0.0,0.0,0.0,0.0,0.0,8.0,4.0,51.0,0.0,J.Jeudy,CLE,team_norm & _alias_init_last,0.0,0.0,0.0,0.0,0.0,0.0,0.0,0.9700000000000006,1.17,-11.200000000000003,0.36
2025,2,0.0,2025_02_CLE_BAL,Cleveland Browns,Cedric Tillman,WR,00-0038979,1.0,0.0,0.0,0.0,0.0,0.0,0.0,0.0,7.78,3.92,35.0,0.32,0.2753,72.0,48.02,21.79,269.4,79.6,2.078540666622904,0.485696730517108,1.200463947368421,1.0,1.0,cedric tillman,cedrictillman,ctillman,Cleveland Browns,00-0038979,0.0,0.0,0.0,0.0,0.0,0.0,0.0,7.0,2.0,22.0,1.0,C.Tillman,CLE,team_norm & _alias_init_last,0.0,0.0,0.0,0.0,0.0,0.0,0.0,0.7800000000000002,1.92,13.0,-0.6799999999999999
2025,2,0.0,2025_02_CLE_BAL,Cleveland Browns,Isaiah Bond,WR,00-0040782,1.0,0.0,0.0,0.0,0.0,0.0,0.0,0.0,3.1,1.47,16.6,0.13,0.1192,72.0,48.02,21.79,269.4,79.6,2.078540666622904,0.485696730517108,1.200463947368421,1.0,1.0,isaiah bond,isaiahbond,ibond,Cleveland Browns,00-0040782,0.0,0.0,0.0,0.0,1.0,9.0,0.0,3.0,1.0,6.0,0.0,I.Bond,CLE,team_norm & _alias_init_last,0.0,0.0,0.0,0.0,-1.0,-9.0,0.0,0.10000000000000009,0.47,10.600000000000001,0.13
2025,2,0.0,2025_02_CLE_BAL,Cleveland Browns,Jamari Thrash,WR,00-0039379,1.0,0.0,0.0,0.0,0.0,0.0,0.0,0.0,0.42,0.24,2.5,0.02,0.0173,72.0,48.02,21.79,269.4,79.6,2.078540666622904,0.485696730517108,1.200463947368421,1.0,1.0,jamari thrash,jamarithrash,jthrash,Cleveland Browns,00-0039379,0.0,0.0,0.0,0.0,0.0,0.0,0.0,1.0,1.0,5.0,0.0,J.Thrash,CLE,team_norm & _alias_init_last,0.0,0.0,0.0,0.0,0.0,0.0,0.0,-0.5800000000000001,-0.76,-2.5,0.02
2025,2,0.0,2025_02_CLE_BAL,Cleveland Browns,Chase Cota,WR,00-0038651,1.0,0.0,0.0,0.0,0.0,0.0,0.0,0.0,0.0,0.0,0.0,0.0,0.0,72.0,48.02,21.79,269.4,79.6,2.078540666622904,0.485696730517108,1.200463947368421,0.0,0.0,chase cota,chasecota,ccota,Cleveland Browns,00-0038651,,,,,,,,,,,,,,,,,,,,,,,,,
2025,2,0.0,2025_02_CLE_BAL,Cleveland Browns,DeAndre Carter,WR,00-0031763,1.0,0.0,0.0,0.0,0.0,0.0,0.0,0.0,0.0,0.0,0.0,0.0,0.0,72.0,48.02,21.79,269.4,79.6,2.078540666622904,0.485696730517108,1.200463947368421,1.0,1.0,deandre carter,deandrecarter,dcarter,Cleveland Browns,00-0031763,,,,,,,,,,,,,,,,,,,,,,,,,
2025,2,0.0,2025_02_DEN_IND,Denver Broncos,Adam Prentice,FB,00-0036727,1.0,0.0,0.0,0.0,0.0,0.0,0.0,0.0,0.0,0.0,0.0,0.0,0.0,72.0,44.05,25.3,320.9,120.1,2.319180766233776,0.6062181495070704,1.1011317254149189,1.0,1.0,adam prentice,adamprentice,aprentice,Denver Broncos,00-0036727,,,,,,,,,,,,,,,,,,,,,,,,,
2025,2,0.0,2025_02_DEN_IND,Denver Broncos,Bo Nix,QB,00-0039732,1.0,43.78,270.9,1.88,0.94,5.89,20.5,0.17,0.0,0.0,0.0,0.0,0.1588,72.0,44.05,25.3,320.9,120.1,2.319180766233776,0.6062181495070704,1.1011317254149189,1.0,1.0,bo nix,bonix,bnix,Denver Broncos,00-0039732,36.0,206.0,3.0,1.0,1.0,-1.0,0.0,0.0,0.0,0.0,0.0,B.Nix,DEN,team_norm & _alias_init_last,7.780000000000001,64.89999999999998,-1.12,-0.06000000000000005,4.89,21.5,0.17,0.0,0.0,0.0,0.0
2025,2,0.0,2025_02_DEN_IND,Denver Broncos,J.K. Dobbins,RB,00-0036158,1.0,0.0,0.0,0.0,0.0,13.75,53.0,0.34,4.34,3.38,22.8,0.23,0.4343,72.0,44.05,25.3,320.9,120.1,2.319180766233776,0.6062181495070704,1.1011317254149189,1.0,1.0,j.k. dobbins,jkdobbins,jdobbins,Denver Broncos,00-0036158,0.0,0.0,0.0,0.0,15.0,76.0,1.0,2.0,1.0,9.0,0.0,J.Dobbins,DEN,team_norm & _alias_init_last,0.0,0.0,0.0,0.0,-1.25,-23.0,-0.6599999999999999,2.34,2.38,13.8,0.23
2025,2,0.0,2025_02_DEN_IND,Denver Broncos,RJ Harvey,RB,00-0040730,1.0,0.0,0.0,0.0,0.0,5.66,22.6,0.13,2.53,2.07,13.4,0.14,0.2316,72.0,44.05,25.3,320.9,120.1,2.319180766233776,0.6062181495070704,1.1011317254149189,1.0,1.0,rj harvey,rjharvey,rharvey,Denver Broncos,00-0040730,0.0,0.0,0.0,0.0,5.0,8.0,0.0,2.0,1.0,16.0,0.0,R.Harvey,DEN,team_norm & _alias_init_last,0.0,0.0,0.0,0.0,0.6600000000000001,14.600000000000001,0.13,0.5299999999999998,1.0699999999999998,-2.5999999999999996,0.14
2025,2,0.0,2025_02_DEN_IND,Denver Broncos,Tyler Badie,RB,00-0037085,1.0,0.0,0.0,0.0,0.0,0.0,0.0,0.0,3.3,2.38,19.6,0.17,0.1602,72.0,44.05,25.3,320.9,120.1,2.319180766233776,0.6062181495070704,1.1011317254149189,1.0,1.0,tyler badie,tylerbadie,tbadie,Denver Broncos,00-0037085,0.0,0.0,0.0,0.0,1.0,3.0,0.0,2.0,2.0,19.0,0.0,T.Badie,DEN,team_norm & _alias_init_last,0.0,0.0,0.0,0.0,-1.0,-3.0,0.0,1.2999999999999998,0.3799999999999999,0.6000000000000014,0.17
2025,2,0.0,2025_02_DEN_IND,Denver Broncos,Evan Engram,TE,00-0033881,1.0,0.0,0.0,0.0,0.0,0.0,0.0,0.0,7.47,6.07,37.9,0.35,0.2919,72.0,44.05,25.3,320.9,120.1,2.319180766233776,0.6062181495070704,1.1011317254149189,1.0,1.0,evan engram,evanengram,eengram,Denver Broncos,00-0033881,0.0,0.0,0.0,0.0,0.0,0.0,0.0,2.0,1.0,12.0,0.0,E.Engram,DEN,team_norm & _alias_init_last,0.0,0.0,0.0,0.0,0.0,0.0,0.0,5.47,5.07,25.9,0.35
2025,2,0.0,2025_02_DEN_IND,Denver Broncos,Adam Trautman,TE,00-0036422,1.0,0.0,0.0,0.0,0.0,0.0,0.0,0.0,3.34,2.7,19.2,0.17,0.1564,72.0,44.05,25.3,320.9,120.1,2.319180766233776,0.6062181495070704,1.1011317254149189,1.0,1.0,adam trautman,adamtrautman,atrautman,Denver Broncos,00-0036422,0.0,0.0,0.0,0.0,0.0,0.0,0.0,3.0,3.0,10.0,1.0,A.Trautman,DEN,team_norm & _alias_init_last,0.0,0.0,0.0,0.0,0.0,0.0,0.0,0.33999999999999986,-0.2999999999999998,9.2,-0.83
2025,2,0.0,2025_02_DEN_IND,Denver Broncos,Lucas Krull,TE,00-0037539,1.0,0.0,0.0,0.0,0.0,0.0,0.0,0.0,1.19,0.91,7.5,0.06,0.0556,72.0,44.05,25.3,320.9,120.1,2.319180766233776,0.6062181495070704,1.1011317254149189,1.0,1.0,lucas krull,lucaskrull,lkrull,Denver Broncos,00-0037539,0.0,0.0,0.0,0.0,0.0,0.0,0.0,1.0,0.0,0.0,0.0,L.Krull,DEN,team_norm & _alias_init_last,0.0,0.0,0.0,0.0,0.0,0.0,0.0,0.18999999999999995,0.91,7.5,0.06
2025,2,0.0,2025_02_DEN_IND,Denver Broncos,Courtland Sutton,WR,00-0034348,1.0,0.0,0.0,0.0,0.0,0.0,0.0,0.0,10.13,5.79,56.6,0.51,0.402,72.0,44.05,25.3,320.9,120.1,2.319180766233776,0.6062181495070704,1.1011317254149189,1.0,1.0,courtland sutton,courtlandsutton,csutton,Denver Broncos,00-0034348,0.0,0.0,0.0,0.0,0.0,0.0,0.0,6.0,1.0,6.0,0.0,C.Sutton,DEN,team_norm & _alias_init_last,0.0,0.0,0.0,0.0,0.0,0.0,0.0,4.130000000000001,4.79,50.6,0.51
2025,2,0.0,2025_02_DEN_IND,Denver Broncos,Troy Franklin,WR,00-0039868,1.0,0.0,0.0,0.0,0.0,0.0,0.0,0.0,6.71,3.83,38.5,0.35,0.2937,72.0,44.05,25.3,320.9,120.1,2.319180766233776,0.6062181495070704,1.1011317254149189,1.0,1.0,troy franklin,troyfranklin,tfranklin,Denver Broncos,00-0039868,0.0,0.0,0.0,0.0,1.0,11.0,0.0,9.0,8.0,89.0,1.0,T.Franklin,DEN,team_norm & _alias_init_last,0.0,0.0,0.0,0.0,-1.0,-11.0,0.0,-2.29,-4.17,-50.5,-0.65
2025,2,0.0,2025_02_DEN_IND,Denver Broncos,Marvin Mims Jr.,WR,00-0038976,1.0,0.0,0.0,0.0,0.0,0.0,0.0,0.0,4.35,2.85,23.5,0.21,0.1864,72.0,44.05,25.3,320.9,120.1,2.319180766233776,0.6062181495070704,1.1011317254149189,1.0,1.0,marvin mims jr.,marvinmimsjr,mmims,Denver Broncos,00-0038976,0.0,0.0,0.0,0.0,0.0,0.0,0.0,2.0,2.0,24.0,1.0,M.Mims,DEN,team_norm & _alias_init_last,0.0,0.0,0.0,0.0,0.0,0.0,0.0,2.3499999999999996,0.8500000000000001,-0.5,-0.79
2025,2,0.0,2025_02_DEN_IND,Denver Broncos,Trent Sherfield,WR,,1.0,0.0,0.0,0.0,0.0,0.0,0.0,0.0,0.7,0.42,7.3,0.04,0.0361,72.0,44.05,25.3,320.9,120.1,2.319180766233776,0.6062181495070704,1.1011317254149189,0.0,1.0,trent sherfield,trentsherfield,tsherfield,Denver Broncos,,0.0,0.0,0.0,0.0,0.0,0.0,0.0,1.0,1.0,3.0,0.0,T.Sherfield,DEN,team_norm & _alias_init_last,0.0,0.0,0.0,0.0,0.0,0.0,0.0,-0.30000000000000004,-0.5800000000000001,4.3,0.04
2025,2,0.0,2025_02_DEN_IND,Denver Broncos,Elijah Moore,WR,00-0036980,1.0,0.0,0.0,0.0,0.0,0.0,0.0,0.0,0.0,0.0,0.0,0.0,0.0,72.0,44.05,25.3,320.9,120.1,2.319180766233776,0.6062181495070704,1.1011317254149189,0.0,0.0,elijah moore,elijahmoore,emoore,Denver Broncos,00-0036980,0.0,0.0,0.0,0.0,2.0,6.0,1.0,1.0,1.0,31.0,0.0,E.Moore,BUF,_alias_init_last,0.0,0.0,0.0,0.0,-2.0,-6.0,-1.0,-1.0,-1.0,-31.0,0.0
2025,2,0.0,2025_02_DEN_IND,Denver Broncos,Pat Bryant,WR,00-0040134,1.0,0.0,0.0,0.0,0.0,0.0,0.0,0.0,0.0,0.0,0.0,0.0,0.0,72.0,44.05,25.3,320.9,120.1,2.319180766233776,0.6062181495070704,1.1011317254149189,1.0,1.0,pat bryant,patbryant,pbryant,Denver Broncos,00-0040134,0.0,0.0,0.0,0.0,0.0,0.0,0.0,3.0,2.0,18.0,0.0,P.Bryant,DEN,team_norm & _alias_init_last,0.0,0.0,0.0,0.0,0.0,0.0,0.0,-3.0,-2.0,-18.0,0.0
2025,2,0.0,2025_02_DEN_IND,Indianapolis Colts,Daniel Jones,QB,00-0035710,1.0,34.79,216.6,1.64,0.65,10.39,36.5,0.46,0.0,0.0,0.0,0.0,0.3695,72.0,30.6,38.47,232.2,190.2,2.5037579804517924,1.5249522978145689,0.7648892652552925,1.0,1.0,daniel jones,danieljones,djones,Indianapolis Colts,00-0035710,40.0,316.0,1.0,0.0,4.0,-4.0,1.0,0.0,0.0,0.0,0.0,D.Jones,IND,team_norm & _alias_init_last,-5.210000000000001,-99.4,0.6399999999999999,0.65,6.390000000000001,40.5,-0.54,0.0,0.0,0.0,0.0
2025,2,0.0,2025_02_DEN_IND,Indianapolis Colts,Jonathan Taylor,RB,00-0036223,1.0,0.0,0.0,0.0,0.0,17.78,72.0,0.9,3.81,2.76,21.4,0.31,0.7008,72.0,30.6,38.47,232.2,190.2,2.5037579804517924,1.5249522978145689,0.7648892652552925,1.0,1.0,jonathan taylor,jonathantaylor,jtaylor,Indianapolis Colts,00-0036223,0.0,0.0,0.0,0.0,26.0,165.0,0.0,3.0,2.0,50.0,1.0,J.Taylor,IND,team_norm & _alias_init_last,0.0,0.0,0.0,0.0,-8.219999999999999,-93.0,0.9,0.81,0.7599999999999998,-28.6,-0.69
2025,2,0.0,2025_02_DEN_IND,Indianapolis Colts,DJ Giddens,RB,00-0040179,1.0,0.0,0.0,0.0,0.0,9.88,46.6,0.3,1.44,1.09,11.5,0.12,0.3457,72.0,30.6,38.47,232.2,190.2,2.5037579804517924,1.5249522978145689,0.7648892652552925,1.0,1.0,dj giddens,djgiddens,dgiddens,Indianapolis Colts,00-0040179,0.0,0.0,0.0,0.0,0.0,0.0,0.0,1.0,0.0,0.0,0.0,D.Giddens,IND,team_norm & _alias_init_last,0.0,0.0,0.0,0.0,9.88,46.6,0.3,0.43999999999999995,1.09,11.5,0.12
2025,2,0.0,2025_02_DEN_IND,Indianapolis Colts,Ulysses Bentley IV,RB,00-0040476,1.0,0.0,0.0,0.0,0.0,0.42,2.0,0.0,0.0,0.0,0.0,0.0,0.0,72.0,30.6,38.47,232.2,190.2,2.5037579804517924,1.5249522978145689,0.7648892652552925,1.0,1.0,ulysses bentley iv,ulyssesbentleyiv,ubentley,Indianapolis Colts,00-0040476,,,,,,,,,,,,,,,,,,,,,,,,,
2025,2,0.0,2025_02_DEN_IND,Indianapolis Colts,Tyler Warren,TE,00-0040128,1.0,0.0,0.0,0.0,0.0,0.0,0.0,0.0,6.23,4.51,38.6,0.49,0.3903,72.0,30.6,38.47,232.2,190.2,2.5037579804517924,1.5249522978145689,0.7648892652552925,1.0,1.0,tyler warren,tylerwarren,twarren,Indianapolis Colts,00-0040128,0.0,0.0,0.0,0.0,1.0,0.0,0.0,7.0,4.0,79.0,0.0,T.Warren,IND,team_norm & _alias_init_last,0.0,0.0,0.0,0.0,-1.0,0.0,0.0,-0.7699999999999996,0.5099999999999998,-40.4,0.49
2025,2,0.0,2025_02_DEN_IND,Indianapolis Colts,Mo Alie-Cox,TE,00-0033217,1.0,0.0,0.0,0.0,0.0,0.0,0.0,0.0,2.27,1.64,14.0,0.18,0.1676,72.0,30.6,38.47,232.2,190.2,2.5037579804517924,1.5249522978145689,0.7648892652552925,1.0,1.0,mo alie-cox,moaliecox,maliecox,Indianapolis Colts,00-0033217,0.0,0.0,0.0,0.0,0.0,0.0,0.0,1.0,1.0,8.0,0.0,M.Alie-Cox,IND,team_norm & _alias_init_last,0.0,0.0,0.0,0.0,0.0,0.0,0.0,1.27,0.6399999999999999,6.0,0.18
2025,2,0.0,2025_02_DEN_IND,Indianapolis Colts,Andrew Ogletree,TE,00-0037292,1.0,0.0,0.0,0.0,0.0,0.0,0.0,0.0,0.0,0.0,0.0,0.0,0.0,72.0,30.6,38.47,232.2,190.2,2.5037579804517924,1.5249522978145689,0.7648892652552925,1.0,1.0,andrew ogletree,andrewogletree,aogletree,Indianapolis Colts,00-0037292,,,,,,,,,,,,,,,,,,,,,,,,,
2025,2,0.0,2025_02_DEN_IND,Indianapolis Colts,Michael Pittman,WR,00-0036252,1.0,0.0,0.0,0.0,0.0,0.0,0.0,0.0,7.19,4.77,39.6,0.55,0.4229,72.0,30.6,38.47,232.2,190.2,2.5037579804517924,1.5249522978145689,0.7648892652552925,1.0,1.0,michael pittman,michaelpittman,mpittman,Indianapolis Colts,00-0036252,0.0,0.0,0.0,0.0,0.0,0.0,0.0,5.0,4.0,40.0,0.0,M.Pittman,IND,team_norm & _alias_init_last,0.0,0.0,0.0,0.0,0.0,0.0,0.0,2.1900000000000004,0.7699999999999996,-0.3999999999999986,0.55
2025,2,0.0,2025_02_DEN_IND,Indianapolis Colts,Alec Pierce,WR,00-0037664,1.0,0.0,0.0,0.0,0.0,0.0,0.0,0.0,4.08,2.04,22.1,0.3,0.2618,72.0,30.6,38.47,232.2,190.2,2.5037579804517924,1.5249522978145689,0.7648892652552925,1.0,1.0,alec pierce,alecpierce,apierce,Indianapolis Colts,00-0037664,0.0,0.0,0.0,0.0,0.0,0.0,0.0,5.0,4.0,68.0,0.0,A.Pierce,IND,team_norm & _alias_init_last,0.0,0.0,0.0,0.0,0.0,0.0,0.0,-0.9199999999999999,-1.96,-45.9,0.3
2025,2,0.0,2025_02_DEN_IND,Indianapolis Colts,Josh Downs,WR,00-0038997,1.0,0.0,0.0,0.0,0.0,0.0,0.0,0.0,3.16,1.96,15.9,0.24,0.2161,72.0,30.6,38.47,232.2,190.2,2.5037579804517924,1.5249522978145689,0.7648892652552925,1.0,1.0,josh downs,joshdowns,jdowns,Indianapolis Colts,00-0038997,0.0,0.0,0.0,0.0,0.0,0.0,0.0,8.0,6.0,51.0,0.0,J.Downs,IND,team_norm & _alias_init_last,0.0,0.0,0.0,0.0,0.0,0.0,0.0,-4.84,-4.04,-35.1,0.24
2025,2,0.0,2025_02_DEN_IND,Indianapolis Colts,Adonai Mitchell,WR,,1.0,0.0,0.0,0.0,0.0,0.0,0.0,0.0,1.12,0.68,12.1,0.09,0.0873,72.0,30.6,38.47,232.2,190.2,2.5037579804517924,1.5249522978145689,0.7648892652552925,0.0,1.0,adonai mitchell,adonaimitchell,amitchell,Indianapolis Colts,,0.0,0.0,0.0,0.0,0.0,0.0,0.0,4.0,2.0,20.0,0.0,A.Mitchell,IND,team_norm & _alias_init_last,0.0,0.0,0.0,0.0,0.0,0.0,0.0,-2.88,-1.3199999999999998,-7.9,0.09
2025,2,0.0,2025_02_DEN_IND,Indianapolis Colts,Ajou Ajou,WR,00-0039957,1.0,0.0,0.0,0.0,0.0,0.0,0.0,0.0,0.0,0.0,0.0,0.0,0.0,72.0,30.6,38.47,232.2,190.2,2.5037579804517924,1.5249522978145689,0.7648892652552925,0.0,0.0,ajou ajou,ajouajou,aajou,Indianapolis Colts,00-0039957,,,,,,,,,,,,,,,,,,,,,,,,,
2025,2,0.0,2025_02_DEN_IND,Indianapolis Colts,Anthony Gould,WR,00-0039816,1.0,0.0,0.0,0.0,0.0,0.0,0.0,0.0,0.0,0.0,0.0,0.0,0.0,72.0,30.6,38.47,232.2,190.2,2.5037579804517924,1.5249522978145689,0.7648892652552925,1.0,1.0,anthony gould,anthonygould,agould,Indianapolis Colts,00-0039816,,,,,,,,,,,,,,,,,,,,,,,,,
2025,2,0.0,2025_02_DEN_IND,Indianapolis Colts,Ashton Dulin,WR,00-0035021,1.0,0.0,0.0,0.0,0.0,0.0,0.0,0.0,0.0,0.0,0.0,0.0,0.0,72.0,30.6,38.47,232.2,190.2,2.5037579804517924,1.5249522978145689,0.7648892652552925,1.0,1.0,ashton dulin,ashtondulin,adulin,Indianapolis Colts,00-0035021,,,,,,,,,,,,,,,,,,,,,,,,,
2025,2,0.0,2025_02_JAX_CIN,Cincinnati Bengals,Joe Burrow,QB,00-0036442,1.0,36.93,226.4,1.89,0.66,2.41,8.5,0.11,0.0,0.0,0.0,0.0,0.1022,59.34,30.93,26.25,222.0,122.7,2.186811846071765,0.7826750599363663,0.7733673148468965,1.0,1.0,joe burrow,joeburrow,jburrow,Cincinnati Bengals,00-0036442,17.0,76.0,1.0,0.0,0.0,0.0,0.0,0.0,0.0,0.0,0.0,J.Burrow,CIN,team_norm & _alias_init_last,19.93,150.4,0.8899999999999999,0.66,2.41,8.5,0.11,0.0,0.0,0.0,0.0
2025,2,0.0,2025_02_JAX_CIN,Cincinnati Bengals,Jake Browning,QB,00-0035100,1.0,0.0,0.0,0.0,0.0,2.41,9.3,0.1,0.0,0.0,0.0,0.0,0.0922,59.34,30.93,26.25,222.0,122.7,2.186811846071765,0.7826750599363663,0.7733673148468965,1.0,1.0,jake browning,jakebrowning,jbrowning,Cincinnati Bengals,00-0035100,34.0,241.0,2.0,3.0,2.0,1.0,1.0,0.0,0.0,0.0,0.0,J.Browning,CIN,team_norm & _alias_init_last,-34.0,-241.0,-2.0,-3.0,0.41000000000000014,8.3,-0.9,0.0,0.0,0.0,0.0
2025,2,0.0,2025_02_JAX_CIN,Cincinnati Bengals,Chase Brown,RB,00-0038597,1.0,0.0,0.0,0.0,0.0,18.48,69.2,0.47,4.04,3.3,20.5,0.29,0.533,59.34,30.93,26.25,222.0,122.7,2.186811846071765,0.7826750599363663,0.7733673148468965,1.0,1.0,chase brown,chasebrown,cbrown,Cincinnati Bengals,00-0038597,0.0,0.0,0.0,0.0,16.0,47.0,0.0,4.0,2.0,18.0,0.0,C.Brown,CIN,team_norm & _alias_init_last,0.0,0.0,0.0,0.0,2.4800000000000004,22.200000000000003,0.47,0.040000000000000036,1.2999999999999998,2.5,0.29
2025,2,0.0,2025_02_JAX_CIN,Cincinnati Bengals,Samaje Perine,RB,00-0033526,1.0,0.0,0.0,0.0,0.0,2.94,11.5,0.17,2.52,2.04,12.1,0.17,0.2893,59.34,30.93,26.25,222.0,122.7,2.186811846071765,0.7826750599363663,0.7733673148468965,1.0,1.0,samaje perine,samajeperine,sperine,Cincinnati Bengals,00-0033526,,,,,,,,,,,,,,,,,,,,,,,,,
2025,2,0.0,2025_02_JAX_CIN,Cincinnati Bengals,Tahj Brooks,RB,00-0040208,1.0,0.0,0.0,0.0,0.0,0.0,0.0,0.0,0.0,0.0,0.0,0.0,0.0,59.34,30.93,26.25,222.0,122.7,2.186811846071765,0.7826750599363663,0.7733673148468965,1.0,1.0,tahj brooks,tahjbrooks,tbrooks,Cincinnati Bengals,00-0040208,,,,,,,,,,,,,,,,,,,,,,,,,
2025,2,0.0,2025_02_JAX_CIN,Cincinnati Bengals,Mike Gesicki,TE,00-0034829,1.0,0.0,0.0,0.0,0.0,0.0,0.0,0.0,4.81,3.57,24.9,0.32,0.2747,59.34,30.93,26.25,222.0,122.7,2.186811846071765,0.7826750599363663,0.7733673148468965,1.0,1.0,mike gesicki,mikegesicki,mgesicki,Cincinnati Bengals,00-0034829,0.0,0.0,0.0,0.0,0.0,0.0,0.0,4.0,3.0,18.0,0.0,M.Gesicki,CIN,team_norm & _alias_init_last,0.0,0.0,0.0,0.0,0.0,0.0,0.0,0.8099999999999996,0.5699999999999998,6.899999999999999,0.32
2025,2,0.0,2025_02_JAX_CIN,Cincinnati Bengals,Noah Fant,TE,00-0035644,1.0,0.0,0.0,0.0,0.0,0.0,0.0,0.0,4.85,4.0,25.6,0.3,0.2603,59.34,30.93,26.25,222.0,122.7,2.186811846071765,0.7826750599363663,0.7733673148468965,1.0,1.0,noah fant,noahfant,nfant,Cincinnati Bengals,00-0035644,0.0,0.0,0.0,0.0,0.0,0.0,0.0,4.0,3.0,28.0,0.0,N.Fant,CIN,team_norm & _alias_init_last,0.0,0.0,0.0,0.0,0.0,0.0,0.0,0.8499999999999996,1.0,-2.3999999999999986,0.3
2025,2,0.0,2025_02_JAX_CIN,Cincinnati Bengals,Drew Sample,TE,00-0035631,1.0,0.0,0.0,0.0,0.0,0.0,0.0,0.0,0.58,0.51,3.5,0.04,0.0363,59.34,30.93,26.25,222.0,122.7,2.186811846071765,0.7826750599363663,0.7733673148468965,1.0,1.0,drew sample,drewsample,dsample,Cincinnati Bengals,00-0035631,0.0,0.0,0.0,0.0,0.0,0.0,0.0,2.0,1.0,7.0,0.0,D.Sample,CIN,team_norm & _alias_init_last,0.0,0.0,0.0,0.0,0.0,0.0,0.0,-1.42,-0.49,-3.5,0.04
2025,2,0.0,2025_02_JAX_CIN,Cincinnati Bengals,Tanner Hudson,TE,00-0034613,1.0,0.0,0.0,0.0,0.0,0.0,0.0,0.0,0.0,0.0,0.0,0.0,0.0,59.34,30.93,26.25,222.0,122.7,2.186811846071765,0.7826750599363663,0.7733673148468965,1.0,1.0,tanner hudson,tannerhudson,thudson,Cincinnati Bengals,00-0034613,,,,,,,,,,,,,,,,,,,,,,,,,
2025,2,0.0,2025_02_JAX_CIN,Cincinnati Bengals,Ja'Marr Chase,WR,00-0036900,1.0,0.0,0.0,0.0,0.0,0.0,0.0,0.0,6.3,4.03,33.1,0.43,0.349,59.34,30.93,26.25,222.0,122.7,2.186811846071765,0.7826750599363663,0.7733673148468965,1.0,1.0,ja'marr chase,jamarrchase,jchase,Cincinnati Bengals,00-0036900,0.0,0.0,0.0,0.0,0.0,0.0,0.0,16.0,14.0,165.0,1.0,J.Chase,CIN,team_norm & _alias_init_last,0.0,0.0,0.0,0.0,0.0,0.0,0.0,-9.7,-9.969999999999999,-131.9,-0.5700000000000001
2025,2,0.0,2025_02_JAX_CIN,Cincinnati Bengals,Tee Higgins,WR,00-0036410,1.0,0.0,0.0,0.0,0.0,0.0,0.0,0.0,4.25,2.53,21.7,0.29,0.2535,59.34,30.93,26.25,222.0,122.7,2.186811846071765,0.7826750599363663,0.7733673148468965,1.0,1.0,tee higgins,teehiggins,thiggins,Cincinnati Bengals,00-0036410,0.0,0.0,0.0,0.0,0.0,0.0,0.0,8.0,3.0,56.0,1.0,T.Higgins,CIN,team_norm & _alias_init_last,0.0,0.0,0.0,0.0,0.0,0.0,0.0,-3.75,-0.4700000000000002,-34.3,-0.71
2025,2,0.0,2025_02_JAX_CIN,Cincinnati Bengals,Andrei Iosivas,WR,00-0038619,1.0,0.0,0.0,0.0,0.0,0.0,0.0,0.0,3.02,1.62,16.2,0.21,0.1871,59.34,30.93,26.25,222.0,122.7,2.186811846071765,0.7826750599363663,0.7733673148468965,1.0,1.0,andrei iosivas,andreiiosivas,aiosivas,Cincinnati Bengals,00-0038619,0.0,0.0,0.0,0.0,0.0,0.0,0.0,6.0,1.0,12.0,0.0,A.Iosivas,CIN,team_norm & _alias_init_last,0.0,0.0,0.0,0.0,0.0,0.0,0.0,-2.98,0.6200000000000001,4.199999999999999,0.21
2025,2,0.0,2025_02_JAX_CIN,Cincinnati Bengals,Charlie Jones,WR,00-0038576,1.0,0.0,0.0,0.0,0.0,0.0,0.0,0.0,0.0,0.0,0.0,0.0,0.0,59.34,30.93,26.25,222.0,122.7,2.186811846071765,0.7826750599363663,0.7733673148468965,1.0,1.0,charlie jones,charliejones,cjones,Cincinnati Bengals,00-0038576,,,,,,,,,,,,,,,,,,,,,,,,,
2025,2,0.0,2025_02_JAX_CIN,Cincinnati Bengals,Cole Burgess,WR,00-0039626,1.0,0.0,0.0,0.0,0.0,0.0,0.0,0.0,0.0,0.0,0.0,0.0,0.0,59.34,30.93,26.25,222.0,122.7,2.186811846071765,0.7826750599363663,0.7733673148468965,0.0,0.0,cole burgess,coleburgess,cburgess,Cincinnati Bengals,00-0039626,,,,,,,,,,,,,,,,,,,,,,,,,
2025,2,0.0,2025_02_JAX_CIN,Cincinnati Bengals,Mitchell Tinsley,WR,00-0038839,1.0,0.0,0.0,0.0,0.0,0.0,0.0,0.0,0.0,0.0,0.0,0.0,0.0,59.34,30.93,26.25,222.0,122.7,2.186811846071765,0.7826750599363663,0.7733673148468965,1.0,1.0,mitchell tinsley,mitchelltinsley,mtinsley,Cincinnati Bengals,00-0038839,0.0,0.0,0.0,0.0,0.0,0.0,0.0,1.0,1.0,13.0,1.0,M.Tinsley,CIN,team_norm & _alias_init_last,0.0,0.0,0.0,0.0,0.0,0.0,0.0,-1.0,-1.0,-13.0,-1.0
2025,2,0.0,2025_02_JAX_CIN,Jacksonville Jaguars,Trevor Lawrence,QB,00-0036971,1.0,38.15,244.9,1.57,0.76,4.11,14.8,0.2,0.0,0.0,0.0,0.0,0.1829,70.71,35.63,33.67,270.4,166.5,2.126493256984656,1.2830159057192945,0.8907390115249805,1.0,1.0,trevor lawrence,trevorlawrence,tlawrence,Jacksonville Jaguars,00-0036971,45.0,294.0,3.0,2.0,1.0,1.0,0.0,0.0,0.0,0.0,0.0,T.Lawrence,JAX,team_norm & _alias_init_last,-6.850000000000001,-49.099999999999994,-1.43,-1.24,3.1100000000000003,13.8,0.2,0.0,0.0,0.0,0.0
2025,2,0.0,2025_02_JAX_CIN,Jacksonville Jaguars,Travis Etienne,RB,00-0036973,1.0,0.0,0.0,0.0,0.0,19.25,77.2,0.77,4.39,3.38,24.6,0.26,0.6443,70.71,35.63,33.67,270.4,166.5,2.126493256984656,1.2830159057192945,0.8907390115249805,1.0,1.0,travis etienne,travisetienne,tetienne,Jacksonville Jaguars,00-0036973,0.0,0.0,0.0,0.0,14.0,71.0,0.0,3.0,2.0,18.0,1.0,T.Etienne,JAX,team_norm & _alias_init_last,0.0,0.0,0.0,0.0,5.25,6.200000000000003,0.77,1.3899999999999997,1.38,6.600000000000001,-0.74
2025,2,0.0,2025_02_JAX_CIN,Jacksonville Jaguars,Bhayshul Tuten,RB,00-0040719,1.0,0.0,0.0,0.0,0.0,6.26,26.0,0.3,1.65,1.25,12.0,0.1,0.3259,70.71,35.63,33.67,270.4,166.5,2.126493256984656,1.2830159057192945,0.8907390115249805,1.0,1.0,bhayshul tuten,bhayshultuten,btuten,Jacksonville Jaguars,00-0040719,0.0,0.0,0.0,0.0,8.0,42.0,0.0,2.0,2.0,32.0,1.0,B.Tuten,JAX,team_norm & _alias_init_last,0.0,0.0,0.0,0.0,-1.7400000000000002,-16.0,0.3,-0.3500000000000001,-0.75,-20.0,-0.9
2025,2,0.0,2025_02_JAX_CIN,Jacksonville Jaguars,Tank Bigsby,RB,,1.0,0.0,0.0,0.0,0.0,3.55,17.2,0.12,0.0,0.0,0.0,0.0,0.1136,70.71,35.63,33.67,270.4,166.5,2.126493256984656,1.2830159057192945,0.8907390115249805,0.0,0.0,tank bigsby,tankbigsby,tbigsby,Jacksonville Jaguars,,,,,,,,,,,,,,,,,,,,,,,,,,
2025,2,0.0,2025_02_JAX_CIN,Jacksonville Jaguars,LeQuint Allen Jr.,RB,00-0040238,1.0,0.0,0.0,0.0,0.0,0.51,2.2,0.0,0.58,0.47,4.4,0.04,0.0346,70.71,35.63,33.67,270.4,166.5,2.126493256984656,1.2830159057192945,0.8907390115249805,1.0,1.0,lequint allen jr.,lequintallenjr,lallen,Jacksonville Jaguars,00-0040238,0.0,0.0,0.0,0.0,2.0,13.0,0.0,0.0,0.0,0.0,0.0,L.Allen,JAX,team_norm & _alias_init_last,0.0,0.0,0.0,0.0,-1.49,-10.8,0.0,0.58,0.47,4.4,0.04
2025,2,0.0,2025_02_JAX_CIN,Jacksonville Jaguars,Brenton Strange,TE,00-0038935,1.0,0.0,0.0,0.0,0.0,0.0,0.0,0.0,7.11,5.53,40.9,0.4,0.3287,70.71,35.63,33.67,270.4,166.5,2.126493256984656,1.2830159057192945,0.8907390115249805,1.0,1.0,brenton strange,brentonstrange,bstrange,Jacksonville Jaguars,00-0038935,0.0,0.0,0.0,0.0,0.0,0.0,0.0,6.0,3.0,17.0,0.0,B.Strange,JAX,team_norm & _alias_init_last,0.0,0.0,0.0,0.0,0.0,0.0,0.0,1.1100000000000003,2.5300000000000002,23.9,0.4
2025,2,0.0,2025_02_JAX_CIN,Jacksonville Jaguars,Johnny Mundt,TE,00-0033246,1.0,0.0,0.0,0.0,0.0,0.0,0.0,0.0,3.06,2.37,18.1,0.17,0.1562,70.71,35.63,33.67,270.4,166.5,2.126493256984656,1.2830159057192945,0.8907390115249805,1.0,1.0,johnny mundt,johnnymundt,jmundt,Jacksonville Jaguars,00-0033246,,,,,,,,,,,,,,,,,,,,,,,,,
2025,2,0.0,2025_02_JAX_CIN,Jacksonville Jaguars,Hunter Long,TE,00-0037004,1.0,0.0,0.0,0.0,0.0,0.0,0.0,0.0,0.66,0.48,4.6,0.04,0.037,70.71,35.63,33.67,270.4,166.5,2.126493256984656,1.2830159057192945,0.8907390115249805,1.0,1.0,hunter long,hunterlong,hlong,Jacksonville Jaguars,00-0037004,,,,,,,,,,,,,,,,,,,,,,,,,
2025,2,0.0,2025_02_JAX_CIN,Jacksonville Jaguars,John Copenhaver,TE,00-0040327,1.0,0.0,0.0,0.0,0.0,0.0,0.0,0.0,0.0,0.0,0.0,0.0,0.0,70.71,35.63,33.67,270.4,166.5,2.126493256984656,1.2830159057192945,0.8907390115249805,0.0,0.0,john copenhaver,johncopenhaver,jcopenhaver,Jacksonville Jaguars,00-0040327,,,,,,,,,,,,,,,,,,,,,,,,,
2025,2,0.0,2025_02_JAX_CIN,Jacksonville Jaguars,Quintin Morris,TE,00-0036590,1.0,0.0,0.0,0.0,0.0,0.0,0.0,0.0,0.0,0.0,0.0,0.0,0.0,70.71,35.63,33.67,270.4,166.5,2.126493256984656,1.2830159057192945,0.8907390115249805,1.0,1.0,quintin morris,quintinmorris,qmorris,Jacksonville Jaguars,00-0036590,,,,,,,,,,,,,,,,,,,,,,,,,
2025,2,0.0,2025_02_JAX_CIN,Jacksonville Jaguars,Travis Hunter,WR,00-0040718,1.0,0.0,0.0,0.0,0.0,0.0,0.0,0.0,7.27,4.41,57.3,0.41,0.339,70.71,35.63,33.67,270.4,166.5,2.126493256984656,1.2830159057192945,0.8907390115249805,1.0,1.0,travis hunter,travishunter,thunter,Jacksonville Jaguars,00-0040718,0.0,0.0,0.0,0.0,0.0,0.0,0.0,6.0,3.0,22.0,0.0,T.Hunter,JAX,team_norm & _alias_init_last,0.0,0.0,0.0,0.0,0.0,0.0,0.0,1.2699999999999996,1.4100000000000001,35.3,0.41
2025,2,0.0,2025_02_JAX_CIN,Jacksonville Jaguars,Brian Thomas Jr.,WR,00-0039893,1.0,0.0,0.0,0.0,0.0,0.0,0.0,0.0,6.2,3.42,35.7,0.34,0.2902,70.71,35.63,33.67,270.4,166.5,2.126493256984656,1.2830159057192945,0.8907390115249805,1.0,1.0,brian thomas jr.,brianthomasjr,bthomas,Jacksonville Jaguars,00-0039893,0.0,0.0,0.0,0.0,0.0,0.0,0.0,12.0,4.0,49.0,0.0,B.Thomas,JAX,team_norm & _alias_init_last,0.0,0.0,0.0,0.0,0.0,0.0,0.0,-5.8,-0.5800000000000001,-13.299999999999997,0.34
2025,2,0.0,2025_02_JAX_CIN,Jacksonville Jaguars,Dyami Brown,WR,00-0036626,1.0,0.0,0.0,0.0,0.0,0.0,0.0,0.0,3.46,1.96,20.8,0.2,0.178,70.71,35.63,33.67,270.4,166.5,2.126493256984656,1.2830159057192945,0.8907390115249805,1.0,1.0,dyami brown,dyamibrown,dbrown,Jacksonville Jaguars,00-0036626,0.0,0.0,0.0,0.0,1.0,9.0,0.0,7.0,5.0,57.0,1.0,D.Brown,JAX,team_norm & _alias_init_last,0.0,0.0,0.0,0.0,-1.0,-9.0,0.0,-3.54,-3.04,-36.2,-0.8
2025,2,0.0,2025_02_JAX_CIN,Jacksonville Jaguars,Cam Camper,WR,00-0040324,1.0,0.0,0.0,0.0,0.0,0.0,0.0,0.0,0.0,0.0,0.0,0.0,0.0,70.71,35.63,33.67,270.4,166.5,2.126493256984656,1.2830159057192945,0.8907390115249805,0.0,0.0,cam camper,camcamper,ccamper,Jacksonville Jaguars,00-0040324,,,,,,,,,,,,,,,,,,,,,,,,,
2025,2,0.0,2025_02_JAX_CIN,Jacksonville Jaguars,Parker Washington,WR,00-0038606,1.0,0.0,0.0,0.0,0.0,0.0,0.0,0.0,0.0,0.0,0.0,0.0,0.0,70.71,35.63,33.67,270.4,166.5,2.126493256984656,1.2830159057192945,0.8907390115249805,1.0,1.0,parker washington,parkerwashington,pwashington,Jacksonville Jaguars,,0.0,0.0,0.0,0.0,0.0,0.0,0.0,6.0,6.0,81.0,0.0,P.Washington,JAX,team_norm & _alias_init_last,0.0,0.0,0.0,0.0,0.0,0.0,0.0,-6.0,-6.0,-81.0,0.0
2025,2,0.0,2025_02_JAX_CIN,Jacksonville Jaguars,Tim Patrick,WR,00-0033375,1.0,0.0,0.0,0.0,0.0,0.0,0.0,0.0,0.0,0.0,0.0,0.0,0.0,70.71,35.63,33.67,270.4,166.5,2.126493256984656,1.2830159057192945,0.8907390115249805,1.0,1.0,tim patrick,timpatrick,tpatrick,Jacksonville Jaguars,00-0033375,0.0,0.0,0.0,0.0,0.0,0.0,0.0,1.0,0.0,0.0,0.0,T.Patrick,JAX,team_norm & _alias_init_last,0.0,0.0,0.0,0.0,0.0,0.0,0.0,-1.0,0.0,0.0,0.0
2025,2,0.0,2025_02_LAC_LV,Las Vegas Raiders,Geno Smith,QB,00-0030565,1.0,42.95,236.8,1.75,0.89,3.57,10.7,0.14,0.0,0.0,0.0,0.0,0.1321,72.0,41.72,27.15,249.3,105.7,2.2701545827288867,0.7940016202183653,1.0428814509940707,1.0,1.0,geno smith,genosmith,gsmith,Las Vegas Raiders,,53.0,180.0,0.0,3.0,3.0,3.0,0.0,0.0,0.0,0.0,0.0,G.Smith,LV,team_norm & _alias_init_last,-10.049999999999997,56.80000000000001,1.75,-2.11,0.5699999999999998,7.699999999999999,0.14,0.0,0.0,0.0,0.0
2025,2,0.0,2025_02_LAC_LV,Las Vegas Raiders,Ashton Jeanty,RB,00-0040122,1.0,0.0,0.0,0.0,0.0,18.63,59.7,0.49,4.73,3.57,20.1,0.26,0.5286,72.0,41.72,27.15,249.3,105.7,2.2701545827288867,0.7940016202183653,1.0428814509940707,1.0,1.0,ashton jeanty,ashtonjeanty,ajeanty,Las Vegas Raiders,00-0040122,0.0,0.0,0.0,0.0,11.0,43.0,0.0,4.0,3.0,1.0,0.0,A.Jeanty,LV,team_norm & _alias_init_last,0.0,0.0,0.0,0.0,7.629999999999999,16.700000000000003,0.49,0.7300000000000004,0.5699999999999998,19.1,0.26
2025,2,0.0,2025_02_LAC_LV,Las Vegas Raiders,Zamir White,RB,00-0038040,1.0,0.0,0.0,0.0,0.0,4.95,16.0,0.18,2.13,1.67,10.0,0.11,0.2513,72.0,41.72,27.15,249.3,105.7,2.2701545827288867,0.7940016202183653,1.0428814509940707,1.0,1.0,zamir white,zamirwhite,zwhite,Las Vegas Raiders,00-0038040,0.0,0.0,0.0,0.0,2.0,-2.0,0.0,3.0,2.0,15.0,0.0,Z.White,LV,team_norm & _alias_init_last,0.0,0.0,0.0,0.0,2.95,18.0,0.18,-0.8700000000000001,-0.33000000000000007,-5.0,0.11
2025,2,0.0,2025_02_LAC_LV,Las Vegas Raiders,Dylan Laube,RB,00-0039407,1.0,0.0,0.0,0.0,0.0,0.0,0.0,0.0,0.0,0.0,0.0,0.0,0.0,72.0,41.72,27.15,249.3,105.7,2.2701545827288867,0.7940016202183653,1.0428814509940707,1.0,1.0,dylan laube,dylanlaube,dlaube,Las Vegas Raiders,00-0039407,0.0,0.0,0.0,0.0,0.0,0.0,0.0,2.0,2.0,17.0,0.0,D.Laube,LV,team_norm & _alias_init_last,0.0,0.0,0.0,0.0,0.0,0.0,0.0,-2.0,-2.0,-17.0,0.0
2025,2,0.0,2025_02_LAC_LV,Las Vegas Raiders,Brock Bowers,TE,00-0039338,1.0,0.0,0.0,0.0,0.0,0.0,0.0,0.0,8.85,7.24,45.9,0.44,0.3559,72.0,41.72,27.15,249.3,105.7,2.2701545827288867,0.7940016202183653,1.0428814509940707,1.0,1.0,brock bowers,brockbowers,bbowers,Las Vegas Raiders,00-0039338,0.0,0.0,0.0,0.0,0.0,0.0,0.0,8.0,5.0,38.0,0.0,B.Bowers,LV,team_norm & _alias_init_last,0.0,0.0,0.0,0.0,0.0,0.0,0.0,0.8499999999999996,2.24,7.899999999999999,0.44
2025,2,0.0,2025_02_LAC_LV,Las Vegas Raiders,Michael Mayer,TE,00-0039066,1.0,0.0,0.0,0.0,0.0,0.0,0.0,0.0,5.57,4.34,28.5,0.28,0.2467,72.0,41.72,27.15,249.3,105.7,2.2701545827288867,0.7940016202183653,1.0428814509940707,1.0,1.0,michael mayer,michaelmayer,mmayer,Las Vegas Raiders,00-0039066,0.0,0.0,0.0,0.0,0.0,0.0,0.0,2.0,2.0,9.0,0.0,M.Mayer,LV,team_norm & _alias_init_last,0.0,0.0,0.0,0.0,0.0,0.0,0.0,3.5700000000000003,2.34,19.5,0.28
2025,2,0.0,2025_02_LAC_LV,Las Vegas Raiders,Ian Thomas,TE,00-0034365,1.0,0.0,0.0,0.0,0.0,0.0,0.0,0.0,0.0,0.0,0.0,0.0,0.0,72.0,41.72,27.15,249.3,105.7,2.2701545827288867,0.7940016202183653,1.0428814509940707,1.0,1.0,ian thomas,ianthomas,ithomas,Las Vegas Raiders,00-0034365,,,,,,,,,,,,,,,,,,,,,,,,,
2025,2,0.0,2025_02_LAC_LV,Las Vegas Raiders,Jakobi Meyers,WR,,1.0,0.0,0.0,0.0,0.0,0.0,0.0,0.0,7.61,4.74,71.6,0.41,0.3392,72.0,41.72,27.15,249.3,105.7,2.2701545827288867,0.7940016202183653,1.0428814509940707,0.0,1.0,jakobi meyers,jakobimeyers,jmeyers,Las Vegas Raiders,,0.0,0.0,0.0,0.0,0.0,0.0,0.0,13.0,6.0,68.0,0.0,J.Meyers,LV,team_norm & _alias_init_last,0.0,0.0,0.0,0.0,0.0,0.0,0.0,-5.39,-1.2599999999999998,3.5999999999999943,0.41
2025,2,0.0,2025_02_LAC_LV,Las Vegas Raiders,Dont'e Thornton Jr.,WR,00-0040581,1.0,0.0,0.0,0.0,0.0,0.0,0.0,0.0,5.87,2.86,39.2,0.3,0.26,72.0,41.72,27.15,249.3,105.7,2.2701545827288867,0.7940016202183653,1.0428814509940707,1.0,1.0,dont'e thornton jr.,dontethorntonjr,dthornton,Las Vegas Raiders,00-0040581,0.0,0.0,0.0,0.0,0.0,0.0,0.0,6.0,1.0,20.0,0.0,D.Thornton,LV,team_norm & _alias_init_last,0.0,0.0,0.0,0.0,0.0,0.0,0.0,-0.1299999999999999,1.8599999999999999,19.200000000000003,0.3
2025,2,0.0,2025_02_LAC_LV,Las Vegas Raiders,Tre Tucker,WR,00-0038563,1.0,0.0,0.0,0.0,0.0,0.0,0.0,0.0,5.83,3.2,26.0,0.29,0.2516,72.0,41.72,27.15,249.3,105.7,2.2701545827288867,0.7940016202183653,1.0428814509940707,1.0,1.0,tre tucker,tretucker,ttucker,Las Vegas Raiders,00-0038563,0.0,0.0,0.0,0.0,1.0,7.0,0.0,9.0,3.0,12.0,0.0,T.Tucker,LV,team_norm & _alias_init_last,0.0,0.0,0.0,0.0,-1.0,-7.0,0.0,-3.17,0.20000000000000018,14.0,0.29
2025,2,0.0,2025_02_LAC_LV,Las Vegas Raiders,Alex Bachman,WR,00-0035602,1.0,0.0,0.0,0.0,0.0,0.0,0.0,0.0,0.56,0.36,4.3,0.03,0.0299,72.0,41.72,27.15,249.3,105.7,2.2701545827288867,0.7940016202183653,1.0428814509940707,1.0,1.0,alex bachman,alexbachman,abachman,Las Vegas Raiders,00-0035602,,,,,,,,,,,,,,,,,,,,,,,,,
2025,2,0.0,2025_02_LAC_LV,Las Vegas Raiders,Jack Bech,WR,00-0040729,1.0,0.0,0.0,0.0,0.0,0.0,0.0,0.0,0.56,0.36,3.5,0.03,0.0293,72.0,41.72,27.15,249.3,105.7,2.2701545827288867,0.7940016202183653,1.0428814509940707,1.0,1.0,jack bech,jackbech,jbech,Las Vegas Raiders,00-0040729,,,,,,,,,,,,,,,,,,,,,,,,,
2025,2,0.0,2025_02_LAC_LV,Las Vegas Raiders,Amari Cooper,WR,00-0031544,1.0,0.0,0.0,0.0,0.0,0.0,0.0,0.0,0.0,0.0,0.0,0.0,0.0,72.0,41.72,27.15,249.3,105.7,2.2701545827288867,0.7940016202183653,1.0428814509940707,1.0,1.0,amari cooper,amaricooper,acooper,Las Vegas Raiders,00-0031544,,,,,,,,,,,,,,,,,,,,,,,,,
2025,2,0.0,2025_02_LAC_LV,Las Vegas Raiders,Brenden Rice,WR,00-0039415,1.0,0.0,0.0,0.0,0.0,0.0,0.0,0.0,0.0,0.0,0.0,0.0,0.0,72.0,41.72,27.15,249.3,105.7,2.2701545827288867,0.7940016202183653,1.0428814509940707,0.0,0.0,brenden rice,brendenrice,brice,Las Vegas Raiders,00-0039415,,,,,,,,,,,,,,,,,,,,,,,,,
2025,2,0.0,2025_02_LAC_LV,Las Vegas Raiders,Justin Shorter,WR,00-0038590,1.0,0.0,0.0,0.0,0.0,0.0,0.0,0.0,0.0,0.0,0.0,0.0,0.0,72.0,41.72,27.15,249.3,105.7,2.2701545827288867,0.7940016202183653,1.0428814509940707,1.0,1.0,justin shorter,justinshorter,jshorter,Las Vegas Raiders,00-0038590,,,,,,,,,,,,,,,,,,,,,,,,,
2025,2,0.0,2025_02_LAC_LV,Los Angeles Chargers,Justin Herbert,QB,00-0036355,1.0,45.56,295.8,2.6,0.99,4.58,16.9,0.17,0.0,0.0,0.0,0.0,0.155,72.0,46.43,22.06,352.4,109.1,3.6542596478436495,0.7462256481403635,1.1607593996704424,1.0,1.0,justin herbert,justinherbert,jherbert,Los Angeles Chargers,00-0036355,33.0,242.0,2.0,0.0,4.0,7.0,0.0,0.0,0.0,0.0,0.0,J.Herbert,LAC,team_norm & _alias_init_last,12.560000000000002,53.80000000000001,0.6000000000000001,0.99,0.5800000000000001,9.899999999999999,0.17,0.0,0.0,0.0,0.0
2025,2,0.0,2025_02_LAC_LV,Los Angeles Chargers,Trey Lance,QB,00-0037012,1.0,0.0,0.0,0.0,0.0,4.58,18.1,0.16,0.0,0.0,0.0,0.0,0.1485,72.0,46.43,22.06,352.4,109.1,3.6542596478436495,0.7462256481403635,1.1607593996704424,1.0,1.0,trey lance,treylance,tlance,Los Angeles Chargers,00-0037012,,,,,,,,,,,,,,,,,,,,,,,,,
2025,2,0.0,2025_02_LAC_LV,Los Angeles Chargers,Omarion Hampton,RB,00-0040666,1.0,0.0,0.0,0.0,0.0,10.37,44.0,0.35,4.78,4.22,29.9,0.37,0.5101,72.0,46.43,22.06,352.4,109.1,3.6542596478436495,0.7462256481403635,1.1607593996704424,1.0,1.0,omarion hampton,omarionhampton,ohampton,Los Angeles Chargers,00-0040666,0.0,0.0,0.0,0.0,9.0,24.0,0.0,2.0,1.0,1.0,0.0,O.Hampton,LAC,team_norm & _alias_init_last,0.0,0.0,0.0,0.0,1.3699999999999992,20.0,0.35,2.7800000000000002,3.2199999999999998,28.9,0.37
2025,2,0.0,2025_02_LAC_LV,Los Angeles Chargers,Najee Harris,RB,00-0036893,1.0,0.0,0.0,0.0,0.0,2.54,10.2,0.12,2.77,2.11,13.5,0.21,0.2845,72.0,46.43,22.06,352.4,109.1,3.6542596478436495,0.7462256481403635,1.1607593996704424,1.0,1.0,najee harris,najeeharris,nharris,Los Angeles Chargers,00-0036893,0.0,0.0,0.0,0.0,9.0,28.0,0.0,2.0,2.0,20.0,0.0,N.Harris,LAC,team_norm & _alias_init_last,0.0,0.0,0.0,0.0,-6.46,-17.8,0.12,0.77,0.10999999999999988,-6.5,0.21
2025,2,0.0,2025_02_LAC_LV,Los Angeles Chargers,Hassan Haskins,RB,00-0037617,1.0,0.0,0.0,0.0,0.0,0.0,0.0,0.0,0.0,0.0,0.0,0.0,0.0,72.0,46.43,22.06,352.4,109.1,3.6542596478436495,0.7462256481403635,1.1607593996704424,1.0,1.0,hassan haskins,hassanhaskins,hhaskins,Los Angeles Chargers,00-0037617,,,,,,,,,,,,,,,,,,,,,,,,,
2025,2,0.0,2025_02_LAC_LV,Los Angeles Chargers,Will Dissly,TE,00-0034159,1.0,0.0,0.0,0.0,0.0,0.0,0.0,0.0,6.23,5.3,37.8,0.44,0.3569,72.0,46.43,22.06,352.4,109.1,3.6542596478436495,0.7462256481403635,1.1607593996704424,1.0,1.0,will dissly,willdissly,wdissly,Los Angeles Chargers,00-0034159,0.0,0.0,0.0,0.0,0.0,0.0,0.0,1.0,1.0,7.0,0.0,W.Dissly,LAC,team_norm & _alias_init_last,0.0,0.0,0.0,0.0,0.0,0.0,0.0,5.23,4.3,30.799999999999997,0.44
2025,2,0.0,2025_02_LAC_LV,Los Angeles Chargers,Tyler Conklin,TE,00-0034270,1.0,0.0,0.0,0.0,0.0,0.0,0.0,0.0,4.38,3.24,25.0,0.3,0.2587,72.0,46.43,22.06,352.4,109.1,3.6542596478436495,0.7462256481403635,1.1607593996704424,1.0,1.0,tyler conklin,tylerconklin,tconklin,Los Angeles Chargers,00-0034270,,,,,,,,,,,,,,,,,,,,,,,,,
2025,2,0.0,2025_02_LAC_LV,Los Angeles Chargers,Oronde Gadsden II,TE,00-0040189,1.0,0.0,0.0,0.0,0.0,0.0,0.0,0.0,0.0,0.0,0.0,0.0,0.0,72.0,46.43,22.06,352.4,109.1,3.6542596478436495,0.7462256481403635,1.1607593996704424,0.0,0.0,oronde gadsden ii,orondegadsdenii,ogadsden,Los Angeles Chargers,00-0040189,,,,,,,,,,,,,,,,,,,,,,,,,
2025,2,0.0,2025_02_LAC_LV,Los Angeles Chargers,Stevo Klotz,TE,00-0040469,1.0,0.0,0.0,0.0,0.0,0.0,0.0,0.0,0.0,0.0,0.0,0.0,0.0,72.0,46.43,22.06,352.4,109.1,3.6542596478436495,0.7462256481403635,1.1607593996704424,0.0,0.0,stevo klotz,stevoklotz,sklotz,Los Angeles Chargers,00-0040469,,,,,,,,,,,,,,,,,,,,,,,,,
2025,2,0.0,2025_02_LAC_LV,Los Angeles Chargers,Tanner McLachlan,TE,00-0039399,1.0,0.0,0.0,0.0,0.0,0.0,0.0,0.0,0.0,0.0,0.0,0.0,0.0,72.0,46.43,22.06,352.4,109.1,3.6542596478436495,0.7462256481403635,1.1607593996704424,0.0,0.0,tanner mclachlan,tannermclachlan,tmclachlan,Los Angeles Chargers,00-0039399,,,,,,,,,,,,,,,,,,,,,,,,,
2025,2,0.0,2025_02_LAC_LV,Los Angeles Chargers,Keenan Allen,WR,00-0030279,1.0,0.0,0.0,0.0,0.0,0.0,0.0,0.0,9.97,6.29,59.1,0.74,0.5244,72.0,46.43,22.06,352.4,109.1,3.6542596478436495,0.7462256481403635,1.1607593996704424,1.0,1.0,keenan allen,keenanallen,kallen,Los Angeles Chargers,00-0030279,0.0,0.0,0.0,0.0,0.0,0.0,0.0,7.0,5.0,61.0,1.0,K.Allen,LAC,team_norm & _alias_init_last,0.0,0.0,0.0,0.0,0.0,0.0,0.0,2.9700000000000006,1.29,-1.8999999999999986,-0.26
2025,2,0.0,2025_02_LAC_LV,Los Angeles Chargers,Ladd McConkey,WR,00-0039915,1.0,0.0,0.0,0.0,0.0,0.0,0.0,0.0,9.75,6.27,58.6,0.71,0.5065,72.0,46.43,22.06,352.4,109.1,3.6542596478436495,0.7462256481403635,1.1607593996704424,1.0,1.0,ladd mcconkey,laddmcconkey,lmcconkey,Los Angeles Chargers,,0.0,0.0,0.0,0.0,0.0,0.0,0.0,6.0,5.0,48.0,0.0,L.McConkey,LAC,team_norm & _alias_init_last,0.0,0.0,0.0,0.0,0.0,0.0,0.0,3.75,1.2699999999999996,10.600000000000001,0.71
2025,2,0.0,2025_02_LAC_LV,Los Angeles Chargers,Quentin Johnston,WR,00-0038544,1.0,0.0,0.0,0.0,0.0,0.0,0.0,0.0,7.5,4.01,41.4,0.56,0.4283,72.0,46.43,22.06,352.4,109.1,3.6542596478436495,0.7462256481403635,1.1607593996704424,1.0,1.0,quentin johnston,quentinjohnston,qjohnston,Los Angeles Chargers,00-0038544,0.0,0.0,0.0,0.0,1.0,-2.0,0.0,7.0,3.0,71.0,1.0,Q.Johnston,LAC,team_norm & _alias_init_last,0.0,0.0,0.0,0.0,-1.0,2.0,0.0,0.5,1.0099999999999998,-29.6,-0.43999999999999995
2025,2,0.0,2025_02_LAC_LV,Los Angeles Chargers,KeAndre Lambert-Smith,WR,00-0040184,1.0,0.0,0.0,0.0,0.0,0.0,0.0,0.0,0.49,0.26,4.2,0.04,0.0372,72.0,46.43,22.06,352.4,109.1,3.6542596478436495,0.7462256481403635,1.1607593996704424,1.0,1.0,keandre lambert-smith,keandrelambertsmith,klambertsmith,Los Angeles Chargers,00-0040184,,,,,,,,,,,,,,,,,,,,,,,,,
2025,2,0.0,2025_02_LAC_LV,Los Angeles Chargers,Tre Harris,WR,00-0040727,1.0,0.0,0.0,0.0,0.0,0.0,0.0,0.0,0.49,0.33,3.5,0.04,0.036,72.0,46.43,22.06,352.4,109.1,3.6542596478436495,0.7462256481403635,1.1607593996704424,1.0,1.0,tre harris,treharris,tharris,Los Angeles Chargers,,0.0,0.0,0.0,0.0,0.0,0.0,0.0,3.0,2.0,34.0,0.0,T.Harris,LAC,team_norm & _alias_init_last,0.0,0.0,0.0,0.0,0.0,0.0,0.0,-2.51,-1.67,-30.5,0.04
2025,2,0.0,2025_02_LAC_LV,Los Angeles Chargers,Dalevon Campbell,WR,00-0040629,1.0,0.0,0.0,0.0,0.0,0.0,0.0,0.0,0.0,0.0,0.0,0.0,0.0,72.0,46.43,22.06,352.4,109.1,3.6542596478436495,0.7462256481403635,1.1607593996704424,0.0,0.0,dalevon campbell,dalevoncampbell,dcampbell,Los Angeles Chargers,00-0040629,,,,,,,,,,,,,,,,,,,,,,,,,
2025,2,0.0,2025_02_LAC_LV,Los Angeles Chargers,Derius Davis,WR,00-0038573,1.0,0.0,0.0,0.0,0.0,0.0,0.0,0.0,0.0,0.0,0.0,0.0,0.0,72.0,46.43,22.06,352.4,109.1,3.6542596478436495,0.7462256481403635,1.1607593996704424,1.0,1.0,derius davis,deriusdavis,ddavis,Los Angeles Chargers,00-0038573,,,,,,,,,,,,,,,,,,,,,,,,,
2025,2,0.0,2025_02_LA_TEN,Los Angeles Rams,Jimmy Garoppolo,QB,00-0031345,1.0,0.0,0.0,0.0,0.0,3.86,14.5,0.14,0.0,0.0,0.0,0.0,0.1312,72.0,39.64,29.79,280.6,137.4,2.532920916152097,0.8880987428269398,0.9911216078588612,1.0,1.0,jimmy garoppolo,jimmygaroppolo,jgaroppolo,Los Angeles Rams,00-0031345,,,,,,,,,,,,,,,,,,,,,,,,,
2025,2,0.0,2025_02_LA_TEN,Los Angeles Rams,Matthew Stafford,QB,00-0026498,1.0,41.29,258.0,1.81,0.84,3.86,14.5,0.14,0.0,0.0,0.0,0.0,0.1288,72.0,39.64,29.79,280.6,137.4,2.532920916152097,0.8880987428269398,0.9911216078588612,1.0,1.0,matthew stafford,matthewstafford,mstafford,Los Angeles Rams,,36.0,298.0,2.0,1.0,0.0,0.0,0.0,0.0,0.0,0.0,0.0,M.Stafford,LA,team_norm & _alias_init_last,5.289999999999999,-40.0,-0.18999999999999995,-0.16000000000000003,3.86,14.5,0.14,0.0,0.0,0.0,0.0
2025,2,0.0,2025_02_LA_TEN,Los Angeles Rams,Kyren Williams,RB,00-0037840,1.0,0.0,0.0,0.0,0.0,18.13,67.8,0.5,4.2,3.21,20.9,0.29,0.548,72.0,39.64,29.79,280.6,137.4,2.532920916152097,0.8880987428269398,0.9911216078588612,1.0,1.0,kyren williams,kyrenwilliams,kwilliams,Los Angeles Rams,00-0037840,0.0,0.0,0.0,0.0,17.0,66.0,0.0,2.0,2.0,14.0,0.0,K.Williams,LA,team_norm & _alias_init_last,0.0,0.0,0.0,0.0,1.129999999999999,1.7999999999999972,0.5,2.2,1.21,6.899999999999999,0.29
2025,2,0.0,2025_02_LA_TEN,Los Angeles Rams,Blake Corum,RB,00-0039738,1.0,0.0,0.0,0.0,0.0,3.95,14.8,0.17,2.41,1.78,13.5,0.15,0.2744,72.0,39.64,29.79,280.6,137.4,2.532920916152097,0.8880987428269398,0.9911216078588612,1.0,1.0,blake corum,blakecorum,bcorum,Los Angeles Rams,00-0039738,0.0,0.0,0.0,0.0,5.0,44.0,1.0,0.0,0.0,0.0,0.0,B.Corum,LA,team_norm & _alias_init_last,0.0,0.0,0.0,0.0,-1.0499999999999998,-29.2,-0.83,2.41,1.78,13.5,0.15
2025,2,0.0,2025_02_LA_TEN,Los Angeles Rams,Jarquez Hunter,RB,00-0040692,1.0,0.0,0.0,0.0,0.0,0.0,0.0,0.0,0.0,0.0,0.0,0.0,0.0,72.0,39.64,29.79,280.6,137.4,2.532920916152097,0.8880987428269398,0.9911216078588612,1.0,1.0,jarquez hunter,jarquezhunter,jhunter,Los Angeles Rams,00-0040692,,,,,,,,,,,,,,,,,,,,,,,,,
2025,2,0.0,2025_02_LA_TEN,Los Angeles Rams,Tyler Higbee,TE,00-0033110,1.0,0.0,0.0,0.0,0.0,0.0,0.0,0.0,7.55,5.78,41.0,0.45,0.362,72.0,39.64,29.79,280.6,137.4,2.532920916152097,0.8880987428269398,0.9911216078588612,1.0,1.0,tyler higbee,tylerhigbee,thigbee,Los Angeles Rams,00-0033110,0.0,0.0,0.0,0.0,0.0,0.0,0.0,4.0,4.0,37.0,0.0,T.Higbee,LA,team_norm & _alias_init_last,0.0,0.0,0.0,0.0,0.0,0.0,0.0,3.55,1.7800000000000002,4.0,0.45
2025,2,0.0,2025_02_LA_TEN,Los Angeles Rams,Davis Allen,TE,00-0039074,1.0,0.0,0.0,0.0,0.0,0.0,0.0,0.0,3.16,2.29,17.9,0.2,0.1833,72.0,39.64,29.79,280.6,137.4,2.532920916152097,0.8880987428269398,0.9911216078588612,1.0,1.0,davis allen,davisallen,dallen,Los Angeles Rams,00-0039074,0.0,0.0,0.0,0.0,0.0,0.0,0.0,1.0,1.0,8.0,1.0,D.Allen,LA,team_norm & _alias_init_last,0.0,0.0,0.0,0.0,0.0,0.0,0.0,2.16,1.29,9.899999999999999,-0.8
2025,2,0.0,2025_02_LA_TEN,Los Angeles Rams,Terrance Ferguson,TE,00-0040737,1.0,0.0,0.0,0.0,0.0,0.0,0.0,0.0,0.0,0.0,0.0,0.0,0.0,72.0,39.64,29.79,280.6,137.4,2.532920916152097,0.8880987428269398,0.9911216078588612,1.0,1.0,terrance ferguson,terranceferguson,tferguson,Los Angeles Rams,00-0040737,,,,,,,,,,,,,,,,,,,,,,,,,
2025,2,0.0,2025_02_LA_TEN,Los Angeles Rams,Puka Nacua,WR,00-0039075,1.0,0.0,0.0,0.0,0.0,0.0,0.0,0.0,10.11,6.83,54.6,0.6,0.4486,72.0,39.64,29.79,280.6,137.4,2.532920916152097,0.8880987428269398,0.9911216078588612,1.0,1.0,puka nacua,pukanacua,pnacua,Los Angeles Rams,00-0039075,0.0,0.0,0.0,0.0,1.0,45.0,1.0,9.0,8.0,91.0,0.0,P.Nacua,LA,team_norm & _alias_init_last,0.0,0.0,0.0,0.0,-1.0,-45.0,-1.0,1.1099999999999994,-1.17,-36.4,0.6
2025,2,0.0,2025_02_LA_TEN,Los Angeles Rams,Davante Adams,WR,00-0031381,1.0,0.0,0.0,0.0,0.0,0.0,0.0,0.0,6.82,3.6,33.9,0.43,0.3477,72.0,39.64,29.79,280.6,137.4,2.532920916152097,0.8880987428269398,0.9911216078588612,1.0,1.0,davante adams,davanteadams,dadams,Los Angeles Rams,00-0031381,0.0,0.0,0.0,0.0,0.0,0.0,0.0,13.0,6.0,106.0,1.0,D.Adams,LA,team_norm & _alias_init_last,0.0,0.0,0.0,0.0,0.0,0.0,0.0,-6.18,-2.4,-72.1,-0.5700000000000001
2025,2,0.0,2025_02_LA_TEN,Los Angeles Rams,Tutu Atwell,WR,00-0036849,1.0,0.0,0.0,0.0,0.0,0.0,0.0,0.0,2.19,1.25,11.6,0.13,0.1176,72.0,39.64,29.79,280.6,137.4,2.532920916152097,0.8880987428269398,0.9911216078588612,1.0,1.0,tutu atwell,tutuatwell,tatwell,Los Angeles Rams,,0.0,0.0,0.0,0.0,0.0,0.0,0.0,2.0,0.0,0.0,0.0,T.Atwell,LA,team_norm & _alias_init_last,0.0,0.0,0.0,0.0,0.0,0.0,0.0,0.18999999999999995,1.25,11.6,0.13
2025,2,0.0,2025_02_LA_TEN,Los Angeles Rams,Xavier Smith,WR,00-0038359,1.0,0.0,0.0,0.0,0.0,0.0,0.0,0.0,0.42,0.28,3.0,0.03,0.0257,72.0,39.64,29.79,280.6,137.4,2.532920916152097,0.8880987428269398,0.9911216078588612,1.0,1.0,xavier smith,xaviersmith,xsmith,Los Angeles Rams,00-0038359,,,,,,,,,,,,,,,,,,,,,,,,,
2025,2,0.0,2025_02_LA_TEN,Los Angeles Rams,Drake Stoops,WR,00-0039773,1.0,0.0,0.0,0.0,0.0,0.0,0.0,0.0,0.0,0.0,0.0,0.0,0.0,72.0,39.64,29.79,280.6,137.4,2.532920916152097,0.8880987428269398,0.9911216078588612,0.0,0.0,drake stoops,drakestoops,dstoops,Los Angeles Rams,00-0039773,,,,,,,,,,,,,,,,,,,,,,,,,
2025,2,0.0,2025_02_LA_TEN,Los Angeles Rams,Jordan Whittington,WR,00-0039751,1.0,0.0,0.0,0.0,0.0,0.0,0.0,0.0,0.0,0.0,0.0,0.0,0.0,72.0,39.64,29.79,280.6,137.4,2.532920916152097,0.8880987428269398,0.9911216078588612,1.0,1.0,jordan whittington,jordanwhittington,jwhittington,Los Angeles Rams,00-0039751,0.0,0.0,0.0,0.0,0.0,0.0,0.0,2.0,2.0,42.0,0.0,J.Whittington,LA,team_norm & _alias_init_last,0.0,0.0,0.0,0.0,0.0,0.0,0.0,-2.0,-2.0,-42.0,0.0
2025,2,0.0,2025_02_LA_TEN,Los Angeles Rams,Konata Mumpfield,WR,00-0040590,1.0,0.0,0.0,0.0,0.0,0.0,0.0,0.0,0.0,0.0,0.0,0.0,0.0,72.0,39.64,29.79,280.6,137.4,2.532920916152097,0.8880987428269398,0.9911216078588612,1.0,1.0,konata mumpfield,konatamumpfield,kmumpfield,Los Angeles Rams,00-0040590,,,,,,,,,,,,,,,,,,,,,,,,,
2025,2,0.0,2025_02_LA_TEN,Tennessee Titans,Cam Ward,QB,00-0040676,1.0,43.88,217.2,1.6,0.86,0.72,2.2,0.02,0.0,0.0,0.0,0.0,0.022,72.0,40.7,26.53,228.3,97.0,1.9049429186376907,0.5777763526793509,1.0174603095975232,1.0,1.0,cam ward,camward,cward,Tennessee Titans,00-0040676,43.0,175.0,1.0,0.0,1.0,1.0,0.0,0.0,0.0,0.0,0.0,C.Ward,TEN,team_norm & _alias_init_last,0.8800000000000026,42.19999999999999,0.6000000000000001,0.86,-0.28,1.2000000000000002,0.02,0.0,0.0,0.0,0.0
2025,2,0.0,2025_02_LA_TEN,Tennessee Titans,Tony Pollard,RB,00-0035261,1.0,0.0,0.0,0.0,0.0,20.96,63.5,0.42,4.02,2.95,14.7,0.19,0.4563,72.0,40.7,26.53,228.3,97.0,1.9049429186376907,0.5777763526793509,1.0174603095975232,1.0,1.0,tony pollard,tonypollard,tpollard,Tennessee Titans,00-0035261,0.0,0.0,0.0,0.0,20.0,92.0,0.0,1.0,0.0,0.0,0.0,T.Pollard,TEN,team_norm & _alias_init_last,0.0,0.0,0.0,0.0,0.9600000000000009,-28.5,0.42,3.0199999999999996,2.95,14.7,0.19
2025,2,0.0,2025_02_LA_TEN,Tennessee Titans,Julius Chestnut,RB,00-0037594,1.0,0.0,0.0,0.0,0.0,4.85,16.2,0.16,2.0,1.43,9.7,0.09,0.2205,72.0,40.7,26.53,228.3,97.0,1.9049429186376907,0.5777763526793509,1.0174603095975232,1.0,1.0,julius chestnut,juliuschestnut,jchestnut,Tennessee Titans,00-0037594,,,,,,,,,,,,,,,,,,,,,,,,,
2025,2,0.0,2025_02_LA_TEN,Tennessee Titans,Jordan Mims,RB,00-0038678,1.0,0.0,0.0,0.0,0.0,0.0,0.0,0.0,0.0,0.0,0.0,0.0,0.0,72.0,40.7,26.53,228.3,97.0,1.9049429186376907,0.5777763526793509,1.0174603095975232,1.0,1.0,jordan mims,jordanmims,jmims,Tennessee Titans,00-0038678,,,,,,,,,,,,,,,,,,,,,,,,,
2025,2,0.0,2025_02_LA_TEN,Tennessee Titans,Chig Okonkwo,TE,00-0037809,1.0,0.0,0.0,0.0,0.0,0.0,0.0,0.0,8.91,7.06,35.8,0.36,0.3024,72.0,40.7,26.53,228.3,97.0,1.9049429186376907,0.5777763526793509,1.0174603095975232,1.0,1.0,chig okonkwo,chigokonkwo,cokonkwo,Tennessee Titans,00-0037809,0.0,0.0,0.0,0.0,0.0,0.0,0.0,6.0,4.0,35.0,0.0,C.Okonkwo,TEN,team_norm & _alias_init_last,0.0,0.0,0.0,0.0,0.0,0.0,0.0,2.91,3.0599999999999996,0.7999999999999972,0.36
2025,2,0.0,2025_02_LA_TEN,Tennessee Titans,Gunnar Helm,TE,00-0040584,1.0,0.0,0.0,0.0,0.0,0.0,0.0,0.0,4.66,4.09,22.6,0.21,0.1877,72.0,40.7,26.53,228.3,97.0,1.9049429186376907,0.5777763526793509,1.0174603095975232,1.0,1.0,gunnar helm,gunnarhelm,ghelm,Tennessee Titans,00-0040584,0.0,0.0,0.0,0.0,0.0,0.0,0.0,2.0,2.0,9.0,0.0,G.Helm,TEN,team_norm & _alias_init_last,0.0,0.0,0.0,0.0,0.0,0.0,0.0,2.66,2.09,13.600000000000001,0.21
2025,2,0.0,2025_02_LA_TEN,Tennessee Titans,Cole Turner,TE,00-0037078,1.0,0.0,0.0,0.0,0.0,0.0,0.0,0.0,0.0,0.0,0.0,0.0,0.0,72.0,40.7,26.53,228.3,97.0,1.9049429186376907,0.5777763526793509,1.0174603095975232,0.0,0.0,cole turner,coleturner,cturner,Tennessee Titans,00-0037078,,,,,,,,,,,,,,,,,,,,,,,,,
2025,2,0.0,2025_02_LA_TEN,Tennessee Titans,David Martin-Robinson,TE,00-0039648,1.0,0.0,0.0,0.0,0.0,0.0,0.0,0.0,0.0,0.0,0.0,0.0,0.0,72.0,40.7,26.53,228.3,97.0,1.9049429186376907,0.5777763526793509,1.0174603095975232,1.0,1.0,david martin-robinson,davidmartinrobinson,dmartinrobinson,Tennessee Titans,00-0039648,,,,,,,,,,,,,,,,,,,,,,,,,
2025,2,0.0,2025_02_LA_TEN,Tennessee Titans,Calvin Ridley,WR,00-0034837,1.0,0.0,0.0,0.0,0.0,0.0,0.0,0.0,10.28,5.05,46.4,0.45,0.3629,72.0,40.7,26.53,228.3,97.0,1.9049429186376907,0.5777763526793509,1.0174603095975232,1.0,1.0,calvin ridley,calvinridley,cridley,Tennessee Titans,00-0034837,0.0,0.0,0.0,0.0,0.0,0.0,0.0,6.0,3.0,57.0,0.0,C.Ridley,TEN,team_norm & _alias_init_last,0.0,0.0,0.0,0.0,0.0,0.0,0.0,4.279999999999999,2.05,-10.600000000000001,0.45
2025,2,0.0,2025_02_LA_TEN,Tennessee Titans,Elic Ayomanor,WR,00-0040170,1.0,0.0,0.0,0.0,0.0,0.0,0.0,0.0,7.74,3.62,38.8,0.34,0.2868,72.0,40.7,26.53,228.3,97.0,1.9049429186376907,0.5777763526793509,1.0174603095975232,1.0,1.0,elic ayomanor,elicayomanor,eayomanor,Tennessee Titans,00-0040170,0.0,0.0,0.0,0.0,0.0,0.0,0.0,7.0,4.0,56.0,1.0,E.Ayomanor,TEN,team_norm & _alias_init_last,0.0,0.0,0.0,0.0,0.0,0.0,0.0,0.7400000000000002,-0.3799999999999999,-17.200000000000003,-0.6599999999999999
2025,2,0.0,2025_02_LA_TEN,Tennessee Titans,Tyler Lockett,WR,,1.0,0.0,0.0,0.0,0.0,0.0,0.0,0.0,0.73,0.45,6.4,0.03,0.0338,72.0,40.7,26.53,228.3,97.0,1.9049429186376907,0.5777763526793509,1.0174603095975232,0.0,1.0,tyler lockett,tylerlockett,tlockett,Tennessee Titans,,0.0,0.0,0.0,0.0,0.0,0.0,0.0,3.0,2.0,9.0,0.0,T.Lockett,TEN,team_norm & _alias_init_last,0.0,0.0,0.0,0.0,0.0,0.0,0.0,-2.27,-1.55,-2.5999999999999996,0.03
2025,2,0.0,2025_02_LA_TEN,Tennessee Titans,Bryce Oliver,WR,00-0039650,1.0,0.0,0.0,0.0,0.0,0.0,0.0,0.0,0.54,0.36,3.8,0.02,0.0246,72.0,40.7,26.53,228.3,97.0,1.9049429186376907,0.5777763526793509,1.0174603095975232,1.0,1.0,bryce oliver,bryceoliver,boliver,Tennessee Titans,00-0039650,,,,,,,,,,,,,,,,,,,,,,,,,
2025,2,0.0,2025_02_LA_TEN,Tennessee Titans,Chimere Dike,WR,00-0040705,1.0,0.0,0.0,0.0,0.0,0.0,0.0,0.0,0.54,0.33,2.7,0.02,0.0246,72.0,40.7,26.53,228.3,97.0,1.9049429186376907,0.5777763526793509,1.0174603095975232,1.0,1.0,chimere dike,chimeredike,cdike,Tennessee Titans,00-0040705,0.0,0.0,0.0,0.0,2.0,9.0,0.0,6.0,2.0,-1.0,0.0,C.Dike,TEN,team_norm & _alias_init_last,0.0,0.0,0.0,0.0,-2.0,-9.0,0.0,-5.46,-1.67,3.7,0.02
2025,2,0.0,2025_02_LA_TEN,Tennessee Titans,Van Jefferson,WR,00-0036415,1.0,0.0,0.0,0.0,0.0,0.0,0.0,0.0,0.0,0.0,0.0,0.0,0.0,72.0,40.7,26.53,228.3,97.0,1.9049429186376907,0.5777763526793509,1.0174603095975232,1.0,1.0,van jefferson,vanjefferson,vjefferson,Tennessee Titans,00-0036415,0.0,0.0,0.0,0.0,0.0,0.0,0.0,2.0,2.0,10.0,0.0,V.Jefferson,TEN,team_norm & _alias_init_last,0.0,0.0,0.0,0.0,0.0,0.0,0.0,-2.0,-2.0,-10.0,0.0
2025,2,0.0,2025_02_NE_MIA,Miami Dolphins,Alec Ingold,FB,00-0035125,1.0,0.0,0.0,0.0,0.0,0.0,0.0,0.0,0.0,0.0,0.0,0.0,0.0,55.0,35.36,16.5,198.4,60.3,4.195834064034389,0.5914711212182553,0.8840531009957326,1.0,1.0,alec ingold,alecingold,aingold,Miami Dolphins,00-0035125,0.0,0.0,0.0,0.0,0.0,0.0,0.0,2.0,2.0,13.0,0.0,A.Ingold,MIA,team_norm & _alias_init_last,0.0,0.0,0.0,0.0,0.0,0.0,0.0,-2.0,-2.0,-13.0,0.0
2025,2,0.0,2025_02_NE_MIA,Miami Dolphins,Tua Tagovailoa,QB,00-0036212,1.0,38.51,211.0,3.07,0.75,1.29,3.7,0.05,0.0,0.0,0.0,0.0,0.0531,55.0,35.36,16.5,198.4,60.3,4.195834064034389,0.5914711212182553,0.8840531009957326,1.0,1.0,tua tagovailoa,tuatagovailoa,ttagovailoa,Miami Dolphins,00-0036212,42.0,315.0,2.0,1.0,0.0,0.0,0.0,0.0,0.0,0.0,0.0,T.Tagovailoa,MIA,team_norm & _alias_init_last,-3.490000000000002,-104.0,1.0699999999999998,-0.25,1.29,3.7,0.05,0.0,0.0,0.0,0.0
2025,2,0.0,2025_02_NE_MIA,Miami Dolphins,De'Von Achane,RB,00-0039040,1.0,0.0,0.0,0.0,0.0,11.18,33.7,0.41,4.73,3.87,18.2,0.57,0.6275,55.0,35.36,16.5,198.4,60.3,4.195834064034389,0.5914711212182553,0.8840531009957326,1.0,1.0,de'von achane,devonachane,dachane,Miami Dolphins,00-0039040,0.0,0.0,0.0,0.0,11.0,30.0,0.0,10.0,8.0,92.0,1.0,D.Achane,MIA,team_norm & _alias_init_last,0.0,0.0,0.0,0.0,0.17999999999999972,3.700000000000003,0.41,-5.27,-4.13,-73.8,-0.43000000000000005
2025,2,0.0,2025_02_NE_MIA,Miami Dolphins,Ollie Gordon II,RB,00-0040198,1.0,0.0,0.0,0.0,0.0,4.03,12.8,0.16,2.14,1.7,10.8,0.26,0.3381,55.0,35.36,16.5,198.4,60.3,4.195834064034389,0.5914711212182553,0.8840531009957326,1.0,1.0,ollie gordon ii,olliegordonii,ogordon,Miami Dolphins,00-0040198,0.0,0.0,0.0,0.0,1.0,8.0,0.0,1.0,1.0,5.0,0.0,O.Gordon,MIA,team_norm & _alias_init_last,0.0,0.0,0.0,0.0,3.0300000000000002,4.800000000000001,0.16,1.1400000000000001,0.7,5.800000000000001,0.26
2025,2,0.0,2025_02_NE_MIA,Miami Dolphins,Jeff Wilson,RB,00-0034115,1.0,0.0,0.0,0.0,0.0,0.0,0.0,0.0,0.0,0.0,0.0,0.0,0.0,55.0,35.36,16.5,198.4,60.3,4.195834064034389,0.5914711212182553,0.8840531009957326,1.0,1.0,jeff wilson,jeffwilson,jwilson,Miami Dolphins,00-0034115,,,,,,,,,,,,,,,,,,,,,,,,,
2025,2,0.0,2025_02_NE_MIA,Miami Dolphins,Julian Hill,TE,00-0038720,1.0,0.0,0.0,0.0,0.0,0.0,0.0,0.0,5.46,3.97,28.2,0.64,0.4733,55.0,35.36,16.5,198.4,60.3,4.195834064034389,0.5914711212182553,0.8840531009957326,1.0,1.0,julian hill,julianhill,jhill,Miami Dolphins,00-0038720,0.0,0.0,0.0,0.0,3.0,7.0,0.0,3.0,3.0,18.0,0.0,J.Hill,BAL,_alias_init_last,0.0,0.0,0.0,0.0,-3.0,-7.0,0.0,2.46,0.9700000000000002,10.2,0.64
2025,2,0.0,2025_02_NE_MIA,Miami Dolphins,Tanner Conner,TE,,1.0,0.0,0.0,0.0,0.0,0.0,0.0,0.0,2.88,2.12,22.7,0.34,0.2896,55.0,35.36,16.5,198.4,60.3,4.195834064034389,0.5914711212182553,0.8840531009957326,0.0,1.0,tanner conner,tannerconner,tconner,Miami Dolphins,,,,,,,,,,,,,,,,,,,,,,,,,,
2025,2,0.0,2025_02_NE_MIA,Miami Dolphins,Chris Myarick,TE,00-0035345,1.0,0.0,0.0,0.0,0.0,0.0,0.0,0.0,0.0,0.0,0.0,0.0,0.0,55.0,35.36,16.5,198.4,60.3,4.195834064034389,0.5914711212182553,0.8840531009957326,0.0,0.0,chris myarick,chrismyarick,cmyarick,Miami Dolphins,00-0035345,,,,,,,,,,,,,,,,,,,,,,,,,
2025,2,0.0,2025_02_NE_MIA,Miami Dolphins,Tyreek Hill,WR,00-0033040,1.0,0.0,0.0,0.0,0.0,0.0,0.0,0.0,7.96,5.03,36.1,0.87,0.5821,55.0,35.36,16.5,198.4,60.3,4.195834064034389,0.5914711212182553,0.8840531009957326,1.0,1.0,tyreek hill,tyreekhill,thill,Miami Dolphins,00-0033040,0.0,0.0,0.0,0.0,0.0,0.0,0.0,8.0,6.0,109.0,0.0,T.Hill,MIA,team_norm & _alias_init_last,0.0,0.0,0.0,0.0,0.0,0.0,0.0,-0.040000000000000036,-0.9699999999999998,-72.9,0.87
2025,2,0.0,2025_02_NE_MIA,Miami Dolphins,Jaylen Waddle,WR,00-0036613,1.0,0.0,0.0,0.0,0.0,0.0,0.0,0.0,5.87,3.54,25.6,0.63,0.4701,55.0,35.36,16.5,198.4,60.3,4.195834064034389,0.5914711212182553,0.8840531009957326,1.0,1.0,jaylen waddle,jaylenwaddle,jwaddle,Miami Dolphins,00-0036613,0.0,0.0,0.0,0.0,0.0,0.0,0.0,7.0,5.0,68.0,1.0,J.Waddle,MIA,team_norm & _alias_init_last,0.0,0.0,0.0,0.0,0.0,0.0,0.0,-1.13,-1.46,-42.4,-0.37
2025,2,0.0,2025_02_NE_MIA,Miami Dolphins,Malik Washington,WR,00-0039880,1.0,0.0,0.0,0.0,0.0,0.0,0.0,0.0,4.58,3.08,23.1,0.52,0.4064,55.0,35.36,16.5,198.4,60.3,4.195834064034389,0.5914711212182553,0.8840531009957326,1.0,1.0,malik washington,malikwashington,mwashington,Miami Dolphins,00-0039880,0.0,0.0,0.0,0.0,3.0,23.0,0.0,4.0,1.0,2.0,0.0,M.Washington,MIA,team_norm & _alias_init_last,0.0,0.0,0.0,0.0,-3.0,-23.0,0.0,0.5800000000000001,2.08,21.1,0.52
2025,2,0.0,2025_02_NE_MIA,Miami Dolphins,Nick Westbrook-Ikhine,WR,00-0036182,1.0,0.0,0.0,0.0,0.0,0.0,0.0,0.0,0.9,0.45,3.9,0.1,0.0963,55.0,35.36,16.5,198.4,60.3,4.195834064034389,0.5914711212182553,0.8840531009957326,1.0,1.0,nick westbrook-ikhine,nickwestbrookikhine,nwestbrookikhine,Miami Dolphins,00-0036182,0.0,0.0,0.0,0.0,0.0,0.0,0.0,3.0,2.0,18.0,0.0,N.Westbrook-Ikhine,MIA,team_norm & _alias_init_last,0.0,0.0,0.0,0.0,0.0,0.0,0.0,-2.1,-1.55,-14.1,0.1
2025,2,0.0,2025_02_NE_MIA,Miami Dolphins,Dee Eskridge,WR,00-0036620,1.0,0.0,0.0,0.0,0.0,0.0,0.0,0.0,0.86,0.5,5.3,0.1,0.093,55.0,35.36,16.5,198.4,60.3,4.195834064034389,0.5914711212182553,0.8840531009957326,1.0,1.0,dee eskridge,deeeskridge,deskridge,Miami Dolphins,00-0036620,0.0,0.0,0.0,0.0,0.0,0.0,0.0,1.0,1.0,8.0,0.0,D.Eskridge,MIA,team_norm & _alias_init_last,0.0,0.0,0.0,0.0,0.0,0.0,0.0,-0.14,-0.5,-2.7,0.1
2025,2,0.0,2025_02_NE_MIA,Miami Dolphins,Cedrick Wilson Jr.,WR,00-0034418,1.0,0.0,0.0,0.0,0.0,0.0,0.0,0.0,0.0,0.0,0.0,0.0,0.0,55.0,35.36,16.5,198.4,60.3,4.195834064034389,0.5914711212182553,0.8840531009957326,0.0,0.0,cedrick wilson jr.,cedrickwilsonjr,cwilson,Miami Dolphins,00-0034418,,,,,,,,,,,,,,,,,,,,,,,,,
2025,2,0.0,2025_02_NE_MIA,New England Patriots,Joshua Dobbs,QB,00-0033949,1.0,0.0,0.0,0.0,0.0,4.02,11.1,0.06,0.0,0.0,0.0,0.0,0.0626,72.0,47.51,21.6,266.5,78.9,1.7498618755599071,0.3042132849110677,1.1877611526586622,1.0,1.0,joshua dobbs,joshuadobbs,jdobbs,New England Patriots,,,,,,,,,,,,,,,,,,,,,,,,,,
2025,2,0.0,2025_02_NE_MIA,New England Patriots,Drake Maye,QB,00-0039851,1.0,44.18,224.4,1.38,1.01,4.02,11.2,0.06,0.0,0.0,0.0,0.0,0.0623,72.0,47.51,21.6,266.5,78.9,1.7498618755599071,0.3042132849110677,1.1877611526586622,1.0,1.0,drake maye,drakemaye,dmaye,New England Patriots,00-0039851,32.0,230.0,2.0,0.0,3.0,5.0,0.0,0.0,0.0,0.0,0.0,D.Maye,NE,team_norm & _alias_init_last,12.18,-5.599999999999994,-0.6200000000000001,1.01,1.0199999999999996,6.199999999999999,0.06,0.0,0.0,0.0,0.0
2025,2,0.0,2025_02_NE_MIA,New England Patriots,Rhamondre Stevenson,RB,00-0036875,1.0,0.0,0.0,0.0,0.0,8.31,25.1,0.14,4.91,3.78,20.2,0.18,0.2779,72.0,47.51,21.6,266.5,78.9,1.7498618755599071,0.3042132849110677,1.1877611526586622,1.0,1.0,rhamondre stevenson,rhamondrestevenson,rstevenson,New England Patriots,00-0036875,0.0,0.0,0.0,0.0,13.0,54.0,0.0,5.0,5.0,88.0,0.0,R.Stevenson,NE,team_norm & _alias_init_last,0.0,0.0,0.0,0.0,-4.6899999999999995,-28.9,0.14,-0.08999999999999986,-1.2200000000000002,-67.8,0.18
2025,2,0.0,2025_02_NE_MIA,New England Patriots,TreVeyon Henderson,RB,00-0040734,1.0,0.0,0.0,0.0,0.0,4.79,15.0,0.05,4.86,4.03,22.7,0.18,0.2037,72.0,47.51,21.6,266.5,78.9,1.7498618755599071,0.3042132849110677,1.1877611526586622,1.0,1.0,treveyon henderson,treveyonhenderson,thenderson,New England Patriots,00-0040734,0.0,0.0,0.0,0.0,4.0,10.0,0.0,2.0,2.0,30.0,0.0,T.Henderson,NE,team_norm & _alias_init_last,0.0,0.0,0.0,0.0,0.79,5.0,0.05,2.8600000000000003,2.0300000000000002,-7.300000000000001,0.18
2025,2,0.0,2025_02_NE_MIA,New England Patriots,Antonio Gibson,RB,00-0036328,1.0,0.0,0.0,0.0,0.0,0.47,1.4,0.0,0.54,0.42,2.3,0.02,0.0191,72.0,47.51,21.6,266.5,78.9,1.7498618755599071,0.3042132849110677,1.1877611526586622,1.0,1.0,antonio gibson,antoniogibson,agibson,New England Patriots,00-0036328,0.0,0.0,0.0,0.0,5.0,27.0,0.0,1.0,1.0,1.0,0.0,A.Gibson,NE,team_norm & _alias_init_last,0.0,0.0,0.0,0.0,-4.53,-25.6,0.0,-0.45999999999999996,-0.5800000000000001,1.2999999999999998,0.02
2025,2,0.0,2025_02_NE_MIA,New England Patriots,Hunter Henry,TE,00-0033090,1.0,0.0,0.0,0.0,0.0,0.0,0.0,0.0,10.45,8.14,47.5,0.36,0.3025,72.0,47.51,21.6,266.5,78.9,1.7498618755599071,0.3042132849110677,1.1877611526586622,1.0,1.0,hunter henry,hunterhenry,hhenry,New England Patriots,00-0033090,0.0,0.0,0.0,0.0,0.0,0.0,0.0,4.0,1.0,9.0,0.0,H.Henry,NE,team_norm & _alias_init_last,0.0,0.0,0.0,0.0,0.0,0.0,0.0,6.449999999999999,7.140000000000001,38.5,0.36
2025,2,0.0,2025_02_NE_MIA,New England Patriots,Austin Hooper,TE,00-0032392,1.0,0.0,0.0,0.0,0.0,0.0,0.0,0.0,3.67,2.91,16.3,0.12,0.117,72.0,47.51,21.6,266.5,78.9,1.7498618755599071,0.3042132849110677,1.1877611526586622,1.0,1.0,austin hooper,austinhooper,ahooper,New England Patriots,00-0032392,0.0,0.0,0.0,0.0,0.0,0.0,0.0,3.0,3.0,38.0,0.0,A.Hooper,NE,team_norm & _alias_init_last,0.0,0.0,0.0,0.0,0.0,0.0,0.0,0.6699999999999999,-0.08999999999999986,-21.7,0.12
2025,2,0.0,2025_02_NE_MIA,New England Patriots,Cole Fotheringham,TE,00-0037506,1.0,0.0,0.0,0.0,0.0,0.0,0.0,0.0,0.07,0.05,0.5,0.0,0.0025,72.0,47.51,21.6,266.5,78.9,1.7498618755599071,0.3042132849110677,1.1877611526586622,0.0,0.0,cole fotheringham,colefotheringham,cfotheringham,New England Patriots,00-0037506,,,,,,,,,,,,,,,,,,,,,,,,,
2025,2,0.0,2025_02_NE_MIA,New England Patriots,Kayshon Boutte,WR,00-0038608,1.0,0.0,0.0,0.0,0.0,0.0,0.0,0.0,8.85,5.16,45.2,0.3,0.2598,72.0,47.51,21.6,266.5,78.9,1.7498618755599071,0.3042132849110677,1.1877611526586622,1.0,1.0,kayshon boutte,kayshonboutte,kboutte,New England Patriots,00-0038608,0.0,0.0,0.0,0.0,0.0,0.0,0.0,1.0,1.0,16.0,1.0,K.Boutte,NE,team_norm & _alias_init_last,0.0,0.0,0.0,0.0,0.0,0.0,0.0,7.85,4.16,29.200000000000003,-0.7
2025,2,0.0,2025_02_NE_MIA,New England Patriots,Stefon Diggs,WR,00-0031588,1.0,0.0,0.0,0.0,0.0,0.0,0.0,0.0,7.27,4.94,31.9,0.25,0.2194,72.0,47.51,21.6,266.5,78.9,1.7498618755599071,0.3042132849110677,1.1877611526586622,1.0,1.0,stefon diggs,stefondiggs,sdiggs,New England Patriots,00-0031588,0.0,0.0,0.0,0.0,0.0,0.0,0.0,5.0,4.0,32.0,0.0,S.Diggs,NE,team_norm & _alias_init_last,0.0,0.0,0.0,0.0,0.0,0.0,0.0,2.2699999999999996,0.9400000000000004,-0.10000000000000142,0.25
2025,2,0.0,2025_02_NE_MIA,New England Patriots,Mack Hollins,WR,00-0033555,1.0,0.0,0.0,0.0,0.0,0.0,0.0,0.0,3.34,1.99,14.4,0.11,0.1077,72.0,47.51,21.6,266.5,78.9,1.7498618755599071,0.3042132849110677,1.1877611526586622,1.0,1.0,mack hollins,mackhollins,mhollins,New England Patriots,00-0033555,0.0,0.0,0.0,0.0,0.0,0.0,0.0,2.0,1.0,8.0,1.0,M.Hollins,NE,team_norm & _alias_init_last,0.0,0.0,0.0,0.0,0.0,0.0,0.0,1.3399999999999999,0.99,6.4,-0.89
2025,2,0.0,2025_02_NE_MIA,New England Patriots,DeMario Douglas,WR,00-0038621,1.0,0.0,0.0,0.0,0.0,0.0,0.0,0.0,2.81,1.77,12.6,0.09,0.09,72.0,47.51,21.6,266.5,78.9,1.7498618755599071,0.3042132849110677,1.1877611526586622,1.0,1.0,demario douglas,demariodouglas,ddouglas,New England Patriots,00-0038621,0.0,0.0,0.0,0.0,0.0,0.0,0.0,1.0,1.0,8.0,0.0,D.Douglas,NE,team_norm & _alias_init_last,0.0,0.0,0.0,0.0,0.0,0.0,0.0,1.81,0.77,4.6,0.09
2025,2,0.0,2025_02_NE_MIA,New England Patriots,Kyle Williams,WR,00-0040131,1.0,0.0,0.0,0.0,0.0,0.0,0.0,0.0,0.47,0.26,3.0,0.02,0.0164,72.0,47.51,21.6,266.5,78.9,1.7498618755599071,0.3042132849110677,1.1877611526586622,1.0,1.0,kyle williams,kylewilliams,kwilliams,New England Patriots,00-0040131,0.0,0.0,0.0,0.0,17.0,66.0,0.0,2.0,2.0,14.0,0.0,K.Williams,LA,_alias_init_last,0.0,0.0,0.0,0.0,-17.0,-66.0,0.0,-1.53,-1.74,-11.0,0.02
2025,2,0.0,2025_02_NE_MIA,New England Patriots,Brandon Smith,WR,00-0036775,1.0,0.0,0.0,0.0,0.0,0.0,0.0,0.0,0.1,0.06,0.9,0.0,0.0038,72.0,47.51,21.6,266.5,78.9,1.7498618755599071,0.3042132849110677,1.1877611526586622,0.0,0.0,brandon smith,brandonsmith,bsmith,New England Patriots,00-0036775,0.0,0.0,0.0,0.0,1.0,2.0,0.0,1.0,0.0,0.0,0.0,B.Smith,KC,_alias_init_last,0.0,0.0,0.0,0.0,-1.0,-2.0,0.0,-0.9,0.06,0.9,0.0
2025,2,0.0,2025_02_NYG_DAL,Dallas Cowboys,Dak Prescott,QB,00-0033077,1.0,45.64,295.0,2.38,0.94,1.52,5.4,0.08,0.0,0.0,0.0,0.0,0.0814,71.78,44.33,25.12,334.2,123.4,3.4057207115703685,0.9699547824437548,1.1082302482546496,1.0,1.0,dak prescott,dakprescott,dprescott,Dallas Cowboys,,62.0,361.0,2.0,1.0,1.0,0.0,0.0,0.0,0.0,0.0,0.0,D.Prescott,DAL,team_norm & _alias_init_last,-16.36,-66.0,0.3799999999999999,-0.06000000000000005,0.52,5.4,0.08,0.0,0.0,0.0,0.0
2025,2,0.0,2025_02_NYG_DAL,Dallas Cowboys,Joe Milton III,QB,00-0039398,1.0,0.0,0.0,0.0,0.0,1.52,6.3,0.08,0.0,0.0,0.0,0.0,0.0727,71.78,44.33,25.12,334.2,123.4,3.4057207115703685,0.9699547824437548,1.1082302482546496,1.0,1.0,joe milton iii,joemiltoniii,jmilton,Dallas Cowboys,00-0039398,,,,,,,,,,,,,,,,,,,,,,,,,
2025,2,0.0,2025_02_NYG_DAL,Dallas Cowboys,Javonte Williams,RB,00-0036997,1.0,0.0,0.0,0.0,0.0,16.49,65.1,0.65,5.16,3.86,28.5,0.4,0.6522,71.78,44.33,25.12,334.2,123.4,3.4057207115703685,0.9699547824437548,1.1082302482546496,1.0,1.0,javonte williams,javontewilliams,jwilliams,Dallas Cowboys,00-0036997,0.0,0.0,0.0,0.0,18.0,97.0,1.0,7.0,6.0,33.0,0.0,J.Williams,DAL,team_norm & _alias_init_last,0.0,0.0,0.0,0.0,-1.5100000000000016,-31.900000000000006,-0.35,-1.8399999999999999,-2.14,-4.5,0.4
2025,2,0.0,2025_02_NYG_DAL,Dallas Cowboys,Miles Sanders,RB,00-0035243,1.0,0.0,0.0,0.0,0.0,5.59,21.9,0.23,2.63,1.93,14.5,0.2,0.3431,71.78,44.33,25.12,334.2,123.4,3.4057207115703685,0.9699547824437548,1.1082302482546496,1.0,1.0,miles sanders,milessanders,msanders,Dallas Cowboys,00-0035243,0.0,0.0,0.0,0.0,6.0,15.0,1.0,2.0,2.0,4.0,0.0,M.Sanders,DAL,team_norm & _alias_init_last,0.0,0.0,0.0,0.0,-0.41000000000000014,6.899999999999999,-0.77,0.6299999999999999,-0.07000000000000006,10.5,0.2
2025,2,0.0,2025_02_NYG_DAL,Dallas Cowboys,Jake Ferguson,TE,00-0038041,1.0,0.0,0.0,0.0,0.0,0.0,0.0,0.0,8.77,7.38,47.7,0.65,0.4755,71.78,44.33,25.12,334.2,123.4,3.4057207115703685,0.9699547824437548,1.1082302482546496,1.0,1.0,jake ferguson,jakeferguson,jferguson,Dallas Cowboys,00-0038041,0.0,0.0,0.0,0.0,0.0,0.0,0.0,12.0,9.0,78.0,0.0,J.Ferguson,DAL,team_norm & _alias_init_last,0.0,0.0,0.0,0.0,0.0,0.0,0.0,-3.2300000000000004,-1.62,-30.299999999999997,0.65
2025,2,0.0,2025_02_NYG_DAL,Dallas Cowboys,Luke Schoonmaker,TE,00-0038547,1.0,0.0,0.0,0.0,0.0,0.0,0.0,0.0,3.08,2.24,18.2,0.22,0.1955,71.78,44.33,25.12,334.2,123.4,3.4057207115703685,0.9699547824437548,1.1082302482546496,1.0,1.0,luke schoonmaker,lukeschoonmaker,lschoonmaker,Dallas Cowboys,00-0038547,0.0,0.0,0.0,0.0,0.0,0.0,0.0,2.0,0.0,0.0,0.0,L.Schoonmaker,DAL,team_norm & _alias_init_last,0.0,0.0,0.0,0.0,0.0,0.0,0.0,1.08,2.24,18.2,0.22
2025,2,0.0,2025_02_NYG_DAL,Dallas Cowboys,Brevyn Spann-Ford,TE,00-0039530,1.0,0.0,0.0,0.0,0.0,0.0,0.0,0.0,0.6,0.45,4.3,0.04,0.0434,71.78,44.33,25.12,334.2,123.4,3.4057207115703685,0.9699547824437548,1.1082302482546496,1.0,1.0,brevyn spann-ford,brevynspannford,bspannford,Dallas Cowboys,00-0039530,0.0,0.0,0.0,0.0,0.0,0.0,0.0,1.0,1.0,3.0,0.0,B.Spann-Ford,DAL,team_norm & _alias_init_last,0.0,0.0,0.0,0.0,0.0,0.0,0.0,-0.4,-0.55,1.2999999999999998,0.04
2025,2,0.0,2025_02_NYG_DAL,Dallas Cowboys,CeeDee Lamb,WR,00-0036358,1.0,0.0,0.0,0.0,0.0,0.0,0.0,0.0,12.87,7.88,76.5,0.93,0.6074,71.78,44.33,25.12,334.2,123.4,3.4057207115703685,0.9699547824437548,1.1082302482546496,1.0,1.0,ceedee lamb,ceedeelamb,clamb,Dallas Cowboys,00-0036358,0.0,0.0,0.0,0.0,0.0,0.0,0.0,12.0,9.0,112.0,0.0,C.Lamb,DAL,team_norm & _alias_init_last,0.0,0.0,0.0,0.0,0.0,0.0,0.0,0.8699999999999992,-1.12,-35.5,0.93
2025,2,0.0,2025_02_NYG_DAL,Dallas Cowboys,George Pickens,WR,00-0037247,1.0,0.0,0.0,0.0,0.0,0.0,0.0,0.0,5.41,2.96,30.1,0.39,0.323,71.78,44.33,25.12,334.2,123.4,3.4057207115703685,0.9699547824437548,1.1082302482546496,1.0,1.0,george pickens,georgepickens,gpickens,Dallas Cowboys,00-0037247,0.0,0.0,0.0,0.0,0.0,0.0,0.0,12.0,5.0,68.0,1.0,G.Pickens,DAL,team_norm & _alias_init_last,0.0,0.0,0.0,0.0,0.0,0.0,0.0,-6.59,-2.04,-37.9,-0.61
2025,2,0.0,2025_02_NYG_DAL,Dallas Cowboys,Jalen Tolbert,WR,00-0037666,1.0,0.0,0.0,0.0,0.0,0.0,0.0,0.0,3.3,1.85,20.3,0.24,0.2164,71.78,44.33,25.12,334.2,123.4,3.4057207115703685,0.9699547824437548,1.1082302482546496,1.0,1.0,jalen tolbert,jalentolbert,jtolbert,Dallas Cowboys,00-0037666,0.0,0.0,0.0,0.0,0.0,0.0,0.0,5.0,2.0,16.0,0.0,J.Tolbert,DAL,team_norm & _alias_init_last,0.0,0.0,0.0,0.0,0.0,0.0,0.0,-1.7000000000000002,-0.1499999999999999,4.300000000000001,0.24
2025,2,0.0,2025_02_NYG_DAL,Dallas Cowboys,KaVontae Turpin,WR,00-0037801,1.0,0.0,0.0,0.0,0.0,0.0,0.0,0.0,0.91,0.54,5.7,0.07,0.0656,71.78,44.33,25.12,334.2,123.4,3.4057207115703685,0.9699547824437548,1.1082302482546496,1.0,1.0,kavontae turpin,kavontaeturpin,kturpin,Dallas Cowboys,00-0037801,0.0,0.0,0.0,0.0,2.0,6.0,0.0,4.0,4.0,47.0,1.0,K.Turpin,DAL,team_norm & _alias_init_last,0.0,0.0,0.0,0.0,-2.0,-6.0,0.0,-3.09,-3.46,-41.3,-0.9299999999999999
2025,2,0.0,2025_02_NYG_DAL,Dallas Cowboys,Ryan Flournoy,WR,00-0039410,1.0,0.0,0.0,0.0,0.0,0.0,0.0,0.0,0.0,0.0,0.0,0.0,0.0,71.78,44.33,25.12,334.2,123.4,3.4057207115703685,0.9699547824437548,1.1082302482546496,1.0,1.0,ryan flournoy,ryanflournoy,rflournoy,Dallas Cowboys,00-0039410,,,,,,,,,,,,,,,,,,,,,,,,,
2025,2,0.0,2025_02_NYG_DAL,New York Giants,Jaxson Dart,QB,00-0040691,1.0,0.0,0.0,0.0,0.0,4.99,14.4,0.06,0.0,0.0,0.0,0.0,0.0577,72.0,47.98,21.6,269.2,78.9,1.929159091303336,0.2325216599378572,1.1994894545454546,1.0,1.0,jaxson dart,jaxsondart,jdart,New York Giants,00-0040691,0.0,0.0,0.0,0.0,1.0,-3.0,0.0,0.0,0.0,0.0,0.0,J.Dart,NYG,team_norm & _alias_init_last,0.0,0.0,0.0,0.0,3.99,17.4,0.06,0.0,0.0,0.0,0.0
2025,2,0.0,2025_02_NYG_DAL,New York Giants,Russell Wilson,QB,00-0029263,1.0,46.18,238.2,1.76,1.02,4.99,13.6,0.06,0.0,0.0,0.0,0.0,0.056,72.0,47.98,21.6,269.2,78.9,1.929159091303336,0.2325216599378572,1.1994894545454546,1.0,1.0,russell wilson,russellwilson,rwilson,New York Giants,00-0029263,46.0,450.0,3.0,1.0,2.0,8.0,0.0,0.0,0.0,0.0,0.0,R.Wilson,NYG,team_norm & _alias_init_last,0.17999999999999972,-211.8,-1.24,0.020000000000000018,2.99,5.6,0.06,0.0,0.0,0.0,0.0
2025,2,0.0,2025_02_NYG_DAL,New York Giants,Cam Skattebo,RB,00-0040715,1.0,0.0,0.0,0.0,0.0,3.79,12.0,0.09,4.96,3.81,23.3,0.2,0.2551,72.0,47.98,21.6,269.2,78.9,1.929159091303336,0.2325216599378572,1.1994894545454546,1.0,1.0,cam skattebo,camskattebo,cskattebo,New York Giants,00-0040715,0.0,0.0,0.0,0.0,12.0,45.0,1.0,3.0,2.0,14.0,0.0,C.Skattebo,NYG,team_norm & _alias_init_last,0.0,0.0,0.0,0.0,-8.21,-33.0,-0.91,1.96,1.81,9.3,0.2
2025,2,0.0,2025_02_NYG_DAL,New York Giants,Tyrone Tracy Jr.,RB,00-0039384,1.0,0.0,0.0,0.0,0.0,6.81,20.1,0.05,5.48,4.0,21.5,0.22,0.2313,72.0,47.98,21.6,269.2,78.9,1.929159091303336,0.2325216599378572,1.1994894545454546,1.0,1.0,tyrone tracy jr.,tyronetracyjr,ttracy,New York Giants,00-0039384,0.0,0.0,0.0,0.0,5.0,15.0,0.0,5.0,4.0,36.0,0.0,T.Tracy,NYG,team_norm & _alias_init_last,0.0,0.0,0.0,0.0,1.8099999999999996,5.100000000000001,0.05,0.4800000000000004,0.0,-14.5,0.22
2025,2,0.0,2025_02_NYG_DAL,New York Giants,Devin Singletary,RB,00-0035250,1.0,0.0,0.0,0.0,0.0,1.0,3.0,0.0,0.0,0.0,0.0,0.0,0.0,72.0,47.98,21.6,269.2,78.9,1.929159091303336,0.2325216599378572,1.1994894545454546,1.0,1.0,devin singletary,devinsingletary,dsingletary,New York Giants,00-0035250,0.0,0.0,0.0,0.0,1.0,4.0,0.0,1.0,1.0,-4.0,0.0,D.Singletary,NYG,team_norm & _alias_init_last,0.0,0.0,0.0,0.0,0.0,-1.0,0.0,-1.0,-1.0,4.0,0.0
2025,2,0.0,2025_02_NYG_DAL,New York Giants,Theo Johnson,TE,00-0039847,1.0,0.0,0.0,0.0,0.0,0.0,0.0,0.0,9.05,6.18,38.1,0.33,0.2842,72.0,47.98,21.6,269.2,78.9,1.929159091303336,0.2325216599378572,1.1994894545454546,1.0,1.0,theo johnson,theojohnson,tjohnson,New York Giants,00-0039847,0.0,0.0,0.0,0.0,0.0,0.0,0.0,5.0,4.0,34.0,0.0,T.Johnson,NYG,team_norm & _alias_init_last,0.0,0.0,0.0,0.0,0.0,0.0,0.0,4.050000000000001,2.1799999999999997,4.100000000000001,0.33
2025,2,0.0,2025_02_NYG_DAL,New York Giants,Daniel Bellinger,TE,00-0038115,1.0,0.0,0.0,0.0,0.0,0.0,0.0,0.0,4.34,3.75,18.7,0.16,0.1493,72.0,47.98,21.6,269.2,78.9,1.929159091303336,0.2325216599378572,1.1994894545454546,1.0,1.0,daniel bellinger,danielbellinger,dbellinger,New York Giants,00-0038115,,,,,,,,,,,,,,,,,,,,,,,,,
2025,2,0.0,2025_02_NYG_DAL,New York Giants,Chris Manhertz,TE,00-0031484,1.0,0.0,0.0,0.0,0.0,0.0,0.0,0.0,0.0,0.0,0.0,0.0,0.0,72.0,47.98,21.6,269.2,78.9,1.929159091303336,0.2325216599378572,1.1994894545454546,1.0,1.0,chris manhertz,chrismanhertz,cmanhertz,New York Giants,00-0031484,,,,,,,,,,,,,,,,,,,,,,,,,
2025,2,0.0,2025_02_NYG_DAL,New York Giants,Jermaine Terry,TE,00-0040457,1.0,0.0,0.0,0.0,0.0,0.0,0.0,0.0,0.0,0.0,0.0,0.0,0.0,72.0,47.98,21.6,269.2,78.9,1.929159091303336,0.2325216599378572,1.1994894545454546,0.0,0.0,jermaine terry,jermaineterry,jterry,New York Giants,00-0040457,,,,,,,,,,,,,,,,,,,,,,,,,
2025,2,0.0,2025_02_NYG_DAL,New York Giants,Malik Nabers,WR,00-0039337,1.0,0.0,0.0,0.0,0.0,0.0,0.0,0.0,12.81,7.28,63.2,0.48,0.3788,72.0,47.98,21.6,269.2,78.9,1.929159091303336,0.2325216599378572,1.1994894545454546,1.0,1.0,malik nabers,maliknabers,mnabers,New York Giants,00-0039337,0.0,0.0,0.0,0.0,0.0,0.0,0.0,13.0,9.0,167.0,2.0,M.Nabers,NYG,team_norm & _alias_init_last,0.0,0.0,0.0,0.0,0.0,0.0,0.0,-0.1899999999999995,-1.7199999999999998,-103.8,-1.52
2025,2,0.0,2025_02_NYG_DAL,New York Giants,Wan'Dale Robinson,WR,00-0038117,1.0,0.0,0.0,0.0,0.0,0.0,0.0,0.0,8.25,5.32,37.3,0.3,0.2591,72.0,47.98,21.6,269.2,78.9,1.929159091303336,0.2325216599378572,1.1994894545454546,1.0,1.0,wan'dale robinson,wandalerobinson,wrobinson,New York Giants,,0.0,0.0,0.0,0.0,0.0,0.0,0.0,10.0,8.0,142.0,1.0,W.Robinson,NYG,team_norm & _alias_init_last,0.0,0.0,0.0,0.0,0.0,0.0,0.0,-1.75,-2.6799999999999997,-104.7,-0.7
2025,2,0.0,2025_02_NYG_DAL,New York Giants,Darius Slayton,WR,00-0035535,1.0,0.0,0.0,0.0,0.0,0.0,0.0,0.0,2.91,1.6,12.5,0.1,0.0996,72.0,47.98,21.6,269.2,78.9,1.929159091303336,0.2325216599378572,1.1994894545454546,1.0,1.0,darius slayton,dariusslayton,dslayton,New York Giants,00-0035535,0.0,0.0,0.0,0.0,0.0,0.0,0.0,4.0,2.0,61.0,0.0,D.Slayton,NYG,team_norm & _alias_init_last,0.0,0.0,0.0,0.0,0.0,0.0,0.0,-1.0899999999999999,-0.3999999999999999,-48.5,0.1
2025,2,0.0,2025_02_NYG_DAL,New York Giants,Antwane Wells Jr.,WR,00-0040438,1.0,0.0,0.0,0.0,0.0,0.0,0.0,0.0,0.0,0.0,0.0,0.0,0.0,72.0,47.98,21.6,269.2,78.9,1.929159091303336,0.2325216599378572,1.1994894545454546,0.0,0.0,antwane wells jr.,antwanewellsjr,awells,New York Giants,00-0040438,,,,,,,,,,,,,,,,,,,,,,,,,
2025,2,0.0,2025_02_NYG_DAL,New York Giants,Beaux Collins,WR,00-0040432,1.0,0.0,0.0,0.0,0.0,0.0,0.0,0.0,0.0,0.0,0.0,0.0,0.0,72.0,47.98,21.6,269.2,78.9,1.929159091303336,0.2325216599378572,1.1994894545454546,1.0,1.0,beaux collins,beauxcollins,bcollins,New York Giants,00-0040432,,,,,,,,,,,,,,,,,,,,,,,,,
2025,2,0.0,2025_02_NYG_DAL,New York Giants,Gunner Olszewski,WR,00-0035645,1.0,0.0,0.0,0.0,0.0,0.0,0.0,0.0,0.0,0.0,0.0,0.0,0.0,72.0,47.98,21.6,269.2,78.9,1.929159091303336,0.2325216599378572,1.1994894545454546,1.0,1.0,gunner olszewski,gunnerolszewski,golszewski,New York Giants,,,,,,,,,,,,,,,,,,,,,,,,,,
2025,2,0.0,2025_02_NYG_DAL,New York Giants,Jalin Hyatt,WR,00-0038938,1.0,0.0,0.0,0.0,0.0,0.0,0.0,0.0,0.0,0.0,0.0,0.0,0.0,72.0,47.98,21.6,269.2,78.9,1.929159091303336,0.2325216599378572,1.1994894545454546,1.0,1.0,jalin hyatt,jalinhyatt,jhyatt,New York Giants,00-0038938,,,,,,,,,,,,,,,,,,,,,,,,,
2025,2,0.0,2025_02_PHI_KC,Kansas City Chiefs,Patrick Mahomes,QB,00-0033873,1.0,48.0,278.9,2.04,1.03,4.04,13.6,0.09,0.0,0.0,0.0,0.0,0.0864,72.0,48.47,21.6,315.1,91.5,2.513864897776564,0.4449211892170779,1.2116588936170214,1.0,1.0,patrick mahomes,patrickmahomes,pmahomes,Kansas City Chiefs,00-0033873,41.0,187.0,1.0,1.0,0.0,0.0,0.0,0.0,0.0,0.0,0.0,P.Mahomes,KC,team_norm & _alias_init_last,7.0,91.89999999999998,1.04,0.030000000000000027,4.04,13.6,0.09,0.0,0.0,0.0,0.0
2025,2,0.0,2025_02_PHI_KC,Kansas City Chiefs,Isiah Pacheco,RB,00-0037197,1.0,0.0,0.0,0.0,0.0,10.54,35.6,0.28,5.12,4.15,22.7,0.27,0.4245,72.0,48.47,21.6,315.1,91.5,2.513864897776564,0.4449211892170779,1.2116588936170214,1.0,1.0,isiah pacheco,isiahpacheco,ipacheco,Kansas City Chiefs,00-0037197,0.0,0.0,0.0,0.0,10.0,22.0,0.0,2.0,1.0,7.0,0.0,I.Pacheco,KC,team_norm & _alias_init_last,0.0,0.0,0.0,0.0,0.5399999999999991,13.600000000000001,0.28,3.12,3.1500000000000004,15.7,0.27
2025,2,0.0,2025_02_PHI_KC,Kansas City Chiefs,Kareem Hunt,RB,00-0033923,1.0,0.0,0.0,0.0,0.0,7.02,24.0,0.1,3.71,2.7,15.9,0.2,0.2658,72.0,48.47,21.6,315.1,91.5,2.513864897776564,0.4449211892170779,1.2116588936170214,1.0,1.0,kareem hunt,kareemhunt,khunt,Kansas City Chiefs,00-0033923,0.0,0.0,0.0,0.0,8.0,31.0,0.0,1.0,1.0,3.0,0.0,K.Hunt,KC,team_norm & _alias_init_last,0.0,0.0,0.0,0.0,-0.9800000000000004,-7.0,0.1,2.71,1.7000000000000002,12.9,0.2
2025,2,0.0,2025_02_PHI_KC,Kansas City Chiefs,Brashard Smith,RB,00-0040078,1.0,0.0,0.0,0.0,0.0,0.0,0.0,0.0,0.0,0.0,0.0,0.0,0.0,72.0,48.47,21.6,315.1,91.5,2.513864897776564,0.4449211892170779,1.2116588936170214,1.0,1.0,brashard smith,brashardsmith,bsmith,Kansas City Chiefs,00-0040078,0.0,0.0,0.0,0.0,1.0,2.0,0.0,1.0,0.0,0.0,0.0,B.Smith,KC,team_norm & _alias_init_last,0.0,0.0,0.0,0.0,-1.0,-2.0,0.0,-1.0,0.0,0.0,0.0
2025,2,0.0,2025_02_PHI_KC,Kansas City Chiefs,Travis Kelce,TE,00-0030506,1.0,0.0,0.0,0.0,0.0,0.0,0.0,0.0,8.29,6.57,35.4,0.4,0.3308,72.0,48.47,21.6,315.1,91.5,2.513864897776564,0.4449211892170779,1.2116588936170214,1.0,1.0,travis kelce,traviskelce,tkelce,Kansas City Chiefs,00-0030506,0.0,0.0,0.0,0.0,0.0,0.0,0.0,6.0,4.0,61.0,0.0,T.Kelce,KC,team_norm & _alias_init_last,0.0,0.0,0.0,0.0,0.0,0.0,0.0,2.289999999999999,2.5700000000000003,-25.6,0.4
2025,2,0.0,2025_02_PHI_KC,Kansas City Chiefs,Noah Gray,TE,00-0036637,1.0,0.0,0.0,0.0,0.0,0.0,0.0,0.0,4.37,3.4,20.5,0.2,0.1845,72.0,48.47,21.6,315.1,91.5,2.513864897776564,0.4449211892170779,1.2116588936170214,1.0,1.0,noah gray,noahgray,ngray,Kansas City Chiefs,00-0036637,0.0,0.0,0.0,0.0,0.0,0.0,0.0,5.0,1.0,1.0,0.0,N.Gray,KC,team_norm & _alias_init_last,0.0,0.0,0.0,0.0,0.0,0.0,0.0,-0.6299999999999999,2.4,19.5,0.2
2025,2,0.0,2025_02_PHI_KC,Kansas City Chiefs,Geor'Quarius Spivey,TE,00-0039941,1.0,0.0,0.0,0.0,0.0,0.0,0.0,0.0,0.0,0.0,0.0,0.0,0.0,72.0,48.47,21.6,315.1,91.5,2.513864897776564,0.4449211892170779,1.2116588936170214,0.0,0.0,geor'quarius spivey,georquariusspivey,gspivey,Kansas City Chiefs,00-0039941,,,,,,,,,,,,,,,,,,,,,,,,,
2025,2,0.0,2025_02_PHI_KC,Kansas City Chiefs,Robert Tonyan,TE,00-0033757,1.0,0.0,0.0,0.0,0.0,0.0,0.0,0.0,0.0,0.0,0.0,0.0,0.0,72.0,48.47,21.6,315.1,91.5,2.513864897776564,0.4449211892170779,1.2116588936170214,1.0,1.0,robert tonyan,roberttonyan,rtonyan,Kansas City Chiefs,00-0033757,,,,,,,,,,,,,,,,,,,,,,,,,
2025,2,0.0,2025_02_PHI_KC,Kansas City Chiefs,Marquise Brown,WR,00-0035662,1.0,0.0,0.0,0.0,0.0,0.0,0.0,0.0,14.7,7.75,74.8,0.71,0.5084,72.0,48.47,21.6,315.1,91.5,2.513864897776564,0.4449211892170779,1.2116588936170214,1.0,1.0,marquise brown,marquisebrown,mbrown,Kansas City Chiefs,00-0035662,0.0,0.0,0.0,0.0,0.0,0.0,0.0,6.0,5.0,30.0,0.0,M.Brown,KC,team_norm & _alias_init_last,0.0,0.0,0.0,0.0,0.0,0.0,0.0,8.7,2.75,44.8,0.71
2025,2,0.0,2025_02_PHI_KC,Kansas City Chiefs,JuJu Smith-Schuster,WR,00-0033857,1.0,0.0,0.0,0.0,0.0,0.0,0.0,0.0,5.41,3.61,27.3,0.27,0.2385,72.0,48.47,21.6,315.1,91.5,2.513864897776564,0.4449211892170779,1.2116588936170214,1.0,1.0,juju smith-schuster,jujusmithschuster,jsmithschuster,Kansas City Chiefs,00-0033857,0.0,0.0,0.0,0.0,0.0,0.0,0.0,3.0,1.0,5.0,0.0,J.Smith-Schuster,KC,team_norm & _alias_init_last,0.0,0.0,0.0,0.0,0.0,0.0,0.0,2.41,2.61,22.3,0.27
2025,2,0.0,2025_02_PHI_KC,Kansas City Chiefs,Tyquan Thornton,WR,00-0038104,1.0,0.0,0.0,0.0,0.0,0.0,0.0,0.0,5.68,2.95,31.1,0.27,0.2382,72.0,48.47,21.6,315.1,91.5,2.513864897776564,0.4449211892170779,1.2116588936170214,1.0,1.0,tyquan thornton,tyquanthornton,tthornton,Kansas City Chiefs,00-0038104,0.0,0.0,0.0,0.0,0.0,0.0,0.0,5.0,2.0,59.0,1.0,T.Thornton,KC,team_norm & _alias_init_last,0.0,0.0,0.0,0.0,0.0,0.0,0.0,0.6799999999999997,0.9500000000000002,-27.9,-0.73
2025,2,0.0,2025_02_PHI_KC,Kansas City Chiefs,Jason Brownlee,WR,00-0038492,1.0,0.0,0.0,0.0,0.0,0.0,0.0,0.0,0.43,0.26,3.4,0.02,0.0223,72.0,48.47,21.6,315.1,91.5,2.513864897776564,0.4449211892170779,1.2116588936170214,1.0,1.0,jason brownlee,jasonbrownlee,jbrownlee,Kansas City Chiefs,00-0038492,,,,,,,,,,,,,,,,,,,,,,,,,
2025,2,0.0,2025_02_PHI_KC,Kansas City Chiefs,Elijhah Badger,WR,00-0040080,1.0,0.0,0.0,0.0,0.0,0.0,0.0,0.0,0.0,0.0,0.0,0.0,0.0,72.0,48.47,21.6,315.1,91.5,2.513864897776564,0.4449211892170779,1.2116588936170214,0.0,0.0,elijhah badger,elijhahbadger,ebadger,Kansas City Chiefs,00-0040080,,,,,,,,,,,,,,,,,,,,,,,,,
2025,2,0.0,2025_02_PHI_KC,Kansas City Chiefs,Nikko Remigio,WR,00-0038519,1.0,0.0,0.0,0.0,0.0,0.0,0.0,0.0,0.0,0.0,0.0,0.0,0.0,72.0,48.47,21.6,315.1,91.5,2.513864897776564,0.4449211892170779,1.2116588936170214,1.0,1.0,nikko remigio,nikkoremigio,nremigio,Kansas City Chiefs,00-0038519,0.0,0.0,0.0,0.0,0.0,0.0,0.0,1.0,1.0,21.0,0.0,N.Remigio,KC,team_norm & _alias_init_last,0.0,0.0,0.0,0.0,0.0,0.0,0.0,-1.0,-1.0,-21.0,0.0
2025,2,0.0,2025_02_PHI_KC,Philadelphia Eagles,Jalen Hurts,QB,00-0036389,1.0,38.02,212.0,1.65,0.81,9.63,27.0,0.32,0.0,0.0,0.0,0.0,0.2738,72.0,37.99,31.73,230.2,125.3,2.1729527290538195,1.0374326055849807,0.9497535179826374,1.0,1.0,jalen hurts,jalenhurts,jhurts,Philadelphia Eagles,00-0036389,26.0,101.0,0.0,0.0,7.0,6.0,1.0,0.0,0.0,0.0,0.0,J.Hurts,PHI,team_norm & _alias_init_last,12.020000000000003,111.0,1.65,0.81,2.630000000000001,21.0,-0.6799999999999999,0.0,0.0,0.0,0.0
2025,2,0.0,2025_02_PHI_KC,Philadelphia Eagles,Saquon Barkley,RB,00-0034844,1.0,0.0,0.0,0.0,0.0,15.6,51.5,0.56,6.08,4.58,27.3,0.34,0.5959,72.0,37.99,31.73,230.2,125.3,2.1729527290538195,1.0374326055849807,0.9497535179826374,1.0,1.0,saquon barkley,saquonbarkley,sbarkley,Philadelphia Eagles,00-0034844,0.0,0.0,0.0,0.0,22.0,88.0,1.0,2.0,2.0,6.0,0.0,S.Barkley,PHI,team_norm & _alias_init_last,0.0,0.0,0.0,0.0,-6.4,-36.5,-0.43999999999999995,4.08,2.58,21.3,0.34
2025,2,0.0,2025_02_PHI_KC,Philadelphia Eagles,AJ Dillon,RB,00-0036265,1.0,0.0,0.0,0.0,0.0,5.0,16.6,0.2,1.47,1.04,6.8,0.08,0.248,72.0,37.99,31.73,230.2,125.3,2.1729527290538195,1.0374326055849807,0.9497535179826374,1.0,1.0,aj dillon,ajdillon,adillon,Philadelphia Eagles,00-0036265,0.0,0.0,0.0,0.0,3.0,19.0,0.0,0.0,0.0,0.0,0.0,A.Dillon,PHI,team_norm & _alias_init_last,0.0,0.0,0.0,0.0,2.0,-2.3999999999999986,0.2,1.47,1.04,6.8,0.08
2025,2,0.0,2025_02_PHI_KC,Philadelphia Eagles,Tank Bigsby,RB,00-0038555,1.0,0.0,0.0,0.0,0.0,0.0,0.0,0.0,0.0,0.0,0.0,0.0,0.0,72.0,37.99,31.73,230.2,125.3,2.1729527290538195,1.0374326055849807,0.9497535179826374,1.0,1.0,tank bigsby,tankbigsby,tbigsby,Philadelphia Eagles,,,,,,,,,,,,,,,,,,,,,,,,,,
2025,2,0.0,2025_02_PHI_KC,Philadelphia Eagles,Grant Calcaterra,TE,00-0037086,1.0,0.0,0.0,0.0,0.0,0.0,0.0,0.0,6.96,5.81,43.4,0.38,0.3143,72.0,37.99,31.73,230.2,125.3,2.1729527290538195,1.0374326055849807,0.9497535179826374,1.0,1.0,grant calcaterra,grantcalcaterra,gcalcaterra,Philadelphia Eagles,00-0037086,0.0,0.0,0.0,0.0,0.0,0.0,0.0,2.0,1.0,6.0,0.0,G.Calcaterra,PHI,team_norm & _alias_init_last,0.0,0.0,0.0,0.0,0.0,0.0,0.0,4.96,4.81,37.4,0.38
2025,2,0.0,2025_02_PHI_KC,Philadelphia Eagles,Kylen Granson,TE,00-0036876,1.0,0.0,0.0,0.0,0.0,0.0,0.0,0.0,2.6,1.81,13.0,0.13,0.1261,72.0,37.99,31.73,230.2,125.3,2.1729527290538195,1.0374326055849807,0.9497535179826374,1.0,1.0,kylen granson,kylengranson,kgranson,Philadelphia Eagles,00-0036876,0.0,0.0,0.0,0.0,0.0,0.0,0.0,1.0,1.0,5.0,0.0,K.Granson,PHI,team_norm & _alias_init_last,0.0,0.0,0.0,0.0,0.0,0.0,0.0,1.6,0.81,8.0,0.13
2025,2,0.0,2025_02_PHI_KC,Philadelphia Eagles,Cameron Latu,TE,00-0038564,1.0,0.0,0.0,0.0,0.0,0.0,0.0,0.0,0.0,0.0,0.0,0.0,0.0,72.0,37.99,31.73,230.2,125.3,2.1729527290538195,1.0374326055849807,0.9497535179826374,1.0,1.0,cameron latu,cameronlatu,clatu,Philadelphia Eagles,00-0038564,,,,,,,,,,,,,,,,,,,,,,,,,
2025,2,0.0,2025_02_PHI_KC,Philadelphia Eagles,DeVonta Smith,WR,00-0036912,1.0,0.0,0.0,0.0,0.0,0.0,0.0,0.0,5.95,4.08,28.8,0.31,0.2675,72.0,37.99,31.73,230.2,125.3,2.1729527290538195,1.0374326055849807,0.9497535179826374,1.0,1.0,devonta smith,devontasmith,dsmith,Philadelphia Eagles,00-0036912,0.0,0.0,0.0,0.0,0.0,0.0,0.0,6.0,4.0,53.0,0.0,D.Smith,PHI,team_norm & _alias_init_last,0.0,0.0,0.0,0.0,0.0,0.0,0.0,-0.04999999999999982,0.08000000000000007,-24.2,0.31
2025,2,0.0,2025_02_PHI_KC,Philadelphia Eagles,Jahan Dotson,WR,00-0037741,1.0,0.0,0.0,0.0,0.0,0.0,0.0,0.0,4.63,2.45,22.0,0.25,0.2232,72.0,37.99,31.73,230.2,125.3,2.1729527290538195,1.0374326055849807,0.9497535179826374,1.0,1.0,jahan dotson,jahandotson,jdotson,Philadelphia Eagles,00-0037741,0.0,0.0,0.0,0.0,0.0,0.0,0.0,1.0,1.0,4.0,0.0,J.Dotson,PHI,team_norm & _alias_init_last,0.0,0.0,0.0,0.0,0.0,0.0,0.0,3.63,1.4500000000000002,18.0,0.25
2025,2,0.0,2025_02_PHI_KC,Philadelphia Eagles,A.J. Brown,WR,00-0035676,1.0,0.0,0.0,0.0,0.0,0.0,0.0,0.0,4.29,2.5,18.7,0.23,0.2026,72.0,37.99,31.73,230.2,125.3,2.1729527290538195,1.0374326055849807,0.9497535179826374,1.0,1.0,a.j. brown,ajbrown,abrown,Philadelphia Eagles,00-0035676,0.0,0.0,0.0,0.0,0.0,0.0,0.0,8.0,5.0,27.0,0.0,A.Brown,PHI,team_norm & _alias_init_last,0.0,0.0,0.0,0.0,0.0,0.0,0.0,-3.71,-2.5,-8.3,0.23
2025,2,0.0,2025_02_PHI_KC,Philadelphia Eagles,Danny Gray,WR,00-0037828,1.0,0.0,0.0,0.0,0.0,0.0,0.0,0.0,0.0,0.0,0.0,0.0,0.0,72.0,37.99,31.73,230.2,125.3,2.1729527290538195,1.0374326055849807,0.9497535179826374,0.0,0.0,danny gray,dannygray,dgray,Philadelphia Eagles,00-0037828,,,,,,,,,,,,,,,,,,,,,,,,,
2025,2,0.0,2025_02_PHI_KC,Philadelphia Eagles,Darius Cooper,WR,00-0040024,1.0,0.0,0.0,0.0,0.0,0.0,0.0,0.0,0.0,0.0,0.0,0.0,0.0,72.0,37.99,31.73,230.2,125.3,2.1729527290538195,1.0374326055849807,0.9497535179826374,1.0,1.0,darius cooper,dariuscooper,dcooper,Philadelphia Eagles,00-0040024,,,,,,,,,,,,,,,,,,,,,,,,,
2025,2,0.0,2025_02_SEA_PIT,Pittsburgh Steelers,Mason Rudolph,QB,00-0034771,1.0,0.0,0.0,0.0,0.0,1.41,5.5,0.08,0.0,0.0,0.0,0.0,0.0801,72.0,43.89,24.87,333.2,123.0,2.7860532069995463,1.1499382022853988,1.0973745388728915,1.0,1.0,mason rudolph,masonrudolph,mrudolph,Pittsburgh Steelers,00-0034771,2.0,12.0,0.0,0.0,0.0,0.0,0.0,0.0,0.0,0.0,0.0,M.Rudolph,PIT,team_norm & _alias_init_last,-2.0,-12.0,0.0,0.0,1.41,5.5,0.08,0.0,0.0,0.0,0.0
2025,2,0.0,2025_02_SEA_PIT,Pittsburgh Steelers,Aaron Rodgers,QB,00-0023459,1.0,43.95,278.2,2.11,0.93,1.41,5.8,0.08,0.0,0.0,0.0,0.0,0.0773,72.0,43.89,24.87,333.2,123.0,2.7860532069995463,1.1499382022853988,1.0973745388728915,1.0,1.0,aaron rodgers,aaronrodgers,arodgers,Pittsburgh Steelers,00-0023459,40.0,203.0,1.0,2.0,0.0,0.0,0.0,0.0,0.0,0.0,0.0,A.Rodgers,PIT,team_norm & _alias_init_last,3.950000000000003,75.19999999999999,1.1099999999999999,-1.0699999999999998,1.41,5.8,0.08,0.0,0.0,0.0,0.0
2025,2,0.0,2025_02_SEA_PIT,Pittsburgh Steelers,Jaylen Warren,RB,00-0037228,1.0,0.0,0.0,0.0,0.0,13.94,56.9,0.75,4.81,4.09,27.5,0.3,0.6515,72.0,43.89,24.87,333.2,123.0,2.7860532069995463,1.1499382022853988,1.0973745388728915,1.0,1.0,jaylen warren,jaylenwarren,jwarren,Pittsburgh Steelers,00-0037228,0.0,0.0,0.0,0.0,14.0,48.0,0.0,4.0,4.0,86.0,0.0,J.Warren,PIT,team_norm & _alias_init_last,0.0,0.0,0.0,0.0,-0.0600000000000005,8.899999999999999,0.75,0.8099999999999996,0.08999999999999986,-58.5,0.3
2025,2,0.0,2025_02_SEA_PIT,Pittsburgh Steelers,Kenneth Gainwell,RB,00-0036919,1.0,0.0,0.0,0.0,0.0,7.53,30.5,0.29,4.8,3.88,26.1,0.31,0.4517,72.0,43.89,24.87,333.2,123.0,2.7860532069995463,1.1499382022853988,1.0973745388728915,1.0,1.0,kenneth gainwell,kennethgainwell,kgainwell,Pittsburgh Steelers,00-0036919,0.0,0.0,0.0,0.0,5.0,20.0,0.0,5.0,3.0,16.0,0.0,K.Gainwell,PIT,team_norm & _alias_init_last,0.0,0.0,0.0,0.0,2.5300000000000002,10.5,0.29,-0.20000000000000018,0.8799999999999999,10.100000000000001,0.31
2025,2,0.0,2025_02_SEA_PIT,Pittsburgh Steelers,Kaleb Johnson,RB,00-0040142,1.0,0.0,0.0,0.0,0.0,0.58,2.6,0.0,0.0,0.0,0.0,0.0,0.0,72.0,43.89,24.87,333.2,123.0,2.7860532069995463,1.1499382022853988,1.0973745388728915,1.0,1.0,kaleb johnson,kalebjohnson,kjohnson,Pittsburgh Steelers,00-0040142,0.0,0.0,0.0,0.0,1.0,1.0,0.0,0.0,0.0,0.0,0.0,K.Johnson,PIT,team_norm & _alias_init_last,0.0,0.0,0.0,0.0,-0.42000000000000004,1.6,0.0,0.0,0.0,0.0,0.0
2025,2,0.0,2025_02_SEA_PIT,Pittsburgh Steelers,Jonnu Smith,TE,00-0033858,1.0,0.0,0.0,0.0,0.0,0.0,0.0,0.0,9.26,7.8,50.8,0.53,0.4132,72.0,43.89,24.87,333.2,123.0,2.7860532069995463,1.1499382022853988,1.0973745388728915,1.0,1.0,jonnu smith,jonnusmith,jsmith,Pittsburgh Steelers,00-0033858,0.0,0.0,0.0,0.0,0.0,0.0,0.0,4.0,4.0,27.0,0.0,J.Smith,PIT,team_norm & _alias_init_last,0.0,0.0,0.0,0.0,0.0,0.0,0.0,5.26,3.8,23.799999999999997,0.53
2025,2,0.0,2025_02_SEA_PIT,Pittsburgh Steelers,Pat Freiermuth,TE,00-0036894,1.0,0.0,0.0,0.0,0.0,0.0,0.0,0.0,4.82,3.66,24.9,0.28,0.2444,72.0,43.89,24.87,333.2,123.0,2.7860532069995463,1.1499382022853988,1.0973745388728915,1.0,1.0,pat freiermuth,patfreiermuth,pfreiermuth,Pittsburgh Steelers,00-0036894,0.0,0.0,0.0,0.0,0.0,0.0,0.0,5.0,3.0,31.0,0.0,P.Freiermuth,PIT,team_norm & _alias_init_last,0.0,0.0,0.0,0.0,0.0,0.0,0.0,-0.17999999999999972,0.6600000000000001,-6.100000000000001,0.28
2025,2,0.0,2025_02_SEA_PIT,Pittsburgh Steelers,Connor Heyward,TE,00-0037304,1.0,0.0,0.0,0.0,0.0,0.0,0.0,0.0,0.0,0.0,0.0,0.0,0.0,72.0,43.89,24.87,333.2,123.0,2.7860532069995463,1.1499382022853988,1.0973745388728915,1.0,1.0,connor heyward,connorheyward,cheyward,Pittsburgh Steelers,00-0027969,0.0,0.0,0.0,0.0,0.0,0.0,0.0,1.0,1.0,6.0,0.0,Co.Heyward,PIT,team_norm & _alias_init_last,0.0,0.0,0.0,0.0,0.0,0.0,0.0,-1.0,-1.0,-6.0,0.0
2025,2,0.0,2025_02_SEA_PIT,Pittsburgh Steelers,Darnell Washington,TE,00-0038558,1.0,0.0,0.0,0.0,0.0,0.0,0.0,0.0,0.0,0.0,0.0,0.0,0.0,72.0,43.89,24.87,333.2,123.0,2.7860532069995463,1.1499382022853988,1.0973745388728915,1.0,1.0,darnell washington,darnellwashington,dwashington,Pittsburgh Steelers,00-0038558,0.0,0.0,0.0,0.0,0.0,0.0,0.0,2.0,0.0,0.0,0.0,D.Washington,PIT,team_norm & _alias_init_last,0.0,0.0,0.0,0.0,0.0,0.0,0.0,-2.0,0.0,0.0,0.0
2025,2,0.0,2025_02_SEA_PIT,Pittsburgh Steelers,DK Metcalf,WR,00-0035640,1.0,0.0,0.0,0.0,0.0,0.0,0.0,0.0,8.42,4.68,53.6,0.51,0.4015,72.0,43.89,24.87,333.2,123.0,2.7860532069995463,1.1499382022853988,1.0973745388728915,1.0,1.0,dk metcalf,dkmetcalf,dmetcalf,Pittsburgh Steelers,00-0035640,0.0,0.0,0.0,0.0,0.0,0.0,0.0,7.0,3.0,20.0,1.0,D.Metcalf,PIT,team_norm & _alias_init_last,0.0,0.0,0.0,0.0,0.0,0.0,0.0,1.42,1.6799999999999997,33.6,-0.49
2025,2,0.0,2025_02_SEA_PIT,Pittsburgh Steelers,Calvin Austin III,WR,00-0037837,1.0,0.0,0.0,0.0,0.0,0.0,0.0,0.0,6.27,3.37,40.9,0.36,0.2993,72.0,43.89,24.87,333.2,123.0,2.7860532069995463,1.1499382022853988,1.0973745388728915,1.0,1.0,calvin austin iii,calvinaustiniii,caustin,Pittsburgh Steelers,00-0037837,0.0,0.0,0.0,0.0,0.0,0.0,0.0,4.0,1.0,22.0,0.0,C.Austin,PIT,team_norm & _alias_init_last,0.0,0.0,0.0,0.0,0.0,0.0,0.0,2.2699999999999996,2.37,18.9,0.36
2025,2,0.0,2025_02_SEA_PIT,Pittsburgh Steelers,Roman Wilson,WR,00-0039739,1.0,0.0,0.0,0.0,0.0,0.0,0.0,0.0,3.83,2.29,34.4,0.23,0.2073,72.0,43.89,24.87,333.2,123.0,2.7860532069995463,1.1499382022853988,1.0973745388728915,1.0,1.0,roman wilson,romanwilson,rwilson,Pittsburgh Steelers,00-0039739,0.0,0.0,0.0,0.0,0.0,0.0,0.0,2.0,1.0,7.0,0.0,R.Wilson,PIT,team_norm & _alias_init_last,0.0,0.0,0.0,0.0,0.0,0.0,0.0,1.83,1.29,27.4,0.23
2025,2,0.0,2025_02_SEA_PIT,Pittsburgh Steelers,Ben Skowronek,WR,00-0036862,1.0,0.0,0.0,0.0,0.0,0.0,0.0,0.0,0.44,0.28,3.0,0.03,0.0259,72.0,43.89,24.87,333.2,123.0,2.7860532069995463,1.1499382022853988,1.0973745388728915,1.0,1.0,ben skowronek,benskowronek,bskowronek,Pittsburgh Steelers,00-0036862,,,,,,,,,,,,,,,,,,,,,,,,,
2025,2,0.0,2025_02_SEA_PIT,Pittsburgh Steelers,Adam Thielen,WR,00-0030035,1.0,0.0,0.0,0.0,0.0,0.0,0.0,0.0,0.0,0.0,0.0,0.0,0.0,72.0,43.89,24.87,333.2,123.0,2.7860532069995463,1.1499382022853988,1.0973745388728915,0.0,0.0,adam thielen,adamthielen,athielen,Pittsburgh Steelers,00-0030035,0.0,0.0,0.0,0.0,0.0,0.0,0.0,3.0,2.0,26.0,0.0,A.Thielen,MIN,_alias_init_last,0.0,0.0,0.0,0.0,0.0,0.0,0.0,-3.0,-2.0,-26.0,0.0
2025,2,0.0,2025_02_SEA_PIT,Pittsburgh Steelers,Brandon Johnson,WR,00-0037382,1.0,0.0,0.0,0.0,0.0,0.0,0.0,0.0,0.0,0.0,0.0,0.0,0.0,72.0,43.89,24.87,333.2,123.0,2.7860532069995463,1.1499382022853988,1.0973745388728915,0.0,0.0,brandon johnson,brandonjohnson,bjohnson,Pittsburgh Steelers,00-0037382,,,,,,,,,,,,,,,,,,,,,,,,,
2025,2,0.0,2025_02_SEA_PIT,Pittsburgh Steelers,Scott Miller,WR,00-0035298,1.0,0.0,0.0,0.0,0.0,0.0,0.0,0.0,0.0,0.0,0.0,0.0,0.0,72.0,43.89,24.87,333.2,123.0,2.7860532069995463,1.1499382022853988,1.0973745388728915,1.0,1.0,scott miller,scottmiller,smiller,Pittsburgh Steelers,00-0035298,,,,,,,,,,,,,,,,,,,,,,,,,
2025,2,0.0,2025_02_SEA_PIT,Seattle Seahawks,Sam Darnold,QB,00-0034869,1.0,31.45,169.0,1.72,0.62,3.37,9.2,0.19,0.0,0.0,0.0,0.0,0.169,60.4,29.26,29.61,164.2,108.2,2.409899880272212,1.2901111727406462,0.7315368819037639,1.0,1.0,sam darnold,samdarnold,sdarnold,Seattle Seahawks,00-0034869,36.0,295.0,2.0,2.0,0.0,0.0,0.0,0.0,0.0,0.0,0.0,S.Darnold,SEA,team_norm & _alias_init_last,-4.550000000000001,-126.0,-0.28,-1.38,3.37,9.2,0.19,0.0,0.0,0.0,0.0
2025,2,0.0,2025_02_SEA_PIT,Seattle Seahawks,Drew Lock,QB,00-0035704,1.0,0.0,0.0,0.0,0.0,3.37,10.5,0.17,0.0,0.0,0.0,0.0,0.1539,60.4,29.26,29.61,164.2,108.2,2.409899880272212,1.2901111727406462,0.7315368819037639,1.0,1.0,drew lock,drewlock,dlock,Seattle Seahawks,00-0035704,,,,,,,,,,,,,,,,,,,,,,,,,
2025,2,0.0,2025_02_SEA_PIT,Seattle Seahawks,Kenneth Walker III,RB,00-0038134,1.0,0.0,0.0,0.0,0.0,12.82,39.3,0.74,4.13,3.34,17.1,0.34,0.6609,60.4,29.26,29.61,164.2,108.2,2.409899880272212,1.2901111727406462,0.7315368819037639,1.0,1.0,kenneth walker iii,kennethwalkeriii,kwalker,Seattle Seahawks,00-0038134,0.0,0.0,0.0,0.0,13.0,105.0,1.0,1.0,1.0,13.0,0.0,K.Walker,SEA,team_norm & _alias_init_last,0.0,0.0,0.0,0.0,-0.17999999999999972,-65.7,-0.26,3.13,2.34,4.100000000000001,0.34
2025,2,0.0,2025_02_SEA_PIT,Seattle Seahawks,Zach Charbonnet,RB,00-0039165,1.0,0.0,0.0,0.0,0.0,10.04,30.6,0.27,1.38,1.12,5.7,0.11,0.3182,60.4,29.26,29.61,164.2,108.2,2.409899880272212,1.2901111727406462,0.7315368819037639,1.0,1.0,zach charbonnet,zachcharbonnet,zcharbonnet,Seattle Seahawks,00-0039165,0.0,0.0,0.0,0.0,15.0,10.0,0.0,0.0,0.0,0.0,0.0,Z.Charbonnet,SEA,team_norm & _alias_init_last,0.0,0.0,0.0,0.0,-4.960000000000001,20.6,0.27,1.38,1.12,5.7,0.11
2025,2,0.0,2025_02_SEA_PIT,Seattle Seahawks,George Holani,RB,00-0039299,1.0,0.0,0.0,0.0,0.0,0.0,0.0,0.0,0.0,0.0,0.0,0.0,0.0,60.4,29.26,29.61,164.2,108.2,2.409899880272212,1.2901111727406462,0.7315368819037639,1.0,1.0,george holani,georgeholani,gholani,Seattle Seahawks,00-0039299,,,,,,,,,,,,,,,,,,,,,,,,,
2025,2,0.0,2025_02_SEA_PIT,Seattle Seahawks,AJ Barner,TE,00-0039793,1.0,0.0,0.0,0.0,0.0,0.0,0.0,0.0,4.2,3.64,20.6,0.33,0.2809,60.4,29.26,29.61,164.2,108.2,2.409899880272212,1.2901111727406462,0.7315368819037639,1.0,1.0,aj barner,ajbarner,abarner,Seattle Seahawks,00-0039793,0.0,0.0,0.0,0.0,1.0,2.0,0.0,3.0,2.0,26.0,1.0,A.Barner,SEA,team_norm & _alias_init_last,0.0,0.0,0.0,0.0,-1.0,-2.0,0.0,1.2000000000000002,1.6400000000000001,-5.399999999999999,-0.6699999999999999
2025,2,0.0,2025_02_SEA_PIT,Seattle Seahawks,Elijah Arroyo,TE,00-0040739,1.0,0.0,0.0,0.0,0.0,0.0,0.0,0.0,2.21,1.53,13.0,0.18,0.1647,60.4,29.26,29.61,164.2,108.2,2.409899880272212,1.2901111727406462,0.7315368819037639,1.0,1.0,elijah arroyo,elijaharroyo,earroyo,Seattle Seahawks,00-0040739,0.0,0.0,0.0,0.0,0.0,0.0,0.0,3.0,2.0,31.0,0.0,E.Arroyo,SEA,team_norm & _alias_init_last,0.0,0.0,0.0,0.0,0.0,0.0,0.0,-0.79,-0.47,-18.0,0.18
2025,2,0.0,2025_02_SEA_PIT,Seattle Seahawks,Eric Saubert,TE,00-0033576,1.0,0.0,0.0,0.0,0.0,0.0,0.0,0.0,0.0,0.0,0.0,0.0,0.0,60.4,29.26,29.61,164.2,108.2,2.409899880272212,1.2901111727406462,0.7315368819037639,1.0,1.0,eric saubert,ericsaubert,esaubert,Seattle Seahawks,00-0033576,,,,,,,,,,,,,,,,,,,,,,,,,
2025,2,0.0,2025_02_SEA_PIT,Seattle Seahawks,Jaxon Smith-Njigba,WR,00-0038543,1.0,0.0,0.0,0.0,0.0,0.0,0.0,0.0,9.52,6.53,46.1,0.73,0.5164,60.4,29.26,29.61,164.2,108.2,2.409899880272212,1.2901111727406462,0.7315368819037639,1.0,1.0,jaxon smith-njigba,jaxonsmithnjigba,jsmithnjigba,Seattle Seahawks,00-0038543,0.0,0.0,0.0,0.0,0.0,0.0,0.0,10.0,8.0,103.0,0.0,J.Smith-Njigba,SEA,team_norm & _alias_init_last,0.0,0.0,0.0,0.0,0.0,0.0,0.0,-0.4800000000000004,-1.4699999999999998,-56.9,0.73
2025,2,0.0,2025_02_SEA_PIT,Seattle Seahawks,Cooper Kupp,WR,00-0033908,1.0,0.0,0.0,0.0,0.0,0.0,0.0,0.0,3.76,2.41,17.0,0.3,0.2593,60.4,29.26,29.61,164.2,108.2,2.409899880272212,1.2901111727406462,0.7315368819037639,1.0,1.0,cooper kupp,cooperkupp,ckupp,Seattle Seahawks,00-0033908,0.0,0.0,0.0,0.0,0.0,0.0,0.0,10.0,7.0,90.0,0.0,C.Kupp,SEA,team_norm & _alias_init_last,0.0,0.0,0.0,0.0,0.0,0.0,0.0,-6.24,-4.59,-73.0,0.3
2025,2,0.0,2025_02_SEA_PIT,Seattle Seahawks,Tory Horton,WR,00-0040648,1.0,0.0,0.0,0.0,0.0,0.0,0.0,0.0,2.77,1.58,17.8,0.22,0.2013,60.4,29.26,29.61,164.2,108.2,2.409899880272212,1.2901111727406462,0.7315368819037639,1.0,1.0,tory horton,toryhorton,thorton,Seattle Seahawks,00-0040648,0.0,0.0,0.0,0.0,0.0,0.0,0.0,4.0,2.0,32.0,1.0,T.Horton,SEA,team_norm & _alias_init_last,0.0,0.0,0.0,0.0,0.0,0.0,0.0,-1.23,-0.41999999999999993,-14.2,-0.78
2025,2,0.0,2025_02_SEA_PIT,Seattle Seahawks,Dareke Young,WR,00-0037093,1.0,0.0,0.0,0.0,0.0,0.0,0.0,0.0,0.0,0.0,0.0,0.0,0.0,60.4,29.26,29.61,164.2,108.2,2.409899880272212,1.2901111727406462,0.7315368819037639,1.0,1.0,dareke young,darekeyoung,dyoung,Seattle Seahawks,00-0037093,,,,,,,,,,,,,,,,,,,,,,,,,
2025,2,0.0,2025_02_SEA_PIT,Seattle Seahawks,Jake Bobo,WR,00-0038752,1.0,0.0,0.0,0.0,0.0,0.0,0.0,0.0,0.0,0.0,0.0,0.0,0.0,60.4,29.26,29.61,164.2,108.2,2.409899880272212,1.2901111727406462,0.7315368819037639,1.0,1.0,jake bobo,jakebobo,jbobo,Seattle Seahawks,00-0038752,,,,,,,,,,,,,,,,,,,,,,,,,
2025,2,0.0,2025_02_SF_NO,New Orleans Saints,Spencer Rattler,QB,00-0039376,1.0,47.22,266.8,1.8,1.02,2.63,8.7,0.08,0.0,0.0,0.0,0.0,0.0759,72.0,48.06,21.7,311.7,91.7,2.5033080482918453,0.5489052593145578,1.201595377440979,1.0,1.0,spencer rattler,spencerrattler,srattler,New Orleans Saints,00-0039376,44.0,206.0,3.0,0.0,1.0,0.0,0.0,0.0,0.0,0.0,0.0,S.Rattler,NO,team_norm & _alias_init_last,3.219999999999999,60.80000000000001,-1.2,1.02,1.63,8.7,0.08,0.0,0.0,0.0,0.0
2025,2,0.0,2025_02_SF_NO,New Orleans Saints,Alvin Kamara,RB,00-0033906,1.0,0.0,0.0,0.0,0.0,12.43,43.0,0.36,5.53,4.5,23.7,0.28,0.4744,72.0,48.06,21.7,311.7,91.7,2.5033080482918453,0.5489052593145578,1.201595377440979,1.0,1.0,alvin kamara,alvinkamara,akamara,New Orleans Saints,00-0033906,0.0,0.0,0.0,0.0,21.0,100.0,0.0,6.0,6.0,21.0,0.0,A.Kamara,NO,team_norm & _alias_init_last,0.0,0.0,0.0,0.0,-8.57,-57.0,0.36,-0.46999999999999975,-1.5,2.6999999999999993,0.28
2025,2,0.0,2025_02_SF_NO,New Orleans Saints,Kendre Miller,RB,00-0038551,1.0,0.0,0.0,0.0,0.0,5.64,20.8,0.12,2.63,2.07,13.5,0.13,0.2229,72.0,48.06,21.7,311.7,91.7,2.5033080482918453,0.5489052593145578,1.201595377440979,1.0,1.0,kendre miller,kendremiller,kmiller,New Orleans Saints,00-0038551,0.0,0.0,0.0,0.0,5.0,8.0,0.0,1.0,1.0,2.0,0.0,K.Miller,NO,team_norm & _alias_init_last,0.0,0.0,0.0,0.0,0.6399999999999997,12.8,0.12,1.63,1.0699999999999998,11.5,0.13
2025,2,0.0,2025_02_SF_NO,New Orleans Saints,Devin Neal,RB,00-0040202,1.0,0.0,0.0,0.0,0.0,1.0,3.8,0.0,0.0,0.0,0.0,0.0,0.0,72.0,48.06,21.7,311.7,91.7,2.5033080482918453,0.5489052593145578,1.201595377440979,1.0,1.0,devin neal,devinneal,dneal,New Orleans Saints,00-0040202,,,,,,,,,,,,,,,,,,,,,,,,,
2025,2,0.0,2025_02_SF_NO,New Orleans Saints,Juwan Johnson,TE,00-0036040,1.0,0.0,0.0,0.0,0.0,0.0,0.0,0.0,9.85,7.35,44.0,0.46,0.366,72.0,48.06,21.7,311.7,91.7,2.5033080482918453,0.5489052593145578,1.201595377440979,1.0,1.0,juwan johnson,juwanjohnson,jjohnson,New Orleans Saints,00-0036040,0.0,0.0,0.0,0.0,0.0,0.0,0.0,9.0,5.0,49.0,1.0,J.Johnson,NO,team_norm & _alias_init_last,0.0,0.0,0.0,0.0,0.0,0.0,0.0,0.8499999999999996,2.3499999999999996,-5.0,-0.54
2025,2,0.0,2025_02_SF_NO,New Orleans Saints,Jack Stoll,TE,00-0036741,1.0,0.0,0.0,0.0,0.0,0.0,0.0,0.0,6.25,4.57,36.3,0.3,0.2625,72.0,48.06,21.7,311.7,91.7,2.5033080482918453,0.5489052593145578,1.201595377440979,1.0,1.0,jack stoll,jackstoll,jstoll,New Orleans Saints,00-0036741,,,,,,,,,,,,,,,,,,,,,,,,,
2025,2,0.0,2025_02_SF_NO,New Orleans Saints,Moliki Matavao,TE,00-0040244,1.0,0.0,0.0,0.0,0.0,0.0,0.0,0.0,0.0,0.0,0.0,0.0,0.0,72.0,48.06,21.7,311.7,91.7,2.5033080482918453,0.5489052593145578,1.201595377440979,1.0,1.0,moliki matavao,molikimatavao,mmatavao,New Orleans Saints,00-0040244,,,,,,,,,,,,,,,,,,,,,,,,,
2025,2,0.0,2025_02_SF_NO,New Orleans Saints,Chris Olave,WR,00-0037239,1.0,0.0,0.0,0.0,0.0,0.0,0.0,0.0,14.25,8.56,77.4,0.67,0.4904,72.0,48.06,21.7,311.7,91.7,2.5033080482918453,0.5489052593145578,1.201595377440979,1.0,1.0,chris olave,chrisolave,colave,New Orleans Saints,00-0037239,0.0,0.0,0.0,0.0,0.0,0.0,0.0,12.0,6.0,53.0,0.0,C.Olave,NO,team_norm & _alias_init_last,0.0,0.0,0.0,0.0,0.0,0.0,0.0,2.25,2.5600000000000005,24.400000000000006,0.67
2025,2,0.0,2025_02_SF_NO,New Orleans Saints,Rashid Shaheed,WR,,1.0,0.0,0.0,0.0,0.0,0.0,0.0,0.0,5.61,3.57,60.9,0.29,0.2535,72.0,48.06,21.7,311.7,91.7,2.5033080482918453,0.5489052593145578,1.201595377440979,0.0,1.0,rashid shaheed,rashidshaheed,rshaheed,New Orleans Saints,,0.0,0.0,0.0,0.0,0.0,0.0,0.0,5.0,4.0,52.0,1.0,R.Shaheed,NO,team_norm & _alias_init_last,0.0,0.0,0.0,0.0,0.0,0.0,0.0,0.6100000000000003,-0.43000000000000016,8.899999999999999,-0.71
2025,2,0.0,2025_02_SF_NO,New Orleans Saints,Brandin Cooks,WR,,1.0,0.0,0.0,0.0,0.0,0.0,0.0,0.0,2.49,1.58,27.0,0.13,0.1218,72.0,48.06,21.7,311.7,91.7,2.5033080482918453,0.5489052593145578,1.201595377440979,0.0,1.0,brandin cooks,brandincooks,bcooks,New Orleans Saints,,0.0,0.0,0.0,0.0,0.0,0.0,0.0,2.0,2.0,26.0,0.0,B.Cooks,NO,team_norm & _alias_init_last,0.0,0.0,0.0,0.0,0.0,0.0,0.0,0.4900000000000002,-0.41999999999999993,1.0,0.13
2025,2,0.0,2025_02_SF_NO,New Orleans Saints,Devaughn Vele,WR,00-0039424,1.0,0.0,0.0,0.0,0.0,0.0,0.0,0.0,1.0,0.61,5.8,0.05,0.0479,72.0,48.06,21.7,311.7,91.7,2.5033080482918453,0.5489052593145578,1.201595377440979,1.0,1.0,devaughn vele,devaughnvele,dvele,New Orleans Saints,00-0039424,0.0,0.0,0.0,0.0,0.0,0.0,0.0,1.0,1.0,3.0,1.0,D.Vele,NO,team_norm & _alias_init_last,0.0,0.0,0.0,0.0,0.0,0.0,0.0,0.0,-0.39,2.8,-0.95
2025,2,0.0,2025_02_SF_NO,New Orleans Saints,Dante Pettis,WR,00-0034860,1.0,0.0,0.0,0.0,0.0,0.0,0.0,0.0,0.0,0.0,0.0,0.0,0.0,72.0,48.06,21.7,311.7,91.7,2.5033080482918453,0.5489052593145578,1.201595377440979,0.0,0.0,dante pettis,dantepettis,dpettis,New Orleans Saints,00-0034860,,,,,,,,,,,,,,,,,,,,,,,,,
2025,2,0.0,2025_02_SF_NO,New Orleans Saints,Mason Tipton,WR,00-0039623,1.0,0.0,0.0,0.0,0.0,0.0,0.0,0.0,0.0,0.0,0.0,0.0,0.0,72.0,48.06,21.7,311.7,91.7,2.5033080482918453,0.5489052593145578,1.201595377440979,1.0,1.0,mason tipton,masontipton,mtipton,New Orleans Saints,00-0039623,,,,,,,,,,,,,,,,,,,,,,,,,
2025,2,0.0,2025_02_SF_NO,San Francisco 49ers,Kyle Juszczyk,FB,00-0029892,1.0,0.0,0.0,0.0,0.0,0.0,0.0,0.0,0.0,0.0,0.0,0.0,0.0,72.0,37.85,31.14,247.6,132.7,3.14081762534274,1.0811241430082887,0.9461923874810362,1.0,1.0,kyle juszczyk,kylejuszczyk,kjuszczyk,San Francisco 49ers,00-0029892,0.0,0.0,0.0,0.0,0.0,0.0,0.0,1.0,1.0,5.0,0.0,K.Juszczyk,SF,team_norm & _alias_init_last,0.0,0.0,0.0,0.0,0.0,0.0,0.0,-1.0,-1.0,-5.0,0.0
2025,2,0.0,2025_02_SF_NO,San Francisco 49ers,Mac Jones,QB,00-0036972,1.0,38.15,216.7,2.14,0.8,3.91,12.3,0.17,0.0,0.0,0.0,0.0,0.1538,72.0,37.85,31.14,247.6,132.7,3.14081762534274,1.0811241430082887,0.9461923874810362,1.0,1.0,mac jones,macjones,mjones,San Francisco 49ers,00-0036972,44.0,279.0,3.0,0.0,2.0,-4.0,0.0,0.0,0.0,0.0,0.0,M.Jones,SF,team_norm & _alias_init_last,-5.850000000000001,-62.30000000000001,-0.8599999999999999,0.8,1.9100000000000001,16.3,0.17,0.0,0.0,0.0,0.0
2025,2,0.0,2025_02_SF_NO,San Francisco 49ers,Christian McCaffrey,RB,00-0033280,1.0,0.0,0.0,0.0,0.0,19.16,65.6,0.73,7.5,6.24,32.6,0.65,0.7476,72.0,37.85,31.14,247.6,132.7,3.14081762534274,1.0811241430082887,0.9461923874810362,1.0,1.0,christian mccaffrey,christianmccaffrey,cmccaffrey,San Francisco 49ers,00-0033280,0.0,0.0,0.0,0.0,13.0,55.0,0.0,7.0,6.0,52.0,1.0,C.McCaffrey,SF,team_norm & _alias_init_last,0.0,0.0,0.0,0.0,6.16,10.599999999999994,0.73,0.5,0.2400000000000002,-19.4,-0.35
2025,2,0.0,2025_02_SF_NO,San Francisco 49ers,Brian Robinson,RB,00-0037746,1.0,0.0,0.0,0.0,0.0,8.07,28.5,0.25,2.55,2.01,11.0,0.22,0.3733,72.0,37.85,31.14,247.6,132.7,3.14081762534274,1.0811241430082887,0.9461923874810362,1.0,1.0,brian robinson,brianrobinson,brobinson,San Francisco 49ers,00-0037746,0.0,0.0,0.0,0.0,7.0,20.0,0.0,1.0,1.0,-1.0,0.0,B.Robinson,SF,team_norm & _alias_init_last,0.0,0.0,0.0,0.0,1.0700000000000003,8.5,0.25,1.5499999999999998,1.0099999999999998,12.0,0.22
2025,2,0.0,2025_02_SF_NO,San Francisco 49ers,Isaac Guerendo,RB,00-0039363,1.0,0.0,0.0,0.0,0.0,0.0,0.0,0.0,0.0,0.0,0.0,0.0,0.0,72.0,37.85,31.14,247.6,132.7,3.14081762534274,1.0811241430082887,0.9461923874810362,1.0,1.0,isaac guerendo,isaacguerendo,iguerendo,San Francisco 49ers,00-0039363,,,,,,,,,,,,,,,,,,,,,,,,,
2025,2,0.0,2025_02_SF_NO,San Francisco 49ers,Luke Farrell,TE,00-0036887,1.0,0.0,0.0,0.0,0.0,0.0,0.0,0.0,5.28,4.33,29.7,0.41,0.3339,72.0,37.85,31.14,247.6,132.7,3.14081762534274,1.0811241430082887,0.9461923874810362,1.0,1.0,luke farrell,lukefarrell,lfarrell,San Francisco 49ers,00-0036887,0.0,0.0,0.0,0.0,0.0,0.0,0.0,3.0,2.0,15.0,1.0,L.Farrell,SF,team_norm & _alias_init_last,0.0,0.0,0.0,0.0,0.0,0.0,0.0,2.2800000000000002,2.33,14.7,-0.5900000000000001
2025,2,0.0,2025_02_SF_NO,San Francisco 49ers,Jake Tonges,TE,00-0037112,1.0,0.0,0.0,0.0,0.0,0.0,0.0,0.0,4.31,3.35,24.7,0.33,0.2843,72.0,37.85,31.14,247.6,132.7,3.14081762534274,1.0811241430082887,0.9461923874810362,1.0,1.0,jake tonges,jaketonges,jtonges,San Francisco 49ers,00-0037112,0.0,0.0,0.0,0.0,0.0,0.0,0.0,5.0,4.0,31.0,0.0,J.Tonges,SF,team_norm & _alias_init_last,0.0,0.0,0.0,0.0,0.0,0.0,0.0,-0.6900000000000004,-0.6499999999999999,-6.300000000000001,0.33
2025,2,0.0,2025_02_SF_NO,San Francisco 49ers,Brayden Willis,TE,00-0038643,1.0,0.0,0.0,0.0,0.0,0.0,0.0,0.0,0.0,0.0,0.0,0.0,0.0,72.0,37.85,31.14,247.6,132.7,3.14081762534274,1.0811241430082887,0.9461923874810362,1.0,1.0,brayden willis,braydenwillis,bwillis,San Francisco 49ers,00-0038643,0.0,0.0,0.0,0.0,0.0,0.0,0.0,1.0,0.0,0.0,0.0,B.Willis,SF,team_norm & _alias_init_last,0.0,0.0,0.0,0.0,0.0,0.0,0.0,-1.0,0.0,0.0,0.0
2025,2,0.0,2025_02_SF_NO,San Francisco 49ers,Hayden Rucci,TE,00-0039489,1.0,0.0,0.0,0.0,0.0,0.0,0.0,0.0,0.0,0.0,0.0,0.0,0.0,72.0,37.85,31.14,247.6,132.7,3.14081762534274,1.0811241430082887,0.9461923874810362,0.0,0.0,hayden rucci,haydenrucci,hrucci,San Francisco 49ers,00-0039489,,,,,,,,,,,,,,,,,,,,,,,,,
2025,2,0.0,2025_02_SF_NO,San Francisco 49ers,Ricky Pearsall,WR,00-0039916,1.0,0.0,0.0,0.0,0.0,0.0,0.0,0.0,6.63,4.0,37.2,0.53,0.4086,72.0,37.85,31.14,247.6,132.7,3.14081762534274,1.0811241430082887,0.9461923874810362,1.0,1.0,ricky pearsall,rickypearsall,rpearsall,San Francisco 49ers,00-0039916,0.0,0.0,0.0,0.0,1.0,-4.0,0.0,7.0,4.0,56.0,0.0,R.Pearsall,SF,team_norm & _alias_init_last,0.0,0.0,0.0,0.0,-1.0,4.0,0.0,-0.3700000000000001,0.0,-18.799999999999997,0.53
2025,2,0.0,2025_02_SF_NO,San Francisco 49ers,Jauan Jennings,WR,00-0036259,1.0,0.0,0.0,0.0,0.0,0.0,0.0,0.0,5.31,3.22,25.4,0.42,0.3416,72.0,37.85,31.14,247.6,132.7,3.14081762534274,1.0811241430082887,0.9461923874810362,1.0,1.0,jauan jennings,jauanjennings,jjennings,San Francisco 49ers,,0.0,0.0,0.0,0.0,0.0,0.0,0.0,11.0,5.0,89.0,1.0,J.Jennings,SF,team_norm & _alias_init_last,0.0,0.0,0.0,0.0,0.0,0.0,0.0,-5.69,-1.7799999999999998,-63.6,-0.5800000000000001
2025,2,0.0,2025_02_SF_NO,San Francisco 49ers,Kendrick Bourne,WR,00-0033307,1.0,0.0,0.0,0.0,0.0,0.0,0.0,0.0,3.49,2.28,16.8,0.26,0.2316,72.0,37.85,31.14,247.6,132.7,3.14081762534274,1.0811241430082887,0.9461923874810362,1.0,1.0,kendrick bourne,kendrickbourne,kbourne,San Francisco 49ers,00-0033307,0.0,0.0,0.0,0.0,0.0,0.0,0.0,3.0,3.0,32.0,0.0,K.Bourne,SF,team_norm & _alias_init_last,0.0,0.0,0.0,0.0,0.0,0.0,0.0,0.4900000000000002,-0.7200000000000002,-15.2,0.26
2025,2,0.0,2025_02_SF_NO,San Francisco 49ers,Colton Dowell,WR,00-0038632,1.0,0.0,0.0,0.0,0.0,0.0,0.0,0.0,0.0,0.0,0.0,0.0,0.0,72.0,37.85,31.14,247.6,132.7,3.14081762534274,1.0811241430082887,0.9461923874810362,0.0,0.0,colton dowell,coltondowell,cdowell,San Francisco 49ers,00-0038632,,,,,,,,,,,,,,,,,,,,,,,,,
2025,2,0.0,2025_02_SF_NO,San Francisco 49ers,Skyy Moore,WR,00-0038090,1.0,0.0,0.0,0.0,0.0,0.0,0.0,0.0,0.0,0.0,0.0,0.0,0.0,72.0,37.85,31.14,247.6,132.7,3.14081762534274,1.0811241430082887,0.9461923874810362,1.0,1.0,skyy moore,skyymoore,smoore,San Francisco 49ers,00-0038090,,,,,,,,,,,,,,,,,,,,,,,,,
2025,2,0.0,2025_02_TB_HOU,Houston Texans,C.J. Stroud,QB,00-0039163,1.0,41.33,221.2,1.92,0.86,4.61,13.5,0.24,0.0,0.0,0.0,0.0,0.2123,70.9,40.27,28.14,225.9,102.8,2.6135316726378925,1.1160551692428644,1.0066924245396764,1.0,1.0,c.j. stroud,cjstroud,cstroud,Houston Texans,00-0039163,32.0,207.0,1.0,0.0,0.0,0.0,0.0,0.0,0.0,0.0,0.0,C.Stroud,HOU,team_norm & _alias_init_last,9.329999999999998,14.199999999999989,0.9199999999999999,0.86,4.61,13.5,0.24,0.0,0.0,0.0,0.0
2025,2,0.0,2025_02_TB_HOU,Houston Texans,Nick Chubb,RB,00-0034791,1.0,0.0,0.0,0.0,0.0,17.96,52.8,0.81,3.51,2.49,16.0,0.22,0.6437,70.9,40.27,28.14,225.9,102.8,2.6135316726378925,1.1160551692428644,1.0066924245396764,1.0,1.0,nick chubb,nickchubb,nchubb,Houston Texans,00-0034791,0.0,0.0,0.0,0.0,13.0,43.0,1.0,2.0,2.0,29.0,0.0,N.Chubb,HOU,team_norm & _alias_init_last,0.0,0.0,0.0,0.0,4.960000000000001,9.799999999999997,-0.18999999999999995,1.5099999999999998,0.4900000000000002,-13.0,0.22
2025,2,0.0,2025_02_TB_HOU,Houston Texans,Dameon Pierce,RB,,1.0,0.0,0.0,0.0,0.0,2.61,9.4,0.1,0.66,0.51,4.2,0.04,0.1348,70.9,40.27,28.14,225.9,102.8,2.6135316726378925,1.1160551692428644,1.0066924245396764,0.0,0.0,dameon pierce,dameonpierce,dpierce,Houston Texans,,,,,,,,,,,,,,,,,,,,,,,,,,
2025,2,0.0,2025_02_TB_HOU,Houston Texans,Dare Ogunbowale,RB,00-0033854,1.0,0.0,0.0,0.0,0.0,1.15,3.6,0.0,1.33,0.94,5.9,0.09,0.0836,70.9,40.27,28.14,225.9,102.8,2.6135316726378925,1.1160551692428644,1.0066924245396764,1.0,1.0,dare ogunbowale,dareogunbowale,dogunbowale,Houston Texans,,,,,,,,,,,,,,,,,,,,,,,,,,
2025,2,0.0,2025_02_TB_HOU,Houston Texans,Woody Marks,RB,00-0040583,1.0,0.0,0.0,0.0,0.0,1.8,5.4,0.0,0.0,0.0,0.0,0.0,0.0,70.9,40.27,28.14,225.9,102.8,2.6135316726378925,1.1160551692428644,1.0066924245396764,1.0,1.0,woody marks,woodymarks,wmarks,Houston Texans,,0.0,0.0,0.0,0.0,3.0,14.0,0.0,1.0,1.0,37.0,0.0,W.Marks,HOU,team_norm & _alias_init_last,0.0,0.0,0.0,0.0,-1.2,-8.6,0.0,-1.0,-1.0,-37.0,0.0
2025,2,0.0,2025_02_TB_HOU,Houston Texans,Dalton Schultz,TE,00-0034383,1.0,0.0,0.0,0.0,0.0,0.0,0.0,0.0,8.36,6.43,35.5,0.49,0.3864,70.9,40.27,28.14,225.9,102.8,2.6135316726378925,1.1160551692428644,1.0066924245396764,1.0,1.0,dalton schultz,daltonschultz,dschultz,Houston Texans,00-0034383,0.0,0.0,0.0,0.0,0.0,0.0,0.0,4.0,3.0,29.0,0.0,D.Schultz,HOU,team_norm & _alias_init_last,0.0,0.0,0.0,0.0,0.0,0.0,0.0,4.359999999999999,3.4299999999999997,6.5,0.49
2025,2,0.0,2025_02_TB_HOU,Houston Texans,Harrison Bryant,TE,00-0036232,1.0,0.0,0.0,0.0,0.0,0.0,0.0,0.0,4.55,3.33,21.4,0.28,0.2448,70.9,40.27,28.14,225.9,102.8,2.6135316726378925,1.1160551692428644,1.0066924245396764,1.0,1.0,harrison bryant,harrisonbryant,hbryant,Houston Texans,00-0036232,0.0,0.0,0.0,0.0,0.0,0.0,0.0,1.0,0.0,0.0,0.0,H.Bryant,HOU,team_norm & _alias_init_last,0.0,0.0,0.0,0.0,0.0,0.0,0.0,3.55,3.33,21.4,0.28
2025,2,0.0,2025_02_TB_HOU,Houston Texans,Dalton Keene,TE,00-0036225,1.0,0.0,0.0,0.0,0.0,0.0,0.0,0.0,0.0,0.0,0.0,0.0,0.0,70.9,40.27,28.14,225.9,102.8,2.6135316726378925,1.1160551692428644,1.0066924245396764,0.0,0.0,dalton keene,daltonkeene,dkeene,Houston Texans,00-0036225,,,,,,,,,,,,,,,,,,,,,,,,,
2025,2,0.0,2025_02_TB_HOU,Houston Texans,Nico Collins,WR,00-0036554,1.0,0.0,0.0,0.0,0.0,0.0,0.0,0.0,8.44,5.02,34.8,0.52,0.405,70.9,40.27,28.14,225.9,102.8,2.6135316726378925,1.1160551692428644,1.0066924245396764,1.0,1.0,nico collins,nicocollins,ncollins,Houston Texans,00-0036554,0.0,0.0,0.0,0.0,0.0,0.0,0.0,9.0,3.0,52.0,1.0,N.Collins,HOU,team_norm & _alias_init_last,0.0,0.0,0.0,0.0,0.0,0.0,0.0,-0.5600000000000005,2.0199999999999996,-17.200000000000003,-0.48
2025,2,0.0,2025_02_TB_HOU,Houston Texans,Jayden Higgins,WR,00-0040130,1.0,0.0,0.0,0.0,0.0,0.0,0.0,0.0,4.91,2.87,22.5,0.3,0.2619,70.9,40.27,28.14,225.9,102.8,2.6135316726378925,1.1160551692428644,1.0066924245396764,1.0,1.0,jayden higgins,jaydenhiggins,jhiggins,Houston Texans,00-0040130,0.0,0.0,0.0,0.0,0.0,0.0,0.0,1.0,1.0,28.0,0.0,J.Higgins,HOU,team_norm & _alias_init_last,0.0,0.0,0.0,0.0,0.0,0.0,0.0,3.91,1.87,-5.5,0.3
2025,2,0.0,2025_02_TB_HOU,Houston Texans,Xavier Hutchinson,WR,00-0038618,1.0,0.0,0.0,0.0,0.0,0.0,0.0,0.0,3.28,1.72,14.1,0.2,0.1793,70.9,40.27,28.14,225.9,102.8,2.6135316726378925,1.1160551692428644,1.0066924245396764,1.0,1.0,xavier hutchinson,xavierhutchinson,xhutchinson,Houston Texans,00-0038618,0.0,0.0,0.0,0.0,0.0,0.0,0.0,3.0,2.0,29.0,0.0,X.Hutchinson,HOU,team_norm & _alias_init_last,0.0,0.0,0.0,0.0,0.0,0.0,0.0,0.2799999999999998,-0.28,-14.9,0.2
2025,2,0.0,2025_02_TB_HOU,Houston Texans,Justin Watson,WR,00-0034386,1.0,0.0,0.0,0.0,0.0,0.0,0.0,0.0,1.08,0.67,7.5,0.07,0.0691,70.9,40.27,28.14,225.9,102.8,2.6135316726378925,1.1160551692428644,1.0066924245396764,1.0,1.0,justin watson,justinwatson,jwatson,Houston Texans,00-0034386,0.0,0.0,0.0,0.0,0.0,0.0,0.0,2.0,1.0,3.0,0.0,J.Watson,HOU,team_norm & _alias_init_last,0.0,0.0,0.0,0.0,0.0,0.0,0.0,-0.9199999999999999,-0.32999999999999996,4.5,0.07
2025,2,0.0,2025_02_TB_HOU,Houston Texans,Jaylin Noel,WR,00-0040138,1.0,0.0,0.0,0.0,0.0,0.0,0.0,0.0,1.08,0.72,5.8,0.07,0.066,70.9,40.27,28.14,225.9,102.8,2.6135316726378925,1.1160551692428644,1.0066924245396764,1.0,1.0,jaylin noel,jaylinnoel,jnoel,Houston Texans,00-0040138,,,,,,,,,,,,,,,,,,,,,,,,,
2025,2,0.0,2025_02_TB_HOU,Houston Texans,Daniel Jackson,WR,00-0040412,1.0,0.0,0.0,0.0,0.0,0.0,0.0,0.0,0.0,0.0,0.0,0.0,0.0,70.9,40.27,28.14,225.9,102.8,2.6135316726378925,1.1160551692428644,1.0066924245396764,0.0,0.0,daniel jackson,danieljackson,djackson,Houston Texans,00-0040412,,,,,,,,,,,,,,,,,,,,,,,,,
2025,2,0.0,2025_02_TB_HOU,Tampa Bay Buccaneers,Baker Mayfield,QB,00-0034855,1.0,44.1,289.4,2.34,0.93,3.8,14.7,0.17,0.0,0.0,0.0,0.0,0.153,69.71,43.6,23.24,330.9,114.9,3.01860174244125,0.8391536489454499,1.0899168928115597,1.0,1.0,baker mayfield,bakermayfield,bmayfield,Tampa Bay Buccaneers,00-0034855,52.0,215.0,2.0,0.0,0.0,0.0,0.0,0.0,0.0,0.0,0.0,B.Mayfield,TB,team_norm & _alias_init_last,-7.899999999999999,74.39999999999998,0.33999999999999986,0.93,3.8,14.7,0.17,0.0,0.0,0.0,0.0
2025,2,0.0,2025_02_TB_HOU,Tampa Bay Buccaneers,Bucky Irving,RB,00-0039361,1.0,0.0,0.0,0.0,0.0,14.75,62.0,0.52,5.42,4.68,32.8,0.38,0.5938,69.71,43.6,23.24,330.9,114.9,3.01860174244125,0.8391536489454499,1.0899168928115597,1.0,1.0,bucky irving,buckyirving,birving,Tampa Bay Buccaneers,,0.0,0.0,0.0,0.0,18.0,71.0,0.0,7.0,6.0,50.0,0.0,B.Irving,TB,team_norm & _alias_init_last,0.0,0.0,0.0,0.0,-3.25,-9.0,0.52,-1.58,-1.3200000000000003,-17.200000000000003,0.38
2025,2,0.0,2025_02_TB_HOU,Tampa Bay Buccaneers,Rachaad White,RB,00-0037256,1.0,0.0,0.0,0.0,0.0,4.18,16.9,0.18,2.41,2.12,12.8,0.17,0.2975,69.71,43.6,23.24,330.9,114.9,3.01860174244125,0.8391536489454499,1.0899168928115597,1.0,1.0,rachaad white,rachaadwhite,rwhite,Tampa Bay Buccaneers,00-0037256,0.0,0.0,0.0,0.0,10.0,65.0,1.0,2.0,2.0,1.0,0.0,R.White,TB,team_norm & _alias_init_last,0.0,0.0,0.0,0.0,-5.82,-48.1,-0.8200000000000001,0.41000000000000014,0.1200000000000001,11.8,0.17
2025,2,0.0,2025_02_TB_HOU,Tampa Bay Buccaneers,Sean Tucker,RB,00-0038951,1.0,0.0,0.0,0.0,0.0,0.5,2.1,0.0,0.0,0.0,0.0,0.0,0.0,69.71,43.6,23.24,330.9,114.9,3.01860174244125,0.8391536489454499,1.0899168928115597,1.0,1.0,sean tucker,seantucker,stucker,Tampa Bay Buccaneers,00-0038951,,,,,,,,,,,,,,,,,,,,,,,,,
2025,2,0.0,2025_02_TB_HOU,Tampa Bay Buccaneers,Cade Otton,TE,00-0038129,1.0,0.0,0.0,0.0,0.0,0.0,0.0,0.0,6.25,4.71,32.9,0.4,0.3304,69.71,43.6,23.24,330.9,114.9,3.01860174244125,0.8391536489454499,1.0899168928115597,1.0,1.0,cade otton,cadeotton,cotton,Tampa Bay Buccaneers,00-0038129,0.0,0.0,0.0,0.0,0.0,0.0,0.0,4.0,3.0,25.0,0.0,C.Otton,TB,team_norm & _alias_init_last,0.0,0.0,0.0,0.0,0.0,0.0,0.0,2.25,1.71,7.899999999999999,0.4
2025,2,0.0,2025_02_TB_HOU,Tampa Bay Buccaneers,Payne Durham,TE,00-0039050,1.0,0.0,0.0,0.0,0.0,0.0,0.0,0.0,4.56,3.55,33.6,0.31,0.2632,69.71,43.6,23.24,330.9,114.9,3.01860174244125,0.8391536489454499,1.0899168928115597,1.0,1.0,payne durham,paynedurham,pdurham,Tampa Bay Buccaneers,00-0039050,0.0,0.0,0.0,0.0,0.0,0.0,0.0,1.0,0.0,0.0,0.0,P.Durham,TB,team_norm & _alias_init_last,0.0,0.0,0.0,0.0,0.0,0.0,0.0,3.5599999999999996,3.55,33.6,0.31
2025,2,0.0,2025_02_TB_HOU,Tampa Bay Buccaneers,Devin Culp,TE,00-0039754,1.0,0.0,0.0,0.0,0.0,0.0,0.0,0.0,0.0,0.0,0.0,0.0,0.0,69.71,43.6,23.24,330.9,114.9,3.01860174244125,0.8391536489454499,1.0899168928115597,0.0,0.0,devin culp,devinculp,dculp,Tampa Bay Buccaneers,00-0039754,,,,,,,,,,,,,,,,,,,,,,,,,
2025,2,0.0,2025_02_TB_HOU,Tampa Bay Buccaneers,Ko Kieft,TE,00-0037311,1.0,0.0,0.0,0.0,0.0,0.0,0.0,0.0,0.0,0.0,0.0,0.0,0.0,69.71,43.6,23.24,330.9,114.9,3.01860174244125,0.8391536489454499,1.0899168928115597,1.0,1.0,ko kieft,kokieft,kkieft,Tampa Bay Buccaneers,00-0037311,,,,,,,,,,,,,,,,,,,,,,,,,
2025,2,0.0,2025_02_TB_HOU,Tampa Bay Buccaneers,Mike Evans,WR,00-0031408,1.0,0.0,0.0,0.0,0.0,0.0,0.0,0.0,10.13,5.49,62.2,0.66,0.4845,69.71,43.6,23.24,330.9,114.9,3.01860174244125,0.8391536489454499,1.0899168928115597,1.0,1.0,mike evans,mikeevans,mevans,Tampa Bay Buccaneers,00-0031408,0.0,0.0,0.0,0.0,0.0,0.0,0.0,13.0,5.0,56.0,0.0,M.Evans,TB,team_norm & _alias_init_last,0.0,0.0,0.0,0.0,0.0,0.0,0.0,-2.869999999999999,0.4900000000000002,6.200000000000003,0.66
2025,2,0.0,2025_02_TB_HOU,Tampa Bay Buccaneers,Emeka Egbuka,WR,00-0040129,1.0,0.0,0.0,0.0,0.0,0.0,0.0,0.0,7.05,3.46,47.7,0.46,0.37,69.71,43.6,23.24,330.9,114.9,3.01860174244125,0.8391536489454499,1.0899168928115597,1.0,1.0,emeka egbuka,emekaegbuka,eegbuka,Tampa Bay Buccaneers,00-0040129,0.0,0.0,0.0,0.0,0.0,0.0,0.0,8.0,4.0,29.0,1.0,E.Egbuka,TB,team_norm & _alias_init_last,0.0,0.0,0.0,0.0,0.0,0.0,0.0,-0.9500000000000002,-0.54,18.700000000000003,-0.54
2025,2,0.0,2025_02_TB_HOU,Tampa Bay Buccaneers,Sterling Shepard,WR,00-0032385,1.0,0.0,0.0,0.0,0.0,0.0,0.0,0.0,5.62,3.3,35.7,0.38,0.3135,69.71,43.6,23.24,330.9,114.9,3.01860174244125,0.8391536489454499,1.0899168928115597,1.0,1.0,sterling shepard,sterlingshepard,sshepard,Tampa Bay Buccaneers,00-0032385,0.0,0.0,0.0,0.0,0.0,0.0,0.0,4.0,4.0,34.0,0.0,S.Shepard,TB,team_norm & _alias_init_last,0.0,0.0,0.0,0.0,0.0,0.0,0.0,1.62,-0.7000000000000002,1.7000000000000028,0.38
2025,2,0.0,2025_02_TB_HOU,Tampa Bay Buccaneers,Ryan Miller,WR,,1.0,0.0,0.0,0.0,0.0,0.0,0.0,0.0,0.67,0.41,8.2,0.05,0.0451,69.71,43.6,23.24,330.9,114.9,3.01860174244125,0.8391536489454499,1.0899168928115597,0.0,1.0,ryan miller,ryanmiller,rmiller,Tampa Bay Buccaneers,,0.0,0.0,0.0,0.0,0.0,0.0,0.0,1.0,1.0,20.0,1.0,R.Miller,TB,team_norm & _alias_init_last,0.0,0.0,0.0,0.0,0.0,0.0,0.0,-0.32999999999999996,-0.5900000000000001,-11.8,-0.95
2025,2,0.0,2025_02_TB_HOU,Tampa Bay Buccaneers,Tez Johnson,WR,00-0040237,1.0,0.0,0.0,0.0,0.0,0.0,0.0,0.0,0.67,0.39,5.4,0.05,0.044,69.71,43.6,23.24,330.9,114.9,3.01860174244125,0.8391536489454499,1.0899168928115597,0.0,0.0,tez johnson,tezjohnson,tjohnson,Tampa Bay Buccaneers,00-0040237,0.0,0.0,0.0,0.0,0.0,0.0,0.0,5.0,4.0,34.0,0.0,T.Johnson,NYG,_alias_init_last,0.0,0.0,0.0,0.0,0.0,0.0,0.0,-4.33,-3.61,-28.6,0.05
2025,2,0.0,2025_02_TB_HOU,Tampa Bay Buccaneers,Kameron Johnson,WR,00-0039589,1.0,0.0,0.0,0.0,0.0,0.0,0.0,0.0,0.0,0.0,0.0,0.0,0.0,69.71,43.6,23.24,330.9,114.9,3.01860174244125,0.8391536489454499,1.0899168928115597,1.0,1.0,kameron johnson,kameronjohnson,kjohnson,Tampa Bay Buccaneers,00-0039589,0.0,0.0,0.0,0.0,1.0,1.0,0.0,0.0,0.0,0.0,0.0,K.Johnson,PIT,_alias_init_last,0.0,0.0,0.0,0.0,-1.0,-1.0,0.0,0.0,0.0,0.0,0.0
2025,2,0.0,2025_02_WAS_GB,Green Bay Packers,Jordan Love,QB,00-0036264,1.0,35.44,233.0,1.81,0.7,3.39,12.9,0.14,0.0,0.0,0.0,0.0,0.1314,67.19,32.97,32.88,250.3,162.6,1.9837477993136376,1.026675152726065,0.824289355741557,1.0,1.0,jordan love,jordanlove,jlove,Green Bay Packers,00-0036264,37.0,292.0,2.0,0.0,0.0,0.0,0.0,0.0,0.0,0.0,0.0,J.Love,GB,team_norm & _alias_init_last,-1.5600000000000023,-59.0,-0.18999999999999995,0.7,3.39,12.9,0.14,0.0,0.0,0.0,0.0
2025,2,0.0,2025_02_WAS_GB,Green Bay Packers,Malik Willis,QB,00-0038128,1.0,0.0,0.0,0.0,0.0,3.39,13.3,0.14,0.0,0.0,0.0,0.0,0.1275,67.19,32.97,32.88,250.3,162.6,1.9837477993136376,1.026675152726065,0.824289355741557,1.0,1.0,malik willis,malikwillis,mwillis,Green Bay Packers,00-0038128,,,,,,,,,,,,,,,,,,,,,,,,,
2025,2,0.0,2025_02_WAS_GB,Green Bay Packers,Josh Jacobs,RB,00-0035700,1.0,0.0,0.0,0.0,0.0,21.09,85.3,0.6,2.88,2.29,15.0,0.17,0.5396,67.19,32.97,32.88,250.3,162.6,1.9837477993136376,1.026675152726065,0.824289355741557,1.0,1.0,josh jacobs,joshjacobs,jjacobs,Green Bay Packers,00-0035700,0.0,0.0,0.0,0.0,25.0,84.0,1.0,0.0,0.0,0.0,0.0,J.Jacobs,GB,team_norm & _alias_init_last,0.0,0.0,0.0,0.0,-3.91,1.2999999999999972,-0.4,2.88,2.29,15.0,0.17
2025,2,0.0,2025_02_WAS_GB,Green Bay Packers,Chris Brooks,RB,00-0038685,1.0,0.0,0.0,0.0,0.0,4.44,19.7,0.21,1.99,1.49,11.2,0.12,0.2837,67.19,32.97,32.88,250.3,162.6,1.9837477993136376,1.026675152726065,0.824289355741557,1.0,1.0,chris brooks,chrisbrooks,cbrooks,Green Bay Packers,00-0038685,0.0,0.0,0.0,0.0,0.0,0.0,0.0,4.0,3.0,27.0,0.0,C.Brooks,GB,team_norm & _alias_init_last,0.0,0.0,0.0,0.0,4.44,19.7,0.21,-2.01,-1.51,-15.8,0.12
2025,2,0.0,2025_02_WAS_GB,Green Bay Packers,Emanuel Wilson,RB,00-0038797,1.0,0.0,0.0,0.0,0.0,0.57,2.4,0.0,0.0,0.0,0.0,0.0,0.0,67.19,32.97,32.88,250.3,162.6,1.9837477993136376,1.026675152726065,0.824289355741557,1.0,1.0,emanuel wilson,emanuelwilson,ewilson,Green Bay Packers,00-0038797,,,,,,,,,,,,,,,,,,,,,,,,,
2025,2,0.0,2025_02_WAS_GB,Green Bay Packers,Tucker Kraft,TE,00-0038996,1.0,0.0,0.0,0.0,0.0,0.0,0.0,0.0,6.65,5.16,36.1,0.4,0.3278,67.19,32.97,32.88,250.3,162.6,1.9837477993136376,1.026675152726065,0.824289355741557,1.0,1.0,tucker kraft,tuckerkraft,tkraft,Green Bay Packers,00-0038996,0.0,0.0,0.0,0.0,0.0,0.0,0.0,7.0,6.0,124.0,1.0,T.Kraft,GB,team_norm & _alias_init_last,0.0,0.0,0.0,0.0,0.0,0.0,0.0,-0.34999999999999964,-0.8399999999999999,-87.9,-0.6
2025,2,0.0,2025_02_WAS_GB,Green Bay Packers,Luke Musgrave,TE,00-0039144,1.0,0.0,0.0,0.0,0.0,0.0,0.0,0.0,2.74,2.19,16.0,0.15,0.1376,67.19,32.97,32.88,250.3,162.6,1.9837477993136376,1.026675152726065,0.824289355741557,1.0,1.0,luke musgrave,lukemusgrave,lmusgrave,Green Bay Packers,00-0039144,0.0,0.0,0.0,0.0,0.0,0.0,0.0,2.0,2.0,32.0,0.0,L.Musgrave,GB,team_norm & _alias_init_last,0.0,0.0,0.0,0.0,0.0,0.0,0.0,0.7400000000000002,0.18999999999999995,-16.0,0.15
2025,2,0.0,2025_02_WAS_GB,Green Bay Packers,John FitzPatrick,TE,00-0037306,1.0,0.0,0.0,0.0,0.0,0.0,0.0,0.0,0.73,0.58,5.5,0.04,0.0425,67.19,32.97,32.88,250.3,162.6,1.9837477993136376,1.026675152726065,0.824289355741557,1.0,1.0,john fitzpatrick,johnfitzpatrick,jfitzpatrick,Green Bay Packers,00-0037306,0.0,0.0,0.0,0.0,0.0,0.0,0.0,1.0,0.0,0.0,0.0,J.FitzPatrick,GB,team_norm & _alias_init_last,0.0,0.0,0.0,0.0,0.0,0.0,0.0,-0.27,0.58,5.5,0.04
2025,2,0.0,2025_02_WAS_GB,Green Bay Packers,Drake Dabney,TE,00-0040628,1.0,0.0,0.0,0.0,0.0,0.0,0.0,0.0,0.0,0.0,0.0,0.0,0.0,67.19,32.97,32.88,250.3,162.6,1.9837477993136376,1.026675152726065,0.824289355741557,0.0,0.0,drake dabney,drakedabney,ddabney,Green Bay Packers,00-0040628,,,,,,,,,,,,,,,,,,,,,,,,,
2025,2,0.0,2025_02_WAS_GB,Green Bay Packers,Johnny Lumpkin,TE,00-0038913,1.0,0.0,0.0,0.0,0.0,0.0,0.0,0.0,0.0,0.0,0.0,0.0,0.0,67.19,32.97,32.88,250.3,162.6,1.9837477993136376,1.026675152726065,0.824289355741557,0.0,0.0,johnny lumpkin,johnnylumpkin,jlumpkin,Green Bay Packers,00-0038913,,,,,,,,,,,,,,,,,,,,,,,,,
2025,2,0.0,2025_02_WAS_GB,Green Bay Packers,Romeo Doubs,WR,00-0037816,1.0,0.0,0.0,0.0,0.0,0.0,0.0,0.0,5.89,3.51,32.7,0.35,0.2937,67.19,32.97,32.88,250.3,162.6,1.9837477993136376,1.026675152726065,0.824289355741557,1.0,1.0,romeo doubs,romeodoubs,rdoubs,Green Bay Packers,00-0037816,0.0,0.0,0.0,0.0,0.0,0.0,0.0,6.0,3.0,28.0,1.0,R.Doubs,GB,team_norm & _alias_init_last,0.0,0.0,0.0,0.0,0.0,0.0,0.0,-0.11000000000000032,0.5099999999999998,4.700000000000003,-0.65
2025,2,0.0,2025_02_WAS_GB,Green Bay Packers,Matthew Golden,WR,00-0040667,1.0,0.0,0.0,0.0,0.0,0.0,0.0,0.0,4.45,2.82,30.0,0.25,0.2182,67.19,32.97,32.88,250.3,162.6,1.9837477993136376,1.026675152726065,0.824289355741557,1.0,1.0,matthew golden,matthewgolden,mgolden,Green Bay Packers,00-0040667,0.0,0.0,0.0,0.0,2.0,15.0,0.0,2.0,0.0,0.0,0.0,M.Golden,GB,team_norm & _alias_init_last,0.0,0.0,0.0,0.0,-2.0,-15.0,0.0,2.45,2.82,30.0,0.25
2025,2,0.0,2025_02_WAS_GB,Green Bay Packers,Dontayvion Wicks,WR,00-0038393,1.0,0.0,0.0,0.0,0.0,0.0,0.0,0.0,3.1,1.71,16.6,0.18,0.163,67.19,32.97,32.88,250.3,162.6,1.9837477993136376,1.026675152726065,0.824289355741557,1.0,1.0,dontayvion wicks,dontayvionwicks,dwicks,Green Bay Packers,00-0038393,0.0,0.0,0.0,0.0,0.0,0.0,0.0,6.0,4.0,44.0,0.0,D.Wicks,GB,team_norm & _alias_init_last,0.0,0.0,0.0,0.0,0.0,0.0,0.0,-2.9,-2.29,-27.4,0.18
2025,2,0.0,2025_02_WAS_GB,Green Bay Packers,Savion Williams,WR,00-0040009,1.0,0.0,0.0,0.0,0.0,0.0,0.0,0.0,0.59,0.41,5.2,0.04,0.0357,67.19,32.97,32.88,250.3,162.6,1.9837477993136376,1.026675152726065,0.824289355741557,1.0,1.0,savion williams,savionwilliams,swilliams,Green Bay Packers,00-0040009,0.0,0.0,0.0,0.0,2.0,24.0,0.0,0.0,0.0,0.0,0.0,S.Williams,GB,team_norm & _alias_init_last,0.0,0.0,0.0,0.0,-2.0,-24.0,0.0,0.59,0.41,5.2,0.04
2025,2,0.0,2025_02_WAS_GB,Washington Commanders,Jayden Daniels,QB,00-0039910,1.0,40.74,263.8,1.46,0.86,7.13,25.8,0.11,0.0,0.0,0.0,0.0,0.1029,72.0,40.63,27.94,308.4,138.2,1.6907470792518555,0.4309323877415061,1.015761940017074,1.0,1.0,jayden daniels,jaydendaniels,jdaniels,Washington Commanders,00-0039910,55.0,200.0,2.0,0.0,1.0,0.0,0.0,0.0,0.0,0.0,0.0,J.Daniels,WAS,team_norm & _alias_init_last,-14.259999999999998,63.80000000000001,-0.54,0.86,6.13,25.8,0.11,0.0,0.0,0.0,0.0
2025,2,0.0,2025_02_WAS_GB,Washington Commanders,Marcus Mariota,QB,00-0032268,1.0,0.0,0.0,0.0,0.0,7.13,25.7,0.1,0.0,0.0,0.0,0.0,0.0931,72.0,40.63,27.94,308.4,138.2,1.6907470792518555,0.4309323877415061,1.015761940017074,1.0,1.0,marcus mariota,marcusmariota,mmariota,Washington Commanders,00-0032268,,,,,,,,,,,,,,,,,,,,,,,,,
2025,2,0.0,2025_02_WAS_GB,Washington Commanders,Jacory Croskey-Merritt,RB,00-0040242,1.0,0.0,0.0,0.0,0.0,8.22,35.4,0.2,3.72,2.73,24.9,0.15,0.2949,72.0,40.63,27.94,308.4,138.2,1.6907470792518555,0.4309323877415061,1.015761940017074,1.0,1.0,jacory croskey-merritt,jacorycroskeymerritt,jcroskeymerritt,Washington Commanders,00-0040242,0.0,0.0,0.0,0.0,4.0,17.0,0.0,1.0,0.0,0.0,0.0,J.Croskey-Merritt,WAS,team_norm & _alias_init_last,0.0,0.0,0.0,0.0,4.220000000000001,18.4,0.2,2.72,2.73,24.9,0.15
2025,2,0.0,2025_02_WAS_GB,Washington Commanders,Jeremy McNichols,RB,00-0033955,1.0,0.0,0.0,0.0,0.0,3.72,15.8,0.07,1.9,1.44,10.4,0.08,0.1385,72.0,40.63,27.94,308.4,138.2,1.6907470792518555,0.4309323877415061,1.015761940017074,1.0,1.0,jeremy mcnichols,jeremymcnichols,jmcnichols,Washington Commanders,00-0033955,,,,,,,,,,,,,,,,,,,,,,,,,
2025,2,0.0,2025_02_WAS_GB,Washington Commanders,Zach Ertz,TE,00-0030061,1.0,0.0,0.0,0.0,0.0,0.0,0.0,0.0,8.1,5.99,47.4,0.32,0.2741,72.0,40.63,27.94,308.4,138.2,1.6907470792518555,0.4309323877415061,1.015761940017074,1.0,1.0,zach ertz,zachertz,zertz,Washington Commanders,00-0030061,0.0,0.0,0.0,0.0,0.0,0.0,0.0,10.0,6.0,64.0,1.0,Z.Ertz,WAS,team_norm & _alias_init_last,0.0,0.0,0.0,0.0,0.0,0.0,0.0,-1.9000000000000004,-0.009999999999999787,-16.6,-0.6799999999999999
2025,2,0.0,2025_02_WAS_GB,Washington Commanders,John Bates,TE,00-0036628,1.0,0.0,0.0,0.0,0.0,0.0,0.0,0.0,4.54,3.36,31.0,0.17,0.1597,72.0,40.63,27.94,308.4,138.2,1.6907470792518555,0.4309323877415061,1.015761940017074,1.0,1.0,john bates,johnbates,jbates,Washington Commanders,00-0036628,,,,,,,,,,,,,,,,,,,,,,,,,
2025,2,0.0,2025_02_WAS_GB,Washington Commanders,Ben Sinnott,TE,00-0039912,1.0,0.0,0.0,0.0,0.0,0.0,0.0,0.0,0.0,0.0,0.0,0.0,0.0,72.0,40.63,27.94,308.4,138.2,1.6907470792518555,0.4309323877415061,1.015761940017074,1.0,1.0,ben sinnott,bensinnott,bsinnott,Washington Commanders,00-0039912,0.0,0.0,0.0,0.0,0.0,0.0,0.0,1.0,1.0,7.0,0.0,B.Sinnott,WAS,team_norm & _alias_init_last,0.0,0.0,0.0,0.0,0.0,0.0,0.0,-1.0,-1.0,-7.0,0.0
2025,2,0.0,2025_02_WAS_GB,Washington Commanders,Colson Yankoff,TE,00-0039686,1.0,0.0,0.0,0.0,0.0,0.0,0.0,0.0,0.0,0.0,0.0,0.0,0.0,72.0,40.63,27.94,308.4,138.2,1.6907470792518555,0.4309323877415061,1.015761940017074,1.0,1.0,colson yankoff,colsonyankoff,cyankoff,Washington Commanders,00-0039686,,,,,,,,,,,,,,,,,,,,,,,,,
2025,2,0.0,2025_02_WAS_GB,Washington Commanders,Gee Scott Jr.,TE,00-0040571,1.0,0.0,0.0,0.0,0.0,0.0,0.0,0.0,0.0,0.0,0.0,0.0,0.0,72.0,40.63,27.94,308.4,138.2,1.6907470792518555,0.4309323877415061,1.015761940017074,0.0,0.0,gee scott jr.,geescottjr,gscott,Washington Commanders,00-0040571,,,,,,,,,,,,,,,,,,,,,,,,,
2025,2,0.0,2025_02_WAS_GB,Washington Commanders,Deebo Samuel Sr.,WR,00-0035719,1.0,0.0,0.0,0.0,0.0,0.0,0.0,0.0,9.41,5.8,55.7,0.37,0.311,72.0,40.63,27.94,308.4,138.2,1.6907470792518555,0.4309323877415061,1.015761940017074,1.0,1.0,deebo samuel sr.,deebosamuelsr,dsamuel,Washington Commanders,,0.0,0.0,0.0,0.0,0.0,0.0,0.0,8.0,7.0,44.0,1.0,D.Samuel,WAS,team_norm & _alias_init_last,0.0,0.0,0.0,0.0,0.0,0.0,0.0,1.4100000000000001,-1.2000000000000002,11.700000000000003,-0.63
2025,2,0.0,2025_02_WAS_GB,Washington Commanders,Terry McLaurin,WR,00-0035659,1.0,0.0,0.0,0.0,0.0,0.0,0.0,0.0,5.15,3.09,27.8,0.2,0.1807,72.0,40.63,27.94,308.4,138.2,1.6907470792518555,0.4309323877415061,1.015761940017074,1.0,1.0,terry mclaurin,terrymclaurin,tmclaurin,Washington Commanders,00-0035659,0.0,0.0,0.0,0.0,0.0,0.0,0.0,9.0,5.0,48.0,0.0,T.McLaurin,WAS,team_norm & _alias_init_last,0.0,0.0,0.0,0.0,0.0,0.0,0.0,-3.8499999999999996,-1.9100000000000001,-20.2,0.2
2025,2,0.0,2025_02_WAS_GB,Washington Commanders,Noah Brown,WR,00-0033591,1.0,0.0,0.0,0.0,0.0,0.0,0.0,0.0,3.31,1.71,17.8,0.13,0.1219,72.0,40.63,27.94,308.4,138.2,1.6907470792518555,0.4309323877415061,1.015761940017074,1.0,1.0,noah brown,noahbrown,nbrown,Washington Commanders,00-0033591,0.0,0.0,0.0,0.0,0.0,0.0,0.0,4.0,1.0,9.0,0.0,N.Brown,WAS,team_norm & _alias_init_last,0.0,0.0,0.0,0.0,0.0,0.0,0.0,-0.69,0.71,8.8,0.13
2025,2,0.0,2025_02_WAS_GB,Washington Commanders,Jaylin Lane,WR,00-0040164,1.0,0.0,0.0,0.0,0.0,0.0,0.0,0.0,0.86,0.48,6.5,0.03,0.0333,72.0,40.63,27.94,308.4,138.2,1.6907470792518555,0.4309323877415061,1.015761940017074,1.0,1.0,jaylin lane,jaylinlane,jlane,Washington Commanders,00-0040164,0.0,0.0,0.0,0.0,0.0,0.0,0.0,4.0,1.0,2.0,0.0,J.Lane,WAS,team_norm & _alias_init_last,0.0,0.0,0.0,0.0,0.0,0.0,0.0,-3.14,-0.52,4.5,0.03
2025,2,0.0,2025_02_WAS_GB,Washington Commanders,Braylon Sanders,WR,00-0037355,1.0,0.0,0.0,0.0,0.0,0.0,0.0,0.0,0.0,0.0,0.0,0.0,0.0,72.0,40.63,27.94,308.4,138.2,1.6907470792518555,0.4309323877415061,1.015761940017074,0.0,0.0,braylon sanders,braylonsanders,bsanders,Washington Commanders,00-0037355,,,,,,,,,,,,,,,,,,,,,,,,,
2025,2,0.0,2025_02_WAS_GB,Washington Commanders,Luke McCaffrey,WR,00-0039355,1.0,0.0,0.0,0.0,0.0,0.0,0.0,0.0,0.0,0.0,0.0,0.0,0.0,72.0,40.63,27.94,308.4,138.2,1.6907470792518555,0.4309323877415061,1.015761940017074,1.0,1.0,luke mccaffrey,lukemccaffrey,lmccaffrey,Washington Commanders,00-0039355,0.0,0.0,0.0,0.0,0.0,0.0,0.0,2.0,1.0,19.0,0.0,L.McCaffrey,WAS,team_norm & _alias_init_last,0.0,0.0,0.0,0.0,0.0,0.0,0.0,-2.0,-1.0,-19.0,0.0
