season,week,date,game_id,team,player,position,player_id,is_active,pass_attempts,pass_yards,pass_tds,interceptions,rush_attempts,rush_yards,rush_tds,targets,receptions,rec_yards,rec_tds,any_td_prob,team_plays,team_pass_attempts,team_rush_attempts,team_pass_yards,team_rush_yards,team_exp_pass_tds,team_exp_rush_tds,team_exp_int,is_active_pid,is_active_nm
2025,18,0.0,2025_18_ARI_LA,Arizona Cardinals,Jacoby Brissett,QB,00-0033119,1.0,32.29,206.4,1.81,0.9,2.12,7.6,0.05,0.0,0.0,0.0,0.0,0.0514,55.0,35.89,16.5,261.3,78.3,2.607699184178991,0.39691692853431304,0.8972111737696878,1.0,1.0
2025,18,0.0,2025_18_ARI_LA,Arizona Cardinals,Michael Carter,RB,00-0036924,1.0,0.0,0.0,0.0,0.0,9.25,38.8,0.26,4.11,2.92,19.0,0.31,0.4341,55.0,35.89,16.5,261.3,78.3,2.607699184178991,0.39691692853431304,0.8972111737696878,1.0,1.0
2025,18,0.0,2025_18_ARI_LA,Arizona Cardinals,Emari Demercado,RB,00-0038705,1.0,0.0,0.0,0.0,0.0,5.14,22.0,0.09,2.56,1.67,11.3,0.19,0.24,55.0,35.89,16.5,261.3,78.3,2.607699184178991,0.39691692853431304,0.8972111737696878,1.0,1.0
2025,18,0.0,2025_18_ARI_LA,Arizona Cardinals,Corey Kiner,RB,00-0040556,1.0,0.0,0.0,0.0,0.0,0.0,0.0,0.0,0.0,0.0,0.0,0.0,0.0,55.0,35.89,16.5,261.3,78.3,2.607699184178991,0.39691692853431304,0.8972111737696878,1.0,1.0
2025,18,0.0,2025_18_ARI_LA,Arizona Cardinals,Trey McBride,TE,00-0037744,1.0,0.0,0.0,0.0,0.0,0.0,0.0,0.0,6.96,5.27,36.6,0.46,0.3687,55.0,35.89,16.5,261.3,78.3,2.607699184178991,0.39691692853431304,0.8972111737696878,1.0,1.0
2025,18,0.0,2025_18_ARI_LA,Arizona Cardinals,Elijah Higgins,TE,00-0039041,1.0,0.0,0.0,0.0,0.0,0.0,0.0,0.0,3.6,2.77,20.8,0.24,0.2133,55.0,35.89,16.5,261.3,78.3,2.607699184178991,0.39691692853431304,0.8972111737696878,1.0,1.0
2025,18,0.0,2025_18_ARI_LA,Arizona Cardinals,Josiah Deguara,TE,00-0036332,1.0,0.0,0.0,0.0,0.0,0.0,0.0,0.0,0.0,0.0,0.0,0.0,0.0,55.0,35.89,16.5,261.3,78.3,2.607699184178991,0.39691692853431304,0.8972111737696878,1.0,1.0
2025,18,0.0,2025_18_ARI_LA,Arizona Cardinals,Oscar Cardenas,TE,00-0040381,1.0,0.0,0.0,0.0,0.0,0.0,0.0,0.0,0.0,0.0,0.0,0.0,0.0,55.0,35.89,16.5,261.3,78.3,2.607699184178991,0.39691692853431304,0.8972111737696878,0.0,0.0
2025,18,0.0,2025_18_ARI_LA,Arizona Cardinals,Pharaoh Brown,TE,00-0033439,1.0,0.0,0.0,0.0,0.0,0.0,0.0,0.0,0.0,0.0,0.0,0.0,0.0,55.0,35.89,16.5,261.3,78.3,2.607699184178991,0.39691692853431304,0.8972111737696878,1.0,1.0
2025,18,0.0,2025_18_ARI_LA,Arizona Cardinals,Michael Wilson,WR,00-0038559,1.0,0.0,0.0,0.0,0.0,0.0,0.0,0.0,8.27,4.75,60.9,0.59,0.4469,55.0,35.89,16.5,261.3,78.3,2.607699184178991,0.39691692853431304,0.8972111737696878,1.0,1.0
2025,18,0.0,2025_18_ARI_LA,Arizona Cardinals,Xavier Weaver,WR,00-0039521,1.0,0.0,0.0,0.0,0.0,0.0,0.0,0.0,6.23,3.3,54.1,0.45,0.3616,55.0,35.89,16.5,261.3,78.3,2.607699184178991,0.39691692853431304,0.8972111737696878,1.0,1.0
2025,18,0.0,2025_18_ARI_LA,Arizona Cardinals,Jalen Brooks,WR,00-0038640,1.0,0.0,0.0,0.0,0.0,0.0,0.0,0.0,4.15,2.11,29.3,0.29,0.248,55.0,35.89,16.5,261.3,78.3,2.607699184178991,0.39691692853431304,0.8972111737696878,1.0,1.0
2025,18,0.0,2025_18_ARI_LA,Arizona Cardinals,Bryson Green,WR,00-0040383,1.0,0.0,0.0,0.0,0.0,0.0,0.0,0.0,0.0,0.0,0.0,0.0,0.0,55.0,35.89,16.5,261.3,78.3,2.607699184178991,0.39691692853431304,0.8972111737696878,0.0,0.0
2025,18,0.0,2025_18_ARI_LA,Arizona Cardinals,Steven Sims,WR,00-0034928,1.0,0.0,0.0,0.0,0.0,0.0,0.0,0.0,0.0,0.0,0.0,0.0,0.0,55.0,35.89,16.5,261.3,78.3,2.607699184178991,0.39691692853431304,0.8972111737696878,1.0,1.0
2025,18,0.0,2025_18_ARI_LA,Arizona Cardinals,Tejhaun Palmer,WR,00-0039397,1.0,0.0,0.0,0.0,0.0,0.0,0.0,0.0,0.0,0.0,0.0,0.0,0.0,55.0,35.89,16.5,261.3,78.3,2.607699184178991,0.39691692853431304,0.8972111737696878,1.0,1.0
2025,18,0.0,2025_18_ARI_LA,Los Angeles Rams,Matthew Stafford,QB,00-0026498,1.0,41.62,230.4,3.2,1.07,2.45,7.3,0.14,0.0,0.0,0.0,0.0,0.1266,66.44,42.64,21.47,239.2,78.5,4.648524057352429,1.1946381755783335,1.0660384754434251,1.0,1.0
2025,18,0.0,2025_18_ARI_LA,Los Angeles Rams,Kyren Williams,RB,00-0037840,1.0,0.0,0.0,0.0,0.0,12.23,37.8,0.85,5.02,3.31,16.9,0.6,0.7653,66.44,42.64,21.47,239.2,78.5,4.648524057352429,1.1946381755783335,1.0660384754434251,1.0,1.0
2025,18,0.0,2025_18_ARI_LA,Los Angeles Rams,Blake Corum,RB,00-0039738,1.0,0.0,0.0,0.0,0.0,6.79,21.1,0.29,3.12,1.99,11.9,0.33,0.4632,66.44,42.64,21.47,239.2,78.5,4.648524057352429,1.1946381755783335,1.0660384754434251,1.0,1.0
2025,18,0.0,2025_18_ARI_LA,Los Angeles Rams,Ronnie Rivers,RB,00-0037557,1.0,0.0,0.0,0.0,0.0,0.0,0.0,0.0,0.0,0.0,0.0,0.0,0.0,66.44,42.64,21.47,239.2,78.5,4.648524057352429,1.1946381755783335,1.0660384754434251,1.0,1.0
2025,18,0.0,2025_18_ARI_LA,Los Angeles Rams,Colby Parkinson,TE,00-0036244,1.0,0.0,0.0,0.0,0.0,0.0,0.0,0.0,8.42,5.84,38.0,0.93,0.6045,66.44,42.64,21.47,239.2,78.5,4.648524057352429,1.1946381755783335,1.0660384754434251,1.0,1.0
2025,18,0.0,2025_18_ARI_LA,Los Angeles Rams,Tyler Higbee,TE,00-0033110,1.0,0.0,0.0,0.0,0.0,0.0,0.0,0.0,4.35,3.05,18.6,0.44,0.3576,66.44,42.64,21.47,239.2,78.5,4.648524057352429,1.1946381755783335,1.0660384754434251,1.0,1.0
2025,18,0.0,2025_18_ARI_LA,Los Angeles Rams,Davis Allen,TE,00-0039074,1.0,0.0,0.0,0.0,0.0,0.0,0.0,0.0,0.0,0.0,0.0,0.0,0.0,66.44,42.64,21.47,239.2,78.5,4.648524057352429,1.1946381755783335,1.0660384754434251,1.0,1.0
2025,18,0.0,2025_18_ARI_LA,Los Angeles Rams,Nick Vannett,TE,00-0032394,1.0,0.0,0.0,0.0,0.0,0.0,0.0,0.0,0.0,0.0,0.0,0.0,0.0,66.44,42.64,21.47,239.2,78.5,4.648524057352429,1.1946381755783335,1.0660384754434251,1.0,1.0
2025,18,0.0,2025_18_ARI_LA,Los Angeles Rams,Puka Nacua,WR,00-0039075,1.0,0.0,0.0,0.0,0.0,0.0,0.0,0.0,9.63,6.67,44.4,0.97,0.6199,66.44,42.64,21.47,239.2,78.5,4.648524057352429,1.1946381755783335,1.0660384754434251,1.0,1.0
2025,18,0.0,2025_18_ARI_LA,Los Angeles Rams,Davante Adams,WR,00-0031381,1.0,0.0,0.0,0.0,0.0,0.0,0.0,0.0,7.25,3.92,30.8,0.78,0.5395,66.44,42.64,21.47,239.2,78.5,4.648524057352429,1.1946381755783335,1.0660384754434251,0.0,0.0
2025,18,0.0,2025_18_ARI_LA,Los Angeles Rams,Konata Mumpfield,WR,00-0040590,1.0,0.0,0.0,0.0,0.0,0.0,0.0,0.0,4.83,2.61,30.0,0.52,0.4055,66.44,42.64,21.47,239.2,78.5,4.648524057352429,1.1946381755783335,1.0660384754434251,1.0,1.0
2025,18,0.0,2025_18_ARI_LA,Los Angeles Rams,Drake Stoops,WR,00-0039773,1.0,0.0,0.0,0.0,0.0,0.0,0.0,0.0,0.0,0.0,0.0,0.0,0.0,66.44,42.64,21.47,239.2,78.5,4.648524057352429,1.1946381755783335,1.0660384754434251,0.0,0.0
2025,18,0.0,2025_18_ARI_LA,Los Angeles Rams,Jordan Whittington,WR,00-0039751,1.0,0.0,0.0,0.0,0.0,0.0,0.0,0.0,0.0,0.0,0.0,0.0,0.0,66.44,42.64,21.47,239.2,78.5,4.648524057352429,1.1946381755783335,1.0660384754434251,1.0,1.0
2025,18,0.0,2025_18_ARI_LA,Los Angeles Rams,Tutu Atwell,WR,00-0036849,1.0,0.0,0.0,0.0,0.0,0.0,0.0,0.0,0.0,0.0,0.0,0.0,0.0,66.44,42.64,21.47,239.2,78.5,4.648524057352429,1.1946381755783335,1.0660384754434251,1.0,1.0
2025,18,0.0,2025_18_ARI_LA,Los Angeles Rams,Xavier Smith,WR,00-0038359,1.0,0.0,0.0,0.0,0.0,0.0,0.0,0.0,0.0,0.0,0.0,0.0,0.0,66.44,42.64,21.47,239.2,78.5,4.648524057352429,1.1946381755783335,1.0660384754434251,1.0,1.0
2025,18,0.0,2025_18_BAL_PIT,Baltimore Ravens,Lamar Jackson,QB,00-0034796,1.0,31.08,217.6,1.68,0.75,13.2,45.4,0.62,0.0,0.0,0.0,0.0,0.4608,72.0,30.07,39.6,228.2,195.8,1.822708449951054,2.1570828775788895,0.7516954232925032,1.0,1.0
2025,18,0.0,2025_18_BAL_PIT,Baltimore Ravens,Derrick Henry,RB,00-0032764,1.0,0.0,0.0,0.0,0.0,16.97,69.6,1.22,3.53,2.31,15.2,0.22,0.7613,72.0,30.07,39.6,228.2,195.8,1.822708449951054,2.1570828775788895,0.7516954232925032,1.0,1.0
2025,18,0.0,2025_18_BAL_PIT,Baltimore Ravens,Keaton Mitchell,RB,00-0038454,1.0,0.0,0.0,0.0,0.0,9.43,40.6,0.43,2.2,1.49,11.2,0.13,0.4279,72.0,30.07,39.6,228.2,195.8,1.822708449951054,2.1570828775788895,0.7516954232925032,1.0,1.0
2025,18,0.0,2025_18_BAL_PIT,Baltimore Ravens,Rasheen Ali,RB,00-0039796,1.0,0.0,0.0,0.0,0.0,0.0,0.0,0.0,0.0,0.0,0.0,0.0,0.0,72.0,30.07,39.6,228.2,195.8,1.822708449951054,2.1570828775788895,0.7516954232925032,1.0,1.0
2025,18,0.0,2025_18_BAL_PIT,Baltimore Ravens,Mark Andrews,TE,00-0034753,1.0,0.0,0.0,0.0,0.0,0.0,0.0,0.0,5.86,3.98,34.2,0.34,0.289,72.0,30.07,39.6,228.2,195.8,1.822708449951054,2.1570828775788895,0.7516954232925032,1.0,1.0
2025,18,0.0,2025_18_BAL_PIT,Baltimore Ravens,Isaiah Likely,TE,00-0037838,1.0,0.0,0.0,0.0,0.0,0.0,0.0,0.0,3.03,2.14,18.0,0.17,0.16,72.0,30.07,39.6,228.2,195.8,1.822708449951054,2.1570828775788895,0.7516954232925032,1.0,1.0
2025,18,0.0,2025_18_BAL_PIT,Baltimore Ravens,Baylor Cupp,TE,00-0039316,1.0,0.0,0.0,0.0,0.0,0.0,0.0,0.0,0.0,0.0,0.0,0.0,0.0,72.0,30.07,39.6,228.2,195.8,1.822708449951054,2.1570828775788895,0.7516954232925032,0.0,0.0
2025,18,0.0,2025_18_BAL_PIT,Baltimore Ravens,Charlie Kolar,TE,00-0038046,1.0,0.0,0.0,0.0,0.0,0.0,0.0,0.0,0.0,0.0,0.0,0.0,0.0,72.0,30.07,39.6,228.2,195.8,1.822708449951054,2.1570828775788895,0.7516954232925032,1.0,1.0
2025,18,0.0,2025_18_BAL_PIT,Baltimore Ravens,Zay Flowers,WR,00-0039064,1.0,0.0,0.0,0.0,0.0,0.0,0.0,0.0,6.85,4.7,44.0,0.38,0.3167,72.0,30.07,39.6,228.2,195.8,1.822708449951054,2.1570828775788895,0.7516954232925032,1.0,1.0
2025,18,0.0,2025_18_BAL_PIT,Baltimore Ravens,Rashod Bateman,WR,00-0036550,1.0,0.0,0.0,0.0,0.0,0.0,0.0,0.0,5.16,3.07,33.2,0.29,0.2545,72.0,30.07,39.6,228.2,195.8,1.822708449951054,2.1570828775788895,0.7516954232925032,0.0,0.0
2025,18,0.0,2025_18_BAL_PIT,Baltimore Ravens,DeAndre Hopkins,WR,00-0030564,1.0,0.0,0.0,0.0,0.0,0.0,0.0,0.0,3.44,2.05,20.3,0.19,0.1753,72.0,30.07,39.6,228.2,195.8,1.822708449951054,2.1570828775788895,0.7516954232925032,1.0,1.0
2025,18,0.0,2025_18_BAL_PIT,Baltimore Ravens,Anthony Miller,WR,00-0034353,1.0,0.0,0.0,0.0,0.0,0.0,0.0,0.0,0.0,0.0,0.0,0.0,0.0,72.0,30.07,39.6,228.2,195.8,1.822708449951054,2.1570828775788895,0.7516954232925032,0.0,0.0
2025,18,0.0,2025_18_BAL_PIT,Baltimore Ravens,Cornelius Johnson,WR,00-0039437,1.0,0.0,0.0,0.0,0.0,0.0,0.0,0.0,0.0,0.0,0.0,0.0,0.0,72.0,30.07,39.6,228.2,195.8,1.822708449951054,2.1570828775788895,0.7516954232925032,0.0,0.0
2025,18,0.0,2025_18_BAL_PIT,Baltimore Ravens,Devontez Walker,WR,00-0039792,1.0,0.0,0.0,0.0,0.0,0.0,0.0,0.0,0.0,0.0,0.0,0.0,0.0,72.0,30.07,39.6,228.2,195.8,1.822708449951054,2.1570828775788895,0.7516954232925032,1.0,1.0
2025,18,0.0,2025_18_BAL_PIT,Baltimore Ravens,LaJohntay Wester,WR,00-0040075,1.0,0.0,0.0,0.0,0.0,0.0,0.0,0.0,0.0,0.0,0.0,0.0,0.0,72.0,30.07,39.6,228.2,195.8,1.822708449951054,2.1570828775788895,0.7516954232925032,1.0,1.0
2025,18,0.0,2025_18_BAL_PIT,Baltimore Ravens,Tylan Wallace,WR,00-0036630,1.0,0.0,0.0,0.0,0.0,0.0,0.0,0.0,0.0,0.0,0.0,0.0,0.0,72.0,30.07,39.6,228.2,195.8,1.822708449951054,2.1570828775788895,0.7516954232925032,1.0,1.0
2025,18,0.0,2025_18_BAL_PIT,Pittsburgh Steelers,Aaron Rodgers,QB,00-0023459,1.0,41.96,221.5,2.21,1.09,2.11,6.4,0.07,0.0,0.0,0.0,0.0,0.064,72.0,43.61,25.88,244.6,94.6,2.885785416233013,0.8790173823182017,1.0901692838138546,1.0,1.0
2025,18,0.0,2025_18_BAL_PIT,Pittsburgh Steelers,Jaylen Warren,RB,00-0037228,1.0,0.0,0.0,0.0,0.0,15.28,48.1,0.62,5.08,3.74,16.7,0.33,0.614,72.0,43.61,25.88,244.6,94.6,2.885785416233013,0.8790173823182017,1.0901692838138546,1.0,1.0
2025,18,0.0,2025_18_BAL_PIT,Pittsburgh Steelers,Kenneth Gainwell,RB,00-0036919,1.0,0.0,0.0,0.0,0.0,8.49,26.5,0.24,3.16,2.2,9.9,0.21,0.364,72.0,43.61,25.88,244.6,94.6,2.885785416233013,0.8790173823182017,1.0901692838138546,1.0,1.0
2025,18,0.0,2025_18_BAL_PIT,Pittsburgh Steelers,Pat Freiermuth,TE,00-0036894,1.0,0.0,0.0,0.0,0.0,0.0,0.0,0.0,8.27,5.74,34.9,0.5,0.3943,72.0,43.61,25.88,244.6,94.6,2.885785416233013,0.8790173823182017,1.0901692838138546,1.0,1.0
2025,18,0.0,2025_18_BAL_PIT,Pittsburgh Steelers,Jonnu Smith,TE,00-0033858,1.0,0.0,0.0,0.0,0.0,0.0,0.0,0.0,4.27,3.29,18.0,0.26,0.2262,72.0,43.61,25.88,244.6,94.6,2.885785416233013,0.8790173823182017,1.0901692838138546,1.0,1.0
2025,18,0.0,2025_18_BAL_PIT,Pittsburgh Steelers,Connor Heyward,TE,00-0037304,1.0,0.0,0.0,0.0,0.0,0.0,0.0,0.0,0.0,0.0,0.0,0.0,0.0,72.0,43.61,25.88,244.6,94.6,2.885785416233013,0.8790173823182017,1.0901692838138546,1.0,1.0
2025,18,0.0,2025_18_BAL_PIT,Pittsburgh Steelers,DK Metcalf,WR,00-0035640,1.0,0.0,0.0,0.0,0.0,0.0,0.0,0.0,10.12,5.77,46.7,0.64,0.4745,72.0,43.61,25.88,244.6,94.6,2.885785416233013,0.8790173823182017,1.0901692838138546,0.0,0.0
2025,18,0.0,2025_18_BAL_PIT,Pittsburgh Steelers,Calvin Austin III,WR,00-0037837,1.0,0.0,0.0,0.0,0.0,0.0,0.0,0.0,7.62,4.19,36.0,0.45,0.3625,72.0,43.61,25.88,244.6,94.6,2.885785416233013,0.8790173823182017,1.0901692838138546,1.0,1.0
2025,18,0.0,2025_18_BAL_PIT,Pittsburgh Steelers,Adam Thielen,WR,00-0030035,1.0,0.0,0.0,0.0,0.0,0.0,0.0,0.0,5.08,3.42,21.6,0.32,0.2758,72.0,43.61,25.88,244.6,94.6,2.885785416233013,0.8790173823182017,1.0901692838138546,1.0,1.0
2025,18,0.0,2025_18_BAL_PIT,Pittsburgh Steelers,Ben Skowronek,WR,00-0036862,1.0,0.0,0.0,0.0,0.0,0.0,0.0,0.0,0.0,0.0,0.0,0.0,0.0,72.0,43.61,25.88,244.6,94.6,2.885785416233013,0.8790173823182017,1.0901692838138546,1.0,1.0
2025,18,0.0,2025_18_BAL_PIT,Pittsburgh Steelers,Marquez Valdes-Scantling,WR,00-0034272,1.0,0.0,0.0,0.0,0.0,0.0,0.0,0.0,0.0,0.0,0.0,0.0,0.0,72.0,43.61,25.88,244.6,94.6,2.885785416233013,0.8790173823182017,1.0901692838138546,1.0,1.0
2025,18,0.0,2025_18_BAL_PIT,Pittsburgh Steelers,Scott Miller,WR,00-0035298,1.0,0.0,0.0,0.0,0.0,0.0,0.0,0.0,0.0,0.0,0.0,0.0,0.0,72.0,43.61,25.88,244.6,94.6,2.885785416233013,0.8790173823182017,1.0901692838138546,1.0,1.0
2025,18,0.0,2025_18_CAR_TB,Carolina Panthers,Bryce Young,QB,00-0039150,1.0,34.29,182.0,1.17,0.82,3.45,10.1,0.07,0.0,0.0,0.0,0.0,0.065,55.0,32.99,19.8,185.1,72.4,1.409323519744272,0.38888490287895827,0.8246893752640505,1.0,1.0
2025,18,0.0,2025_18_CAR_TB,Carolina Panthers,Rico Dowdle,RB,00-0036139,1.0,0.0,0.0,0.0,0.0,10.51,32.1,0.24,3.81,2.63,13.4,0.17,0.337,55.0,32.99,19.8,185.1,72.4,1.409323519744272,0.38888490287895827,0.8246893752640505,1.0,1.0
2025,18,0.0,2025_18_CAR_TB,Carolina Panthers,Chuba Hubbard,RB,00-0036555,1.0,0.0,0.0,0.0,0.0,5.84,18.5,0.09,2.37,1.6,7.6,0.1,0.1734,55.0,32.99,19.8,185.1,72.4,1.409323519744272,0.38888490287895827,0.8246893752640505,1.0,1.0
2025,18,0.0,2025_18_CAR_TB,Carolina Panthers,Trevor Etienne,RB,00-0040644,1.0,0.0,0.0,0.0,0.0,0.0,0.0,0.0,0.0,0.0,0.0,0.0,0.0,55.0,32.99,19.8,185.1,72.4,1.409323519744272,0.38888490287895827,0.8246893752640505,1.0,1.0
2025,18,0.0,2025_18_CAR_TB,Carolina Panthers,Tommy Tremble,TE,00-0037005,1.0,0.0,0.0,0.0,0.0,0.0,0.0,0.0,6.41,4.48,30.9,0.25,0.2242,55.0,32.99,19.8,185.1,72.4,1.409323519744272,0.38888490287895827,0.8246893752640505,1.0,1.0
2025,18,0.0,2025_18_CAR_TB,Carolina Panthers,Mitchell Evans,TE,00-0040187,1.0,0.0,0.0,0.0,0.0,0.0,0.0,0.0,3.31,2.39,18.8,0.14,0.1296,55.0,32.99,19.8,185.1,72.4,1.409323519744272,0.38888490287895827,0.8246893752640505,1.0,1.0
2025,18,0.0,2025_18_CAR_TB,Carolina Panthers,Dominique Dafney,TE,00-0036456,1.0,0.0,0.0,0.0,0.0,0.0,0.0,0.0,0.0,0.0,0.0,0.0,0.0,55.0,32.99,19.8,185.1,72.4,1.409323519744272,0.38888490287895827,0.8246893752640505,0.0,0.0
2025,18,0.0,2025_18_CAR_TB,Carolina Panthers,James Mitchell,TE,00-0037282,1.0,0.0,0.0,0.0,0.0,0.0,0.0,0.0,0.0,0.0,0.0,0.0,0.0,55.0,32.99,19.8,185.1,72.4,1.409323519744272,0.38888490287895827,0.8246893752640505,1.0,1.0
2025,18,0.0,2025_18_CAR_TB,Carolina Panthers,Tetairoa McMillan,WR,00-0040124,1.0,0.0,0.0,0.0,0.0,0.0,0.0,0.0,7.57,4.3,38.3,0.31,0.2631,55.0,32.99,19.8,185.1,72.4,1.409323519744272,0.38888490287895827,0.8246893752640505,1.0,1.0
2025,18,0.0,2025_18_CAR_TB,Carolina Panthers,Jalen Coker,WR,00-0039491,1.0,0.0,0.0,0.0,0.0,0.0,0.0,0.0,5.7,3.83,28.9,0.23,0.2075,55.0,32.99,19.8,185.1,72.4,1.409323519744272,0.38888490287895827,0.8246893752640505,1.0,1.0
2025,18,0.0,2025_18_CAR_TB,Carolina Panthers,Xavier Legette,WR,00-0039342,1.0,0.0,0.0,0.0,0.0,0.0,0.0,0.0,3.8,2.06,17.2,0.16,0.1482,55.0,32.99,19.8,185.1,72.4,1.409323519744272,0.38888490287895827,0.8246893752640505,1.0,1.0
2025,18,0.0,2025_18_CAR_TB,Carolina Panthers,Brycen Tremayne,WR,00-0038840,1.0,0.0,0.0,0.0,0.0,0.0,0.0,0.0,0.0,0.0,0.0,0.0,0.0,55.0,32.99,19.8,185.1,72.4,1.409323519744272,0.38888490287895827,0.8246893752640505,1.0,1.0
2025,18,0.0,2025_18_CAR_TB,Carolina Panthers,Jimmy Horn Jr.,WR,00-0040218,1.0,0.0,0.0,0.0,0.0,0.0,0.0,0.0,0.0,0.0,0.0,0.0,0.0,55.0,32.99,19.8,185.1,72.4,1.409323519744272,0.38888490287895827,0.8246893752640505,1.0,1.0
2025,18,0.0,2025_18_CAR_TB,Tampa Bay Buccaneers,Baker Mayfield,QB,00-0034855,1.0,44.88,292.2,2.61,1.19,4.21,15.3,0.08,0.0,0.0,0.0,0.0,0.0726,72.0,47.43,21.6,339.5,100.7,3.329985019412916,0.38054034060758957,1.1858699133389974,1.0,1.0
2025,18,0.0,2025_18_CAR_TB,Tampa Bay Buccaneers,Bucky Irving,RB,00-0039361,1.0,0.0,0.0,0.0,0.0,11.18,46.2,0.24,5.68,4.23,24.0,0.41,0.4732,72.0,47.43,21.6,339.5,100.7,3.329985019412916,0.38054034060758957,1.1858699133389974,1.0,1.0
2025,18,0.0,2025_18_CAR_TB,Tampa Bay Buccaneers,Rachaad White,RB,00-0037256,1.0,0.0,0.0,0.0,0.0,6.21,24.8,0.08,3.53,2.68,13.1,0.26,0.2866,72.0,47.43,21.6,339.5,100.7,3.329985019412916,0.38054034060758957,1.1858699133389974,1.0,1.0
2025,18,0.0,2025_18_CAR_TB,Tampa Bay Buccaneers,Sean Tucker,RB,00-0038951,1.0,0.0,0.0,0.0,0.0,0.0,0.0,0.0,0.0,0.0,0.0,0.0,0.0,72.0,47.43,21.6,339.5,100.7,3.329985019412916,0.38054034060758957,1.1858699133389974,1.0,1.0
2025,18,0.0,2025_18_CAR_TB,Tampa Bay Buccaneers,Cade Otton,TE,00-0038129,1.0,0.0,0.0,0.0,0.0,0.0,0.0,0.0,9.11,6.28,53.7,0.59,0.4471,72.0,47.43,21.6,339.5,100.7,3.329985019412916,0.38054034060758957,1.1858699133389974,1.0,1.0
2025,18,0.0,2025_18_CAR_TB,Tampa Bay Buccaneers,Payne Durham,TE,00-0039050,1.0,0.0,0.0,0.0,0.0,0.0,0.0,0.0,4.71,3.35,35.7,0.32,0.2737,72.0,47.43,21.6,339.5,100.7,3.329985019412916,0.38054034060758957,1.1858699133389974,1.0,1.0
2025,18,0.0,2025_18_CAR_TB,Tampa Bay Buccaneers,Devin Culp,TE,00-0039754,1.0,0.0,0.0,0.0,0.0,0.0,0.0,0.0,0.0,0.0,0.0,0.0,0.0,72.0,47.43,21.6,339.5,100.7,3.329985019412916,0.38054034060758957,1.1858699133389974,1.0,1.0
2025,18,0.0,2025_18_CAR_TB,Tampa Bay Buccaneers,Mike Evans,WR,00-0031408,1.0,0.0,0.0,0.0,0.0,0.0,0.0,0.0,10.77,5.98,61.0,0.71,0.5104,72.0,47.43,21.6,339.5,100.7,3.329985019412916,0.38054034060758957,1.1858699133389974,1.0,1.0
2025,18,0.0,2025_18_CAR_TB,Tampa Bay Buccaneers,Chris Godwin Jr.,WR,00-0033921,1.0,0.0,0.0,0.0,0.0,0.0,0.0,0.0,8.11,5.39,45.0,0.53,0.4143,72.0,47.43,21.6,339.5,100.7,3.329985019412916,0.38054034060758957,1.1858699133389974,1.0,1.0
2025,18,0.0,2025_18_CAR_TB,Tampa Bay Buccaneers,Emeka Egbuka,WR,00-0040129,1.0,0.0,0.0,0.0,0.0,0.0,0.0,0.0,5.41,2.71,32.4,0.36,0.3016,72.0,47.43,21.6,339.5,100.7,3.329985019412916,0.38054034060758957,1.1858699133389974,1.0,1.0
2025,18,0.0,2025_18_CAR_TB,Tampa Bay Buccaneers,Dennis Houston,WR,00-0037570,1.0,0.0,0.0,0.0,0.0,0.0,0.0,0.0,0.0,0.0,0.0,0.0,0.0,72.0,47.43,21.6,339.5,100.7,3.329985019412916,0.38054034060758957,1.1858699133389974,0.0,0.0
2025,18,0.0,2025_18_CAR_TB,Tampa Bay Buccaneers,Jalen McMillan,WR,00-0039855,1.0,0.0,0.0,0.0,0.0,0.0,0.0,0.0,0.0,0.0,0.0,0.0,0.0,72.0,47.43,21.6,339.5,100.7,3.329985019412916,0.38054034060758957,1.1858699133389974,1.0,1.0
2025,18,0.0,2025_18_CAR_TB,Tampa Bay Buccaneers,Kameron Johnson,WR,00-0039589,1.0,0.0,0.0,0.0,0.0,0.0,0.0,0.0,0.0,0.0,0.0,0.0,0.0,72.0,47.43,21.6,339.5,100.7,3.329985019412916,0.38054034060758957,1.1858699133389974,1.0,1.0
2025,18,0.0,2025_18_CAR_TB,Tampa Bay Buccaneers,Tez Johnson,WR,00-0040237,1.0,0.0,0.0,0.0,0.0,0.0,0.0,0.0,0.0,0.0,0.0,0.0,0.0,72.0,47.43,21.6,339.5,100.7,3.329985019412916,0.38054034060758957,1.1858699133389974,1.0,1.0
2025,18,0.0,2025_18_CLE_CIN,Cincinnati Bengals,Joe Burrow,QB,00-0036442,1.0,41.12,271.8,2.66,0.99,4.29,16.0,0.19,0.0,0.0,0.0,0.0,0.1744,72.0,39.41,29.59,299.1,146.3,3.3321722383601724,1.1758892229239812,0.9853048166942744,1.0,1.0
2025,18,0.0,2025_18_CLE_CIN,Cincinnati Bengals,Chase Brown,RB,00-0038597,1.0,0.0,0.0,0.0,0.0,16.26,67.2,0.79,4.64,3.27,20.1,0.4,0.6964,72.0,39.41,29.59,299.1,146.3,3.3321722383601724,1.1758892229239812,0.9853048166942744,1.0,1.0
2025,18,0.0,2025_18_CLE_CIN,Cincinnati Bengals,Samaje Perine,RB,00-0033526,1.0,0.0,0.0,0.0,0.0,9.03,39.0,0.28,2.89,2.02,11.8,0.24,0.4063,72.0,39.41,29.59,299.1,146.3,3.3321722383601724,1.1758892229239812,0.9853048166942744,1.0,1.0
2025,18,0.0,2025_18_CLE_CIN,Cincinnati Bengals,Tahj Brooks,RB,00-0040208,1.0,0.0,0.0,0.0,0.0,0.0,0.0,0.0,0.0,0.0,0.0,0.0,0.0,72.0,39.41,29.59,299.1,146.3,3.3321722383601724,1.1758892229239812,0.9853048166942744,1.0,1.0
2025,18,0.0,2025_18_CLE_CIN,Cincinnati Bengals,Mike Gesicki,TE,00-0034829,1.0,0.0,0.0,0.0,0.0,0.0,0.0,0.0,7.79,5.28,47.0,0.62,0.4629,72.0,39.41,29.59,299.1,146.3,3.3321722383601724,1.1758892229239812,0.9853048166942744,1.0,1.0
2025,18,0.0,2025_18_CLE_CIN,Cincinnati Bengals,Noah Fant,TE,00-0035644,1.0,0.0,0.0,0.0,0.0,0.0,0.0,0.0,4.03,3.04,22.8,0.3,0.2587,72.0,39.41,29.59,299.1,146.3,3.3321722383601724,1.1758892229239812,0.9853048166942744,1.0,1.0
2025,18,0.0,2025_18_CLE_CIN,Cincinnati Bengals,Drew Sample,TE,00-0035631,1.0,0.0,0.0,0.0,0.0,0.0,0.0,0.0,0.0,0.0,0.0,0.0,0.0,72.0,39.41,29.59,299.1,146.3,3.3321722383601724,1.1758892229239812,0.9853048166942744,1.0,1.0
2025,18,0.0,2025_18_CLE_CIN,Cincinnati Bengals,Tanner Hudson,TE,00-0034613,1.0,0.0,0.0,0.0,0.0,0.0,0.0,0.0,0.0,0.0,0.0,0.0,0.0,72.0,39.41,29.59,299.1,146.3,3.3321722383601724,1.1758892229239812,0.9853048166942744,1.0,1.0
2025,18,0.0,2025_18_CLE_CIN,Cincinnati Bengals,Ja'Marr Chase,WR,00-0036900,1.0,0.0,0.0,0.0,0.0,0.0,0.0,0.0,8.9,5.83,51.3,0.73,0.5158,72.0,39.41,29.59,299.1,146.3,3.3321722383601724,1.1758892229239812,0.9853048166942744,1.0,1.0
2025,18,0.0,2025_18_CLE_CIN,Cincinnati Bengals,Tee Higgins,WR,00-0036410,1.0,0.0,0.0,0.0,0.0,0.0,0.0,0.0,6.7,4.09,39.1,0.55,0.424,72.0,39.41,29.59,299.1,146.3,3.3321722383601724,1.1758892229239812,0.9853048166942744,1.0,1.0
2025,18,0.0,2025_18_CLE_CIN,Cincinnati Bengals,Andrei Iosivas,WR,00-0038619,1.0,0.0,0.0,0.0,0.0,0.0,0.0,0.0,4.47,2.46,26.4,0.37,0.3069,72.0,39.41,29.59,299.1,146.3,3.3321722383601724,1.1758892229239812,0.9853048166942744,1.0,1.0
2025,18,0.0,2025_18_CLE_CIN,Cincinnati Bengals,Charlie Jones,WR,00-0038576,1.0,0.0,0.0,0.0,0.0,0.0,0.0,0.0,0.0,0.0,0.0,0.0,0.0,72.0,39.41,29.59,299.1,146.3,3.3321722383601724,1.1758892229239812,0.9853048166942744,0.0,0.0
2025,18,0.0,2025_18_CLE_CIN,Cincinnati Bengals,Cole Burgess,WR,00-0039626,1.0,0.0,0.0,0.0,0.0,0.0,0.0,0.0,0.0,0.0,0.0,0.0,0.0,72.0,39.41,29.59,299.1,146.3,3.3321722383601724,1.1758892229239812,0.9853048166942744,0.0,0.0
2025,18,0.0,2025_18_CLE_CIN,Cincinnati Bengals,Ke'Shawn Williams,WR,00-0040534,1.0,0.0,0.0,0.0,0.0,0.0,0.0,0.0,0.0,0.0,0.0,0.0,0.0,72.0,39.41,29.59,299.1,146.3,3.3321722383601724,1.1758892229239812,0.9853048166942744,1.0,1.0
2025,18,0.0,2025_18_CLE_CIN,Cincinnati Bengals,Mitchell Tinsley,WR,00-0038839,1.0,0.0,0.0,0.0,0.0,0.0,0.0,0.0,0.0,0.0,0.0,0.0,0.0,72.0,39.41,29.59,299.1,146.3,3.3321722383601724,1.1758892229239812,0.9853048166942744,1.0,1.0
2025,18,0.0,2025_18_CLE_CIN,Cleveland Browns,Shedeur Sanders,QB,00-0040668,1.0,33.01,168.9,1.62,0.8,0.67,2.1,0.02,0.0,0.0,0.0,0.0,0.0165,59.89,31.92,25.84,179.1,94.4,1.7861197736528909,0.6705013707140401,0.7980151278250095,1.0,1.0
2025,18,0.0,2025_18_CLE_CIN,Cleveland Browns,Dylan Sampson,RB,00-0040162,1.0,0.0,0.0,0.0,0.0,16.18,56.4,0.48,3.81,2.62,14.4,0.22,0.5005,59.89,31.92,25.84,179.1,94.4,1.7861197736528909,0.6705013707140401,0.7980151278250095,1.0,1.0
2025,18,0.0,2025_18_CLE_CIN,Cleveland Browns,Raheim Sanders,RB,00-0040466,1.0,0.0,0.0,0.0,0.0,8.99,31.9,0.18,2.37,1.53,10.6,0.13,0.2686,59.89,31.92,25.84,179.1,94.4,1.7861197736528909,0.6705013707140401,0.7980151278250095,1.0,1.0
2025,18,0.0,2025_18_CLE_CIN,Cleveland Browns,Trayveon Williams,RB,00-0035291,1.0,0.0,0.0,0.0,0.0,0.0,0.0,0.0,0.0,0.0,0.0,0.0,0.0,59.89,31.92,25.84,179.1,94.4,1.7861197736528909,0.6705013707140401,0.7980151278250095,1.0,1.0
2025,18,0.0,2025_18_CLE_CIN,Cleveland Browns,Harold Fannin Jr.,TE,00-0040663,1.0,0.0,0.0,0.0,0.0,0.0,0.0,0.0,6.51,4.25,32.1,0.33,0.2779,59.89,31.92,25.84,179.1,94.4,1.7861197736528909,0.6705013707140401,0.7980151278250095,0.0,0.0
2025,18,0.0,2025_18_CLE_CIN,Cleveland Browns,David Njoku,TE,00-0033885,1.0,0.0,0.0,0.0,0.0,0.0,0.0,0.0,3.37,2.23,14.1,0.18,0.1618,59.89,31.92,25.84,179.1,94.4,1.7861197736528909,0.6705013707140401,0.7980151278250095,0.0,0.0
2025,18,0.0,2025_18_CLE_CIN,Cleveland Browns,Blake Whiteheart,TE,00-0038710,1.0,0.0,0.0,0.0,0.0,0.0,0.0,0.0,0.0,0.0,0.0,0.0,0.0,59.89,31.92,25.84,179.1,94.4,1.7861197736528909,0.6705013707140401,0.7980151278250095,1.0,1.0
2025,18,0.0,2025_18_CLE_CIN,Cleveland Browns,Brenden Bates,TE,00-0039458,1.0,0.0,0.0,0.0,0.0,0.0,0.0,0.0,0.0,0.0,0.0,0.0,0.0,59.89,31.92,25.84,179.1,94.4,1.7861197736528909,0.6705013707140401,0.7980151278250095,1.0,1.0
2025,18,0.0,2025_18_CLE_CIN,Cleveland Browns,Sal Cannella,TE,00-0037015,1.0,0.0,0.0,0.0,0.0,0.0,0.0,0.0,0.0,0.0,0.0,0.0,0.0,59.89,31.92,25.84,179.1,94.4,1.7861197736528909,0.6705013707140401,0.7980151278250095,1.0,1.0
2025,18,0.0,2025_18_CLE_CIN,Cleveland Browns,Jerry Jeudy,WR,00-0036407,1.0,0.0,0.0,0.0,0.0,0.0,0.0,0.0,6.85,4.05,32.9,0.35,0.2977,59.89,31.92,25.84,179.1,94.4,1.7861197736528909,0.6705013707140401,0.7980151278250095,1.0,1.0
2025,18,0.0,2025_18_CLE_CIN,Cleveland Browns,Cedric Tillman,WR,00-0038979,1.0,0.0,0.0,0.0,0.0,0.0,0.0,0.0,5.16,2.66,25.2,0.28,0.2411,59.89,31.92,25.84,179.1,94.4,1.7861197736528909,0.6705013707140401,0.7980151278250095,1.0,1.0
2025,18,0.0,2025_18_CLE_CIN,Cleveland Browns,Isaiah Bond,WR,00-0040782,1.0,0.0,0.0,0.0,0.0,0.0,0.0,0.0,3.44,1.67,19.8,0.18,0.1662,59.89,31.92,25.84,179.1,94.4,1.7861197736528909,0.6705013707140401,0.7980151278250095,1.0,1.0
2025,18,0.0,2025_18_CLE_CIN,Cleveland Browns,Cade McDonald,WR,00-0040615,1.0,0.0,0.0,0.0,0.0,0.0,0.0,0.0,0.0,0.0,0.0,0.0,0.0,59.89,31.92,25.84,179.1,94.4,1.7861197736528909,0.6705013707140401,0.7980151278250095,0.0,0.0
2025,18,0.0,2025_18_CLE_CIN,Cleveland Browns,Chase Cota,WR,00-0038651,1.0,0.0,0.0,0.0,0.0,0.0,0.0,0.0,0.0,0.0,0.0,0.0,0.0,59.89,31.92,25.84,179.1,94.4,1.7861197736528909,0.6705013707140401,0.7980151278250095,0.0,0.0
2025,18,0.0,2025_18_CLE_CIN,Cleveland Browns,David Bell,WR,00-0037257,1.0,0.0,0.0,0.0,0.0,0.0,0.0,0.0,0.0,0.0,0.0,0.0,0.0,59.89,31.92,25.84,179.1,94.4,1.7861197736528909,0.6705013707140401,0.7980151278250095,1.0,1.0
2025,18,0.0,2025_18_CLE_CIN,Cleveland Browns,Gage Larvadain,WR,00-0040259,1.0,0.0,0.0,0.0,0.0,0.0,0.0,0.0,0.0,0.0,0.0,0.0,0.0,59.89,31.92,25.84,179.1,94.4,1.7861197736528909,0.6705013707140401,0.7980151278250095,1.0,1.0
2025,18,0.0,2025_18_CLE_CIN,Cleveland Browns,Malachi Corley,WR,00-0039920,1.0,0.0,0.0,0.0,0.0,0.0,0.0,0.0,0.0,0.0,0.0,0.0,0.0,59.89,31.92,25.84,179.1,94.4,1.7861197736528909,0.6705013707140401,0.7980151278250095,1.0,1.0
2025,18,0.0,2025_18_DAL_NYG,Dallas Cowboys,Dak Prescott,QB,00-0033077,1.0,38.22,255.4,1.63,0.9,3.38,12.2,0.09,0.0,0.0,0.0,0.0,0.0853,72.0,36.07,33.65,273.8,166.4,1.6817676843331852,0.8012431888928917,0.9017939579972526,1.0,1.0
2025,18,0.0,2025_18_DAL_NYG,Dallas Cowboys,Jaydon Blue,RB,00-0040586,1.0,0.0,0.0,0.0,0.0,19.46,96.0,0.56,4.16,2.75,25.7,0.19,0.5274,72.0,36.07,33.65,273.8,166.4,1.6817676843331852,0.8012431888928917,0.9017939579972526,1.0,1.0
2025,18,0.0,2025_18_DAL_NYG,Dallas Cowboys,Phil Mafah,RB,00-0040021,1.0,0.0,0.0,0.0,0.0,10.81,55.9,0.19,2.59,1.75,15.4,0.12,0.2685,72.0,36.07,33.65,273.8,166.4,1.6817676843331852,0.8012431888928917,0.9017939579972526,1.0,1.0
2025,18,0.0,2025_18_DAL_NYG,Dallas Cowboys,Jake Ferguson,TE,00-0038041,1.0,0.0,0.0,0.0,0.0,0.0,0.0,0.0,6.94,5.33,41.3,0.31,0.2663,72.0,36.07,33.65,273.8,166.4,1.6817676843331852,0.8012431888928917,0.9017939579972526,1.0,1.0
2025,18,0.0,2025_18_DAL_NYG,Dallas Cowboys,Brevyn Spann-Ford,TE,00-0039530,1.0,0.0,0.0,0.0,0.0,0.0,0.0,0.0,3.59,2.44,26.8,0.16,0.1481,72.0,36.07,33.65,273.8,166.4,1.6817676843331852,0.8012431888928917,0.9017939579972526,1.0,1.0
2025,18,0.0,2025_18_DAL_NYG,Dallas Cowboys,John Stephens Jr.,TE,00-0038741,1.0,0.0,0.0,0.0,0.0,0.0,0.0,0.0,0.0,0.0,0.0,0.0,0.0,72.0,36.07,33.65,273.8,166.4,1.6817676843331852,0.8012431888928917,0.9017939579972526,0.0,0.0
2025,18,0.0,2025_18_DAL_NYG,Dallas Cowboys,Luke Schoonmaker,TE,00-0038547,1.0,0.0,0.0,0.0,0.0,0.0,0.0,0.0,0.0,0.0,0.0,0.0,0.0,72.0,36.07,33.65,273.8,166.4,1.6817676843331852,0.8012431888928917,0.9017939579972526,1.0,1.0
2025,18,0.0,2025_18_DAL_NYG,Dallas Cowboys,CeeDee Lamb,WR,00-0036358,1.0,0.0,0.0,0.0,0.0,0.0,0.0,0.0,8.34,5.23,49.1,0.37,0.3075,72.0,36.07,33.65,273.8,166.4,1.6817676843331852,0.8012431888928917,0.9017939579972526,1.0,1.0
2025,18,0.0,2025_18_DAL_NYG,Dallas Cowboys,George Pickens,WR,00-0037247,1.0,0.0,0.0,0.0,0.0,0.0,0.0,0.0,6.28,3.52,36.1,0.28,0.2405,72.0,36.07,33.65,273.8,166.4,1.6817676843331852,0.8012431888928917,0.9017939579972526,1.0,1.0
2025,18,0.0,2025_18_DAL_NYG,Dallas Cowboys,Ryan Flournoy,WR,00-0039410,1.0,0.0,0.0,0.0,0.0,0.0,0.0,0.0,4.19,2.71,28.6,0.18,0.1683,72.0,36.07,33.65,273.8,166.4,1.6817676843331852,0.8012431888928917,0.9017939579972526,1.0,1.0
2025,18,0.0,2025_18_DAL_NYG,Dallas Cowboys,Jalen Tolbert,WR,00-0037666,1.0,0.0,0.0,0.0,0.0,0.0,0.0,0.0,0.0,0.0,0.0,0.0,0.0,72.0,36.07,33.65,273.8,166.4,1.6817676843331852,0.8012431888928917,0.9017939579972526,1.0,1.0
2025,18,0.0,2025_18_DAL_NYG,Dallas Cowboys,Jonathan Mingo,WR,00-0039062,1.0,0.0,0.0,0.0,0.0,0.0,0.0,0.0,0.0,0.0,0.0,0.0,0.0,72.0,36.07,33.65,273.8,166.4,1.6817676843331852,0.8012431888928917,0.9017939579972526,1.0,1.0
2025,18,0.0,2025_18_DAL_NYG,Dallas Cowboys,KaVontae Turpin,WR,00-0037801,1.0,0.0,0.0,0.0,0.0,0.0,0.0,0.0,0.0,0.0,0.0,0.0,0.0,72.0,36.07,33.65,273.8,166.4,1.6817676843331852,0.8012431888928917,0.9017939579972526,1.0,1.0
2025,18,0.0,2025_18_DAL_NYG,New York Giants,Jaxson Dart,QB,00-0040691,1.0,41.14,283.8,1.93,0.99,4.37,16.9,0.13,0.0,0.0,0.0,0.0,0.1223,72.0,39.78,29.51,300.9,145.4,2.1460936456528636,0.7865984096518006,0.9945396039734897,1.0,1.0
2025,18,0.0,2025_18_DAL_NYG,New York Giants,Tyrone Tracy Jr.,RB,00-0039384,1.0,0.0,0.0,0.0,0.0,16.16,67.1,0.5,4.72,2.98,22.0,0.25,0.5282,72.0,39.78,29.51,300.9,145.4,2.1460936456528636,0.7865984096518006,0.9945396039734897,1.0,1.0
2025,18,0.0,2025_18_DAL_NYG,New York Giants,Devin Singletary,RB,00-0035250,1.0,0.0,0.0,0.0,0.0,8.98,38.0,0.19,2.94,1.99,12.7,0.16,0.2894,72.0,39.78,29.51,300.9,145.4,2.1460936456528636,0.7865984096518006,0.9945396039734897,1.0,1.0
2025,18,0.0,2025_18_DAL_NYG,New York Giants,Eric Gray,RB,00-0038396,1.0,0.0,0.0,0.0,0.0,0.0,0.0,0.0,0.0,0.0,0.0,0.0,0.0,72.0,39.78,29.51,300.9,145.4,2.1460936456528636,0.7865984096518006,0.9945396039734897,1.0,1.0
2025,18,0.0,2025_18_DAL_NYG,New York Giants,Theo Johnson,TE,00-0039847,1.0,0.0,0.0,0.0,0.0,0.0,0.0,0.0,7.71,4.8,48.2,0.38,0.3174,72.0,39.78,29.51,300.9,145.4,2.1460936456528636,0.7865984096518006,0.9945396039734897,0.0,0.0
2025,18,0.0,2025_18_DAL_NYG,New York Giants,Daniel Bellinger,TE,00-0038115,1.0,0.0,0.0,0.0,0.0,0.0,0.0,0.0,3.98,3.14,24.0,0.2,0.1805,72.0,39.78,29.51,300.9,145.4,2.1460936456528636,0.7865984096518006,0.9945396039734897,1.0,1.0
2025,18,0.0,2025_18_DAL_NYG,New York Giants,Chris Manhertz,TE,00-0031484,1.0,0.0,0.0,0.0,0.0,0.0,0.0,0.0,0.0,0.0,0.0,0.0,0.0,72.0,39.78,29.51,300.9,145.4,2.1460936456528636,0.7865984096518006,0.9945396039734897,1.0,1.0
2025,18,0.0,2025_18_DAL_NYG,New York Giants,Jermaine Terry,TE,00-0040457,1.0,0.0,0.0,0.0,0.0,0.0,0.0,0.0,0.0,0.0,0.0,0.0,0.0,72.0,39.78,29.51,300.9,145.4,2.1460936456528636,0.7865984096518006,0.9945396039734897,0.0,0.0
2025,18,0.0,2025_18_DAL_NYG,New York Giants,Tanner Conner,TE,00-0037348,1.0,0.0,0.0,0.0,0.0,0.0,0.0,0.0,0.0,0.0,0.0,0.0,0.0,72.0,39.78,29.51,300.9,145.4,2.1460936456528636,0.7865984096518006,0.9945396039734897,1.0,1.0
2025,18,0.0,2025_18_DAL_NYG,New York Giants,Darius Slayton,WR,00-0035535,1.0,0.0,0.0,0.0,0.0,0.0,0.0,0.0,9.04,5.08,59.7,0.44,0.354,72.0,39.78,29.51,300.9,145.4,2.1460936456528636,0.7865984096518006,0.9945396039734897,1.0,1.0
2025,18,0.0,2025_18_DAL_NYG,New York Giants,Isaiah Hodgins,WR,00-0036165,1.0,0.0,0.0,0.0,0.0,0.0,0.0,0.0,6.81,4.47,48.5,0.36,0.2991,72.0,39.78,29.51,300.9,145.4,2.1460936456528636,0.7865984096518006,0.9945396039734897,1.0,1.0
2025,18,0.0,2025_18_DAL_NYG,New York Giants,Gunner Olszewski,WR,00-0035645,1.0,0.0,0.0,0.0,0.0,0.0,0.0,0.0,4.54,3.14,42.0,0.24,0.2134,72.0,39.78,29.51,300.9,145.4,2.1460936456528636,0.7865984096518006,0.9945396039734897,1.0,1.0
2025,18,0.0,2025_18_DAL_NYG,New York Giants,Antwane Wells Jr.,WR,00-0040438,1.0,0.0,0.0,0.0,0.0,0.0,0.0,0.0,0.0,0.0,0.0,0.0,0.0,72.0,39.78,29.51,300.9,145.4,2.1460936456528636,0.7865984096518006,0.9945396039734897,0.0,0.0
2025,18,0.0,2025_18_DAL_NYG,New York Giants,Dalen Cambre,WR,00-0040431,1.0,0.0,0.0,0.0,0.0,0.0,0.0,0.0,0.0,0.0,0.0,0.0,0.0,72.0,39.78,29.51,300.9,145.4,2.1460936456528636,0.7865984096518006,0.9945396039734897,1.0,1.0
2025,18,0.0,2025_18_DAL_NYG,New York Giants,Xavier Gipson,WR,00-0038496,1.0,0.0,0.0,0.0,0.0,0.0,0.0,0.0,0.0,0.0,0.0,0.0,0.0,72.0,39.78,29.51,300.9,145.4,2.1460936456528636,0.7865984096518006,0.9945396039734897,1.0,1.0
2025,18,0.0,2025_18_DET_CHI,Chicago Bears,Caleb Williams,QB,00-0039918,1.0,44.52,291.0,1.88,1.15,5.17,20.0,0.16,0.0,0.0,0.0,0.0,0.1478,69.91,45.96,20.97,348.9,103.7,2.5765184458378427,0.6140005302937013,1.1491032708771012,1.0,1.0
2025,18,0.0,2025_18_DET_CHI,Chicago Bears,D'Andre Swift,RB,00-0036275,1.0,0.0,0.0,0.0,0.0,10.16,44.0,0.36,5.29,3.48,22.2,0.29,0.4798,69.91,45.96,20.97,348.9,103.7,2.5765184458378427,0.6140005302937013,1.1491032708771012,1.0,1.0
2025,18,0.0,2025_18_DET_CHI,Chicago Bears,Kyle Monangai,RB,00-0040236,1.0,0.0,0.0,0.0,0.0,5.64,24.0,0.13,3.29,1.83,15.5,0.18,0.2719,69.91,45.96,20.97,348.9,103.7,2.5765184458378427,0.6140005302937013,1.1491032708771012,1.0,1.0
2025,18,0.0,2025_18_DET_CHI,Chicago Bears,Travis Homer,RB,00-0035594,1.0,0.0,0.0,0.0,0.0,0.0,0.0,0.0,0.0,0.0,0.0,0.0,0.0,69.91,45.96,20.97,348.9,103.7,2.5765184458378427,0.6140005302937013,1.1491032708771012,1.0,1.0
2025,18,0.0,2025_18_DET_CHI,Chicago Bears,Colston Loveland,TE,00-0040126,1.0,0.0,0.0,0.0,0.0,0.0,0.0,0.0,8.85,6.27,59.1,0.47,0.3764,69.91,45.96,20.97,348.9,103.7,2.5765184458378427,0.6140005302937013,1.1491032708771012,1.0,1.0
2025,18,0.0,2025_18_DET_CHI,Chicago Bears,Cole Kmet,TE,00-0036290,1.0,0.0,0.0,0.0,0.0,0.0,0.0,0.0,4.57,3.52,25.9,0.24,0.213,69.91,45.96,20.97,348.9,103.7,2.5765184458378427,0.6140005302937013,1.1491032708771012,1.0,1.0
2025,18,0.0,2025_18_DET_CHI,Chicago Bears,Durham Smythe,TE,00-0034798,1.0,0.0,0.0,0.0,0.0,0.0,0.0,0.0,0.0,0.0,0.0,0.0,0.0,69.91,45.96,20.97,348.9,103.7,2.5765184458378427,0.6140005302937013,1.1491032708771012,1.0,1.0
2025,18,0.0,2025_18_DET_CHI,Chicago Bears,Nikola Kalinic,TE,00-0037031,1.0,0.0,0.0,0.0,0.0,0.0,0.0,0.0,0.0,0.0,0.0,0.0,0.0,69.91,45.96,20.97,348.9,103.7,2.5765184458378427,0.6140005302937013,1.1491032708771012,1.0,1.0
2025,18,0.0,2025_18_DET_CHI,Chicago Bears,Rome Odunze,WR,00-0039919,1.0,0.0,0.0,0.0,0.0,0.0,0.0,0.0,10.62,5.4,70.8,0.58,0.4383,69.91,45.96,20.97,348.9,103.7,2.5765184458378427,0.6140005302937013,1.1491032708771012,0.0,0.0
2025,18,0.0,2025_18_DET_CHI,Chicago Bears,DJ Moore,WR,00-0034827,1.0,0.0,0.0,0.0,0.0,0.0,0.0,0.0,8.0,4.84,46.3,0.41,0.339,69.91,45.96,20.97,348.9,103.7,2.5765184458378427,0.6140005302937013,1.1491032708771012,1.0,1.0
2025,18,0.0,2025_18_DET_CHI,Chicago Bears,Luther Burden III,WR,00-0040735,1.0,0.0,0.0,0.0,0.0,0.0,0.0,0.0,5.33,3.63,36.5,0.27,0.2399,69.91,45.96,20.97,348.9,103.7,2.5765184458378427,0.6140005302937013,1.1491032708771012,1.0,1.0
2025,18,0.0,2025_18_DET_CHI,Chicago Bears,Devin Duvernay,WR,00-0036331,1.0,0.0,0.0,0.0,0.0,0.0,0.0,0.0,0.0,0.0,0.0,0.0,0.0,69.91,45.96,20.97,348.9,103.7,2.5765184458378427,0.6140005302937013,1.1491032708771012,1.0,1.0
2025,18,0.0,2025_18_DET_CHI,Chicago Bears,Jahdae Walker,WR,00-0040277,1.0,0.0,0.0,0.0,0.0,0.0,0.0,0.0,0.0,0.0,0.0,0.0,0.0,69.91,45.96,20.97,348.9,103.7,2.5765184458378427,0.6140005302937013,1.1491032708771012,1.0,1.0
2025,18,0.0,2025_18_DET_CHI,Chicago Bears,Olamide Zaccheaus,WR,00-0035208,1.0,0.0,0.0,0.0,0.0,0.0,0.0,0.0,0.0,0.0,0.0,0.0,0.0,69.91,45.96,20.97,348.9,103.7,2.5765184458378427,0.6140005302937013,1.1491032708771012,1.0,1.0
2025,18,0.0,2025_18_DET_CHI,Detroit Lions,Jared Goff,QB,00-0033106,1.0,37.19,213.4,1.37,0.9,4.18,12.3,0.08,0.0,0.0,0.0,0.0,0.0784,72.0,35.89,33.75,201.4,123.4,1.3250611932178855,0.6209964620152242,0.8973027776526247,1.0,1.0
2025,18,0.0,2025_18_DET_CHI,Detroit Lions,Jahmyr Gibbs,RB,00-0039139,1.0,0.0,0.0,0.0,0.0,19.01,59.8,0.44,4.26,2.9,12.7,0.16,0.4536,72.0,35.89,33.75,201.4,123.4,1.3250611932178855,0.6209964620152242,0.8973027776526247,1.0,1.0
2025,18,0.0,2025_18_DET_CHI,Detroit Lions,David Montgomery,RB,00-0035685,1.0,0.0,0.0,0.0,0.0,10.56,32.6,0.16,2.65,1.87,7.9,0.09,0.2245,72.0,35.89,33.75,201.4,123.4,1.3250611932178855,0.6209964620152242,0.8973027776526247,1.0,1.0
2025,18,0.0,2025_18_DET_CHI,Detroit Lions,Jacob Saylors,RB,00-0038896,1.0,0.0,0.0,0.0,0.0,0.0,0.0,0.0,0.0,0.0,0.0,0.0,0.0,72.0,35.89,33.75,201.4,123.4,1.3250611932178855,0.6209964620152242,0.8973027776526247,1.0,1.0
2025,18,0.0,2025_18_DET_CHI,Detroit Lions,Sione Vaki,RB,00-0039364,1.0,0.0,0.0,0.0,0.0,0.0,0.0,0.0,0.0,0.0,0.0,0.0,0.0,72.0,35.89,33.75,201.4,123.4,1.3250611932178855,0.6209964620152242,0.8973027776526247,1.0,1.0
2025,18,0.0,2025_18_DET_CHI,Detroit Lions,Shane Zylstra,TE,00-0036534,1.0,0.0,0.0,0.0,0.0,0.0,0.0,0.0,7.02,4.79,41.3,0.26,0.2269,72.0,35.89,33.75,201.4,123.4,1.3250611932178855,0.6209964620152242,0.8973027776526247,1.0,1.0
2025,18,0.0,2025_18_DET_CHI,Detroit Lions,Anthony Firkser,TE,00-0033455,1.0,0.0,0.0,0.0,0.0,0.0,0.0,0.0,3.63,2.74,21.0,0.13,0.1238,72.0,35.89,33.75,201.4,123.4,1.3250611932178855,0.6209964620152242,0.8973027776526247,1.0,1.0
2025,18,0.0,2025_18_DET_CHI,Detroit Lions,Zach Horton,TE,00-0040387,1.0,0.0,0.0,0.0,0.0,0.0,0.0,0.0,0.0,0.0,0.0,0.0,0.0,72.0,35.89,33.75,201.4,123.4,1.3250611932178855,0.6209964620152242,0.8973027776526247,1.0,1.0
2025,18,0.0,2025_18_DET_CHI,Detroit Lions,Amon-Ra St. Brown,WR,00-0036963,1.0,0.0,0.0,0.0,0.0,0.0,0.0,0.0,8.06,5.79,36.6,0.29,0.2538,72.0,35.89,33.75,201.4,123.4,1.3250611932178855,0.6209964620152242,0.8973027776526247,1.0,1.0
2025,18,0.0,2025_18_DET_CHI,Detroit Lions,Jameson Williams,WR,00-0037240,1.0,0.0,0.0,0.0,0.0,0.0,0.0,0.0,6.07,3.55,29.2,0.21,0.1867,72.0,35.89,33.75,201.4,123.4,1.3250611932178855,0.6209964620152242,0.8973027776526247,1.0,1.0
2025,18,0.0,2025_18_DET_CHI,Detroit Lions,Isaac TeSlaa,WR,00-0040669,1.0,0.0,0.0,0.0,0.0,0.0,0.0,0.0,4.05,2.47,26.3,0.16,0.1488,72.0,35.89,33.75,201.4,123.4,1.3250611932178855,0.6209964620152242,0.8973027776526247,1.0,1.0
2025,18,0.0,2025_18_DET_CHI,Detroit Lions,Andrew Armstrong,WR,00-0040298,1.0,0.0,0.0,0.0,0.0,0.0,0.0,0.0,0.0,0.0,0.0,0.0,0.0,72.0,35.89,33.75,201.4,123.4,1.3250611932178855,0.6209964620152242,0.8973027776526247,0.0,0.0
2025,18,0.0,2025_18_DET_CHI,Detroit Lions,Dominic Lovett,WR,00-0040241,1.0,0.0,0.0,0.0,0.0,0.0,0.0,0.0,0.0,0.0,0.0,0.0,0.0,72.0,35.89,33.75,201.4,123.4,1.3250611932178855,0.6209964620152242,0.8973027776526247,0.0,0.0
2025,18,0.0,2025_18_DET_CHI,Detroit Lions,Kalif Raymond,WR,00-0032464,1.0,0.0,0.0,0.0,0.0,0.0,0.0,0.0,0.0,0.0,0.0,0.0,0.0,72.0,35.89,33.75,201.4,123.4,1.3250611932178855,0.6209964620152242,0.8973027776526247,1.0,1.0
2025,18,0.0,2025_18_DET_CHI,Detroit Lions,Tom Kennedy,WR,00-0035544,1.0,0.0,0.0,0.0,0.0,0.0,0.0,0.0,0.0,0.0,0.0,0.0,0.0,72.0,35.89,33.75,201.4,123.4,1.3250611932178855,0.6209964620152242,0.8973027776526247,1.0,1.0
2025,18,0.0,2025_18_GB_MIN,Green Bay Packers,Jordan Love,QB,00-0036264,1.0,36.0,244.9,1.68,0.9,1.69,6.4,0.04,0.0,0.0,0.0,0.0,0.0349,55.0,35.95,16.5,272.9,81.6,1.9524410243492556,0.329445110386583,0.8988641867650942,1.0,1.0
2025,18,0.0,2025_18_GB_MIN,Green Bay Packers,Josh Jacobs,RB,00-0035700,1.0,0.0,0.0,0.0,0.0,9.52,40.2,0.23,4.28,2.94,17.7,0.23,0.3701,55.0,35.95,16.5,272.9,81.6,1.9524410243492556,0.329445110386583,0.8988641867650942,0.0,0.0
2025,18,0.0,2025_18_GB_MIN,Green Bay Packers,Emanuel Wilson,RB,00-0038797,1.0,0.0,0.0,0.0,0.0,5.29,23.1,0.08,2.66,1.76,13.1,0.15,0.2051,55.0,35.95,16.5,272.9,81.6,1.9524410243492556,0.329445110386583,0.8988641867650942,1.0,1.0
2025,18,0.0,2025_18_GB_MIN,Green Bay Packers,Chris Brooks,RB,00-0038685,1.0,0.0,0.0,0.0,0.0,0.0,0.0,0.0,0.0,0.0,0.0,0.0,0.0,55.0,35.95,16.5,272.9,81.6,1.9524410243492556,0.329445110386583,0.8988641867650942,1.0,1.0
2025,18,0.0,2025_18_GB_MIN,Green Bay Packers,Luke Musgrave,TE,00-0039144,1.0,0.0,0.0,0.0,0.0,0.0,0.0,0.0,6.97,5.1,44.4,0.34,0.2885,55.0,35.95,16.5,272.9,81.6,1.9524410243492556,0.329445110386583,0.8988641867650942,1.0,1.0
2025,18,0.0,2025_18_GB_MIN,Green Bay Packers,Josh Whyle,TE,00-0038589,1.0,0.0,0.0,0.0,0.0,0.0,0.0,0.0,3.6,2.72,24.1,0.19,0.1719,55.0,35.95,16.5,272.9,81.6,1.9524410243492556,0.329445110386583,0.8988641867650942,1.0,1.0
2025,18,0.0,2025_18_GB_MIN,Green Bay Packers,Drake Dabney,TE,00-0040628,1.0,0.0,0.0,0.0,0.0,0.0,0.0,0.0,0.0,0.0,0.0,0.0,0.0,55.0,35.95,16.5,272.9,81.6,1.9524410243492556,0.329445110386583,0.8988641867650942,1.0,1.0
2025,18,0.0,2025_18_GB_MIN,Green Bay Packers,Johnny Lumpkin,TE,00-0038913,1.0,0.0,0.0,0.0,0.0,0.0,0.0,0.0,0.0,0.0,0.0,0.0,0.0,55.0,35.95,16.5,272.9,81.6,1.9524410243492556,0.329445110386583,0.8988641867650942,0.0,0.0
2025,18,0.0,2025_18_GB_MIN,Green Bay Packers,Christian Watson,WR,00-0038124,1.0,0.0,0.0,0.0,0.0,0.0,0.0,0.0,8.05,4.67,53.0,0.43,0.3501,55.0,35.95,16.5,272.9,81.6,1.9524410243492556,0.329445110386583,0.8988641867650942,1.0,1.0
2025,18,0.0,2025_18_GB_MIN,Green Bay Packers,Romeo Doubs,WR,00-0037816,1.0,0.0,0.0,0.0,0.0,0.0,0.0,0.0,6.07,3.71,36.7,0.32,0.2762,55.0,35.95,16.5,272.9,81.6,1.9524410243492556,0.329445110386583,0.8988641867650942,1.0,1.0
2025,18,0.0,2025_18_GB_MIN,Green Bay Packers,Jayden Reed,WR,00-0039146,1.0,0.0,0.0,0.0,0.0,0.0,0.0,0.0,4.04,2.7,24.4,0.21,0.1927,55.0,35.95,16.5,272.9,81.6,1.9524410243492556,0.329445110386583,0.8988641867650942,1.0,1.0
2025,18,0.0,2025_18_GB_MIN,Green Bay Packers,Dontayvion Wicks,WR,00-0038393,1.0,0.0,0.0,0.0,0.0,0.0,0.0,0.0,0.0,0.0,0.0,0.0,0.0,55.0,35.95,16.5,272.9,81.6,1.9524410243492556,0.329445110386583,0.8988641867650942,0.0,0.0
2025,18,0.0,2025_18_GB_MIN,Green Bay Packers,Jakobie Keeney-James,WR,00-0040388,1.0,0.0,0.0,0.0,0.0,0.0,0.0,0.0,0.0,0.0,0.0,0.0,0.0,55.0,35.95,16.5,272.9,81.6,1.9524410243492556,0.329445110386583,0.8988641867650942,1.0,1.0
2025,18,0.0,2025_18_GB_MIN,Green Bay Packers,Matthew Golden,WR,00-0040667,1.0,0.0,0.0,0.0,0.0,0.0,0.0,0.0,0.0,0.0,0.0,0.0,0.0,55.0,35.95,16.5,272.9,81.6,1.9524410243492556,0.329445110386583,0.8988641867650942,1.0,1.0
2025,18,0.0,2025_18_GB_MIN,Minnesota Vikings,J.J. McCarthy,QB,00-0039923,1.0,31.95,163.5,2.26,0.77,1.32,4.1,0.05,0.0,0.0,0.0,0.0,0.0483,64.44,30.89,31.03,173.3,113.4,2.4470473337844396,1.2223173004371333,0.7723620224558645,1.0,1.0
2025,18,0.0,2025_18_GB_MIN,Minnesota Vikings,Aaron Jones Sr.,RB,None,1.0,0.0,0.0,0.0,0.0,19.1,75.4,0.86,3.62,2.38,16.3,0.29,0.6838,64.44,30.89,31.03,173.3,113.4,2.4470473337844396,1.2223173004371333,0.7723620224558645,0.0,0.0
2025,18,0.0,2025_18_GB_MIN,Minnesota Vikings,Jordan Mason,RB,00-0037525,1.0,0.0,0.0,0.0,0.0,10.61,32.5,0.32,2.25,1.57,7.7,0.18,0.395,64.44,30.89,31.03,173.3,113.4,2.4470473337844396,1.2223173004371333,0.7723620224558645,1.0,1.0
2025,18,0.0,2025_18_GB_MIN,Minnesota Vikings,Ty Chandler,RB,00-0037276,1.0,0.0,0.0,0.0,0.0,0.0,0.0,0.0,0.0,0.0,0.0,0.0,0.0,64.44,30.89,31.03,173.3,113.4,2.4470473337844396,1.2223173004371333,0.7723620224558645,1.0,1.0
2025,18,0.0,2025_18_GB_MIN,Minnesota Vikings,Zavier Scott,RB,00-0038440,1.0,0.0,0.0,0.0,0.0,0.0,0.0,0.0,0.0,0.0,0.0,0.0,0.0,64.44,30.89,31.03,173.3,113.4,2.4470473337844396,1.2223173004371333,0.7723620224558645,1.0,1.0
2025,18,0.0,2025_18_GB_MIN,Minnesota Vikings,T.J. Hockenson,TE,00-0035229,1.0,0.0,0.0,0.0,0.0,0.0,0.0,0.0,6.17,4.42,25.0,0.44,0.3559,64.44,30.89,31.03,173.3,113.4,2.4470473337844396,1.2223173004371333,0.7723620224558645,0.0,0.0
2025,18,0.0,2025_18_GB_MIN,Minnesota Vikings,Josh Oliver,TE,00-0035249,1.0,0.0,0.0,0.0,0.0,0.0,0.0,0.0,3.1,2.26,13.3,0.24,0.2156,64.44,30.89,31.03,173.3,113.4,2.4470473337844396,1.2223173004371333,0.7723620224558645,1.0,1.0
2025,18,0.0,2025_18_GB_MIN,Minnesota Vikings,Ben Sims,TE,00-0038809,1.0,0.0,0.0,0.0,0.0,0.0,0.0,0.0,0.0,0.0,0.0,0.0,0.0,64.44,30.89,31.03,173.3,113.4,2.4470473337844396,1.2223173004371333,0.7723620224558645,1.0,1.0
2025,18,0.0,2025_18_GB_MIN,Minnesota Vikings,Ben Yurosek,TE,00-0040509,1.0,0.0,0.0,0.0,0.0,0.0,0.0,0.0,0.0,0.0,0.0,0.0,0.0,64.44,30.89,31.03,173.3,113.4,2.4470473337844396,1.2223173004371333,0.7723620224558645,1.0,1.0
2025,18,0.0,2025_18_GB_MIN,Minnesota Vikings,Justin Jefferson,WR,00-0036322,1.0,0.0,0.0,0.0,0.0,0.0,0.0,0.0,7.06,4.48,32.2,0.54,0.4143,64.44,30.89,31.03,173.3,113.4,2.4470473337844396,1.2223173004371333,0.7723620224558645,1.0,1.0
2025,18,0.0,2025_18_GB_MIN,Minnesota Vikings,Jordan Addison,WR,00-0038994,1.0,0.0,0.0,0.0,0.0,0.0,0.0,0.0,5.22,3.01,23.5,0.4,0.3302,64.44,30.89,31.03,173.3,113.4,2.4470473337844396,1.2223173004371333,0.7723620224558645,1.0,1.0
2025,18,0.0,2025_18_GB_MIN,Minnesota Vikings,Jalen Nailor,WR,00-0037291,1.0,0.0,0.0,0.0,0.0,0.0,0.0,0.0,3.48,2.06,16.7,0.27,0.2383,64.44,30.89,31.03,173.3,113.4,2.4470473337844396,1.2223173004371333,0.7723620224558645,1.0,1.0
2025,18,0.0,2025_18_GB_MIN,Minnesota Vikings,Dontae Fleming,WR,00-0040498,1.0,0.0,0.0,0.0,0.0,0.0,0.0,0.0,0.0,0.0,0.0,0.0,0.0,64.44,30.89,31.03,173.3,113.4,2.4470473337844396,1.2223173004371333,0.7723620224558645,0.0,0.0
2025,18,0.0,2025_18_GB_MIN,Minnesota Vikings,Jeshaun Jones,WR,00-0039710,1.0,0.0,0.0,0.0,0.0,0.0,0.0,0.0,0.0,0.0,0.0,0.0,0.0,64.44,30.89,31.03,173.3,113.4,2.4470473337844396,1.2223173004371333,0.7723620224558645,1.0,1.0
2025,18,0.0,2025_18_GB_MIN,Minnesota Vikings,Tai Felton,WR,00-0040154,1.0,0.0,0.0,0.0,0.0,0.0,0.0,0.0,0.0,0.0,0.0,0.0,0.0,64.44,30.89,31.03,173.3,113.4,2.4470473337844396,1.2223173004371333,0.7723620224558645,1.0,1.0
2025,18,0.0,2025_18_IND_HOU,Houston Texans,C.J. Stroud,QB,00-0039163,1.0,34.63,193.6,2.18,0.82,6.45,18.8,0.3,0.0,0.0,0.0,0.0,0.2612,72.0,32.8,37.16,184.0,135.8,2.9635509042324375,1.650098401854002,0.820083711706865,1.0,1.0
2025,18,0.0,2025_18_IND_HOU,Houston Texans,Woody Marks,RB,00-0040583,1.0,0.0,0.0,0.0,0.0,19.74,62.6,1.05,3.75,2.24,13.1,0.35,0.7551,72.0,32.8,37.16,184.0,135.8,2.9635509042324375,1.650098401854002,0.820083711706865,1.0,1.0
2025,18,0.0,2025_18_IND_HOU,Houston Texans,Jawhar Jordan,RB,00-0039405,1.0,0.0,0.0,0.0,0.0,10.97,38.2,0.36,2.33,1.65,9.7,0.21,0.4345,72.0,32.8,37.16,184.0,135.8,2.9635509042324375,1.650098401854002,0.820083711706865,1.0,1.0
2025,18,0.0,2025_18_IND_HOU,Houston Texans,Dare Ogunbowale,RB,00-0033854,1.0,0.0,0.0,0.0,0.0,0.0,0.0,0.0,0.0,0.0,0.0,0.0,0.0,72.0,32.8,37.16,184.0,135.8,2.9635509042324375,1.650098401854002,0.820083711706865,1.0,1.0
2025,18,0.0,2025_18_IND_HOU,Houston Texans,Dalton Schultz,TE,00-0034383,1.0,0.0,0.0,0.0,0.0,0.0,0.0,0.0,6.39,4.49,28.8,0.52,0.4051,72.0,32.8,37.16,184.0,135.8,2.9635509042324375,1.650098401854002,0.820083711706865,1.0,1.0
2025,18,0.0,2025_18_IND_HOU,Houston Texans,Cade Stover,TE,00-0039359,1.0,0.0,0.0,0.0,0.0,0.0,0.0,0.0,3.3,2.4,17.1,0.28,0.2461,72.0,32.8,37.16,184.0,135.8,2.9635509042324375,1.650098401854002,0.820083711706865,1.0,1.0
2025,18,0.0,2025_18_IND_HOU,Houston Texans,Dalton Keene,TE,00-0036225,1.0,0.0,0.0,0.0,0.0,0.0,0.0,0.0,0.0,0.0,0.0,0.0,0.0,72.0,32.8,37.16,184.0,135.8,2.9635509042324375,1.650098401854002,0.820083711706865,0.0,0.0
2025,18,0.0,2025_18_IND_HOU,Houston Texans,Harrison Bryant,TE,00-0036232,1.0,0.0,0.0,0.0,0.0,0.0,0.0,0.0,0.0,0.0,0.0,0.0,0.0,72.0,32.8,37.16,184.0,135.8,2.9635509042324375,1.650098401854002,0.820083711706865,1.0,1.0
2025,18,0.0,2025_18_IND_HOU,Houston Texans,Nico Collins,WR,00-0036554,1.0,0.0,0.0,0.0,0.0,0.0,0.0,0.0,7.55,4.6,33.6,0.65,0.4759,72.0,32.8,37.16,184.0,135.8,2.9635509042324375,1.650098401854002,0.820083711706865,0.0,0.0
2025,18,0.0,2025_18_IND_HOU,Houston Texans,Jayden Higgins,WR,00-0040130,1.0,0.0,0.0,0.0,0.0,0.0,0.0,0.0,5.69,3.4,30.2,0.49,0.3868,72.0,32.8,37.16,184.0,135.8,2.9635509042324375,1.650098401854002,0.820083711706865,1.0,1.0
2025,18,0.0,2025_18_IND_HOU,Houston Texans,Christian Kirk,WR,00-0034775,1.0,0.0,0.0,0.0,0.0,0.0,0.0,0.0,3.79,2.31,16.3,0.32,0.2755,72.0,32.8,37.16,184.0,135.8,2.9635509042324375,1.650098401854002,0.820083711706865,1.0,1.0
2025,18,0.0,2025_18_IND_HOU,Houston Texans,Braxton Berrios,WR,00-0034419,1.0,0.0,0.0,0.0,0.0,0.0,0.0,0.0,0.0,0.0,0.0,0.0,0.0,72.0,32.8,37.16,184.0,135.8,2.9635509042324375,1.650098401854002,0.820083711706865,0.0,0.0
2025,18,0.0,2025_18_IND_HOU,Houston Texans,Daniel Jackson,WR,00-0040412,1.0,0.0,0.0,0.0,0.0,0.0,0.0,0.0,0.0,0.0,0.0,0.0,0.0,72.0,32.8,37.16,184.0,135.8,2.9635509042324375,1.650098401854002,0.820083711706865,0.0,0.0
2025,18,0.0,2025_18_IND_HOU,Houston Texans,Jaylin Noel,WR,00-0040138,1.0,0.0,0.0,0.0,0.0,0.0,0.0,0.0,0.0,0.0,0.0,0.0,0.0,72.0,32.8,37.16,184.0,135.8,2.9635509042324375,1.650098401854002,0.820083711706865,1.0,1.0
2025,18,0.0,2025_18_IND_HOU,Houston Texans,Justin Watson,WR,00-0034386,1.0,0.0,0.0,0.0,0.0,0.0,0.0,0.0,0.0,0.0,0.0,0.0,0.0,72.0,32.8,37.16,184.0,135.8,2.9635509042324375,1.650098401854002,0.820083711706865,1.0,1.0
2025,18,0.0,2025_18_IND_HOU,Houston Texans,Xavier Hutchinson,WR,00-0038618,1.0,0.0,0.0,0.0,0.0,0.0,0.0,0.0,0.0,0.0,0.0,0.0,0.0,72.0,32.8,37.16,184.0,135.8,2.9635509042324375,1.650098401854002,0.820083711706865,1.0,1.0
2025,18,0.0,2025_18_IND_HOU,Indianapolis Colts,Riley Leonard,QB,00-0040206,1.0,42.79,296.3,2.85,1.03,0.72,3.0,0.03,0.0,0.0,0.0,0.0,0.0249,72.0,41.38,27.79,314.1,137.4,3.1634363368694496,1.0188597841997584,1.0345212775528565,1.0,1.0
2025,18,0.0,2025_18_IND_HOU,Indianapolis Colts,Jonathan Taylor,RB,00-0036223,1.0,0.0,0.0,0.0,0.0,17.4,73.5,0.79,4.9,3.06,21.0,0.37,0.687,72.0,41.38,27.79,314.1,137.4,3.1634363368694496,1.0188597841997584,1.0345212775528565,1.0,1.0
2025,18,0.0,2025_18_IND_HOU,Indianapolis Colts,Ameer Abdullah,RB,00-0032104,1.0,0.0,0.0,0.0,0.0,9.67,43.4,0.27,3.05,2.17,12.8,0.24,0.3974,72.0,41.38,27.79,314.1,137.4,3.1634363368694496,1.0188597841997584,1.0345212775528565,1.0,1.0
2025,18,0.0,2025_18_IND_HOU,Indianapolis Colts,DJ Giddens,RB,00-0040179,1.0,0.0,0.0,0.0,0.0,0.0,0.0,0.0,0.0,0.0,0.0,0.0,0.0,72.0,41.38,27.79,314.1,137.4,3.1634363368694496,1.0188597841997584,1.0345212775528565,1.0,1.0
2025,18,0.0,2025_18_IND_HOU,Indianapolis Colts,Tyler Goodson,RB,00-0037120,1.0,0.0,0.0,0.0,0.0,0.0,0.0,0.0,0.0,0.0,0.0,0.0,0.0,72.0,41.38,27.79,314.1,137.4,3.1634363368694496,1.0188597841997584,1.0345212775528565,1.0,1.0
2025,18,0.0,2025_18_IND_HOU,Indianapolis Colts,Tyler Warren,TE,00-0040128,1.0,0.0,0.0,0.0,0.0,0.0,0.0,0.0,7.98,5.28,49.6,0.59,0.4469,72.0,41.38,27.79,314.1,137.4,3.1634363368694496,1.0188597841997584,1.0345212775528565,1.0,1.0
2025,18,0.0,2025_18_IND_HOU,Indianapolis Colts,Mo Alie-Cox,TE,00-0033217,1.0,0.0,0.0,0.0,0.0,0.0,0.0,0.0,4.13,2.72,25.9,0.31,0.2674,72.0,41.38,27.79,314.1,137.4,3.1634363368694496,1.0188597841997584,1.0345212775528565,1.0,1.0
2025,18,0.0,2025_18_IND_HOU,Indianapolis Colts,Sean McKeon,TE,00-0036032,1.0,0.0,0.0,0.0,0.0,0.0,0.0,0.0,0.0,0.0,0.0,0.0,0.0,72.0,41.38,27.79,314.1,137.4,3.1634363368694496,1.0188597841997584,1.0345212775528565,1.0,1.0
2025,18,0.0,2025_18_IND_HOU,Indianapolis Colts,Michael Pittman Jr.,WR,None,1.0,0.0,0.0,0.0,0.0,0.0,0.0,0.0,9.46,5.91,108.5,0.72,0.5147,72.0,41.38,27.79,314.1,137.4,3.1634363368694496,1.0188597841997584,1.0345212775528565,0.0,0.0
2025,18,0.0,2025_18_IND_HOU,Indianapolis Colts,Alec Pierce,WR,00-0037664,1.0,0.0,0.0,0.0,0.0,0.0,0.0,0.0,7.12,3.65,42.6,0.49,0.3904,72.0,41.38,27.79,314.1,137.4,3.1634363368694496,1.0188597841997584,1.0345212775528565,1.0,1.0
2025,18,0.0,2025_18_IND_HOU,Indianapolis Colts,Josh Downs,WR,00-0038997,1.0,0.0,0.0,0.0,0.0,0.0,0.0,0.0,4.75,3.02,26.1,0.34,0.2891,72.0,41.38,27.79,314.1,137.4,3.1634363368694496,1.0188597841997584,1.0345212775528565,1.0,1.0
2025,18,0.0,2025_18_IND_HOU,Indianapolis Colts,Ajou Ajou,WR,00-0039957,1.0,0.0,0.0,0.0,0.0,0.0,0.0,0.0,0.0,0.0,0.0,0.0,0.0,72.0,41.38,27.79,314.1,137.4,3.1634363368694496,1.0188597841997584,1.0345212775528565,0.0,0.0
2025,18,0.0,2025_18_IND_HOU,Indianapolis Colts,Ashton Dulin,WR,00-0035021,1.0,0.0,0.0,0.0,0.0,0.0,0.0,0.0,0.0,0.0,0.0,0.0,0.0,72.0,41.38,27.79,314.1,137.4,3.1634363368694496,1.0188597841997584,1.0345212775528565,1.0,1.0
2025,18,0.0,2025_18_IND_HOU,Indianapolis Colts,Laquon Treadwell,WR,00-0032951,1.0,0.0,0.0,0.0,0.0,0.0,0.0,0.0,0.0,0.0,0.0,0.0,0.0,72.0,41.38,27.79,314.1,137.4,3.1634363368694496,1.0188597841997584,1.0345212775528565,1.0,1.0
2025,18,0.0,2025_18_KC_LV,Kansas City Chiefs,Chris Oladokun,QB,00-0037324,1.0,33.21,169.9,1.92,0.8,1.47,4.6,0.05,0.0,0.0,0.0,0.0,0.0483,57.35,32.11,23.21,180.2,84.8,2.1242154061954652,0.8245575932243261,0.8028082902626589,1.0,1.0
2025,18,0.0,2025_18_KC_LV,Kansas City Chiefs,Isiah Pacheco,RB,00-0037197,1.0,0.0,0.0,0.0,0.0,14.07,42.8,0.61,3.78,2.64,11.7,0.25,0.578,57.35,32.11,23.21,180.2,84.8,2.1242154061954652,0.8245575932243261,0.8028082902626589,0.0,0.0
2025,18,0.0,2025_18_KC_LV,Kansas City Chiefs,Kareem Hunt,RB,00-0033923,1.0,0.0,0.0,0.0,0.0,7.67,23.6,0.22,2.36,1.48,7.0,0.17,0.3228,57.35,32.11,23.21,180.2,84.8,2.1242154061954652,0.8245575932243261,0.8028082902626589,1.0,1.0
2025,18,0.0,2025_18_KC_LV,Kansas City Chiefs,Brashard Smith,RB,00-0040078,1.0,0.0,0.0,0.0,0.0,0.0,0.0,0.0,0.0,0.0,0.0,0.0,0.0,57.35,32.11,23.21,180.2,84.8,2.1242154061954652,0.8245575932243261,0.8028082902626589,1.0,1.0
2025,18,0.0,2025_18_KC_LV,Kansas City Chiefs,Dameon Pierce,RB,00-0037258,1.0,0.0,0.0,0.0,0.0,0.0,0.0,0.0,0.0,0.0,0.0,0.0,0.0,57.35,32.11,23.21,180.2,84.8,2.1242154061954652,0.8245575932243261,0.8028082902626589,1.0,1.0
2025,18,0.0,2025_18_KC_LV,Kansas City Chiefs,Travis Kelce,TE,00-0030506,1.0,0.0,0.0,0.0,0.0,0.0,0.0,0.0,6.03,4.37,24.5,0.37,0.3112,57.35,32.11,23.21,180.2,84.8,2.1242154061954652,0.8245575932243261,0.8028082902626589,1.0,1.0
2025,18,0.0,2025_18_KC_LV,Kansas City Chiefs,Noah Gray,TE,00-0036637,1.0,0.0,0.0,0.0,0.0,0.0,0.0,0.0,3.12,2.22,13.1,0.19,0.1695,57.35,32.11,23.21,180.2,84.8,2.1242154061954652,0.8245575932243261,0.8028082902626589,1.0,1.0
2025,18,0.0,2025_18_KC_LV,Kansas City Chiefs,Geor'Quarius Spivey,TE,00-0039941,1.0,0.0,0.0,0.0,0.0,0.0,0.0,0.0,0.0,0.0,0.0,0.0,0.0,57.35,32.11,23.21,180.2,84.8,2.1242154061954652,0.8245575932243261,0.8028082902626589,0.0,0.0
2025,18,0.0,2025_18_KC_LV,Kansas City Chiefs,Jared Wiley,TE,00-0039824,1.0,0.0,0.0,0.0,0.0,0.0,0.0,0.0,0.0,0.0,0.0,0.0,0.0,57.35,32.11,23.21,180.2,84.8,2.1242154061954652,0.8245575932243261,0.8028082902626589,1.0,1.0
2025,18,0.0,2025_18_KC_LV,Kansas City Chiefs,Robert Tonyan,TE,00-0033757,1.0,0.0,0.0,0.0,0.0,0.0,0.0,0.0,0.0,0.0,0.0,0.0,0.0,57.35,32.11,23.21,180.2,84.8,2.1242154061954652,0.8245575932243261,0.8028082902626589,1.0,1.0
2025,18,0.0,2025_18_KC_LV,Kansas City Chiefs,Xavier Worthy,WR,00-0039894,1.0,0.0,0.0,0.0,0.0,0.0,0.0,0.0,7.46,4.62,37.5,0.48,0.3801,57.35,32.11,23.21,180.2,84.8,2.1242154061954652,0.8245575932243261,0.8028082902626589,0.0,0.0
2025,18,0.0,2025_18_KC_LV,Kansas City Chiefs,Marquise Brown,WR,00-0035662,1.0,0.0,0.0,0.0,0.0,0.0,0.0,0.0,5.62,3.04,24.8,0.35,0.2924,57.35,32.11,23.21,180.2,84.8,2.1242154061954652,0.8245575932243261,0.8028082902626589,1.0,1.0
2025,18,0.0,2025_18_KC_LV,Kansas City Chiefs,JuJu Smith-Schuster,WR,00-0033857,1.0,0.0,0.0,0.0,0.0,0.0,0.0,0.0,3.74,2.55,16.4,0.24,0.2136,57.35,32.11,23.21,180.2,84.8,2.1242154061954652,0.8245575932243261,0.8028082902626589,1.0,1.0
2025,18,0.0,2025_18_KC_LV,Kansas City Chiefs,Elijhah Badger,WR,00-0040080,1.0,0.0,0.0,0.0,0.0,0.0,0.0,0.0,0.0,0.0,0.0,0.0,0.0,57.35,32.11,23.21,180.2,84.8,2.1242154061954652,0.8245575932243261,0.8028082902626589,0.0,0.0
2025,18,0.0,2025_18_KC_LV,Kansas City Chiefs,Jalen Royals,WR,00-0040646,1.0,0.0,0.0,0.0,0.0,0.0,0.0,0.0,0.0,0.0,0.0,0.0,0.0,57.35,32.11,23.21,180.2,84.8,2.1242154061954652,0.8245575932243261,0.8028082902626589,1.0,1.0
2025,18,0.0,2025_18_KC_LV,Kansas City Chiefs,Jason Brownlee,WR,00-0038492,1.0,0.0,0.0,0.0,0.0,0.0,0.0,0.0,0.0,0.0,0.0,0.0,0.0,57.35,32.11,23.21,180.2,84.8,2.1242154061954652,0.8245575932243261,0.8028082902626589,1.0,1.0
2025,18,0.0,2025_18_KC_LV,Kansas City Chiefs,Jimmy Holiday,WR,00-0040120,1.0,0.0,0.0,0.0,0.0,0.0,0.0,0.0,0.0,0.0,0.0,0.0,0.0,57.35,32.11,23.21,180.2,84.8,2.1242154061954652,0.8245575932243261,0.8028082902626589,1.0,1.0
2025,18,0.0,2025_18_KC_LV,Las Vegas Raiders,Geno Smith,QB,00-0030565,1.0,42.48,232.0,1.27,1.09,4.38,12.3,0.07,0.0,0.0,0.0,0.0,0.0713,72.0,43.63,24.83,244.7,90.7,1.4254322632864571,0.4146419393805154,1.090644421717388,0.0,0.0
2025,18,0.0,2025_18_KC_LV,Las Vegas Raiders,Ashton Jeanty,RB,00-0040122,1.0,0.0,0.0,0.0,0.0,13.15,41.3,0.26,5.03,3.28,17.1,0.17,0.3449,72.0,43.63,24.83,244.7,90.7,1.4254322632864571,0.4146419393805154,1.090644421717388,1.0,1.0
2025,18,0.0,2025_18_KC_LV,Las Vegas Raiders,Raheem Mostert,RB,00-0031687,1.0,0.0,0.0,0.0,0.0,7.3,23.3,0.1,3.13,2.07,9.9,0.1,0.1815,72.0,43.63,24.83,244.7,90.7,1.4254322632864571,0.4146419393805154,1.090644421717388,0.0,0.0
2025,18,0.0,2025_18_KC_LV,Las Vegas Raiders,Dylan Laube,RB,00-0039407,1.0,0.0,0.0,0.0,0.0,0.0,0.0,0.0,0.0,0.0,0.0,0.0,0.0,72.0,43.63,24.83,244.7,90.7,1.4254322632864571,0.4146419393805154,1.090644421717388,1.0,1.0
2025,18,0.0,2025_18_KC_LV,Las Vegas Raiders,Zamir White,RB,00-0038040,1.0,0.0,0.0,0.0,0.0,0.0,0.0,0.0,0.0,0.0,0.0,0.0,0.0,72.0,43.63,24.83,244.7,90.7,1.4254322632864571,0.4146419393805154,1.090644421717388,1.0,1.0
2025,18,0.0,2025_18_KC_LV,Las Vegas Raiders,Michael Mayer,TE,00-0039066,1.0,0.0,0.0,0.0,0.0,0.0,0.0,0.0,8.33,5.92,41.6,0.25,0.2247,72.0,43.63,24.83,244.7,90.7,1.4254322632864571,0.4146419393805154,1.090644421717388,1.0,1.0
2025,18,0.0,2025_18_KC_LV,Las Vegas Raiders,Ian Thomas,TE,00-0034365,1.0,0.0,0.0,0.0,0.0,0.0,0.0,0.0,4.31,3.04,21.6,0.13,0.121,72.0,43.63,24.83,244.7,90.7,1.4254322632864571,0.4146419393805154,1.090644421717388,1.0,1.0
2025,18,0.0,2025_18_KC_LV,Las Vegas Raiders,Carter Runyon,TE,00-0040488,1.0,0.0,0.0,0.0,0.0,0.0,0.0,0.0,0.0,0.0,0.0,0.0,0.0,72.0,43.63,24.83,244.7,90.7,1.4254322632864571,0.4146419393805154,1.090644421717388,1.0,1.0
2025,18,0.0,2025_18_KC_LV,Las Vegas Raiders,Tre Tucker,WR,00-0038563,1.0,0.0,0.0,0.0,0.0,0.0,0.0,0.0,10.12,5.69,47.3,0.3,0.2608,72.0,43.63,24.83,244.7,90.7,1.4254322632864571,0.4146419393805154,1.090644421717388,1.0,1.0
2025,18,0.0,2025_18_KC_LV,Las Vegas Raiders,Jack Bech,WR,00-0040729,1.0,0.0,0.0,0.0,0.0,0.0,0.0,0.0,7.62,5.05,48.5,0.24,0.2152,72.0,43.63,24.83,244.7,90.7,1.4254322632864571,0.4146419393805154,1.090644421717388,1.0,1.0
2025,18,0.0,2025_18_KC_LV,Las Vegas Raiders,Dont'e Thornton Jr.,WR,00-0040581,1.0,0.0,0.0,0.0,0.0,0.0,0.0,0.0,5.08,2.54,30.5,0.16,0.1449,72.0,43.63,24.83,244.7,90.7,1.4254322632864571,0.4146419393805154,1.090644421717388,1.0,1.0
2025,18,0.0,2025_18_KC_LV,Las Vegas Raiders,Alex Bachman,WR,00-0035602,1.0,0.0,0.0,0.0,0.0,0.0,0.0,0.0,0.0,0.0,0.0,0.0,0.0,72.0,43.63,24.83,244.7,90.7,1.4254322632864571,0.4146419393805154,1.090644421717388,1.0,1.0
2025,18,0.0,2025_18_KC_LV,Las Vegas Raiders,Amari Cooper,WR,00-0031544,1.0,0.0,0.0,0.0,0.0,0.0,0.0,0.0,0.0,0.0,0.0,0.0,0.0,72.0,43.63,24.83,244.7,90.7,1.4254322632864571,0.4146419393805154,1.090644421717388,1.0,1.0
2025,18,0.0,2025_18_KC_LV,Las Vegas Raiders,Brenden Rice,WR,00-0039415,1.0,0.0,0.0,0.0,0.0,0.0,0.0,0.0,0.0,0.0,0.0,0.0,0.0,72.0,43.63,24.83,244.7,90.7,1.4254322632864571,0.4146419393805154,1.090644421717388,0.0,0.0
2025,18,0.0,2025_18_KC_LV,Las Vegas Raiders,Shedrick Jackson,WR,00-0038891,1.0,0.0,0.0,0.0,0.0,0.0,0.0,0.0,0.0,0.0,0.0,0.0,0.0,72.0,43.63,24.83,244.7,90.7,1.4254322632864571,0.4146419393805154,1.090644421717388,1.0,1.0
2025,18,0.0,2025_18_KC_LV,Las Vegas Raiders,Tyler Lockett,WR,00-0032211,1.0,0.0,0.0,0.0,0.0,0.0,0.0,0.0,0.0,0.0,0.0,0.0,0.0,72.0,43.63,24.83,244.7,90.7,1.4254322632864571,0.4146419393805154,1.090644421717388,1.0,1.0
2025,18,0.0,2025_18_LAC_DEN,Denver Broncos,Bo Nix,QB,00-0039732,1.0,41.33,272.2,2.19,1.08,7.14,25.9,0.22,0.0,0.0,0.0,0.0,0.2014,72.0,43.05,26.37,326.7,130.4,2.797440553223292,0.7884241332430273,1.076242597597269,1.0,1.0
2025,18,0.0,2025_18_LAC_DEN,Denver Broncos,RJ Harvey,RB,00-0040730,1.0,0.0,0.0,0.0,0.0,12.36,54.2,0.46,4.98,3.51,23.0,0.33,0.5475,72.0,43.05,26.37,326.7,130.4,2.797440553223292,0.7884241332430273,1.076242597597269,1.0,1.0
2025,18,0.0,2025_18_LAC_DEN,Denver Broncos,Jaleel McLaughlin,RB,00-0038794,1.0,0.0,0.0,0.0,0.0,6.86,30.4,0.16,3.1,2.2,13.1,0.21,0.3025,72.0,43.05,26.37,326.7,130.4,2.797440553223292,0.7884241332430273,1.076242597597269,1.0,1.0
2025,18,0.0,2025_18_LAC_DEN,Denver Broncos,Tyler Badie,RB,00-0037085,1.0,0.0,0.0,0.0,0.0,0.0,0.0,0.0,0.0,0.0,0.0,0.0,0.0,72.0,43.05,26.37,326.7,130.4,2.797440553223292,0.7884241332430273,1.076242597597269,1.0,1.0
2025,18,0.0,2025_18_LAC_DEN,Denver Broncos,Evan Engram,TE,00-0033881,1.0,0.0,0.0,0.0,0.0,0.0,0.0,0.0,8.14,6.05,48.8,0.46,0.3715,72.0,43.05,26.37,326.7,130.4,2.797440553223292,0.7884241332430273,1.076242597597269,1.0,1.0
2025,18,0.0,2025_18_LAC_DEN,Denver Broncos,Adam Trautman,TE,00-0036422,1.0,0.0,0.0,0.0,0.0,0.0,0.0,0.0,4.21,3.11,27.0,0.26,0.2326,72.0,43.05,26.37,326.7,130.4,2.797440553223292,0.7884241332430273,1.076242597597269,1.0,1.0
2025,18,0.0,2025_18_LAC_DEN,Denver Broncos,Nate Adkins,TE,00-0038783,1.0,0.0,0.0,0.0,0.0,0.0,0.0,0.0,0.0,0.0,0.0,0.0,0.0,72.0,43.05,26.37,326.7,130.4,2.797440553223292,0.7884241332430273,1.076242597597269,1.0,1.0
2025,18,0.0,2025_18_LAC_DEN,Denver Broncos,Courtland Sutton,WR,00-0034348,1.0,0.0,0.0,0.0,0.0,0.0,0.0,0.0,10.03,5.87,61.5,0.63,0.4666,72.0,43.05,26.37,326.7,130.4,2.797440553223292,0.7884241332430273,1.076242597597269,1.0,1.0
2025,18,0.0,2025_18_LAC_DEN,Denver Broncos,Troy Franklin,WR,00-0039868,1.0,0.0,0.0,0.0,0.0,0.0,0.0,0.0,7.55,4.42,47.6,0.48,0.3829,72.0,43.05,26.37,326.7,130.4,2.797440553223292,0.7884241332430273,1.076242597597269,1.0,1.0
2025,18,0.0,2025_18_LAC_DEN,Denver Broncos,Pat Bryant,WR,00-0040134,1.0,0.0,0.0,0.0,0.0,0.0,0.0,0.0,5.04,3.25,37.0,0.32,0.2723,72.0,43.05,26.37,326.7,130.4,2.797440553223292,0.7884241332430273,1.076242597597269,1.0,1.0
2025,18,0.0,2025_18_LAC_DEN,Denver Broncos,Lil'Jordan Humphrey,WR,00-0035406,1.0,0.0,0.0,0.0,0.0,0.0,0.0,0.0,0.0,0.0,0.0,0.0,0.0,72.0,43.05,26.37,326.7,130.4,2.797440553223292,0.7884241332430273,1.076242597597269,1.0,1.0
2025,18,0.0,2025_18_LAC_DEN,Denver Broncos,Marvin Mims Jr.,WR,00-0038976,1.0,0.0,0.0,0.0,0.0,0.0,0.0,0.0,0.0,0.0,0.0,0.0,0.0,72.0,43.05,26.37,326.7,130.4,2.797440553223292,0.7884241332430273,1.076242597597269,1.0,1.0
2025,18,0.0,2025_18_LAC_DEN,Los Angeles Chargers,Justin Herbert,QB,00-0036355,1.0,43.59,236.3,1.49,1.16,4.71,12.8,0.07,0.0,0.0,0.0,0.0,0.0717,72.0,46.27,21.6,259.6,78.9,1.7332353864724055,0.329209175945832,1.1566902720672245,0.0,0.0
2025,18,0.0,2025_18_LAC_DEN,Los Angeles Chargers,Omarion Hampton,RB,00-0040666,1.0,0.0,0.0,0.0,0.0,10.86,35.5,0.21,5.21,3.97,19.3,0.19,0.3275,72.0,46.27,21.6,259.6,78.9,1.7332353864724055,0.329209175945832,1.1566902720672245,0.0,0.0
2025,18,0.0,2025_18_LAC_DEN,Los Angeles Chargers,Kimani Vidal,RB,00-0039391,1.0,0.0,0.0,0.0,0.0,6.03,19.5,0.07,3.24,2.03,11.4,0.12,0.1767,72.0,46.27,21.6,259.6,78.9,1.7332353864724055,0.329209175945832,1.1566902720672245,1.0,1.0
2025,18,0.0,2025_18_LAC_DEN,Los Angeles Chargers,Hassan Haskins,RB,00-0037617,1.0,0.0,0.0,0.0,0.0,0.0,0.0,0.0,0.0,0.0,0.0,0.0,0.0,72.0,46.27,21.6,259.6,78.9,1.7332353864724055,0.329209175945832,1.1566902720672245,1.0,1.0
2025,18,0.0,2025_18_LAC_DEN,Los Angeles Chargers,Jaret Patterson,RB,00-0036755,1.0,0.0,0.0,0.0,0.0,0.0,0.0,0.0,0.0,0.0,0.0,0.0,0.0,72.0,46.27,21.6,259.6,78.9,1.7332353864724055,0.329209175945832,1.1566902720672245,1.0,1.0
2025,18,0.0,2025_18_LAC_DEN,Los Angeles Chargers,Oronde Gadsden,TE,None,1.0,0.0,0.0,0.0,0.0,0.0,0.0,0.0,9.01,6.41,71.3,0.34,0.2865,72.0,46.27,21.6,259.6,78.9,1.7332353864724055,0.329209175945832,1.1566902720672245,0.0,0.0
2025,18,0.0,2025_18_LAC_DEN,Los Angeles Chargers,Will Dissly,TE,00-0034159,1.0,0.0,0.0,0.0,0.0,0.0,0.0,0.0,4.66,3.62,20.1,0.16,0.1453,72.0,46.27,21.6,259.6,78.9,1.7332353864724055,0.329209175945832,1.1566902720672245,1.0,1.0
2025,18,0.0,2025_18_LAC_DEN,Los Angeles Chargers,Stevo Klotz,TE,00-0040469,1.0,0.0,0.0,0.0,0.0,0.0,0.0,0.0,0.0,0.0,0.0,0.0,0.0,72.0,46.27,21.6,259.6,78.9,1.7332353864724055,0.329209175945832,1.1566902720672245,0.0,0.0
2025,18,0.0,2025_18_LAC_DEN,Los Angeles Chargers,Tyler Conklin,TE,00-0034270,1.0,0.0,0.0,0.0,0.0,0.0,0.0,0.0,0.0,0.0,0.0,0.0,0.0,72.0,46.27,21.6,259.6,78.9,1.7332353864724055,0.329209175945832,1.1566902720672245,1.0,1.0
2025,18,0.0,2025_18_LAC_DEN,Los Angeles Chargers,Ladd McConkey,WR,00-0039915,1.0,0.0,0.0,0.0,0.0,0.0,0.0,0.0,10.71,7.06,48.8,0.37,0.3088,72.0,46.27,21.6,259.6,78.9,1.7332353864724055,0.329209175945832,1.1566902720672245,1.0,1.0
2025,18,0.0,2025_18_LAC_DEN,Los Angeles Chargers,Quentin Johnston,WR,00-0038544,1.0,0.0,0.0,0.0,0.0,0.0,0.0,0.0,8.07,4.42,33.7,0.29,0.2489,72.0,46.27,21.6,259.6,78.9,1.7332353864724055,0.329209175945832,1.1566902720672245,1.0,1.0
2025,18,0.0,2025_18_LAC_DEN,Los Angeles Chargers,Keenan Allen,WR,00-0030279,1.0,0.0,0.0,0.0,0.0,0.0,0.0,0.0,5.38,3.48,21.5,0.19,0.1738,72.0,46.27,21.6,259.6,78.9,1.7332353864724055,0.329209175945832,1.1566902720672245,1.0,1.0
2025,18,0.0,2025_18_LAC_DEN,Los Angeles Chargers,Derius Davis,WR,00-0038573,1.0,0.0,0.0,0.0,0.0,0.0,0.0,0.0,0.0,0.0,0.0,0.0,0.0,72.0,46.27,21.6,259.6,78.9,1.7332353864724055,0.329209175945832,1.1566902720672245,1.0,1.0
2025,18,0.0,2025_18_LAC_DEN,Los Angeles Chargers,KeAndre Lambert-Smith,WR,00-0040184,1.0,0.0,0.0,0.0,0.0,0.0,0.0,0.0,0.0,0.0,0.0,0.0,0.0,72.0,46.27,21.6,259.6,78.9,1.7332353864724055,0.329209175945832,1.1566902720672245,1.0,1.0
2025,18,0.0,2025_18_LAC_DEN,Los Angeles Chargers,Tre Harris,WR,00-0040727,1.0,0.0,0.0,0.0,0.0,0.0,0.0,0.0,0.0,0.0,0.0,0.0,0.0,72.0,46.27,21.6,259.6,78.9,1.7332353864724055,0.329209175945832,1.1566902720672245,1.0,1.0
2025,18,0.0,2025_18_MIA_NE,Miami Dolphins,Quinn Ewers,QB,00-0040234,1.0,26.34,182.4,1.2,0.64,0.76,3.2,0.02,0.0,0.0,0.0,0.0,0.0192,56.43,25.47,29.26,193.3,144.7,1.3263281566696612,0.7997999376982123,0.6367854591615035,1.0,1.0
2025,18,0.0,2025_18_MIA_NE,Miami Dolphins,De'Von Achane,RB,00-0039040,1.0,0.0,0.0,0.0,0.0,18.32,77.9,0.6,3.03,2.14,12.7,0.16,0.5334,56.43,25.47,29.26,193.3,144.7,1.3263281566696612,0.7997999376982123,0.6367854591615035,0.0,0.0
2025,18,0.0,2025_18_MIA_NE,Miami Dolphins,Jaylen Wright,RB,00-0039874,1.0,0.0,0.0,0.0,0.0,10.18,45.9,0.21,1.89,1.08,9.4,0.1,0.2624,56.43,25.47,29.26,193.3,144.7,1.3263281566696612,0.7997999376982123,0.6367854591615035,1.0,1.0
2025,18,0.0,2025_18_MIA_NE,Miami Dolphins,Donovan Edwards,RB,00-0040400,1.0,0.0,0.0,0.0,0.0,0.0,0.0,0.0,0.0,0.0,0.0,0.0,0.0,56.43,25.47,29.26,193.3,144.7,1.3263281566696612,0.7997999376982123,0.6367854591615035,1.0,1.0
2025,18,0.0,2025_18_MIA_NE,Miami Dolphins,Jeff Wilson,RB,00-0034115,1.0,0.0,0.0,0.0,0.0,0.0,0.0,0.0,0.0,0.0,0.0,0.0,0.0,56.43,25.47,29.26,193.3,144.7,1.3263281566696612,0.7997999376982123,0.6367854591615035,1.0,1.0
2025,18,0.0,2025_18_MIA_NE,Miami Dolphins,Ollie Gordon II,RB,00-0040198,1.0,0.0,0.0,0.0,0.0,0.0,0.0,0.0,0.0,0.0,0.0,0.0,0.0,56.43,25.47,29.26,193.3,144.7,1.3263281566696612,0.7997999376982123,0.6367854591615035,1.0,1.0
2025,18,0.0,2025_18_MIA_NE,Miami Dolphins,Greg Dulcich,TE,00-0037252,1.0,0.0,0.0,0.0,0.0,0.0,0.0,0.0,5.05,3.21,32.6,0.24,0.2132,56.43,25.47,29.26,193.3,144.7,1.3263281566696612,0.7997999376982123,0.6367854591615035,1.0,1.0
2025,18,0.0,2025_18_MIA_NE,Miami Dolphins,Julian Hill,TE,00-0038720,1.0,0.0,0.0,0.0,0.0,0.0,0.0,0.0,2.61,1.73,17.5,0.13,0.1259,56.43,25.47,29.26,193.3,144.7,1.3263281566696612,0.7997999376982123,0.6367854591615035,1.0,1.0
2025,18,0.0,2025_18_MIA_NE,Miami Dolphins,Jaylen Waddle,WR,00-0036613,1.0,0.0,0.0,0.0,0.0,0.0,0.0,0.0,5.67,3.5,33.9,0.27,0.2361,56.43,25.47,29.26,193.3,144.7,1.3263281566696612,0.7997999376982123,0.6367854591615035,0.0,0.0
2025,18,0.0,2025_18_MIA_NE,Miami Dolphins,Malik Washington,WR,00-0039880,1.0,0.0,0.0,0.0,0.0,0.0,0.0,0.0,4.27,2.94,29.7,0.21,0.1923,56.43,25.47,29.26,193.3,144.7,1.3263281566696612,0.7997999376982123,0.6367854591615035,1.0,1.0
2025,18,0.0,2025_18_MIA_NE,Miami Dolphins,Cedrick Wilson Jr.,WR,00-0034418,1.0,0.0,0.0,0.0,0.0,0.0,0.0,0.0,2.85,1.68,18.3,0.14,0.1283,56.43,25.47,29.26,193.3,144.7,1.3263281566696612,0.7997999376982123,0.6367854591615035,1.0,1.0
2025,18,0.0,2025_18_MIA_NE,Miami Dolphins,A.J. Henning,WR,00-0040302,1.0,0.0,0.0,0.0,0.0,0.0,0.0,0.0,0.0,0.0,0.0,0.0,0.0,56.43,25.47,29.26,193.3,144.7,1.3263281566696612,0.7997999376982123,0.6367854591615035,0.0,0.0
2025,18,0.0,2025_18_MIA_NE,Miami Dolphins,Nick Westbrook-Ikhine,WR,00-0036182,1.0,0.0,0.0,0.0,0.0,0.0,0.0,0.0,0.0,0.0,0.0,0.0,0.0,56.43,25.47,29.26,193.3,144.7,1.3263281566696612,0.7997999376982123,0.6367854591615035,1.0,1.0
2025,18,0.0,2025_18_MIA_NE,Miami Dolphins,Tahj Washington,WR,00-0039884,1.0,0.0,0.0,0.0,0.0,0.0,0.0,0.0,0.0,0.0,0.0,0.0,0.0,56.43,25.47,29.26,193.3,144.7,1.3263281566696612,0.7997999376982123,0.6367854591615035,1.0,1.0
2025,18,0.0,2025_18_MIA_NE,Miami Dolphins,Theo Wease Jr.,WR,00-0040311,1.0,0.0,0.0,0.0,0.0,0.0,0.0,0.0,0.0,0.0,0.0,0.0,0.0,56.43,25.47,29.26,193.3,144.7,1.3263281566696612,0.7997999376982123,0.6367854591615035,1.0,1.0
2025,18,0.0,2025_18_MIA_NE,New England Patriots,Drake Maye,QB,00-0039851,1.0,32.92,214.7,1.55,0.84,7.99,30.0,0.25,0.0,0.0,0.0,0.0,0.2225,72.0,33.45,36.0,253.9,178.0,2.0333884774511857,1.122090267801374,0.836168985704561,1.0,1.0
2025,18,0.0,2025_18_MIA_NE,New England Patriots,TreVeyon Henderson,RB,00-0040734,1.0,0.0,0.0,0.0,0.0,18.01,80.3,0.69,3.99,2.85,20.6,0.24,0.6055,72.0,33.45,36.0,253.9,178.0,2.0333884774511857,1.122090267801374,0.836168985704561,1.0,1.0
2025,18,0.0,2025_18_MIA_NE,New England Patriots,Rhamondre Stevenson,RB,00-0036875,1.0,0.0,0.0,0.0,0.0,10.0,42.5,0.24,2.48,1.65,10.4,0.15,0.3284,72.0,33.45,36.0,253.9,178.0,2.0333884774511857,1.122090267801374,0.836168985704561,1.0,1.0
2025,18,0.0,2025_18_MIA_NE,New England Patriots,D'Ernest Johnson,RB,00-0035628,1.0,0.0,0.0,0.0,0.0,0.0,0.0,0.0,0.0,0.0,0.0,0.0,0.0,72.0,33.45,36.0,253.9,178.0,2.0333884774511857,1.122090267801374,0.836168985704561,1.0,1.0
2025,18,0.0,2025_18_MIA_NE,New England Patriots,Hunter Henry,TE,00-0033090,1.0,0.0,0.0,0.0,0.0,0.0,0.0,0.0,6.6,4.7,41.4,0.38,0.313,72.0,33.45,36.0,253.9,178.0,2.0333884774511857,1.122090267801374,0.836168985704561,1.0,1.0
2025,18,0.0,2025_18_MIA_NE,New England Patriots,Austin Hooper,TE,00-0032392,1.0,0.0,0.0,0.0,0.0,0.0,0.0,0.0,3.41,2.47,20.1,0.19,0.1737,72.0,33.45,36.0,253.9,178.0,2.0333884774511857,1.122090267801374,0.836168985704561,1.0,1.0
2025,18,0.0,2025_18_MIA_NE,New England Patriots,CJ Dippre,TE,00-0040566,1.0,0.0,0.0,0.0,0.0,0.0,0.0,0.0,0.0,0.0,0.0,0.0,0.0,72.0,33.45,36.0,253.9,178.0,2.0333884774511857,1.122090267801374,0.836168985704561,1.0,1.0
2025,18,0.0,2025_18_MIA_NE,New England Patriots,Cole Fotheringham,TE,00-0037506,1.0,0.0,0.0,0.0,0.0,0.0,0.0,0.0,0.0,0.0,0.0,0.0,0.0,72.0,33.45,36.0,253.9,178.0,2.0333884774511857,1.122090267801374,0.836168985704561,0.0,0.0
2025,18,0.0,2025_18_MIA_NE,New England Patriots,Stefon Diggs,WR,00-0031588,1.0,0.0,0.0,0.0,0.0,0.0,0.0,0.0,7.42,5.17,46.4,0.42,0.3409,72.0,33.45,36.0,253.9,178.0,2.0333884774511857,1.122090267801374,0.836168985704561,1.0,1.0
2025,18,0.0,2025_18_MIA_NE,New England Patriots,Kayshon Boutte,WR,00-0038608,1.0,0.0,0.0,0.0,0.0,0.0,0.0,0.0,5.59,3.34,36.2,0.31,0.269,72.0,33.45,36.0,253.9,178.0,2.0333884774511857,1.122090267801374,0.836168985704561,1.0,1.0
2025,18,0.0,2025_18_MIA_NE,New England Patriots,Kyle Williams,WR,00-0040131,1.0,0.0,0.0,0.0,0.0,0.0,0.0,0.0,3.72,2.07,32.0,0.21,0.1929,72.0,33.45,36.0,253.9,178.0,2.0333884774511857,1.122090267801374,0.836168985704561,1.0,1.0
2025,18,0.0,2025_18_MIA_NE,New England Patriots,DeMario Douglas,WR,00-0038621,1.0,0.0,0.0,0.0,0.0,0.0,0.0,0.0,0.0,0.0,0.0,0.0,0.0,72.0,33.45,36.0,253.9,178.0,2.0333884774511857,1.122090267801374,0.836168985704561,1.0,1.0
2025,18,0.0,2025_18_MIA_NE,New England Patriots,Efton Chism III,WR,00-0040563,1.0,0.0,0.0,0.0,0.0,0.0,0.0,0.0,0.0,0.0,0.0,0.0,0.0,72.0,33.45,36.0,253.9,178.0,2.0333884774511857,1.122090267801374,0.836168985704561,1.0,1.0
2025,18,0.0,2025_18_NO_ATL,Atlanta Falcons,Kirk Cousins,QB,00-0029604,1.0,33.78,211.0,1.52,0.76,4.02,13.8,0.15,0.0,0.0,0.0,0.0,0.1399,72.0,30.43,39.6,201.3,170.6,1.7499687451404042,1.474079569503359,0.7607103516068053,1.0,1.0
2025,18,0.0,2025_18_NO_ATL,Atlanta Falcons,Bijan Robinson,RB,00-0038542,1.0,0.0,0.0,0.0,0.0,22.88,81.5,1.01,3.57,2.4,13.7,0.21,0.7045,72.0,30.43,39.6,201.3,170.6,1.7499687451404042,1.474079569503359,0.7607103516068053,1.0,1.0
2025,18,0.0,2025_18_NO_ATL,Atlanta Falcons,Tyler Allgeier,RB,00-0037263,1.0,0.0,0.0,0.0,0.0,12.71,45.4,0.38,2.22,1.57,8.8,0.12,0.3939,72.0,30.43,39.6,201.3,170.6,1.7499687451404042,1.474079569503359,0.7607103516068053,1.0,1.0
2025,18,0.0,2025_18_NO_ATL,Atlanta Falcons,Nate Carter,RB,00-0040547,1.0,0.0,0.0,0.0,0.0,0.0,0.0,0.0,0.0,0.0,0.0,0.0,0.0,72.0,30.43,39.6,201.3,170.6,1.7499687451404042,1.474079569503359,0.7607103516068053,1.0,1.0
2025,18,0.0,2025_18_NO_ATL,Atlanta Falcons,Kyle Pitts Sr.,TE,None,1.0,0.0,0.0,0.0,0.0,0.0,0.0,0.0,5.92,4.0,51.7,0.34,0.2884,72.0,30.43,39.6,201.3,170.6,1.7499687451404042,1.474079569503359,0.7607103516068053,0.0,0.0
2025,18,0.0,2025_18_NO_ATL,Atlanta Falcons,Charlie Woerner,TE,00-0036429,1.0,0.0,0.0,0.0,0.0,0.0,0.0,0.0,3.06,2.22,20.6,0.17,0.1525,72.0,30.43,39.6,201.3,170.6,1.7499687451404042,1.474079569503359,0.7607103516068053,1.0,1.0
2025,18,0.0,2025_18_NO_ATL,Atlanta Falcons,Feleipe Franks,TE,00-0036825,1.0,0.0,0.0,0.0,0.0,0.0,0.0,0.0,0.0,0.0,0.0,0.0,0.0,72.0,30.43,39.6,201.3,170.6,1.7499687451404042,1.474079569503359,0.7607103516068053,1.0,1.0
2025,18,0.0,2025_18_NO_ATL,Atlanta Falcons,Teagan Quitoriano,TE,00-0037277,1.0,0.0,0.0,0.0,0.0,0.0,0.0,0.0,0.0,0.0,0.0,0.0,0.0,72.0,30.43,39.6,201.3,170.6,1.7499687451404042,1.474079569503359,0.7607103516068053,1.0,1.0
2025,18,0.0,2025_18_NO_ATL,Atlanta Falcons,Drake London,WR,00-0037238,1.0,0.0,0.0,0.0,0.0,0.0,0.0,0.0,6.87,4.17,36.7,0.38,0.3166,72.0,30.43,39.6,201.3,170.6,1.7499687451404042,1.474079569503359,0.7607103516068053,1.0,1.0
2025,18,0.0,2025_18_NO_ATL,Atlanta Falcons,Darnell Mooney,WR,00-0036309,1.0,0.0,0.0,0.0,0.0,0.0,0.0,0.0,5.17,2.84,27.7,0.27,0.2367,72.0,30.43,39.6,201.3,170.6,1.7499687451404042,1.474079569503359,0.7607103516068053,1.0,1.0
2025,18,0.0,2025_18_NO_ATL,Atlanta Falcons,David Sills V,WR,None,1.0,0.0,0.0,0.0,0.0,0.0,0.0,0.0,3.45,2.19,33.3,0.2,0.1799,72.0,30.43,39.6,201.3,170.6,1.7499687451404042,1.474079569503359,0.7607103516068053,0.0,0.0
2025,18,0.0,2025_18_NO_ATL,Atlanta Falcons,Casey Washington,WR,00-0039394,1.0,0.0,0.0,0.0,0.0,0.0,0.0,0.0,0.0,0.0,0.0,0.0,0.0,72.0,30.43,39.6,201.3,170.6,1.7499687451404042,1.474079569503359,0.7607103516068053,0.0,0.0
2025,18,0.0,2025_18_NO_ATL,Atlanta Falcons,Chris Blair,WR,00-0036463,1.0,0.0,0.0,0.0,0.0,0.0,0.0,0.0,0.0,0.0,0.0,0.0,0.0,72.0,30.43,39.6,201.3,170.6,1.7499687451404042,1.474079569503359,0.7607103516068053,0.0,0.0
2025,18,0.0,2025_18_NO_ATL,Atlanta Falcons,Deven Thompkins,WR,00-0037487,1.0,0.0,0.0,0.0,0.0,0.0,0.0,0.0,0.0,0.0,0.0,0.0,0.0,72.0,30.43,39.6,201.3,170.6,1.7499687451404042,1.474079569503359,0.7607103516068053,1.0,1.0
2025,18,0.0,2025_18_NO_ATL,Atlanta Falcons,Dylan Drummond,WR,00-0038953,1.0,0.0,0.0,0.0,0.0,0.0,0.0,0.0,0.0,0.0,0.0,0.0,0.0,72.0,30.43,39.6,201.3,170.6,1.7499687451404042,1.474079569503359,0.7607103516068053,1.0,1.0
2025,18,0.0,2025_18_NO_ATL,New Orleans Saints,Tyler Shough,QB,00-0040743,1.0,41.47,287.1,2.09,1.0,1.87,7.4,0.05,0.0,0.0,0.0,0.0,0.051,69.55,40.1,26.25,304.3,129.8,2.307208831890718,0.7089573991251577,1.002380812060355,1.0,1.0
2025,18,0.0,2025_18_NO_ATL,New Orleans Saints,Alvin Kamara,RB,00-0033906,1.0,0.0,0.0,0.0,0.0,15.67,66.2,0.5,4.71,3.31,19.1,0.27,0.5377,69.55,40.1,26.25,304.3,129.8,2.307208831890718,0.7089573991251577,1.002380812060355,0.0,0.0
2025,18,0.0,2025_18_NO_ATL,New Orleans Saints,Audric Estime,RB,None,1.0,0.0,0.0,0.0,0.0,8.71,44.3,0.17,2.93,1.88,17.1,0.17,0.2903,69.55,40.1,26.25,304.3,129.8,2.307208831890718,0.7089573991251577,1.002380812060355,0.0,1.0
2025,18,0.0,2025_18_NO_ATL,New Orleans Saints,Evan Hull,RB,00-0038397,1.0,0.0,0.0,0.0,0.0,0.0,0.0,0.0,0.0,0.0,0.0,0.0,0.0,69.55,40.1,26.25,304.3,129.8,2.307208831890718,0.7089573991251577,1.002380812060355,1.0,1.0
2025,18,0.0,2025_18_NO_ATL,New Orleans Saints,Nyheim Hines,RB,00-0034367,1.0,0.0,0.0,0.0,0.0,0.0,0.0,0.0,0.0,0.0,0.0,0.0,0.0,69.55,40.1,26.25,304.3,129.8,2.307208831890718,0.7089573991251577,1.002380812060355,1.0,1.0
2025,18,0.0,2025_18_NO_ATL,New Orleans Saints,Juwan Johnson,TE,00-0036040,1.0,0.0,0.0,0.0,0.0,0.0,0.0,0.0,7.63,5.2,44.0,0.39,0.323,69.55,40.1,26.25,304.3,129.8,2.307208831890718,0.7089573991251577,1.002380812060355,1.0,1.0
2025,18,0.0,2025_18_NO_ATL,New Orleans Saints,Moliki Matavao,TE,00-0040244,1.0,0.0,0.0,0.0,0.0,0.0,0.0,0.0,0.0,0.0,0.0,0.0,0.0,69.55,40.1,26.25,304.3,129.8,2.307208831890718,0.7089573991251577,1.002380812060355,1.0,1.0
2025,18,0.0,2025_18_NO_ATL,New Orleans Saints,Treyton Welch,TE,00-0039518,1.0,0.0,0.0,0.0,0.0,0.0,0.0,0.0,0.0,0.0,0.0,0.0,0.0,69.55,40.1,26.25,304.3,129.8,2.307208831890718,0.7089573991251577,1.002380812060355,1.0,1.0
2025,18,0.0,2025_18_NO_ATL,New Orleans Saints,Chris Olave,WR,00-0037239,1.0,0.0,0.0,0.0,0.0,0.0,0.0,0.0,9.26,5.7,57.3,0.48,0.3834,69.55,40.1,26.25,304.3,129.8,2.307208831890718,0.7089573991251577,1.002380812060355,0.0,0.0
2025,18,0.0,2025_18_NO_ATL,New Orleans Saints,Kevin Austin Jr.,WR,00-0037231,1.0,0.0,0.0,0.0,0.0,0.0,0.0,0.0,6.97,3.84,53.7,0.37,0.3124,69.55,40.1,26.25,304.3,129.8,2.307208831890718,0.7089573991251577,1.002380812060355,1.0,1.0
2025,18,0.0,2025_18_NO_ATL,New Orleans Saints,Dante Pettis,WR,00-0034860,1.0,0.0,0.0,0.0,0.0,0.0,0.0,0.0,4.65,2.41,32.2,0.25,0.2235,69.55,40.1,26.25,304.3,129.8,2.307208831890718,0.7089573991251577,1.002380812060355,1.0,1.0
2025,18,0.0,2025_18_NO_ATL,New Orleans Saints,Ronnie Bell,WR,00-0038647,1.0,0.0,0.0,0.0,0.0,0.0,0.0,0.0,0.0,0.0,0.0,0.0,0.0,69.55,40.1,26.25,304.3,129.8,2.307208831890718,0.7089573991251577,1.002380812060355,1.0,1.0
2025,18,0.0,2025_18_NO_ATL,New Orleans Saints,Samori Toure,WR,00-0037098,1.0,0.0,0.0,0.0,0.0,0.0,0.0,0.0,0.0,0.0,0.0,0.0,0.0,69.55,40.1,26.25,304.3,129.8,2.307208831890718,0.7089573991251577,1.002380812060355,1.0,1.0
2025,18,0.0,2025_18_NYJ_BUF,Buffalo Bills,Josh Allen,QB,00-0034857,1.0,36.66,204.7,1.89,0.92,7.92,20.4,0.28,0.0,0.0,0.0,0.0,0.2412,65.0,36.61,26.0,205.4,95.0,2.3377128417388118,0.8313308668550565,0.9152402845702655,1.0,1.0
2025,18,0.0,2025_18_NYJ_BUF,Buffalo Bills,James Cook III,RB,None,1.0,0.0,0.0,0.0,0.0,11.62,46.3,0.45,4.32,2.77,21.0,0.28,0.5176,65.0,36.61,26.0,205.4,95.0,2.3377128417388118,0.8313308668550565,0.9152402845702655,0.0,0.0
2025,18,0.0,2025_18_NYJ_BUF,Buffalo Bills,Ty Johnson,RB,00-0035537,1.0,0.0,0.0,0.0,0.0,6.46,21.6,0.17,2.69,1.54,10.0,0.17,0.2846,65.0,36.61,26.0,205.4,95.0,2.3377128417388118,0.8313308668550565,0.9152402845702655,1.0,1.0
2025,18,0.0,2025_18_NYJ_BUF,Buffalo Bills,Ray Davis,RB,00-0039875,1.0,0.0,0.0,0.0,0.0,0.0,0.0,0.0,0.0,0.0,0.0,0.0,0.0,65.0,36.61,26.0,205.4,95.0,2.3377128417388118,0.8313308668550565,0.9152402845702655,1.0,1.0
2025,18,0.0,2025_18_NYJ_BUF,Buffalo Bills,Dalton Kincaid,TE,00-0038933,1.0,0.0,0.0,0.0,0.0,0.0,0.0,0.0,7.09,5.06,30.5,0.41,0.3341,65.0,36.61,26.0,205.4,95.0,2.3377128417388118,0.8313308668550565,0.9152402845702655,1.0,1.0
2025,18,0.0,2025_18_NYJ_BUF,Buffalo Bills,Dawson Knox,TE,00-0035689,1.0,0.0,0.0,0.0,0.0,0.0,0.0,0.0,3.66,2.6,15.5,0.23,0.2049,65.0,36.61,26.0,205.4,95.0,2.3377128417388118,0.8313308668550565,0.9152402845702655,1.0,1.0
2025,18,0.0,2025_18_NYJ_BUF,Buffalo Bills,Jackson Hawes,TE,00-0040194,1.0,0.0,0.0,0.0,0.0,0.0,0.0,0.0,0.0,0.0,0.0,0.0,0.0,65.0,36.61,26.0,205.4,95.0,2.3377128417388118,0.8313308668550565,0.9152402845702655,1.0,1.0
2025,18,0.0,2025_18_NYJ_BUF,Buffalo Bills,Keleki Latu,TE,00-0040363,1.0,0.0,0.0,0.0,0.0,0.0,0.0,0.0,0.0,0.0,0.0,0.0,0.0,65.0,36.61,26.0,205.4,95.0,2.3377128417388118,0.8313308668550565,0.9152402845702655,1.0,1.0
2025,18,0.0,2025_18_NYJ_BUF,Buffalo Bills,Khalil Shakir,WR,00-0037261,1.0,0.0,0.0,0.0,0.0,0.0,0.0,0.0,8.31,6.04,38.2,0.49,0.3901,65.0,36.61,26.0,205.4,95.0,2.3377128417388118,0.8313308668550565,0.9152402845702655,1.0,1.0
2025,18,0.0,2025_18_NYJ_BUF,Buffalo Bills,Brandin Cooks,WR,00-0031236,1.0,0.0,0.0,0.0,0.0,0.0,0.0,0.0,6.26,3.72,29.4,0.37,0.3102,65.0,36.61,26.0,205.4,95.0,2.3377128417388118,0.8313308668550565,0.9152402845702655,0.0,0.0
2025,18,0.0,2025_18_NYJ_BUF,Buffalo Bills,Joshua Palmer,WR,None,1.0,0.0,0.0,0.0,0.0,0.0,0.0,0.0,4.17,2.66,35.0,0.27,0.2339,65.0,36.61,26.0,205.4,95.0,2.3377128417388118,0.8313308668550565,0.9152402845702655,0.0,0.0
2025,18,0.0,2025_18_NYJ_BUF,Buffalo Bills,David White,WR,00-0039562,1.0,0.0,0.0,0.0,0.0,0.0,0.0,0.0,0.0,0.0,0.0,0.0,0.0,65.0,36.61,26.0,205.4,95.0,2.3377128417388118,0.8313308668550565,0.9152402845702655,1.0,1.0
2025,18,0.0,2025_18_NYJ_BUF,Buffalo Bills,Gabe Davis,WR,00-0036196,1.0,0.0,0.0,0.0,0.0,0.0,0.0,0.0,0.0,0.0,0.0,0.0,0.0,65.0,36.61,26.0,205.4,95.0,2.3377128417388118,0.8313308668550565,0.9152402845702655,1.0,1.0
2025,18,0.0,2025_18_NYJ_BUF,Buffalo Bills,Keon Coleman,WR,00-0039901,1.0,0.0,0.0,0.0,0.0,0.0,0.0,0.0,0.0,0.0,0.0,0.0,0.0,65.0,36.61,26.0,205.4,95.0,2.3377128417388118,0.8313308668550565,0.9152402845702655,1.0,1.0
2025,18,0.0,2025_18_NYJ_BUF,Buffalo Bills,Tyrell Shavers,WR,00-0038679,1.0,0.0,0.0,0.0,0.0,0.0,0.0,0.0,0.0,0.0,0.0,0.0,0.0,65.0,36.61,26.0,205.4,95.0,2.3377128417388118,0.8313308668550565,0.9152402845702655,1.0,1.0
2025,18,0.0,2025_18_NYJ_BUF,New York Jets,Brady Cook,QB,00-0040398,1.0,29.55,164.6,1.34,0.71,0.66,2.2,0.01,0.0,0.0,0.0,0.0,0.0145,55.0,28.58,24.06,174.5,95.7,1.4804597378245012,0.577083190941786,0.7144317395708284,1.0,1.0
2025,18,0.0,2025_18_NYJ_BUF,New York Jets,Breece Hall,RB,00-0038120,1.0,0.0,0.0,0.0,0.0,15.04,50.3,0.41,3.42,2.15,11.2,0.18,0.4456,55.0,28.58,24.06,174.5,95.7,1.4804597378245012,0.577083190941786,0.7144317395708284,0.0,0.0
2025,18,0.0,2025_18_NYJ_BUF,New York Jets,Khalil Herbert,RB,00-0036906,1.0,0.0,0.0,0.0,0.0,8.36,28.5,0.15,2.13,1.33,7.5,0.11,0.233,55.0,28.58,24.06,174.5,95.7,1.4804597378245012,0.577083190941786,0.7144317395708284,1.0,1.0
2025,18,0.0,2025_18_NYJ_BUF,New York Jets,Kene Nwangwu,RB,00-0036842,1.0,0.0,0.0,0.0,0.0,0.0,0.0,0.0,0.0,0.0,0.0,0.0,0.0,55.0,28.58,24.06,174.5,95.7,1.4804597378245012,0.577083190941786,0.7144317395708284,1.0,1.0
2025,18,0.0,2025_18_NYJ_BUF,New York Jets,Raheem Blackshear,RB,00-0037429,1.0,0.0,0.0,0.0,0.0,0.0,0.0,0.0,0.0,0.0,0.0,0.0,0.0,55.0,28.58,24.06,174.5,95.7,1.4804597378245012,0.577083190941786,0.7144317395708284,1.0,1.0
2025,18,0.0,2025_18_NYJ_BUF,New York Jets,Jeremy Ruckert,TE,00-0037805,1.0,0.0,0.0,0.0,0.0,0.0,0.0,0.0,5.41,3.95,28.4,0.25,0.2228,55.0,28.58,24.06,174.5,95.7,1.4804597378245012,0.577083190941786,0.7144317395708284,1.0,1.0
2025,18,0.0,2025_18_NYJ_BUF,New York Jets,Stone Smartt,TE,00-0037475,1.0,0.0,0.0,0.0,0.0,0.0,0.0,0.0,2.8,2.0,15.1,0.13,0.1216,55.0,28.58,24.06,174.5,95.7,1.4804597378245012,0.577083190941786,0.7144317395708284,1.0,1.0
2025,18,0.0,2025_18_NYJ_BUF,New York Jets,Jelani Woods,TE,00-0037755,1.0,0.0,0.0,0.0,0.0,0.0,0.0,0.0,0.0,0.0,0.0,0.0,0.0,55.0,28.58,24.06,174.5,95.7,1.4804597378245012,0.577083190941786,0.7144317395708284,0.0,0.0
2025,18,0.0,2025_18_NYJ_BUF,New York Jets,John Metchie III,WR,00-0037614,1.0,0.0,0.0,0.0,0.0,0.0,0.0,0.0,6.57,4.2,36.5,0.33,0.279,55.0,28.58,24.06,174.5,95.7,1.4804597378245012,0.577083190941786,0.7144317395708284,1.0,1.0
2025,18,0.0,2025_18_NYJ_BUF,New York Jets,Adonai Mitchell,WR,00-0039890,1.0,0.0,0.0,0.0,0.0,0.0,0.0,0.0,4.95,2.21,25.9,0.24,0.2149,55.0,28.58,24.06,174.5,95.7,1.4804597378245012,0.577083190941786,0.7144317395708284,1.0,1.0
2025,18,0.0,2025_18_NYJ_BUF,New York Jets,Isaiah Williams,WR,00-0039451,1.0,0.0,0.0,0.0,0.0,0.0,0.0,0.0,3.3,2.17,20.2,0.16,0.1456,55.0,28.58,24.06,174.5,95.7,1.4804597378245012,0.577083190941786,0.7144317395708284,1.0,1.0
2025,18,0.0,2025_18_NYJ_BUF,New York Jets,Allen Lazard,WR,00-0034521,1.0,0.0,0.0,0.0,0.0,0.0,0.0,0.0,0.0,0.0,0.0,0.0,0.0,55.0,28.58,24.06,174.5,95.7,1.4804597378245012,0.577083190941786,0.7144317395708284,0.0,0.0
2025,18,0.0,2025_18_NYJ_BUF,New York Jets,Arian Smith,WR,00-0040582,1.0,0.0,0.0,0.0,0.0,0.0,0.0,0.0,0.0,0.0,0.0,0.0,0.0,55.0,28.58,24.06,174.5,95.7,1.4804597378245012,0.577083190941786,0.7144317395708284,1.0,1.0
2025,18,0.0,2025_18_NYJ_BUF,New York Jets,Quentin Skinner,WR,00-0040406,1.0,0.0,0.0,0.0,0.0,0.0,0.0,0.0,0.0,0.0,0.0,0.0,0.0,55.0,28.58,24.06,174.5,95.7,1.4804597378245012,0.577083190941786,0.7144317395708284,1.0,1.0
2025,18,0.0,2025_18_SEA_SF,San Francisco 49ers,Brock Purdy,QB,00-0037834,1.0,37.37,265.1,1.8,0.97,7.19,26.2,0.22,0.0,0.0,0.0,0.0,0.1993,72.0,38.64,31.0,293.3,153.3,2.1679648971910117,0.8843732681067742,0.9659601244895172,1.0,1.0
2025,18,0.0,2025_18_SEA_SF,San Francisco 49ers,Christian McCaffrey,RB,00-0033280,1.0,0.0,0.0,0.0,0.0,15.3,63.4,0.55,4.59,3.3,18.9,0.27,0.5584,72.0,38.64,31.0,293.3,153.3,2.1679648971910117,0.8843732681067742,0.9659601244895172,1.0,1.0
2025,18,0.0,2025_18_SEA_SF,San Francisco 49ers,Brian Robinson Jr.,RB,None,1.0,0.0,0.0,0.0,0.0,8.5,44.6,0.18,2.86,1.89,17.1,0.16,0.2896,72.0,38.64,31.0,293.3,153.3,2.1679648971910117,0.8843732681067742,0.9659601244895172,0.0,0.0
2025,18,0.0,2025_18_SEA_SF,San Francisco 49ers,Jordan James,RB,00-0040177,1.0,0.0,0.0,0.0,0.0,0.0,0.0,0.0,0.0,0.0,0.0,0.0,0.0,72.0,38.64,31.0,293.3,153.3,2.1679648971910117,0.8843732681067742,0.9659601244895172,1.0,1.0
2025,18,0.0,2025_18_SEA_SF,San Francisco 49ers,George Kittle,TE,00-0033288,1.0,0.0,0.0,0.0,0.0,0.0,0.0,0.0,7.63,5.67,44.6,0.4,0.3303,72.0,38.64,31.0,293.3,153.3,2.1679648971910117,0.8843732681067742,0.9659601244895172,1.0,1.0
2025,18,0.0,2025_18_SEA_SF,San Francisco 49ers,Jake Tonges,TE,00-0037112,1.0,0.0,0.0,0.0,0.0,0.0,0.0,0.0,3.95,2.81,27.3,0.21,0.1872,72.0,38.64,31.0,293.3,153.3,2.1679648971910117,0.8843732681067742,0.9659601244895172,1.0,1.0
2025,18,0.0,2025_18_SEA_SF,San Francisco 49ers,Hayden Rucci,TE,00-0039489,1.0,0.0,0.0,0.0,0.0,0.0,0.0,0.0,0.0,0.0,0.0,0.0,0.0,72.0,38.64,31.0,293.3,153.3,2.1679648971910117,0.8843732681067742,0.9659601244895172,0.0,0.0
2025,18,0.0,2025_18_SEA_SF,San Francisco 49ers,Luke Farrell,TE,00-0036887,1.0,0.0,0.0,0.0,0.0,0.0,0.0,0.0,0.0,0.0,0.0,0.0,0.0,72.0,38.64,31.0,293.3,153.3,2.1679648971910117,0.8843732681067742,0.9659601244895172,1.0,1.0
2025,18,0.0,2025_18_SEA_SF,San Francisco 49ers,Jauan Jennings,WR,00-0036259,1.0,0.0,0.0,0.0,0.0,0.0,0.0,0.0,8.69,5.4,51.8,0.46,0.3705,72.0,38.64,31.0,293.3,153.3,2.1679648971910117,0.8843732681067742,0.9659601244895172,1.0,1.0
2025,18,0.0,2025_18_SEA_SF,San Francisco 49ers,Ricky Pearsall,WR,00-0039916,1.0,0.0,0.0,0.0,0.0,0.0,0.0,0.0,6.55,4.05,42.4,0.35,0.296,72.0,38.64,31.0,293.3,153.3,2.1679648971910117,0.8843732681067742,0.9659601244895172,0.0,0.0
2025,18,0.0,2025_18_SEA_SF,San Francisco 49ers,Demarcus Robinson,WR,00-0032775,1.0,0.0,0.0,0.0,0.0,0.0,0.0,0.0,4.36,2.53,24.6,0.24,0.2118,72.0,38.64,31.0,293.3,153.3,2.1679648971910117,0.8843732681067742,0.9659601244895172,1.0,1.0
2025,18,0.0,2025_18_SEA_SF,San Francisco 49ers,Colton Dowell,WR,00-0038632,1.0,0.0,0.0,0.0,0.0,0.0,0.0,0.0,0.0,0.0,0.0,0.0,0.0,72.0,38.64,31.0,293.3,153.3,2.1679648971910117,0.8843732681067742,0.9659601244895172,0.0,0.0
2025,18,0.0,2025_18_SEA_SF,San Francisco 49ers,Jordan Watkins,WR,00-0040172,1.0,0.0,0.0,0.0,0.0,0.0,0.0,0.0,0.0,0.0,0.0,0.0,0.0,72.0,38.64,31.0,293.3,153.3,2.1679648971910117,0.8843732681067742,0.9659601244895172,1.0,1.0
2025,18,0.0,2025_18_SEA_SF,San Francisco 49ers,Kendrick Bourne,WR,00-0033307,1.0,0.0,0.0,0.0,0.0,0.0,0.0,0.0,0.0,0.0,0.0,0.0,0.0,72.0,38.64,31.0,293.3,153.3,2.1679648971910117,0.8843732681067742,0.9659601244895172,1.0,1.0
2025,18,0.0,2025_18_SEA_SF,San Francisco 49ers,Skyy Moore,WR,00-0038090,1.0,0.0,0.0,0.0,0.0,0.0,0.0,0.0,0.0,0.0,0.0,0.0,0.0,72.0,38.64,31.0,293.3,153.3,2.1679648971910117,0.8843732681067742,0.9659601244895172,1.0,1.0
2025,18,0.0,2025_18_SEA_SF,Seattle Seahawks,Sam Darnold,QB,00-0034869,1.0,32.43,179.1,1.91,0.82,8.02,21.9,0.32,0.0,0.0,0.0,0.0,0.2733,72.0,32.63,37.66,183.0,137.7,2.4279937007088837,1.4477376985505765,0.8156574903816867,1.0,1.0
2025,18,0.0,2025_18_SEA_SF,Seattle Seahawks,Kenneth Walker III,RB,00-0038134,1.0,0.0,0.0,0.0,0.0,19.05,61.0,0.9,3.91,2.73,11.9,0.29,0.6965,72.0,32.63,37.66,183.0,137.7,2.4279937007088837,1.4477376985505765,0.8156574903816867,1.0,1.0
2025,18,0.0,2025_18_SEA_SF,Seattle Seahawks,Zach Charbonnet,RB,00-0039165,1.0,0.0,0.0,0.0,0.0,10.59,33.7,0.33,2.43,1.7,7.4,0.17,0.397,72.0,32.63,37.66,183.0,137.7,2.4279937007088837,1.4477376985505765,0.8156574903816867,1.0,1.0
2025,18,0.0,2025_18_SEA_SF,Seattle Seahawks,Cam Akers,RB,00-0036414,1.0,0.0,0.0,0.0,0.0,0.0,0.0,0.0,0.0,0.0,0.0,0.0,0.0,72.0,32.63,37.66,183.0,137.7,2.4279937007088837,1.4477376985505765,0.8156574903816867,1.0,1.0
2025,18,0.0,2025_18_SEA_SF,Seattle Seahawks,AJ Barner,TE,00-0039793,1.0,0.0,0.0,0.0,0.0,0.0,0.0,0.0,6.39,5.07,31.3,0.45,0.3649,72.0,32.63,37.66,183.0,137.7,2.4279937007088837,1.4477376985505765,0.8156574903816867,1.0,1.0
2025,18,0.0,2025_18_SEA_SF,Seattle Seahawks,Eric Saubert,TE,00-0033576,1.0,0.0,0.0,0.0,0.0,0.0,0.0,0.0,3.3,2.35,17.0,0.24,0.2151,72.0,32.63,37.66,183.0,137.7,2.4279937007088837,1.4477376985505765,0.8156574903816867,1.0,1.0
2025,18,0.0,2025_18_SEA_SF,Seattle Seahawks,Jaxon Smith-Njigba,WR,00-0038543,1.0,0.0,0.0,0.0,0.0,0.0,0.0,0.0,7.25,5.1,35.0,0.5,0.3936,72.0,32.63,37.66,183.0,137.7,2.4279937007088837,1.4477376985505765,0.8156574903816867,1.0,1.0
2025,18,0.0,2025_18_SEA_SF,Seattle Seahawks,Cooper Kupp,WR,00-0033908,1.0,0.0,0.0,0.0,0.0,0.0,0.0,0.0,5.46,3.58,24.6,0.39,0.3254,72.0,32.63,37.66,183.0,137.7,2.4279937007088837,1.4477376985505765,0.8156574903816867,1.0,1.0
2025,18,0.0,2025_18_SEA_SF,Seattle Seahawks,Rashid Shaheed,WR,00-0037545,1.0,0.0,0.0,0.0,0.0,0.0,0.0,0.0,3.64,2.36,17.0,0.24,0.2172,72.0,32.63,37.66,183.0,137.7,2.4279937007088837,1.4477376985505765,0.8156574903816867,1.0,1.0
2025,18,0.0,2025_18_SEA_SF,Seattle Seahawks,Dareke Young,WR,00-0037093,1.0,0.0,0.0,0.0,0.0,0.0,0.0,0.0,0.0,0.0,0.0,0.0,0.0,72.0,32.63,37.66,183.0,137.7,2.4279937007088837,1.4477376985505765,0.8156574903816867,1.0,1.0
2025,18,0.0,2025_18_SEA_SF,Seattle Seahawks,Jake Bobo,WR,00-0038752,1.0,0.0,0.0,0.0,0.0,0.0,0.0,0.0,0.0,0.0,0.0,0.0,0.0,72.0,32.63,37.66,183.0,137.7,2.4279937007088837,1.4477376985505765,0.8156574903816867,1.0,1.0
2025,18,0.0,2025_18_TEN_JAX,Jacksonville Jaguars,Trevor Lawrence,QB,00-0036971,1.0,40.81,227.6,2.06,1.05,4.11,11.4,0.17,0.0,0.0,0.0,0.0,0.1538,72.0,41.9,27.13,245.7,103.6,2.8688767806159223,0.9610702037300953,1.0475907724823135,1.0,1.0
2025,18,0.0,2025_18_TEN_JAX,Jacksonville Jaguars,Travis Etienne Jr.,RB,None,1.0,0.0,0.0,0.0,0.0,14.8,64.3,0.61,4.91,3.11,23.9,0.34,0.6105,72.0,41.9,27.13,245.7,103.6,2.8688767806159223,0.9610702037300953,1.0475907724823135,0.0,0.0
2025,18,0.0,2025_18_TEN_JAX,Jacksonville Jaguars,Bhayshul Tuten,RB,00-0040719,1.0,0.0,0.0,0.0,0.0,8.22,27.6,0.24,3.05,1.99,13.2,0.21,0.3648,72.0,41.9,27.13,245.7,103.6,2.8688767806159223,0.9610702037300953,1.0475907724823135,1.0,1.0
2025,18,0.0,2025_18_TEN_JAX,Jacksonville Jaguars,DeeJay Dallas,RB,00-0036425,1.0,0.0,0.0,0.0,0.0,0.0,0.0,0.0,0.0,0.0,0.0,0.0,0.0,72.0,41.9,27.13,245.7,103.6,2.8688767806159223,0.9610702037300953,1.0475907724823135,1.0,1.0
2025,18,0.0,2025_18_TEN_JAX,Jacksonville Jaguars,LeQuint Allen Jr.,RB,00-0040238,1.0,0.0,0.0,0.0,0.0,0.0,0.0,0.0,0.0,0.0,0.0,0.0,0.0,72.0,41.9,27.13,245.7,103.6,2.8688767806159223,0.9610702037300953,1.0475907724823135,1.0,1.0
2025,18,0.0,2025_18_TEN_JAX,Jacksonville Jaguars,Brenton Strange,TE,00-0038935,1.0,0.0,0.0,0.0,0.0,0.0,0.0,0.0,8.11,5.75,41.1,0.52,0.4062,72.0,41.9,27.13,245.7,103.6,2.8688767806159223,0.9610702037300953,1.0475907724823135,1.0,1.0
2025,18,0.0,2025_18_TEN_JAX,Jacksonville Jaguars,Johnny Mundt,TE,00-0033246,1.0,0.0,0.0,0.0,0.0,0.0,0.0,0.0,4.19,2.96,20.6,0.27,0.234,72.0,41.9,27.13,245.7,103.6,2.8688767806159223,0.9610702037300953,1.0475907724823135,1.0,1.0
2025,18,0.0,2025_18_TEN_JAX,Jacksonville Jaguars,Hunter Long,TE,00-0037004,1.0,0.0,0.0,0.0,0.0,0.0,0.0,0.0,0.0,0.0,0.0,0.0,0.0,72.0,41.9,27.13,245.7,103.6,2.8688767806159223,0.9610702037300953,1.0475907724823135,0.0,0.0
2025,18,0.0,2025_18_TEN_JAX,Jacksonville Jaguars,John Copenhaver,TE,00-0040327,1.0,0.0,0.0,0.0,0.0,0.0,0.0,0.0,0.0,0.0,0.0,0.0,0.0,72.0,41.9,27.13,245.7,103.6,2.8688767806159223,0.9610702037300953,1.0475907724823135,0.0,0.0
2025,18,0.0,2025_18_TEN_JAX,Jacksonville Jaguars,Quintin Morris,TE,00-0036590,1.0,0.0,0.0,0.0,0.0,0.0,0.0,0.0,0.0,0.0,0.0,0.0,0.0,72.0,41.9,27.13,245.7,103.6,2.8688767806159223,0.9610702037300953,1.0475907724823135,1.0,1.0
2025,18,0.0,2025_18_TEN_JAX,Jacksonville Jaguars,Brian Thomas Jr.,WR,00-0039893,1.0,0.0,0.0,0.0,0.0,0.0,0.0,0.0,9.59,5.43,48.7,0.61,0.4558,72.0,41.9,27.13,245.7,103.6,2.8688767806159223,0.9610702037300953,1.0475907724823135,1.0,1.0
2025,18,0.0,2025_18_TEN_JAX,Jacksonville Jaguars,Jakobi Meyers,WR,00-0034960,1.0,0.0,0.0,0.0,0.0,0.0,0.0,0.0,7.22,4.71,34.9,0.47,0.3727,72.0,41.9,27.13,245.7,103.6,2.8688767806159223,0.9610702037300953,1.0475907724823135,1.0,1.0
2025,18,0.0,2025_18_TEN_JAX,Jacksonville Jaguars,Parker Washington,WR,00-0038606,1.0,0.0,0.0,0.0,0.0,0.0,0.0,0.0,4.81,2.98,24.5,0.32,0.275,72.0,41.9,27.13,245.7,103.6,2.8688767806159223,0.9610702037300953,1.0475907724823135,1.0,1.0
2025,18,0.0,2025_18_TEN_JAX,Jacksonville Jaguars,Cam Camper,WR,00-0040324,1.0,0.0,0.0,0.0,0.0,0.0,0.0,0.0,0.0,0.0,0.0,0.0,0.0,72.0,41.9,27.13,245.7,103.6,2.8688767806159223,0.9610702037300953,1.0475907724823135,0.0,0.0
2025,18,0.0,2025_18_TEN_JAX,Jacksonville Jaguars,Dyami Brown,WR,00-0036626,1.0,0.0,0.0,0.0,0.0,0.0,0.0,0.0,0.0,0.0,0.0,0.0,0.0,72.0,41.9,27.13,245.7,103.6,2.8688767806159223,0.9610702037300953,1.0475907724823135,1.0,1.0
2025,18,0.0,2025_18_TEN_JAX,Jacksonville Jaguars,Tim Patrick,WR,00-0033375,1.0,0.0,0.0,0.0,0.0,0.0,0.0,0.0,0.0,0.0,0.0,0.0,0.0,72.0,41.9,27.13,245.7,103.6,2.8688767806159223,0.9610702037300953,1.0475907724823135,1.0,1.0
2025,18,0.0,2025_18_TEN_JAX,Tennessee Titans,Cam Ward,QB,00-0040676,1.0,44.15,291.0,2.5,1.07,1.02,4.0,0.03,0.0,0.0,0.0,0.0,0.03,72.0,42.69,26.27,308.5,123.7,2.7069052638213233,0.7908220552871188,1.0672577862190977,1.0,1.0
2025,18,0.0,2025_18_TEN_JAX,Tennessee Titans,Tony Pollard,RB,00-0035261,1.0,0.0,0.0,0.0,0.0,16.23,66.1,0.58,4.86,3.08,19.1,0.31,0.5873,72.0,42.69,26.27,308.5,123.7,2.7069052638213233,0.7908220552871188,1.0672577862190977,1.0,1.0
2025,18,0.0,2025_18_TEN_JAX,Tennessee Titans,Tyjae Spears,RB,00-0039032,1.0,0.0,0.0,0.0,0.0,9.02,36.9,0.2,3.03,2.09,11.6,0.19,0.3236,72.0,42.69,26.27,308.5,123.7,2.7069052638213233,0.7908220552871188,1.0672577862190977,1.0,1.0
2025,18,0.0,2025_18_TEN_JAX,Tennessee Titans,Julius Chestnut,RB,00-0037594,1.0,0.0,0.0,0.0,0.0,0.0,0.0,0.0,0.0,0.0,0.0,0.0,0.0,72.0,42.69,26.27,308.5,123.7,2.7069052638213233,0.7908220552871188,1.0672577862190977,1.0,1.0
2025,18,0.0,2025_18_TEN_JAX,Tennessee Titans,Kalel Mullings,RB,00-0040205,1.0,0.0,0.0,0.0,0.0,0.0,0.0,0.0,0.0,0.0,0.0,0.0,0.0,72.0,42.69,26.27,308.5,123.7,2.7069052638213233,0.7908220552871188,1.0672577862190977,1.0,1.0
2025,18,0.0,2025_18_TEN_JAX,Tennessee Titans,Chig Okonkwo,TE,00-0037809,1.0,0.0,0.0,0.0,0.0,0.0,0.0,0.0,8.32,6.02,47.8,0.46,0.3659,72.0,42.69,26.27,308.5,123.7,2.7069052638213233,0.7908220552871188,1.0672577862190977,1.0,1.0
2025,18,0.0,2025_18_TEN_JAX,Tennessee Titans,Gunnar Helm,TE,00-0040584,1.0,0.0,0.0,0.0,0.0,0.0,0.0,0.0,4.3,3.45,28.2,0.26,0.2289,72.0,42.69,26.27,308.5,123.7,2.7069052638213233,0.7908220552871188,1.0672577862190977,0.0,0.0
2025,18,0.0,2025_18_TEN_JAX,Tennessee Titans,Cole Turner,TE,00-0037078,1.0,0.0,0.0,0.0,0.0,0.0,0.0,0.0,0.0,0.0,0.0,0.0,0.0,72.0,42.69,26.27,308.5,123.7,2.7069052638213233,0.7908220552871188,1.0672577862190977,1.0,1.0
2025,18,0.0,2025_18_TEN_JAX,Tennessee Titans,David Martin-Robinson,TE,00-0039648,1.0,0.0,0.0,0.0,0.0,0.0,0.0,0.0,0.0,0.0,0.0,0.0,0.0,72.0,42.69,26.27,308.5,123.7,2.7069052638213233,0.7908220552871188,1.0672577862190977,1.0,1.0
2025,18,0.0,2025_18_TEN_JAX,Tennessee Titans,Elic Ayomanor,WR,00-0040170,1.0,0.0,0.0,0.0,0.0,0.0,0.0,0.0,9.83,4.71,63.1,0.58,0.441,72.0,42.69,26.27,308.5,123.7,2.7069052638213233,0.7908220552871188,1.0672577862190977,1.0,1.0
2025,18,0.0,2025_18_TEN_JAX,Tennessee Titans,Chimere Dike,WR,00-0040705,1.0,0.0,0.0,0.0,0.0,0.0,0.0,0.0,7.4,4.66,49.5,0.46,0.3697,72.0,42.69,26.27,308.5,123.7,2.7069052638213233,0.7908220552871188,1.0672577862190977,1.0,1.0
2025,18,0.0,2025_18_TEN_JAX,Tennessee Titans,James Proche II,WR,None,1.0,0.0,0.0,0.0,0.0,0.0,0.0,0.0,4.94,3.22,51.1,0.31,0.2687,72.0,42.69,26.27,308.5,123.7,2.7069052638213233,0.7908220552871188,1.0672577862190977,0.0,0.0
2025,18,0.0,2025_18_TEN_JAX,Tennessee Titans,Bryce Oliver,WR,00-0039650,1.0,0.0,0.0,0.0,0.0,0.0,0.0,0.0,0.0,0.0,0.0,0.0,0.0,72.0,42.69,26.27,308.5,123.7,2.7069052638213233,0.7908220552871188,1.0672577862190977,1.0,1.0
2025,18,0.0,2025_18_TEN_JAX,Tennessee Titans,Mason Kinsey,WR,00-0036176,1.0,0.0,0.0,0.0,0.0,0.0,0.0,0.0,0.0,0.0,0.0,0.0,0.0,72.0,42.69,26.27,308.5,123.7,2.7069052638213233,0.7908220552871188,1.0672577862190977,1.0,1.0
2025,18,0.0,2025_18_WAS_PHI,Philadelphia Eagles,Jalen Hurts,QB,00-0036389,1.0,35.71,195.9,2.04,0.92,10.87,28.2,0.41,0.0,0.0,0.0,0.0,0.3365,72.0,36.87,32.6,206.8,119.2,2.855124810992221,1.2723694361460698,0.9217416356923055,1.0,1.0
2025,18,0.0,2025_18_WAS_PHI,Philadelphia Eagles,Saquon Barkley,RB,00-0034844,1.0,0.0,0.0,0.0,0.0,13.97,44.5,0.72,4.33,2.82,14.4,0.33,0.6509,72.0,36.87,32.6,206.8,119.2,2.855124810992221,1.2723694361460698,0.9217416356923055,1.0,1.0
2025,18,0.0,2025_18_WAS_PHI,Philadelphia Eagles,Tank Bigsby,RB,00-0038555,1.0,0.0,0.0,0.0,0.0,7.76,24.7,0.27,2.69,1.48,10.4,0.21,0.3795,72.0,36.87,32.6,206.8,119.2,2.855124810992221,1.2723694361460698,0.9217416356923055,1.0,1.0
2025,18,0.0,2025_18_WAS_PHI,Philadelphia Eagles,AJ Dillon,RB,00-0036265,1.0,0.0,0.0,0.0,0.0,0.0,0.0,0.0,0.0,0.0,0.0,0.0,0.0,72.0,36.87,32.6,206.8,119.2,2.855124810992221,1.2723694361460698,0.9217416356923055,1.0,1.0
2025,18,0.0,2025_18_WAS_PHI,Philadelphia Eagles,Will Shipley,RB,00-0039746,1.0,0.0,0.0,0.0,0.0,0.0,0.0,0.0,0.0,0.0,0.0,0.0,0.0,72.0,36.87,32.6,206.8,119.2,2.855124810992221,1.2723694361460698,0.9217416356923055,1.0,1.0
2025,18,0.0,2025_18_WAS_PHI,Philadelphia Eagles,Dallas Goedert,TE,00-0034351,1.0,0.0,0.0,0.0,0.0,0.0,0.0,0.0,6.99,5.29,32.0,0.49,0.3899,72.0,36.87,32.6,206.8,119.2,2.855124810992221,1.2723694361460698,0.9217416356923055,0.0,0.0
2025,18,0.0,2025_18_WAS_PHI,Philadelphia Eagles,Grant Calcaterra,TE,00-0037086,1.0,0.0,0.0,0.0,0.0,0.0,0.0,0.0,3.61,2.75,19.3,0.26,0.2327,72.0,36.87,32.6,206.8,119.2,2.855124810992221,1.2723694361460698,0.9217416356923055,1.0,1.0
2025,18,0.0,2025_18_WAS_PHI,Philadelphia Eagles,Cameron Latu,TE,00-0038564,1.0,0.0,0.0,0.0,0.0,0.0,0.0,0.0,0.0,0.0,0.0,0.0,0.0,72.0,36.87,32.6,206.8,119.2,2.855124810992221,1.2723694361460698,0.9217416356923055,1.0,1.0
2025,18,0.0,2025_18_WAS_PHI,Philadelphia Eagles,Kylen Granson,TE,00-0036876,1.0,0.0,0.0,0.0,0.0,0.0,0.0,0.0,0.0,0.0,0.0,0.0,0.0,72.0,36.87,32.6,206.8,119.2,2.855124810992221,1.2723694361460698,0.9217416356923055,1.0,1.0
2025,18,0.0,2025_18_WAS_PHI,Philadelphia Eagles,A.J. Brown,WR,00-0035676,1.0,0.0,0.0,0.0,0.0,0.0,0.0,0.0,8.42,5.03,38.1,0.6,0.4518,72.0,36.87,32.6,206.8,119.2,2.855124810992221,1.2723694361460698,0.9217416356923055,1.0,1.0
2025,18,0.0,2025_18_WAS_PHI,Philadelphia Eagles,DeVonta Smith,WR,00-0036912,1.0,0.0,0.0,0.0,0.0,0.0,0.0,0.0,6.34,4.46,28.5,0.45,0.3618,72.0,36.87,32.6,206.8,119.2,2.855124810992221,1.2723694361460698,0.9217416356923055,1.0,1.0
2025,18,0.0,2025_18_WAS_PHI,Philadelphia Eagles,Jahan Dotson,WR,00-0037741,1.0,0.0,0.0,0.0,0.0,0.0,0.0,0.0,4.23,2.3,18.7,0.31,0.2683,72.0,36.87,32.6,206.8,119.2,2.855124810992221,1.2723694361460698,0.9217416356923055,1.0,1.0
2025,18,0.0,2025_18_WAS_PHI,Philadelphia Eagles,Britain Covey,WR,00-0037132,1.0,0.0,0.0,0.0,0.0,0.0,0.0,0.0,0.0,0.0,0.0,0.0,0.0,72.0,36.87,32.6,206.8,119.2,2.855124810992221,1.2723694361460698,0.9217416356923055,1.0,1.0
2025,18,0.0,2025_18_WAS_PHI,Philadelphia Eagles,Darius Cooper,WR,00-0040024,1.0,0.0,0.0,0.0,0.0,0.0,0.0,0.0,0.0,0.0,0.0,0.0,0.0,72.0,36.87,32.6,206.8,119.2,2.855124810992221,1.2723694361460698,0.9217416356923055,1.0,1.0
2025,18,0.0,2025_18_WAS_PHI,Washington Commanders,Marcus Mariota,QB,00-0032268,1.0,37.01,256.2,2.07,0.89,6.63,23.9,0.18,0.0,0.0,0.0,0.0,0.1652,61.1,35.79,22.73,271.6,112.4,2.328986144668992,0.6320104890444567,0.8947009463793795,0.0,0.0
2025,18,0.0,2025_18_WAS_PHI,Washington Commanders,Chris Rodriguez Jr.,RB,00-0038611,1.0,0.0,0.0,0.0,0.0,10.35,44.9,0.38,4.24,2.86,26.3,0.28,0.4835,61.1,35.79,22.73,271.6,112.4,2.328986144668992,0.6320104890444567,0.8947009463793795,1.0,1.0
2025,18,0.0,2025_18_WAS_PHI,Washington Commanders,Jacory Croskey-Merritt,RB,00-0040242,1.0,0.0,0.0,0.0,0.0,5.75,25.6,0.13,2.64,1.67,15.0,0.17,0.2587,61.1,35.79,22.73,271.6,112.4,2.328986144668992,0.6320104890444567,0.8947009463793795,1.0,1.0
2025,18,0.0,2025_18_WAS_PHI,Washington Commanders,Jeremy McNichols,RB,00-0033955,1.0,0.0,0.0,0.0,0.0,0.0,0.0,0.0,0.0,0.0,0.0,0.0,0.0,61.1,35.79,22.73,271.6,112.4,2.328986144668992,0.6320104890444567,0.8947009463793795,1.0,1.0
2025,18,0.0,2025_18_WAS_PHI,Washington Commanders,Ben Sinnott,TE,00-0039912,1.0,0.0,0.0,0.0,0.0,0.0,0.0,0.0,6.73,5.25,53.6,0.42,0.3434,61.1,35.79,22.73,271.6,112.4,2.328986144668992,0.6320104890444567,0.8947009463793795,1.0,1.0
2025,18,0.0,2025_18_WAS_PHI,Washington Commanders,John Bates,TE,00-0036628,1.0,0.0,0.0,0.0,0.0,0.0,0.0,0.0,3.48,2.35,21.2,0.21,0.1882,61.1,35.79,22.73,271.6,112.4,2.328986144668992,0.6320104890444567,0.8947009463793795,1.0,1.0
2025,18,0.0,2025_18_WAS_PHI,Washington Commanders,Colson Yankoff,TE,00-0039686,1.0,0.0,0.0,0.0,0.0,0.0,0.0,0.0,0.0,0.0,0.0,0.0,0.0,61.1,35.79,22.73,271.6,112.4,2.328986144668992,0.6320104890444567,0.8947009463793795,1.0,1.0
2025,18,0.0,2025_18_WAS_PHI,Washington Commanders,Terry McLaurin,WR,00-0035659,1.0,0.0,0.0,0.0,0.0,0.0,0.0,0.0,8.2,5.04,49.1,0.5,0.3909,61.1,35.79,22.73,271.6,112.4,2.328986144668992,0.6320104890444567,0.8947009463793795,1.0,1.0
2025,18,0.0,2025_18_WAS_PHI,Washington Commanders,Deebo Samuel,WR,None,1.0,0.0,0.0,0.0,0.0,0.0,0.0,0.0,6.17,3.92,69.7,0.4,0.3308,61.1,35.79,22.73,271.6,112.4,2.328986144668992,0.6320104890444567,0.8947009463793795,0.0,0.0
2025,18,0.0,2025_18_WAS_PHI,Washington Commanders,Treylon Burks,WR,00-0037742,1.0,0.0,0.0,0.0,0.0,0.0,0.0,0.0,4.11,2.22,26.5,0.24,0.2156,61.1,35.79,22.73,271.6,112.4,2.328986144668992,0.6320104890444567,0.8947009463793795,1.0,1.0
2025,18,0.0,2025_18_WAS_PHI,Washington Commanders,Braylon Sanders,WR,00-0037355,1.0,0.0,0.0,0.0,0.0,0.0,0.0,0.0,0.0,0.0,0.0,0.0,0.0,61.1,35.79,22.73,271.6,112.4,2.328986144668992,0.6320104890444567,0.8947009463793795,0.0,0.0
2025,18,0.0,2025_18_WAS_PHI,Washington Commanders,Chris Moore,WR,00-0032398,1.0,0.0,0.0,0.0,0.0,0.0,0.0,0.0,0.0,0.0,0.0,0.0,0.0,61.1,35.79,22.73,271.6,112.4,2.328986144668992,0.6320104890444567,0.8947009463793795,1.0,1.0
2025,18,0.0,2025_18_WAS_PHI,Washington Commanders,River Cracraft,WR,00-0034054,1.0,0.0,0.0,0.0,0.0,0.0,0.0,0.0,0.0,0.0,0.0,0.0,0.0,61.1,35.79,22.73,271.6,112.4,2.328986144668992,0.6320104890444567,0.8947009463793795,1.0,1.0
