season,week,date,game_id,team,player,position,player_id_x,is_active,pass_attempts,pass_yards,pass_tds,interceptions,rush_attempts,rush_yards,rush_tds,targets,receptions,rec_yards,rec_tds,any_td_prob,team_plays,team_pass_attempts,team_rush_attempts,team_pass_yards,team_rush_yards,team_exp_pass_tds,team_exp_rush_tds,team_exp_int,is_active_pid,is_active_nm,_name_norm,_name_norm_loose,_alias_init_last,team_norm,player_id_y,pass_attempts_act,pass_yards_act,pass_tds_act,interceptions_act,rush_attempts_act,rush_yards_act,rush_tds_act,targets_act,receptions_act,rec_yards_act,rec_tds_act,player_act,team_act,match_strategy,pass_attempts_err,pass_yards_err,pass_tds_err,interceptions_err,rush_attempts_err,rush_yards_err,rush_tds_err,targets_err,receptions_err,rec_yards_err,rec_tds_err
2025,15,0.0,2025_15_ARI_HOU,Arizona Cardinals,Jacoby Brissett,QB,00-0033119,1.0,38.84,254.8,2.01,1.25,2.77,10.3,0.05,0.0,0.0,0.0,0.0,0.0474,72.0,46.81,21.6,355.3,106.8,2.982080579786332,0.3655267098074781,1.1701439355000538,1.0,1.0,jacoby brissett,jacobybrissett,jbrissett,Arizona Cardinals,00-0033119,46.0,249.0,3.0,1.0,2.0,3.0,0.0,0.0,0.0,0.0,0.0,J.Brissett,ARI,team_norm & _alias_init_last,-7.159999999999997,5.800000000000011,-0.9900000000000002,0.25,0.77,7.300000000000001,0.05,0.0,0.0,0.0,0.0
2025,15,0.0,2025_15_ARI_HOU,Arizona Cardinals,Bam Knight,RB,00-0037157,1.0,0.0,0.0,0.0,0.0,12.1,52.8,0.24,5.28,3.53,28.6,0.35,0.4451,72.0,46.81,21.6,355.3,106.8,2.982080579786332,0.3655267098074781,1.1701439355000538,1.0,1.0,bam knight,bamknight,bknight,Arizona Cardinals,,,,,,,,,,,,,,,,,,,,,,,,,,
2025,15,0.0,2025_15_ARI_HOU,Arizona Cardinals,Michael Carter,RB,00-0036924,1.0,0.0,0.0,0.0,0.0,6.72,29.1,0.08,3.29,2.28,16.8,0.22,0.2615,72.0,46.81,21.6,355.3,106.8,2.982080579786332,0.3655267098074781,1.1701439355000538,1.0,1.0,michael carter,michaelcarter,mcarter,Arizona Cardinals,00-0036924,0.0,0.0,0.0,0.0,14.0,56.0,0.0,4.0,4.0,38.0,0.0,M.Carter,ARI,team_norm & _alias_init_last,0.0,0.0,0.0,0.0,-7.28,-26.9,0.08,-0.71,-1.7200000000000002,-21.2,0.22
2025,15,0.0,2025_15_ARI_HOU,Arizona Cardinals,Corey Kiner,RB,00-0040556,1.0,0.0,0.0,0.0,0.0,0.0,0.0,0.0,0.0,0.0,0.0,0.0,0.0,72.0,46.81,21.6,355.3,106.8,2.982080579786332,0.3655267098074781,1.1701439355000538,1.0,1.0,corey kiner,coreykiner,ckiner,Arizona Cardinals,00-0040556,0.0,0.0,0.0,0.0,2.0,11.0,0.0,0.0,0.0,0.0,0.0,C.Kiner,ARI,team_norm & _alias_init_last,0.0,0.0,0.0,0.0,-2.0,-11.0,0.0,0.0,0.0,0.0,0.0
2025,15,0.0,2025_15_ARI_HOU,Arizona Cardinals,Emari Demercado,RB,00-0038705,1.0,0.0,0.0,0.0,0.0,0.0,0.0,0.0,0.0,0.0,0.0,0.0,0.0,72.0,46.81,21.6,355.3,106.8,2.982080579786332,0.3655267098074781,1.1701439355000538,1.0,1.0,emari demercado,emaridemercado,edemercado,Arizona Cardinals,00-0038705,0.0,0.0,0.0,0.0,1.0,1.0,0.0,3.0,2.0,0.0,0.0,E.Demercado,ARI,team_norm & _alias_init_last,0.0,0.0,0.0,0.0,-1.0,-1.0,0.0,-3.0,-2.0,0.0,0.0
2025,15,0.0,2025_15_ARI_HOU,Arizona Cardinals,Trey McBride,TE,00-0037744,1.0,0.0,0.0,0.0,0.0,0.0,0.0,0.0,8.19,5.08,39.3,0.47,0.378,72.0,46.81,21.6,355.3,106.8,2.982080579786332,0.3655267098074781,1.1701439355000538,1.0,1.0,trey mcbride,treymcbride,tmcbride,Arizona Cardinals,00-0037744,0.0,0.0,0.0,0.0,0.0,0.0,0.0,13.0,12.0,134.0,2.0,T.McBride,ARI,team_norm & _alias_init_last,0.0,0.0,0.0,0.0,0.0,0.0,0.0,-4.8100000000000005,-6.92,-94.7,-1.53
2025,15,0.0,2025_15_ARI_HOU,Arizona Cardinals,Elijah Higgins,TE,00-0039041,1.0,0.0,0.0,0.0,0.0,0.0,0.0,0.0,4.23,2.67,22.4,0.25,0.2193,72.0,46.81,21.6,355.3,106.8,2.982080579786332,0.3655267098074781,1.1701439355000538,1.0,1.0,elijah higgins,elijahhiggins,ehiggins,Arizona Cardinals,00-0039041,0.0,0.0,0.0,0.0,0.0,0.0,0.0,2.0,1.0,3.0,0.0,E.Higgins,ARI,team_norm & _alias_init_last,0.0,0.0,0.0,0.0,0.0,0.0,0.0,2.2300000000000004,1.67,19.4,0.25
2025,15,0.0,2025_15_ARI_HOU,Arizona Cardinals,Josiah Deguara,TE,00-0036332,1.0,0.0,0.0,0.0,0.0,0.0,0.0,0.0,0.0,0.0,0.0,0.0,0.0,72.0,46.81,21.6,355.3,106.8,2.982080579786332,0.3655267098074781,1.1701439355000538,1.0,1.0,josiah deguara,josiahdeguara,jdeguara,Arizona Cardinals,00-0036332,,,,,,,,,,,,,,,,,,,,,,,,,
2025,15,0.0,2025_15_ARI_HOU,Arizona Cardinals,Oscar Cardenas,TE,00-0040381,1.0,0.0,0.0,0.0,0.0,0.0,0.0,0.0,0.0,0.0,0.0,0.0,0.0,72.0,46.81,21.6,355.3,106.8,2.982080579786332,0.3655267098074781,1.1701439355000538,0.0,0.0,oscar cardenas,oscarcardenas,ocardenas,Arizona Cardinals,00-0040381,,,,,,,,,,,,,,,,,,,,,,,,,
2025,15,0.0,2025_15_ARI_HOU,Arizona Cardinals,Pharaoh Brown,TE,00-0033439,1.0,0.0,0.0,0.0,0.0,0.0,0.0,0.0,0.0,0.0,0.0,0.0,0.0,72.0,46.81,21.6,355.3,106.8,2.982080579786332,0.3655267098074781,1.1701439355000538,1.0,1.0,pharaoh brown,pharaohbrown,pbrown,Arizona Cardinals,00-0033439,0.0,0.0,0.0,0.0,0.0,0.0,0.0,2.0,2.0,1.0,0.0,P.Brown,ARI,team_norm & _alias_init_last,0.0,0.0,0.0,0.0,0.0,0.0,0.0,-2.0,-2.0,-1.0,0.0
2025,15,0.0,2025_15_ARI_HOU,Arizona Cardinals,Marvin Harrison Jr.,WR,00-0039849,1.0,0.0,0.0,0.0,0.0,0.0,0.0,0.0,11.44,5.89,71.4,0.69,0.4976,72.0,46.81,21.6,355.3,106.8,2.982080579786332,0.3655267098074781,1.1701439355000538,0.0,0.0,marvin harrison jr.,marvinharrisonjr,mharrison,Arizona Cardinals,00-0039849,,,,,,,,,,,,,,,,,,,,,,,,,
2025,15,0.0,2025_15_ARI_HOU,Arizona Cardinals,Michael Wilson,WR,00-0038559,1.0,0.0,0.0,0.0,0.0,0.0,0.0,0.0,8.62,4.96,61.6,0.54,0.4177,72.0,46.81,21.6,355.3,106.8,2.982080579786332,0.3655267098074781,1.1701439355000538,1.0,1.0,michael wilson,michaelwilson,mwilson,Arizona Cardinals,00-0035144,0.0,0.0,0.0,0.0,0.0,0.0,0.0,12.0,5.0,54.0,1.0,M.Wilson,ARI,team_norm & _alias_init_last,0.0,0.0,0.0,0.0,0.0,0.0,0.0,-3.380000000000001,-0.040000000000000036,7.600000000000001,-0.45999999999999996
2025,15,0.0,2025_15_ARI_HOU,Arizona Cardinals,Xavier Weaver,WR,00-0039521,1.0,0.0,0.0,0.0,0.0,0.0,0.0,0.0,5.75,3.05,48.4,0.36,0.3043,72.0,46.81,21.6,355.3,106.8,2.982080579786332,0.3655267098074781,1.1701439355000538,0.0,0.0,xavier weaver,xavierweaver,xweaver,Arizona Cardinals,00-0039521,,,,,,,,,,,,,,,,,,,,,,,,,
2025,15,0.0,2025_15_ARI_HOU,Arizona Cardinals,Andre Baccellia,WR,00-0035876,1.0,0.0,0.0,0.0,0.0,0.0,0.0,0.0,0.0,0.0,0.0,0.0,0.0,72.0,46.81,21.6,355.3,106.8,2.982080579786332,0.3655267098074781,1.1701439355000538,1.0,1.0,andre baccellia,andrebaccellia,abaccellia,Arizona Cardinals,00-0035876,,,,,,,,,,,,,,,,,,,,,,,,,
2025,15,0.0,2025_15_ARI_HOU,Arizona Cardinals,Jalen Brooks,WR,00-0038640,1.0,0.0,0.0,0.0,0.0,0.0,0.0,0.0,0.0,0.0,0.0,0.0,0.0,72.0,46.81,21.6,355.3,106.8,2.982080579786332,0.3655267098074781,1.1701439355000538,1.0,1.0,jalen brooks,jalenbrooks,jbrooks,Arizona Cardinals,00-0038640,0.0,0.0,0.0,0.0,0.0,0.0,0.0,3.0,1.0,19.0,0.0,J.Brooks,ARI,team_norm & _alias_init_last,0.0,0.0,0.0,0.0,0.0,0.0,0.0,-3.0,-1.0,-19.0,0.0
2025,15,0.0,2025_15_ARI_HOU,Houston Texans,C.J. Stroud,QB,00-0039163,1.0,37.22,203.4,2.44,1.01,5.54,16.2,0.27,0.0,0.0,0.0,0.0,0.2403,72.0,37.78,31.89,212.0,116.5,3.4005289199121327,1.4981169071481126,0.9445290363196126,1.0,1.0,c.j. stroud,cjstroud,cstroud,Houston Texans,00-0039163,33.0,260.0,3.0,0.0,2.0,3.0,0.0,0.0,0.0,0.0,0.0,C.Stroud,HOU,team_norm & _alias_init_last,4.219999999999999,-56.599999999999994,-0.56,1.01,3.54,13.2,0.27,0.0,0.0,0.0,0.0
2025,15,0.0,2025_15_ARI_HOU,Houston Texans,Woody Marks,RB,00-0040583,1.0,0.0,0.0,0.0,0.0,16.94,53.8,0.96,4.29,2.5,17.6,0.4,0.7431,72.0,37.78,31.89,212.0,116.5,3.4005289199121327,1.4981169071481126,0.9445290363196126,1.0,1.0,woody marks,woodymarks,wmarks,Houston Texans,,0.0,0.0,0.0,0.0,8.0,30.0,0.0,1.0,1.0,8.0,0.0,W.Marks,HOU,team_norm & _alias_init_last,0.0,0.0,0.0,0.0,8.940000000000001,23.799999999999997,0.96,3.29,1.5,9.600000000000001,0.4
2025,15,0.0,2025_15_ARI_HOU,Houston Texans,Nick Chubb,RB,00-0034791,1.0,0.0,0.0,0.0,0.0,9.41,28.8,0.33,2.67,1.59,9.9,0.23,0.4318,72.0,37.78,31.89,212.0,116.5,3.4005289199121327,1.4981169071481126,0.9445290363196126,0.0,0.0,nick chubb,nickchubb,nchubb,Houston Texans,00-0034791,,,,,,,,,,,,,,,,,,,,,,,,,
2025,15,0.0,2025_15_ARI_HOU,Houston Texans,Dare Ogunbowale,RB,00-0033854,1.0,0.0,0.0,0.0,0.0,0.0,0.0,0.0,0.0,0.0,0.0,0.0,0.0,72.0,37.78,31.89,212.0,116.5,3.4005289199121327,1.4981169071481126,0.9445290363196126,1.0,1.0,dare ogunbowale,dareogunbowale,dogunbowale,Houston Texans,,0.0,0.0,0.0,0.0,5.0,2.0,0.0,4.0,3.0,32.0,0.0,D.Ogunbowale,HOU,team_norm & _alias_init_last,0.0,0.0,0.0,0.0,-5.0,-2.0,0.0,-4.0,-3.0,-32.0,0.0
2025,15,0.0,2025_15_ARI_HOU,Houston Texans,Jawhar Jordan,RB,00-0039405,1.0,0.0,0.0,0.0,0.0,0.0,0.0,0.0,0.0,0.0,0.0,0.0,0.0,72.0,37.78,31.89,212.0,116.5,3.4005289199121327,1.4981169071481126,0.9445290363196126,1.0,1.0,jawhar jordan,jawharjordan,jjordan,Houston Texans,00-0039405,0.0,0.0,0.0,0.0,15.0,101.0,0.0,2.0,2.0,17.0,0.0,J.Jordan,HOU,team_norm & _alias_init_last,0.0,0.0,0.0,0.0,-15.0,-101.0,0.0,-2.0,-2.0,-17.0,0.0
2025,15,0.0,2025_15_ARI_HOU,Houston Texans,Dalton Schultz,TE,00-0034383,1.0,0.0,0.0,0.0,0.0,0.0,0.0,0.0,6.82,3.92,26.2,0.55,0.4242,72.0,37.78,31.89,212.0,116.5,3.4005289199121327,1.4981169071481126,0.9445290363196126,1.0,1.0,dalton schultz,daltonschultz,dschultz,Houston Texans,00-0034383,0.0,0.0,0.0,0.0,0.0,0.0,0.0,10.0,8.0,76.0,1.0,D.Schultz,HOU,team_norm & _alias_init_last,0.0,0.0,0.0,0.0,0.0,0.0,0.0,-3.1799999999999997,-4.08,-49.8,-0.44999999999999996
2025,15,0.0,2025_15_ARI_HOU,Houston Texans,Harrison Bryant,TE,00-0036232,1.0,0.0,0.0,0.0,0.0,0.0,0.0,0.0,3.52,1.93,14.1,0.3,0.2603,72.0,37.78,31.89,212.0,116.5,3.4005289199121327,1.4981169071481126,0.9445290363196126,1.0,1.0,harrison bryant,harrisonbryant,hbryant,Houston Texans,00-0036232,,,,,,,,,,,,,,,,,,,,,,,,,
2025,15,0.0,2025_15_ARI_HOU,Houston Texans,Cade Stover,TE,00-0039359,1.0,0.0,0.0,0.0,0.0,0.0,0.0,0.0,0.0,0.0,0.0,0.0,0.0,72.0,37.78,31.89,212.0,116.5,3.4005289199121327,1.4981169071481126,0.9445290363196126,1.0,1.0,cade stover,cadestover,cstover,Houston Texans,00-0039359,0.0,0.0,0.0,0.0,1.0,0.0,0.0,3.0,3.0,22.0,0.0,C.Stover,HOU,team_norm & _alias_init_last,0.0,0.0,0.0,0.0,-1.0,0.0,0.0,-3.0,-3.0,-22.0,0.0
2025,15,0.0,2025_15_ARI_HOU,Houston Texans,Dalton Keene,TE,00-0036225,1.0,0.0,0.0,0.0,0.0,0.0,0.0,0.0,0.0,0.0,0.0,0.0,0.0,72.0,37.78,31.89,212.0,116.5,3.4005289199121327,1.4981169071481126,0.9445290363196126,0.0,0.0,dalton keene,daltonkeene,dkeene,Houston Texans,00-0036225,,,,,,,,,,,,,,,,,,,,,,,,,
2025,15,0.0,2025_15_ARI_HOU,Houston Texans,Nico Collins,WR,00-0036554,1.0,0.0,0.0,0.0,0.0,0.0,0.0,0.0,9.08,5.54,40.6,0.77,0.5391,72.0,37.78,31.89,212.0,116.5,3.4005289199121327,1.4981169071481126,0.9445290363196126,1.0,1.0,nico collins,nicocollins,ncollins,Houston Texans,00-0036554,0.0,0.0,0.0,0.0,0.0,0.0,0.0,5.0,3.0,85.0,2.0,N.Collins,HOU,team_norm & _alias_init_last,0.0,0.0,0.0,0.0,0.0,0.0,0.0,4.08,2.54,-44.4,-1.23
2025,15,0.0,2025_15_ARI_HOU,Houston Texans,Jayden Higgins,WR,00-0040130,1.0,0.0,0.0,0.0,0.0,0.0,0.0,0.0,6.84,4.09,36.5,0.59,0.4435,72.0,37.78,31.89,212.0,116.5,3.4005289199121327,1.4981169071481126,0.9445290363196126,1.0,1.0,jayden higgins,jaydenhiggins,jhiggins,Houston Texans,00-0040130,0.0,0.0,0.0,0.0,0.0,0.0,0.0,1.0,1.0,4.0,0.0,J.Higgins,HOU,team_norm & _alias_init_last,0.0,0.0,0.0,0.0,0.0,0.0,0.0,5.84,3.09,32.5,0.59
2025,15,0.0,2025_15_ARI_HOU,Houston Texans,Xavier Hutchinson,WR,00-0038618,1.0,0.0,0.0,0.0,0.0,0.0,0.0,0.0,4.56,2.45,21.9,0.38,0.3165,72.0,37.78,31.89,212.0,116.5,3.4005289199121327,1.4981169071481126,0.9445290363196126,1.0,1.0,xavier hutchinson,xavierhutchinson,xhutchinson,Houston Texans,00-0038618,0.0,0.0,0.0,0.0,0.0,0.0,0.0,2.0,1.0,16.0,0.0,X.Hutchinson,HOU,team_norm & _alias_init_last,0.0,0.0,0.0,0.0,0.0,0.0,0.0,2.5599999999999996,1.4500000000000002,5.899999999999999,0.38
2025,15,0.0,2025_15_ARI_HOU,Houston Texans,Braxton Berrios,WR,00-0034419,1.0,0.0,0.0,0.0,0.0,0.0,0.0,0.0,0.0,0.0,0.0,0.0,0.0,72.0,37.78,31.89,212.0,116.5,3.4005289199121327,1.4981169071481126,0.9445290363196126,0.0,0.0,braxton berrios,braxtonberrios,bberrios,Houston Texans,00-0034419,,,,,,,,,,,,,,,,,,,,,,,,,
2025,15,0.0,2025_15_ARI_HOU,Houston Texans,Christian Kirk,WR,00-0034775,1.0,0.0,0.0,0.0,0.0,0.0,0.0,0.0,0.0,0.0,0.0,0.0,0.0,72.0,37.78,31.89,212.0,116.5,3.4005289199121327,1.4981169071481126,0.9445290363196126,1.0,1.0,christian kirk,christiankirk,ckirk,Houston Texans,00-0034775,,,,,,,,,,,,,,,,,,,,,,,,,
2025,15,0.0,2025_15_ARI_HOU,Houston Texans,Daniel Jackson,WR,00-0040412,1.0,0.0,0.0,0.0,0.0,0.0,0.0,0.0,0.0,0.0,0.0,0.0,0.0,72.0,37.78,31.89,212.0,116.5,3.4005289199121327,1.4981169071481126,0.9445290363196126,0.0,0.0,daniel jackson,danieljackson,djackson,Houston Texans,00-0040412,,,,,,,,,,,,,,,,,,,,,,,,,
2025,15,0.0,2025_15_ARI_HOU,Houston Texans,Jaylin Noel,WR,00-0040138,1.0,0.0,0.0,0.0,0.0,0.0,0.0,0.0,0.0,0.0,0.0,0.0,0.0,72.0,37.78,31.89,212.0,116.5,3.4005289199121327,1.4981169071481126,0.9445290363196126,1.0,1.0,jaylin noel,jaylinnoel,jnoel,Houston Texans,00-0040138,,,,,,,,,,,,,,,,,,,,,,,,,
2025,15,0.0,2025_15_ATL_TB,Atlanta Falcons,Kirk Cousins,QB,00-0029604,1.0,36.1,200.6,1.47,0.93,3.54,10.3,0.09,0.0,0.0,0.0,0.0,0.082,72.0,34.97,34.88,196.2,127.5,1.6626286518123747,0.8363468280142359,0.8742210367704488,1.0,1.0,kirk cousins,kirkcousins,kcousins,Atlanta Falcons,00-0029604,47.0,373.0,3.0,0.0,0.0,0.0,0.0,0.0,0.0,0.0,0.0,K.Cousins,ATL,team_norm & _alias_init_last,-10.899999999999999,-172.4,-1.53,0.93,3.54,10.3,0.09,0.0,0.0,0.0,0.0
2025,15,0.0,2025_15_ATL_TB,Atlanta Falcons,Bijan Robinson,RB,00-0038542,1.0,0.0,0.0,0.0,0.0,20.15,61.0,0.57,4.03,2.65,15.4,0.19,0.5359,72.0,34.97,34.88,196.2,127.5,1.6626286518123747,0.8363468280142359,0.8742210367704488,1.0,1.0,bijan robinson,bijanrobinson,brobinson,Atlanta Falcons,00-0038542,0.0,0.0,0.0,0.0,20.0,93.0,1.0,11.0,8.0,82.0,0.0,B.Robinson,ATL,team_norm & _alias_init_last,0.0,0.0,0.0,0.0,0.14999999999999858,-32.0,-0.43000000000000005,-6.97,-5.35,-66.6,0.19
2025,15,0.0,2025_15_ATL_TB,Atlanta Falcons,Tyler Allgeier,RB,00-0037263,1.0,0.0,0.0,0.0,0.0,11.19,34.0,0.21,2.51,1.73,9.9,0.12,0.2806,72.0,34.97,34.88,196.2,127.5,1.6626286518123747,0.8363468280142359,0.8742210367704488,1.0,1.0,tyler allgeier,tylerallgeier,tallgeier,Atlanta Falcons,00-0037263,0.0,0.0,0.0,0.0,2.0,18.0,0.0,0.0,0.0,0.0,0.0,T.Allgeier,ATL,team_norm & _alias_init_last,0.0,0.0,0.0,0.0,9.19,16.0,0.21,2.51,1.73,9.9,0.12
2025,15,0.0,2025_15_ATL_TB,Atlanta Falcons,Nate Carter,RB,00-0040547,1.0,0.0,0.0,0.0,0.0,0.0,0.0,0.0,0.0,0.0,0.0,0.0,0.0,72.0,34.97,34.88,196.2,127.5,1.6626286518123747,0.8363468280142359,0.8742210367704488,1.0,1.0,nate carter,natecarter,ncarter,Atlanta Falcons,00-0040547,,,,,,,,,,,,,,,,,,,,,,,,,
2025,15,0.0,2025_15_ATL_TB,Atlanta Falcons,Kyle Pitts Sr.,TE,,1.0,0.0,0.0,0.0,0.0,0.0,0.0,0.0,6.09,3.38,39.1,0.29,0.2516,72.0,34.97,34.88,196.2,127.5,1.6626286518123747,0.8363468280142359,0.8742210367704488,0.0,0.0,kyle pitts sr.,kylepittssr,kpitts,Atlanta Falcons,00-0036970,0.0,0.0,0.0,0.0,0.0,0.0,0.0,13.0,11.0,166.0,3.0,K.Pitts,ATL,team_norm & _alias_init_last,0.0,0.0,0.0,0.0,0.0,0.0,0.0,-6.91,-7.62,-126.9,-2.71
2025,15,0.0,2025_15_ATL_TB,Atlanta Falcons,Charlie Woerner,TE,00-0036429,1.0,0.0,0.0,0.0,0.0,0.0,0.0,0.0,3.15,1.87,15.6,0.14,0.1315,72.0,34.97,34.88,196.2,127.5,1.6626286518123747,0.8363468280142359,0.8742210367704488,1.0,1.0,charlie woerner,charliewoerner,cwoerner,Atlanta Falcons,00-0036429,0.0,0.0,0.0,0.0,0.0,0.0,0.0,2.0,2.0,12.0,0.0,C.Woerner,ATL,team_norm & _alias_init_last,0.0,0.0,0.0,0.0,0.0,0.0,0.0,1.15,-0.1299999999999999,3.5999999999999996,0.14
2025,15,0.0,2025_15_ATL_TB,Atlanta Falcons,Feleipe Franks,TE,00-0036825,1.0,0.0,0.0,0.0,0.0,0.0,0.0,0.0,0.0,0.0,0.0,0.0,0.0,72.0,34.97,34.88,196.2,127.5,1.6626286518123747,0.8363468280142359,0.8742210367704488,1.0,1.0,feleipe franks,feleipefranks,ffranks,Atlanta Falcons,00-0036825,,,,,,,,,,,,,,,,,,,,,,,,,
2025,15,0.0,2025_15_ATL_TB,Atlanta Falcons,Teagan Quitoriano,TE,00-0037277,1.0,0.0,0.0,0.0,0.0,0.0,0.0,0.0,0.0,0.0,0.0,0.0,0.0,72.0,34.97,34.88,196.2,127.5,1.6626286518123747,0.8363468280142359,0.8742210367704488,1.0,1.0,teagan quitoriano,teaganquitoriano,tquitoriano,Atlanta Falcons,00-0037277,,,,,,,,,,,,,,,,,,,,,,,,,
2025,15,0.0,2025_15_ATL_TB,Atlanta Falcons,Drake London,WR,00-0037238,1.0,0.0,0.0,0.0,0.0,0.0,0.0,0.0,8.45,5.14,38.5,0.39,0.321,72.0,34.97,34.88,196.2,127.5,1.6626286518123747,0.8363468280142359,0.8742210367704488,0.0,0.0,drake london,drakelondon,dlondon,Atlanta Falcons,00-0037238,,,,,,,,,,,,,,,,,,,,,,,,,
2025,15,0.0,2025_15_ATL_TB,Atlanta Falcons,Darnell Mooney,WR,00-0036309,1.0,0.0,0.0,0.0,0.0,0.0,0.0,0.0,6.36,3.5,29.1,0.27,0.2402,72.0,34.97,34.88,196.2,127.5,1.6626286518123747,0.8363468280142359,0.8742210367704488,1.0,1.0,darnell mooney,darnellmooney,dmooney,Atlanta Falcons,00-0036309,0.0,0.0,0.0,0.0,0.0,0.0,0.0,7.0,3.0,35.0,0.0,D.Mooney,ATL,team_norm & _alias_init_last,0.0,0.0,0.0,0.0,0.0,0.0,0.0,-0.6399999999999997,0.5,-5.899999999999999,0.27
2025,15,0.0,2025_15_ATL_TB,Atlanta Falcons,David Sills V,WR,,1.0,0.0,0.0,0.0,0.0,0.0,0.0,0.0,4.24,2.7,34.9,0.2,0.1827,72.0,34.97,34.88,196.2,127.5,1.6626286518123747,0.8363468280142359,0.8742210367704488,0.0,0.0,david sills v,davidsillsv,dsills,Atlanta Falcons,00-0035359,0.0,0.0,0.0,0.0,0.0,0.0,0.0,10.0,6.0,78.0,0.0,D.Sills,ATL,team_norm & _alias_init_last,0.0,0.0,0.0,0.0,0.0,0.0,0.0,-5.76,-3.3,-43.1,0.2
2025,15,0.0,2025_15_ATL_TB,Atlanta Falcons,Casey Washington,WR,00-0039394,1.0,0.0,0.0,0.0,0.0,0.0,0.0,0.0,0.0,0.0,0.0,0.0,0.0,72.0,34.97,34.88,196.2,127.5,1.6626286518123747,0.8363468280142359,0.8742210367704488,0.0,0.0,casey washington,caseywashington,cwashington,Atlanta Falcons,00-0038930,,,,,,,,,,,,,,,,,,,,,,,,,
2025,15,0.0,2025_15_ATL_TB,Atlanta Falcons,Chris Blair,WR,00-0036463,1.0,0.0,0.0,0.0,0.0,0.0,0.0,0.0,0.0,0.0,0.0,0.0,0.0,72.0,34.97,34.88,196.2,127.5,1.6626286518123747,0.8363468280142359,0.8742210367704488,1.0,1.0,chris blair,chrisblair,cblair,Atlanta Falcons,00-0036463,,,,,,,,,,,,,,,,,,,,,,,,,
2025,15,0.0,2025_15_ATL_TB,Atlanta Falcons,Deven Thompkins,WR,00-0037487,1.0,0.0,0.0,0.0,0.0,0.0,0.0,0.0,0.0,0.0,0.0,0.0,0.0,72.0,34.97,34.88,196.2,127.5,1.6626286518123747,0.8363468280142359,0.8742210367704488,1.0,1.0,deven thompkins,deventhompkins,dthompkins,Atlanta Falcons,00-0037487,,,,,,,,,,,,,,,,,,,,,,,,,
2025,15,0.0,2025_15_ATL_TB,Atlanta Falcons,Dylan Drummond,WR,00-0038953,1.0,0.0,0.0,0.0,0.0,0.0,0.0,0.0,0.0,0.0,0.0,0.0,0.0,72.0,34.97,34.88,196.2,127.5,1.6626286518123747,0.8363468280142359,0.8742210367704488,1.0,1.0,dylan drummond,dylandrummond,ddrummond,Atlanta Falcons,00-0038953,0.0,0.0,0.0,0.0,0.0,0.0,0.0,1.0,0.0,0.0,0.0,D.Drummond,ATL,team_norm & _alias_init_last,0.0,0.0,0.0,0.0,0.0,0.0,0.0,-1.0,0.0,0.0,0.0
2025,15,0.0,2025_15_ATL_TB,Atlanta Falcons,KhaDarel Hodge,WR,00-0034854,1.0,0.0,0.0,0.0,0.0,0.0,0.0,0.0,0.0,0.0,0.0,0.0,0.0,72.0,34.97,34.88,196.2,127.5,1.6626286518123747,0.8363468280142359,0.8742210367704488,1.0,1.0,khadarel hodge,khadarelhodge,khodge,Atlanta Falcons,00-0034854,,,,,,,,,,,,,,,,,,,,,,,,,
2025,15,0.0,2025_15_ATL_TB,Tampa Bay Buccaneers,Baker Mayfield,QB,00-0034855,1.0,36.02,198.4,2.16,0.94,6.64,19.0,0.24,0.0,0.0,0.0,0.0,0.2096,72.0,35.34,34.05,198.3,124.5,2.5062257368398444,1.1881489460174213,0.8835426044226043,1.0,1.0,baker mayfield,bakermayfield,bmayfield,Tampa Bay Buccaneers,00-0034855,47.0,277.0,2.0,1.0,0.0,0.0,0.0,0.0,0.0,0.0,0.0,B.Mayfield,TB,team_norm & _alias_init_last,-10.979999999999997,-78.6,0.16000000000000014,-0.06000000000000005,6.64,19.0,0.24,0.0,0.0,0.0,0.0
2025,15,0.0,2025_15_ATL_TB,Tampa Bay Buccaneers,Bucky Irving,RB,00-0039361,1.0,0.0,0.0,0.0,0.0,17.62,57.3,0.73,4.09,2.97,15.4,0.3,0.643,72.0,35.34,34.05,198.3,124.5,2.5062257368398444,1.1881489460174213,0.8835426044226043,1.0,1.0,bucky irving,buckyirving,birving,Tampa Bay Buccaneers,,0.0,0.0,0.0,0.0,16.0,60.0,0.0,3.0,1.0,11.0,0.0,B.Irving,TB,team_norm & _alias_init_last,0.0,0.0,0.0,0.0,1.620000000000001,-2.700000000000003,0.73,1.0899999999999999,1.9700000000000002,4.4,0.3
2025,15,0.0,2025_15_ATL_TB,Tampa Bay Buccaneers,Rachaad White,RB,00-0037256,1.0,0.0,0.0,0.0,0.0,9.79,30.7,0.26,2.54,1.88,8.4,0.19,0.3575,72.0,35.34,34.05,198.3,124.5,2.5062257368398444,1.1881489460174213,0.8835426044226043,1.0,1.0,rachaad white,rachaadwhite,rwhite,Tampa Bay Buccaneers,00-0037256,0.0,0.0,0.0,0.0,1.0,20.0,0.0,1.0,1.0,6.0,0.0,R.White,TB,team_norm & _alias_init_last,0.0,0.0,0.0,0.0,8.79,10.7,0.26,1.54,0.8799999999999999,2.4000000000000004,0.19
2025,15,0.0,2025_15_ATL_TB,Tampa Bay Buccaneers,Sean Tucker,RB,00-0038951,1.0,0.0,0.0,0.0,0.0,0.0,0.0,0.0,0.0,0.0,0.0,0.0,0.0,72.0,35.34,34.05,198.3,124.5,2.5062257368398444,1.1881489460174213,0.8835426044226043,1.0,1.0,sean tucker,seantucker,stucker,Tampa Bay Buccaneers,00-0038951,0.0,0.0,0.0,0.0,5.0,7.0,1.0,0.0,0.0,0.0,0.0,S.Tucker,TB,team_norm & _alias_init_last,0.0,0.0,0.0,0.0,-5.0,-7.0,-1.0,0.0,0.0,0.0,0.0
2025,15,0.0,2025_15_ATL_TB,Tampa Bay Buccaneers,Cade Otton,TE,00-0038129,1.0,0.0,0.0,0.0,0.0,0.0,0.0,0.0,6.14,3.46,23.1,0.4,0.3318,72.0,35.34,34.05,198.3,124.5,2.5062257368398444,1.1881489460174213,0.8835426044226043,0.0,0.0,cade otton,cadeotton,cotton,Tampa Bay Buccaneers,00-0038129,,,,,,,,,,,,,,,,,,,,,,,,,
2025,15,0.0,2025_15_ATL_TB,Tampa Bay Buccaneers,Payne Durham,TE,00-0039050,1.0,0.0,0.0,0.0,0.0,0.0,0.0,0.0,3.17,1.85,15.4,0.22,0.1956,72.0,35.34,34.05,198.3,124.5,2.5062257368398444,1.1881489460174213,0.8835426044226043,1.0,1.0,payne durham,paynedurham,pdurham,Tampa Bay Buccaneers,00-0039050,,,,,,,,,,,,,,,,,,,,,,,,,
2025,15,0.0,2025_15_ATL_TB,Tampa Bay Buccaneers,Devin Culp,TE,00-0039754,1.0,0.0,0.0,0.0,0.0,0.0,0.0,0.0,0.0,0.0,0.0,0.0,0.0,72.0,35.34,34.05,198.3,124.5,2.5062257368398444,1.1881489460174213,0.8835426044226043,1.0,1.0,devin culp,devinculp,dculp,Tampa Bay Buccaneers,00-0039754,0.0,0.0,0.0,0.0,0.0,0.0,0.0,1.0,1.0,6.0,1.0,D.Culp,TB,team_norm & _alias_init_last,0.0,0.0,0.0,0.0,0.0,0.0,0.0,-1.0,-1.0,-6.0,-1.0
2025,15,0.0,2025_15_ATL_TB,Tampa Bay Buccaneers,Mike Evans,WR,00-0031408,1.0,0.0,0.0,0.0,0.0,0.0,0.0,0.0,8.6,4.78,38.7,0.58,0.4381,72.0,35.34,34.05,198.3,124.5,2.5062257368398444,1.1881489460174213,0.8835426044226043,1.0,1.0,mike evans,mikeevans,mevans,Tampa Bay Buccaneers,00-0031408,0.0,0.0,0.0,0.0,0.0,0.0,0.0,14.0,6.0,132.0,0.0,M.Evans,TB,team_norm & _alias_init_last,0.0,0.0,0.0,0.0,0.0,0.0,0.0,-5.4,-1.2199999999999998,-93.3,0.58
2025,15,0.0,2025_15_ATL_TB,Tampa Bay Buccaneers,Emeka Egbuka,WR,00-0040129,1.0,0.0,0.0,0.0,0.0,0.0,0.0,0.0,6.48,3.26,32.1,0.43,0.3524,72.0,35.34,34.05,198.3,124.5,2.5062257368398444,1.1881489460174213,0.8835426044226043,1.0,1.0,emeka egbuka,emekaegbuka,eegbuka,Tampa Bay Buccaneers,00-0040129,0.0,0.0,0.0,0.0,0.0,0.0,0.0,9.0,4.0,64.0,0.0,E.Egbuka,TB,team_norm & _alias_init_last,0.0,0.0,0.0,0.0,0.0,0.0,0.0,-2.5199999999999996,-0.7400000000000002,-31.9,0.43
2025,15,0.0,2025_15_ATL_TB,Tampa Bay Buccaneers,Chris Godwin Jr.,WR,00-0033921,1.0,0.0,0.0,0.0,0.0,0.0,0.0,0.0,4.32,2.87,18.3,0.29,0.2501,72.0,35.34,34.05,198.3,124.5,2.5062257368398444,1.1881489460174213,0.8835426044226043,1.0,1.0,chris godwin jr.,chrisgodwinjr,cgodwin,Tampa Bay Buccaneers,,0.0,0.0,0.0,0.0,0.0,0.0,0.0,6.0,4.0,20.0,1.0,C.Godwin,TB,team_norm & _alias_init_last,0.0,0.0,0.0,0.0,0.0,0.0,0.0,-1.6799999999999997,-1.13,-1.6999999999999993,-0.71
2025,15,0.0,2025_15_ATL_TB,Tampa Bay Buccaneers,Jalen McMillan,WR,00-0039855,1.0,0.0,0.0,0.0,0.0,0.0,0.0,0.0,0.0,0.0,0.0,0.0,0.0,72.0,35.34,34.05,198.3,124.5,2.5062257368398444,1.1881489460174213,0.8835426044226043,1.0,1.0,jalen mcmillan,jalenmcmillan,jmcmillan,Tampa Bay Buccaneers,00-0039855,0.0,0.0,0.0,0.0,0.0,0.0,0.0,2.0,2.0,38.0,0.0,J.McMillan,TB,team_norm & _alias_init_last,0.0,0.0,0.0,0.0,0.0,0.0,0.0,-2.0,-2.0,-38.0,0.0
2025,15,0.0,2025_15_ATL_TB,Tampa Bay Buccaneers,Kameron Johnson,WR,00-0039589,1.0,0.0,0.0,0.0,0.0,0.0,0.0,0.0,0.0,0.0,0.0,0.0,0.0,72.0,35.34,34.05,198.3,124.5,2.5062257368398444,1.1881489460174213,0.8835426044226043,1.0,1.0,kameron johnson,kameronjohnson,kjohnson,Tampa Bay Buccaneers,00-0039589,0.0,0.0,0.0,0.0,2.0,4.0,0.0,0.0,0.0,0.0,0.0,K.Johnson,PIT,_alias_init_last,0.0,0.0,0.0,0.0,-2.0,-4.0,0.0,0.0,0.0,0.0,0.0
2025,15,0.0,2025_15_ATL_TB,Tampa Bay Buccaneers,Sterling Shepard,WR,00-0032385,1.0,0.0,0.0,0.0,0.0,0.0,0.0,0.0,0.0,0.0,0.0,0.0,0.0,72.0,35.34,34.05,198.3,124.5,2.5062257368398444,1.1881489460174213,0.8835426044226043,1.0,1.0,sterling shepard,sterlingshepard,sshepard,Tampa Bay Buccaneers,00-0032385,,,,,,,,,,,,,,,,,,,,,,,,,
2025,15,0.0,2025_15_ATL_TB,Tampa Bay Buccaneers,Tez Johnson,WR,00-0040237,1.0,0.0,0.0,0.0,0.0,0.0,0.0,0.0,0.0,0.0,0.0,0.0,0.0,72.0,35.34,34.05,198.3,124.5,2.5062257368398444,1.1881489460174213,0.8835426044226043,1.0,1.0,tez johnson,tezjohnson,tjohnson,Tampa Bay Buccaneers,00-0040237,0.0,0.0,0.0,0.0,0.0,0.0,0.0,1.0,0.0,0.0,0.0,T.Johnson,TB,team_norm & _alias_init_last,0.0,0.0,0.0,0.0,0.0,0.0,0.0,-1.0,0.0,0.0,0.0
2025,15,0.0,2025_15_BAL_CIN,Baltimore Ravens,Lamar Jackson,QB,00-0034796,1.0,31.57,180.3,1.95,0.85,9.2,23.4,0.26,0.0,0.0,0.0,0.0,0.2286,61.54,31.74,27.61,178.1,100.9,2.3066754683586224,0.906412760182708,0.7935964116854808,1.0,1.0,lamar jackson,lamarjackson,ljackson,Baltimore Ravens,00-0034796,19.0,150.0,2.0,1.0,0.0,0.0,0.0,0.0,0.0,0.0,0.0,L.Jackson,BAL,team_norm & _alias_init_last,12.57,30.30000000000001,-0.050000000000000044,-0.15000000000000002,9.2,23.4,0.26,0.0,0.0,0.0,0.0
2025,15,0.0,2025_15_BAL_CIN,Baltimore Ravens,Derrick Henry,RB,00-0032764,1.0,0.0,0.0,0.0,0.0,11.83,36.0,0.51,3.73,2.37,14.5,0.27,0.5439,61.54,31.74,27.61,178.1,100.9,2.3066754683586224,0.906412760182708,0.7935964116854808,1.0,1.0,derrick henry,derrickhenry,dhenry,Baltimore Ravens,00-0032764,0.0,0.0,0.0,0.0,11.0,100.0,0.0,0.0,0.0,0.0,0.0,D.Henry,BAL,team_norm & _alias_init_last,0.0,0.0,0.0,0.0,0.8300000000000001,-64.0,0.51,3.73,2.37,14.5,0.27
2025,15,0.0,2025_15_BAL_CIN,Baltimore Ravens,Keaton Mitchell,RB,00-0038454,1.0,0.0,0.0,0.0,0.0,6.57,21.0,0.18,2.32,1.53,10.7,0.17,0.2921,61.54,31.74,27.61,178.1,100.9,2.3066754683586224,0.906412760182708,0.7935964116854808,1.0,1.0,keaton mitchell,keatonmitchell,kmitchell,Baltimore Ravens,00-0038454,0.0,0.0,0.0,0.0,8.0,66.0,0.0,1.0,0.0,0.0,0.0,K.Mitchell,BAL,team_norm & _alias_init_last,0.0,0.0,0.0,0.0,-1.4299999999999997,-45.0,0.18,1.3199999999999998,1.53,10.7,0.17
2025,15,0.0,2025_15_BAL_CIN,Baltimore Ravens,Rasheen Ali,RB,00-0039796,1.0,0.0,0.0,0.0,0.0,0.0,0.0,0.0,0.0,0.0,0.0,0.0,0.0,61.54,31.74,27.61,178.1,100.9,2.3066754683586224,0.906412760182708,0.7935964116854808,1.0,1.0,rasheen ali,rasheenali,rali,Baltimore Ravens,00-0039796,0.0,0.0,0.0,0.0,0.0,0.0,0.0,3.0,2.0,32.0,1.0,R.Ali,BAL,team_norm & _alias_init_last,0.0,0.0,0.0,0.0,0.0,0.0,0.0,-3.0,-2.0,-32.0,-1.0
2025,15,0.0,2025_15_BAL_CIN,Baltimore Ravens,Mark Andrews,TE,00-0034753,1.0,0.0,0.0,0.0,0.0,0.0,0.0,0.0,5.93,3.3,22.9,0.41,0.3387,61.54,31.74,27.61,178.1,100.9,2.3066754683586224,0.906412760182708,0.7935964116854808,1.0,1.0,mark andrews,markandrews,mandrews,Baltimore Ravens,00-0034753,0.0,0.0,0.0,0.0,0.0,0.0,0.0,3.0,2.0,18.0,0.0,M.Andrews,BAL,team_norm & _alias_init_last,0.0,0.0,0.0,0.0,0.0,0.0,0.0,2.9299999999999997,1.2999999999999998,4.899999999999999,0.41
2025,15,0.0,2025_15_BAL_CIN,Baltimore Ravens,Isaiah Likely,TE,00-0037838,1.0,0.0,0.0,0.0,0.0,0.0,0.0,0.0,3.07,1.77,12.0,0.21,0.1906,61.54,31.74,27.61,178.1,100.9,2.3066754683586224,0.906412760182708,0.7935964116854808,1.0,1.0,isaiah likely,isaiahlikely,ilikely,Baltimore Ravens,00-0037838,,,,,,,,,,,,,,,,,,,,,,,,,
2025,15,0.0,2025_15_BAL_CIN,Baltimore Ravens,Baylor Cupp,TE,00-0039316,1.0,0.0,0.0,0.0,0.0,0.0,0.0,0.0,0.0,0.0,0.0,0.0,0.0,61.54,31.74,27.61,178.1,100.9,2.3066754683586224,0.906412760182708,0.7935964116854808,0.0,0.0,baylor cupp,baylorcupp,bcupp,Baltimore Ravens,00-0039316,,,,,,,,,,,,,,,,,,,,,,,,,
2025,15,0.0,2025_15_BAL_CIN,Baltimore Ravens,Charlie Kolar,TE,00-0038046,1.0,0.0,0.0,0.0,0.0,0.0,0.0,0.0,0.0,0.0,0.0,0.0,0.0,61.54,31.74,27.61,178.1,100.9,2.3066754683586224,0.906412760182708,0.7935964116854808,1.0,1.0,charlie kolar,charliekolar,ckolar,Baltimore Ravens,00-0038046,,,,,,,,,,,,,,,,,,,,,,,,,
2025,15,0.0,2025_15_BAL_CIN,Baltimore Ravens,Zay Flowers,WR,00-0039064,1.0,0.0,0.0,0.0,0.0,0.0,0.0,0.0,7.13,4.9,34.6,0.48,0.3784,61.54,31.74,27.61,178.1,100.9,2.3066754683586224,0.906412760182708,0.7935964116854808,1.0,1.0,zay flowers,zayflowers,zflowers,Baltimore Ravens,,0.0,0.0,0.0,0.0,0.0,0.0,0.0,5.0,3.0,68.0,1.0,Z.Flowers,BAL,team_norm & _alias_init_last,0.0,0.0,0.0,0.0,0.0,0.0,0.0,2.13,1.9000000000000004,-33.4,-0.52
2025,15,0.0,2025_15_BAL_CIN,Baltimore Ravens,Rashod Bateman,WR,00-0036550,1.0,0.0,0.0,0.0,0.0,0.0,0.0,0.0,5.37,3.2,26.1,0.37,0.307,61.54,31.74,27.61,178.1,100.9,2.3066754683586224,0.906412760182708,0.7935964116854808,0.0,0.0,rashod bateman,rashodbateman,rbateman,Baltimore Ravens,00-0036550,,,,,,,,,,,,,,,,,,,,,,,,,
2025,15,0.0,2025_15_BAL_CIN,Baltimore Ravens,DeAndre Hopkins,WR,00-0030564,1.0,0.0,0.0,0.0,0.0,0.0,0.0,0.0,3.58,2.13,15.9,0.24,0.2139,61.54,31.74,27.61,178.1,100.9,2.3066754683586224,0.906412760182708,0.7935964116854808,1.0,1.0,deandre hopkins,deandrehopkins,dhopkins,Baltimore Ravens,00-0030564,0.0,0.0,0.0,0.0,0.0,0.0,0.0,1.0,1.0,32.0,0.0,D.Hopkins,BAL,team_norm & _alias_init_last,0.0,0.0,0.0,0.0,0.0,0.0,0.0,2.58,1.13,-16.1,0.24
2025,15,0.0,2025_15_BAL_CIN,Baltimore Ravens,Anthony Miller,WR,00-0034353,1.0,0.0,0.0,0.0,0.0,0.0,0.0,0.0,0.0,0.0,0.0,0.0,0.0,61.54,31.74,27.61,178.1,100.9,2.3066754683586224,0.906412760182708,0.7935964116854808,0.0,0.0,anthony miller,anthonymiller,amiller,Baltimore Ravens,00-0034353,,,,,,,,,,,,,,,,,,,,,,,,,
2025,15,0.0,2025_15_BAL_CIN,Baltimore Ravens,Devontez Walker,WR,00-0039792,1.0,0.0,0.0,0.0,0.0,0.0,0.0,0.0,0.0,0.0,0.0,0.0,0.0,61.54,31.74,27.61,178.1,100.9,2.3066754683586224,0.906412760182708,0.7935964116854808,1.0,1.0,devontez walker,devontezwalker,dwalker,Baltimore Ravens,00-0039792,,,,,,,,,,,,,,,,,,,,,,,,,
2025,15,0.0,2025_15_BAL_CIN,Baltimore Ravens,LaJohntay Wester,WR,00-0040075,1.0,0.0,0.0,0.0,0.0,0.0,0.0,0.0,0.0,0.0,0.0,0.0,0.0,61.54,31.74,27.61,178.1,100.9,2.3066754683586224,0.906412760182708,0.7935964116854808,1.0,1.0,lajohntay wester,lajohntaywester,lwester,Baltimore Ravens,00-0040075,,,,,,,,,,,,,,,,,,,,,,,,,
2025,15,0.0,2025_15_BAL_CIN,Baltimore Ravens,Tylan Wallace,WR,00-0036630,1.0,0.0,0.0,0.0,0.0,0.0,0.0,0.0,0.0,0.0,0.0,0.0,0.0,61.54,31.74,27.61,178.1,100.9,2.3066754683586224,0.906412760182708,0.7935964116854808,1.0,1.0,tylan wallace,tylanwallace,twallace,Baltimore Ravens,00-0036630,,,,,,,,,,,,,,,,,,,,,,,,,
2025,15,0.0,2025_15_BAL_CIN,Cincinnati Bengals,Joe Burrow,QB,00-0036442,1.0,45.09,257.8,1.8,1.24,3.31,10.2,0.08,0.0,0.0,0.0,0.0,0.0756,72.0,46.67,22.8,291.6,92.8,1.826112006836467,0.4821795993388182,1.1667983958934312,1.0,1.0,joe burrow,joeburrow,jburrow,Cincinnati Bengals,00-0036442,48.0,225.0,0.0,2.0,0.0,0.0,0.0,0.0,0.0,0.0,0.0,J.Burrow,CIN,team_norm & _alias_init_last,-2.9099999999999966,32.80000000000001,1.8,-0.76,3.31,10.2,0.08,0.0,0.0,0.0,0.0
2025,15,0.0,2025_15_BAL_CIN,Cincinnati Bengals,Chase Brown,RB,00-0038597,1.0,0.0,0.0,0.0,0.0,12.53,42.7,0.32,5.26,3.61,22.3,0.21,0.4144,72.0,46.67,22.8,291.6,92.8,1.826112006836467,0.4821795993388182,1.1667983958934312,1.0,1.0,chase brown,chasebrown,cbrown,Cincinnati Bengals,00-0038597,0.0,0.0,0.0,0.0,14.0,53.0,0.0,7.0,7.0,37.0,0.0,C.Brown,CIN,team_norm & _alias_init_last,0.0,0.0,0.0,0.0,-1.4700000000000006,-10.299999999999997,0.32,-1.7400000000000002,-3.39,-14.7,0.21
2025,15,0.0,2025_15_BAL_CIN,Cincinnati Bengals,Samaje Perine,RB,00-0033526,1.0,0.0,0.0,0.0,0.0,6.96,24.8,0.12,3.28,2.23,13.1,0.13,0.2143,72.0,46.67,22.8,291.6,92.8,1.826112006836467,0.4821795993388182,1.1667983958934312,1.0,1.0,samaje perine,samajeperine,sperine,Cincinnati Bengals,00-0033526,0.0,0.0,0.0,0.0,14.0,42.0,0.0,1.0,1.0,1.0,0.0,S.Perine,CIN,team_norm & _alias_init_last,0.0,0.0,0.0,0.0,-7.04,-17.2,0.12,2.28,1.23,12.1,0.13
2025,15,0.0,2025_15_BAL_CIN,Cincinnati Bengals,Tahj Brooks,RB,00-0040208,1.0,0.0,0.0,0.0,0.0,0.0,0.0,0.0,0.0,0.0,0.0,0.0,0.0,72.0,46.67,22.8,291.6,92.8,1.826112006836467,0.4821795993388182,1.1667983958934312,1.0,1.0,tahj brooks,tahjbrooks,tbrooks,Cincinnati Bengals,00-0040208,,,,,,,,,,,,,,,,,,,,,,,,,
2025,15,0.0,2025_15_BAL_CIN,Cincinnati Bengals,Mike Gesicki,TE,00-0034829,1.0,0.0,0.0,0.0,0.0,0.0,0.0,0.0,8.15,4.52,35.1,0.3,0.2599,72.0,46.67,22.8,291.6,92.8,1.826112006836467,0.4821795993388182,1.1667983958934312,1.0,1.0,mike gesicki,mikegesicki,mgesicki,Cincinnati Bengals,00-0034829,0.0,0.0,0.0,0.0,0.0,0.0,0.0,3.0,1.0,11.0,0.0,M.Gesicki,CIN,team_norm & _alias_init_last,0.0,0.0,0.0,0.0,0.0,0.0,0.0,5.15,3.5199999999999996,24.1,0.3
2025,15,0.0,2025_15_BAL_CIN,Cincinnati Bengals,Noah Fant,TE,00-0035644,1.0,0.0,0.0,0.0,0.0,0.0,0.0,0.0,4.21,2.6,17.1,0.14,0.135,72.0,46.67,22.8,291.6,92.8,1.826112006836467,0.4821795993388182,1.1667983958934312,1.0,1.0,noah fant,noahfant,nfant,Cincinnati Bengals,00-0035644,,,,,,,,,,,,,,,,,,,,,,,,,
2025,15,0.0,2025_15_BAL_CIN,Cincinnati Bengals,Cam Grandy,TE,00-0039631,1.0,0.0,0.0,0.0,0.0,0.0,0.0,0.0,0.0,0.0,0.0,0.0,0.0,72.0,46.67,22.8,291.6,92.8,1.826112006836467,0.4821795993388182,1.1667983958934312,1.0,1.0,cam grandy,camgrandy,cgrandy,Cincinnati Bengals,00-0039631,,,,,,,,,,,,,,,,,,,,,,,,,
2025,15,0.0,2025_15_BAL_CIN,Cincinnati Bengals,Drew Sample,TE,00-0035631,1.0,0.0,0.0,0.0,0.0,0.0,0.0,0.0,0.0,0.0,0.0,0.0,0.0,72.0,46.67,22.8,291.6,92.8,1.826112006836467,0.4821795993388182,1.1667983958934312,1.0,1.0,drew sample,drewsample,dsample,Cincinnati Bengals,00-0035631,0.0,0.0,0.0,0.0,0.0,0.0,0.0,2.0,2.0,12.0,0.0,D.Sample,CIN,team_norm & _alias_init_last,0.0,0.0,0.0,0.0,0.0,0.0,0.0,-2.0,-2.0,-12.0,0.0
2025,15,0.0,2025_15_BAL_CIN,Cincinnati Bengals,Tanner Hudson,TE,00-0034613,1.0,0.0,0.0,0.0,0.0,0.0,0.0,0.0,0.0,0.0,0.0,0.0,0.0,72.0,46.67,22.8,291.6,92.8,1.826112006836467,0.4821795993388182,1.1667983958934312,1.0,1.0,tanner hudson,tannerhudson,thudson,Cincinnati Bengals,00-0034613,0.0,0.0,0.0,0.0,0.0,0.0,0.0,5.0,3.0,16.0,0.0,T.Hudson,CIN,team_norm & _alias_init_last,0.0,0.0,0.0,0.0,0.0,0.0,0.0,-5.0,-3.0,-16.0,0.0
2025,15,0.0,2025_15_BAL_CIN,Cincinnati Bengals,Ja'Marr Chase,WR,00-0036900,1.0,0.0,0.0,0.0,0.0,0.0,0.0,0.0,11.42,7.49,55.8,0.43,0.3502,72.0,46.67,22.8,291.6,92.8,1.826112006836467,0.4821795993388182,1.1667983958934312,1.0,1.0,ja'marr chase,jamarrchase,jchase,Cincinnati Bengals,00-0036900,0.0,0.0,0.0,0.0,0.0,0.0,0.0,17.0,10.0,132.0,0.0,J.Chase,CIN,team_norm & _alias_init_last,0.0,0.0,0.0,0.0,0.0,0.0,0.0,-5.58,-2.51,-76.2,0.43
2025,15,0.0,2025_15_BAL_CIN,Cincinnati Bengals,Tee Higgins,WR,00-0036410,1.0,0.0,0.0,0.0,0.0,0.0,0.0,0.0,8.6,5.26,42.5,0.33,0.2796,72.0,46.67,22.8,291.6,92.8,1.826112006836467,0.4821795993388182,1.1667983958934312,0.0,0.0,tee higgins,teehiggins,thiggins,Cincinnati Bengals,00-0036410,,,,,,,,,,,,,,,,,,,,,,,,,
2025,15,0.0,2025_15_BAL_CIN,Cincinnati Bengals,Andrei Iosivas,WR,00-0038619,1.0,0.0,0.0,0.0,0.0,0.0,0.0,0.0,5.74,3.16,28.7,0.22,0.1958,72.0,46.67,22.8,291.6,92.8,1.826112006836467,0.4821795993388182,1.1667983958934312,1.0,1.0,andrei iosivas,andreiiosivas,aiosivas,Cincinnati Bengals,00-0038619,0.0,0.0,0.0,0.0,0.0,0.0,0.0,2.0,0.0,0.0,0.0,A.Iosivas,CIN,team_norm & _alias_init_last,0.0,0.0,0.0,0.0,0.0,0.0,0.0,3.74,3.16,28.7,0.22
2025,15,0.0,2025_15_BAL_CIN,Cincinnati Bengals,Charlie Jones,WR,00-0038576,1.0,0.0,0.0,0.0,0.0,0.0,0.0,0.0,0.0,0.0,0.0,0.0,0.0,72.0,46.67,22.8,291.6,92.8,1.826112006836467,0.4821795993388182,1.1667983958934312,1.0,1.0,charlie jones,charliejones,cjones,Cincinnati Bengals,00-0038576,,,,,,,,,,,,,,,,,,,,,,,,,
2025,15,0.0,2025_15_BAL_CIN,Cincinnati Bengals,Cole Burgess,WR,00-0039626,1.0,0.0,0.0,0.0,0.0,0.0,0.0,0.0,0.0,0.0,0.0,0.0,0.0,72.0,46.67,22.8,291.6,92.8,1.826112006836467,0.4821795993388182,1.1667983958934312,0.0,0.0,cole burgess,coleburgess,cburgess,Cincinnati Bengals,00-0039626,,,,,,,,,,,,,,,,,,,,,,,,,
2025,15,0.0,2025_15_BAL_CIN,Cincinnati Bengals,Mitchell Tinsley,WR,00-0038839,1.0,0.0,0.0,0.0,0.0,0.0,0.0,0.0,0.0,0.0,0.0,0.0,0.0,72.0,46.67,22.8,291.6,92.8,1.826112006836467,0.4821795993388182,1.1667983958934312,1.0,1.0,mitchell tinsley,mitchelltinsley,mtinsley,Cincinnati Bengals,00-0038839,0.0,0.0,0.0,0.0,0.0,0.0,0.0,2.0,1.0,16.0,0.0,M.Tinsley,CIN,team_norm & _alias_init_last,0.0,0.0,0.0,0.0,0.0,0.0,0.0,-2.0,-1.0,-16.0,0.0
2025,15,0.0,2025_15_BUF_NE,Buffalo Bills,Josh Allen,QB,00-0034857,1.0,38.95,261.0,1.94,1.1,7.55,26.4,0.23,0.0,0.0,0.0,0.0,0.2077,68.76,41.2,24.8,312.7,122.6,2.363050900153177,0.7012161071423169,1.0298827421923256,1.0,1.0,josh allen,joshallen,jallen,Buffalo Bills,00-0034857,36.0,193.0,3.0,0.0,5.0,37.0,0.0,0.0,0.0,0.0,0.0,J.Allen,BUF,team_norm & _alias_init_last,2.950000000000003,68.0,-1.06,1.1,2.55,-10.600000000000001,0.23,0.0,0.0,0.0,0.0
2025,15,0.0,2025_15_BUF_NE,Buffalo Bills,James Cook III,RB,,1.0,0.0,0.0,0.0,0.0,11.09,59.9,0.38,4.81,3.01,32.9,0.28,0.4823,68.76,41.2,24.8,312.7,122.6,2.363050900153177,0.7012161071423169,1.0298827421923256,0.0,0.0,james cook iii,jamescookiii,jcook,Buffalo Bills,00-0037248,0.0,0.0,0.0,0.0,22.0,107.0,2.0,3.0,2.0,4.0,1.0,J.Cook,BUF,team_norm & _alias_init_last,0.0,0.0,0.0,0.0,-10.91,-47.1,-1.62,1.8099999999999996,1.0099999999999998,28.9,-0.72
2025,15,0.0,2025_15_BUF_NE,Buffalo Bills,Ray Davis,RB,00-0039875,1.0,0.0,0.0,0.0,0.0,6.16,26.8,0.14,2.99,2.02,16.0,0.18,0.271,68.76,41.2,24.8,312.7,122.6,2.363050900153177,0.7012161071423169,1.0298827421923256,1.0,1.0,ray davis,raydavis,rdavis,Buffalo Bills,00-0039875,0.0,0.0,0.0,0.0,0.0,0.0,0.0,1.0,1.0,13.0,0.0,R.Davis,BUF,team_norm & _alias_init_last,0.0,0.0,0.0,0.0,6.16,26.8,0.14,1.9900000000000002,1.02,3.0,0.18
2025,15,0.0,2025_15_BUF_NE,Buffalo Bills,Ty Johnson,RB,00-0035537,1.0,0.0,0.0,0.0,0.0,0.0,0.0,0.0,0.0,0.0,0.0,0.0,0.0,68.76,41.2,24.8,312.7,122.6,2.363050900153177,0.7012161071423169,1.0298827421923256,1.0,1.0,ty johnson,tyjohnson,tjohnson,Buffalo Bills,00-0034376,0.0,0.0,0.0,0.0,4.0,13.0,0.0,3.0,3.0,15.0,0.0,Ty.Johnson,BUF,team_norm & _name_norm_loose,0.0,0.0,0.0,0.0,-4.0,-13.0,0.0,-3.0,-3.0,-15.0,0.0
2025,15,0.0,2025_15_BUF_NE,Buffalo Bills,Dalton Kincaid,TE,00-0038933,1.0,0.0,0.0,0.0,0.0,0.0,0.0,0.0,7.53,4.4,38.0,0.39,0.3216,68.76,41.2,24.8,312.7,122.6,2.363050900153177,0.7012161071423169,1.0298827421923256,1.0,1.0,dalton kincaid,daltonkincaid,dkincaid,Buffalo Bills,00-0038933,0.0,0.0,0.0,0.0,0.0,0.0,0.0,4.0,3.0,34.0,0.0,D.Kincaid,BUF,team_norm & _alias_init_last,0.0,0.0,0.0,0.0,0.0,0.0,0.0,3.5300000000000002,1.4000000000000004,4.0,0.39
2025,15,0.0,2025_15_BUF_NE,Buffalo Bills,Dawson Knox,TE,00-0035689,1.0,0.0,0.0,0.0,0.0,0.0,0.0,0.0,3.89,2.26,19.3,0.22,0.1965,68.76,41.2,24.8,312.7,122.6,2.363050900153177,0.7012161071423169,1.0298827421923256,1.0,1.0,dawson knox,dawsonknox,dknox,Buffalo Bills,00-0035689,0.0,0.0,0.0,0.0,0.0,0.0,0.0,4.0,3.0,37.0,2.0,D.Knox,BUF,team_norm & _alias_init_last,0.0,0.0,0.0,0.0,0.0,0.0,0.0,-0.10999999999999988,-0.7400000000000002,-17.7,-1.78
2025,15,0.0,2025_15_BUF_NE,Buffalo Bills,Jackson Hawes,TE,00-0040194,1.0,0.0,0.0,0.0,0.0,0.0,0.0,0.0,0.0,0.0,0.0,0.0,0.0,68.76,41.2,24.8,312.7,122.6,2.363050900153177,0.7012161071423169,1.0298827421923256,1.0,1.0,jackson hawes,jacksonhawes,jhawes,Buffalo Bills,00-0040194,0.0,0.0,0.0,0.0,0.0,0.0,0.0,1.0,1.0,9.0,0.0,J.Hawes,BUF,team_norm & _alias_init_last,0.0,0.0,0.0,0.0,0.0,0.0,0.0,-1.0,-1.0,-9.0,0.0
2025,15,0.0,2025_15_BUF_NE,Buffalo Bills,Khalil Shakir,WR,00-0037261,1.0,0.0,0.0,0.0,0.0,0.0,0.0,0.0,9.64,7.01,59.5,0.52,0.4027,68.76,41.2,24.8,312.7,122.6,2.363050900153177,0.7012161071423169,1.0298827421923256,1.0,1.0,khalil shakir,khalilshakir,kshakir,Buffalo Bills,00-0037261,0.0,0.0,0.0,0.0,0.0,0.0,0.0,5.0,5.0,65.0,0.0,K.Shakir,BUF,team_norm & _alias_init_last,0.0,0.0,0.0,0.0,0.0,0.0,0.0,4.640000000000001,2.01,-5.5,0.52
2025,15,0.0,2025_15_BUF_NE,Buffalo Bills,Joshua Palmer,WR,,1.0,0.0,0.0,0.0,0.0,0.0,0.0,0.0,7.26,4.64,85.0,0.42,0.3406,68.76,41.2,24.8,312.7,122.6,2.363050900153177,0.7012161071423169,1.0298827421923256,0.0,0.0,joshua palmer,joshuapalmer,jpalmer,Buffalo Bills,00-0036988,0.0,0.0,0.0,0.0,0.0,0.0,0.0,3.0,1.0,16.0,0.0,J.Palmer,BUF,team_norm & _alias_init_last,0.0,0.0,0.0,0.0,0.0,0.0,0.0,4.26,3.6399999999999997,69.0,0.42
2025,15,0.0,2025_15_BUF_NE,Buffalo Bills,Keon Coleman,WR,00-0039901,1.0,0.0,0.0,0.0,0.0,0.0,0.0,0.0,4.84,2.4,29.9,0.28,0.242,68.76,41.2,24.8,312.7,122.6,2.363050900153177,0.7012161071423169,1.0298827421923256,1.0,1.0,keon coleman,keoncoleman,kcoleman,Buffalo Bills,00-0039901,0.0,0.0,0.0,0.0,0.0,0.0,0.0,1.0,0.0,0.0,0.0,K.Coleman,BUF,team_norm & _alias_init_last,0.0,0.0,0.0,0.0,0.0,0.0,0.0,3.84,2.4,29.9,0.28
2025,15,0.0,2025_15_BUF_NE,Buffalo Bills,Brandin Cooks,WR,00-0031236,1.0,0.0,0.0,0.0,0.0,0.0,0.0,0.0,0.0,0.0,0.0,0.0,0.0,68.76,41.2,24.8,312.7,122.6,2.363050900153177,0.7012161071423169,1.0298827421923256,1.0,1.0,brandin cooks,brandincooks,bcooks,Buffalo Bills,00-0031236,0.0,0.0,0.0,0.0,0.0,0.0,0.0,3.0,0.0,0.0,0.0,B.Cooks,BUF,team_norm & _alias_init_last,0.0,0.0,0.0,0.0,0.0,0.0,0.0,-3.0,0.0,0.0,0.0
2025,15,0.0,2025_15_BUF_NE,Buffalo Bills,David White,WR,00-0039562,1.0,0.0,0.0,0.0,0.0,0.0,0.0,0.0,0.0,0.0,0.0,0.0,0.0,68.76,41.2,24.8,312.7,122.6,2.363050900153177,0.7012161071423169,1.0298827421923256,1.0,1.0,david white,davidwhite,dwhite,Buffalo Bills,00-0039562,,,,,,,,,,,,,,,,,,,,,,,,,
2025,15,0.0,2025_15_BUF_NE,Buffalo Bills,Tyrell Shavers,WR,00-0038679,1.0,0.0,0.0,0.0,0.0,0.0,0.0,0.0,0.0,0.0,0.0,0.0,0.0,68.76,41.2,24.8,312.7,122.6,2.363050900153177,0.7012161071423169,1.0298827421923256,1.0,1.0,tyrell shavers,tyrellshavers,tshavers,Buffalo Bills,00-0038679,,,,,,,,,,,,,,,,,,,,,,,,,
2025,15,0.0,2025_15_BUF_NE,New England Patriots,Drake Maye,QB,00-0039851,1.0,36.82,190.9,1.7,1.07,6.34,17.6,0.18,0.0,0.0,0.0,0.0,0.1675,72.0,40.35,28.57,226.3,104.4,2.257450648854922,0.817390868931549,1.0086305294493338,1.0,1.0,drake maye,drakemaye,dmaye,New England Patriots,00-0039851,30.0,155.0,0.0,1.0,1.0,8.0,1.0,0.0,0.0,0.0,0.0,D.Maye,NE,team_norm & _alias_init_last,6.82,35.900000000000006,1.7,0.07000000000000006,5.34,9.600000000000001,-0.8200000000000001,0.0,0.0,0.0,0.0
2025,15,0.0,2025_15_BUF_NE,New England Patriots,TreVeyon Henderson,RB,00-0040734,1.0,0.0,0.0,0.0,0.0,14.29,47.2,0.5,4.68,3.27,18.6,0.26,0.5332,72.0,40.35,28.57,226.3,104.4,2.257450648854922,0.817390868931549,1.0086305294493338,1.0,1.0,treveyon henderson,treveyonhenderson,thenderson,New England Patriots,00-0040734,0.0,0.0,0.0,0.0,14.0,148.0,2.0,3.0,2.0,13.0,0.0,T.Henderson,NE,team_norm & _alias_init_last,0.0,0.0,0.0,0.0,0.28999999999999915,-100.8,-1.5,1.6799999999999997,1.27,5.600000000000001,0.26
2025,15,0.0,2025_15_BUF_NE,New England Patriots,Rhamondre Stevenson,RB,00-0036875,1.0,0.0,0.0,0.0,0.0,7.94,25.0,0.18,2.91,1.89,9.4,0.17,0.291,72.0,40.35,28.57,226.3,104.4,2.257450648854922,0.817390868931549,1.0086305294493338,1.0,1.0,rhamondre stevenson,rhamondrestevenson,rstevenson,New England Patriots,00-0036875,0.0,0.0,0.0,0.0,6.0,50.0,0.0,3.0,3.0,27.0,0.0,R.Stevenson,NE,team_norm & _alias_init_last,0.0,0.0,0.0,0.0,1.9400000000000004,-25.0,0.18,-0.08999999999999986,-1.11,-17.6,0.17
2025,15,0.0,2025_15_BUF_NE,New England Patriots,D'Ernest Johnson,RB,00-0035628,1.0,0.0,0.0,0.0,0.0,0.0,0.0,0.0,0.0,0.0,0.0,0.0,0.0,72.0,40.35,28.57,226.3,104.4,2.257450648854922,0.817390868931549,1.0086305294493338,1.0,1.0,d'ernest johnson,dernestjohnson,djohnson,New England Patriots,00-0035628,,,,,,,,,,,,,,,,,,,,,,,,,
2025,15,0.0,2025_15_BUF_NE,New England Patriots,Hunter Henry,TE,00-0033090,1.0,0.0,0.0,0.0,0.0,0.0,0.0,0.0,6.96,4.06,27.1,0.36,0.3056,72.0,40.35,28.57,226.3,104.4,2.257450648854922,0.817390868931549,1.0086305294493338,1.0,1.0,hunter henry,hunterhenry,hhenry,New England Patriots,00-0033090,0.0,0.0,0.0,0.0,0.0,0.0,0.0,4.0,1.0,18.0,0.0,H.Henry,NE,team_norm & _alias_init_last,0.0,0.0,0.0,0.0,0.0,0.0,0.0,2.96,3.0599999999999996,9.100000000000001,0.36
2025,15,0.0,2025_15_BUF_NE,New England Patriots,Austin Hooper,TE,00-0032392,1.0,0.0,0.0,0.0,0.0,0.0,0.0,0.0,3.6,2.13,13.2,0.19,0.1692,72.0,40.35,28.57,226.3,104.4,2.257450648854922,0.817390868931549,1.0086305294493338,1.0,1.0,austin hooper,austinhooper,ahooper,New England Patriots,00-0032392,,,,,,,,,,,,,,,,,,,,,,,,,
2025,15,0.0,2025_15_BUF_NE,New England Patriots,CJ Dippre,TE,00-0040566,1.0,0.0,0.0,0.0,0.0,0.0,0.0,0.0,0.0,0.0,0.0,0.0,0.0,72.0,40.35,28.57,226.3,104.4,2.257450648854922,0.817390868931549,1.0086305294493338,0.0,0.0,cj dippre,cjdippre,cdippre,New England Patriots,00-0040566,,,,,,,,,,,,,,,,,,,,,,,,,
2025,15,0.0,2025_15_BUF_NE,New England Patriots,Cole Fotheringham,TE,00-0037506,1.0,0.0,0.0,0.0,0.0,0.0,0.0,0.0,0.0,0.0,0.0,0.0,0.0,72.0,40.35,28.57,226.3,104.4,2.257450648854922,0.817390868931549,1.0086305294493338,0.0,0.0,cole fotheringham,colefotheringham,cfotheringham,New England Patriots,00-0037506,,,,,,,,,,,,,,,,,,,,,,,,,
2025,15,0.0,2025_15_BUF_NE,New England Patriots,Stefon Diggs,WR,00-0031588,1.0,0.0,0.0,0.0,0.0,0.0,0.0,0.0,9.84,6.86,45.7,0.51,0.3989,72.0,40.35,28.57,226.3,104.4,2.257450648854922,0.817390868931549,1.0086305294493338,1.0,1.0,stefon diggs,stefondiggs,sdiggs,New England Patriots,00-0031588,0.0,0.0,0.0,0.0,0.0,0.0,0.0,4.0,3.0,26.0,0.0,S.Diggs,NE,team_norm & _alias_init_last,0.0,0.0,0.0,0.0,0.0,0.0,0.0,5.84,3.8600000000000003,19.700000000000003,0.51
2025,15,0.0,2025_15_BUF_NE,New England Patriots,Kayshon Boutte,WR,00-0038608,1.0,0.0,0.0,0.0,0.0,0.0,0.0,0.0,7.41,4.43,35.6,0.38,0.3179,72.0,40.35,28.57,226.3,104.4,2.257450648854922,0.817390868931549,1.0086305294493338,1.0,1.0,kayshon boutte,kayshonboutte,kboutte,New England Patriots,00-0038608,0.0,0.0,0.0,0.0,0.0,0.0,0.0,1.0,1.0,30.0,0.0,K.Boutte,NE,team_norm & _alias_init_last,0.0,0.0,0.0,0.0,0.0,0.0,0.0,6.41,3.4299999999999997,5.600000000000001,0.38
2025,15,0.0,2025_15_BUF_NE,New England Patriots,Mack Hollins,WR,00-0033555,1.0,0.0,0.0,0.0,0.0,0.0,0.0,0.0,4.94,3.02,21.6,0.26,0.2258,72.0,40.35,28.57,226.3,104.4,2.257450648854922,0.817390868931549,1.0086305294493338,1.0,1.0,mack hollins,mackhollins,mhollins,New England Patriots,00-0033555,0.0,0.0,0.0,0.0,0.0,0.0,0.0,8.0,4.0,41.0,0.0,M.Hollins,NE,team_norm & _alias_init_last,0.0,0.0,0.0,0.0,0.0,0.0,0.0,-3.0599999999999996,-0.98,-19.4,0.26
2025,15,0.0,2025_15_BUF_NE,New England Patriots,Brandon Smith,WR,00-0036775,1.0,0.0,0.0,0.0,0.0,0.0,0.0,0.0,0.0,0.0,0.0,0.0,0.0,72.0,40.35,28.57,226.3,104.4,2.257450648854922,0.817390868931549,1.0086305294493338,0.0,0.0,brandon smith,brandonsmith,bsmith,New England Patriots,00-0036775,0.0,0.0,0.0,0.0,2.0,1.0,0.0,0.0,0.0,0.0,0.0,B.Smith,KC,_alias_init_last,0.0,0.0,0.0,0.0,-2.0,-1.0,0.0,0.0,0.0,0.0,0.0
2025,15,0.0,2025_15_BUF_NE,New England Patriots,DeMario Douglas,WR,00-0038621,1.0,0.0,0.0,0.0,0.0,0.0,0.0,0.0,0.0,0.0,0.0,0.0,0.0,72.0,40.35,28.57,226.3,104.4,2.257450648854922,0.817390868931549,1.0086305294493338,1.0,1.0,demario douglas,demariodouglas,ddouglas,New England Patriots,00-0038621,0.0,0.0,0.0,0.0,1.0,5.0,0.0,0.0,0.0,0.0,0.0,D.Douglas,NE,team_norm & _alias_init_last,0.0,0.0,0.0,0.0,-1.0,-5.0,0.0,0.0,0.0,0.0,0.0
2025,15,0.0,2025_15_BUF_NE,New England Patriots,Efton Chism III,WR,00-0040563,1.0,0.0,0.0,0.0,0.0,0.0,0.0,0.0,0.0,0.0,0.0,0.0,0.0,72.0,40.35,28.57,226.3,104.4,2.257450648854922,0.817390868931549,1.0086305294493338,0.0,0.0,efton chism iii,eftonchismiii,echism,New England Patriots,00-0040563,,,,,,,,,,,,,,,,,,,,,,,,,
2025,15,0.0,2025_15_BUF_NE,New England Patriots,Kyle Williams,WR,00-0040131,1.0,0.0,0.0,0.0,0.0,0.0,0.0,0.0,0.0,0.0,0.0,0.0,0.0,72.0,40.35,28.57,226.3,104.4,2.257450648854922,0.817390868931549,1.0086305294493338,1.0,1.0,kyle williams,kylewilliams,kwilliams,New England Patriots,00-0040131,0.0,0.0,0.0,0.0,15.0,78.0,2.0,1.0,1.0,10.0,0.0,K.Williams,LA,_alias_init_last,0.0,0.0,0.0,0.0,-15.0,-78.0,-2.0,-1.0,-1.0,-10.0,0.0
2025,15,0.0,2025_15_CAR_NO,Carolina Panthers,Bryce Young,QB,00-0039150,1.0,31.81,202.0,1.43,0.81,6.9,27.2,0.27,0.0,0.0,0.0,0.0,0.2395,72.0,30.26,39.6,229.7,195.8,1.8838687177895463,1.5837607897201584,0.7564948141799767,1.0,1.0,bryce young,bryceyoung,byoung,Carolina Panthers,00-0039150,32.0,163.0,1.0,0.0,1.0,2.0,0.0,0.0,0.0,0.0,0.0,B.Young,CAR,team_norm & _alias_init_last,-0.19000000000000128,39.0,0.42999999999999994,0.81,5.9,25.2,0.27,0.0,0.0,0.0,0.0
2025,15,0.0,2025_15_CAR_NO,Carolina Panthers,Rico Dowdle,RB,00-0036139,1.0,0.0,0.0,0.0,0.0,21.02,87.1,0.99,3.44,2.31,17.9,0.22,0.7014,72.0,30.26,39.6,229.7,195.8,1.8838687177895463,1.5837607897201584,0.7564948141799767,1.0,1.0,rico dowdle,ricodowdle,rdowdle,Carolina Panthers,00-0036139,0.0,0.0,0.0,0.0,16.0,49.0,1.0,1.0,1.0,5.0,0.0,R.Dowdle,CAR,team_norm & _alias_init_last,0.0,0.0,0.0,0.0,5.02,38.099999999999994,-0.010000000000000009,2.44,1.31,12.899999999999999,0.22
2025,15,0.0,2025_15_CAR_NO,Carolina Panthers,Chuba Hubbard,RB,00-0036555,1.0,0.0,0.0,0.0,0.0,11.68,50.3,0.36,2.14,1.41,10.1,0.13,0.3914,72.0,30.26,39.6,229.7,195.8,1.8838687177895463,1.5837607897201584,0.7564948141799767,1.0,1.0,chuba hubbard,chubahubbard,chubbard,Carolina Panthers,00-0036555,0.0,0.0,0.0,0.0,8.0,29.0,0.0,1.0,1.0,9.0,0.0,C.Hubbard,CAR,team_norm & _alias_init_last,0.0,0.0,0.0,0.0,3.6799999999999997,21.299999999999997,0.36,1.1400000000000001,0.4099999999999999,1.0999999999999996,0.13
2025,15,0.0,2025_15_CAR_NO,Carolina Panthers,Trevor Etienne,RB,00-0040644,1.0,0.0,0.0,0.0,0.0,0.0,0.0,0.0,0.0,0.0,0.0,0.0,0.0,72.0,30.26,39.6,229.7,195.8,1.8838687177895463,1.5837607897201584,0.7564948141799767,1.0,1.0,trevor etienne,trevoretienne,tetienne,Carolina Panthers,00-0040644,0.0,0.0,0.0,0.0,12.0,32.0,0.0,4.0,3.0,73.0,3.0,T.Etienne,JAX,_alias_init_last,0.0,0.0,0.0,0.0,-12.0,-32.0,0.0,-4.0,-3.0,-73.0,-3.0
2025,15,0.0,2025_15_CAR_NO,Carolina Panthers,Tommy Tremble,TE,00-0037005,1.0,0.0,0.0,0.0,0.0,0.0,0.0,0.0,5.45,3.12,30.4,0.31,0.2699,72.0,30.26,39.6,229.7,195.8,1.8838687177895463,1.5837607897201584,0.7564948141799767,1.0,1.0,tommy tremble,tommytremble,ttremble,Carolina Panthers,00-0037005,0.0,0.0,0.0,0.0,0.0,0.0,0.0,4.0,2.0,13.0,0.0,T.Tremble,CAR,team_norm & _alias_init_last,0.0,0.0,0.0,0.0,0.0,0.0,0.0,1.4500000000000002,1.12,17.4,0.31
2025,15,0.0,2025_15_CAR_NO,Carolina Panthers,Ja'Tavion Sanders,TE,00-0039356,1.0,0.0,0.0,0.0,0.0,0.0,0.0,0.0,2.82,1.74,15.5,0.17,0.1556,72.0,30.26,39.6,229.7,195.8,1.8838687177895463,1.5837607897201584,0.7564948141799767,1.0,1.0,ja'tavion sanders,jatavionsanders,jsanders,Carolina Panthers,00-0039356,0.0,0.0,0.0,0.0,0.0,0.0,0.0,2.0,2.0,5.0,0.0,J.Sanders,CAR,team_norm & _alias_init_last,0.0,0.0,0.0,0.0,0.0,0.0,0.0,0.8199999999999998,-0.26,10.5,0.17
2025,15,0.0,2025_15_CAR_NO,Carolina Panthers,Dominique Dafney,TE,00-0036456,1.0,0.0,0.0,0.0,0.0,0.0,0.0,0.0,0.0,0.0,0.0,0.0,0.0,72.0,30.26,39.6,229.7,195.8,1.8838687177895463,1.5837607897201584,0.7564948141799767,0.0,0.0,dominique dafney,dominiquedafney,ddafney,Carolina Panthers,00-0036456,,,,,,,,,,,,,,,,,,,,,,,,,
2025,15,0.0,2025_15_CAR_NO,Carolina Panthers,Mitchell Evans,TE,00-0040187,1.0,0.0,0.0,0.0,0.0,0.0,0.0,0.0,0.0,0.0,0.0,0.0,0.0,72.0,30.26,39.6,229.7,195.8,1.8838687177895463,1.5837607897201584,0.7564948141799767,1.0,1.0,mitchell evans,mitchellevans,mevans,Carolina Panthers,00-0040187,0.0,0.0,0.0,0.0,0.0,0.0,0.0,14.0,6.0,132.0,0.0,M.Evans,TB,_alias_init_last,0.0,0.0,0.0,0.0,0.0,0.0,0.0,-14.0,-6.0,-132.0,0.0
2025,15,0.0,2025_15_CAR_NO,Carolina Panthers,Tetairoa McMillan,WR,00-0040124,1.0,0.0,0.0,0.0,0.0,0.0,0.0,0.0,7.28,4.14,50.0,0.43,0.3478,72.0,30.26,39.6,229.7,195.8,1.8838687177895463,1.5837607897201584,0.7564948141799767,1.0,1.0,tetairoa mcmillan,tetairoamcmillan,tmcmillan,Carolina Panthers,00-0040124,0.0,0.0,0.0,0.0,0.0,0.0,0.0,4.0,2.0,25.0,0.0,T.McMillan,CAR,team_norm & _alias_init_last,0.0,0.0,0.0,0.0,0.0,0.0,0.0,3.2800000000000002,2.1399999999999997,25.0,0.43
2025,15,0.0,2025_15_CAR_NO,Carolina Panthers,Xavier Legette,WR,00-0039342,1.0,0.0,0.0,0.0,0.0,0.0,0.0,0.0,5.48,2.97,35.1,0.34,0.2861,72.0,30.26,39.6,229.7,195.8,1.8838687177895463,1.5837607897201584,0.7564948141799767,1.0,1.0,xavier legette,xavierlegette,xlegette,Carolina Panthers,00-0039342,0.0,0.0,0.0,0.0,0.0,0.0,0.0,3.0,2.0,39.0,0.0,X.Legette,CAR,team_norm & _alias_init_last,0.0,0.0,0.0,0.0,0.0,0.0,0.0,2.4800000000000004,0.9700000000000002,-3.8999999999999986,0.34
2025,15,0.0,2025_15_CAR_NO,Carolina Panthers,Jalen Coker,WR,00-0039491,1.0,0.0,0.0,0.0,0.0,0.0,0.0,0.0,3.65,2.46,24.2,0.22,0.1951,72.0,30.26,39.6,229.7,195.8,1.8838687177895463,1.5837607897201584,0.7564948141799767,1.0,1.0,jalen coker,jalencoker,jcoker,Carolina Panthers,00-0039491,0.0,0.0,0.0,0.0,0.0,0.0,0.0,4.0,4.0,60.0,1.0,J.Coker,CAR,team_norm & _alias_init_last,0.0,0.0,0.0,0.0,0.0,0.0,0.0,-0.3500000000000001,-1.54,-35.8,-0.78
2025,15,0.0,2025_15_CAR_NO,Carolina Panthers,Brycen Tremayne,WR,00-0038840,1.0,0.0,0.0,0.0,0.0,0.0,0.0,0.0,0.0,0.0,0.0,0.0,0.0,72.0,30.26,39.6,229.7,195.8,1.8838687177895463,1.5837607897201584,0.7564948141799767,1.0,1.0,brycen tremayne,brycentremayne,btremayne,Carolina Panthers,00-0038840,,,,,,,,,,,,,,,,,,,,,,,,,
2025,15,0.0,2025_15_CAR_NO,Carolina Panthers,Jimmy Horn Jr.,WR,00-0040218,1.0,0.0,0.0,0.0,0.0,0.0,0.0,0.0,0.0,0.0,0.0,0.0,0.0,72.0,30.26,39.6,229.7,195.8,1.8838687177895463,1.5837607897201584,0.7564948141799767,1.0,1.0,jimmy horn jr.,jimmyhornjr,jhorn,Carolina Panthers,00-0036944,0.0,0.0,0.0,0.0,0.0,0.0,0.0,1.0,1.0,7.0,0.0,Ji.Horn,CAR,team_norm & _alias_init_last,0.0,0.0,0.0,0.0,0.0,0.0,0.0,-1.0,-1.0,-7.0,0.0
2025,15,0.0,2025_15_CAR_NO,New Orleans Saints,Tyler Shough,QB,00-0040743,1.0,29.42,150.0,1.99,0.77,2.54,7.4,0.1,0.0,0.0,0.0,0.0,0.0927,66.42,29.02,35.58,162.8,130.1,2.21675589274127,1.3189490651735034,0.7255756285810229,1.0,1.0,tyler shough,tylershough,tshough,New Orleans Saints,00-0040743,43.0,272.0,1.0,0.0,4.0,15.0,0.0,0.0,0.0,0.0,0.0,T.Shough,NO,team_norm & _alias_init_last,-13.579999999999998,-122.0,0.99,0.77,-1.46,-7.6,0.1,0.0,0.0,0.0,0.0
2025,15,0.0,2025_15_CAR_NO,New Orleans Saints,Alvin Kamara,RB,00-0033906,1.0,0.0,0.0,0.0,0.0,21.25,66.5,0.94,3.43,2.35,11.5,0.26,0.6974,66.42,29.02,35.58,162.8,130.1,2.21675589274127,1.3189490651735034,0.7255756285810229,0.0,0.0,alvin kamara,alvinkamara,akamara,New Orleans Saints,00-0033906,,,,,,,,,,,,,,,,,,,,,,,,,
2025,15,0.0,2025_15_CAR_NO,New Orleans Saints,Devin Neal,RB,00-0040202,1.0,0.0,0.0,0.0,0.0,11.8,41.1,0.32,2.14,1.47,9.0,0.16,0.3795,66.42,29.02,35.58,162.8,130.1,2.21675589274127,1.3189490651735034,0.7255756285810229,1.0,1.0,devin neal,devinneal,dneal,New Orleans Saints,00-0040202,0.0,0.0,0.0,0.0,7.0,28.0,1.0,2.0,1.0,4.0,0.0,D.Neal,NO,team_norm & _alias_init_last,0.0,0.0,0.0,0.0,4.800000000000001,13.100000000000001,-0.6799999999999999,0.14000000000000012,0.47,5.0,0.16
2025,15,0.0,2025_15_CAR_NO,New Orleans Saints,Audric Estime,RB,00-0039373,1.0,0.0,0.0,0.0,0.0,0.0,0.0,0.0,0.0,0.0,0.0,0.0,0.0,66.42,29.02,35.58,162.8,130.1,2.21675589274127,1.3189490651735034,0.7255756285810229,1.0,1.0,audric estime,audricestime,aestime,New Orleans Saints,00-0039373,0.0,0.0,0.0,0.0,4.0,11.0,0.0,3.0,3.0,39.0,0.0,A.Estime,NO,team_norm & _alias_init_last,0.0,0.0,0.0,0.0,-4.0,-11.0,0.0,-3.0,-3.0,-39.0,0.0
2025,15,0.0,2025_15_CAR_NO,New Orleans Saints,Evan Hull,RB,00-0038397,1.0,0.0,0.0,0.0,0.0,0.0,0.0,0.0,0.0,0.0,0.0,0.0,0.0,66.42,29.02,35.58,162.8,130.1,2.21675589274127,1.3189490651735034,0.7255756285810229,1.0,1.0,evan hull,evanhull,ehull,New Orleans Saints,00-0038397,0.0,0.0,0.0,0.0,5.0,12.0,0.0,0.0,0.0,0.0,0.0,E.Hull,NO,team_norm & _alias_init_last,0.0,0.0,0.0,0.0,-5.0,-12.0,0.0,0.0,0.0,0.0,0.0
2025,15,0.0,2025_15_CAR_NO,New Orleans Saints,Juwan Johnson,TE,00-0036040,1.0,0.0,0.0,0.0,0.0,0.0,0.0,0.0,5.17,2.88,19.8,0.35,0.2957,66.42,29.02,35.58,162.8,130.1,2.21675589274127,1.3189490651735034,0.7255756285810229,1.0,1.0,juwan johnson,juwanjohnson,jjohnson,New Orleans Saints,00-0036040,0.0,0.0,0.0,0.0,0.0,0.0,0.0,4.0,4.0,30.0,0.0,J.Johnson,NO,team_norm & _alias_init_last,0.0,0.0,0.0,0.0,0.0,0.0,0.0,1.17,-1.12,-10.2,0.35
2025,15,0.0,2025_15_CAR_NO,New Orleans Saints,Foster Moreau,TE,00-0034981,1.0,0.0,0.0,0.0,0.0,0.0,0.0,0.0,2.67,1.51,10.6,0.19,0.1715,66.42,29.02,35.58,162.8,130.1,2.21675589274127,1.3189490651735034,0.7255756285810229,1.0,1.0,foster moreau,fostermoreau,fmoreau,New Orleans Saints,00-0034981,,,,,,,,,,,,,,,,,,,,,,,,,
2025,15,0.0,2025_15_CAR_NO,New Orleans Saints,Jack Stoll,TE,00-0036741,1.0,0.0,0.0,0.0,0.0,0.0,0.0,0.0,0.0,0.0,0.0,0.0,0.0,66.42,29.02,35.58,162.8,130.1,2.21675589274127,1.3189490651735034,0.7255756285810229,1.0,1.0,jack stoll,jackstoll,jstoll,New Orleans Saints,00-0036741,0.0,0.0,0.0,0.0,0.0,0.0,0.0,1.0,1.0,7.0,0.0,J.Stoll,NO,team_norm & _alias_init_last,0.0,0.0,0.0,0.0,0.0,0.0,0.0,-1.0,-1.0,-7.0,0.0
2025,15,0.0,2025_15_CAR_NO,New Orleans Saints,Chris Olave,WR,00-0037239,1.0,0.0,0.0,0.0,0.0,0.0,0.0,0.0,6.8,4.19,31.8,0.47,0.3762,66.42,29.02,35.58,162.8,130.1,2.21675589274127,1.3189490651735034,0.7255756285810229,1.0,1.0,chris olave,chrisolave,colave,New Orleans Saints,00-0037239,0.0,0.0,0.0,0.0,0.0,0.0,0.0,9.0,6.0,85.0,1.0,C.Olave,NO,team_norm & _alias_init_last,0.0,0.0,0.0,0.0,0.0,0.0,0.0,-2.2,-1.8099999999999996,-53.2,-0.53
2025,15,0.0,2025_15_CAR_NO,New Orleans Saints,Devaughn Vele,WR,00-0039424,1.0,0.0,0.0,0.0,0.0,0.0,0.0,0.0,5.12,3.23,26.4,0.37,0.3081,66.42,29.02,35.58,162.8,130.1,2.21675589274127,1.3189490651735034,0.7255756285810229,1.0,1.0,devaughn vele,devaughnvele,dvele,New Orleans Saints,00-0039424,0.0,0.0,0.0,0.0,0.0,0.0,0.0,7.0,5.0,69.0,0.0,D.Vele,NO,team_norm & _alias_init_last,0.0,0.0,0.0,0.0,0.0,0.0,0.0,-1.88,-1.77,-42.6,0.37
2025,15,0.0,2025_15_CAR_NO,New Orleans Saints,Mason Tipton,WR,00-0039623,1.0,0.0,0.0,0.0,0.0,0.0,0.0,0.0,3.42,1.9,19.0,0.25,0.2181,66.42,29.02,35.58,162.8,130.1,2.21675589274127,1.3189490651735034,0.7255756285810229,1.0,1.0,mason tipton,masontipton,mtipton,New Orleans Saints,00-0039623,0.0,0.0,0.0,0.0,1.0,-4.0,0.0,4.0,1.0,5.0,0.0,M.Tipton,NO,team_norm & _alias_init_last,0.0,0.0,0.0,0.0,-1.0,4.0,0.0,-0.5800000000000001,0.8999999999999999,14.0,0.25
2025,15,0.0,2025_15_CAR_NO,New Orleans Saints,Dante Pettis,WR,00-0034860,1.0,0.0,0.0,0.0,0.0,0.0,0.0,0.0,0.0,0.0,0.0,0.0,0.0,66.42,29.02,35.58,162.8,130.1,2.21675589274127,1.3189490651735034,0.7255756285810229,1.0,1.0,dante pettis,dantepettis,dpettis,New Orleans Saints,00-0034860,,,,,,,,,,,,,,,,,,,,,,,,,
2025,15,0.0,2025_15_CAR_NO,New Orleans Saints,Kevin Austin Jr.,WR,00-0037231,1.0,0.0,0.0,0.0,0.0,0.0,0.0,0.0,0.0,0.0,0.0,0.0,0.0,66.42,29.02,35.58,162.8,130.1,2.21675589274127,1.3189490651735034,0.7255756285810229,1.0,1.0,kevin austin jr.,kevinaustinjr,kaustin,New Orleans Saints,00-0037231,0.0,0.0,0.0,0.0,0.0,0.0,0.0,5.0,3.0,33.0,0.0,K.Austin,NO,team_norm & _alias_init_last,0.0,0.0,0.0,0.0,0.0,0.0,0.0,-5.0,-3.0,-33.0,0.0
2025,15,0.0,2025_15_CLE_CHI,Chicago Bears,Caleb Williams,QB,00-0039918,1.0,38.6,246.4,2.54,1.02,7.61,29.4,0.39,0.0,0.0,0.0,0.0,0.325,72.0,38.32,30.86,290.8,152.6,3.7352913478120815,1.5084830443087252,0.9578760022483076,1.0,1.0,caleb williams,calebwilliams,cwilliams,Chicago Bears,00-0035857,34.0,242.0,2.0,0.0,1.0,0.0,0.0,0.0,0.0,0.0,0.0,C.Williams,CHI,team_norm & _alias_init_last,4.600000000000001,4.400000000000006,0.54,1.02,6.61,29.4,0.39,0.0,0.0,0.0,0.0
2025,15,0.0,2025_15_CLE_CHI,Chicago Bears,D'Andre Swift,RB,00-0036275,1.0,0.0,0.0,0.0,0.0,14.95,64.9,0.89,4.5,2.88,22.1,0.43,0.7331,72.0,38.32,30.86,290.8,152.6,3.7352913478120815,1.5084830443087252,0.9578760022483076,1.0,1.0,d'andre swift,dandreswift,dswift,Chicago Bears,00-0036275,0.0,0.0,0.0,0.0,19.0,98.0,2.0,1.0,1.0,-2.0,0.0,D.Swift,CHI,team_norm & _alias_init_last,0.0,0.0,0.0,0.0,-4.050000000000001,-33.099999999999994,-1.1099999999999999,3.5,1.88,24.1,0.43
2025,15,0.0,2025_15_CLE_CHI,Chicago Bears,Kyle Monangai,RB,00-0040236,1.0,0.0,0.0,0.0,0.0,8.3,35.4,0.33,2.8,1.51,15.4,0.27,0.4508,72.0,38.32,30.86,290.8,152.6,3.7352913478120815,1.5084830443087252,0.9578760022483076,1.0,1.0,kyle monangai,kylemonangai,kmonangai,Chicago Bears,00-0040236,0.0,0.0,0.0,0.0,11.0,33.0,0.0,2.0,0.0,0.0,0.0,K.Monangai,CHI,team_norm & _alias_init_last,0.0,0.0,0.0,0.0,-2.6999999999999993,2.3999999999999986,0.33,0.7999999999999998,1.51,15.4,0.27
2025,15,0.0,2025_15_CLE_CHI,Chicago Bears,Brittain Brown,RB,00-0037329,1.0,0.0,0.0,0.0,0.0,0.0,0.0,0.0,0.0,0.0,0.0,0.0,0.0,72.0,38.32,30.86,290.8,152.6,3.7352913478120815,1.5084830443087252,0.9578760022483076,1.0,1.0,brittain brown,brittainbrown,bbrown,Chicago Bears,00-0037329,,,,,,,,,,,,,,,,,,,,,,,,,
2025,15,0.0,2025_15_CLE_CHI,Chicago Bears,Colston Loveland,TE,00-0040126,1.0,0.0,0.0,0.0,0.0,0.0,0.0,0.0,6.86,3.98,39.6,0.64,0.471,72.0,38.32,30.86,290.8,152.6,3.7352913478120815,1.5084830443087252,0.9578760022483076,1.0,1.0,colston loveland,colstonloveland,cloveland,Chicago Bears,00-0040126,0.0,0.0,0.0,0.0,1.0,-2.0,0.0,5.0,4.0,63.0,0.0,C.Loveland,CHI,team_norm & _alias_init_last,0.0,0.0,0.0,0.0,-1.0,2.0,0.0,1.8600000000000003,-0.020000000000000018,-23.4,0.64
2025,15,0.0,2025_15_CLE_CHI,Chicago Bears,Cole Kmet,TE,00-0036290,1.0,0.0,0.0,0.0,0.0,0.0,0.0,0.0,3.55,2.23,17.4,0.32,0.2759,72.0,38.32,30.86,290.8,152.6,3.7352913478120815,1.5084830443087252,0.9578760022483076,1.0,1.0,cole kmet,colekmet,ckmet,Chicago Bears,00-0036290,0.0,0.0,0.0,0.0,0.0,0.0,0.0,4.0,2.0,28.0,0.0,C.Kmet,CHI,team_norm & _alias_init_last,0.0,0.0,0.0,0.0,0.0,0.0,0.0,-0.4500000000000002,0.22999999999999998,-10.600000000000001,0.32
2025,15,0.0,2025_15_CLE_CHI,Chicago Bears,Durham Smythe,TE,00-0034798,1.0,0.0,0.0,0.0,0.0,0.0,0.0,0.0,0.0,0.0,0.0,0.0,0.0,72.0,38.32,30.86,290.8,152.6,3.7352913478120815,1.5084830443087252,0.9578760022483076,1.0,1.0,durham smythe,durhamsmythe,dsmythe,Chicago Bears,00-0034798,,,,,,,,,,,,,,,,,,,,,,,,,
2025,15,0.0,2025_15_CLE_CHI,Chicago Bears,Rome Odunze,WR,00-0039919,1.0,0.0,0.0,0.0,0.0,0.0,0.0,0.0,9.0,4.58,58.6,0.85,0.5725,72.0,38.32,30.86,290.8,152.6,3.7352913478120815,1.5084830443087252,0.9578760022483076,1.0,1.0,rome odunze,romeodunze,rodunze,Chicago Bears,00-0039919,,,,,,,,,,,,,,,,,,,,,,,,,
2025,15,0.0,2025_15_CLE_CHI,Chicago Bears,DJ Moore,WR,00-0034827,1.0,0.0,0.0,0.0,0.0,0.0,0.0,0.0,6.78,4.1,38.3,0.61,0.4567,72.0,38.32,30.86,290.8,152.6,3.7352913478120815,1.5084830443087252,0.9578760022483076,1.0,1.0,dj moore,djmoore,dmoore,Chicago Bears,00-0034827,0.0,0.0,0.0,0.0,0.0,0.0,0.0,5.0,4.0,65.0,2.0,D.Moore,CHI,team_norm & _alias_init_last,0.0,0.0,0.0,0.0,0.0,0.0,0.0,1.7800000000000002,0.09999999999999964,-26.700000000000003,-1.3900000000000001
2025,15,0.0,2025_15_CLE_CHI,Chicago Bears,Luther Burden III,WR,00-0040735,1.0,0.0,0.0,0.0,0.0,0.0,0.0,0.0,4.52,3.08,30.2,0.4,0.3325,72.0,38.32,30.86,290.8,152.6,3.7352913478120815,1.5084830443087252,0.9578760022483076,1.0,1.0,luther burden iii,lutherburdeniii,lburden,Chicago Bears,00-0040735,0.0,0.0,0.0,0.0,0.0,0.0,0.0,7.0,6.0,84.0,0.0,L.Burden,CHI,team_norm & _alias_init_last,0.0,0.0,0.0,0.0,0.0,0.0,0.0,-2.4800000000000004,-2.92,-53.8,0.4
2025,15,0.0,2025_15_CLE_CHI,Chicago Bears,Devin Duvernay,WR,00-0036331,1.0,0.0,0.0,0.0,0.0,0.0,0.0,0.0,0.0,0.0,0.0,0.0,0.0,72.0,38.32,30.86,290.8,152.6,3.7352913478120815,1.5084830443087252,0.9578760022483076,1.0,1.0,devin duvernay,devinduvernay,dduvernay,Chicago Bears,00-0036331,0.0,0.0,0.0,0.0,0.0,0.0,0.0,1.0,0.0,0.0,0.0,D.Duvernay,CHI,team_norm & _alias_init_last,0.0,0.0,0.0,0.0,0.0,0.0,0.0,-1.0,0.0,0.0,0.0
2025,15,0.0,2025_15_CLE_CHI,Chicago Bears,Olamide Zaccheaus,WR,00-0035208,1.0,0.0,0.0,0.0,0.0,0.0,0.0,0.0,0.0,0.0,0.0,0.0,0.0,72.0,38.32,30.86,290.8,152.6,3.7352913478120815,1.5084830443087252,0.9578760022483076,1.0,1.0,olamide zaccheaus,olamidezaccheaus,ozaccheaus,Chicago Bears,00-0035208,0.0,0.0,0.0,0.0,0.0,0.0,0.0,3.0,0.0,0.0,0.0,O.Zaccheaus,CHI,team_norm & _alias_init_last,0.0,0.0,0.0,0.0,0.0,0.0,0.0,-3.0,0.0,0.0,0.0
2025,15,0.0,2025_15_CLE_CHI,Cleveland Browns,Shedeur Sanders,QB,00-0040668,1.0,47.88,241.2,2.04,1.26,0.56,1.7,0.01,0.0,0.0,0.0,0.0,0.0114,72.0,47.24,21.6,265.0,78.9,2.258715717438992,0.4622303118697117,1.1809225714285716,1.0,1.0,shedeur sanders,shedeursanders,ssanders,Cleveland Browns,00-0040668,42.0,177.0,0.0,3.0,0.0,0.0,0.0,0.0,0.0,0.0,0.0,S.Sanders,CLE,team_norm & _alias_init_last,5.880000000000003,64.19999999999999,2.04,-1.74,0.56,1.7,0.01,0.0,0.0,0.0,0.0
2025,15,0.0,2025_15_CLE_CHI,Cleveland Browns,Quinshon Judkins,RB,00-0040784,1.0,0.0,0.0,0.0,0.0,13.52,43.0,0.34,5.46,3.39,22.9,0.25,0.4449,72.0,47.24,21.6,265.0,78.9,2.258715717438992,0.4622303118697117,1.1809225714285716,1.0,1.0,quinshon judkins,quinshonjudkins,qjudkins,Cleveland Browns,00-0040784,0.0,0.0,0.0,0.0,12.0,21.0,0.0,4.0,3.0,-4.0,0.0,Q.Judkins,CLE,team_norm & _alias_init_last,0.0,0.0,0.0,0.0,1.5199999999999996,22.0,0.34,1.46,0.3900000000000001,26.9,0.25
2025,15,0.0,2025_15_CLE_CHI,Cleveland Browns,Dylan Sampson,RB,00-0040162,1.0,0.0,0.0,0.0,0.0,7.51,25.7,0.12,3.39,2.28,13.1,0.16,0.2459,72.0,47.24,21.6,265.0,78.9,2.258715717438992,0.4622303118697117,1.1809225714285716,0.0,0.0,dylan sampson,dylansampson,dsampson,Cleveland Browns,00-0040162,,,,,,,,,,,,,,,,,,,,,,,,,
2025,15,0.0,2025_15_CLE_CHI,Cleveland Browns,Raheim Sanders,RB,00-0040466,1.0,0.0,0.0,0.0,0.0,0.0,0.0,0.0,0.0,0.0,0.0,0.0,0.0,72.0,47.24,21.6,265.0,78.9,2.258715717438992,0.4622303118697117,1.1809225714285716,1.0,1.0,raheim sanders,raheimsanders,rsanders,Cleveland Browns,00-0040466,,,,,,,,,,,,,,,,,,,,,,,,,
2025,15,0.0,2025_15_CLE_CHI,Cleveland Browns,Trayveon Williams,RB,00-0035291,1.0,0.0,0.0,0.0,0.0,0.0,0.0,0.0,0.0,0.0,0.0,0.0,0.0,72.0,47.24,21.6,265.0,78.9,2.258715717438992,0.4622303118697117,1.1809225714285716,1.0,1.0,trayveon williams,trayveonwilliams,twilliams,Cleveland Browns,00-0035291,0.0,0.0,0.0,0.0,1.0,3.0,0.0,2.0,2.0,4.0,0.0,T.Williams,CLE,team_norm & _alias_init_last,0.0,0.0,0.0,0.0,-1.0,-3.0,0.0,-2.0,-2.0,-4.0,0.0
2025,15,0.0,2025_15_CLE_CHI,Cleveland Browns,Harold Fannin Jr.,TE,00-0040663,1.0,0.0,0.0,0.0,0.0,0.0,0.0,0.0,8.48,4.53,34.4,0.36,0.304,72.0,47.24,21.6,265.0,78.9,2.258715717438992,0.4622303118697117,1.1809225714285716,1.0,1.0,harold fannin jr.,haroldfanninjr,hfannin,Cleveland Browns,00-0040663,0.0,0.0,0.0,0.0,1.0,2.0,0.0,14.0,7.0,48.0,0.0,H.Fannin,CLE,team_norm & _alias_init_last,0.0,0.0,0.0,0.0,-1.0,-2.0,0.0,-5.52,-2.4699999999999998,-13.600000000000001,0.36
2025,15,0.0,2025_15_CLE_CHI,Cleveland Browns,David Njoku,TE,00-0033885,1.0,0.0,0.0,0.0,0.0,0.0,0.0,0.0,4.39,2.37,15.2,0.2,0.1784,72.0,47.24,21.6,265.0,78.9,2.258715717438992,0.4622303118697117,1.1809225714285716,0.0,0.0,david njoku,davidnjoku,dnjoku,Cleveland Browns,00-0033885,,,,,,,,,,,,,,,,,,,,,,,,,
2025,15,0.0,2025_15_CLE_CHI,Cleveland Browns,Blake Whiteheart,TE,00-0038710,1.0,0.0,0.0,0.0,0.0,0.0,0.0,0.0,0.0,0.0,0.0,0.0,0.0,72.0,47.24,21.6,265.0,78.9,2.258715717438992,0.4622303118697117,1.1809225714285716,1.0,1.0,blake whiteheart,blakewhiteheart,bwhiteheart,Cleveland Browns,00-0038710,,,,,,,,,,,,,,,,,,,,,,,,,
2025,15,0.0,2025_15_CLE_CHI,Cleveland Browns,Brenden Bates,TE,00-0039458,1.0,0.0,0.0,0.0,0.0,0.0,0.0,0.0,0.0,0.0,0.0,0.0,0.0,72.0,47.24,21.6,265.0,78.9,2.258715717438992,0.4622303118697117,1.1809225714285716,1.0,1.0,brenden bates,brendenbates,bbates,Cleveland Browns,00-0039458,,,,,,,,,,,,,,,,,,,,,,,,,
2025,15,0.0,2025_15_CLE_CHI,Cleveland Browns,Jerry Jeudy,WR,00-0036407,1.0,0.0,0.0,0.0,0.0,0.0,0.0,0.0,11.29,6.68,55.1,0.5,0.3921,72.0,47.24,21.6,265.0,78.9,2.258715717438992,0.4622303118697117,1.1809225714285716,1.0,1.0,jerry jeudy,jerryjeudy,jjeudy,Cleveland Browns,00-0036407,0.0,0.0,0.0,0.0,0.0,0.0,0.0,4.0,2.0,22.0,0.0,J.Jeudy,CLE,team_norm & _alias_init_last,0.0,0.0,0.0,0.0,0.0,0.0,0.0,7.289999999999999,4.68,33.1,0.5
2025,15,0.0,2025_15_CLE_CHI,Cleveland Browns,Cedric Tillman,WR,00-0038979,1.0,0.0,0.0,0.0,0.0,0.0,0.0,0.0,8.51,4.39,42.1,0.39,0.322,72.0,47.24,21.6,265.0,78.9,2.258715717438992,0.4622303118697117,1.1809225714285716,1.0,1.0,cedric tillman,cedrictillman,ctillman,Cleveland Browns,00-0038979,,,,,,,,,,,,,,,,,,,,,,,,,
2025,15,0.0,2025_15_CLE_CHI,Cleveland Browns,Isaiah Bond,WR,00-0040782,1.0,0.0,0.0,0.0,0.0,0.0,0.0,0.0,5.67,2.76,33.1,0.26,0.2259,72.0,47.24,21.6,265.0,78.9,2.258715717438992,0.4622303118697117,1.1809225714285716,1.0,1.0,isaiah bond,isaiahbond,ibond,Cleveland Browns,00-0040782,0.0,0.0,0.0,0.0,0.0,0.0,0.0,4.0,2.0,89.0,0.0,I.Bond,CLE,team_norm & _alias_init_last,0.0,0.0,0.0,0.0,0.0,0.0,0.0,1.67,0.7599999999999998,-55.9,0.26
2025,15,0.0,2025_15_CLE_CHI,Cleveland Browns,Cade McDonald,WR,00-0040615,1.0,0.0,0.0,0.0,0.0,0.0,0.0,0.0,0.0,0.0,0.0,0.0,0.0,72.0,47.24,21.6,265.0,78.9,2.258715717438992,0.4622303118697117,1.1809225714285716,0.0,0.0,cade mcdonald,cademcdonald,cmcdonald,Cleveland Browns,00-0040615,,,,,,,,,,,,,,,,,,,,,,,,,
2025,15,0.0,2025_15_CLE_CHI,Cleveland Browns,Chase Cota,WR,00-0038651,1.0,0.0,0.0,0.0,0.0,0.0,0.0,0.0,0.0,0.0,0.0,0.0,0.0,72.0,47.24,21.6,265.0,78.9,2.258715717438992,0.4622303118697117,1.1809225714285716,0.0,0.0,chase cota,chasecota,ccota,Cleveland Browns,00-0038651,,,,,,,,,,,,,,,,,,,,,,,,,
2025,15,0.0,2025_15_CLE_CHI,Cleveland Browns,David Bell,WR,00-0037257,1.0,0.0,0.0,0.0,0.0,0.0,0.0,0.0,0.0,0.0,0.0,0.0,0.0,72.0,47.24,21.6,265.0,78.9,2.258715717438992,0.4622303118697117,1.1809225714285716,1.0,1.0,david bell,davidbell,dbell,Cleveland Browns,00-0037257,,,,,,,,,,,,,,,,,,,,,,,,,
2025,15,0.0,2025_15_CLE_CHI,Cleveland Browns,Gage Larvadain,WR,00-0040259,1.0,0.0,0.0,0.0,0.0,0.0,0.0,0.0,0.0,0.0,0.0,0.0,0.0,72.0,47.24,21.6,265.0,78.9,2.258715717438992,0.4622303118697117,1.1809225714285716,1.0,1.0,gage larvadain,gagelarvadain,glarvadain,Cleveland Browns,,0.0,0.0,0.0,0.0,0.0,0.0,0.0,2.0,1.0,8.0,0.0,G.Larvadain,CLE,team_norm & _alias_init_last,0.0,0.0,0.0,0.0,0.0,0.0,0.0,-2.0,-1.0,-8.0,0.0
2025,15,0.0,2025_15_CLE_CHI,Cleveland Browns,Malachi Corley,WR,00-0039920,1.0,0.0,0.0,0.0,0.0,0.0,0.0,0.0,0.0,0.0,0.0,0.0,0.0,72.0,47.24,21.6,265.0,78.9,2.258715717438992,0.4622303118697117,1.1809225714285716,1.0,1.0,malachi corley,malachicorley,mcorley,Cleveland Browns,00-0039920,0.0,0.0,0.0,0.0,0.0,0.0,0.0,1.0,1.0,10.0,0.0,M.Corley,CLE,team_norm & _alias_init_last,0.0,0.0,0.0,0.0,0.0,0.0,0.0,-1.0,-1.0,-10.0,0.0
2025,15,0.0,2025_15_DET_LA,Detroit Lions,Jared Goff,QB,00-0033106,1.0,41.64,283.4,2.04,1.17,3.12,12.4,0.1,0.0,0.0,0.0,0.0,0.0926,72.0,43.78,25.2,332.3,124.6,2.4674383717714887,0.7395353155284368,1.0944523002669848,1.0,1.0,jared goff,jaredgoff,jgoff,Detroit Lions,00-0033106,43.0,338.0,3.0,0.0,0.0,0.0,0.0,0.0,0.0,0.0,0.0,J.Goff,DET,team_norm & _alias_init_last,-1.3599999999999994,-54.60000000000002,-0.96,1.17,3.12,12.4,0.1,0.0,0.0,0.0,0.0
2025,15,0.0,2025_15_DET_LA,Detroit Lions,Jahmyr Gibbs,RB,00-0039139,1.0,0.0,0.0,0.0,0.0,14.19,60.6,0.53,5.07,3.37,23.9,0.29,0.5602,72.0,43.78,25.2,332.3,124.6,2.4674383717714887,0.7395353155284368,1.0944523002669848,1.0,1.0,jahmyr gibbs,jahmyrgibbs,jgibbs,Detroit Lions,00-0039139,0.0,0.0,0.0,0.0,14.0,38.0,0.0,7.0,4.0,20.0,0.0,J.Gibbs,DET,team_norm & _alias_init_last,0.0,0.0,0.0,0.0,0.1899999999999995,22.6,0.53,-1.9299999999999997,-0.6299999999999999,3.8999999999999986,0.29
2025,15,0.0,2025_15_DET_LA,Detroit Lions,David Montgomery,RB,00-0035685,1.0,0.0,0.0,0.0,0.0,7.89,33.0,0.19,3.15,2.17,14.9,0.17,0.3038,72.0,43.78,25.2,332.3,124.6,2.4674383717714887,0.7395353155284368,1.0944523002669848,1.0,1.0,david montgomery,davidmontgomery,dmontgomery,Detroit Lions,00-0035685,0.0,0.0,0.0,0.0,7.0,32.0,1.0,1.0,0.0,0.0,0.0,D.Montgomery,DET,team_norm & _alias_init_last,0.0,0.0,0.0,0.0,0.8899999999999997,1.0,-0.81,2.15,2.17,14.9,0.17
2025,15,0.0,2025_15_DET_LA,Detroit Lions,Jacob Saylors,RB,00-0038896,1.0,0.0,0.0,0.0,0.0,0.0,0.0,0.0,0.0,0.0,0.0,0.0,0.0,72.0,43.78,25.2,332.3,124.6,2.4674383717714887,0.7395353155284368,1.0944523002669848,1.0,1.0,jacob saylors,jacobsaylors,jsaylors,Detroit Lions,00-0038896,,,,,,,,,,,,,,,,,,,,,,,,,
2025,15,0.0,2025_15_DET_LA,Detroit Lions,Sione Vaki,RB,00-0039364,1.0,0.0,0.0,0.0,0.0,0.0,0.0,0.0,0.0,0.0,0.0,0.0,0.0,72.0,43.78,25.2,332.3,124.6,2.4674383717714887,0.7395353155284368,1.0944523002669848,1.0,1.0,sione vaki,sionevaki,svaki,Detroit Lions,00-0039364,,,,,,,,,,,,,,,,,,,,,,,,,
2025,15,0.0,2025_15_DET_LA,Detroit Lions,Shane Zylstra,TE,00-0036534,1.0,0.0,0.0,0.0,0.0,0.0,0.0,0.0,7.83,4.38,51.6,0.44,0.3547,72.0,43.78,25.2,332.3,124.6,2.4674383717714887,0.7395353155284368,1.0944523002669848,1.0,1.0,shane zylstra,shanezylstra,szylstra,Detroit Lions,00-0036534,,,,,,,,,,,,,,,,,,,,,,,,,
2025,15,0.0,2025_15_DET_LA,Detroit Lions,Anthony Firkser,TE,00-0033455,1.0,0.0,0.0,0.0,0.0,0.0,0.0,0.0,4.05,2.5,26.2,0.22,0.2014,72.0,43.78,25.2,332.3,124.6,2.4674383717714887,0.7395353155284368,1.0944523002669848,1.0,1.0,anthony firkser,anthonyfirkser,afirkser,Detroit Lions,00-0033455,,,,,,,,,,,,,,,,,,,,,,,,,
2025,15,0.0,2025_15_DET_LA,Detroit Lions,Giovanni Ricci,TE,00-0035956,1.0,0.0,0.0,0.0,0.0,0.0,0.0,0.0,0.0,0.0,0.0,0.0,0.0,72.0,43.78,25.2,332.3,124.6,2.4674383717714887,0.7395353155284368,1.0944523002669848,1.0,1.0,giovanni ricci,giovanniricci,gricci,Detroit Lions,00-0035956,,,,,,,,,,,,,,,,,,,,,,,,,
2025,15,0.0,2025_15_DET_LA,Detroit Lions,Amon-Ra St. Brown,WR,00-0036963,1.0,0.0,0.0,0.0,0.0,0.0,0.0,0.0,10.5,7.56,61.1,0.58,0.4414,72.0,43.78,25.2,332.3,124.6,2.4674383717714887,0.7395353155284368,1.0944523002669848,1.0,1.0,amon-ra st. brown,amonrastbrown,astbrown,Detroit Lions,00-0036963,0.0,0.0,0.0,0.0,0.0,0.0,0.0,18.0,13.0,164.0,2.0,A.St. Brown,DET,team_norm & _alias_init_last,0.0,0.0,0.0,0.0,0.0,0.0,0.0,-7.5,-5.44,-102.9,-1.42
2025,15,0.0,2025_15_DET_LA,Detroit Lions,Jameson Williams,WR,00-0037240,1.0,0.0,0.0,0.0,0.0,0.0,0.0,0.0,7.91,4.64,48.8,0.41,0.3371,72.0,43.78,25.2,332.3,124.6,2.4674383717714887,0.7395353155284368,1.0944523002669848,1.0,1.0,jameson williams,jamesonwilliams,jwilliams,Detroit Lions,00-0037240,0.0,0.0,0.0,0.0,0.0,0.0,0.0,9.0,7.0,126.0,1.0,J.Williams,DET,team_norm & _alias_init_last,0.0,0.0,0.0,0.0,0.0,0.0,0.0,-1.0899999999999999,-2.3600000000000003,-77.2,-0.5900000000000001
2025,15,0.0,2025_15_DET_LA,Detroit Lions,Isaac TeSlaa,WR,00-0040669,1.0,0.0,0.0,0.0,0.0,0.0,0.0,0.0,5.27,3.22,43.9,0.32,0.2742,72.0,43.78,25.2,332.3,124.6,2.4674383717714887,0.7395353155284368,1.0944523002669848,1.0,1.0,isaac teslaa,isaacteslaa,iteslaa,Detroit Lions,00-0040669,0.0,0.0,0.0,0.0,0.0,0.0,0.0,1.0,0.0,0.0,0.0,I.TeSlaa,DET,team_norm & _alias_init_last,0.0,0.0,0.0,0.0,0.0,0.0,0.0,4.27,3.22,43.9,0.32
2025,15,0.0,2025_15_DET_LA,Detroit Lions,Andrew Armstrong,WR,00-0040298,1.0,0.0,0.0,0.0,0.0,0.0,0.0,0.0,0.0,0.0,0.0,0.0,0.0,72.0,43.78,25.2,332.3,124.6,2.4674383717714887,0.7395353155284368,1.0944523002669848,0.0,0.0,andrew armstrong,andrewarmstrong,aarmstrong,Detroit Lions,00-0040298,,,,,,,,,,,,,,,,,,,,,,,,,
2025,15,0.0,2025_15_DET_LA,Detroit Lions,Dominic Lovett,WR,00-0040241,1.0,0.0,0.0,0.0,0.0,0.0,0.0,0.0,0.0,0.0,0.0,0.0,0.0,72.0,43.78,25.2,332.3,124.6,2.4674383717714887,0.7395353155284368,1.0944523002669848,0.0,0.0,dominic lovett,dominiclovett,dlovett,Detroit Lions,00-0040241,,,,,,,,,,,,,,,,,,,,,,,,,
2025,15,0.0,2025_15_DET_LA,Detroit Lions,Kalif Raymond,WR,00-0032464,1.0,0.0,0.0,0.0,0.0,0.0,0.0,0.0,0.0,0.0,0.0,0.0,0.0,72.0,43.78,25.2,332.3,124.6,2.4674383717714887,0.7395353155284368,1.0944523002669848,1.0,1.0,kalif raymond,kalifraymond,kraymond,Detroit Lions,00-0032464,0.0,0.0,0.0,0.0,0.0,0.0,0.0,1.0,1.0,20.0,0.0,K.Raymond,DET,team_norm & _alias_init_last,0.0,0.0,0.0,0.0,0.0,0.0,0.0,-1.0,-1.0,-20.0,0.0
2025,15,0.0,2025_15_DET_LA,Detroit Lions,Tom Kennedy,WR,00-0035544,1.0,0.0,0.0,0.0,0.0,0.0,0.0,0.0,0.0,0.0,0.0,0.0,0.0,72.0,43.78,25.2,332.3,124.6,2.4674383717714887,0.7395353155284368,1.0944523002669848,1.0,1.0,tom kennedy,tomkennedy,tkennedy,Detroit Lions,00-0035544,,,,,,,,,,,,,,,,,,,,,,,,,
2025,15,0.0,2025_15_DET_LA,Los Angeles Rams,Matthew Stafford,QB,00-0026498,1.0,34.67,230.6,1.68,0.89,4.17,16.8,0.13,0.0,0.0,0.0,0.0,0.1217,72.0,33.35,36.54,253.2,180.7,2.015959124244909,1.1448781205477778,0.8338620350579758,1.0,1.0,matthew stafford,matthewstafford,mstafford,Los Angeles Rams,,44.0,368.0,2.0,1.0,0.0,0.0,0.0,0.0,0.0,0.0,0.0,M.Stafford,LA,team_norm & _alias_init_last,-9.329999999999998,-137.4,-0.32000000000000006,-0.10999999999999999,4.17,16.8,0.13,0.0,0.0,0.0,0.0
2025,15,0.0,2025_15_DET_LA,Los Angeles Rams,Kyren Williams,RB,00-0037840,1.0,0.0,0.0,0.0,0.0,20.81,87.3,0.82,3.68,2.36,17.7,0.24,0.6532,72.0,33.35,36.54,253.2,180.7,2.015959124244909,1.1448781205477778,0.8338620350579758,1.0,1.0,kyren williams,kyrenwilliams,kwilliams,Los Angeles Rams,00-0037840,0.0,0.0,0.0,0.0,15.0,78.0,2.0,1.0,1.0,10.0,0.0,K.Williams,LA,team_norm & _alias_init_last,0.0,0.0,0.0,0.0,5.809999999999999,9.299999999999997,-1.1800000000000002,2.68,1.3599999999999999,7.699999999999999,0.24
2025,15,0.0,2025_15_DET_LA,Los Angeles Rams,Blake Corum,RB,00-0039738,1.0,0.0,0.0,0.0,0.0,11.56,48.6,0.28,2.29,1.42,12.4,0.13,0.3382,72.0,33.35,36.54,253.2,180.7,2.015959124244909,1.1448781205477778,0.8338620350579758,1.0,1.0,blake corum,blakecorum,bcorum,Los Angeles Rams,00-0039738,0.0,0.0,0.0,0.0,11.0,71.0,1.0,0.0,0.0,0.0,0.0,B.Corum,LA,team_norm & _alias_init_last,0.0,0.0,0.0,0.0,0.5600000000000005,-22.4,-0.72,2.29,1.42,12.4,0.13
2025,15,0.0,2025_15_DET_LA,Los Angeles Rams,Ronnie Rivers,RB,00-0037557,1.0,0.0,0.0,0.0,0.0,0.0,0.0,0.0,0.0,0.0,0.0,0.0,0.0,72.0,33.35,36.54,253.2,180.7,2.015959124244909,1.1448781205477778,0.8338620350579758,1.0,1.0,ronnie rivers,ronnierivers,rrivers,Los Angeles Rams,00-0037557,,,,,,,,,,,,,,,,,,,,,,,,,
2025,15,0.0,2025_15_DET_LA,Los Angeles Rams,Colby Parkinson,TE,00-0036244,1.0,0.0,0.0,0.0,0.0,0.0,0.0,0.0,5.9,3.35,29.9,0.36,0.3024,72.0,33.35,36.54,253.2,180.7,2.015959124244909,1.1448781205477778,0.8338620350579758,1.0,1.0,colby parkinson,colbyparkinson,cparkinson,Los Angeles Rams,00-0036244,0.0,0.0,0.0,0.0,0.0,0.0,0.0,7.0,5.0,75.0,2.0,C.Parkinson,LA,team_norm & _alias_init_last,0.0,0.0,0.0,0.0,0.0,0.0,0.0,-1.0999999999999996,-1.65,-45.1,-1.6400000000000001
2025,15,0.0,2025_15_DET_LA,Los Angeles Rams,Terrance Ferguson,TE,00-0040737,1.0,0.0,0.0,0.0,0.0,0.0,0.0,0.0,3.05,1.43,20.1,0.18,0.1663,72.0,33.35,36.54,253.2,180.7,2.015959124244909,1.1448781205477778,0.8338620350579758,1.0,1.0,terrance ferguson,terranceferguson,tferguson,Los Angeles Rams,00-0040737,0.0,0.0,0.0,0.0,0.0,0.0,0.0,3.0,1.0,6.0,0.0,T.Ferguson,LA,team_norm & _alias_init_last,0.0,0.0,0.0,0.0,0.0,0.0,0.0,0.04999999999999982,0.42999999999999994,14.100000000000001,0.18
2025,15,0.0,2025_15_DET_LA,Los Angeles Rams,Davis Allen,TE,00-0039074,1.0,0.0,0.0,0.0,0.0,0.0,0.0,0.0,0.0,0.0,0.0,0.0,0.0,72.0,33.35,36.54,253.2,180.7,2.015959124244909,1.1448781205477778,0.8338620350579758,1.0,1.0,davis allen,davisallen,dallen,Los Angeles Rams,00-0039074,0.0,0.0,0.0,0.0,0.0,0.0,0.0,4.0,3.0,16.0,0.0,D.Allen,LA,team_norm & _alias_init_last,0.0,0.0,0.0,0.0,0.0,0.0,0.0,-4.0,-3.0,-16.0,0.0
2025,15,0.0,2025_15_DET_LA,Los Angeles Rams,Nick Vannett,TE,00-0032394,1.0,0.0,0.0,0.0,0.0,0.0,0.0,0.0,0.0,0.0,0.0,0.0,0.0,72.0,33.35,36.54,253.2,180.7,2.015959124244909,1.1448781205477778,0.8338620350579758,1.0,1.0,nick vannett,nickvannett,nvannett,Los Angeles Rams,00-0032394,,,,,,,,,,,,,,,,,,,,,,,,,
2025,15,0.0,2025_15_DET_LA,Los Angeles Rams,Puka Nacua,WR,00-0039075,1.0,0.0,0.0,0.0,0.0,0.0,0.0,0.0,8.18,5.67,51.3,0.46,0.3658,72.0,33.35,36.54,253.2,180.7,2.015959124244909,1.1448781205477778,0.8338620350579758,1.0,1.0,puka nacua,pukanacua,pnacua,Los Angeles Rams,00-0039075,0.0,0.0,0.0,0.0,2.0,8.0,0.0,13.0,9.0,181.0,0.0,P.Nacua,LA,team_norm & _alias_init_last,0.0,0.0,0.0,0.0,-2.0,-8.0,0.0,-4.82,-3.33,-129.7,0.46
2025,15,0.0,2025_15_DET_LA,Los Angeles Rams,Davante Adams,WR,00-0031381,1.0,0.0,0.0,0.0,0.0,0.0,0.0,0.0,6.16,3.34,35.6,0.37,0.3058,72.0,33.35,36.54,253.2,180.7,2.015959124244909,1.1448781205477778,0.8338620350579758,1.0,1.0,davante adams,davanteadams,dadams,Los Angeles Rams,00-0031381,0.0,0.0,0.0,0.0,0.0,0.0,0.0,9.0,4.0,71.0,0.0,D.Adams,LA,team_norm & _alias_init_last,0.0,0.0,0.0,0.0,0.0,0.0,0.0,-2.84,-0.6600000000000001,-35.4,0.37
2025,15,0.0,2025_15_DET_LA,Los Angeles Rams,Konata Mumpfield,WR,00-0040590,1.0,0.0,0.0,0.0,0.0,0.0,0.0,0.0,4.11,2.22,34.6,0.24,0.2172,72.0,33.35,36.54,253.2,180.7,2.015959124244909,1.1448781205477778,0.8338620350579758,1.0,1.0,konata mumpfield,konatamumpfield,kmumpfield,Los Angeles Rams,00-0040590,0.0,0.0,0.0,0.0,0.0,0.0,0.0,1.0,0.0,0.0,0.0,K.Mumpfield,LA,team_norm & _alias_init_last,0.0,0.0,0.0,0.0,0.0,0.0,0.0,3.1100000000000003,2.22,34.6,0.24
2025,15,0.0,2025_15_DET_LA,Los Angeles Rams,Drake Stoops,WR,00-0039773,1.0,0.0,0.0,0.0,0.0,0.0,0.0,0.0,0.0,0.0,0.0,0.0,0.0,72.0,33.35,36.54,253.2,180.7,2.015959124244909,1.1448781205477778,0.8338620350579758,0.0,0.0,drake stoops,drakestoops,dstoops,Los Angeles Rams,00-0039773,,,,,,,,,,,,,,,,,,,,,,,,,
2025,15,0.0,2025_15_DET_LA,Los Angeles Rams,Jordan Whittington,WR,00-0039751,1.0,0.0,0.0,0.0,0.0,0.0,0.0,0.0,0.0,0.0,0.0,0.0,0.0,72.0,33.35,36.54,253.2,180.7,2.015959124244909,1.1448781205477778,0.8338620350579758,1.0,1.0,jordan whittington,jordanwhittington,jwhittington,Los Angeles Rams,00-0039751,0.0,0.0,0.0,0.0,0.0,0.0,0.0,1.0,0.0,0.0,0.0,J.Whittington,LA,team_norm & _alias_init_last,0.0,0.0,0.0,0.0,0.0,0.0,0.0,-1.0,0.0,0.0,0.0
2025,15,0.0,2025_15_DET_LA,Los Angeles Rams,Tutu Atwell,WR,00-0036849,1.0,0.0,0.0,0.0,0.0,0.0,0.0,0.0,0.0,0.0,0.0,0.0,0.0,72.0,33.35,36.54,253.2,180.7,2.015959124244909,1.1448781205477778,0.8338620350579758,1.0,1.0,tutu atwell,tutuatwell,tatwell,Los Angeles Rams,,0.0,0.0,0.0,0.0,0.0,0.0,0.0,2.0,1.0,9.0,0.0,T.Atwell,LA,team_norm & _alias_init_last,0.0,0.0,0.0,0.0,0.0,0.0,0.0,-2.0,-1.0,-9.0,0.0
2025,15,0.0,2025_15_DET_LA,Los Angeles Rams,Xavier Smith,WR,00-0038359,1.0,0.0,0.0,0.0,0.0,0.0,0.0,0.0,0.0,0.0,0.0,0.0,0.0,72.0,33.35,36.54,253.2,180.7,2.015959124244909,1.1448781205477778,0.8338620350579758,1.0,1.0,xavier smith,xaviersmith,xsmith,Los Angeles Rams,00-0038359,,,,,,,,,,,,,,,,,,,,,,,,,
2025,15,0.0,2025_15_GB_DEN,Denver Broncos,Bo Nix,QB,00-0039732,1.0,38.16,227.7,1.81,1.05,8.17,26.4,0.23,0.0,0.0,0.0,0.0,0.2043,72.0,39.49,30.16,267.5,133.1,2.13787146429613,0.8010710713088756,0.9872638812600996,1.0,1.0,bo nix,bonix,bnix,Denver Broncos,00-0039732,38.0,302.0,4.0,0.0,3.0,8.0,0.0,0.0,0.0,0.0,0.0,B.Nix,DEN,team_norm & _alias_init_last,0.1599999999999966,-74.30000000000001,-2.19,1.05,5.17,18.4,0.23,0.0,0.0,0.0,0.0
2025,15,0.0,2025_15_GB_DEN,Denver Broncos,RJ Harvey,RB,00-0040730,1.0,0.0,0.0,0.0,0.0,14.14,55.5,0.47,4.55,3.13,21.3,0.25,0.5135,72.0,39.49,30.16,267.5,133.1,2.13787146429613,0.8010710713088756,0.9872638812600996,1.0,1.0,rj harvey,rjharvey,rharvey,Denver Broncos,00-0040730,0.0,0.0,0.0,0.0,20.0,65.0,1.0,2.0,0.0,0.0,0.0,R.Harvey,DEN,team_norm & _alias_init_last,0.0,0.0,0.0,0.0,-5.859999999999999,-9.5,-0.53,2.55,3.13,21.3,0.25
2025,15,0.0,2025_15_GB_DEN,Denver Broncos,Jaleel McLaughlin,RB,00-0038794,1.0,0.0,0.0,0.0,0.0,7.85,31.1,0.16,2.83,1.97,12.2,0.16,0.2694,72.0,39.49,30.16,267.5,133.1,2.13787146429613,0.8010710713088756,0.9872638812600996,1.0,1.0,jaleel mclaughlin,jaleelmclaughlin,jmclaughlin,Denver Broncos,00-0038794,0.0,0.0,0.0,0.0,2.0,4.0,0.0,0.0,0.0,0.0,0.0,J.McLaughlin,DEN,team_norm & _alias_init_last,0.0,0.0,0.0,0.0,5.85,27.1,0.16,2.83,1.97,12.2,0.16
2025,15,0.0,2025_15_GB_DEN,Denver Broncos,Tyler Badie,RB,00-0037085,1.0,0.0,0.0,0.0,0.0,0.0,0.0,0.0,0.0,0.0,0.0,0.0,0.0,72.0,39.49,30.16,267.5,133.1,2.13787146429613,0.8010710713088756,0.9872638812600996,1.0,1.0,tyler badie,tylerbadie,tbadie,Denver Broncos,00-0037085,0.0,0.0,0.0,0.0,0.0,0.0,0.0,1.0,1.0,1.0,0.0,T.Badie,DEN,team_norm & _alias_init_last,0.0,0.0,0.0,0.0,0.0,0.0,0.0,-1.0,-1.0,-1.0,0.0
2025,15,0.0,2025_15_GB_DEN,Denver Broncos,Evan Engram,TE,00-0033881,1.0,0.0,0.0,0.0,0.0,0.0,0.0,0.0,7.22,4.39,31.4,0.34,0.2904,72.0,39.49,30.16,267.5,133.1,2.13787146429613,0.8010710713088756,0.9872638812600996,1.0,1.0,evan engram,evanengram,eengram,Denver Broncos,00-0033881,0.0,0.0,0.0,0.0,0.0,0.0,0.0,3.0,1.0,12.0,0.0,E.Engram,DEN,team_norm & _alias_init_last,0.0,0.0,0.0,0.0,0.0,0.0,0.0,4.22,3.3899999999999997,19.4,0.34
2025,15,0.0,2025_15_GB_DEN,Denver Broncos,Adam Trautman,TE,00-0036422,1.0,0.0,0.0,0.0,0.0,0.0,0.0,0.0,3.73,2.26,17.3,0.2,0.1777,72.0,39.49,30.16,267.5,133.1,2.13787146429613,0.8010710713088756,0.9872638812600996,1.0,1.0,adam trautman,adamtrautman,atrautman,Denver Broncos,00-0036422,,,,,,,,,,,,,,,,,,,,,,,,,
2025,15,0.0,2025_15_GB_DEN,Denver Broncos,Nate Adkins,TE,00-0038783,1.0,0.0,0.0,0.0,0.0,0.0,0.0,0.0,0.0,0.0,0.0,0.0,0.0,72.0,39.49,30.16,267.5,133.1,2.13787146429613,0.8010710713088756,0.9872638812600996,1.0,1.0,nate adkins,nateadkins,nadkins,Denver Broncos,00-0038783,,,,,,,,,,,,,,,,,,,,,,,,,
2025,15,0.0,2025_15_GB_DEN,Denver Broncos,Courtland Sutton,WR,00-0034348,1.0,0.0,0.0,0.0,0.0,0.0,0.0,0.0,9.38,5.5,52.3,0.49,0.3871,72.0,39.49,30.16,267.5,133.1,2.13787146429613,0.8010710713088756,0.9872638812600996,1.0,1.0,courtland sutton,courtlandsutton,csutton,Denver Broncos,00-0034348,0.0,0.0,0.0,0.0,0.0,0.0,0.0,10.0,7.0,113.0,1.0,C.Sutton,DEN,team_norm & _alias_init_last,0.0,0.0,0.0,0.0,0.0,0.0,0.0,-0.6199999999999992,-1.5,-60.7,-0.51
2025,15,0.0,2025_15_GB_DEN,Denver Broncos,Troy Franklin,WR,00-0039868,1.0,0.0,0.0,0.0,0.0,0.0,0.0,0.0,7.06,4.13,40.5,0.38,0.3134,72.0,39.49,30.16,267.5,133.1,2.13787146429613,0.8010710713088756,0.9872638812600996,1.0,1.0,troy franklin,troyfranklin,tfranklin,Denver Broncos,00-0039868,0.0,0.0,0.0,0.0,1.0,3.0,0.0,6.0,6.0,85.0,1.0,T.Franklin,DEN,team_norm & _alias_init_last,0.0,0.0,0.0,0.0,-1.0,-3.0,0.0,1.0599999999999996,-1.87,-44.5,-0.62
2025,15,0.0,2025_15_GB_DEN,Denver Broncos,Pat Bryant,WR,00-0040134,1.0,0.0,0.0,0.0,0.0,0.0,0.0,0.0,4.71,3.04,31.5,0.25,0.2194,72.0,39.49,30.16,267.5,133.1,2.13787146429613,0.8010710713088756,0.9872638812600996,0.0,0.0,pat bryant,patbryant,pbryant,Denver Broncos,00-0040134,,,,,,,,,,,,,,,,,,,,,,,,,
2025,15,0.0,2025_15_GB_DEN,Denver Broncos,Lil'Jordan Humphrey,WR,00-0035406,1.0,0.0,0.0,0.0,0.0,0.0,0.0,0.0,0.0,0.0,0.0,0.0,0.0,72.0,39.49,30.16,267.5,133.1,2.13787146429613,0.8010710713088756,0.9872638812600996,1.0,1.0,lil'jordan humphrey,liljordanhumphrey,lhumphrey,Denver Broncos,00-0035406,0.0,0.0,0.0,0.0,0.0,0.0,0.0,5.0,3.0,42.0,1.0,L.Humphrey,DEN,team_norm & _alias_init_last,0.0,0.0,0.0,0.0,0.0,0.0,0.0,-5.0,-3.0,-42.0,-1.0
2025,15,0.0,2025_15_GB_DEN,Denver Broncos,Marvin Mims Jr.,WR,00-0038976,1.0,0.0,0.0,0.0,0.0,0.0,0.0,0.0,0.0,0.0,0.0,0.0,0.0,72.0,39.49,30.16,267.5,133.1,2.13787146429613,0.8010710713088756,0.9872638812600996,1.0,1.0,marvin mims jr.,marvinmimsjr,mmims,Denver Broncos,00-0038976,0.0,0.0,0.0,0.0,1.0,8.0,0.0,6.0,4.0,29.0,0.0,M.Mims,DEN,team_norm & _alias_init_last,0.0,0.0,0.0,0.0,-1.0,-8.0,0.0,-6.0,-4.0,-29.0,0.0
2025,15,0.0,2025_15_GB_DEN,Denver Broncos,Michael Bandy,WR,00-0036959,1.0,0.0,0.0,0.0,0.0,0.0,0.0,0.0,0.0,0.0,0.0,0.0,0.0,72.0,39.49,30.16,267.5,133.1,2.13787146429613,0.8010710713088756,0.9872638812600996,1.0,1.0,michael bandy,michaelbandy,mbandy,Denver Broncos,00-0036959,0.0,0.0,0.0,0.0,0.0,0.0,0.0,1.0,1.0,20.0,1.0,M.Bandy,DEN,team_norm & _alias_init_last,0.0,0.0,0.0,0.0,0.0,0.0,0.0,-1.0,-1.0,-20.0,-1.0
2025,15,0.0,2025_15_GB_DEN,Green Bay Packers,Jordan Love,QB,00-0036264,1.0,34.12,228.4,1.79,0.91,3.49,13.3,0.11,0.0,0.0,0.0,0.0,0.1017,70.74,34.19,34.01,259.5,168.2,2.1236320982564987,0.9936055763948316,0.8546542582705805,1.0,1.0,jordan love,jordanlove,jlove,Green Bay Packers,00-0036264,48.0,276.0,1.0,2.0,0.0,0.0,0.0,0.0,0.0,0.0,0.0,J.Love,GB,team_norm & _alias_init_last,-13.880000000000003,-47.599999999999994,0.79,-1.0899999999999999,3.49,13.3,0.11,0.0,0.0,0.0,0.0
2025,15,0.0,2025_15_GB_DEN,Green Bay Packers,Josh Jacobs,RB,00-0035700,1.0,0.0,0.0,0.0,0.0,19.62,83.0,0.7,3.85,2.58,18.7,0.24,0.6082,70.74,34.19,34.01,259.5,168.2,2.1236320982564987,0.9936055763948316,0.8546542582705805,1.0,1.0,josh jacobs,joshjacobs,jjacobs,Green Bay Packers,00-0035700,0.0,0.0,0.0,0.0,13.0,73.0,1.0,3.0,2.0,19.0,1.0,J.Jacobs,GB,team_norm & _alias_init_last,0.0,0.0,0.0,0.0,6.620000000000001,10.0,-0.30000000000000004,0.8500000000000001,0.5800000000000001,-0.3000000000000007,-0.76
2025,15,0.0,2025_15_GB_DEN,Green Bay Packers,Emanuel Wilson,RB,00-0038797,1.0,0.0,0.0,0.0,0.0,10.9,47.8,0.25,2.39,1.54,13.8,0.15,0.3319,70.74,34.19,34.01,259.5,168.2,2.1236320982564987,0.9936055763948316,0.8546542582705805,1.0,1.0,emanuel wilson,emanuelwilson,ewilson,Green Bay Packers,00-0038797,0.0,0.0,0.0,0.0,2.0,3.0,0.0,0.0,0.0,0.0,0.0,E.Wilson,GB,team_norm & _alias_init_last,0.0,0.0,0.0,0.0,8.9,44.8,0.25,2.39,1.54,13.8,0.15
2025,15,0.0,2025_15_GB_DEN,Green Bay Packers,Chris Brooks,RB,00-0038685,1.0,0.0,0.0,0.0,0.0,0.0,0.0,0.0,0.0,0.0,0.0,0.0,0.0,70.74,34.19,34.01,259.5,168.2,2.1236320982564987,0.9936055763948316,0.8546542582705805,1.0,1.0,chris brooks,chrisbrooks,cbrooks,Green Bay Packers,00-0038685,0.0,0.0,0.0,0.0,2.0,10.0,0.0,2.0,1.0,6.0,0.0,C.Brooks,GB,team_norm & _alias_init_last,0.0,0.0,0.0,0.0,-2.0,-10.0,0.0,-2.0,-1.0,-6.0,0.0
2025,15,0.0,2025_15_GB_DEN,Green Bay Packers,Luke Musgrave,TE,00-0039144,1.0,0.0,0.0,0.0,0.0,0.0,0.0,0.0,6.07,3.63,34.7,0.34,0.2874,70.74,34.19,34.01,259.5,168.2,2.1236320982564987,0.9936055763948316,0.8546542582705805,1.0,1.0,luke musgrave,lukemusgrave,lmusgrave,Green Bay Packers,00-0039144,0.0,0.0,0.0,0.0,0.0,0.0,0.0,6.0,4.0,52.0,0.0,L.Musgrave,GB,team_norm & _alias_init_last,0.0,0.0,0.0,0.0,0.0,0.0,0.0,0.07000000000000028,-0.3700000000000001,-17.299999999999997,0.34
2025,15,0.0,2025_15_GB_DEN,Green Bay Packers,John FitzPatrick,TE,00-0037306,1.0,0.0,0.0,0.0,0.0,0.0,0.0,0.0,3.14,1.86,21.8,0.19,0.1753,70.74,34.19,34.01,259.5,168.2,2.1236320982564987,0.9936055763948316,0.8546542582705805,1.0,1.0,john fitzpatrick,johnfitzpatrick,jfitzpatrick,Green Bay Packers,00-0037306,0.0,0.0,0.0,0.0,0.0,0.0,0.0,4.0,3.0,18.0,0.0,J.FitzPatrick,GB,team_norm & _alias_init_last,0.0,0.0,0.0,0.0,0.0,0.0,0.0,-0.8599999999999999,-1.14,3.8000000000000007,0.19
2025,15,0.0,2025_15_GB_DEN,Green Bay Packers,Johnny Lumpkin,TE,00-0038913,1.0,0.0,0.0,0.0,0.0,0.0,0.0,0.0,0.0,0.0,0.0,0.0,0.0,70.74,34.19,34.01,259.5,168.2,2.1236320982564987,0.9936055763948316,0.8546542582705805,0.0,0.0,johnny lumpkin,johnnylumpkin,jlumpkin,Green Bay Packers,00-0038913,,,,,,,,,,,,,,,,,,,,,,,,,
2025,15,0.0,2025_15_GB_DEN,Green Bay Packers,Josh Whyle,TE,00-0038589,1.0,0.0,0.0,0.0,0.0,0.0,0.0,0.0,0.0,0.0,0.0,0.0,0.0,70.74,34.19,34.01,259.5,168.2,2.1236320982564987,0.9936055763948316,0.8546542582705805,1.0,1.0,josh whyle,joshwhyle,jwhyle,Green Bay Packers,00-0038589,,,,,,,,,,,,,,,,,,,,,,,,,
2025,15,0.0,2025_15_GB_DEN,Green Bay Packers,Christian Watson,WR,00-0038124,1.0,0.0,0.0,0.0,0.0,0.0,0.0,0.0,8.3,4.82,51.0,0.51,0.3981,70.74,34.19,34.01,259.5,168.2,2.1236320982564987,0.9936055763948316,0.8546542582705805,1.0,1.0,christian watson,christianwatson,cwatson,Green Bay Packers,00-0038124,0.0,0.0,0.0,0.0,0.0,0.0,0.0,5.0,3.0,29.0,0.0,C.Watson,GB,team_norm & _alias_init_last,0.0,0.0,0.0,0.0,0.0,0.0,0.0,3.3000000000000007,1.8200000000000003,22.0,0.51
2025,15,0.0,2025_15_GB_DEN,Green Bay Packers,Romeo Doubs,WR,00-0037816,1.0,0.0,0.0,0.0,0.0,0.0,0.0,0.0,6.25,3.82,35.3,0.38,0.3167,70.74,34.19,34.01,259.5,168.2,2.1236320982564987,0.9936055763948316,0.8546542582705805,1.0,1.0,romeo doubs,romeodoubs,rdoubs,Green Bay Packers,00-0037816,0.0,0.0,0.0,0.0,0.0,0.0,0.0,4.0,2.0,36.0,0.0,R.Doubs,GB,team_norm & _alias_init_last,0.0,0.0,0.0,0.0,0.0,0.0,0.0,2.25,1.8199999999999998,-0.7000000000000028,0.38
2025,15,0.0,2025_15_GB_DEN,Green Bay Packers,Jayden Reed,WR,00-0039146,1.0,0.0,0.0,0.0,0.0,0.0,0.0,0.0,4.17,2.79,23.5,0.25,0.2229,70.74,34.19,34.01,259.5,168.2,2.1236320982564987,0.9936055763948316,0.8546542582705805,1.0,1.0,jayden reed,jaydenreed,jreed,Green Bay Packers,00-0039146,0.0,0.0,0.0,0.0,0.0,0.0,0.0,6.0,5.0,55.0,0.0,J.Reed,GB,team_norm & _alias_init_last,0.0,0.0,0.0,0.0,0.0,0.0,0.0,-1.83,-2.21,-31.5,0.25
2025,15,0.0,2025_15_GB_DEN,Green Bay Packers,Dontayvion Wicks,WR,00-0038393,1.0,0.0,0.0,0.0,0.0,0.0,0.0,0.0,0.0,0.0,0.0,0.0,0.0,70.74,34.19,34.01,259.5,168.2,2.1236320982564987,0.9936055763948316,0.8546542582705805,1.0,1.0,dontayvion wicks,dontayvionwicks,dwicks,Green Bay Packers,00-0038393,0.0,0.0,0.0,0.0,0.0,0.0,0.0,2.0,1.0,6.0,0.0,D.Wicks,GB,team_norm & _alias_init_last,0.0,0.0,0.0,0.0,0.0,0.0,0.0,-2.0,-1.0,-6.0,0.0
2025,15,0.0,2025_15_GB_DEN,Green Bay Packers,Matthew Golden,WR,00-0040667,1.0,0.0,0.0,0.0,0.0,0.0,0.0,0.0,0.0,0.0,0.0,0.0,0.0,70.74,34.19,34.01,259.5,168.2,2.1236320982564987,0.9936055763948316,0.8546542582705805,1.0,1.0,matthew golden,matthewgolden,mgolden,Green Bay Packers,00-0040667,0.0,0.0,0.0,0.0,0.0,0.0,0.0,5.0,3.0,55.0,0.0,M.Golden,GB,team_norm & _alias_init_last,0.0,0.0,0.0,0.0,0.0,0.0,0.0,-5.0,-3.0,-55.0,0.0
2025,15,0.0,2025_15_IND_SEA,Indianapolis Colts,Philip Rivers,QB,00-0022942,1.0,45.61,310.9,2.15,1.2,0.63,2.7,0.01,0.0,0.0,0.0,0.0,0.0135,72.0,44.99,24.0,341.5,118.7,2.3593360398686283,0.5568542493212036,1.1248485618729098,1.0,1.0,philip rivers,philiprivers,privers,Indianapolis Colts,00-0022942,29.0,120.0,1.0,1.0,1.0,-5.0,0.0,0.0,0.0,0.0,0.0,P.Rivers,IND,team_norm & _alias_init_last,16.61,190.89999999999998,1.15,0.19999999999999996,-0.37,7.7,0.01,0.0,0.0,0.0,0.0
2025,15,0.0,2025_15_IND_SEA,Indianapolis Colts,Jonathan Taylor,RB,00-0036223,1.0,0.0,0.0,0.0,0.0,15.03,63.6,0.43,5.22,3.18,25.3,0.27,0.5053,72.0,44.99,24.0,341.5,118.7,2.3593360398686283,0.5568542493212036,1.1248485618729098,1.0,1.0,jonathan taylor,jonathantaylor,jtaylor,Indianapolis Colts,00-0036223,0.0,0.0,0.0,0.0,26.0,87.0,0.0,4.0,3.0,14.0,0.0,J.Taylor,IND,team_norm & _alias_init_last,0.0,0.0,0.0,0.0,-10.97,-23.4,0.43,1.2199999999999998,0.18000000000000016,11.3,0.27
2025,15,0.0,2025_15_IND_SEA,Indianapolis Colts,Ameer Abdullah,RB,00-0032104,1.0,0.0,0.0,0.0,0.0,8.35,37.6,0.15,3.25,2.25,15.4,0.17,0.2742,72.0,44.99,24.0,341.5,118.7,2.3593360398686283,0.5568542493212036,1.1248485618729098,1.0,1.0,ameer abdullah,ameerabdullah,aabdullah,Indianapolis Colts,00-0032104,0.0,0.0,0.0,0.0,4.0,15.0,0.0,5.0,5.0,32.0,0.0,A.Abdullah,IND,team_norm & _alias_init_last,0.0,0.0,0.0,0.0,4.35,22.6,0.15,-1.75,-2.75,-16.6,0.17
2025,15,0.0,2025_15_IND_SEA,Indianapolis Colts,Tyler Goodson,RB,00-0037120,1.0,0.0,0.0,0.0,0.0,0.0,0.0,0.0,0.0,0.0,0.0,0.0,0.0,72.0,44.99,24.0,341.5,118.7,2.3593360398686283,0.5568542493212036,1.1248485618729098,1.0,1.0,tyler goodson,tylergoodson,tgoodson,Indianapolis Colts,00-0037120,,,,,,,,,,,,,,,,,,,,,,,,,
2025,15,0.0,2025_15_IND_SEA,Indianapolis Colts,Tyler Warren,TE,00-0040128,1.0,0.0,0.0,0.0,0.0,0.0,0.0,0.0,8.19,4.44,46.3,0.42,0.3408,72.0,44.99,24.0,341.5,118.7,2.3593360398686283,0.5568542493212036,1.1248485618729098,1.0,1.0,tyler warren,tylerwarren,twarren,Indianapolis Colts,00-0040128,0.0,0.0,0.0,0.0,0.0,0.0,0.0,6.0,3.0,19.0,0.0,T.Warren,IND,team_norm & _alias_init_last,0.0,0.0,0.0,0.0,0.0,0.0,0.0,2.1899999999999995,1.4400000000000004,27.299999999999997,0.42
2025,15,0.0,2025_15_IND_SEA,Indianapolis Colts,Mo Alie-Cox,TE,00-0033217,1.0,0.0,0.0,0.0,0.0,0.0,0.0,0.0,4.23,2.28,24.2,0.22,0.1966,72.0,44.99,24.0,341.5,118.7,2.3593360398686283,0.5568542493212036,1.1248485618729098,1.0,1.0,mo alie-cox,moaliecox,maliecox,Indianapolis Colts,00-0033217,,,,,,,,,,,,,,,,,,,,,,,,,
2025,15,0.0,2025_15_IND_SEA,Indianapolis Colts,Andrew Ogletree,TE,00-0037292,1.0,0.0,0.0,0.0,0.0,0.0,0.0,0.0,0.0,0.0,0.0,0.0,0.0,72.0,44.99,24.0,341.5,118.7,2.3593360398686283,0.5568542493212036,1.1248485618729098,1.0,1.0,andrew ogletree,andrewogletree,aogletree,Indianapolis Colts,00-0037292,,,,,,,,,,,,,,,,,,,,,,,,,
2025,15,0.0,2025_15_IND_SEA,Indianapolis Colts,Michael Pittman Jr.,WR,,1.0,0.0,0.0,0.0,0.0,0.0,0.0,0.0,10.67,6.68,120.2,0.56,0.4286,72.0,44.99,24.0,341.5,118.7,2.3593360398686283,0.5568542493212036,1.1248485618729098,0.0,0.0,michael pittman jr.,michaelpittmanjr,mpittman,Indianapolis Colts,00-0036252,0.0,0.0,0.0,0.0,0.0,0.0,0.0,5.0,3.0,26.0,0.0,M.Pittman,IND,team_norm & _alias_init_last,0.0,0.0,0.0,0.0,0.0,0.0,0.0,5.67,3.6799999999999997,94.2,0.56
2025,15,0.0,2025_15_IND_SEA,Indianapolis Colts,Alec Pierce,WR,00-0037664,1.0,0.0,0.0,0.0,0.0,0.0,0.0,0.0,8.04,4.12,47.1,0.38,0.3183,72.0,44.99,24.0,341.5,118.7,2.3593360398686283,0.5568542493212036,1.1248485618729098,1.0,1.0,alec pierce,alecpierce,apierce,Indianapolis Colts,00-0037664,0.0,0.0,0.0,0.0,0.0,0.0,0.0,2.0,1.0,16.0,0.0,A.Pierce,IND,team_norm & _alias_init_last,0.0,0.0,0.0,0.0,0.0,0.0,0.0,6.039999999999999,3.12,31.1,0.38
2025,15,0.0,2025_15_IND_SEA,Indianapolis Colts,Josh Downs,WR,00-0038997,1.0,0.0,0.0,0.0,0.0,0.0,0.0,0.0,5.36,3.41,28.9,0.26,0.2322,72.0,44.99,24.0,341.5,118.7,2.3593360398686283,0.5568542493212036,1.1248485618729098,1.0,1.0,josh downs,joshdowns,jdowns,Indianapolis Colts,00-0038997,0.0,0.0,0.0,0.0,0.0,0.0,0.0,5.0,3.0,13.0,1.0,J.Downs,IND,team_norm & _alias_init_last,0.0,0.0,0.0,0.0,0.0,0.0,0.0,0.3600000000000003,0.41000000000000014,15.899999999999999,-0.74
2025,15,0.0,2025_15_IND_SEA,Indianapolis Colts,Ajou Ajou,WR,00-0039957,1.0,0.0,0.0,0.0,0.0,0.0,0.0,0.0,0.0,0.0,0.0,0.0,0.0,72.0,44.99,24.0,341.5,118.7,2.3593360398686283,0.5568542493212036,1.1248485618729098,0.0,0.0,ajou ajou,ajouajou,aajou,Indianapolis Colts,00-0039957,,,,,,,,,,,,,,,,,,,,,,,,,
2025,15,0.0,2025_15_IND_SEA,Indianapolis Colts,Anthony Gould,WR,00-0039816,1.0,0.0,0.0,0.0,0.0,0.0,0.0,0.0,0.0,0.0,0.0,0.0,0.0,72.0,44.99,24.0,341.5,118.7,2.3593360398686283,0.5568542493212036,1.1248485618729098,0.0,0.0,anthony gould,anthonygould,agould,Indianapolis Colts,00-0039816,,,,,,,,,,,,,,,,,,,,,,,,,
2025,15,0.0,2025_15_IND_SEA,Indianapolis Colts,Coleman Owen,WR,00-0040352,1.0,0.0,0.0,0.0,0.0,0.0,0.0,0.0,0.0,0.0,0.0,0.0,0.0,72.0,44.99,24.0,341.5,118.7,2.3593360398686283,0.5568542493212036,1.1248485618729098,1.0,1.0,coleman owen,colemanowen,cowen,Indianapolis Colts,00-0040352,,,,,,,,,,,,,,,,,,,,,,,,,
2025,15,0.0,2025_15_IND_SEA,Indianapolis Colts,Laquon Treadwell,WR,00-0032951,1.0,0.0,0.0,0.0,0.0,0.0,0.0,0.0,0.0,0.0,0.0,0.0,0.0,72.0,44.99,24.0,341.5,118.7,2.3593360398686283,0.5568542493212036,1.1248485618729098,1.0,1.0,laquon treadwell,laquontreadwell,ltreadwell,Indianapolis Colts,00-0032951,,,,,,,,,,,,,,,,,,,,,,,,,
2025,15,0.0,2025_15_IND_SEA,Seattle Seahawks,Sam Darnold,QB,00-0034869,1.0,35.92,239.2,2.14,1.04,6.54,24.2,0.26,0.0,0.0,0.0,0.0,0.2323,72.0,38.91,30.69,295.3,151.8,2.8331679403351826,1.1988469298306423,0.9726251056638676,1.0,1.0,sam darnold,samdarnold,sdarnold,Seattle Seahawks,00-0034869,38.0,271.0,0.0,0.0,1.0,2.0,0.0,0.0,0.0,0.0,0.0,S.Darnold,SEA,team_norm & _alias_init_last,-2.0799999999999983,-31.80000000000001,2.14,1.04,5.54,22.2,0.26,0.0,0.0,0.0,0.0
2025,15,0.0,2025_15_IND_SEA,Seattle Seahawks,Kenneth Walker III,RB,00-0038134,1.0,0.0,0.0,0.0,0.0,15.53,67.4,0.75,4.46,3.04,20.5,0.32,0.6572,72.0,38.91,30.69,295.3,151.8,2.8331679403351826,1.1988469298306423,0.9726251056638676,1.0,1.0,kenneth walker iii,kennethwalkeriii,kwalker,Seattle Seahawks,00-0038134,0.0,0.0,0.0,0.0,9.0,17.0,0.0,1.0,1.0,2.0,0.0,K.Walker,SEA,team_norm & _alias_init_last,0.0,0.0,0.0,0.0,6.529999999999999,50.400000000000006,0.75,3.46,2.04,18.5,0.32
2025,15,0.0,2025_15_IND_SEA,Seattle Seahawks,Zach Charbonnet,RB,00-0039165,1.0,0.0,0.0,0.0,0.0,8.63,37.2,0.28,2.77,1.89,12.7,0.19,0.3741,72.0,38.91,30.69,295.3,151.8,2.8331679403351826,1.1988469298306423,0.9726251056638676,1.0,1.0,zach charbonnet,zachcharbonnet,zcharbonnet,Seattle Seahawks,00-0039165,0.0,0.0,0.0,0.0,8.0,31.0,0.0,1.0,0.0,0.0,0.0,Z.Charbonnet,SEA,team_norm & _alias_init_last,0.0,0.0,0.0,0.0,0.6300000000000008,6.200000000000003,0.28,1.77,1.89,12.7,0.19
2025,15,0.0,2025_15_IND_SEA,Seattle Seahawks,Velus Jones Jr.,RB,00-0037745,1.0,0.0,0.0,0.0,0.0,0.0,0.0,0.0,0.0,0.0,0.0,0.0,0.0,72.0,38.91,30.69,295.3,151.8,2.8331679403351826,1.1988469298306423,0.9726251056638676,1.0,1.0,velus jones jr.,velusjonesjr,vjones,Seattle Seahawks,00-0037745,,,,,,,,,,,,,,,,,,,,,,,,,
2025,15,0.0,2025_15_IND_SEA,Seattle Seahawks,AJ Barner,TE,00-0039793,1.0,0.0,0.0,0.0,0.0,0.0,0.0,0.0,6.93,4.5,40.9,0.48,0.3825,72.0,38.91,30.69,295.3,151.8,2.8331679403351826,1.1988469298306423,0.9726251056638676,1.0,1.0,aj barner,ajbarner,abarner,Seattle Seahawks,00-0039793,0.0,0.0,0.0,0.0,0.0,0.0,0.0,7.0,3.0,27.0,0.0,A.Barner,SEA,team_norm & _alias_init_last,0.0,0.0,0.0,0.0,0.0,0.0,0.0,-0.07000000000000028,1.5,13.899999999999999,0.48
2025,15,0.0,2025_15_IND_SEA,Seattle Seahawks,Eric Saubert,TE,00-0033576,1.0,0.0,0.0,0.0,0.0,0.0,0.0,0.0,3.58,2.09,22.2,0.26,0.2267,72.0,38.91,30.69,295.3,151.8,2.8331679403351826,1.1988469298306423,0.9726251056638676,1.0,1.0,eric saubert,ericsaubert,esaubert,Seattle Seahawks,00-0033576,0.0,0.0,0.0,0.0,0.0,0.0,0.0,1.0,1.0,9.0,0.0,E.Saubert,SEA,team_norm & _alias_init_last,0.0,0.0,0.0,0.0,0.0,0.0,0.0,2.58,1.0899999999999999,13.2,0.26
2025,15,0.0,2025_15_IND_SEA,Seattle Seahawks,Nick Kallerup,TE,00-0040058,1.0,0.0,0.0,0.0,0.0,0.0,0.0,0.0,0.0,0.0,0.0,0.0,0.0,72.0,38.91,30.69,295.3,151.8,2.8331679403351826,1.1988469298306423,0.9726251056638676,1.0,1.0,nick kallerup,nickkallerup,nkallerup,Seattle Seahawks,00-0040058,,,,,,,,,,,,,,,,,,,,,,,,,
2025,15,0.0,2025_15_IND_SEA,Seattle Seahawks,Jaxon Smith-Njigba,WR,00-0038543,1.0,0.0,0.0,0.0,0.0,0.0,0.0,0.0,9.35,6.58,59.4,0.63,0.468,72.0,38.91,30.69,295.3,151.8,2.8331679403351826,1.1988469298306423,0.9726251056638676,1.0,1.0,jaxon smith-njigba,jaxonsmithnjigba,jsmithnjigba,Seattle Seahawks,00-0038543,0.0,0.0,0.0,0.0,0.0,0.0,0.0,9.0,7.0,113.0,0.0,J.Smith-Njigba,SEA,team_norm & _alias_init_last,0.0,0.0,0.0,0.0,0.0,0.0,0.0,0.34999999999999964,-0.41999999999999993,-53.6,0.63
2025,15,0.0,2025_15_IND_SEA,Seattle Seahawks,Cooper Kupp,WR,00-0033908,1.0,0.0,0.0,0.0,0.0,0.0,0.0,0.0,7.04,4.62,41.7,0.5,0.3914,72.0,38.91,30.69,295.3,151.8,2.8331679403351826,1.1988469298306423,0.9726251056638676,1.0,1.0,cooper kupp,cooperkupp,ckupp,Seattle Seahawks,00-0033908,0.0,0.0,0.0,0.0,0.0,0.0,0.0,7.0,5.0,46.0,0.0,C.Kupp,SEA,team_norm & _alias_init_last,0.0,0.0,0.0,0.0,0.0,0.0,0.0,0.040000000000000036,-0.3799999999999999,-4.299999999999997,0.5
2025,15,0.0,2025_15_IND_SEA,Seattle Seahawks,Rashid Shaheed,WR,00-0037545,1.0,0.0,0.0,0.0,0.0,0.0,0.0,0.0,4.69,3.05,28.8,0.31,0.2658,72.0,38.91,30.69,295.3,151.8,2.8331679403351826,1.1988469298306423,0.9726251056638676,1.0,1.0,rashid shaheed,rashidshaheed,rshaheed,Seattle Seahawks,00-0037545,0.0,0.0,0.0,0.0,1.0,-3.0,0.0,7.0,5.0,74.0,0.0,R.Shaheed,SEA,team_norm & _alias_init_last,0.0,0.0,0.0,0.0,-1.0,3.0,0.0,-2.3099999999999996,-1.9500000000000002,-45.2,0.31
2025,15,0.0,2025_15_IND_SEA,Seattle Seahawks,Cody White,WR,00-0035891,1.0,0.0,0.0,0.0,0.0,0.0,0.0,0.0,0.0,0.0,0.0,0.0,0.0,72.0,38.91,30.69,295.3,151.8,2.8331679403351826,1.1988469298306423,0.9726251056638676,1.0,1.0,cody white,codywhite,cwhite,Seattle Seahawks,00-0035891,,,,,,,,,,,,,,,,,,,,,,,,,
2025,15,0.0,2025_15_IND_SEA,Seattle Seahawks,Jake Bobo,WR,00-0038752,1.0,0.0,0.0,0.0,0.0,0.0,0.0,0.0,0.0,0.0,0.0,0.0,0.0,72.0,38.91,30.69,295.3,151.8,2.8331679403351826,1.1988469298306423,0.9726251056638676,1.0,1.0,jake bobo,jakebobo,jbobo,Seattle Seahawks,00-0038752,,,,,,,,,,,,,,,,,,,,,,,,,
2025,15,0.0,2025_15_LAC_KC,Kansas City Chiefs,Gardner Minshew,QB,00-0035289,1.0,40.65,211.1,1.92,1.17,2.87,8.8,0.09,0.0,0.0,0.0,0.0,0.0822,72.0,43.83,25.14,245.9,91.9,2.69588571876944,0.7576138622805066,1.0957711922734308,1.0,1.0,gardner minshew,gardnerminshew,gminshew,Kansas City Chiefs,00-0035289,5.0,22.0,0.0,1.0,0.0,0.0,0.0,0.0,0.0,0.0,0.0,G.Minshew,KC,team_norm & _alias_init_last,35.65,189.1,1.92,0.16999999999999993,2.87,8.8,0.09,0.0,0.0,0.0,0.0
2025,15,0.0,2025_15_LAC_KC,Kansas City Chiefs,Isiah Pacheco,RB,00-0037197,1.0,0.0,0.0,0.0,0.0,14.42,44.0,0.53,5.01,3.41,17.4,0.31,0.5696,72.0,43.83,25.14,245.9,91.9,2.69588571876944,0.7576138622805066,1.0957711922734308,1.0,1.0,isiah pacheco,isiahpacheco,ipacheco,Kansas City Chiefs,00-0037197,0.0,0.0,0.0,0.0,11.0,21.0,0.0,0.0,0.0,0.0,0.0,I.Pacheco,KC,team_norm & _alias_init_last,0.0,0.0,0.0,0.0,3.42,23.0,0.53,5.01,3.41,17.4,0.31
2025,15,0.0,2025_15_LAC_KC,Kansas City Chiefs,Kareem Hunt,RB,00-0033923,1.0,0.0,0.0,0.0,0.0,7.85,24.2,0.2,3.12,1.91,10.4,0.2,0.3292,72.0,43.83,25.14,245.9,91.9,2.69588571876944,0.7576138622805066,1.0957711922734308,1.0,1.0,kareem hunt,kareemhunt,khunt,Kansas City Chiefs,00-0033923,0.0,0.0,0.0,0.0,6.0,12.0,0.0,2.0,1.0,8.0,0.0,K.Hunt,KC,team_norm & _alias_init_last,0.0,0.0,0.0,0.0,1.8499999999999996,12.2,0.2,1.12,0.9099999999999999,2.4000000000000004,0.2
2025,15,0.0,2025_15_LAC_KC,Kansas City Chiefs,Brashard Smith,RB,00-0040078,1.0,0.0,0.0,0.0,0.0,0.0,0.0,0.0,0.0,0.0,0.0,0.0,0.0,72.0,43.83,25.14,245.9,91.9,2.69588571876944,0.7576138622805066,1.0957711922734308,1.0,1.0,brashard smith,brashardsmith,bsmith,Kansas City Chiefs,00-0040078,0.0,0.0,0.0,0.0,2.0,1.0,0.0,0.0,0.0,0.0,0.0,B.Smith,KC,team_norm & _alias_init_last,0.0,0.0,0.0,0.0,-2.0,-1.0,0.0,0.0,0.0,0.0,0.0
2025,15,0.0,2025_15_LAC_KC,Kansas City Chiefs,Travis Kelce,TE,00-0030506,1.0,0.0,0.0,0.0,0.0,0.0,0.0,0.0,7.66,4.54,27.5,0.44,0.3558,72.0,43.83,25.14,245.9,91.9,2.69588571876944,0.7576138622805066,1.0957711922734308,1.0,1.0,travis kelce,traviskelce,tkelce,Kansas City Chiefs,00-0030506,0.0,0.0,0.0,0.0,0.0,0.0,0.0,9.0,7.0,70.0,0.0,T.Kelce,KC,team_norm & _alias_init_last,0.0,0.0,0.0,0.0,0.0,0.0,0.0,-1.3399999999999999,-2.46,-42.5,0.44
2025,15,0.0,2025_15_LAC_KC,Kansas City Chiefs,Noah Gray,TE,00-0036637,1.0,0.0,0.0,0.0,0.0,0.0,0.0,0.0,3.96,2.3,14.7,0.22,0.1968,72.0,43.83,25.14,245.9,91.9,2.69588571876944,0.7576138622805066,1.0957711922734308,1.0,1.0,noah gray,noahgray,ngray,Kansas City Chiefs,00-0036637,,,,,,,,,,,,,,,,,,,,,,,,,
2025,15,0.0,2025_15_LAC_KC,Kansas City Chiefs,Geor'Quarius Spivey,TE,00-0039941,1.0,0.0,0.0,0.0,0.0,0.0,0.0,0.0,0.0,0.0,0.0,0.0,0.0,72.0,43.83,25.14,245.9,91.9,2.69588571876944,0.7576138622805066,1.0957711922734308,0.0,0.0,geor'quarius spivey,georquariusspivey,gspivey,Kansas City Chiefs,00-0039941,,,,,,,,,,,,,,,,,,,,,,,,,
2025,15,0.0,2025_15_LAC_KC,Kansas City Chiefs,Jared Wiley,TE,00-0039824,1.0,0.0,0.0,0.0,0.0,0.0,0.0,0.0,0.0,0.0,0.0,0.0,0.0,72.0,43.83,25.14,245.9,91.9,2.69588571876944,0.7576138622805066,1.0957711922734308,0.0,0.0,jared wiley,jaredwiley,jwiley,Kansas City Chiefs,00-0039824,,,,,,,,,,,,,,,,,,,,,,,,,
2025,15,0.0,2025_15_LAC_KC,Kansas City Chiefs,Robert Tonyan,TE,00-0033757,1.0,0.0,0.0,0.0,0.0,0.0,0.0,0.0,0.0,0.0,0.0,0.0,0.0,72.0,43.83,25.14,245.9,91.9,2.69588571876944,0.7576138622805066,1.0957711922734308,1.0,1.0,robert tonyan,roberttonyan,rtonyan,Kansas City Chiefs,00-0033757,,,,,,,,,,,,,,,,,,,,,,,,,
2025,15,0.0,2025_15_LAC_KC,Kansas City Chiefs,Rashee Rice,WR,00-0039067,1.0,0.0,0.0,0.0,0.0,0.0,0.0,0.0,10.68,7.81,49.3,0.66,0.4809,72.0,43.83,25.14,245.9,91.9,2.69588571876944,0.7576138622805066,1.0957711922734308,1.0,1.0,rashee rice,rasheerice,rrice,Kansas City Chiefs,00-0039067,0.0,0.0,0.0,0.0,0.0,0.0,0.0,11.0,7.0,51.0,0.0,R.Rice,KC,team_norm & _alias_init_last,0.0,0.0,0.0,0.0,0.0,0.0,0.0,-0.3200000000000003,0.8099999999999996,-1.7000000000000028,0.66
2025,15,0.0,2025_15_LAC_KC,Kansas City Chiefs,Xavier Worthy,WR,00-0039894,1.0,0.0,0.0,0.0,0.0,0.0,0.0,0.0,8.04,4.98,37.0,0.48,0.3809,72.0,43.83,25.14,245.9,91.9,2.69588571876944,0.7576138622805066,1.0957711922734308,1.0,1.0,xavier worthy,xavierworthy,xworthy,Kansas City Chiefs,00-0039894,0.0,0.0,0.0,0.0,0.0,0.0,0.0,5.0,2.0,35.0,0.0,X.Worthy,KC,team_norm & _alias_init_last,0.0,0.0,0.0,0.0,0.0,0.0,0.0,3.039999999999999,2.9800000000000004,2.0,0.48
2025,15,0.0,2025_15_LAC_KC,Kansas City Chiefs,Elijhah Badger,WR,00-0040080,1.0,0.0,0.0,0.0,0.0,0.0,0.0,0.0,0.0,0.0,0.0,0.0,0.0,72.0,43.83,25.14,245.9,91.9,2.69588571876944,0.7576138622805066,1.0957711922734308,0.0,0.0,elijhah badger,elijhahbadger,ebadger,Kansas City Chiefs,00-0040080,,,,,,,,,,,,,,,,,,,,,,,,,
2025,15,0.0,2025_15_LAC_KC,Kansas City Chiefs,Jalen Royals,WR,00-0040646,1.0,0.0,0.0,0.0,0.0,0.0,0.0,0.0,0.0,0.0,0.0,0.0,0.0,72.0,43.83,25.14,245.9,91.9,2.69588571876944,0.7576138622805066,1.0957711922734308,1.0,1.0,jalen royals,jalenroyals,jroyals,Kansas City Chiefs,00-0040646,,,,,,,,,,,,,,,,,,,,,,,,,
2025,15,0.0,2025_15_LAC_KC,Kansas City Chiefs,JuJu Smith-Schuster,WR,00-0033857,1.0,0.0,0.0,0.0,0.0,0.0,0.0,0.0,0.0,0.0,0.0,0.0,0.0,72.0,43.83,25.14,245.9,91.9,2.69588571876944,0.7576138622805066,1.0957711922734308,1.0,1.0,juju smith-schuster,jujusmithschuster,jsmithschuster,Kansas City Chiefs,00-0033857,0.0,0.0,0.0,0.0,0.0,0.0,0.0,1.0,0.0,0.0,0.0,J.Smith-Schuster,KC,team_norm & _alias_init_last,0.0,0.0,0.0,0.0,0.0,0.0,0.0,-1.0,0.0,0.0,0.0
2025,15,0.0,2025_15_LAC_KC,Kansas City Chiefs,Nikko Remigio,WR,00-0038519,1.0,0.0,0.0,0.0,0.0,0.0,0.0,0.0,0.0,0.0,0.0,0.0,0.0,72.0,43.83,25.14,245.9,91.9,2.69588571876944,0.7576138622805066,1.0957711922734308,1.0,1.0,nikko remigio,nikkoremigio,nremigio,Kansas City Chiefs,00-0038519,,,,,,,,,,,,,,,,,,,,,,,,,
2025,15,0.0,2025_15_LAC_KC,Kansas City Chiefs,Tyquan Thornton,WR,00-0038104,1.0,0.0,0.0,0.0,0.0,0.0,0.0,0.0,0.0,0.0,0.0,0.0,0.0,72.0,43.83,25.14,245.9,91.9,2.69588571876944,0.7576138622805066,1.0957711922734308,1.0,1.0,tyquan thornton,tyquanthornton,tthornton,Kansas City Chiefs,00-0038104,0.0,0.0,0.0,0.0,0.0,0.0,0.0,3.0,2.0,47.0,0.0,T.Thornton,KC,team_norm & _alias_init_last,0.0,0.0,0.0,0.0,0.0,0.0,0.0,-3.0,-2.0,-47.0,0.0
2025,15,0.0,2025_15_LAC_KC,Los Angeles Chargers,Justin Herbert,QB,00-0036355,1.0,37.9,211.2,1.18,1.04,6.58,19.0,0.1,0.0,0.0,0.0,0.0,0.0955,72.0,38.93,30.16,231.1,116.7,1.2410777606176535,0.4439332310879107,0.973263298543376,1.0,1.0,justin herbert,justinherbert,jherbert,Los Angeles Chargers,00-0036355,35.0,210.0,1.0,1.0,1.0,1.0,0.0,0.0,0.0,0.0,0.0,J.Herbert,LAC,team_norm & _alias_init_last,2.8999999999999986,1.1999999999999886,0.17999999999999994,0.040000000000000036,5.58,18.0,0.1,0.0,0.0,0.0,0.0
2025,15,0.0,2025_15_LAC_KC,Los Angeles Chargers,Omarion Hampton,RB,00-0040666,1.0,0.0,0.0,0.0,0.0,15.16,52.6,0.28,4.46,3.32,20.9,0.14,0.3414,72.0,38.93,30.16,231.1,116.7,1.2410777606176535,0.4439332310879107,0.973263298543376,1.0,1.0,omarion hampton,omarionhampton,ohampton,Los Angeles Chargers,00-0040666,0.0,0.0,0.0,0.0,15.0,61.0,0.0,1.0,1.0,4.0,0.0,O.Hampton,LAC,team_norm & _alias_init_last,0.0,0.0,0.0,0.0,0.16000000000000014,-8.399999999999999,0.28,3.46,2.32,16.9,0.14
2025,15,0.0,2025_15_LAC_KC,Los Angeles Chargers,Kimani Vidal,RB,00-0039391,1.0,0.0,0.0,0.0,0.0,8.42,28.9,0.1,2.78,1.7,12.3,0.09,0.1694,72.0,38.93,30.16,231.1,116.7,1.2410777606176535,0.4439332310879107,0.973263298543376,1.0,1.0,kimani vidal,kimanividal,kvidal,Los Angeles Chargers,00-0039391,0.0,0.0,0.0,0.0,14.0,33.0,0.0,1.0,1.0,15.0,0.0,K.Vidal,LAC,team_norm & _alias_init_last,0.0,0.0,0.0,0.0,-5.58,-4.100000000000001,0.1,1.7799999999999998,0.7,-2.6999999999999993,0.09
2025,15,0.0,2025_15_LAC_KC,Los Angeles Chargers,Hassan Haskins,RB,00-0037617,1.0,0.0,0.0,0.0,0.0,0.0,0.0,0.0,0.0,0.0,0.0,0.0,0.0,72.0,38.93,30.16,231.1,116.7,1.2410777606176535,0.4439332310879107,0.973263298543376,1.0,1.0,hassan haskins,hassanhaskins,hhaskins,Los Angeles Chargers,00-0037617,,,,,,,,,,,,,,,,,,,,,,,,,
2025,15,0.0,2025_15_LAC_KC,Los Angeles Chargers,Oronde Gadsden II,TE,00-0040189,1.0,0.0,0.0,0.0,0.0,0.0,0.0,0.0,6.75,3.97,33.0,0.21,0.1879,72.0,38.93,30.16,231.1,116.7,1.2410777606176535,0.4439332310879107,0.973263298543376,1.0,1.0,oronde gadsden ii,orondegadsdenii,ogadsden,Los Angeles Chargers,00-0040189,0.0,0.0,0.0,0.0,0.0,0.0,0.0,6.0,4.0,61.0,0.0,O.Gadsden,LAC,team_norm & _alias_init_last,0.0,0.0,0.0,0.0,0.0,0.0,0.0,0.75,-0.029999999999999805,-28.0,0.21
2025,15,0.0,2025_15_LAC_KC,Los Angeles Chargers,Will Dissly,TE,00-0034159,1.0,0.0,0.0,0.0,0.0,0.0,0.0,0.0,3.49,2.22,14.2,0.1,0.0953,72.0,38.93,30.16,231.1,116.7,1.2410777606176535,0.4439332310879107,0.973263298543376,1.0,1.0,will dissly,willdissly,wdissly,Los Angeles Chargers,00-0034159,,,,,,,,,,,,,,,,,,,,,,,,,
2025,15,0.0,2025_15_LAC_KC,Los Angeles Chargers,Stevo Klotz,TE,00-0040469,1.0,0.0,0.0,0.0,0.0,0.0,0.0,0.0,0.0,0.0,0.0,0.0,0.0,72.0,38.93,30.16,231.1,116.7,1.2410777606176535,0.4439332310879107,0.973263298543376,0.0,0.0,stevo klotz,stevoklotz,sklotz,Los Angeles Chargers,00-0040469,,,,,,,,,,,,,,,,,,,,,,,,,
2025,15,0.0,2025_15_LAC_KC,Los Angeles Chargers,Tyler Conklin,TE,00-0034270,1.0,0.0,0.0,0.0,0.0,0.0,0.0,0.0,0.0,0.0,0.0,0.0,0.0,72.0,38.93,30.16,231.1,116.7,1.2410777606176535,0.4439332310879107,0.973263298543376,1.0,1.0,tyler conklin,tylerconklin,tconklin,Los Angeles Chargers,00-0034270,,,,,,,,,,,,,,,,,,,,,,,,,
2025,15,0.0,2025_15_LAC_KC,Los Angeles Chargers,Ladd McConkey,WR,00-0039915,1.0,0.0,0.0,0.0,0.0,0.0,0.0,0.0,9.5,6.27,48.1,0.28,0.2433,72.0,38.93,30.16,231.1,116.7,1.2410777606176535,0.4439332310879107,0.973263298543376,1.0,1.0,ladd mcconkey,laddmcconkey,lmcconkey,Los Angeles Chargers,,0.0,0.0,0.0,0.0,0.0,0.0,0.0,3.0,2.0,20.0,0.0,L.McConkey,LAC,team_norm & _alias_init_last,0.0,0.0,0.0,0.0,0.0,0.0,0.0,6.5,4.27,28.1,0.28
2025,15,0.0,2025_15_LAC_KC,Los Angeles Chargers,Quentin Johnston,WR,00-0038544,1.0,0.0,0.0,0.0,0.0,0.0,0.0,0.0,7.15,3.93,33.3,0.22,0.1943,72.0,38.93,30.16,231.1,116.7,1.2410777606176535,0.4439332310879107,0.973263298543376,0.0,0.0,quentin johnston,quentinjohnston,qjohnston,Los Angeles Chargers,00-0038544,,,,,,,,,,,,,,,,,,,,,,,,,
2025,15,0.0,2025_15_LAC_KC,Los Angeles Chargers,Keenan Allen,WR,00-0030279,1.0,0.0,0.0,0.0,0.0,0.0,0.0,0.0,4.77,3.09,21.2,0.14,0.1342,72.0,38.93,30.16,231.1,116.7,1.2410777606176535,0.4439332310879107,0.973263298543376,1.0,1.0,keenan allen,keenanallen,kallen,Los Angeles Chargers,00-0030279,0.0,0.0,0.0,0.0,0.0,0.0,0.0,8.0,5.0,36.0,0.0,K.Allen,LAC,team_norm & _alias_init_last,0.0,0.0,0.0,0.0,0.0,0.0,0.0,-3.2300000000000004,-1.9100000000000001,-14.8,0.14
2025,15,0.0,2025_15_LAC_KC,Los Angeles Chargers,Derius Davis,WR,00-0038573,1.0,0.0,0.0,0.0,0.0,0.0,0.0,0.0,0.0,0.0,0.0,0.0,0.0,72.0,38.93,30.16,231.1,116.7,1.2410777606176535,0.4439332310879107,0.973263298543376,0.0,0.0,derius davis,deriusdavis,ddavis,Los Angeles Chargers,00-0038573,,,,,,,,,,,,,,,,,,,,,,,,,
2025,15,0.0,2025_15_LAC_KC,Los Angeles Chargers,KeAndre Lambert-Smith,WR,00-0040184,1.0,0.0,0.0,0.0,0.0,0.0,0.0,0.0,0.0,0.0,0.0,0.0,0.0,72.0,38.93,30.16,231.1,116.7,1.2410777606176535,0.4439332310879107,0.973263298543376,1.0,1.0,keandre lambert-smith,keandrelambertsmith,klambertsmith,Los Angeles Chargers,00-0040184,0.0,0.0,0.0,0.0,0.0,0.0,0.0,1.0,1.0,16.0,1.0,K.Lambert-Smith,LAC,team_norm & _alias_init_last,0.0,0.0,0.0,0.0,0.0,0.0,0.0,-1.0,-1.0,-16.0,-1.0
2025,15,0.0,2025_15_LAC_KC,Los Angeles Chargers,Tre Harris,WR,00-0040727,1.0,0.0,0.0,0.0,0.0,0.0,0.0,0.0,0.0,0.0,0.0,0.0,0.0,72.0,38.93,30.16,231.1,116.7,1.2410777606176535,0.4439332310879107,0.973263298543376,1.0,1.0,tre harris,treharris,tharris,Los Angeles Chargers,,0.0,0.0,0.0,0.0,0.0,0.0,0.0,5.0,3.0,49.0,0.0,T.Harris,LAC,team_norm & _alias_init_last,0.0,0.0,0.0,0.0,0.0,0.0,0.0,-5.0,-3.0,-49.0,0.0
2025,15,0.0,2025_15_LV_PHI,Las Vegas Raiders,Geno Smith,QB,00-0030565,1.0,40.06,264.3,1.97,1.1,3.37,12.8,0.06,0.0,0.0,0.0,0.0,0.0593,63.72,41.24,19.12,313.0,94.5,2.5899350804848584,0.3425017732221374,1.0308920605150522,0.0,0.0,geno smith,genosmith,gsmith,Las Vegas Raiders,,,,,,,,,,,,,,,,,,,,,,,,,,
2025,15,0.0,2025_15_LV_PHI,Las Vegas Raiders,Ashton Jeanty,RB,00-0040122,1.0,0.0,0.0,0.0,0.0,10.12,43.1,0.21,4.58,2.91,24.8,0.29,0.3951,63.72,41.24,19.12,313.0,94.5,2.5899350804848584,0.3425017732221374,1.0308920605150522,1.0,1.0,ashton jeanty,ashtonjeanty,ajeanty,Las Vegas Raiders,00-0040122,0.0,0.0,0.0,0.0,9.0,35.0,0.0,6.0,4.0,7.0,0.0,A.Jeanty,LV,team_norm & _alias_init_last,0.0,0.0,0.0,0.0,1.1199999999999992,8.100000000000001,0.21,-1.42,-1.0899999999999999,17.8,0.29
2025,15,0.0,2025_15_LV_PHI,Las Vegas Raiders,Raheem Mostert,RB,00-0031687,1.0,0.0,0.0,0.0,0.0,5.62,24.3,0.08,2.85,1.83,14.3,0.18,0.2306,63.72,41.24,19.12,313.0,94.5,2.5899350804848584,0.3425017732221374,1.0308920605150522,1.0,1.0,raheem mostert,raheemmostert,rmostert,Las Vegas Raiders,,0.0,0.0,0.0,0.0,0.0,0.0,0.0,1.0,1.0,2.0,0.0,R.Mostert,LV,team_norm & _alias_init_last,0.0,0.0,0.0,0.0,5.62,24.3,0.08,1.85,0.8300000000000001,12.3,0.18
2025,15,0.0,2025_15_LV_PHI,Las Vegas Raiders,Dylan Laube,RB,00-0039407,1.0,0.0,0.0,0.0,0.0,0.0,0.0,0.0,0.0,0.0,0.0,0.0,0.0,63.72,41.24,19.12,313.0,94.5,2.5899350804848584,0.3425017732221374,1.0308920605150522,1.0,1.0,dylan laube,dylanlaube,dlaube,Las Vegas Raiders,00-0039407,0.0,0.0,0.0,0.0,2.0,4.0,0.0,0.0,0.0,0.0,0.0,D.Laube,LV,team_norm & _alias_init_last,0.0,0.0,0.0,0.0,-2.0,-4.0,0.0,0.0,0.0,0.0,0.0
2025,15,0.0,2025_15_LV_PHI,Las Vegas Raiders,Brock Bowers,TE,00-0039338,1.0,0.0,0.0,0.0,0.0,0.0,0.0,0.0,7.24,4.43,36.5,0.42,0.3398,63.72,41.24,19.12,313.0,94.5,2.5899350804848584,0.3425017732221374,1.0308920605150522,1.0,1.0,brock bowers,brockbowers,bbowers,Las Vegas Raiders,00-0039338,0.0,0.0,0.0,0.0,0.0,0.0,0.0,8.0,6.0,28.0,0.0,B.Bowers,LV,team_norm & _alias_init_last,0.0,0.0,0.0,0.0,0.0,0.0,0.0,-0.7599999999999998,-1.5700000000000003,8.5,0.42
2025,15,0.0,2025_15_LV_PHI,Las Vegas Raiders,Michael Mayer,TE,00-0039066,1.0,0.0,0.0,0.0,0.0,0.0,0.0,0.0,3.74,2.18,19.0,0.22,0.1972,63.72,41.24,19.12,313.0,94.5,2.5899350804848584,0.3425017732221374,1.0308920605150522,1.0,1.0,michael mayer,michaelmayer,mmayer,Las Vegas Raiders,00-0039066,,,,,,,,,,,,,,,,,,,,,,,,,
2025,15,0.0,2025_15_LV_PHI,Las Vegas Raiders,Carter Runyon,TE,00-0040488,1.0,0.0,0.0,0.0,0.0,0.0,0.0,0.0,0.0,0.0,0.0,0.0,0.0,63.72,41.24,19.12,313.0,94.5,2.5899350804848584,0.3425017732221374,1.0308920605150522,1.0,1.0,carter runyon,carterrunyon,crunyon,Las Vegas Raiders,00-0040488,,,,,,,,,,,,,,,,,,,,,,,,,
2025,15,0.0,2025_15_LV_PHI,Las Vegas Raiders,Tre Tucker,WR,00-0038563,1.0,0.0,0.0,0.0,0.0,0.0,0.0,0.0,10.12,5.69,63.4,0.58,0.4406,63.72,41.24,19.12,313.0,94.5,2.5899350804848584,0.3425017732221374,1.0308920605150522,1.0,1.0,tre tucker,tretucker,ttucker,Las Vegas Raiders,00-0038563,0.0,0.0,0.0,0.0,0.0,0.0,0.0,3.0,0.0,0.0,0.0,T.Tucker,LV,team_norm & _alias_init_last,0.0,0.0,0.0,0.0,0.0,0.0,0.0,7.119999999999999,5.69,63.4,0.58
2025,15,0.0,2025_15_LV_PHI,Las Vegas Raiders,Jack Bech,WR,00-0040729,1.0,0.0,0.0,0.0,0.0,0.0,0.0,0.0,7.62,5.06,65.0,0.47,0.3724,63.72,41.24,19.12,313.0,94.5,2.5899350804848584,0.3425017732221374,1.0308920605150522,1.0,1.0,jack bech,jackbech,jbech,Las Vegas Raiders,00-0040729,0.0,0.0,0.0,0.0,0.0,0.0,0.0,3.0,2.0,17.0,0.0,J.Bech,LV,team_norm & _alias_init_last,0.0,0.0,0.0,0.0,0.0,0.0,0.0,4.62,3.0599999999999996,48.0,0.47
2025,15,0.0,2025_15_LV_PHI,Las Vegas Raiders,Tyler Lockett,WR,00-0032211,1.0,0.0,0.0,0.0,0.0,0.0,0.0,0.0,5.08,3.1,28.1,0.3,0.2557,63.72,41.24,19.12,313.0,94.5,2.5899350804848584,0.3425017732221374,1.0308920605150522,1.0,1.0,tyler lockett,tylerlockett,tlockett,Las Vegas Raiders,00-0032211,0.0,0.0,0.0,0.0,0.0,0.0,0.0,4.0,2.0,10.0,0.0,T.Lockett,LV,team_norm & _alias_init_last,0.0,0.0,0.0,0.0,0.0,0.0,0.0,1.08,1.1,18.1,0.3
2025,15,0.0,2025_15_LV_PHI,Las Vegas Raiders,Alex Bachman,WR,00-0035602,1.0,0.0,0.0,0.0,0.0,0.0,0.0,0.0,0.0,0.0,0.0,0.0,0.0,63.72,41.24,19.12,313.0,94.5,2.5899350804848584,0.3425017732221374,1.0308920605150522,0.0,0.0,alex bachman,alexbachman,abachman,Las Vegas Raiders,00-0035602,,,,,,,,,,,,,,,,,,,,,,,,,
2025,15,0.0,2025_15_LV_PHI,Las Vegas Raiders,Amari Cooper,WR,00-0031544,1.0,0.0,0.0,0.0,0.0,0.0,0.0,0.0,0.0,0.0,0.0,0.0,0.0,63.72,41.24,19.12,313.0,94.5,2.5899350804848584,0.3425017732221374,1.0308920605150522,1.0,1.0,amari cooper,amaricooper,acooper,Las Vegas Raiders,00-0031544,,,,,,,,,,,,,,,,,,,,,,,,,
2025,15,0.0,2025_15_LV_PHI,Las Vegas Raiders,Dont'e Thornton Jr.,WR,00-0040581,1.0,0.0,0.0,0.0,0.0,0.0,0.0,0.0,0.0,0.0,0.0,0.0,0.0,63.72,41.24,19.12,313.0,94.5,2.5899350804848584,0.3425017732221374,1.0308920605150522,1.0,1.0,dont'e thornton jr.,dontethorntonjr,dthornton,Las Vegas Raiders,00-0040581,,,,,,,,,,,,,,,,,,,,,,,,,
2025,15,0.0,2025_15_LV_PHI,Las Vegas Raiders,Shedrick Jackson,WR,00-0038891,1.0,0.0,0.0,0.0,0.0,0.0,0.0,0.0,0.0,0.0,0.0,0.0,0.0,63.72,41.24,19.12,313.0,94.5,2.5899350804848584,0.3425017732221374,1.0308920605150522,1.0,1.0,shedrick jackson,shedrickjackson,sjackson,Las Vegas Raiders,00-0038891,,,,,,,,,,,,,,,,,,,,,,,,,
2025,15,0.0,2025_15_LV_PHI,Philadelphia Eagles,Jalen Hurts,QB,00-0036389,1.0,40.6,217.2,2.5,1.21,7.89,20.5,0.29,0.0,0.0,0.0,0.0,0.2518,72.0,45.37,23.66,254.5,86.5,3.6508818672646406,0.8996236331619292,1.134214960232316,1.0,1.0,jalen hurts,jalenhurts,jhurts,Philadelphia Eagles,00-0036389,20.0,175.0,3.0,0.0,5.0,27.0,0.0,0.0,0.0,0.0,0.0,J.Hurts,PHI,team_norm & _alias_init_last,20.6,42.19999999999999,-0.5,1.21,2.8899999999999997,-6.5,0.29,0.0,0.0,0.0,0.0
2025,15,0.0,2025_15_LV_PHI,Philadelphia Eagles,Saquon Barkley,RB,00-0034844,1.0,0.0,0.0,0.0,0.0,10.14,32.4,0.51,5.27,3.34,18.7,0.42,0.6049,72.0,45.37,23.66,254.5,86.5,3.6508818672646406,0.8996236331619292,1.134214960232316,1.0,1.0,saquon barkley,saquonbarkley,sbarkley,Philadelphia Eagles,00-0034844,0.0,0.0,0.0,0.0,23.0,78.0,1.0,3.0,2.0,14.0,0.0,S.Barkley,PHI,team_norm & _alias_init_last,0.0,0.0,0.0,0.0,-12.86,-45.6,-0.49,2.2699999999999996,1.3399999999999999,4.699999999999999,0.42
2025,15,0.0,2025_15_LV_PHI,Philadelphia Eagles,Tank Bigsby,RB,00-0038555,1.0,0.0,0.0,0.0,0.0,5.63,18.0,0.19,3.28,1.76,13.6,0.26,0.3641,72.0,45.37,23.66,254.5,86.5,3.6508818672646406,0.8996236331619292,1.134214960232316,1.0,1.0,tank bigsby,tankbigsby,tbigsby,Philadelphia Eagles,,0.0,0.0,0.0,0.0,17.0,57.0,0.0,1.0,0.0,0.0,0.0,T.Bigsby,PHI,team_norm & _alias_init_last,0.0,0.0,0.0,0.0,-11.370000000000001,-39.0,0.19,2.28,1.76,13.6,0.26
2025,15,0.0,2025_15_LV_PHI,Philadelphia Eagles,Will Shipley,RB,00-0039746,1.0,0.0,0.0,0.0,0.0,0.0,0.0,0.0,0.0,0.0,0.0,0.0,0.0,72.0,45.37,23.66,254.5,86.5,3.6508818672646406,0.8996236331619292,1.134214960232316,1.0,1.0,will shipley,willshipley,wshipley,Philadelphia Eagles,00-0039746,,,,,,,,,,,,,,,,,,,,,,,,,
2025,15,0.0,2025_15_LV_PHI,Philadelphia Eagles,Dallas Goedert,TE,00-0034351,1.0,0.0,0.0,0.0,0.0,0.0,0.0,0.0,7.71,4.78,28.7,0.57,0.4327,72.0,45.37,23.66,254.5,86.5,3.6508818672646406,0.8996236331619292,1.134214960232316,1.0,1.0,dallas goedert,dallasgoedert,dgoedert,Philadelphia Eagles,00-0034351,0.0,0.0,0.0,0.0,0.0,0.0,0.0,7.0,6.0,70.0,2.0,D.Goedert,PHI,team_norm & _alias_init_last,0.0,0.0,0.0,0.0,0.0,0.0,0.0,0.71,-1.2199999999999998,-41.3,-1.4300000000000002
2025,15,0.0,2025_15_LV_PHI,Philadelphia Eagles,Grant Calcaterra,TE,00-0037086,1.0,0.0,0.0,0.0,0.0,0.0,0.0,0.0,3.99,2.49,17.4,0.3,0.262,72.0,45.37,23.66,254.5,86.5,3.6508818672646406,0.8996236331619292,1.134214960232316,1.0,1.0,grant calcaterra,grantcalcaterra,gcalcaterra,Philadelphia Eagles,00-0037086,0.0,0.0,0.0,0.0,0.0,0.0,0.0,1.0,1.0,4.0,0.0,G.Calcaterra,PHI,team_norm & _alias_init_last,0.0,0.0,0.0,0.0,0.0,0.0,0.0,2.99,1.4900000000000002,13.399999999999999,0.3
2025,15,0.0,2025_15_LV_PHI,Philadelphia Eagles,Cameron Latu,TE,00-0038564,1.0,0.0,0.0,0.0,0.0,0.0,0.0,0.0,0.0,0.0,0.0,0.0,0.0,72.0,45.37,23.66,254.5,86.5,3.6508818672646406,0.8996236331619292,1.134214960232316,1.0,1.0,cameron latu,cameronlatu,clatu,Philadelphia Eagles,00-0038564,,,,,,,,,,,,,,,,,,,,,,,,,
2025,15,0.0,2025_15_LV_PHI,Philadelphia Eagles,Kylen Granson,TE,00-0036876,1.0,0.0,0.0,0.0,0.0,0.0,0.0,0.0,0.0,0.0,0.0,0.0,0.0,72.0,45.37,23.66,254.5,86.5,3.6508818672646406,0.8996236331619292,1.134214960232316,1.0,1.0,kylen granson,kylengranson,kgranson,Philadelphia Eagles,00-0036876,,,,,,,,,,,,,,,,,,,,,,,,,
2025,15,0.0,2025_15_LV_PHI,Philadelphia Eagles,A.J. Brown,WR,00-0035676,1.0,0.0,0.0,0.0,0.0,0.0,0.0,0.0,11.02,6.59,48.9,0.82,0.5585,72.0,45.37,23.66,254.5,86.5,3.6508818672646406,0.8996236331619292,1.134214960232316,1.0,1.0,a.j. brown,ajbrown,abrown,Philadelphia Eagles,00-0035676,0.0,0.0,0.0,0.0,0.0,0.0,0.0,3.0,2.0,41.0,1.0,A.Brown,PHI,team_norm & _alias_init_last,0.0,0.0,0.0,0.0,0.0,0.0,0.0,8.02,4.59,7.899999999999999,-0.18000000000000005
2025,15,0.0,2025_15_LV_PHI,Philadelphia Eagles,DeVonta Smith,WR,00-0036912,1.0,0.0,0.0,0.0,0.0,0.0,0.0,0.0,8.3,5.84,36.7,0.61,0.4571,72.0,45.37,23.66,254.5,86.5,3.6508818672646406,0.8996236331619292,1.134214960232316,1.0,1.0,devonta smith,devontasmith,dsmith,Philadelphia Eagles,00-0036912,0.0,0.0,0.0,0.0,0.0,0.0,0.0,2.0,2.0,50.0,0.0,D.Smith,PHI,team_norm & _alias_init_last,0.0,0.0,0.0,0.0,0.0,0.0,0.0,6.300000000000001,3.84,-13.299999999999997,0.61
2025,15,0.0,2025_15_LV_PHI,Philadelphia Eagles,Jahan Dotson,WR,00-0037741,1.0,0.0,0.0,0.0,0.0,0.0,0.0,0.0,5.53,3.01,24.0,0.42,0.3462,72.0,45.37,23.66,254.5,86.5,3.6508818672646406,0.8996236331619292,1.134214960232316,1.0,1.0,jahan dotson,jahandotson,jdotson,Philadelphia Eagles,00-0037741,,,,,,,,,,,,,,,,,,,,,,,,,
2025,15,0.0,2025_15_LV_PHI,Philadelphia Eagles,Britain Covey,WR,00-0037132,1.0,0.0,0.0,0.0,0.0,0.0,0.0,0.0,0.0,0.0,0.0,0.0,0.0,72.0,45.37,23.66,254.5,86.5,3.6508818672646406,0.8996236331619292,1.134214960232316,1.0,1.0,britain covey,britaincovey,bcovey,Philadelphia Eagles,00-0037132,,,,,,,,,,,,,,,,,,,,,,,,,
2025,15,0.0,2025_15_LV_PHI,Philadelphia Eagles,Darius Cooper,WR,00-0040024,1.0,0.0,0.0,0.0,0.0,0.0,0.0,0.0,0.0,0.0,0.0,0.0,0.0,72.0,45.37,23.66,254.5,86.5,3.6508818672646406,0.8996236331619292,1.134214960232316,1.0,1.0,darius cooper,dariuscooper,dcooper,Philadelphia Eagles,00-0040024,0.0,0.0,0.0,0.0,0.0,0.0,0.0,3.0,2.0,29.0,0.0,D.Cooper,PHI,team_norm & _alias_init_last,0.0,0.0,0.0,0.0,0.0,0.0,0.0,-3.0,-2.0,-29.0,0.0
2025,15,0.0,2025_15_MIA_PIT,Miami Dolphins,Tua Tagovailoa,QB,00-0036212,1.0,32.85,219.0,1.47,0.81,3.8,14.7,0.13,0.0,0.0,0.0,0.0,0.1257,72.0,30.27,39.6,227.3,193.7,1.5806671223041306,1.4571360877280253,0.7567567495074635,1.0,1.0,tua tagovailoa,tuatagovailoa,ttagovailoa,Miami Dolphins,00-0036212,35.0,253.0,2.0,1.0,0.0,0.0,0.0,0.0,0.0,0.0,0.0,T.Tagovailoa,MIA,team_norm & _alias_init_last,-2.1499999999999986,-34.0,-0.53,-0.18999999999999995,3.8,14.7,0.13,0.0,0.0,0.0,0.0
2025,15,0.0,2025_15_MIA_PIT,Miami Dolphins,De'Von Achane,RB,00-0039040,1.0,0.0,0.0,0.0,0.0,23.01,97.0,1.02,3.41,2.35,16.2,0.18,0.6997,72.0,30.27,39.6,227.3,193.7,1.5806671223041306,1.4571360877280253,0.7567567495074635,1.0,1.0,de'von achane,devonachane,dachane,Miami Dolphins,00-0039040,0.0,0.0,0.0,0.0,12.0,60.0,0.0,6.0,6.0,67.0,0.0,D.Achane,MIA,team_norm & _alias_init_last,0.0,0.0,0.0,0.0,11.010000000000002,37.0,1.02,-2.59,-3.65,-50.8,0.18
2025,15,0.0,2025_15_MIA_PIT,Miami Dolphins,Jaylen Wright,RB,00-0039874,1.0,0.0,0.0,0.0,0.0,12.79,57.1,0.35,2.12,1.18,12.0,0.11,0.3697,72.0,30.27,39.6,227.3,193.7,1.5806671223041306,1.4571360877280253,0.7567567495074635,1.0,1.0,jaylen wright,jaylenwright,jwright,Miami Dolphins,00-0039874,0.0,0.0,0.0,0.0,1.0,2.0,0.0,1.0,1.0,9.0,0.0,J.Wright,MIA,team_norm & _alias_init_last,0.0,0.0,0.0,0.0,11.79,55.1,0.35,1.12,0.17999999999999994,3.0,0.11
2025,15,0.0,2025_15_MIA_PIT,Miami Dolphins,Ollie Gordon II,RB,00-0040198,1.0,0.0,0.0,0.0,0.0,0.0,0.0,0.0,0.0,0.0,0.0,0.0,0.0,72.0,30.27,39.6,227.3,193.7,1.5806671223041306,1.4571360877280253,0.7567567495074635,1.0,1.0,ollie gordon ii,olliegordonii,ogordon,Miami Dolphins,00-0040198,0.0,0.0,0.0,0.0,2.0,0.0,0.0,0.0,0.0,0.0,0.0,O.Gordon,MIA,team_norm & _alias_init_last,0.0,0.0,0.0,0.0,-2.0,0.0,0.0,0.0,0.0,0.0,0.0
2025,15,0.0,2025_15_MIA_PIT,Miami Dolphins,Darren Waller,TE,00-0031610,1.0,0.0,0.0,0.0,0.0,0.0,0.0,0.0,5.39,3.05,29.4,0.26,0.2327,72.0,30.27,39.6,227.3,193.7,1.5806671223041306,1.4571360877280253,0.7567567495074635,1.0,1.0,darren waller,darrenwaller,dwaller,Miami Dolphins,00-0031610,0.0,0.0,0.0,0.0,0.0,0.0,0.0,9.0,7.0,66.0,2.0,D.Waller,MIA,team_norm & _alias_init_last,0.0,0.0,0.0,0.0,0.0,0.0,0.0,-3.6100000000000003,-3.95,-36.6,-1.74
2025,15,0.0,2025_15_MIA_PIT,Miami Dolphins,Greg Dulcich,TE,00-0037252,1.0,0.0,0.0,0.0,0.0,0.0,0.0,0.0,2.79,1.45,14.5,0.13,0.1243,72.0,30.27,39.6,227.3,193.7,1.5806671223041306,1.4571360877280253,0.7567567495074635,1.0,1.0,greg dulcich,gregdulcich,gdulcich,Miami Dolphins,00-0037252,0.0,0.0,0.0,0.0,0.0,0.0,0.0,3.0,2.0,46.0,0.0,G.Dulcich,MIA,team_norm & _alias_init_last,0.0,0.0,0.0,0.0,0.0,0.0,0.0,-0.20999999999999996,-0.55,-31.5,0.13
2025,15,0.0,2025_15_MIA_PIT,Miami Dolphins,Julian Hill,TE,00-0038720,1.0,0.0,0.0,0.0,0.0,0.0,0.0,0.0,0.0,0.0,0.0,0.0,0.0,72.0,30.27,39.6,227.3,193.7,1.5806671223041306,1.4571360877280253,0.7567567495074635,1.0,1.0,julian hill,julianhill,jhill,Miami Dolphins,00-0038720,0.0,0.0,0.0,0.0,0.0,0.0,0.0,2.0,2.0,25.0,0.0,J.Hill,MIA,team_norm & _alias_init_last,0.0,0.0,0.0,0.0,0.0,0.0,0.0,-2.0,-2.0,-25.0,0.0
2025,15,0.0,2025_15_MIA_PIT,Miami Dolphins,Jaylen Waddle,WR,00-0036613,1.0,0.0,0.0,0.0,0.0,0.0,0.0,0.0,7.35,4.54,43.7,0.35,0.2952,72.0,30.27,39.6,227.3,193.7,1.5806671223041306,1.4571360877280253,0.7567567495074635,1.0,1.0,jaylen waddle,jaylenwaddle,jwaddle,Miami Dolphins,00-0036613,0.0,0.0,0.0,0.0,0.0,0.0,0.0,4.0,2.0,26.0,0.0,J.Waddle,MIA,team_norm & _alias_init_last,0.0,0.0,0.0,0.0,0.0,0.0,0.0,3.3499999999999996,2.54,17.700000000000003,0.35
2025,15,0.0,2025_15_MIA_PIT,Miami Dolphins,Malik Washington,WR,00-0039880,1.0,0.0,0.0,0.0,0.0,0.0,0.0,0.0,5.53,3.81,38.2,0.28,0.2422,72.0,30.27,39.6,227.3,193.7,1.5806671223041306,1.4571360877280253,0.7567567495074635,1.0,1.0,malik washington,malikwashington,mwashington,Miami Dolphins,00-0039880,0.0,0.0,0.0,0.0,0.0,0.0,0.0,1.0,1.0,10.0,0.0,M.Washington,MIA,team_norm & _alias_init_last,0.0,0.0,0.0,0.0,0.0,0.0,0.0,4.53,2.81,28.200000000000003,0.28
2025,15,0.0,2025_15_MIA_PIT,Miami Dolphins,Nick Westbrook-Ikhine,WR,00-0036182,1.0,0.0,0.0,0.0,0.0,0.0,0.0,0.0,3.69,1.91,22.0,0.18,0.1676,72.0,30.27,39.6,227.3,193.7,1.5806671223041306,1.4571360877280253,0.7567567495074635,1.0,1.0,nick westbrook-ikhine,nickwestbrookikhine,nwestbrookikhine,Miami Dolphins,00-0036182,0.0,0.0,0.0,0.0,0.0,0.0,0.0,1.0,0.0,0.0,0.0,N.Westbrook-Ikhine,MIA,team_norm & _alias_init_last,0.0,0.0,0.0,0.0,0.0,0.0,0.0,2.69,1.91,22.0,0.18
2025,15,0.0,2025_15_MIA_PIT,Miami Dolphins,Cedrick Wilson Jr.,WR,00-0034418,1.0,0.0,0.0,0.0,0.0,0.0,0.0,0.0,0.0,0.0,0.0,0.0,0.0,72.0,30.27,39.6,227.3,193.7,1.5806671223041306,1.4571360877280253,0.7567567495074635,1.0,1.0,cedrick wilson jr.,cedrickwilsonjr,cwilson,Miami Dolphins,00-0034418,,,,,,,,,,,,,,,,,,,,,,,,,
2025,15,0.0,2025_15_MIA_PIT,Miami Dolphins,Dee Eskridge,WR,00-0036620,1.0,0.0,0.0,0.0,0.0,0.0,0.0,0.0,0.0,0.0,0.0,0.0,0.0,72.0,30.27,39.6,227.3,193.7,1.5806671223041306,1.4571360877280253,0.7567567495074635,1.0,1.0,dee eskridge,deeeskridge,deskridge,Miami Dolphins,00-0036620,,,,,,,,,,,,,,,,,,,,,,,,,
2025,15,0.0,2025_15_MIA_PIT,Pittsburgh Steelers,Aaron Rodgers,QB,00-0023459,1.0,43.56,281.4,1.9,1.26,1.76,7.3,0.04,0.0,0.0,0.0,0.0,0.0374,72.0,47.29,21.6,358.9,106.8,2.4067932495281767,0.5064930587290495,1.1822613890697278,1.0,1.0,aaron rodgers,aaronrodgers,arodgers,Pittsburgh Steelers,00-0023459,32.0,224.0,2.0,0.0,0.0,0.0,0.0,0.0,0.0,0.0,0.0,A.Rodgers,PIT,team_norm & _alias_init_last,11.560000000000002,57.39999999999998,-0.10000000000000009,1.26,1.76,7.3,0.04,0.0,0.0,0.0,0.0
2025,15,0.0,2025_15_MIA_PIT,Pittsburgh Steelers,Jaylen Warren,RB,00-0037228,1.0,0.0,0.0,0.0,0.0,12.75,54.4,0.36,5.47,3.92,28.3,0.27,0.4683,72.0,47.29,21.6,358.9,106.8,2.4067932495281767,0.5064930587290495,1.1822613890697278,1.0,1.0,jaylen warren,jaylenwarren,jwarren,Pittsburgh Steelers,00-0037228,0.0,0.0,0.0,0.0,13.0,33.0,0.0,3.0,3.0,15.0,0.0,J.Warren,PIT,team_norm & _alias_init_last,0.0,0.0,0.0,0.0,-0.25,21.4,0.36,2.4699999999999998,0.9199999999999999,13.3,0.27
2025,15,0.0,2025_15_MIA_PIT,Pittsburgh Steelers,Kenneth Gainwell,RB,00-0036919,1.0,0.0,0.0,0.0,0.0,7.08,30.0,0.14,3.4,2.31,16.7,0.18,0.2695,72.0,47.29,21.6,358.9,106.8,2.4067932495281767,0.5064930587290495,1.1822613890697278,1.0,1.0,kenneth gainwell,kennethgainwell,kgainwell,Pittsburgh Steelers,00-0036919,0.0,0.0,0.0,0.0,14.0,80.0,0.0,7.0,7.0,46.0,0.0,K.Gainwell,PIT,team_norm & _alias_init_last,0.0,0.0,0.0,0.0,-6.92,-50.0,0.14,-3.6,-4.6899999999999995,-29.3,0.18
2025,15,0.0,2025_15_MIA_PIT,Pittsburgh Steelers,Kaleb Johnson,RB,00-0040142,1.0,0.0,0.0,0.0,0.0,0.0,0.0,0.0,0.0,0.0,0.0,0.0,0.0,72.0,47.29,21.6,358.9,106.8,2.4067932495281767,0.5064930587290495,1.1822613890697278,1.0,1.0,kaleb johnson,kalebjohnson,kjohnson,Pittsburgh Steelers,00-0040142,0.0,0.0,0.0,0.0,2.0,4.0,0.0,0.0,0.0,0.0,0.0,K.Johnson,PIT,team_norm & _alias_init_last,0.0,0.0,0.0,0.0,-2.0,-4.0,0.0,0.0,0.0,0.0,0.0
2025,15,0.0,2025_15_MIA_PIT,Pittsburgh Steelers,Darnell Washington,TE,00-0038558,1.0,0.0,0.0,0.0,0.0,0.0,0.0,0.0,8.66,4.94,51.0,0.42,0.3449,72.0,47.29,21.6,358.9,106.8,2.4067932495281767,0.5064930587290495,1.1822613890697278,1.0,1.0,darnell washington,darnellwashington,dwashington,Pittsburgh Steelers,00-0038558,0.0,0.0,0.0,0.0,0.0,0.0,0.0,4.0,3.0,25.0,0.0,D.Washington,PIT,team_norm & _alias_init_last,0.0,0.0,0.0,0.0,0.0,0.0,0.0,4.66,1.9400000000000004,26.0,0.42
2025,15,0.0,2025_15_MIA_PIT,Pittsburgh Steelers,Pat Freiermuth,TE,00-0036894,1.0,0.0,0.0,0.0,0.0,0.0,0.0,0.0,4.48,2.54,21.4,0.21,0.1884,72.0,47.29,21.6,358.9,106.8,2.4067932495281767,0.5064930587290495,1.1822613890697278,1.0,1.0,pat freiermuth,patfreiermuth,pfreiermuth,Pittsburgh Steelers,00-0036894,0.0,0.0,0.0,0.0,0.0,0.0,0.0,5.0,3.0,45.0,0.0,P.Freiermuth,PIT,team_norm & _alias_init_last,0.0,0.0,0.0,0.0,0.0,0.0,0.0,-0.5199999999999996,-0.45999999999999996,-23.6,0.21
2025,15,0.0,2025_15_MIA_PIT,Pittsburgh Steelers,Connor Heyward,TE,00-0037304,1.0,0.0,0.0,0.0,0.0,0.0,0.0,0.0,0.0,0.0,0.0,0.0,0.0,72.0,47.29,21.6,358.9,106.8,2.4067932495281767,0.5064930587290495,1.1822613890697278,1.0,1.0,connor heyward,connorheyward,cheyward,Pittsburgh Steelers,00-0027969,0.0,0.0,0.0,0.0,4.0,4.0,1.0,0.0,0.0,0.0,0.0,Co.Heyward,PIT,team_norm & _alias_init_last,0.0,0.0,0.0,0.0,-4.0,-4.0,-1.0,0.0,0.0,0.0,0.0
2025,15,0.0,2025_15_MIA_PIT,Pittsburgh Steelers,Jonnu Smith,TE,00-0033858,1.0,0.0,0.0,0.0,0.0,0.0,0.0,0.0,0.0,0.0,0.0,0.0,0.0,72.0,47.29,21.6,358.9,106.8,2.4067932495281767,0.5064930587290495,1.1822613890697278,1.0,1.0,jonnu smith,jonnusmith,jsmith,Pittsburgh Steelers,00-0033858,0.0,0.0,0.0,0.0,1.0,14.0,1.0,2.0,2.0,12.0,0.0,J.Smith,PIT,team_norm & _alias_init_last,0.0,0.0,0.0,0.0,-1.0,-14.0,-1.0,-2.0,-2.0,-12.0,0.0
2025,15,0.0,2025_15_MIA_PIT,Pittsburgh Steelers,DK Metcalf,WR,00-0035640,1.0,0.0,0.0,0.0,0.0,0.0,0.0,0.0,11.06,6.31,67.2,0.54,0.4179,72.0,47.29,21.6,358.9,106.8,2.4067932495281767,0.5064930587290495,1.1822613890697278,1.0,1.0,dk metcalf,dkmetcalf,dmetcalf,Pittsburgh Steelers,00-0035640,0.0,0.0,0.0,0.0,0.0,0.0,0.0,3.0,3.0,55.0,1.0,D.Metcalf,PIT,team_norm & _alias_init_last,0.0,0.0,0.0,0.0,0.0,0.0,0.0,8.06,3.3099999999999996,12.200000000000003,-0.45999999999999996
2025,15,0.0,2025_15_MIA_PIT,Pittsburgh Steelers,Calvin Austin III,WR,00-0037837,1.0,0.0,0.0,0.0,0.0,0.0,0.0,0.0,8.33,4.59,51.9,0.38,0.3152,72.0,47.29,21.6,358.9,106.8,2.4067932495281767,0.5064930587290495,1.1822613890697278,1.0,1.0,calvin austin iii,calvinaustiniii,caustin,Pittsburgh Steelers,00-0037837,0.0,0.0,0.0,0.0,0.0,0.0,0.0,1.0,0.0,0.0,0.0,C.Austin,PIT,team_norm & _alias_init_last,0.0,0.0,0.0,0.0,0.0,0.0,0.0,7.33,4.59,51.9,0.38
2025,15,0.0,2025_15_MIA_PIT,Pittsburgh Steelers,Adam Thielen,WR,00-0030035,1.0,0.0,0.0,0.0,0.0,0.0,0.0,0.0,5.55,3.74,31.1,0.27,0.2376,72.0,47.29,21.6,358.9,106.8,2.4067932495281767,0.5064930587290495,1.1822613890697278,1.0,1.0,adam thielen,adamthielen,athielen,Pittsburgh Steelers,00-0030035,0.0,0.0,0.0,0.0,0.0,0.0,0.0,1.0,1.0,7.0,0.0,A.Thielen,PIT,team_norm & _alias_init_last,0.0,0.0,0.0,0.0,0.0,0.0,0.0,4.55,2.74,24.1,0.27
2025,15,0.0,2025_15_MIA_PIT,Pittsburgh Steelers,Ben Skowronek,WR,00-0036862,1.0,0.0,0.0,0.0,0.0,0.0,0.0,0.0,0.0,0.0,0.0,0.0,0.0,72.0,47.29,21.6,358.9,106.8,2.4067932495281767,0.5064930587290495,1.1822613890697278,1.0,1.0,ben skowronek,benskowronek,bskowronek,Pittsburgh Steelers,00-0036862,,,,,,,,,,,,,,,,,,,,,,,,,
2025,15,0.0,2025_15_MIA_PIT,Pittsburgh Steelers,Brandon Johnson,WR,00-0037382,1.0,0.0,0.0,0.0,0.0,0.0,0.0,0.0,0.0,0.0,0.0,0.0,0.0,72.0,47.29,21.6,358.9,106.8,2.4067932495281767,0.5064930587290495,1.1822613890697278,0.0,0.0,brandon johnson,brandonjohnson,bjohnson,Pittsburgh Steelers,00-0037382,,,,,,,,,,,,,,,,,,,,,,,,,
2025,15,0.0,2025_15_MIA_PIT,Pittsburgh Steelers,Marquez Valdes-Scantling,WR,00-0034272,1.0,0.0,0.0,0.0,0.0,0.0,0.0,0.0,0.0,0.0,0.0,0.0,0.0,72.0,47.29,21.6,358.9,106.8,2.4067932495281767,0.5064930587290495,1.1822613890697278,1.0,1.0,marquez valdes-scantling,marquezvaldesscantling,mvaldesscantling,Pittsburgh Steelers,00-0034272,0.0,0.0,0.0,0.0,0.0,0.0,0.0,2.0,1.0,19.0,1.0,M.Valdes-Scantling,PIT,team_norm & _alias_init_last,0.0,0.0,0.0,0.0,0.0,0.0,0.0,-2.0,-1.0,-19.0,-1.0
2025,15,0.0,2025_15_MIA_PIT,Pittsburgh Steelers,Scott Miller,WR,00-0035298,1.0,0.0,0.0,0.0,0.0,0.0,0.0,0.0,0.0,0.0,0.0,0.0,0.0,72.0,47.29,21.6,358.9,106.8,2.4067932495281767,0.5064930587290495,1.1822613890697278,1.0,1.0,scott miller,scottmiller,smiller,Pittsburgh Steelers,00-0035298,,,,,,,,,,,,,,,,,,,,,,,,,
2025,15,0.0,2025_15_MIN_DAL,Dallas Cowboys,Dak Prescott,QB,00-0033077,1.0,44.86,296.9,2.12,1.26,2.17,7.8,0.05,0.0,0.0,0.0,0.0,0.0518,72.0,47.29,21.6,358.9,106.8,2.542350517555458,0.4775887030541774,1.1822434977037888,1.0,1.0,dak prescott,dakprescott,dprescott,Dallas Cowboys,,41.0,294.0,0.0,0.0,1.0,2.0,0.0,0.0,0.0,0.0,0.0,D.Prescott,DAL,team_norm & _alias_init_last,3.8599999999999994,2.8999999999999773,2.12,1.26,1.17,5.8,0.05,0.0,0.0,0.0,0.0
2025,15,0.0,2025_15_MIN_DAL,Dallas Cowboys,Javonte Williams,RB,00-0036997,1.0,0.0,0.0,0.0,0.0,12.49,52.0,0.34,5.43,3.42,24.8,0.3,0.4722,72.0,47.29,21.6,358.9,106.8,2.542350517555458,0.4775887030541774,1.1822434977037888,1.0,1.0,javonte williams,javontewilliams,jwilliams,Dallas Cowboys,00-0036997,0.0,0.0,0.0,0.0,15.0,91.0,1.0,0.0,0.0,0.0,0.0,J.Williams,DAL,team_norm & _alias_init_last,0.0,0.0,0.0,0.0,-2.51,-39.0,-0.6599999999999999,5.43,3.42,24.8,0.3
2025,15,0.0,2025_15_MIN_DAL,Dallas Cowboys,Malik Davis,RB,00-0037563,1.0,0.0,0.0,0.0,0.0,6.94,31.6,0.11,3.38,2.04,19.7,0.18,0.2569,72.0,47.29,21.6,358.9,106.8,2.542350517555458,0.4775887030541774,1.1822434977037888,1.0,1.0,malik davis,malikdavis,mdavis,Dallas Cowboys,00-0037563,0.0,0.0,0.0,0.0,8.0,21.0,1.0,4.0,2.0,16.0,0.0,M.Davis,DAL,team_norm & _alias_init_last,0.0,0.0,0.0,0.0,-1.0599999999999996,10.600000000000001,-0.89,-0.6200000000000001,0.040000000000000036,3.6999999999999993,0.18
2025,15,0.0,2025_15_MIN_DAL,Dallas Cowboys,Jake Ferguson,TE,00-0038041,1.0,0.0,0.0,0.0,0.0,0.0,0.0,0.0,8.68,5.46,44.4,0.45,0.3604,72.0,47.29,21.6,358.9,106.8,2.542350517555458,0.4775887030541774,1.1822434977037888,1.0,1.0,jake ferguson,jakeferguson,jferguson,Dallas Cowboys,00-0038041,0.0,0.0,0.0,0.0,0.0,0.0,0.0,4.0,2.0,16.0,0.0,J.Ferguson,DAL,team_norm & _alias_init_last,0.0,0.0,0.0,0.0,0.0,0.0,0.0,4.68,3.46,28.4,0.45
2025,15,0.0,2025_15_MIN_DAL,Dallas Cowboys,Luke Schoonmaker,TE,00-0038547,1.0,0.0,0.0,0.0,0.0,0.0,0.0,0.0,4.49,2.44,23.9,0.22,0.1987,72.0,47.29,21.6,358.9,106.8,2.542350517555458,0.4775887030541774,1.1822434977037888,1.0,1.0,luke schoonmaker,lukeschoonmaker,lschoonmaker,Dallas Cowboys,00-0038547,0.0,0.0,0.0,0.0,0.0,0.0,0.0,1.0,1.0,29.0,0.0,L.Schoonmaker,DAL,team_norm & _alias_init_last,0.0,0.0,0.0,0.0,0.0,0.0,0.0,3.49,1.44,-5.100000000000001,0.22
2025,15,0.0,2025_15_MIN_DAL,Dallas Cowboys,Brevyn Spann-Ford,TE,00-0039530,1.0,0.0,0.0,0.0,0.0,0.0,0.0,0.0,0.0,0.0,0.0,0.0,0.0,72.0,47.29,21.6,358.9,106.8,2.542350517555458,0.4775887030541774,1.1822434977037888,1.0,1.0,brevyn spann-ford,brevynspannford,bspannford,Dallas Cowboys,00-0039530,0.0,0.0,0.0,0.0,0.0,0.0,0.0,1.0,0.0,0.0,0.0,B.Spann-Ford,DAL,team_norm & _alias_init_last,0.0,0.0,0.0,0.0,0.0,0.0,0.0,-1.0,0.0,0.0,0.0
2025,15,0.0,2025_15_MIN_DAL,Dallas Cowboys,John Stephens Jr.,TE,00-0038741,1.0,0.0,0.0,0.0,0.0,0.0,0.0,0.0,0.0,0.0,0.0,0.0,0.0,72.0,47.29,21.6,358.9,106.8,2.542350517555458,0.4775887030541774,1.1822434977037888,0.0,0.0,john stephens jr.,johnstephensjr,jstephens,Dallas Cowboys,00-0038741,,,,,,,,,,,,,,,,,,,,,,,,,
2025,15,0.0,2025_15_MIN_DAL,Dallas Cowboys,CeeDee Lamb,WR,00-0036358,1.0,0.0,0.0,0.0,0.0,0.0,0.0,0.0,11.15,7.0,67.0,0.57,0.4326,72.0,47.29,21.6,358.9,106.8,2.542350517555458,0.4775887030541774,1.1822434977037888,1.0,1.0,ceedee lamb,ceedeelamb,clamb,Dallas Cowboys,00-0036358,0.0,0.0,0.0,0.0,1.0,0.0,0.0,10.0,6.0,111.0,0.0,C.Lamb,DAL,team_norm & _alias_init_last,0.0,0.0,0.0,0.0,-1.0,0.0,0.0,1.1500000000000004,1.0,-44.0,0.57
2025,15,0.0,2025_15_MIN_DAL,Dallas Cowboys,George Pickens,WR,00-0037247,1.0,0.0,0.0,0.0,0.0,0.0,0.0,0.0,8.4,4.72,49.2,0.42,0.3457,72.0,47.29,21.6,358.9,106.8,2.542350517555458,0.4775887030541774,1.1822434977037888,1.0,1.0,george pickens,georgepickens,gpickens,Dallas Cowboys,00-0037247,0.0,0.0,0.0,0.0,0.0,0.0,0.0,6.0,3.0,33.0,0.0,G.Pickens,DAL,team_norm & _alias_init_last,0.0,0.0,0.0,0.0,0.0,0.0,0.0,2.4000000000000004,1.7199999999999998,16.200000000000003,0.42
2025,15,0.0,2025_15_MIN_DAL,Dallas Cowboys,Ryan Flournoy,WR,00-0039410,1.0,0.0,0.0,0.0,0.0,0.0,0.0,0.0,5.6,3.62,39.0,0.28,0.2473,72.0,47.29,21.6,358.9,106.8,2.542350517555458,0.4775887030541774,1.1822434977037888,1.0,1.0,ryan flournoy,ryanflournoy,rflournoy,Dallas Cowboys,00-0039410,0.0,0.0,0.0,0.0,0.0,0.0,0.0,5.0,4.0,40.0,0.0,R.Flournoy,DAL,team_norm & _alias_init_last,0.0,0.0,0.0,0.0,0.0,0.0,0.0,0.5999999999999996,-0.3799999999999999,-1.0,0.28
2025,15,0.0,2025_15_MIN_DAL,Dallas Cowboys,Jonathan Mingo,WR,00-0039062,1.0,0.0,0.0,0.0,0.0,0.0,0.0,0.0,0.0,0.0,0.0,0.0,0.0,72.0,47.29,21.6,358.9,106.8,2.542350517555458,0.4775887030541774,1.1822434977037888,1.0,1.0,jonathan mingo,jonathanmingo,jmingo,Dallas Cowboys,00-0039062,0.0,0.0,0.0,0.0,0.0,0.0,0.0,1.0,1.0,25.0,0.0,J.Mingo,DAL,team_norm & _alias_init_last,0.0,0.0,0.0,0.0,0.0,0.0,0.0,-1.0,-1.0,-25.0,0.0
2025,15,0.0,2025_15_MIN_DAL,Dallas Cowboys,KaVontae Turpin,WR,00-0037801,1.0,0.0,0.0,0.0,0.0,0.0,0.0,0.0,0.0,0.0,0.0,0.0,0.0,72.0,47.29,21.6,358.9,106.8,2.542350517555458,0.4775887030541774,1.1822434977037888,1.0,1.0,kavontae turpin,kavontaeturpin,kturpin,Dallas Cowboys,00-0037801,0.0,0.0,0.0,0.0,1.0,2.0,0.0,2.0,2.0,10.0,0.0,K.Turpin,DAL,team_norm & _alias_init_last,0.0,0.0,0.0,0.0,-1.0,-2.0,0.0,-2.0,-2.0,-10.0,0.0
2025,15,0.0,2025_15_MIN_DAL,Minnesota Vikings,J.J. McCarthy,QB,00-0039923,1.0,33.62,198.6,2.05,0.88,1.42,5.2,0.04,0.0,0.0,0.0,0.0,0.0408,69.28,33.17,33.48,218.2,143.5,2.2040500697647705,1.0271014126632667,0.8292728429722911,1.0,1.0,j.j. mccarthy,jjmccarthy,jmccarthy,Minnesota Vikings,00-0039923,28.0,250.0,2.0,1.0,1.0,1.0,1.0,0.0,0.0,0.0,0.0,J.McCarthy,MIN,team_norm & _alias_init_last,5.619999999999997,-51.400000000000006,0.04999999999999982,-0.12,0.41999999999999993,4.2,-0.96,0.0,0.0,0.0,0.0
2025,15,0.0,2025_15_MIN_DAL,Minnesota Vikings,Aaron Jones Sr.,RB,,1.0,0.0,0.0,0.0,0.0,20.61,95.6,0.73,3.78,2.42,25.1,0.25,0.6238,69.28,33.17,33.48,218.2,143.5,2.2040500697647705,1.0271014126632667,0.8292728429722911,0.0,0.0,aaron jones sr.,aaronjonessr,ajones,Minnesota Vikings,00-0033293,0.0,0.0,0.0,0.0,13.0,34.0,0.0,3.0,3.0,31.0,0.0,A.Jones,MIN,team_norm & _alias_init_last,0.0,0.0,0.0,0.0,7.609999999999999,61.599999999999994,0.73,0.7799999999999998,-0.5800000000000001,-5.899999999999999,0.25
2025,15,0.0,2025_15_MIN_DAL,Minnesota Vikings,Jordan Mason,RB,00-0037525,1.0,0.0,0.0,0.0,0.0,11.45,41.2,0.27,2.35,1.6,11.9,0.16,0.3485,69.28,33.17,33.48,218.2,143.5,2.2040500697647705,1.0271014126632667,0.8292728429722911,1.0,1.0,jordan mason,jordanmason,jmason,Minnesota Vikings,00-0037525,0.0,0.0,0.0,0.0,10.0,29.0,0.0,0.0,0.0,0.0,0.0,J.Mason,MIN,team_norm & _alias_init_last,0.0,0.0,0.0,0.0,1.4499999999999993,12.200000000000003,0.27,2.35,1.6,11.9,0.16
2025,15,0.0,2025_15_MIN_DAL,Minnesota Vikings,Zavier Scott,RB,00-0038440,1.0,0.0,0.0,0.0,0.0,0.0,0.0,0.0,0.0,0.0,0.0,0.0,0.0,69.28,33.17,33.48,218.2,143.5,2.2040500697647705,1.0271014126632667,0.8292728429722911,1.0,1.0,zavier scott,zavierscott,zscott,Minnesota Vikings,00-0038440,,,,,,,,,,,,,,,,,,,,,,,,,
2025,15,0.0,2025_15_MIN_DAL,Minnesota Vikings,T.J. Hockenson,TE,00-0035229,1.0,0.0,0.0,0.0,0.0,0.0,0.0,0.0,6.07,3.56,25.5,0.36,0.3046,69.28,33.17,33.48,218.2,143.5,2.2040500697647705,1.0271014126632667,0.8292728429722911,1.0,1.0,t.j. hockenson,tjhockenson,thockenson,Minnesota Vikings,00-0035229,0.0,0.0,0.0,0.0,0.0,0.0,0.0,5.0,4.0,66.0,0.0,T.Hockenson,MIN,team_norm & _alias_init_last,0.0,0.0,0.0,0.0,0.0,0.0,0.0,1.0700000000000003,-0.43999999999999995,-40.5,0.36
2025,15,0.0,2025_15_MIN_DAL,Minnesota Vikings,Josh Oliver,TE,00-0035249,1.0,0.0,0.0,0.0,0.0,0.0,0.0,0.0,3.05,1.82,13.5,0.2,0.1817,69.28,33.17,33.48,218.2,143.5,2.2040500697647705,1.0271014126632667,0.8292728429722911,1.0,1.0,josh oliver,josholiver,joliver,Minnesota Vikings,00-0035249,0.0,0.0,0.0,0.0,0.0,0.0,0.0,1.0,1.0,18.0,0.0,J.Oliver,MIN,team_norm & _alias_init_last,0.0,0.0,0.0,0.0,0.0,0.0,0.0,2.05,0.8200000000000001,-4.5,0.2
2025,15,0.0,2025_15_MIN_DAL,Minnesota Vikings,Ben Sims,TE,00-0038809,1.0,0.0,0.0,0.0,0.0,0.0,0.0,0.0,0.0,0.0,0.0,0.0,0.0,69.28,33.17,33.48,218.2,143.5,2.2040500697647705,1.0271014126632667,0.8292728429722911,1.0,1.0,ben sims,bensims,bsims,Minnesota Vikings,00-0038809,,,,,,,,,,,,,,,,,,,,,,,,,
2025,15,0.0,2025_15_MIN_DAL,Minnesota Vikings,Ben Yurosek,TE,00-0040509,1.0,0.0,0.0,0.0,0.0,0.0,0.0,0.0,0.0,0.0,0.0,0.0,0.0,69.28,33.17,33.48,218.2,143.5,2.2040500697647705,1.0271014126632667,0.8292728429722911,1.0,1.0,ben yurosek,benyurosek,byurosek,Minnesota Vikings,00-0040509,,,,,,,,,,,,,,,,,,,,,,,,,
2025,15,0.0,2025_15_MIN_DAL,Minnesota Vikings,Justin Jefferson,WR,00-0036322,1.0,0.0,0.0,0.0,0.0,0.0,0.0,0.0,8.03,5.1,44.9,0.51,0.3998,69.28,33.17,33.48,218.2,143.5,2.2040500697647705,1.0271014126632667,0.8292728429722911,1.0,1.0,justin jefferson,justinjefferson,jjefferson,Minnesota Vikings,00-0036322,0.0,0.0,0.0,0.0,0.0,0.0,0.0,9.0,2.0,22.0,0.0,J.Jefferson,MIN,team_norm & _alias_init_last,0.0,0.0,0.0,0.0,0.0,0.0,0.0,-0.9700000000000006,3.0999999999999996,22.9,0.51
2025,15,0.0,2025_15_MIN_DAL,Minnesota Vikings,Jordan Addison,WR,00-0038994,1.0,0.0,0.0,0.0,0.0,0.0,0.0,0.0,5.94,3.43,32.8,0.38,0.3179,69.28,33.17,33.48,218.2,143.5,2.2040500697647705,1.0271014126632667,0.8292728429722911,1.0,1.0,jordan addison,jordanaddison,jaddison,Minnesota Vikings,00-0038994,0.0,0.0,0.0,0.0,0.0,0.0,0.0,2.0,2.0,66.0,0.0,J.Addison,MIN,team_norm & _alias_init_last,0.0,0.0,0.0,0.0,0.0,0.0,0.0,3.9400000000000004,1.4300000000000002,-33.2,0.38
2025,15,0.0,2025_15_MIN_DAL,Minnesota Vikings,Jalen Nailor,WR,00-0037291,1.0,0.0,0.0,0.0,0.0,0.0,0.0,0.0,3.96,2.35,23.3,0.26,0.2288,69.28,33.17,33.48,218.2,143.5,2.2040500697647705,1.0271014126632667,0.8292728429722911,1.0,1.0,jalen nailor,jalennailor,jnailor,Minnesota Vikings,00-0037291,0.0,0.0,0.0,0.0,1.0,-2.0,0.0,5.0,3.0,47.0,2.0,J.Nailor,MIN,team_norm & _alias_init_last,0.0,0.0,0.0,0.0,-1.0,2.0,0.0,-1.04,-0.6499999999999999,-23.7,-1.74
2025,15,0.0,2025_15_MIN_DAL,Minnesota Vikings,Myles Price,WR,00-0040506,1.0,0.0,0.0,0.0,0.0,0.0,0.0,0.0,0.0,0.0,0.0,0.0,0.0,69.28,33.17,33.48,218.2,143.5,2.2040500697647705,1.0271014126632667,0.8292728429722911,1.0,1.0,myles price,mylesprice,mprice,Minnesota Vikings,00-0040506,,,,,,,,,,,,,,,,,,,,,,,,,
2025,15,0.0,2025_15_MIN_DAL,Minnesota Vikings,Tai Felton,WR,00-0040154,1.0,0.0,0.0,0.0,0.0,0.0,0.0,0.0,0.0,0.0,0.0,0.0,0.0,69.28,33.17,33.48,218.2,143.5,2.2040500697647705,1.0271014126632667,0.8292728429722911,1.0,1.0,tai felton,taifelton,tfelton,Minnesota Vikings,00-0040154,,,,,,,,,,,,,,,,,,,,,,,,,
2025,15,0.0,2025_15_NYJ_JAX,Jacksonville Jaguars,Trevor Lawrence,QB,00-0036971,1.0,37.23,211.3,2.11,1.0,4.83,14.1,0.23,0.0,0.0,0.0,0.0,0.2076,72.0,37.7,31.87,231.7,127.6,2.993196901984173,1.3388541070545044,0.9424634286200574,1.0,1.0,trevor lawrence,trevorlawrence,tlawrence,Jacksonville Jaguars,00-0036971,39.0,330.0,5.0,0.0,1.0,3.0,0.0,0.0,0.0,0.0,0.0,T.Lawrence,JAX,team_norm & _alias_init_last,-1.7700000000000031,-118.69999999999999,-2.89,1.0,3.83,11.1,0.23,0.0,0.0,0.0,0.0
2025,15,0.0,2025_15_NYJ_JAX,Jacksonville Jaguars,Travis Etienne Jr.,RB,,1.0,0.0,0.0,0.0,0.0,17.38,79.3,0.85,4.39,2.71,25.1,0.35,0.697,72.0,37.7,31.87,231.7,127.6,2.993196901984173,1.3388541070545044,0.9424634286200574,0.0,0.0,travis etienne jr.,travisetiennejr,tetienne,Jacksonville Jaguars,00-0036973,0.0,0.0,0.0,0.0,12.0,32.0,0.0,4.0,3.0,73.0,3.0,T.Etienne,JAX,team_norm & _alias_init_last,0.0,0.0,0.0,0.0,5.379999999999999,47.3,0.85,0.3899999999999997,-0.29000000000000004,-47.9,-2.65
2025,15,0.0,2025_15_NYJ_JAX,Jacksonville Jaguars,Bhayshul Tuten,RB,00-0040719,1.0,0.0,0.0,0.0,0.0,9.66,34.0,0.34,2.73,1.73,13.8,0.22,0.4274,72.0,37.7,31.87,231.7,127.6,2.993196901984173,1.3388541070545044,0.9424634286200574,1.0,1.0,bhayshul tuten,bhayshultuten,btuten,Jacksonville Jaguars,00-0040719,0.0,0.0,0.0,0.0,1.0,7.0,0.0,1.0,1.0,16.0,1.0,B.Tuten,JAX,team_norm & _alias_init_last,0.0,0.0,0.0,0.0,8.66,27.0,0.34,1.73,0.73,-2.1999999999999993,-0.78
2025,15,0.0,2025_15_NYJ_JAX,Jacksonville Jaguars,LeQuint Allen Jr.,RB,00-0040238,1.0,0.0,0.0,0.0,0.0,0.0,0.0,0.0,0.0,0.0,0.0,0.0,0.0,72.0,37.7,31.87,231.7,127.6,2.993196901984173,1.3388541070545044,0.9424634286200574,1.0,1.0,lequint allen jr.,lequintallenjr,lallen,Jacksonville Jaguars,00-0040238,0.0,0.0,0.0,0.0,4.0,11.0,0.0,1.0,1.0,5.0,0.0,L.Allen,JAX,team_norm & _alias_init_last,0.0,0.0,0.0,0.0,-4.0,-11.0,0.0,-1.0,-1.0,-5.0,0.0
2025,15,0.0,2025_15_NYJ_JAX,Jacksonville Jaguars,Brenton Strange,TE,00-0038935,1.0,0.0,0.0,0.0,0.0,0.0,0.0,0.0,6.7,3.89,29.1,0.5,0.393,72.0,37.7,31.87,231.7,127.6,2.993196901984173,1.3388541070545044,0.9424634286200574,1.0,1.0,brenton strange,brentonstrange,bstrange,Jacksonville Jaguars,00-0038935,0.0,0.0,0.0,0.0,0.0,0.0,0.0,4.0,1.0,26.0,0.0,B.Strange,JAX,team_norm & _alias_init_last,0.0,0.0,0.0,0.0,0.0,0.0,0.0,2.7,2.89,3.1000000000000014,0.5
2025,15,0.0,2025_15_NYJ_JAX,Jacksonville Jaguars,Quintin Morris,TE,00-0036590,1.0,0.0,0.0,0.0,0.0,0.0,0.0,0.0,3.46,1.92,16.9,0.27,0.2354,72.0,37.7,31.87,231.7,127.6,2.993196901984173,1.3388541070545044,0.9424634286200574,1.0,1.0,quintin morris,quintinmorris,qmorris,Jacksonville Jaguars,00-0036590,0.0,0.0,0.0,0.0,0.0,0.0,0.0,2.0,2.0,20.0,0.0,Q.Morris,JAX,team_norm & _alias_init_last,0.0,0.0,0.0,0.0,0.0,0.0,0.0,1.46,-0.08000000000000007,-3.1000000000000014,0.27
2025,15,0.0,2025_15_NYJ_JAX,Jacksonville Jaguars,Hunter Long,TE,00-0037004,1.0,0.0,0.0,0.0,0.0,0.0,0.0,0.0,0.0,0.0,0.0,0.0,0.0,72.0,37.7,31.87,231.7,127.6,2.993196901984173,1.3388541070545044,0.9424634286200574,0.0,0.0,hunter long,hunterlong,hlong,Jacksonville Jaguars,00-0037004,,,,,,,,,,,,,,,,,,,,,,,,,
2025,15,0.0,2025_15_NYJ_JAX,Jacksonville Jaguars,John Copenhaver,TE,00-0040327,1.0,0.0,0.0,0.0,0.0,0.0,0.0,0.0,0.0,0.0,0.0,0.0,0.0,72.0,37.7,31.87,231.7,127.6,2.993196901984173,1.3388541070545044,0.9424634286200574,0.0,0.0,john copenhaver,johncopenhaver,jcopenhaver,Jacksonville Jaguars,00-0040327,,,,,,,,,,,,,,,,,,,,,,,,,
2025,15,0.0,2025_15_NYJ_JAX,Jacksonville Jaguars,Johnny Mundt,TE,00-0033246,1.0,0.0,0.0,0.0,0.0,0.0,0.0,0.0,0.0,0.0,0.0,0.0,0.0,72.0,37.7,31.87,231.7,127.6,2.993196901984173,1.3388541070545044,0.9424634286200574,1.0,1.0,johnny mundt,johnnymundt,jmundt,Jacksonville Jaguars,00-0033246,,,,,,,,,,,,,,,,,,,,,,,,,
2025,15,0.0,2025_15_NYJ_JAX,Jacksonville Jaguars,Brian Thomas Jr.,WR,00-0039893,1.0,0.0,0.0,0.0,0.0,0.0,0.0,0.0,8.95,5.07,45.6,0.66,0.4823,72.0,37.7,31.87,231.7,127.6,2.993196901984173,1.3388541070545044,0.9424634286200574,1.0,1.0,brian thomas jr.,brianthomasjr,bthomas,Jacksonville Jaguars,00-0039893,0.0,0.0,0.0,0.0,1.0,5.0,0.0,7.0,4.0,66.0,1.0,B.Thomas,JAX,team_norm & _alias_init_last,0.0,0.0,0.0,0.0,-1.0,-5.0,0.0,1.9499999999999993,1.0700000000000003,-20.4,-0.33999999999999997
2025,15,0.0,2025_15_NYJ_JAX,Jacksonville Jaguars,Jakobi Meyers,WR,00-0034960,1.0,0.0,0.0,0.0,0.0,0.0,0.0,0.0,6.74,4.4,32.7,0.5,0.3963,72.0,37.7,31.87,231.7,127.6,2.993196901984173,1.3388541070545044,0.9424634286200574,1.0,1.0,jakobi meyers,jakobimeyers,jmeyers,Jacksonville Jaguars,00-0034960,0.0,0.0,0.0,0.0,0.0,0.0,0.0,8.0,5.0,71.0,0.0,J.Meyers,JAX,team_norm & _alias_init_last,0.0,0.0,0.0,0.0,0.0,0.0,0.0,-1.2599999999999998,-0.5999999999999996,-38.3,0.5
2025,15,0.0,2025_15_NYJ_JAX,Jacksonville Jaguars,Parker Washington,WR,00-0038606,1.0,0.0,0.0,0.0,0.0,0.0,0.0,0.0,4.49,2.78,22.9,0.35,0.2939,72.0,37.7,31.87,231.7,127.6,2.993196901984173,1.3388541070545044,0.9424634286200574,1.0,1.0,parker washington,parkerwashington,pwashington,Jacksonville Jaguars,,0.0,0.0,0.0,0.0,0.0,0.0,0.0,3.0,3.0,53.0,0.0,P.Washington,JAX,team_norm & _alias_init_last,0.0,0.0,0.0,0.0,0.0,0.0,0.0,1.4900000000000002,-0.2200000000000002,-30.1,0.35
2025,15,0.0,2025_15_NYJ_JAX,Jacksonville Jaguars,Cam Camper,WR,00-0040324,1.0,0.0,0.0,0.0,0.0,0.0,0.0,0.0,0.0,0.0,0.0,0.0,0.0,72.0,37.7,31.87,231.7,127.6,2.993196901984173,1.3388541070545044,0.9424634286200574,0.0,0.0,cam camper,camcamper,ccamper,Jacksonville Jaguars,00-0040324,,,,,,,,,,,,,,,,,,,,,,,,,
2025,15,0.0,2025_15_NYJ_JAX,Jacksonville Jaguars,Dyami Brown,WR,00-0036626,1.0,0.0,0.0,0.0,0.0,0.0,0.0,0.0,0.0,0.0,0.0,0.0,0.0,72.0,37.7,31.87,231.7,127.6,2.993196901984173,1.3388541070545044,0.9424634286200574,1.0,1.0,dyami brown,dyamibrown,dbrown,Jacksonville Jaguars,00-0036626,0.0,0.0,0.0,0.0,1.0,4.0,0.0,0.0,0.0,0.0,0.0,D.Brown,JAX,team_norm & _alias_init_last,0.0,0.0,0.0,0.0,-1.0,-4.0,0.0,0.0,0.0,0.0,0.0
2025,15,0.0,2025_15_NYJ_JAX,Jacksonville Jaguars,Tim Patrick,WR,00-0033375,1.0,0.0,0.0,0.0,0.0,0.0,0.0,0.0,0.0,0.0,0.0,0.0,0.0,72.0,37.7,31.87,231.7,127.6,2.993196901984173,1.3388541070545044,0.9424634286200574,1.0,1.0,tim patrick,timpatrick,tpatrick,Jacksonville Jaguars,00-0033375,,,,,,,,,,,,,,,,,,,,,,,,,
2025,15,0.0,2025_15_NYJ_JAX,New York Jets,Tyrod Taylor,QB,00-0028118,1.0,38.71,201.6,1.42,1.25,2.02,6.1,0.03,0.0,0.0,0.0,0.0,0.0308,72.0,46.9,21.6,263.1,78.9,1.9491459646869684,0.3538166575933872,1.1725379359910162,0.0,0.0,tyrod taylor,tyrodtaylor,ttaylor,New York Jets,00-0028118,,,,,,,,,,,,,,,,,,,,,,,,,
2025,15,0.0,2025_15_NYJ_JAX,New York Jets,Breece Hall,RB,00-0038120,1.0,0.0,0.0,0.0,0.0,12.59,38.8,0.24,5.25,3.22,18.8,0.22,0.3671,72.0,46.9,21.6,263.1,78.9,1.9491459646869684,0.3538166575933872,1.1725379359910162,1.0,1.0,breece hall,breecehall,bhall,New York Jets,00-0038120,0.0,0.0,0.0,0.0,12.0,23.0,0.0,2.0,2.0,14.0,0.0,B.Hall,NYJ,team_norm & _alias_init_last,0.0,0.0,0.0,0.0,0.5899999999999999,15.799999999999997,0.24,3.25,1.2200000000000002,4.800000000000001,0.22
2025,15,0.0,2025_15_NYJ_JAX,New York Jets,Isaiah Davis,RB,00-0039798,1.0,0.0,0.0,0.0,0.0,6.99,23.5,0.09,3.27,2.0,12.9,0.14,0.1997,72.0,46.9,21.6,263.1,78.9,1.9491459646869684,0.3538166575933872,1.1725379359910162,1.0,1.0,isaiah davis,isaiahdavis,idavis,New York Jets,00-0039798,0.0,0.0,0.0,0.0,9.0,58.0,1.0,1.0,1.0,7.0,0.0,I.Davis,NYJ,team_norm & _alias_init_last,0.0,0.0,0.0,0.0,-2.01,-34.5,-0.91,2.27,1.0,5.9,0.14
2025,15,0.0,2025_15_NYJ_JAX,New York Jets,Kene Nwangwu,RB,00-0036842,1.0,0.0,0.0,0.0,0.0,0.0,0.0,0.0,0.0,0.0,0.0,0.0,0.0,72.0,46.9,21.6,263.1,78.9,1.9491459646869684,0.3538166575933872,1.1725379359910162,1.0,1.0,kene nwangwu,kenenwangwu,knwangwu,New York Jets,00-0036842,,,,,,,,,,,,,,,,,,,,,,,,,
2025,15,0.0,2025_15_NYJ_JAX,New York Jets,Khalil Herbert,RB,00-0036906,1.0,0.0,0.0,0.0,0.0,0.0,0.0,0.0,0.0,0.0,0.0,0.0,0.0,72.0,46.9,21.6,263.1,78.9,1.9491459646869684,0.3538166575933872,1.1725379359910162,1.0,1.0,khalil herbert,khalilherbert,kherbert,New York Jets,00-0036906,0.0,0.0,0.0,0.0,2.0,5.0,0.0,1.0,0.0,0.0,0.0,K.Herbert,NYJ,team_norm & _alias_init_last,0.0,0.0,0.0,0.0,-2.0,-5.0,0.0,-1.0,0.0,0.0,0.0
2025,15,0.0,2025_15_NYJ_JAX,New York Jets,Mason Taylor,TE,00-0040736,1.0,0.0,0.0,0.0,0.0,0.0,0.0,0.0,8.48,4.67,36.4,0.33,0.2799,72.0,46.9,21.6,263.1,78.9,1.9491459646869684,0.3538166575933872,1.1725379359910162,0.0,0.0,mason taylor,masontaylor,mtaylor,New York Jets,00-0040736,,,,,,,,,,,,,,,,,,,,,,,,,
2025,15,0.0,2025_15_NYJ_JAX,New York Jets,Jeremy Ruckert,TE,00-0037805,1.0,0.0,0.0,0.0,0.0,0.0,0.0,0.0,4.38,2.62,17.4,0.16,0.151,72.0,46.9,21.6,263.1,78.9,1.9491459646869684,0.3538166575933872,1.1725379359910162,1.0,1.0,jeremy ruckert,jeremyruckert,jruckert,New York Jets,00-0037805,0.0,0.0,0.0,0.0,0.0,0.0,0.0,2.0,2.0,13.0,0.0,J.Ruckert,NYJ,team_norm & _alias_init_last,0.0,0.0,0.0,0.0,0.0,0.0,0.0,2.38,0.6200000000000001,4.399999999999999,0.16
2025,15,0.0,2025_15_NYJ_JAX,New York Jets,Jelani Woods,TE,00-0037755,1.0,0.0,0.0,0.0,0.0,0.0,0.0,0.0,0.0,0.0,0.0,0.0,0.0,72.0,46.9,21.6,263.1,78.9,1.9491459646869684,0.3538166575933872,1.1725379359910162,1.0,1.0,jelani woods,jelaniwoods,jwoods,New York Jets,00-0037755,,,,,,,,,,,,,,,,,,,,,,,,,
2025,15,0.0,2025_15_NYJ_JAX,New York Jets,Stone Smartt,TE,00-0037475,1.0,0.0,0.0,0.0,0.0,0.0,0.0,0.0,0.0,0.0,0.0,0.0,0.0,72.0,46.9,21.6,263.1,78.9,1.9491459646869684,0.3538166575933872,1.1725379359910162,1.0,1.0,stone smartt,stonesmartt,ssmartt,New York Jets,00-0037475,,,,,,,,,,,,,,,,,,,,,,,,,
2025,15,0.0,2025_15_NYJ_JAX,New York Jets,John Metchie III,WR,00-0037614,1.0,0.0,0.0,0.0,0.0,0.0,0.0,0.0,11.32,7.25,55.4,0.45,0.3637,72.0,46.9,21.6,263.1,78.9,1.9491459646869684,0.3538166575933872,1.1725379359910162,1.0,1.0,john metchie iii,johnmetchieiii,jmetchie,New York Jets,00-0037614,0.0,0.0,0.0,0.0,1.0,4.0,0.0,5.0,4.0,25.0,0.0,J.Metchie,NYJ,team_norm & _alias_init_last,0.0,0.0,0.0,0.0,-1.0,-4.0,0.0,6.32,3.25,30.4,0.45
2025,15,0.0,2025_15_NYJ_JAX,New York Jets,Adonai Mitchell,WR,00-0039890,1.0,0.0,0.0,0.0,0.0,0.0,0.0,0.0,8.52,3.81,39.3,0.33,0.2841,72.0,46.9,21.6,263.1,78.9,1.9491459646869684,0.3538166575933872,1.1725379359910162,1.0,1.0,adonai mitchell,adonaimitchell,amitchell,New York Jets,00-0039890,0.0,0.0,0.0,0.0,1.0,-4.0,0.0,9.0,6.0,58.0,1.0,A.Mitchell,NYJ,team_norm & _alias_init_last,0.0,0.0,0.0,0.0,-1.0,4.0,0.0,-0.4800000000000004,-2.19,-18.700000000000003,-0.6699999999999999
2025,15,0.0,2025_15_NYJ_JAX,New York Jets,Isaiah Williams,WR,00-0039451,1.0,0.0,0.0,0.0,0.0,0.0,0.0,0.0,5.68,3.74,30.6,0.22,0.1955,72.0,46.9,21.6,263.1,78.9,1.9491459646869684,0.3538166575933872,1.1725379359910162,1.0,1.0,isaiah williams,isaiahwilliams,iwilliams,New York Jets,00-0039451,0.0,0.0,0.0,0.0,0.0,0.0,0.0,7.0,6.0,53.0,0.0,I.Williams,NYJ,team_norm & _alias_init_last,0.0,0.0,0.0,0.0,0.0,0.0,0.0,-1.3200000000000003,-2.26,-22.4,0.22
2025,15,0.0,2025_15_NYJ_JAX,New York Jets,Allen Lazard,WR,00-0034521,1.0,0.0,0.0,0.0,0.0,0.0,0.0,0.0,0.0,0.0,0.0,0.0,0.0,72.0,46.9,21.6,263.1,78.9,1.9491459646869684,0.3538166575933872,1.1725379359910162,1.0,1.0,allen lazard,allenlazard,alazard,New York Jets,00-0034521,0.0,0.0,0.0,0.0,0.0,0.0,0.0,2.0,1.0,6.0,0.0,A.Lazard,NYJ,team_norm & _alias_init_last,0.0,0.0,0.0,0.0,0.0,0.0,0.0,-2.0,-1.0,-6.0,0.0
2025,15,0.0,2025_15_NYJ_JAX,New York Jets,Arian Smith,WR,00-0040582,1.0,0.0,0.0,0.0,0.0,0.0,0.0,0.0,0.0,0.0,0.0,0.0,0.0,72.0,46.9,21.6,263.1,78.9,1.9491459646869684,0.3538166575933872,1.1725379359910162,1.0,1.0,arian smith,ariansmith,asmith,New York Jets,00-0040407,0.0,0.0,0.0,0.0,0.0,0.0,0.0,2.0,0.0,0.0,0.0,A.Smith,NYJ,team_norm & _alias_init_last,0.0,0.0,0.0,0.0,0.0,0.0,0.0,-2.0,0.0,0.0,0.0
2025,15,0.0,2025_15_TEN_SF,San Francisco 49ers,Brock Purdy,QB,00-0037834,1.0,34.86,243.7,2.05,0.96,7.85,28.5,0.32,0.0,0.0,0.0,0.0,0.2772,72.0,35.94,33.82,272.8,167.2,2.6253912789250515,1.2919455459068183,0.8985327079288203,1.0,1.0,brock purdy,brockpurdy,bpurdy,San Francisco 49ers,00-0037834,41.0,295.0,3.0,0.0,2.0,5.0,0.0,0.0,0.0,0.0,0.0,B.Purdy,SF,team_norm & _alias_init_last,-6.140000000000001,-51.30000000000001,-0.9500000000000002,0.96,5.85,23.5,0.32,0.0,0.0,0.0,0.0
2025,15,0.0,2025_15_TEN_SF,San Francisco 49ers,Christian McCaffrey,RB,00-0033280,1.0,0.0,0.0,0.0,0.0,16.7,69.4,0.8,4.11,2.88,20.2,0.31,0.672,72.0,35.94,33.82,272.8,167.2,2.6253912789250515,1.2919455459068183,0.8985327079288203,1.0,1.0,christian mccaffrey,christianmccaffrey,cmccaffrey,San Francisco 49ers,00-0033280,0.0,0.0,0.0,0.0,22.0,73.0,1.0,1.0,1.0,14.0,0.0,C.McCaffrey,SF,team_norm & _alias_init_last,0.0,0.0,0.0,0.0,-5.300000000000001,-3.5999999999999943,-0.19999999999999996,3.1100000000000003,1.88,6.199999999999999,0.31
2025,15,0.0,2025_15_TEN_SF,San Francisco 49ers,Brian Robinson Jr.,RB,,1.0,0.0,0.0,0.0,0.0,9.28,48.8,0.27,2.56,1.64,18.2,0.19,0.3636,72.0,35.94,33.82,272.8,167.2,2.6253912789250515,1.2919455459068183,0.8985327079288203,0.0,0.0,brian robinson jr.,brianrobinsonjr,brobinson,San Francisco 49ers,00-0037746,0.0,0.0,0.0,0.0,9.0,21.0,0.0,0.0,0.0,0.0,0.0,B.Robinson,SF,team_norm & _alias_init_last,0.0,0.0,0.0,0.0,0.27999999999999936,27.799999999999997,0.27,2.56,1.64,18.2,0.19
2025,15,0.0,2025_15_TEN_SF,San Francisco 49ers,Isaac Guerendo,RB,00-0039363,1.0,0.0,0.0,0.0,0.0,0.0,0.0,0.0,0.0,0.0,0.0,0.0,0.0,72.0,35.94,33.82,272.8,167.2,2.6253912789250515,1.2919455459068183,0.8985327079288203,1.0,1.0,isaac guerendo,isaacguerendo,iguerendo,San Francisco 49ers,00-0039363,,,,,,,,,,,,,,,,,,,,,,,,,
2025,15,0.0,2025_15_TEN_SF,San Francisco 49ers,George Kittle,TE,00-0033288,1.0,0.0,0.0,0.0,0.0,0.0,0.0,0.0,6.43,3.91,32.0,0.44,0.3558,72.0,35.94,33.82,272.8,167.2,2.6253912789250515,1.2919455459068183,0.8985327079288203,1.0,1.0,george kittle,georgekittle,gkittle,San Francisco 49ers,00-0033288,0.0,0.0,0.0,0.0,0.0,0.0,0.0,9.0,8.0,88.0,1.0,G.Kittle,SF,team_norm & _alias_init_last,0.0,0.0,0.0,0.0,0.0,0.0,0.0,-2.5700000000000003,-4.09,-56.0,-0.56
2025,15,0.0,2025_15_TEN_SF,San Francisco 49ers,Luke Farrell,TE,00-0036887,1.0,0.0,0.0,0.0,0.0,0.0,0.0,0.0,3.32,2.04,19.3,0.23,0.2017,72.0,35.94,33.82,272.8,167.2,2.6253912789250515,1.2919455459068183,0.8985327079288203,1.0,1.0,luke farrell,lukefarrell,lfarrell,San Francisco 49ers,00-0036887,,,,,,,,,,,,,,,,,,,,,,,,,
2025,15,0.0,2025_15_TEN_SF,San Francisco 49ers,Hayden Rucci,TE,00-0039489,1.0,0.0,0.0,0.0,0.0,0.0,0.0,0.0,0.0,0.0,0.0,0.0,0.0,72.0,35.94,33.82,272.8,167.2,2.6253912789250515,1.2919455459068183,0.8985327079288203,0.0,0.0,hayden rucci,haydenrucci,hrucci,San Francisco 49ers,00-0039489,,,,,,,,,,,,,,,,,,,,,,,,,
2025,15,0.0,2025_15_TEN_SF,San Francisco 49ers,Jake Tonges,TE,00-0037112,1.0,0.0,0.0,0.0,0.0,0.0,0.0,0.0,0.0,0.0,0.0,0.0,0.0,72.0,35.94,33.82,272.8,167.2,2.6253912789250515,1.2919455459068183,0.8985327079288203,1.0,1.0,jake tonges,jaketonges,jtonges,San Francisco 49ers,00-0037112,,,,,,,,,,,,,,,,,,,,,,,,,
2025,15,0.0,2025_15_TEN_SF,San Francisco 49ers,Jauan Jennings,WR,00-0036259,1.0,0.0,0.0,0.0,0.0,0.0,0.0,0.0,8.66,5.38,57.0,0.6,0.4512,72.0,35.94,33.82,272.8,167.2,2.6253912789250515,1.2919455459068183,0.8985327079288203,1.0,1.0,jauan jennings,jauanjennings,jjennings,San Francisco 49ers,,0.0,0.0,0.0,0.0,0.0,0.0,0.0,6.0,3.0,37.0,2.0,J.Jennings,SF,team_norm & _alias_init_last,0.0,0.0,0.0,0.0,0.0,0.0,0.0,2.66,2.38,20.0,-1.4
2025,15,0.0,2025_15_TEN_SF,San Francisco 49ers,Ricky Pearsall,WR,00-0039916,1.0,0.0,0.0,0.0,0.0,0.0,0.0,0.0,6.52,4.03,46.7,0.45,0.3655,72.0,35.94,33.82,272.8,167.2,2.6253912789250515,1.2919455459068183,0.8985327079288203,1.0,1.0,ricky pearsall,rickypearsall,rpearsall,San Francisco 49ers,00-0039916,0.0,0.0,0.0,0.0,0.0,0.0,0.0,9.0,6.0,96.0,0.0,R.Pearsall,SF,team_norm & _alias_init_last,0.0,0.0,0.0,0.0,0.0,0.0,0.0,-2.4800000000000004,-1.9699999999999998,-49.3,0.45
2025,15,0.0,2025_15_TEN_SF,San Francisco 49ers,Kendrick Bourne,WR,00-0033307,1.0,0.0,0.0,0.0,0.0,0.0,0.0,0.0,4.35,2.91,27.6,0.29,0.2506,72.0,35.94,33.82,272.8,167.2,2.6253912789250515,1.2919455459068183,0.8985327079288203,1.0,1.0,kendrick bourne,kendrickbourne,kbourne,San Francisco 49ers,00-0033307,0.0,0.0,0.0,0.0,0.0,0.0,0.0,3.0,2.0,17.0,0.0,K.Bourne,SF,team_norm & _alias_init_last,0.0,0.0,0.0,0.0,0.0,0.0,0.0,1.3499999999999996,0.9100000000000001,10.600000000000001,0.29
2025,15,0.0,2025_15_TEN_SF,San Francisco 49ers,Colton Dowell,WR,00-0038632,1.0,0.0,0.0,0.0,0.0,0.0,0.0,0.0,0.0,0.0,0.0,0.0,0.0,72.0,35.94,33.82,272.8,167.2,2.6253912789250515,1.2919455459068183,0.8985327079288203,0.0,0.0,colton dowell,coltondowell,cdowell,San Francisco 49ers,00-0038632,,,,,,,,,,,,,,,,,,,,,,,,,
2025,15,0.0,2025_15_TEN_SF,San Francisco 49ers,Demarcus Robinson,WR,00-0032775,1.0,0.0,0.0,0.0,0.0,0.0,0.0,0.0,0.0,0.0,0.0,0.0,0.0,72.0,35.94,33.82,272.8,167.2,2.6253912789250515,1.2919455459068183,0.8985327079288203,1.0,1.0,demarcus robinson,demarcusrobinson,drobinson,San Francisco 49ers,00-0032775,0.0,0.0,0.0,0.0,0.0,0.0,0.0,2.0,2.0,36.0,0.0,D.Robinson,SF,team_norm & _alias_init_last,0.0,0.0,0.0,0.0,0.0,0.0,0.0,-2.0,-2.0,-36.0,0.0
2025,15,0.0,2025_15_TEN_SF,San Francisco 49ers,Skyy Moore,WR,00-0038090,1.0,0.0,0.0,0.0,0.0,0.0,0.0,0.0,0.0,0.0,0.0,0.0,0.0,72.0,35.94,33.82,272.8,167.2,2.6253912789250515,1.2919455459068183,0.8985327079288203,1.0,1.0,skyy moore,skyymoore,smoore,San Francisco 49ers,00-0038090,,,,,,,,,,,,,,,,,,,,,,,,,
2025,15,0.0,2025_15_TEN_SF,Tennessee Titans,Cam Ward,QB,00-0040676,1.0,31.03,211.5,1.21,0.82,1.53,6.3,0.03,0.0,0.0,0.0,0.0,0.0307,72.0,30.62,39.27,232.4,194.2,1.3133974837385043,0.8096336524324965,0.7654214632053835,1.0,1.0,cam ward,camward,cward,Tennessee Titans,00-0040676,31.0,170.0,2.0,0.0,1.0,2.0,0.0,0.0,0.0,0.0,0.0,C.Ward,TEN,team_norm & _alias_init_last,0.030000000000001137,41.5,-0.79,0.82,0.53,4.3,0.03,0.0,0.0,0.0,0.0
2025,15,0.0,2025_15_TEN_SF,Tennessee Titans,Tony Pollard,RB,00-0035261,1.0,0.0,0.0,0.0,0.0,24.27,104.0,0.59,3.54,2.19,16.2,0.15,0.5239,72.0,30.62,39.27,232.4,194.2,1.3133974837385043,0.8096336524324965,0.7654214632053835,1.0,1.0,tony pollard,tonypollard,tpollard,Tennessee Titans,00-0035261,0.0,0.0,0.0,0.0,15.0,104.0,1.0,3.0,1.0,8.0,0.0,T.Pollard,TEN,team_norm & _alias_init_last,0.0,0.0,0.0,0.0,9.27,0.0,-0.41000000000000003,0.54,1.19,8.2,0.15
2025,15,0.0,2025_15_TEN_SF,Tennessee Titans,Tyjae Spears,RB,00-0039032,1.0,0.0,0.0,0.0,0.0,13.48,58.1,0.21,2.2,1.48,9.9,0.09,0.259,72.0,30.62,39.27,232.4,194.2,1.3133974837385043,0.8096336524324965,0.7654214632053835,1.0,1.0,tyjae spears,tyjaespears,tspears,Tennessee Titans,00-0039032,0.0,0.0,0.0,0.0,4.0,34.0,0.0,2.0,2.0,2.0,0.0,T.Spears,TEN,team_norm & _alias_init_last,0.0,0.0,0.0,0.0,9.48,24.1,0.21,0.20000000000000018,-0.52,7.9,0.09
2025,15,0.0,2025_15_TEN_SF,Tennessee Titans,Julius Chestnut,RB,00-0037594,1.0,0.0,0.0,0.0,0.0,0.0,0.0,0.0,0.0,0.0,0.0,0.0,0.0,72.0,30.62,39.27,232.4,194.2,1.3133974837385043,0.8096336524324965,0.7654214632053835,1.0,1.0,julius chestnut,juliuschestnut,jchestnut,Tennessee Titans,00-0037594,,,,,,,,,,,,,,,,,,,,,,,,,
2025,15,0.0,2025_15_TEN_SF,Tennessee Titans,Kalel Mullings,RB,00-0040205,1.0,0.0,0.0,0.0,0.0,0.0,0.0,0.0,0.0,0.0,0.0,0.0,0.0,72.0,30.62,39.27,232.4,194.2,1.3133974837385043,0.8096336524324965,0.7654214632053835,1.0,1.0,kalel mullings,kalelmullings,kmullings,Tennessee Titans,00-0040205,0.0,0.0,0.0,0.0,1.0,3.0,0.0,0.0,0.0,0.0,0.0,K.Mullings,TEN,team_norm & _alias_init_last,0.0,0.0,0.0,0.0,-1.0,-3.0,0.0,0.0,0.0,0.0,0.0
2025,15,0.0,2025_15_TEN_SF,Tennessee Titans,Gunnar Helm,TE,00-0040584,1.0,0.0,0.0,0.0,0.0,0.0,0.0,0.0,5.53,3.63,34.3,0.23,0.2024,72.0,30.62,39.27,232.4,194.2,1.3133974837385043,0.8096336524324965,0.7654214632053835,1.0,1.0,gunnar helm,gunnarhelm,ghelm,Tennessee Titans,00-0040584,0.0,0.0,0.0,0.0,0.0,0.0,0.0,4.0,4.0,49.0,1.0,G.Helm,TEN,team_norm & _alias_init_last,0.0,0.0,0.0,0.0,0.0,0.0,0.0,1.5300000000000002,-0.3700000000000001,-14.700000000000003,-0.77
2025,15,0.0,2025_15_TEN_SF,Tennessee Titans,Chig Okonkwo,TE,00-0037809,1.0,0.0,0.0,0.0,0.0,0.0,0.0,0.0,2.86,1.69,13.8,0.11,0.1005,72.0,30.62,39.27,232.4,194.2,1.3133974837385043,0.8096336524324965,0.7654214632053835,1.0,1.0,chig okonkwo,chigokonkwo,cokonkwo,Tennessee Titans,00-0037809,0.0,0.0,0.0,0.0,0.0,0.0,0.0,7.0,4.0,33.0,0.0,C.Okonkwo,TEN,team_norm & _alias_init_last,0.0,0.0,0.0,0.0,0.0,0.0,0.0,-4.140000000000001,-2.31,-19.2,0.11
2025,15,0.0,2025_15_TEN_SF,Tennessee Titans,David Martin-Robinson,TE,00-0039648,1.0,0.0,0.0,0.0,0.0,0.0,0.0,0.0,0.0,0.0,0.0,0.0,0.0,72.0,30.62,39.27,232.4,194.2,1.3133974837385043,0.8096336524324965,0.7654214632053835,1.0,1.0,david martin-robinson,davidmartinrobinson,dmartinrobinson,Tennessee Titans,00-0039648,,,,,,,,,,,,,,,,,,,,,,,,,
2025,15,0.0,2025_15_TEN_SF,Tennessee Titans,Elic Ayomanor,WR,00-0040170,1.0,0.0,0.0,0.0,0.0,0.0,0.0,0.0,7.31,3.51,53.1,0.29,0.2536,72.0,30.62,39.27,232.4,194.2,1.3133974837385043,0.8096336524324965,0.7654214632053835,1.0,1.0,elic ayomanor,elicayomanor,eayomanor,Tennessee Titans,00-0040170,0.0,0.0,0.0,0.0,0.0,0.0,0.0,1.0,1.0,17.0,0.0,E.Ayomanor,TEN,team_norm & _alias_init_last,0.0,0.0,0.0,0.0,0.0,0.0,0.0,6.31,2.51,36.1,0.29
2025,15,0.0,2025_15_TEN_SF,Tennessee Titans,Chimere Dike,WR,00-0040705,1.0,0.0,0.0,0.0,0.0,0.0,0.0,0.0,5.5,3.47,41.7,0.23,0.2072,72.0,30.62,39.27,232.4,194.2,1.3133974837385043,0.8096336524324965,0.7654214632053835,1.0,1.0,chimere dike,chimeredike,cdike,Tennessee Titans,00-0040705,0.0,0.0,0.0,0.0,1.0,-7.0,0.0,5.0,4.0,17.0,0.0,C.Dike,TEN,team_norm & _alias_init_last,0.0,0.0,0.0,0.0,-1.0,7.0,0.0,0.5,-0.5299999999999998,24.700000000000003,0.23
2025,15,0.0,2025_15_TEN_SF,Tennessee Titans,Van Jefferson,WR,00-0036415,1.0,0.0,0.0,0.0,0.0,0.0,0.0,0.0,3.67,1.93,22.6,0.14,0.1335,72.0,30.62,39.27,232.4,194.2,1.3133974837385043,0.8096336524324965,0.7654214632053835,1.0,1.0,van jefferson,vanjefferson,vjefferson,Tennessee Titans,00-0036415,0.0,0.0,0.0,0.0,0.0,0.0,0.0,5.0,1.0,43.0,0.0,V.Jefferson,TEN,team_norm & _alias_init_last,0.0,0.0,0.0,0.0,0.0,0.0,0.0,-1.33,0.9299999999999999,-20.4,0.14
2025,15,0.0,2025_15_TEN_SF,Tennessee Titans,James Proche,WR,00-0036133,1.0,0.0,0.0,0.0,0.0,0.0,0.0,0.0,0.0,0.0,0.0,0.0,0.0,72.0,30.62,39.27,232.4,194.2,1.3133974837385043,0.8096336524324965,0.7654214632053835,1.0,1.0,james proche,jamesproche,jproche,Tennessee Titans,00-0036133,0.0,0.0,0.0,0.0,0.0,0.0,0.0,1.0,0.0,0.0,0.0,J.Proche,TEN,team_norm & _alias_init_last,0.0,0.0,0.0,0.0,0.0,0.0,0.0,-1.0,0.0,0.0,0.0
2025,15,0.0,2025_15_TEN_SF,Tennessee Titans,Mason Kinsey,WR,00-0036176,1.0,0.0,0.0,0.0,0.0,0.0,0.0,0.0,0.0,0.0,0.0,0.0,0.0,72.0,30.62,39.27,232.4,194.2,1.3133974837385043,0.8096336524324965,0.7654214632053835,1.0,1.0,mason kinsey,masonkinsey,mkinsey,Tennessee Titans,00-0036176,,,,,,,,,,,,,,,,,,,,,,,,,
2025,15,0.0,2025_15_WAS_NYG,New York Giants,Jaxson Dart,QB,00-0040691,1.0,40.09,202.0,2.05,1.05,4.38,12.6,0.14,0.0,0.0,0.0,0.0,0.1348,72.0,39.55,29.57,221.9,108.1,2.2960174334386343,0.8724540011504662,0.9887285121732708,1.0,1.0,jaxson dart,jaxsondart,jdart,New York Giants,00-0040691,44.0,246.0,2.0,1.0,3.0,3.0,0.0,0.0,0.0,0.0,0.0,J.Dart,NYG,team_norm & _alias_init_last,-3.9099999999999966,-44.0,0.04999999999999982,0.050000000000000044,1.38,9.6,0.14,0.0,0.0,0.0,0.0
2025,15,0.0,2025_15_WAS_NYG,New York Giants,Tyrone Tracy Jr.,RB,00-0039384,1.0,0.0,0.0,0.0,0.0,16.2,50.0,0.55,4.56,2.81,17.9,0.26,0.5577,72.0,39.55,29.57,221.9,108.1,2.2960174334386343,0.8724540011504662,0.9887285121732708,1.0,1.0,tyrone tracy jr.,tyronetracyjr,ttracy,New York Giants,00-0039384,0.0,0.0,0.0,0.0,15.0,70.0,1.0,3.0,3.0,27.0,1.0,T.Tracy,NYG,team_norm & _alias_init_last,0.0,0.0,0.0,0.0,1.1999999999999993,-20.0,-0.44999999999999996,1.5599999999999996,-0.18999999999999995,-9.100000000000001,-0.74
2025,15,0.0,2025_15_WAS_NYG,New York Giants,Devin Singletary,RB,00-0035250,1.0,0.0,0.0,0.0,0.0,9.0,28.4,0.21,2.84,1.87,10.4,0.16,0.3079,72.0,39.55,29.57,221.9,108.1,2.2960174334386343,0.8724540011504662,0.9887285121732708,1.0,1.0,devin singletary,devinsingletary,dsingletary,New York Giants,00-0035250,0.0,0.0,0.0,0.0,5.0,13.0,0.0,1.0,1.0,1.0,0.0,D.Singletary,NYG,team_norm & _alias_init_last,0.0,0.0,0.0,0.0,4.0,15.399999999999999,0.21,1.8399999999999999,0.8700000000000001,9.4,0.16
2025,15,0.0,2025_15_WAS_NYG,New York Giants,Eric Gray,RB,00-0038396,1.0,0.0,0.0,0.0,0.0,0.0,0.0,0.0,0.0,0.0,0.0,0.0,0.0,72.0,39.55,29.57,221.9,108.1,2.2960174334386343,0.8724540011504662,0.9887285121732708,1.0,1.0,eric gray,ericgray,egray,New York Giants,00-0038396,,,,,,,,,,,,,,,,,,,,,,,,,
2025,15,0.0,2025_15_WAS_NYG,New York Giants,Theo Johnson,TE,00-0039847,1.0,0.0,0.0,0.0,0.0,0.0,0.0,0.0,7.01,3.58,29.5,0.37,0.312,72.0,39.55,29.57,221.9,108.1,2.2960174334386343,0.8724540011504662,0.9887285121732708,1.0,1.0,theo johnson,theojohnson,tjohnson,New York Giants,00-0039847,0.0,0.0,0.0,0.0,0.0,0.0,0.0,4.0,3.0,72.0,0.0,T.Johnson,NYG,team_norm & _alias_init_last,0.0,0.0,0.0,0.0,0.0,0.0,0.0,3.01,0.5800000000000001,-42.5,0.37
2025,15,0.0,2025_15_WAS_NYG,New York Giants,Daniel Bellinger,TE,00-0038115,1.0,0.0,0.0,0.0,0.0,0.0,0.0,0.0,3.63,2.34,14.7,0.2,0.1772,72.0,39.55,29.57,221.9,108.1,2.2960174334386343,0.8724540011504662,0.9887285121732708,1.0,1.0,daniel bellinger,danielbellinger,dbellinger,New York Giants,00-0038115,0.0,0.0,0.0,0.0,0.0,0.0,0.0,5.0,3.0,35.0,0.0,D.Bellinger,NYG,team_norm & _alias_init_last,0.0,0.0,0.0,0.0,0.0,0.0,0.0,-1.37,-0.6600000000000001,-20.3,0.2
2025,15,0.0,2025_15_WAS_NYG,New York Giants,Chris Manhertz,TE,00-0031484,1.0,0.0,0.0,0.0,0.0,0.0,0.0,0.0,0.0,0.0,0.0,0.0,0.0,72.0,39.55,29.57,221.9,108.1,2.2960174334386343,0.8724540011504662,0.9887285121732708,1.0,1.0,chris manhertz,chrismanhertz,cmanhertz,New York Giants,00-0031484,,,,,,,,,,,,,,,,,,,,,,,,,
2025,15,0.0,2025_15_WAS_NYG,New York Giants,Jermaine Terry,TE,00-0040457,1.0,0.0,0.0,0.0,0.0,0.0,0.0,0.0,0.0,0.0,0.0,0.0,0.0,72.0,39.55,29.57,221.9,108.1,2.2960174334386343,0.8724540011504662,0.9887285121732708,0.0,0.0,jermaine terry,jermaineterry,jterry,New York Giants,00-0040457,,,,,,,,,,,,,,,,,,,,,,,,,
2025,15,0.0,2025_15_WAS_NYG,New York Giants,Wan'Dale Robinson,WR,00-0038117,1.0,0.0,0.0,0.0,0.0,0.0,0.0,0.0,9.48,6.27,45.5,0.5,0.3919,72.0,39.55,29.57,221.9,108.1,2.2960174334386343,0.8724540011504662,0.9887285121732708,1.0,1.0,wan'dale robinson,wandalerobinson,wrobinson,New York Giants,,0.0,0.0,0.0,0.0,0.0,0.0,0.0,10.0,5.0,54.0,1.0,W.Robinson,NYG,team_norm & _alias_init_last,0.0,0.0,0.0,0.0,0.0,0.0,0.0,-0.5199999999999996,1.2699999999999996,-8.5,-0.5
2025,15,0.0,2025_15_WAS_NYG,New York Giants,Darius Slayton,WR,00-0035535,1.0,0.0,0.0,0.0,0.0,0.0,0.0,0.0,7.14,4.02,33.6,0.37,0.3101,72.0,39.55,29.57,221.9,108.1,2.2960174334386343,0.8724540011504662,0.9887285121732708,1.0,1.0,darius slayton,dariusslayton,dslayton,New York Giants,00-0035535,0.0,0.0,0.0,0.0,0.0,0.0,0.0,10.0,4.0,53.0,0.0,D.Slayton,NYG,team_norm & _alias_init_last,0.0,0.0,0.0,0.0,0.0,0.0,0.0,-2.8600000000000003,0.019999999999999574,-19.4,0.37
2025,15,0.0,2025_15_WAS_NYG,New York Giants,Isaiah Hodgins,WR,00-0036165,1.0,0.0,0.0,0.0,0.0,0.0,0.0,0.0,4.76,3.13,24.1,0.27,0.2345,72.0,39.55,29.57,221.9,108.1,2.2960174334386343,0.8724540011504662,0.9887285121732708,1.0,1.0,isaiah hodgins,isaiahhodgins,ihodgins,New York Giants,00-0036165,0.0,0.0,0.0,0.0,0.0,0.0,0.0,2.0,1.0,4.0,0.0,I.Hodgins,NYG,team_norm & _alias_init_last,0.0,0.0,0.0,0.0,0.0,0.0,0.0,2.76,2.13,20.1,0.27
2025,15,0.0,2025_15_WAS_NYG,New York Giants,Antwane Wells Jr.,WR,00-0040438,1.0,0.0,0.0,0.0,0.0,0.0,0.0,0.0,0.0,0.0,0.0,0.0,0.0,72.0,39.55,29.57,221.9,108.1,2.2960174334386343,0.8724540011504662,0.9887285121732708,0.0,0.0,antwane wells jr.,antwanewellsjr,awells,New York Giants,00-0040438,,,,,,,,,,,,,,,,,,,,,,,,,
2025,15,0.0,2025_15_WAS_NYG,New York Giants,Dalen Cambre,WR,00-0040431,1.0,0.0,0.0,0.0,0.0,0.0,0.0,0.0,0.0,0.0,0.0,0.0,0.0,72.0,39.55,29.57,221.9,108.1,2.2960174334386343,0.8724540011504662,0.9887285121732708,1.0,1.0,dalen cambre,dalencambre,dcambre,New York Giants,00-0040431,,,,,,,,,,,,,,,,,,,,,,,,,
2025,15,0.0,2025_15_WAS_NYG,New York Giants,Jalin Hyatt,WR,00-0038938,1.0,0.0,0.0,0.0,0.0,0.0,0.0,0.0,0.0,0.0,0.0,0.0,0.0,72.0,39.55,29.57,221.9,108.1,2.2960174334386343,0.8724540011504662,0.9887285121732708,1.0,1.0,jalin hyatt,jalinhyatt,jhyatt,New York Giants,00-0038938,0.0,0.0,0.0,0.0,0.0,0.0,0.0,1.0,0.0,0.0,0.0,J.Hyatt,NYG,team_norm & _alias_init_last,0.0,0.0,0.0,0.0,0.0,0.0,0.0,-1.0,0.0,0.0,0.0
2025,15,0.0,2025_15_WAS_NYG,Washington Commanders,Marcus Mariota,QB,00-0032268,1.0,34.16,172.1,2.46,0.9,5.56,14.8,0.21,0.0,0.0,0.0,0.0,0.1868,55.0,33.7,19.04,189.1,69.6,2.710810231152017,0.723509541237628,0.8425373497730559,1.0,1.0,marcus mariota,marcusmariota,mmariota,Washington Commanders,00-0032268,28.0,211.0,1.0,0.0,2.0,13.0,0.0,0.0,0.0,0.0,0.0,M.Mariota,WAS,team_norm & _alias_init_last,6.159999999999997,-38.900000000000006,1.46,0.9,3.5599999999999996,1.8000000000000007,0.21,0.0,0.0,0.0,0.0
2025,15,0.0,2025_15_WAS_NYG,Washington Commanders,Chris Rodriguez Jr.,RB,00-0038611,1.0,0.0,0.0,0.0,0.0,8.67,27.9,0.44,3.89,2.56,18.8,0.31,0.529,55.0,33.7,19.04,189.1,69.6,2.710810231152017,0.723509541237628,0.8425373497730559,0.0,0.0,chris rodriguez jr.,chrisrodriguezjr,crodriguez,Washington Commanders,00-0038611,,,,,,,,,,,,,,,,,,,,,,,,,
2025,15,0.0,2025_15_WAS_NYG,Washington Commanders,Jacory Croskey-Merritt,RB,00-0040242,1.0,0.0,0.0,0.0,0.0,4.82,15.9,0.15,2.42,1.49,10.7,0.19,0.2886,55.0,33.7,19.04,189.1,69.6,2.710810231152017,0.723509541237628,0.8425373497730559,1.0,1.0,jacory croskey-merritt,jacorycroskeymerritt,jcroskeymerritt,Washington Commanders,00-0040242,0.0,0.0,0.0,0.0,18.0,96.0,1.0,0.0,0.0,0.0,0.0,J.Croskey-Merritt,WAS,team_norm & _alias_init_last,0.0,0.0,0.0,0.0,-13.18,-80.1,-0.85,2.42,1.49,10.7,0.19
2025,15,0.0,2025_15_WAS_NYG,Washington Commanders,Chase Edmonds,RB,00-0034681,1.0,0.0,0.0,0.0,0.0,0.0,0.0,0.0,0.0,0.0,0.0,0.0,0.0,55.0,33.7,19.04,189.1,69.6,2.710810231152017,0.723509541237628,0.8425373497730559,1.0,1.0,chase edmonds,chaseedmonds,cedmonds,Washington Commanders,00-0034681,,,,,,,,,,,,,,,,,,,,,,,,,
2025,15,0.0,2025_15_WAS_NYG,Washington Commanders,Jeremy McNichols,RB,00-0033955,1.0,0.0,0.0,0.0,0.0,0.0,0.0,0.0,0.0,0.0,0.0,0.0,0.0,55.0,33.7,19.04,189.1,69.6,2.710810231152017,0.723509541237628,0.8425373497730559,1.0,1.0,jeremy mcnichols,jeremymcnichols,jmcnichols,Washington Commanders,00-0033955,0.0,0.0,0.0,0.0,10.0,6.0,0.0,1.0,1.0,16.0,0.0,J.McNichols,WAS,team_norm & _alias_init_last,0.0,0.0,0.0,0.0,-10.0,-6.0,0.0,-1.0,-1.0,-16.0,0.0
2025,15,0.0,2025_15_WAS_NYG,Washington Commanders,John Bates,TE,00-0036628,1.0,0.0,0.0,0.0,0.0,0.0,0.0,0.0,5.94,3.28,24.8,0.44,0.3559,55.0,33.7,19.04,189.1,69.6,2.710810231152017,0.723509541237628,0.8425373497730559,1.0,1.0,john bates,johnbates,jbates,Washington Commanders,00-0036628,0.0,0.0,0.0,0.0,0.0,0.0,0.0,1.0,1.0,19.0,0.0,J.Bates,WAS,team_norm & _alias_init_last,0.0,0.0,0.0,0.0,0.0,0.0,0.0,4.94,2.28,5.800000000000001,0.44
2025,15,0.0,2025_15_WAS_NYG,Washington Commanders,Ben Sinnott,TE,00-0039912,1.0,0.0,0.0,0.0,0.0,0.0,0.0,0.0,3.07,1.96,14.9,0.24,0.2112,55.0,33.7,19.04,189.1,69.6,2.710810231152017,0.723509541237628,0.8425373497730559,1.0,1.0,ben sinnott,bensinnott,bsinnott,Washington Commanders,00-0039912,0.0,0.0,0.0,0.0,0.0,0.0,0.0,1.0,1.0,36.0,0.0,B.Sinnott,WAS,team_norm & _alias_init_last,0.0,0.0,0.0,0.0,0.0,0.0,0.0,2.07,0.96,-21.1,0.24
2025,15,0.0,2025_15_WAS_NYG,Washington Commanders,Colson Yankoff,TE,00-0039686,1.0,0.0,0.0,0.0,0.0,0.0,0.0,0.0,0.0,0.0,0.0,0.0,0.0,55.0,33.7,19.04,189.1,69.6,2.710810231152017,0.723509541237628,0.8425373497730559,1.0,1.0,colson yankoff,colsonyankoff,cyankoff,Washington Commanders,00-0039686,,,,,,,,,,,,,,,,,,,,,,,,,
2025,15,0.0,2025_15_WAS_NYG,Washington Commanders,Gee Scott Jr.,TE,00-0040571,1.0,0.0,0.0,0.0,0.0,0.0,0.0,0.0,0.0,0.0,0.0,0.0,0.0,55.0,33.7,19.04,189.1,69.6,2.710810231152017,0.723509541237628,0.8425373497730559,0.0,0.0,gee scott jr.,geescottjr,gscott,Washington Commanders,00-0040571,,,,,,,,,,,,,,,,,,,,,,,,,
2025,15,0.0,2025_15_WAS_NYG,Washington Commanders,Terry McLaurin,WR,00-0035659,1.0,0.0,0.0,0.0,0.0,0.0,0.0,0.0,8.15,5.02,37.6,0.61,0.4564,55.0,33.7,19.04,189.1,69.6,2.710810231152017,0.723509541237628,0.8425373497730559,1.0,1.0,terry mclaurin,terrymclaurin,tmclaurin,Washington Commanders,00-0035659,0.0,0.0,0.0,0.0,0.0,0.0,0.0,5.0,3.0,69.0,1.0,T.McLaurin,WAS,team_norm & _alias_init_last,0.0,0.0,0.0,0.0,0.0,0.0,0.0,3.1500000000000004,2.0199999999999996,-31.4,-0.39
2025,15,0.0,2025_15_WAS_NYG,Washington Commanders,Deebo Samuel,WR,,1.0,0.0,0.0,0.0,0.0,0.0,0.0,0.0,6.14,3.9,53.4,0.49,0.3897,55.0,33.7,19.04,189.1,69.6,2.710810231152017,0.723509541237628,0.8425373497730559,0.0,0.0,deebo samuel,deebosamuel,dsamuel,Washington Commanders,,0.0,0.0,0.0,0.0,0.0,0.0,0.0,6.0,3.0,43.0,0.0,D.Samuel,WAS,team_norm & _alias_init_last,0.0,0.0,0.0,0.0,0.0,0.0,0.0,0.13999999999999968,0.8999999999999999,10.399999999999999,0.49
2025,15,0.0,2025_15_WAS_NYG,Washington Commanders,Noah Brown,WR,00-0033591,1.0,0.0,0.0,0.0,0.0,0.0,0.0,0.0,4.09,2.17,17.9,0.31,0.267,55.0,33.7,19.04,189.1,69.6,2.710810231152017,0.723509541237628,0.8425373497730559,1.0,1.0,noah brown,noahbrown,nbrown,Washington Commanders,00-0033591,0.0,0.0,0.0,0.0,0.0,0.0,0.0,1.0,1.0,28.0,0.0,N.Brown,WAS,team_norm & _alias_init_last,0.0,0.0,0.0,0.0,0.0,0.0,0.0,3.09,1.17,-10.100000000000001,0.31
2025,15,0.0,2025_15_WAS_NYG,Washington Commanders,Braylon Sanders,WR,00-0037355,1.0,0.0,0.0,0.0,0.0,0.0,0.0,0.0,0.0,0.0,0.0,0.0,0.0,55.0,33.7,19.04,189.1,69.6,2.710810231152017,0.723509541237628,0.8425373497730559,0.0,0.0,braylon sanders,braylonsanders,bsanders,Washington Commanders,00-0037355,,,,,,,,,,,,,,,,,,,,,,,,,
2025,15,0.0,2025_15_WAS_NYG,Washington Commanders,Jaylin Lane,WR,00-0040164,1.0,0.0,0.0,0.0,0.0,0.0,0.0,0.0,0.0,0.0,0.0,0.0,0.0,55.0,33.7,19.04,189.1,69.6,2.710810231152017,0.723509541237628,0.8425373497730559,1.0,1.0,jaylin lane,jaylinlane,jlane,Washington Commanders,00-0040164,0.0,0.0,0.0,0.0,0.0,0.0,0.0,1.0,0.0,0.0,0.0,J.Lane,WAS,team_norm & _alias_init_last,0.0,0.0,0.0,0.0,0.0,0.0,0.0,-1.0,0.0,0.0,0.0
2025,15,0.0,2025_15_WAS_NYG,Washington Commanders,Treylon Burks,WR,00-0037742,1.0,0.0,0.0,0.0,0.0,0.0,0.0,0.0,0.0,0.0,0.0,0.0,0.0,55.0,33.7,19.04,189.1,69.6,2.710810231152017,0.723509541237628,0.8425373497730559,1.0,1.0,treylon burks,treylonburks,tburks,Washington Commanders,00-0037742,0.0,0.0,0.0,0.0,0.0,0.0,0.0,2.0,0.0,0.0,0.0,T.Burks,WAS,team_norm & _alias_init_last,0.0,0.0,0.0,0.0,0.0,0.0,0.0,-2.0,0.0,0.0,0.0
