season,week,date,game_id,team,player,position,player_id_x,is_active,pass_attempts,pass_yards,pass_tds,interceptions,rush_attempts,rush_yards,rush_tds,targets,receptions,rec_yards,rec_tds,any_td_prob,team_plays,team_pass_attempts,team_rush_attempts,team_pass_yards,team_rush_yards,team_exp_pass_tds,team_exp_rush_tds,team_exp_int,is_active_pid,is_active_nm,_name_norm,_name_norm_loose,_alias_init_last,team_norm,player_id_y,pass_attempts_act,pass_yards_act,pass_tds_act,interceptions_act,rush_attempts_act,rush_yards_act,rush_tds_act,targets_act,receptions_act,rec_yards_act,rec_tds_act,player_act,team_act,match_strategy,pass_attempts_err,pass_yards_err,pass_tds_err,interceptions_err,rush_attempts_err,rush_yards_err,rush_tds_err,targets_err,receptions_err,rec_yards_err,rec_tds_err
2025,12,0.0,2025_12_ATL_NO,Atlanta Falcons,Kirk Cousins,QB,00-0029604,1.0,35.9,250.4,2.03,0.84,3.43,13.5,0.12,0.0,0.0,0.0,0.0,0.1169,72.0,36.0,33.82,273.2,167.2,2.647715174510155,1.2156161934972136,0.8999960749405223,1.0,1.0,kirk cousins,kirkcousins,kcousins,Atlanta Falcons,00-0029604,26.0,199.0,2.0,1.0,0.0,0.0,0.0,0.0,0.0,0.0,0.0,K.Cousins,ATL,team_norm & _alias_init_last,9.899999999999999,51.400000000000006,0.029999999999999805,-0.16000000000000003,3.43,13.5,0.12,0.0,0.0,0.0,0.0
2025,12,0.0,2025_12_ATL_NO,Atlanta Falcons,Bijan Robinson,RB,00-0038542,1.0,0.0,0.0,0.0,0.0,19.54,79.5,0.83,4.58,3.34,24.2,0.34,0.6911,72.0,36.0,33.82,273.2,167.2,2.647715174510155,1.2156161934972136,0.8999960749405223,1.0,1.0,bijan robinson,bijanrobinson,brobinson,Atlanta Falcons,00-0038542,0.0,0.0,0.0,0.0,15.0,70.0,0.0,2.0,2.0,37.0,0.0,B.Robinson,ATL,team_norm & _alias_init_last,0.0,0.0,0.0,0.0,4.539999999999999,9.5,0.83,2.58,1.3399999999999999,-12.8,0.34
2025,12,0.0,2025_12_ATL_NO,Atlanta Falcons,Tyler Allgeier,RB,00-0037263,1.0,0.0,0.0,0.0,0.0,10.85,44.3,0.31,2.85,2.18,15.5,0.2,0.4018,72.0,36.0,33.82,273.2,167.2,2.647715174510155,1.2156161934972136,0.8999960749405223,1.0,1.0,tyler allgeier,tylerallgeier,tallgeier,Atlanta Falcons,00-0037263,0.0,0.0,0.0,0.0,12.0,44.0,0.0,1.0,1.0,5.0,0.0,T.Allgeier,ATL,team_norm & _alias_init_last,0.0,0.0,0.0,0.0,-1.1500000000000004,0.29999999999999716,0.31,1.85,1.1800000000000002,10.5,0.2
2025,12,0.0,2025_12_ATL_NO,Atlanta Falcons,Kyle Pitts Sr.,TE,,1.0,0.0,0.0,0.0,0.0,0.0,0.0,0.0,6.76,4.3,65.1,0.5,0.3917,72.0,36.0,33.82,273.2,167.2,2.647715174510155,1.2156161934972136,0.8999960749405223,0.0,0.0,kyle pitts sr.,kylepittssr,kpitts,Atlanta Falcons,00-0036970,0.0,0.0,0.0,0.0,0.0,0.0,0.0,5.0,2.0,25.0,0.0,K.Pitts,ATL,team_norm & _alias_init_last,0.0,0.0,0.0,0.0,0.0,0.0,0.0,1.7599999999999998,2.3,40.099999999999994,0.5
2025,12,0.0,2025_12_ATL_NO,Atlanta Falcons,Charlie Woerner,TE,00-0036429,1.0,0.0,0.0,0.0,0.0,0.0,0.0,0.0,3.49,2.39,26.0,0.24,0.2148,72.0,36.0,33.82,273.2,167.2,2.647715174510155,1.2156161934972136,0.8999960749405223,1.0,1.0,charlie woerner,charliewoerner,cwoerner,Atlanta Falcons,00-0036429,0.0,0.0,0.0,0.0,0.0,0.0,0.0,3.0,3.0,24.0,0.0,C.Woerner,ATL,team_norm & _alias_init_last,0.0,0.0,0.0,0.0,0.0,0.0,0.0,0.4900000000000002,-0.6099999999999999,2.0,0.24
2025,12,0.0,2025_12_ATL_NO,Atlanta Falcons,Feleipe Franks,TE,00-0036825,1.0,0.0,0.0,0.0,0.0,0.0,0.0,0.0,0.0,0.0,0.0,0.0,0.0,72.0,36.0,33.82,273.2,167.2,2.647715174510155,1.2156161934972136,0.8999960749405223,1.0,1.0,feleipe franks,feleipefranks,ffranks,Atlanta Falcons,00-0036825,0.0,0.0,0.0,0.0,1.0,2.0,0.0,0.0,0.0,0.0,0.0,F.Franks,ATL,team_norm & _alias_init_last,0.0,0.0,0.0,0.0,-1.0,-2.0,0.0,0.0,0.0,0.0,0.0
2025,12,0.0,2025_12_ATL_NO,Atlanta Falcons,Teagan Quitoriano,TE,00-0037277,1.0,0.0,0.0,0.0,0.0,0.0,0.0,0.0,0.0,0.0,0.0,0.0,0.0,72.0,36.0,33.82,273.2,167.2,2.647715174510155,1.2156161934972136,0.8999960749405223,1.0,1.0,teagan quitoriano,teaganquitoriano,tquitoriano,Atlanta Falcons,00-0037277,,,,,,,,,,,,,,,,,,,,,,,,,
2025,12,0.0,2025_12_ATL_NO,Atlanta Falcons,Drake London,WR,00-0037238,1.0,0.0,0.0,0.0,0.0,0.0,0.0,0.0,8.0,4.78,49.0,0.57,0.4326,72.0,36.0,33.82,273.2,167.2,2.647715174510155,1.2156161934972136,0.8999960749405223,0.0,0.0,drake london,drakelondon,dlondon,Atlanta Falcons,00-0037238,,,,,,,,,,,,,,,,,,,,,,,,,
2025,12,0.0,2025_12_ATL_NO,Atlanta Falcons,Darnell Mooney,WR,00-0036309,1.0,0.0,0.0,0.0,0.0,0.0,0.0,0.0,6.02,3.26,37.0,0.4,0.3311,72.0,36.0,33.82,273.2,167.2,2.647715174510155,1.2156161934972136,0.8999960749405223,1.0,1.0,darnell mooney,darnellmooney,dmooney,Atlanta Falcons,00-0036309,0.0,0.0,0.0,0.0,0.0,0.0,0.0,3.0,3.0,74.0,1.0,D.Mooney,ATL,team_norm & _alias_init_last,0.0,0.0,0.0,0.0,0.0,0.0,0.0,3.0199999999999996,0.2599999999999998,-37.0,-0.6
2025,12,0.0,2025_12_ATL_NO,Atlanta Falcons,David Sills V,WR,,1.0,0.0,0.0,0.0,0.0,0.0,0.0,0.0,4.01,2.51,44.4,0.3,0.2557,72.0,36.0,33.82,273.2,167.2,2.647715174510155,1.2156161934972136,0.8999960749405223,0.0,0.0,david sills v,davidsillsv,dsills,Atlanta Falcons,00-0035359,0.0,0.0,0.0,0.0,0.0,0.0,0.0,3.0,2.0,16.0,1.0,D.Sills,ATL,team_norm & _alias_init_last,0.0,0.0,0.0,0.0,0.0,0.0,0.0,1.0099999999999998,0.5099999999999998,28.4,-0.7
2025,12,0.0,2025_12_ATL_NO,Atlanta Falcons,Casey Washington,WR,00-0039394,1.0,0.0,0.0,0.0,0.0,0.0,0.0,0.0,0.0,0.0,0.0,0.0,0.0,72.0,36.0,33.82,273.2,167.2,2.647715174510155,1.2156161934972136,0.8999960749405223,0.0,0.0,casey washington,caseywashington,cwashington,Atlanta Falcons,00-0038930,,,,,,,,,,,,,,,,,,,,,,,,,
2025,12,0.0,2025_12_ATL_NO,Atlanta Falcons,Dylan Drummond,WR,00-0038953,1.0,0.0,0.0,0.0,0.0,0.0,0.0,0.0,0.0,0.0,0.0,0.0,0.0,72.0,36.0,33.82,273.2,167.2,2.647715174510155,1.2156161934972136,0.8999960749405223,1.0,1.0,dylan drummond,dylandrummond,ddrummond,Atlanta Falcons,00-0038953,0.0,0.0,0.0,0.0,0.0,0.0,0.0,3.0,3.0,18.0,0.0,D.Drummond,ATL,team_norm & _alias_init_last,0.0,0.0,0.0,0.0,0.0,0.0,0.0,-3.0,-3.0,-18.0,0.0
2025,12,0.0,2025_12_ATL_NO,Atlanta Falcons,KhaDarel Hodge,WR,00-0034854,1.0,0.0,0.0,0.0,0.0,0.0,0.0,0.0,0.0,0.0,0.0,0.0,0.0,72.0,36.0,33.82,273.2,167.2,2.647715174510155,1.2156161934972136,0.8999960749405223,1.0,1.0,khadarel hodge,khadarelhodge,khodge,Atlanta Falcons,00-0034854,,,,,,,,,,,,,,,,,,,,,,,,,
2025,12,0.0,2025_12_ATL_NO,New Orleans Saints,Tyler Shough,QB,00-0040743,1.0,32.5,181.0,2.02,0.77,2.61,8.1,0.09,0.0,0.0,0.0,0.0,0.0856,72.0,32.85,36.55,195.5,141.7,2.216290133109511,1.2132146131347303,0.8212962417172286,1.0,1.0,tyler shough,tylershough,tshough,New Orleans Saints,00-0040743,52.0,243.0,0.0,1.0,5.0,10.0,0.0,0.0,0.0,0.0,0.0,T.Shough,NO,team_norm & _alias_init_last,-19.5,-62.0,2.02,-0.22999999999999998,-2.39,-1.9000000000000004,0.09,0.0,0.0,0.0,0.0
2025,12,0.0,2025_12_ATL_NO,New Orleans Saints,Alvin Kamara,RB,00-0033906,1.0,0.0,0.0,0.0,0.0,21.82,72.0,0.86,4.23,3.21,16.8,0.28,0.6811,72.0,32.85,36.55,195.5,141.7,2.216290133109511,1.2132146131347303,0.8212962417172286,1.0,1.0,alvin kamara,alvinkamara,akamara,New Orleans Saints,00-0033906,0.0,0.0,0.0,0.0,3.0,11.0,0.0,2.0,2.0,4.0,0.0,A.Kamara,NO,team_norm & _alias_init_last,0.0,0.0,0.0,0.0,18.82,61.0,0.86,2.2300000000000004,1.21,12.8,0.28
2025,12,0.0,2025_12_ATL_NO,New Orleans Saints,Devin Neal,RB,00-0040202,1.0,0.0,0.0,0.0,0.0,12.12,44.5,0.29,2.63,2.01,13.1,0.17,0.3724,72.0,32.85,36.55,195.5,141.7,2.216290133109511,1.2132146131347303,0.8212962417172286,1.0,1.0,devin neal,devinneal,dneal,New Orleans Saints,00-0040202,0.0,0.0,0.0,0.0,7.0,18.0,0.0,7.0,5.0,43.0,0.0,D.Neal,NO,team_norm & _alias_init_last,0.0,0.0,0.0,0.0,5.119999999999999,26.5,0.29,-4.37,-2.99,-29.9,0.17
2025,12,0.0,2025_12_ATL_NO,New Orleans Saints,Juwan Johnson,TE,00-0036040,1.0,0.0,0.0,0.0,0.0,0.0,0.0,0.0,5.99,3.84,26.2,0.36,0.3017,72.0,32.85,36.55,195.5,141.7,2.216290133109511,1.2132146131347303,0.8212962417172286,1.0,1.0,juwan johnson,juwanjohnson,jjohnson,New Orleans Saints,00-0036040,0.0,0.0,0.0,0.0,0.0,0.0,0.0,8.0,6.0,46.0,0.0,J.Johnson,NO,team_norm & _alias_init_last,0.0,0.0,0.0,0.0,0.0,0.0,0.0,-2.01,-2.16,-19.8,0.36
2025,12,0.0,2025_12_ATL_NO,New Orleans Saints,Foster Moreau,TE,00-0034981,1.0,0.0,0.0,0.0,0.0,0.0,0.0,0.0,3.1,2.02,13.9,0.19,0.1753,72.0,32.85,36.55,195.5,141.7,2.216290133109511,1.2132146131347303,0.8212962417172286,1.0,1.0,foster moreau,fostermoreau,fmoreau,New Orleans Saints,00-0034981,0.0,0.0,0.0,0.0,0.0,0.0,0.0,1.0,0.0,0.0,0.0,F.Moreau,NO,team_norm & _alias_init_last,0.0,0.0,0.0,0.0,0.0,0.0,0.0,2.1,2.02,13.9,0.19
2025,12,0.0,2025_12_ATL_NO,New Orleans Saints,Jack Stoll,TE,00-0036741,1.0,0.0,0.0,0.0,0.0,0.0,0.0,0.0,0.0,0.0,0.0,0.0,0.0,72.0,32.85,36.55,195.5,141.7,2.216290133109511,1.2132146131347303,0.8212962417172286,1.0,1.0,jack stoll,jackstoll,jstoll,New Orleans Saints,00-0036741,0.0,0.0,0.0,0.0,0.0,0.0,0.0,1.0,1.0,7.0,0.0,J.Stoll,NO,team_norm & _alias_init_last,0.0,0.0,0.0,0.0,0.0,0.0,0.0,-1.0,-1.0,-7.0,0.0
2025,12,0.0,2025_12_ATL_NO,New Orleans Saints,Zaire Mitchell-Paden,TE,00-0037340,1.0,0.0,0.0,0.0,0.0,0.0,0.0,0.0,0.0,0.0,0.0,0.0,0.0,72.0,32.85,36.55,195.5,141.7,2.216290133109511,1.2132146131347303,0.8212962417172286,1.0,1.0,zaire mitchell-paden,zairemitchellpaden,zmitchellpaden,New Orleans Saints,00-0037340,,,,,,,,,,,,,,,,,,,,,,,,,
2025,12,0.0,2025_12_ATL_NO,New Orleans Saints,Chris Olave,WR,00-0037239,1.0,0.0,0.0,0.0,0.0,0.0,0.0,0.0,7.5,4.54,36.4,0.46,0.3682,72.0,32.85,36.55,195.5,141.7,2.216290133109511,1.2132146131347303,0.8212962417172286,1.0,1.0,chris olave,chrisolave,colave,New Orleans Saints,00-0037239,0.0,0.0,0.0,0.0,0.0,0.0,0.0,14.0,9.0,70.0,0.0,C.Olave,NO,team_norm & _alias_init_last,0.0,0.0,0.0,0.0,0.0,0.0,0.0,-6.5,-4.46,-33.6,0.46
2025,12,0.0,2025_12_ATL_NO,New Orleans Saints,Devaughn Vele,WR,00-0039424,1.0,0.0,0.0,0.0,0.0,0.0,0.0,0.0,5.65,3.49,30.2,0.36,0.3012,72.0,32.85,36.55,195.5,141.7,2.216290133109511,1.2132146131347303,0.8212962417172286,1.0,1.0,devaughn vele,devaughnvele,dvele,New Orleans Saints,00-0039424,0.0,0.0,0.0,0.0,0.0,0.0,0.0,7.0,3.0,37.0,0.0,D.Vele,NO,team_norm & _alias_init_last,0.0,0.0,0.0,0.0,0.0,0.0,0.0,-1.3499999999999996,0.4900000000000002,-6.800000000000001,0.36
2025,12,0.0,2025_12_ATL_NO,New Orleans Saints,Mason Tipton,WR,00-0039623,1.0,0.0,0.0,0.0,0.0,0.0,0.0,0.0,3.76,2.06,21.7,0.24,0.2129,72.0,32.85,36.55,195.5,141.7,2.216290133109511,1.2132146131347303,0.8212962417172286,1.0,1.0,mason tipton,masontipton,mtipton,New Orleans Saints,00-0039623,0.0,0.0,0.0,0.0,1.0,11.0,0.0,4.0,3.0,22.0,0.0,M.Tipton,NO,team_norm & _alias_init_last,0.0,0.0,0.0,0.0,-1.0,-11.0,0.0,-0.2400000000000002,-0.94,-0.3000000000000007,0.24
2025,12,0.0,2025_12_ATL_NO,New Orleans Saints,Dante Pettis,WR,00-0034860,1.0,0.0,0.0,0.0,0.0,0.0,0.0,0.0,0.0,0.0,0.0,0.0,0.0,72.0,32.85,36.55,195.5,141.7,2.216290133109511,1.2132146131347303,0.8212962417172286,1.0,1.0,dante pettis,dantepettis,dpettis,New Orleans Saints,00-0034860,0.0,0.0,0.0,0.0,0.0,0.0,0.0,1.0,1.0,14.0,0.0,D.Pettis,NO,team_norm & _alias_init_last,0.0,0.0,0.0,0.0,0.0,0.0,0.0,-1.0,-1.0,-14.0,0.0
2025,12,0.0,2025_12_ATL_NO,New Orleans Saints,Kevin Austin Jr.,WR,00-0037231,1.0,0.0,0.0,0.0,0.0,0.0,0.0,0.0,0.0,0.0,0.0,0.0,0.0,72.0,32.85,36.55,195.5,141.7,2.216290133109511,1.2132146131347303,0.8212962417172286,1.0,1.0,kevin austin jr.,kevinaustinjr,kaustin,New Orleans Saints,00-0037231,,,,,,,,,,,,,,,,,,,,,,,,,
2025,12,0.0,2025_12_BUF_HOU,Buffalo Bills,Josh Allen,QB,00-0034857,1.0,38.63,269.8,1.78,0.98,8.22,28.7,0.22,0.0,0.0,0.0,0.0,0.1945,72.0,42.14,27.0,319.9,133.5,2.1394192132138863,0.6515492475130507,1.0535754014535184,1.0,1.0,josh allen,joshallen,jallen,Buffalo Bills,00-0034857,45.0,253.0,0.0,2.0,1.0,3.0,0.0,0.0,0.0,0.0,0.0,J.Allen,BUF,team_norm & _alias_init_last,-6.369999999999997,16.80000000000001,1.78,-1.02,7.220000000000001,25.7,0.22,0.0,0.0,0.0,0.0
2025,12,0.0,2025_12_BUF_HOU,Buffalo Bills,James Cook III,RB,,1.0,0.0,0.0,0.0,0.0,12.07,64.8,0.36,5.4,3.74,39.5,0.27,0.4671,72.0,42.14,27.0,319.9,133.5,2.1394192132138863,0.6515492475130507,1.0535754014535184,0.0,0.0,james cook iii,jamescookiii,jcook,Buffalo Bills,00-0037248,0.0,0.0,0.0,0.0,17.0,116.0,1.0,3.0,3.0,13.0,0.0,J.Cook,BUF,team_norm & _alias_init_last,0.0,0.0,0.0,0.0,-4.93,-51.2,-0.64,2.4000000000000004,0.7400000000000002,26.5,0.27
2025,12,0.0,2025_12_BUF_HOU,Buffalo Bills,Ty Johnson,RB,00-0035537,1.0,0.0,0.0,0.0,0.0,6.71,30.3,0.13,3.36,2.08,18.7,0.17,0.2575,72.0,42.14,27.0,319.9,133.5,2.1394192132138863,0.6515492475130507,1.0535754014535184,1.0,1.0,ty johnson,tyjohnson,tjohnson,Buffalo Bills,00-0034376,0.0,0.0,0.0,0.0,2.0,7.0,0.0,3.0,3.0,45.0,0.0,Ty.Johnson,BUF,team_norm & _name_norm_loose,0.0,0.0,0.0,0.0,4.71,23.3,0.13,0.3599999999999999,-0.9199999999999999,-26.3,0.17
2025,12,0.0,2025_12_BUF_HOU,Buffalo Bills,Ray Davis,RB,00-0039875,1.0,0.0,0.0,0.0,0.0,0.0,0.0,0.0,0.0,0.0,0.0,0.0,0.0,72.0,42.14,27.0,319.9,133.5,2.1394192132138863,0.6515492475130507,1.0535754014535184,1.0,1.0,ray davis,raydavis,rdavis,Buffalo Bills,00-0039875,,,,,,,,,,,,,,,,,,,,,,,,,
2025,12,0.0,2025_12_BUF_HOU,Buffalo Bills,Dalton Kincaid,TE,00-0038933,1.0,0.0,0.0,0.0,0.0,0.0,0.0,0.0,7.7,5.17,41.9,0.35,0.2962,72.0,42.14,27.0,319.9,133.5,2.1394192132138863,0.6515492475130507,1.0535754014535184,0.0,0.0,dalton kincaid,daltonkincaid,dkincaid,Buffalo Bills,00-0038933,,,,,,,,,,,,,,,,,,,,,,,,,
2025,12,0.0,2025_12_BUF_HOU,Buffalo Bills,Dawson Knox,TE,00-0035689,1.0,0.0,0.0,0.0,0.0,0.0,0.0,0.0,3.98,2.66,21.3,0.2,0.1797,72.0,42.14,27.0,319.9,133.5,2.1394192132138863,0.6515492475130507,1.0535754014535184,1.0,1.0,dawson knox,dawsonknox,dknox,Buffalo Bills,00-0035689,0.0,0.0,0.0,0.0,0.0,0.0,0.0,4.0,3.0,17.0,0.0,D.Knox,BUF,team_norm & _alias_init_last,0.0,0.0,0.0,0.0,0.0,0.0,0.0,-0.020000000000000018,-0.33999999999999986,4.300000000000001,0.2
2025,12,0.0,2025_12_BUF_HOU,Buffalo Bills,Jackson Hawes,TE,00-0040194,1.0,0.0,0.0,0.0,0.0,0.0,0.0,0.0,0.0,0.0,0.0,0.0,0.0,72.0,42.14,27.0,319.9,133.5,2.1394192132138863,0.6515492475130507,1.0535754014535184,1.0,1.0,jackson hawes,jacksonhawes,jhawes,Buffalo Bills,00-0040194,0.0,0.0,0.0,0.0,0.0,0.0,0.0,2.0,2.0,26.0,0.0,J.Hawes,BUF,team_norm & _alias_init_last,0.0,0.0,0.0,0.0,0.0,0.0,0.0,-2.0,-2.0,-26.0,0.0
2025,12,0.0,2025_12_BUF_HOU,Buffalo Bills,Keleki Latu,TE,00-0040363,1.0,0.0,0.0,0.0,0.0,0.0,0.0,0.0,0.0,0.0,0.0,0.0,0.0,72.0,42.14,27.0,319.9,133.5,2.1394192132138863,0.6515492475130507,1.0535754014535184,1.0,1.0,keleki latu,kelekilatu,klatu,Buffalo Bills,00-0040363,,,,,,,,,,,,,,,,,,,,,,,,,
2025,12,0.0,2025_12_BUF_HOU,Buffalo Bills,Khalil Shakir,WR,00-0037261,1.0,0.0,0.0,0.0,0.0,0.0,0.0,0.0,9.59,6.86,55.1,0.45,0.3648,72.0,42.14,27.0,319.9,133.5,2.1394192132138863,0.6515492475130507,1.0535754014535184,1.0,1.0,khalil shakir,khalilshakir,kshakir,Buffalo Bills,00-0037261,0.0,0.0,0.0,0.0,0.0,0.0,0.0,10.0,8.0,77.0,0.0,K.Shakir,BUF,team_norm & _alias_init_last,0.0,0.0,0.0,0.0,0.0,0.0,0.0,-0.41000000000000014,-1.1399999999999997,-21.9,0.45
2025,12,0.0,2025_12_BUF_HOU,Buffalo Bills,Joshua Palmer,WR,,1.0,0.0,0.0,0.0,0.0,0.0,0.0,0.0,7.23,4.54,78.7,0.37,0.307,72.0,42.14,27.0,319.9,133.5,2.1394192132138863,0.6515492475130507,1.0535754014535184,0.0,0.0,joshua palmer,joshuapalmer,jpalmer,Buffalo Bills,00-0036988,0.0,0.0,0.0,0.0,0.0,0.0,0.0,4.0,2.0,21.0,0.0,J.Palmer,BUF,team_norm & _alias_init_last,0.0,0.0,0.0,0.0,0.0,0.0,0.0,3.2300000000000004,2.54,57.7,0.37
2025,12,0.0,2025_12_BUF_HOU,Buffalo Bills,Tyrell Shavers,WR,00-0038679,1.0,0.0,0.0,0.0,0.0,0.0,0.0,0.0,4.82,2.97,37.0,0.23,0.2034,72.0,42.14,27.0,319.9,133.5,2.1394192132138863,0.6515492475130507,1.0535754014535184,1.0,1.0,tyrell shavers,tyrellshavers,tshavers,Buffalo Bills,00-0038679,,,,,,,,,,,,,,,,,,,,,,,,,
2025,12,0.0,2025_12_BUF_HOU,Buffalo Bills,Brandin Cooks,WR,00-0031236,1.0,0.0,0.0,0.0,0.0,0.0,0.0,0.0,0.0,0.0,0.0,0.0,0.0,72.0,42.14,27.0,319.9,133.5,2.1394192132138863,0.6515492475130507,1.0535754014535184,0.0,0.0,brandin cooks,brandincooks,bcooks,Buffalo Bills,00-0031236,,,,,,,,,,,,,,,,,,,,,,,,,
2025,12,0.0,2025_12_BUF_HOU,Buffalo Bills,Curtis Samuel,WR,00-0033282,1.0,0.0,0.0,0.0,0.0,0.0,0.0,0.0,0.0,0.0,0.0,0.0,0.0,72.0,42.14,27.0,319.9,133.5,2.1394192132138863,0.6515492475130507,1.0535754014535184,0.0,0.0,curtis samuel,curtissamuel,csamuel,Buffalo Bills,00-0033282,,,,,,,,,,,,,,,,,,,,,,,,,
2025,12,0.0,2025_12_BUF_HOU,Buffalo Bills,David White,WR,00-0039562,1.0,0.0,0.0,0.0,0.0,0.0,0.0,0.0,0.0,0.0,0.0,0.0,0.0,72.0,42.14,27.0,319.9,133.5,2.1394192132138863,0.6515492475130507,1.0535754014535184,1.0,1.0,david white,davidwhite,dwhite,Buffalo Bills,00-0039562,,,,,,,,,,,,,,,,,,,,,,,,,
2025,12,0.0,2025_12_BUF_HOU,Buffalo Bills,Gabe Davis,WR,00-0036196,1.0,0.0,0.0,0.0,0.0,0.0,0.0,0.0,0.0,0.0,0.0,0.0,0.0,72.0,42.14,27.0,319.9,133.5,2.1394192132138863,0.6515492475130507,1.0535754014535184,1.0,1.0,gabe davis,gabedavis,gdavis,Buffalo Bills,00-0036196,0.0,0.0,0.0,0.0,0.0,0.0,0.0,2.0,1.0,22.0,0.0,G.Davis,BUF,team_norm & _alias_init_last,0.0,0.0,0.0,0.0,0.0,0.0,0.0,-2.0,-1.0,-22.0,0.0
2025,12,0.0,2025_12_BUF_HOU,Houston Texans,C.J. Stroud,QB,00-0039163,1.0,41.63,234.7,1.65,1.07,3.93,11.5,0.07,0.0,0.0,0.0,0.0,0.071,72.0,46.02,22.63,258.2,82.7,2.065264958287336,0.4016228238129544,1.1504966273304456,0.0,0.0,c.j. stroud,cjstroud,cstroud,Houston Texans,00-0039163,,,,,,,,,,,,,,,,,,,,,,,,,
2025,12,0.0,2025_12_BUF_HOU,Houston Texans,Woody Marks,RB,00-0040583,1.0,0.0,0.0,0.0,0.0,12.02,37.9,0.26,5.86,3.79,25.1,0.27,0.4113,72.0,46.02,22.63,258.2,82.7,2.065264958287336,0.4016228238129544,1.1504966273304456,1.0,1.0,woody marks,woodymarks,wmarks,Houston Texans,,0.0,0.0,0.0,0.0,16.0,74.0,0.0,1.0,1.0,-5.0,0.0,W.Marks,HOU,team_norm & _alias_init_last,0.0,0.0,0.0,0.0,-3.9800000000000004,-36.1,0.26,4.86,2.79,30.1,0.27
2025,12,0.0,2025_12_BUF_HOU,Houston Texans,Nick Chubb,RB,00-0034791,1.0,0.0,0.0,0.0,0.0,6.68,20.3,0.09,3.64,2.41,14.1,0.16,0.2187,72.0,46.02,22.63,258.2,82.7,2.065264958287336,0.4016228238129544,1.1504966273304456,1.0,1.0,nick chubb,nickchubb,nchubb,Houston Texans,00-0034791,0.0,0.0,0.0,0.0,6.0,16.0,0.0,2.0,1.0,-1.0,0.0,N.Chubb,HOU,team_norm & _alias_init_last,0.0,0.0,0.0,0.0,0.6799999999999997,4.300000000000001,0.09,1.6400000000000001,1.4100000000000001,15.1,0.16
2025,12,0.0,2025_12_BUF_HOU,Houston Texans,Dare Ogunbowale,RB,00-0033854,1.0,0.0,0.0,0.0,0.0,0.0,0.0,0.0,0.0,0.0,0.0,0.0,0.0,72.0,46.02,22.63,258.2,82.7,2.065264958287336,0.4016228238129544,1.1504966273304456,1.0,1.0,dare ogunbowale,dareogunbowale,dogunbowale,Houston Texans,,,,,,,,,,,,,,,,,,,,,,,,,,
2025,12,0.0,2025_12_BUF_HOU,Houston Texans,Dalton Schultz,TE,00-0034383,1.0,0.0,0.0,0.0,0.0,0.0,0.0,0.0,8.29,5.48,33.9,0.33,0.2847,72.0,46.02,22.63,258.2,82.7,2.065264958287336,0.4016228238129544,1.1504966273304456,1.0,1.0,dalton schultz,daltonschultz,dschultz,Houston Texans,00-0034383,0.0,0.0,0.0,0.0,0.0,0.0,0.0,4.0,1.0,8.0,0.0,D.Schultz,HOU,team_norm & _alias_init_last,0.0,0.0,0.0,0.0,0.0,0.0,0.0,4.289999999999999,4.48,25.9,0.33
2025,12,0.0,2025_12_BUF_HOU,Houston Texans,Cade Stover,TE,00-0039359,1.0,0.0,0.0,0.0,0.0,0.0,0.0,0.0,4.29,2.93,20.1,0.18,0.1666,72.0,46.02,22.63,258.2,82.7,2.065264958287336,0.4016228238129544,1.1504966273304456,1.0,1.0,cade stover,cadestover,cstover,Houston Texans,00-0039359,0.0,0.0,0.0,0.0,0.0,0.0,0.0,2.0,0.0,0.0,0.0,C.Stover,HOU,team_norm & _alias_init_last,0.0,0.0,0.0,0.0,0.0,0.0,0.0,2.29,2.93,20.1,0.18
2025,12,0.0,2025_12_BUF_HOU,Houston Texans,Dalton Keene,TE,00-0036225,1.0,0.0,0.0,0.0,0.0,0.0,0.0,0.0,0.0,0.0,0.0,0.0,0.0,72.0,46.02,22.63,258.2,82.7,2.065264958287336,0.4016228238129544,1.1504966273304456,0.0,0.0,dalton keene,daltonkeene,dkeene,Houston Texans,00-0036225,,,,,,,,,,,,,,,,,,,,,,,,,
2025,12,0.0,2025_12_BUF_HOU,Houston Texans,Nico Collins,WR,00-0036554,1.0,0.0,0.0,0.0,0.0,0.0,0.0,0.0,10.61,6.37,47.1,0.45,0.3632,72.0,46.02,22.63,258.2,82.7,2.065264958287336,0.4016228238129544,1.1504966273304456,1.0,1.0,nico collins,nicocollins,ncollins,Houston Texans,00-0036554,0.0,0.0,0.0,0.0,0.0,0.0,0.0,4.0,3.0,55.0,0.0,N.Collins,HOU,team_norm & _alias_init_last,0.0,0.0,0.0,0.0,0.0,0.0,0.0,6.609999999999999,3.37,-7.899999999999999,0.45
2025,12,0.0,2025_12_BUF_HOU,Houston Texans,Jayden Higgins,WR,00-0040130,1.0,0.0,0.0,0.0,0.0,0.0,0.0,0.0,7.99,4.7,42.3,0.34,0.2893,72.0,46.02,22.63,258.2,82.7,2.065264958287336,0.4016228238129544,1.1504966273304456,1.0,1.0,jayden higgins,jaydenhiggins,jhiggins,Houston Texans,00-0040130,0.0,0.0,0.0,0.0,0.0,0.0,0.0,9.0,4.0,38.0,1.0,J.Higgins,HOU,team_norm & _alias_init_last,0.0,0.0,0.0,0.0,0.0,0.0,0.0,-1.0099999999999998,0.7000000000000002,4.299999999999997,-0.6599999999999999
2025,12,0.0,2025_12_BUF_HOU,Houston Texans,Christian Kirk,WR,00-0034775,1.0,0.0,0.0,0.0,0.0,0.0,0.0,0.0,5.33,3.19,22.8,0.23,0.2015,72.0,46.02,22.63,258.2,82.7,2.065264958287336,0.4016228238129544,1.1504966273304456,1.0,1.0,christian kirk,christiankirk,ckirk,Houston Texans,00-0034775,0.0,0.0,0.0,0.0,0.0,0.0,0.0,6.0,5.0,54.0,1.0,C.Kirk,HOU,team_norm & _alias_init_last,0.0,0.0,0.0,0.0,0.0,0.0,0.0,-0.6699999999999999,-1.81,-31.2,-0.77
2025,12,0.0,2025_12_BUF_HOU,Houston Texans,Braxton Berrios,WR,00-0034419,1.0,0.0,0.0,0.0,0.0,0.0,0.0,0.0,0.0,0.0,0.0,0.0,0.0,72.0,46.02,22.63,258.2,82.7,2.065264958287336,0.4016228238129544,1.1504966273304456,0.0,0.0,braxton berrios,braxtonberrios,bberrios,Houston Texans,00-0034419,,,,,,,,,,,,,,,,,,,,,,,,,
2025,12,0.0,2025_12_BUF_HOU,Houston Texans,Daniel Jackson,WR,00-0040412,1.0,0.0,0.0,0.0,0.0,0.0,0.0,0.0,0.0,0.0,0.0,0.0,0.0,72.0,46.02,22.63,258.2,82.7,2.065264958287336,0.4016228238129544,1.1504966273304456,0.0,0.0,daniel jackson,danieljackson,djackson,Houston Texans,00-0040412,,,,,,,,,,,,,,,,,,,,,,,,,
2025,12,0.0,2025_12_BUF_HOU,Houston Texans,Jaylin Noel,WR,00-0040138,1.0,0.0,0.0,0.0,0.0,0.0,0.0,0.0,0.0,0.0,0.0,0.0,0.0,72.0,46.02,22.63,258.2,82.7,2.065264958287336,0.4016228238129544,1.1504966273304456,1.0,1.0,jaylin noel,jaylinnoel,jnoel,Houston Texans,00-0040138,0.0,0.0,0.0,0.0,1.0,5.0,0.0,2.0,1.0,4.0,0.0,J.Noel,HOU,team_norm & _alias_init_last,0.0,0.0,0.0,0.0,-1.0,-5.0,0.0,-2.0,-1.0,-4.0,0.0
2025,12,0.0,2025_12_BUF_HOU,Houston Texans,Xavier Hutchinson,WR,00-0038618,1.0,0.0,0.0,0.0,0.0,0.0,0.0,0.0,0.0,0.0,0.0,0.0,0.0,72.0,46.02,22.63,258.2,82.7,2.065264958287336,0.4016228238129544,1.1504966273304456,1.0,1.0,xavier hutchinson,xavierhutchinson,xhutchinson,Houston Texans,00-0038618,,,,,,,,,,,,,,,,,,,,,,,,,
2025,12,0.0,2025_12_CAR_SF,Carolina Panthers,Bryce Young,QB,00-0039150,1.0,40.96,275.8,1.6,1.07,4.13,16.3,0.09,0.0,0.0,0.0,0.0,0.0905,72.0,45.67,23.7,346.6,117.2,2.148444637476303,0.5486068984971149,1.1416492883717522,1.0,1.0,bryce young,bryceyoung,byoung,Carolina Panthers,00-0039150,37.0,169.0,1.0,2.0,0.0,0.0,0.0,0.0,0.0,0.0,0.0,B.Young,CAR,team_norm & _alias_init_last,3.960000000000001,106.80000000000001,0.6000000000000001,-0.9299999999999999,4.13,16.3,0.09,0.0,0.0,0.0,0.0
2025,12,0.0,2025_12_CAR_SF,Carolina Panthers,Rico Dowdle,RB,00-0036139,1.0,0.0,0.0,0.0,0.0,12.58,51.8,0.34,5.81,4.33,31.1,0.28,0.4646,72.0,45.67,23.7,346.6,117.2,2.148444637476303,0.5486068984971149,1.1416492883717522,1.0,1.0,rico dowdle,ricodowdle,rdowdle,Carolina Panthers,00-0036139,0.0,0.0,0.0,0.0,6.0,38.0,0.0,4.0,4.0,36.0,0.0,R.Dowdle,CAR,team_norm & _alias_init_last,0.0,0.0,0.0,0.0,6.58,13.799999999999997,0.34,1.8099999999999996,0.33000000000000007,-4.899999999999999,0.28
2025,12,0.0,2025_12_CAR_SF,Carolina Panthers,Chuba Hubbard,RB,00-0036555,1.0,0.0,0.0,0.0,0.0,6.99,29.9,0.13,3.61,2.63,17.6,0.17,0.256,72.0,45.67,23.7,346.6,117.2,2.148444637476303,0.5486068984971149,1.1416492883717522,1.0,1.0,chuba hubbard,chubahubbard,chubbard,Carolina Panthers,00-0036555,0.0,0.0,0.0,0.0,3.0,16.0,0.0,4.0,4.0,27.0,0.0,C.Hubbard,CAR,team_norm & _alias_init_last,0.0,0.0,0.0,0.0,3.99,13.899999999999999,0.13,-0.3900000000000001,-1.37,-9.399999999999999,0.17
2025,12,0.0,2025_12_CAR_SF,Carolina Panthers,Trevor Etienne,RB,00-0040644,1.0,0.0,0.0,0.0,0.0,0.0,0.0,0.0,0.0,0.0,0.0,0.0,0.0,72.0,45.67,23.7,346.6,117.2,2.148444637476303,0.5486068984971149,1.1416492883717522,1.0,1.0,trevor etienne,trevoretienne,tetienne,Carolina Panthers,00-0040644,0.0,0.0,0.0,0.0,15.0,86.0,0.0,4.0,3.0,30.0,1.0,T.Etienne,JAX,_alias_init_last,0.0,0.0,0.0,0.0,-15.0,-86.0,0.0,-4.0,-3.0,-30.0,-1.0
2025,12,0.0,2025_12_CAR_SF,Carolina Panthers,Ja'Tavion Sanders,TE,00-0039356,1.0,0.0,0.0,0.0,0.0,0.0,0.0,0.0,8.71,6.18,54.0,0.39,0.3263,72.0,45.67,23.7,346.6,117.2,2.148444637476303,0.5486068984971149,1.1416492883717522,1.0,1.0,ja'tavion sanders,jatavionsanders,jsanders,Carolina Panthers,00-0039356,0.0,0.0,0.0,0.0,0.0,0.0,0.0,1.0,1.0,6.0,0.0,J.Sanders,CAR,team_norm & _alias_init_last,0.0,0.0,0.0,0.0,0.0,0.0,0.0,7.710000000000001,5.18,48.0,0.39
2025,12,0.0,2025_12_CAR_SF,Carolina Panthers,Tommy Tremble,TE,00-0037005,1.0,0.0,0.0,0.0,0.0,0.0,0.0,0.0,4.5,2.96,25.1,0.2,0.1782,72.0,45.67,23.7,346.6,117.2,2.148444637476303,0.5486068984971149,1.1416492883717522,1.0,1.0,tommy tremble,tommytremble,ttremble,Carolina Panthers,00-0037005,0.0,0.0,0.0,0.0,0.0,0.0,0.0,1.0,0.0,0.0,0.0,T.Tremble,CAR,team_norm & _alias_init_last,0.0,0.0,0.0,0.0,0.0,0.0,0.0,3.5,2.96,25.1,0.2
2025,12,0.0,2025_12_CAR_SF,Carolina Panthers,Dominique Dafney,TE,00-0036456,1.0,0.0,0.0,0.0,0.0,0.0,0.0,0.0,0.0,0.0,0.0,0.0,0.0,72.0,45.67,23.7,346.6,117.2,2.148444637476303,0.5486068984971149,1.1416492883717522,0.0,0.0,dominique dafney,dominiquedafney,ddafney,Carolina Panthers,00-0036456,,,,,,,,,,,,,,,,,,,,,,,,,
2025,12,0.0,2025_12_CAR_SF,Carolina Panthers,Mitchell Evans,TE,00-0040187,1.0,0.0,0.0,0.0,0.0,0.0,0.0,0.0,0.0,0.0,0.0,0.0,0.0,72.0,45.67,23.7,346.6,117.2,2.148444637476303,0.5486068984971149,1.1416492883717522,1.0,1.0,mitchell evans,mitchellevans,mevans,Carolina Panthers,00-0040187,0.0,0.0,0.0,0.0,0.0,0.0,0.0,1.0,0.0,0.0,0.0,M.Evans,CAR,team_norm & _alias_init_last,0.0,0.0,0.0,0.0,0.0,0.0,0.0,-1.0,0.0,0.0,0.0
2025,12,0.0,2025_12_CAR_SF,Carolina Panthers,Tetairoa McMillan,WR,00-0040124,1.0,0.0,0.0,0.0,0.0,0.0,0.0,0.0,10.22,5.71,71.5,0.45,0.3646,72.0,45.67,23.7,346.6,117.2,2.148444637476303,0.5486068984971149,1.1416492883717522,1.0,1.0,tetairoa mcmillan,tetairoamcmillan,tmcmillan,Carolina Panthers,00-0040124,0.0,0.0,0.0,0.0,0.0,0.0,0.0,7.0,2.0,35.0,1.0,T.McMillan,CAR,team_norm & _alias_init_last,0.0,0.0,0.0,0.0,0.0,0.0,0.0,3.2200000000000006,3.71,36.5,-0.55
2025,12,0.0,2025_12_CAR_SF,Carolina Panthers,Xavier Legette,WR,00-0039342,1.0,0.0,0.0,0.0,0.0,0.0,0.0,0.0,7.69,4.1,50.2,0.36,0.3006,72.0,45.67,23.7,346.6,117.2,2.148444637476303,0.5486068984971149,1.1416492883717522,1.0,1.0,xavier legette,xavierlegette,xlegette,Carolina Panthers,00-0039342,0.0,0.0,0.0,0.0,0.0,0.0,0.0,5.0,3.0,22.0,0.0,X.Legette,CAR,team_norm & _alias_init_last,0.0,0.0,0.0,0.0,0.0,0.0,0.0,2.6900000000000004,1.0999999999999996,28.200000000000003,0.36
2025,12,0.0,2025_12_CAR_SF,Carolina Panthers,Jalen Coker,WR,00-0039491,1.0,0.0,0.0,0.0,0.0,0.0,0.0,0.0,5.13,3.39,34.6,0.23,0.2057,72.0,45.67,23.7,346.6,117.2,2.148444637476303,0.5486068984971149,1.1416492883717522,1.0,1.0,jalen coker,jalencoker,jcoker,Carolina Panthers,00-0039491,0.0,0.0,0.0,0.0,0.0,0.0,0.0,5.0,3.0,32.0,0.0,J.Coker,CAR,team_norm & _alias_init_last,0.0,0.0,0.0,0.0,0.0,0.0,0.0,0.1299999999999999,0.3900000000000001,2.6000000000000014,0.23
2025,12,0.0,2025_12_CAR_SF,Carolina Panthers,Brycen Tremayne,WR,00-0038840,1.0,0.0,0.0,0.0,0.0,0.0,0.0,0.0,0.0,0.0,0.0,0.0,0.0,72.0,45.67,23.7,346.6,117.2,2.148444637476303,0.5486068984971149,1.1416492883717522,1.0,1.0,brycen tremayne,brycentremayne,btremayne,Carolina Panthers,00-0038840,,,,,,,,,,,,,,,,,,,,,,,,,
2025,12,0.0,2025_12_CAR_SF,Carolina Panthers,Jimmy Horn Jr.,WR,00-0040218,1.0,0.0,0.0,0.0,0.0,0.0,0.0,0.0,0.0,0.0,0.0,0.0,0.0,72.0,45.67,23.7,346.6,117.2,2.148444637476303,0.5486068984971149,1.1416492883717522,1.0,1.0,jimmy horn jr.,jimmyhornjr,jhorn,Carolina Panthers,00-0036944,0.0,0.0,0.0,0.0,0.0,0.0,0.0,1.0,1.0,11.0,0.0,Ji.Horn,CAR,team_norm & _alias_init_last,0.0,0.0,0.0,0.0,0.0,0.0,0.0,-1.0,-1.0,-11.0,0.0
2025,12,0.0,2025_12_CAR_SF,San Francisco 49ers,Brock Purdy,QB,00-0037834,1.0,36.23,263.5,2.2,0.92,7.07,25.7,0.3,0.0,0.0,0.0,0.0,0.2595,72.0,39.37,30.46,298.8,150.6,2.874901315409676,1.195865334943682,0.9843478955007255,1.0,1.0,brock purdy,brockpurdy,bpurdy,San Francisco 49ers,00-0037834,33.0,193.0,1.0,3.0,3.0,9.0,0.0,0.0,0.0,0.0,0.0,B.Purdy,SF,team_norm & _alias_init_last,3.229999999999997,70.5,1.2000000000000002,-2.08,4.07,16.7,0.3,0.0,0.0,0.0,0.0
2025,12,0.0,2025_12_CAR_SF,San Francisco 49ers,Christian McCaffrey,RB,00-0033280,1.0,0.0,0.0,0.0,0.0,15.04,62.1,0.74,5.1,3.96,25.5,0.39,0.677,72.0,39.37,30.46,298.8,150.6,2.874901315409676,1.195865334943682,0.9843478955007255,1.0,1.0,christian mccaffrey,christianmccaffrey,cmccaffrey,San Francisco 49ers,00-0033280,0.0,0.0,0.0,0.0,24.0,89.0,1.0,7.0,7.0,53.0,0.0,C.McCaffrey,SF,team_norm & _alias_init_last,0.0,0.0,0.0,0.0,-8.96,-26.9,-0.26,-1.9000000000000004,-3.04,-27.5,0.39
2025,12,0.0,2025_12_CAR_SF,San Francisco 49ers,Brian Robinson Jr.,RB,,1.0,0.0,0.0,0.0,0.0,8.35,43.6,0.25,3.17,2.26,23.0,0.23,0.3795,72.0,39.37,30.46,298.8,150.6,2.874901315409676,1.195865334943682,0.9843478955007255,0.0,0.0,brian robinson jr.,brianrobinsonjr,brobinson,San Francisco 49ers,00-0037746,0.0,0.0,0.0,0.0,7.0,40.0,0.0,2.0,1.0,4.0,0.0,B.Robinson,SF,team_norm & _alias_init_last,0.0,0.0,0.0,0.0,1.3499999999999996,3.6000000000000014,0.25,1.17,1.2599999999999998,19.0,0.23
2025,12,0.0,2025_12_CAR_SF,San Francisco 49ers,Isaac Guerendo,RB,00-0039363,1.0,0.0,0.0,0.0,0.0,0.0,0.0,0.0,0.0,0.0,0.0,0.0,0.0,72.0,39.37,30.46,298.8,150.6,2.874901315409676,1.195865334943682,0.9843478955007255,1.0,1.0,isaac guerendo,isaacguerendo,iguerendo,San Francisco 49ers,00-0039363,,,,,,,,,,,,,,,,,,,,,,,,,
2025,12,0.0,2025_12_CAR_SF,San Francisco 49ers,George Kittle,TE,00-0033288,1.0,0.0,0.0,0.0,0.0,0.0,0.0,0.0,7.38,5.16,42.3,0.5,0.3963,72.0,39.37,30.46,298.8,150.6,2.874901315409676,1.195865334943682,0.9843478955007255,1.0,1.0,george kittle,georgekittle,gkittle,San Francisco 49ers,00-0033288,0.0,0.0,0.0,0.0,0.0,0.0,0.0,10.0,6.0,78.0,0.0,G.Kittle,SF,team_norm & _alias_init_last,0.0,0.0,0.0,0.0,0.0,0.0,0.0,-2.62,-0.8399999999999999,-35.7,0.5
2025,12,0.0,2025_12_CAR_SF,San Francisco 49ers,Luke Farrell,TE,00-0036887,1.0,0.0,0.0,0.0,0.0,0.0,0.0,0.0,3.82,2.69,25.4,0.26,0.2279,72.0,39.37,30.46,298.8,150.6,2.874901315409676,1.195865334943682,0.9843478955007255,1.0,1.0,luke farrell,lukefarrell,lfarrell,San Francisco 49ers,00-0036887,0.0,0.0,0.0,0.0,0.0,0.0,0.0,1.0,1.0,3.0,0.0,L.Farrell,SF,team_norm & _alias_init_last,0.0,0.0,0.0,0.0,0.0,0.0,0.0,2.82,1.69,22.4,0.26
2025,12,0.0,2025_12_CAR_SF,San Francisco 49ers,Hayden Rucci,TE,00-0039489,1.0,0.0,0.0,0.0,0.0,0.0,0.0,0.0,0.0,0.0,0.0,0.0,0.0,72.0,39.37,30.46,298.8,150.6,2.874901315409676,1.195865334943682,0.9843478955007255,0.0,0.0,hayden rucci,haydenrucci,hrucci,San Francisco 49ers,00-0039489,,,,,,,,,,,,,,,,,,,,,,,,,
2025,12,0.0,2025_12_CAR_SF,San Francisco 49ers,Jake Tonges,TE,00-0037112,1.0,0.0,0.0,0.0,0.0,0.0,0.0,0.0,0.0,0.0,0.0,0.0,0.0,72.0,39.37,30.46,298.8,150.6,2.874901315409676,1.195865334943682,0.9843478955007255,1.0,1.0,jake tonges,jaketonges,jtonges,San Francisco 49ers,00-0037112,,,,,,,,,,,,,,,,,,,,,,,,,
2025,12,0.0,2025_12_CAR_SF,San Francisco 49ers,Jauan Jennings,WR,00-0036259,1.0,0.0,0.0,0.0,0.0,0.0,0.0,0.0,8.75,5.35,54.5,0.61,0.4547,72.0,39.37,30.46,298.8,150.6,2.874901315409676,1.195865334943682,0.9843478955007255,1.0,1.0,jauan jennings,jauanjennings,jjennings,San Francisco 49ers,,0.0,0.0,0.0,0.0,0.0,0.0,0.0,7.0,5.0,41.0,1.0,J.Jennings,SF,team_norm & _alias_init_last,0.0,0.0,0.0,0.0,0.0,0.0,0.0,1.75,0.34999999999999964,13.5,-0.39
2025,12,0.0,2025_12_CAR_SF,San Francisco 49ers,Ricky Pearsall,WR,00-0039916,1.0,0.0,0.0,0.0,0.0,0.0,0.0,0.0,6.59,4.01,44.6,0.46,0.3686,72.0,39.37,30.46,298.8,150.6,2.874901315409676,1.195865334943682,0.9843478955007255,1.0,1.0,ricky pearsall,rickypearsall,rpearsall,San Francisco 49ers,00-0039916,0.0,0.0,0.0,0.0,1.0,2.0,0.0,4.0,2.0,6.0,0.0,R.Pearsall,SF,team_norm & _alias_init_last,0.0,0.0,0.0,0.0,-1.0,-2.0,0.0,2.59,2.01,38.6,0.46
2025,12,0.0,2025_12_CAR_SF,San Francisco 49ers,Demarcus Robinson,WR,00-0032775,1.0,0.0,0.0,0.0,0.0,0.0,0.0,0.0,4.39,2.51,25.9,0.31,0.2678,72.0,39.37,30.46,298.8,150.6,2.874901315409676,1.195865334943682,0.9843478955007255,1.0,1.0,demarcus robinson,demarcusrobinson,drobinson,San Francisco 49ers,00-0032775,0.0,0.0,0.0,0.0,0.0,0.0,0.0,1.0,1.0,8.0,0.0,D.Robinson,SF,team_norm & _alias_init_last,0.0,0.0,0.0,0.0,0.0,0.0,0.0,3.3899999999999997,1.5099999999999998,17.9,0.31
2025,12,0.0,2025_12_CAR_SF,San Francisco 49ers,Colton Dowell,WR,00-0038632,1.0,0.0,0.0,0.0,0.0,0.0,0.0,0.0,0.0,0.0,0.0,0.0,0.0,72.0,39.37,30.46,298.8,150.6,2.874901315409676,1.195865334943682,0.9843478955007255,0.0,0.0,colton dowell,coltondowell,cdowell,San Francisco 49ers,00-0038632,,,,,,,,,,,,,,,,,,,,,,,,,
2025,12,0.0,2025_12_CAR_SF,San Francisco 49ers,Kendrick Bourne,WR,00-0033307,1.0,0.0,0.0,0.0,0.0,0.0,0.0,0.0,0.0,0.0,0.0,0.0,0.0,72.0,39.37,30.46,298.8,150.6,2.874901315409676,1.195865334943682,0.9843478955007255,1.0,1.0,kendrick bourne,kendrickbourne,kbourne,San Francisco 49ers,00-0033307,,,,,,,,,,,,,,,,,,,,,,,,,
2025,12,0.0,2025_12_CAR_SF,San Francisco 49ers,Skyy Moore,WR,00-0038090,1.0,0.0,0.0,0.0,0.0,0.0,0.0,0.0,0.0,0.0,0.0,0.0,0.0,72.0,39.37,30.46,298.8,150.6,2.874901315409676,1.195865334943682,0.9843478955007255,1.0,1.0,skyy moore,skyymoore,smoore,San Francisco 49ers,00-0038090,,,,,,,,,,,,,,,,,,,,,,,,,
2025,12,0.0,2025_12_CLE_LV,Cleveland Browns,Shedeur Sanders,QB,00-0040668,1.0,35.17,184.6,2.05,0.83,0.69,2.1,0.02,0.0,0.0,0.0,0.0,0.0187,64.34,35.55,26.43,199.4,96.6,2.2645093008853574,0.758392313608423,0.8886544274580838,1.0,1.0,shedeur sanders,shedeursanders,ssanders,Cleveland Browns,00-0040668,24.0,209.0,1.0,1.0,0.0,0.0,0.0,0.0,0.0,0.0,0.0,S.Sanders,CLE,team_norm & _alias_init_last,11.170000000000002,-24.400000000000006,1.0499999999999998,-0.17000000000000004,0.69,2.1,0.02,0.0,0.0,0.0,0.0
2025,12,0.0,2025_12_CLE_LV,Cleveland Browns,Quinshon Judkins,RB,00-0040784,1.0,0.0,0.0,0.0,0.0,16.55,52.2,0.56,4.49,3.1,19.9,0.27,0.5638,64.34,35.55,26.43,199.4,96.6,2.2645093008853574,0.758392313608423,0.8886544274580838,1.0,1.0,quinshon judkins,quinshonjudkins,qjudkins,Cleveland Browns,00-0040784,0.0,0.0,0.0,0.0,16.0,47.0,2.0,0.0,0.0,0.0,0.0,Q.Judkins,CLE,team_norm & _alias_init_last,0.0,0.0,0.0,0.0,0.5500000000000007,5.200000000000003,-1.44,4.49,3.1,19.9,0.27
2025,12,0.0,2025_12_CLE_LV,Cleveland Browns,Dylan Sampson,RB,00-0040162,1.0,0.0,0.0,0.0,0.0,9.19,31.2,0.19,2.79,2.08,11.3,0.18,0.3118,64.34,35.55,26.43,199.4,96.6,2.2645093008853574,0.758392313608423,0.8886544274580838,1.0,1.0,dylan sampson,dylansampson,dsampson,Cleveland Browns,00-0040162,0.0,0.0,0.0,0.0,7.0,23.0,0.0,3.0,2.0,59.0,1.0,D.Sampson,CLE,team_norm & _alias_init_last,0.0,0.0,0.0,0.0,2.1899999999999995,8.2,0.19,-0.20999999999999996,0.08000000000000007,-47.7,-0.8200000000000001
2025,12,0.0,2025_12_CLE_LV,Cleveland Browns,Jerome Ford,RB,00-0037267,1.0,0.0,0.0,0.0,0.0,0.0,0.0,0.0,0.0,0.0,0.0,0.0,0.0,64.34,35.55,26.43,199.4,96.6,2.2645093008853574,0.758392313608423,0.8886544274580838,1.0,1.0,jerome ford,jeromeford,jford,Cleveland Browns,00-0037267,0.0,0.0,0.0,0.0,1.0,-3.0,0.0,0.0,0.0,0.0,0.0,J.Ford,CLE,team_norm & _alias_init_last,0.0,0.0,0.0,0.0,-1.0,3.0,0.0,0.0,0.0,0.0,0.0
2025,12,0.0,2025_12_CLE_LV,Cleveland Browns,Harold Fannin Jr.,TE,00-0040663,1.0,0.0,0.0,0.0,0.0,0.0,0.0,0.0,6.46,3.97,28.1,0.37,0.3075,64.34,35.55,26.43,199.4,96.6,2.2645093008853574,0.758392313608423,0.8886544274580838,1.0,1.0,harold fannin jr.,haroldfanninjr,hfannin,Cleveland Browns,00-0040663,0.0,0.0,0.0,0.0,1.0,4.0,0.0,6.0,4.0,40.0,0.0,H.Fannin,CLE,team_norm & _alias_init_last,0.0,0.0,0.0,0.0,-1.0,-4.0,0.0,0.45999999999999996,-0.029999999999999805,-11.899999999999999,0.37
2025,12,0.0,2025_12_CLE_LV,Cleveland Browns,David Njoku,TE,00-0033885,1.0,0.0,0.0,0.0,0.0,0.0,0.0,0.0,3.34,2.08,12.4,0.2,0.1806,64.34,35.55,26.43,199.4,96.6,2.2645093008853574,0.758392313608423,0.8886544274580838,1.0,1.0,david njoku,davidnjoku,dnjoku,Cleveland Browns,00-0033885,,,,,,,,,,,,,,,,,,,,,,,,,
2025,12,0.0,2025_12_CLE_LV,Cleveland Browns,Blake Whiteheart,TE,00-0038710,1.0,0.0,0.0,0.0,0.0,0.0,0.0,0.0,0.0,0.0,0.0,0.0,0.0,64.34,35.55,26.43,199.4,96.6,2.2645093008853574,0.758392313608423,0.8886544274580838,1.0,1.0,blake whiteheart,blakewhiteheart,bwhiteheart,Cleveland Browns,00-0038710,,,,,,,,,,,,,,,,,,,,,,,,,
2025,12,0.0,2025_12_CLE_LV,Cleveland Browns,Brenden Bates,TE,00-0039458,1.0,0.0,0.0,0.0,0.0,0.0,0.0,0.0,0.0,0.0,0.0,0.0,0.0,64.34,35.55,26.43,199.4,96.6,2.2645093008853574,0.758392313608423,0.8886544274580838,1.0,1.0,brenden bates,brendenbates,bbates,Cleveland Browns,00-0039458,,,,,,,,,,,,,,,,,,,,,,,,,
2025,12,0.0,2025_12_CLE_LV,Cleveland Browns,Jerry Jeudy,WR,00-0036407,1.0,0.0,0.0,0.0,0.0,0.0,0.0,0.0,8.19,4.76,38.1,0.48,0.3817,64.34,35.55,26.43,199.4,96.6,2.2645093008853574,0.758392313608423,0.8886544274580838,1.0,1.0,jerry jeudy,jerryjeudy,jjeudy,Cleveland Browns,00-0036407,0.0,0.0,0.0,0.0,0.0,0.0,0.0,4.0,1.0,39.0,0.0,J.Jeudy,CLE,team_norm & _alias_init_last,0.0,0.0,0.0,0.0,0.0,0.0,0.0,4.1899999999999995,3.76,-0.8999999999999986,0.48
2025,12,0.0,2025_12_CLE_LV,Cleveland Browns,Cedric Tillman,WR,00-0038979,1.0,0.0,0.0,0.0,0.0,0.0,0.0,0.0,6.17,3.13,29.1,0.38,0.3129,64.34,35.55,26.43,199.4,96.6,2.2645093008853574,0.758392313608423,0.8886544274580838,1.0,1.0,cedric tillman,cedrictillman,ctillman,Cleveland Browns,00-0038979,0.0,0.0,0.0,0.0,0.0,0.0,0.0,3.0,1.0,5.0,0.0,C.Tillman,CLE,team_norm & _alias_init_last,0.0,0.0,0.0,0.0,0.0,0.0,0.0,3.17,2.13,24.1,0.38
2025,12,0.0,2025_12_CLE_LV,Cleveland Browns,Isaiah Bond,WR,00-0040782,1.0,0.0,0.0,0.0,0.0,0.0,0.0,0.0,4.11,1.97,22.9,0.25,0.2191,64.34,35.55,26.43,199.4,96.6,2.2645093008853574,0.758392313608423,0.8886544274580838,1.0,1.0,isaiah bond,isaiahbond,ibond,Cleveland Browns,00-0040782,0.0,0.0,0.0,0.0,0.0,0.0,0.0,3.0,2.0,58.0,0.0,I.Bond,CLE,team_norm & _alias_init_last,0.0,0.0,0.0,0.0,0.0,0.0,0.0,1.1100000000000003,-0.030000000000000027,-35.1,0.25
2025,12,0.0,2025_12_CLE_LV,Cleveland Browns,Cade McDonald,WR,00-0040615,1.0,0.0,0.0,0.0,0.0,0.0,0.0,0.0,0.0,0.0,0.0,0.0,0.0,64.34,35.55,26.43,199.4,96.6,2.2645093008853574,0.758392313608423,0.8886544274580838,0.0,0.0,cade mcdonald,cademcdonald,cmcdonald,Cleveland Browns,00-0040615,,,,,,,,,,,,,,,,,,,,,,,,,
2025,12,0.0,2025_12_CLE_LV,Cleveland Browns,Chase Cota,WR,00-0038651,1.0,0.0,0.0,0.0,0.0,0.0,0.0,0.0,0.0,0.0,0.0,0.0,0.0,64.34,35.55,26.43,199.4,96.6,2.2645093008853574,0.758392313608423,0.8886544274580838,0.0,0.0,chase cota,chasecota,ccota,Cleveland Browns,00-0038651,,,,,,,,,,,,,,,,,,,,,,,,,
2025,12,0.0,2025_12_CLE_LV,Cleveland Browns,David Bell,WR,00-0037257,1.0,0.0,0.0,0.0,0.0,0.0,0.0,0.0,0.0,0.0,0.0,0.0,0.0,64.34,35.55,26.43,199.4,96.6,2.2645093008853574,0.758392313608423,0.8886544274580838,1.0,1.0,david bell,davidbell,dbell,Cleveland Browns,00-0037257,,,,,,,,,,,,,,,,,,,,,,,,,
2025,12,0.0,2025_12_CLE_LV,Cleveland Browns,Gage Larvadain,WR,00-0040259,1.0,0.0,0.0,0.0,0.0,0.0,0.0,0.0,0.0,0.0,0.0,0.0,0.0,64.34,35.55,26.43,199.4,96.6,2.2645093008853574,0.758392313608423,0.8886544274580838,1.0,1.0,gage larvadain,gagelarvadain,glarvadain,Cleveland Browns,,,,,,,,,,,,,,,,,,,,,,,,,,
2025,12,0.0,2025_12_CLE_LV,Cleveland Browns,Malachi Corley,WR,00-0039920,1.0,0.0,0.0,0.0,0.0,0.0,0.0,0.0,0.0,0.0,0.0,0.0,0.0,64.34,35.55,26.43,199.4,96.6,2.2645093008853574,0.758392313608423,0.8886544274580838,1.0,1.0,malachi corley,malachicorley,mcorley,Cleveland Browns,00-0039920,0.0,0.0,0.0,0.0,1.0,-6.0,0.0,1.0,1.0,8.0,0.0,M.Corley,CLE,team_norm & _alias_init_last,0.0,0.0,0.0,0.0,-1.0,6.0,0.0,-1.0,-1.0,-8.0,0.0
2025,12,0.0,2025_12_CLE_LV,Las Vegas Raiders,Geno Smith,QB,00-0030565,1.0,41.56,232.5,2.06,1.05,3.71,10.4,0.03,0.0,0.0,0.0,0.0,0.0254,70.18,45.06,21.05,252.8,77.0,2.773746054683368,0.1439432083865002,1.126443677185173,1.0,1.0,geno smith,genosmith,gsmith,Las Vegas Raiders,,60.0,285.0,1.0,0.0,1.0,-5.0,0.0,0.0,0.0,0.0,0.0,G.Smith,LV,team_norm & _alias_init_last,-18.439999999999998,-52.5,1.06,1.05,2.71,15.4,0.03,0.0,0.0,0.0,0.0
2025,12,0.0,2025_12_CLE_LV,Las Vegas Raiders,Ashton Jeanty,RB,00-0040122,1.0,0.0,0.0,0.0,0.0,11.15,34.9,0.09,5.68,4.01,22.7,0.35,0.3577,70.18,45.06,21.05,252.8,77.0,2.773746054683368,0.1439432083865002,1.126443677185173,1.0,1.0,ashton jeanty,ashtonjeanty,ajeanty,Las Vegas Raiders,00-0040122,0.0,0.0,0.0,0.0,17.0,50.0,0.0,8.0,8.0,58.0,1.0,A.Jeanty,LV,team_norm & _alias_init_last,0.0,0.0,0.0,0.0,-5.85,-15.100000000000001,0.09,-2.3200000000000003,-3.99,-35.3,-0.65
2025,12,0.0,2025_12_CLE_LV,Las Vegas Raiders,Raheem Mostert,RB,00-0031687,1.0,0.0,0.0,0.0,0.0,6.19,19.7,0.03,3.54,2.52,13.1,0.22,0.2259,70.18,45.06,21.05,252.8,77.0,2.773746054683368,0.1439432083865002,1.126443677185173,1.0,1.0,raheem mostert,raheemmostert,rmostert,Las Vegas Raiders,,0.0,0.0,0.0,0.0,1.0,2.0,0.0,3.0,3.0,18.0,0.0,R.Mostert,LV,team_norm & _alias_init_last,0.0,0.0,0.0,0.0,5.19,17.7,0.03,0.54,-0.48,-4.9,0.22
2025,12,0.0,2025_12_CLE_LV,Las Vegas Raiders,Dylan Laube,RB,00-0039407,1.0,0.0,0.0,0.0,0.0,0.0,0.0,0.0,0.0,0.0,0.0,0.0,0.0,70.18,45.06,21.05,252.8,77.0,2.773746054683368,0.1439432083865002,1.126443677185173,1.0,1.0,dylan laube,dylanlaube,dlaube,Las Vegas Raiders,00-0039407,,,,,,,,,,,,,,,,,,,,,,,,,
2025,12,0.0,2025_12_CLE_LV,Las Vegas Raiders,Brock Bowers,TE,00-0039338,1.0,0.0,0.0,0.0,0.0,0.0,0.0,0.0,8.53,6.0,35.8,0.48,0.3812,70.18,45.06,21.05,252.8,77.0,2.773746054683368,0.1439432083865002,1.126443677185173,1.0,1.0,brock bowers,brockbowers,bbowers,Las Vegas Raiders,00-0039338,0.0,0.0,0.0,0.0,0.0,0.0,0.0,11.0,6.0,55.0,0.0,B.Bowers,LV,team_norm & _alias_init_last,0.0,0.0,0.0,0.0,0.0,0.0,0.0,-2.4700000000000006,0.0,-19.200000000000003,0.48
2025,12,0.0,2025_12_CLE_LV,Las Vegas Raiders,Michael Mayer,TE,00-0039066,1.0,0.0,0.0,0.0,0.0,0.0,0.0,0.0,4.41,2.95,18.6,0.25,0.2242,70.18,45.06,21.05,252.8,77.0,2.773746054683368,0.1439432083865002,1.126443677185173,1.0,1.0,michael mayer,michaelmayer,mmayer,Las Vegas Raiders,00-0039066,0.0,0.0,0.0,0.0,0.0,0.0,0.0,1.0,1.0,14.0,0.0,M.Mayer,LV,team_norm & _alias_init_last,0.0,0.0,0.0,0.0,0.0,0.0,0.0,3.41,1.9500000000000002,4.600000000000001,0.25
2025,12,0.0,2025_12_CLE_LV,Las Vegas Raiders,Carter Runyon,TE,00-0040488,1.0,0.0,0.0,0.0,0.0,0.0,0.0,0.0,0.0,0.0,0.0,0.0,0.0,70.18,45.06,21.05,252.8,77.0,2.773746054683368,0.1439432083865002,1.126443677185173,1.0,1.0,carter runyon,carterrunyon,crunyon,Las Vegas Raiders,00-0040488,,,,,,,,,,,,,,,,,,,,,,,,,
2025,12,0.0,2025_12_CLE_LV,Las Vegas Raiders,Ian Thomas,TE,00-0034365,1.0,0.0,0.0,0.0,0.0,0.0,0.0,0.0,0.0,0.0,0.0,0.0,0.0,70.18,45.06,21.05,252.8,77.0,2.773746054683368,0.1439432083865002,1.126443677185173,1.0,1.0,ian thomas,ianthomas,ithomas,Las Vegas Raiders,00-0034365,0.0,0.0,0.0,0.0,0.0,0.0,0.0,4.0,4.0,36.0,0.0,I.Thomas,LV,team_norm & _alias_init_last,0.0,0.0,0.0,0.0,0.0,0.0,0.0,-4.0,-4.0,-36.0,0.0
2025,12,0.0,2025_12_CLE_LV,Las Vegas Raiders,Tre Tucker,WR,00-0038563,1.0,0.0,0.0,0.0,0.0,0.0,0.0,0.0,10.15,5.61,47.8,0.57,0.4349,70.18,45.06,21.05,252.8,77.0,2.773746054683368,0.1439432083865002,1.126443677185173,1.0,1.0,tre tucker,tretucker,ttucker,Las Vegas Raiders,00-0038563,0.0,0.0,0.0,0.0,0.0,0.0,0.0,11.0,3.0,28.0,0.0,T.Tucker,LV,team_norm & _alias_init_last,0.0,0.0,0.0,0.0,0.0,0.0,0.0,-0.8499999999999996,2.6100000000000003,19.799999999999997,0.57
2025,12,0.0,2025_12_CLE_LV,Las Vegas Raiders,Tyler Lockett,WR,00-0032211,1.0,0.0,0.0,0.0,0.0,0.0,0.0,0.0,7.64,4.58,33.0,0.44,0.3529,70.18,45.06,21.05,252.8,77.0,2.773746054683368,0.1439432083865002,1.126443677185173,1.0,1.0,tyler lockett,tylerlockett,tlockett,Las Vegas Raiders,00-0032211,0.0,0.0,0.0,0.0,0.0,0.0,0.0,6.0,4.0,62.0,0.0,T.Lockett,LV,team_norm & _alias_init_last,0.0,0.0,0.0,0.0,0.0,0.0,0.0,1.6399999999999997,0.5800000000000001,-29.0,0.44
2025,12,0.0,2025_12_CLE_LV,Las Vegas Raiders,Dont'e Thornton Jr.,WR,00-0040581,1.0,0.0,0.0,0.0,0.0,0.0,0.0,0.0,5.1,2.5,30.9,0.3,0.256,70.18,45.06,21.05,252.8,77.0,2.773746054683368,0.1439432083865002,1.126443677185173,1.0,1.0,dont'e thornton jr.,dontethorntonjr,dthornton,Las Vegas Raiders,00-0040581,0.0,0.0,0.0,0.0,0.0,0.0,0.0,2.0,1.0,14.0,0.0,D.Thornton,LV,team_norm & _alias_init_last,0.0,0.0,0.0,0.0,0.0,0.0,0.0,3.0999999999999996,1.5,16.9,0.3
2025,12,0.0,2025_12_CLE_LV,Las Vegas Raiders,Alex Bachman,WR,00-0035602,1.0,0.0,0.0,0.0,0.0,0.0,0.0,0.0,0.0,0.0,0.0,0.0,0.0,70.18,45.06,21.05,252.8,77.0,2.773746054683368,0.1439432083865002,1.126443677185173,1.0,1.0,alex bachman,alexbachman,abachman,Las Vegas Raiders,00-0035602,,,,,,,,,,,,,,,,,,,,,,,,,
2025,12,0.0,2025_12_CLE_LV,Las Vegas Raiders,Amari Cooper,WR,00-0031544,1.0,0.0,0.0,0.0,0.0,0.0,0.0,0.0,0.0,0.0,0.0,0.0,0.0,70.18,45.06,21.05,252.8,77.0,2.773746054683368,0.1439432083865002,1.126443677185173,1.0,1.0,amari cooper,amaricooper,acooper,Las Vegas Raiders,00-0031544,,,,,,,,,,,,,,,,,,,,,,,,,
2025,12,0.0,2025_12_CLE_LV,Las Vegas Raiders,Brenden Rice,WR,00-0039415,1.0,0.0,0.0,0.0,0.0,0.0,0.0,0.0,0.0,0.0,0.0,0.0,0.0,70.18,45.06,21.05,252.8,77.0,2.773746054683368,0.1439432083865002,1.126443677185173,0.0,0.0,brenden rice,brendenrice,brice,Las Vegas Raiders,00-0039415,,,,,,,,,,,,,,,,,,,,,,,,,
2025,12,0.0,2025_12_CLE_LV,Las Vegas Raiders,Jack Bech,WR,00-0040729,1.0,0.0,0.0,0.0,0.0,0.0,0.0,0.0,0.0,0.0,0.0,0.0,0.0,70.18,45.06,21.05,252.8,77.0,2.773746054683368,0.1439432083865002,1.126443677185173,1.0,1.0,jack bech,jackbech,jbech,Las Vegas Raiders,00-0040729,,,,,,,,,,,,,,,,,,,,,,,,,
2025,12,0.0,2025_12_IND_KC,Indianapolis Colts,Daniel Jones,QB,00-0035710,1.0,35.93,227.6,1.12,0.86,10.31,33.8,0.19,0.0,0.0,0.0,0.0,0.1691,72.0,36.82,32.73,260.1,150.6,1.3839049750894106,0.6124465611461647,0.9205438224990268,1.0,1.0,daniel jones,danieljones,djones,Indianapolis Colts,00-0035710,34.0,181.0,2.0,0.0,0.0,0.0,0.0,0.0,0.0,0.0,0.0,D.Jones,IND,team_norm & _alias_init_last,1.9299999999999997,46.599999999999994,-0.8799999999999999,0.86,10.31,33.8,0.19,0.0,0.0,0.0,0.0
2025,12,0.0,2025_12_IND_KC,Indianapolis Colts,Jonathan Taylor,RB,00-0036223,1.0,0.0,0.0,0.0,0.0,14.41,56.4,0.36,4.79,3.24,24.2,0.18,0.4167,72.0,36.82,32.73,260.1,150.6,1.3839049750894106,0.6124465611461647,0.9205438224990268,1.0,1.0,jonathan taylor,jonathantaylor,jtaylor,Indianapolis Colts,00-0036223,0.0,0.0,0.0,0.0,16.0,58.0,0.0,3.0,2.0,8.0,0.0,J.Taylor,IND,team_norm & _alias_init_last,0.0,0.0,0.0,0.0,-1.5899999999999999,-1.6000000000000014,0.36,1.79,1.2400000000000002,16.2,0.18
2025,12,0.0,2025_12_IND_KC,Indianapolis Colts,Ameer Abdullah,RB,00-0032104,1.0,0.0,0.0,0.0,0.0,8.0,33.3,0.12,2.98,2.29,14.7,0.11,0.211,72.0,36.82,32.73,260.1,150.6,1.3839049750894106,0.6124465611461647,0.9205438224990268,1.0,1.0,ameer abdullah,ameerabdullah,aabdullah,Indianapolis Colts,00-0032104,0.0,0.0,0.0,0.0,0.0,0.0,0.0,1.0,0.0,0.0,0.0,A.Abdullah,IND,team_norm & _alias_init_last,0.0,0.0,0.0,0.0,8.0,33.3,0.12,1.98,2.29,14.7,0.11
2025,12,0.0,2025_12_IND_KC,Indianapolis Colts,Tyler Goodson,RB,00-0037120,1.0,0.0,0.0,0.0,0.0,0.0,0.0,0.0,0.0,0.0,0.0,0.0,0.0,72.0,36.82,32.73,260.1,150.6,1.3839049750894106,0.6124465611461647,0.9205438224990268,1.0,1.0,tyler goodson,tylergoodson,tgoodson,Indianapolis Colts,00-0037120,,,,,,,,,,,,,,,,,,,,,,,,,
2025,12,0.0,2025_12_IND_KC,Indianapolis Colts,Tyler Warren,TE,00-0040128,1.0,0.0,0.0,0.0,0.0,0.0,0.0,0.0,6.63,4.13,38.9,0.24,0.2147,72.0,36.82,32.73,260.1,150.6,1.3839049750894106,0.6124465611461647,0.9205438224990268,1.0,1.0,tyler warren,tylerwarren,twarren,Indianapolis Colts,00-0040128,0.0,0.0,0.0,0.0,0.0,0.0,0.0,7.0,5.0,45.0,0.0,T.Warren,IND,team_norm & _alias_init_last,0.0,0.0,0.0,0.0,0.0,0.0,0.0,-0.3700000000000001,-0.8700000000000001,-6.100000000000001,0.24
2025,12,0.0,2025_12_IND_KC,Indianapolis Colts,Mo Alie-Cox,TE,00-0033217,1.0,0.0,0.0,0.0,0.0,0.0,0.0,0.0,3.43,2.12,20.3,0.13,0.1193,72.0,36.82,32.73,260.1,150.6,1.3839049750894106,0.6124465611461647,0.9205438224990268,1.0,1.0,mo alie-cox,moaliecox,maliecox,Indianapolis Colts,00-0033217,0.0,0.0,0.0,0.0,0.0,0.0,0.0,1.0,1.0,9.0,0.0,M.Alie-Cox,IND,team_norm & _alias_init_last,0.0,0.0,0.0,0.0,0.0,0.0,0.0,2.43,1.12,11.3,0.13
2025,12,0.0,2025_12_IND_KC,Indianapolis Colts,Andrew Ogletree,TE,00-0037292,1.0,0.0,0.0,0.0,0.0,0.0,0.0,0.0,0.0,0.0,0.0,0.0,0.0,72.0,36.82,32.73,260.1,150.6,1.3839049750894106,0.6124465611461647,0.9205438224990268,1.0,1.0,andrew ogletree,andrewogletree,aogletree,Indianapolis Colts,00-0037292,0.0,0.0,0.0,0.0,0.0,0.0,0.0,2.0,2.0,8.0,1.0,A.Ogletree,IND,team_norm & _alias_init_last,0.0,0.0,0.0,0.0,0.0,0.0,0.0,-2.0,-2.0,-8.0,-1.0
2025,12,0.0,2025_12_IND_KC,Indianapolis Colts,Michael Pittman Jr.,WR,,1.0,0.0,0.0,0.0,0.0,0.0,0.0,0.0,8.27,5.09,88.2,0.31,0.267,72.0,36.82,32.73,260.1,150.6,1.3839049750894106,0.6124465611461647,0.9205438224990268,0.0,0.0,michael pittman jr.,michaelpittmanjr,mpittman,Indianapolis Colts,00-0036252,0.0,0.0,0.0,0.0,0.0,0.0,0.0,9.0,5.0,27.0,1.0,M.Pittman,IND,team_norm & _alias_init_last,0.0,0.0,0.0,0.0,0.0,0.0,0.0,-0.7300000000000004,0.08999999999999986,61.2,-0.69
2025,12,0.0,2025_12_IND_KC,Indianapolis Colts,Alec Pierce,WR,00-0037664,1.0,0.0,0.0,0.0,0.0,0.0,0.0,0.0,6.22,3.14,34.6,0.21,0.1916,72.0,36.82,32.73,260.1,150.6,1.3839049750894106,0.6124465611461647,0.9205438224990268,1.0,1.0,alec pierce,alecpierce,apierce,Indianapolis Colts,00-0037664,0.0,0.0,0.0,0.0,0.0,0.0,0.0,2.0,1.0,26.0,0.0,A.Pierce,IND,team_norm & _alias_init_last,0.0,0.0,0.0,0.0,0.0,0.0,0.0,4.22,2.14,8.600000000000001,0.21
2025,12,0.0,2025_12_IND_KC,Indianapolis Colts,Josh Downs,WR,00-0038997,1.0,0.0,0.0,0.0,0.0,0.0,0.0,0.0,4.15,2.6,21.2,0.15,0.1364,72.0,36.82,32.73,260.1,150.6,1.3839049750894106,0.6124465611461647,0.9205438224990268,1.0,1.0,josh downs,joshdowns,jdowns,Indianapolis Colts,00-0038997,0.0,0.0,0.0,0.0,0.0,0.0,0.0,6.0,2.0,10.0,0.0,J.Downs,IND,team_norm & _alias_init_last,0.0,0.0,0.0,0.0,0.0,0.0,0.0,-1.8499999999999996,0.6000000000000001,11.2,0.15
2025,12,0.0,2025_12_IND_KC,Indianapolis Colts,Ajou Ajou,WR,00-0039957,1.0,0.0,0.0,0.0,0.0,0.0,0.0,0.0,0.0,0.0,0.0,0.0,0.0,72.0,36.82,32.73,260.1,150.6,1.3839049750894106,0.6124465611461647,0.9205438224990268,0.0,0.0,ajou ajou,ajouajou,aajou,Indianapolis Colts,00-0039957,,,,,,,,,,,,,,,,,,,,,,,,,
2025,12,0.0,2025_12_IND_KC,Indianapolis Colts,Anthony Gould,WR,00-0039816,1.0,0.0,0.0,0.0,0.0,0.0,0.0,0.0,0.0,0.0,0.0,0.0,0.0,72.0,36.82,32.73,260.1,150.6,1.3839049750894106,0.6124465611461647,0.9205438224990268,1.0,1.0,anthony gould,anthonygould,agould,Indianapolis Colts,00-0039816,,,,,,,,,,,,,,,,,,,,,,,,,
2025,12,0.0,2025_12_IND_KC,Indianapolis Colts,Ashton Dulin,WR,00-0035021,1.0,0.0,0.0,0.0,0.0,0.0,0.0,0.0,0.0,0.0,0.0,0.0,0.0,72.0,36.82,32.73,260.1,150.6,1.3839049750894106,0.6124465611461647,0.9205438224990268,1.0,1.0,ashton dulin,ashtondulin,adulin,Indianapolis Colts,00-0035021,0.0,0.0,0.0,0.0,0.0,0.0,0.0,1.0,1.0,48.0,0.0,A.Dulin,IND,team_norm & _alias_init_last,0.0,0.0,0.0,0.0,0.0,0.0,0.0,-1.0,-1.0,-48.0,0.0
2025,12,0.0,2025_12_IND_KC,Indianapolis Colts,Laquon Treadwell,WR,00-0032951,1.0,0.0,0.0,0.0,0.0,0.0,0.0,0.0,0.0,0.0,0.0,0.0,0.0,72.0,36.82,32.73,260.1,150.6,1.3839049750894106,0.6124465611461647,0.9205438224990268,1.0,1.0,laquon treadwell,laquontreadwell,ltreadwell,Indianapolis Colts,00-0032951,,,,,,,,,,,,,,,,,,,,,,,,,
2025,12,0.0,2025_12_IND_KC,Kansas City Chiefs,Patrick Mahomes,QB,00-0033873,1.0,43.72,282.9,2.47,1.1,4.26,15.6,0.11,0.0,0.0,0.0,0.0,0.1029,72.0,47.34,21.6,334.3,99.4,3.214103614548562,0.5346753861211098,1.183557875598086,1.0,1.0,patrick mahomes,patrickmahomes,pmahomes,Kansas City Chiefs,00-0033873,59.0,352.0,0.0,1.0,0.0,0.0,0.0,0.0,0.0,0.0,0.0,P.Mahomes,KC,team_norm & _alias_init_last,-15.280000000000001,-69.10000000000002,2.47,0.10000000000000009,4.26,15.6,0.11,0.0,0.0,0.0,0.0
2025,12,0.0,2025_12_IND_KC,Kansas City Chiefs,Isiah Pacheco,RB,00-0037197,1.0,0.0,0.0,0.0,0.0,11.22,42.8,0.34,5.79,4.37,27.1,0.4,0.5221,72.0,47.34,21.6,334.3,99.4,3.214103614548562,0.5346753861211098,1.183557875598086,0.0,0.0,isiah pacheco,isiahpacheco,ipacheco,Kansas City Chiefs,00-0037197,,,,,,,,,,,,,,,,,,,,,,,,,
2025,12,0.0,2025_12_IND_KC,Kansas City Chiefs,Kareem Hunt,RB,00-0033923,1.0,0.0,0.0,0.0,0.0,6.11,23.6,0.13,3.6,2.45,16.3,0.26,0.3199,72.0,47.34,21.6,334.3,99.4,3.214103614548562,0.5346753861211098,1.183557875598086,1.0,1.0,kareem hunt,kareemhunt,khunt,Kansas City Chiefs,00-0033923,0.0,0.0,0.0,0.0,30.0,104.0,1.0,4.0,3.0,26.0,0.0,K.Hunt,KC,team_norm & _alias_init_last,0.0,0.0,0.0,0.0,-23.89,-80.4,-0.87,-0.3999999999999999,-0.5499999999999998,-9.7,0.26
2025,12,0.0,2025_12_IND_KC,Kansas City Chiefs,Brashard Smith,RB,00-0040078,1.0,0.0,0.0,0.0,0.0,0.0,0.0,0.0,0.0,0.0,0.0,0.0,0.0,72.0,47.34,21.6,334.3,99.4,3.214103614548562,0.5346753861211098,1.183557875598086,1.0,1.0,brashard smith,brashardsmith,bsmith,Kansas City Chiefs,00-0040078,0.0,0.0,0.0,0.0,1.0,5.0,0.0,4.0,3.0,31.0,0.0,B.Smith,KC,team_norm & _alias_init_last,0.0,0.0,0.0,0.0,-1.0,-5.0,0.0,-4.0,-3.0,-31.0,0.0
2025,12,0.0,2025_12_IND_KC,Kansas City Chiefs,Clyde Edwards-Helaire,RB,00-0036360,1.0,0.0,0.0,0.0,0.0,0.0,0.0,0.0,0.0,0.0,0.0,0.0,0.0,72.0,47.34,21.6,334.3,99.4,3.214103614548562,0.5346753861211098,1.183557875598086,1.0,1.0,clyde edwards-helaire,clydeedwardshelaire,cedwardshelaire,Kansas City Chiefs,00-0036360,0.0,0.0,0.0,0.0,5.0,8.0,0.0,2.0,2.0,9.0,0.0,C.Edwards-Helaire,KC,team_norm & _alias_init_last,0.0,0.0,0.0,0.0,-5.0,-8.0,0.0,-2.0,-2.0,-9.0,0.0
2025,12,0.0,2025_12_IND_KC,Kansas City Chiefs,Travis Kelce,TE,00-0030506,1.0,0.0,0.0,0.0,0.0,0.0,0.0,0.0,8.99,6.13,45.5,0.57,0.4346,72.0,47.34,21.6,334.3,99.4,3.214103614548562,0.5346753861211098,1.183557875598086,1.0,1.0,travis kelce,traviskelce,tkelce,Kansas City Chiefs,00-0030506,0.0,0.0,0.0,0.0,1.0,1.0,0.0,6.0,4.0,43.0,0.0,T.Kelce,KC,team_norm & _alias_init_last,0.0,0.0,0.0,0.0,-1.0,-1.0,0.0,2.99,2.13,2.5,0.57
2025,12,0.0,2025_12_IND_KC,Kansas City Chiefs,Noah Gray,TE,00-0036637,1.0,0.0,0.0,0.0,0.0,0.0,0.0,0.0,4.65,3.11,24.3,0.28,0.2473,72.0,47.34,21.6,334.3,99.4,3.214103614548562,0.5346753861211098,1.183557875598086,1.0,1.0,noah gray,noahgray,ngray,Kansas City Chiefs,00-0036637,0.0,0.0,0.0,0.0,0.0,0.0,0.0,4.0,3.0,25.0,0.0,N.Gray,KC,team_norm & _alias_init_last,0.0,0.0,0.0,0.0,0.0,0.0,0.0,0.6500000000000004,0.10999999999999988,-0.6999999999999993,0.28
2025,12,0.0,2025_12_IND_KC,Kansas City Chiefs,Geor'Quarius Spivey,TE,00-0039941,1.0,0.0,0.0,0.0,0.0,0.0,0.0,0.0,0.0,0.0,0.0,0.0,0.0,72.0,47.34,21.6,334.3,99.4,3.214103614548562,0.5346753861211098,1.183557875598086,0.0,0.0,geor'quarius spivey,georquariusspivey,gspivey,Kansas City Chiefs,00-0039941,,,,,,,,,,,,,,,,,,,,,,,,,
2025,12,0.0,2025_12_IND_KC,Kansas City Chiefs,Jared Wiley,TE,00-0039824,1.0,0.0,0.0,0.0,0.0,0.0,0.0,0.0,0.0,0.0,0.0,0.0,0.0,72.0,47.34,21.6,334.3,99.4,3.214103614548562,0.5346753861211098,1.183557875598086,0.0,0.0,jared wiley,jaredwiley,jwiley,Kansas City Chiefs,00-0039824,,,,,,,,,,,,,,,,,,,,,,,,,
2025,12,0.0,2025_12_IND_KC,Kansas City Chiefs,Robert Tonyan,TE,00-0033757,1.0,0.0,0.0,0.0,0.0,0.0,0.0,0.0,0.0,0.0,0.0,0.0,0.0,72.0,47.34,21.6,334.3,99.4,3.214103614548562,0.5346753861211098,1.183557875598086,1.0,1.0,robert tonyan,roberttonyan,rtonyan,Kansas City Chiefs,00-0033757,0.0,0.0,0.0,0.0,0.0,0.0,0.0,1.0,0.0,0.0,0.0,R.Tonyan,KC,team_norm & _alias_init_last,0.0,0.0,0.0,0.0,0.0,0.0,0.0,-1.0,0.0,0.0,0.0
2025,12,0.0,2025_12_IND_KC,Kansas City Chiefs,Rashee Rice,WR,00-0039067,1.0,0.0,0.0,0.0,0.0,0.0,0.0,0.0,10.78,7.74,62.5,0.73,0.5183,72.0,47.34,21.6,334.3,99.4,3.214103614548562,0.5346753861211098,1.183557875598086,1.0,1.0,rashee rice,rasheerice,rrice,Kansas City Chiefs,00-0039067,0.0,0.0,0.0,0.0,0.0,0.0,0.0,13.0,8.0,141.0,0.0,R.Rice,KC,team_norm & _alias_init_last,0.0,0.0,0.0,0.0,0.0,0.0,0.0,-2.2200000000000006,-0.2599999999999998,-78.5,0.73
2025,12,0.0,2025_12_IND_KC,Kansas City Chiefs,Xavier Worthy,WR,00-0039894,1.0,0.0,0.0,0.0,0.0,0.0,0.0,0.0,8.12,4.95,47.0,0.53,0.4138,72.0,47.34,21.6,334.3,99.4,3.214103614548562,0.5346753861211098,1.183557875598086,1.0,1.0,xavier worthy,xavierworthy,xworthy,Kansas City Chiefs,00-0039894,0.0,0.0,0.0,0.0,0.0,0.0,0.0,8.0,4.0,59.0,0.0,X.Worthy,KC,team_norm & _alias_init_last,0.0,0.0,0.0,0.0,0.0,0.0,0.0,0.11999999999999922,0.9500000000000002,-12.0,0.53
2025,12,0.0,2025_12_IND_KC,Kansas City Chiefs,JuJu Smith-Schuster,WR,00-0033857,1.0,0.0,0.0,0.0,0.0,0.0,0.0,0.0,5.41,3.63,28.3,0.36,0.2998,72.0,47.34,21.6,334.3,99.4,3.214103614548562,0.5346753861211098,1.183557875598086,1.0,1.0,juju smith-schuster,jujusmithschuster,jsmithschuster,Kansas City Chiefs,00-0033857,0.0,0.0,0.0,0.0,0.0,0.0,0.0,2.0,1.0,8.0,0.0,J.Smith-Schuster,KC,team_norm & _alias_init_last,0.0,0.0,0.0,0.0,0.0,0.0,0.0,3.41,2.63,20.3,0.36
2025,12,0.0,2025_12_IND_KC,Kansas City Chiefs,Elijhah Badger,WR,00-0040080,1.0,0.0,0.0,0.0,0.0,0.0,0.0,0.0,0.0,0.0,0.0,0.0,0.0,72.0,47.34,21.6,334.3,99.4,3.214103614548562,0.5346753861211098,1.183557875598086,0.0,0.0,elijhah badger,elijhahbadger,ebadger,Kansas City Chiefs,00-0040080,,,,,,,,,,,,,,,,,,,,,,,,,
2025,12,0.0,2025_12_IND_KC,Kansas City Chiefs,Jalen Royals,WR,00-0040646,1.0,0.0,0.0,0.0,0.0,0.0,0.0,0.0,0.0,0.0,0.0,0.0,0.0,72.0,47.34,21.6,334.3,99.4,3.214103614548562,0.5346753861211098,1.183557875598086,0.0,0.0,jalen royals,jalenroyals,jroyals,Kansas City Chiefs,00-0040646,,,,,,,,,,,,,,,,,,,,,,,,,
2025,12,0.0,2025_12_IND_KC,Kansas City Chiefs,Marquise Brown,WR,00-0035662,1.0,0.0,0.0,0.0,0.0,0.0,0.0,0.0,0.0,0.0,0.0,0.0,0.0,72.0,47.34,21.6,334.3,99.4,3.214103614548562,0.5346753861211098,1.183557875598086,1.0,1.0,marquise brown,marquisebrown,mbrown,Kansas City Chiefs,00-0035662,0.0,0.0,0.0,0.0,0.0,0.0,0.0,2.0,1.0,10.0,0.0,M.Brown,KC,team_norm & _alias_init_last,0.0,0.0,0.0,0.0,0.0,0.0,0.0,-2.0,-1.0,-10.0,0.0
2025,12,0.0,2025_12_IND_KC,Kansas City Chiefs,Nikko Remigio,WR,00-0038519,1.0,0.0,0.0,0.0,0.0,0.0,0.0,0.0,0.0,0.0,0.0,0.0,0.0,72.0,47.34,21.6,334.3,99.4,3.214103614548562,0.5346753861211098,1.183557875598086,1.0,1.0,nikko remigio,nikkoremigio,nremigio,Kansas City Chiefs,00-0038519,,,,,,,,,,,,,,,,,,,,,,,,,
2025,12,0.0,2025_12_IND_KC,Kansas City Chiefs,Tyquan Thornton,WR,00-0038104,1.0,0.0,0.0,0.0,0.0,0.0,0.0,0.0,0.0,0.0,0.0,0.0,0.0,72.0,47.34,21.6,334.3,99.4,3.214103614548562,0.5346753861211098,1.183557875598086,1.0,1.0,tyquan thornton,tyquanthornton,tthornton,Kansas City Chiefs,00-0038104,0.0,0.0,0.0,0.0,0.0,0.0,0.0,1.0,0.0,0.0,0.0,T.Thornton,KC,team_norm & _alias_init_last,0.0,0.0,0.0,0.0,0.0,0.0,0.0,-1.0,0.0,0.0,0.0
2025,12,0.0,2025_12_JAX_ARI,Arizona Cardinals,Jacoby Brissett,QB,00-0033119,1.0,38.28,261.7,1.82,1.11,2.77,10.3,0.05,0.0,0.0,0.0,0.0,0.0523,72.0,47.38,21.6,359.6,106.8,2.64792198282455,0.4046336317468562,1.1844031850848145,1.0,1.0,jacoby brissett,jacobybrissett,jbrissett,Arizona Cardinals,00-0033119,64.0,317.0,1.0,0.0,0.0,0.0,0.0,0.0,0.0,0.0,0.0,J.Brissett,ARI,team_norm & _alias_init_last,-25.72,-55.30000000000001,0.8200000000000001,1.11,2.77,10.3,0.05,0.0,0.0,0.0,0.0
2025,12,0.0,2025_12_JAX_ARI,Arizona Cardinals,Bam Knight,RB,00-0037157,1.0,0.0,0.0,0.0,0.0,12.1,52.5,0.27,5.79,4.29,35.7,0.33,0.4521,72.0,47.38,21.6,359.6,106.8,2.64792198282455,0.4046336317468562,1.1844031850848145,1.0,1.0,bam knight,bamknight,bknight,Arizona Cardinals,,,,,,,,,,,,,,,,,,,,,,,,,,
2025,12,0.0,2025_12_JAX_ARI,Arizona Cardinals,Emari Demercado,RB,00-0038705,1.0,0.0,0.0,0.0,0.0,6.72,29.9,0.09,3.6,2.54,20.8,0.2,0.2529,72.0,47.38,21.6,359.6,106.8,2.64792198282455,0.4046336317468562,1.1844031850848145,0.0,0.0,emari demercado,emaridemercado,edemercado,Arizona Cardinals,00-0038705,,,,,,,,,,,,,,,,,,,,,,,,,
2025,12,0.0,2025_12_JAX_ARI,Arizona Cardinals,Jermar Jefferson,RB,00-0036670,1.0,0.0,0.0,0.0,0.0,0.0,0.0,0.0,0.0,0.0,0.0,0.0,0.0,72.0,47.38,21.6,359.6,106.8,2.64792198282455,0.4046336317468562,1.1844031850848145,1.0,1.0,jermar jefferson,jermarjefferson,jjefferson,Arizona Cardinals,00-0036670,0.0,0.0,0.0,0.0,0.0,0.0,0.0,6.0,4.0,48.0,0.0,J.Jefferson,MIN,_alias_init_last,0.0,0.0,0.0,0.0,0.0,0.0,0.0,-6.0,-4.0,-48.0,0.0
2025,12,0.0,2025_12_JAX_ARI,Arizona Cardinals,Michael Carter,RB,00-0036924,1.0,0.0,0.0,0.0,0.0,0.0,0.0,0.0,0.0,0.0,0.0,0.0,0.0,72.0,47.38,21.6,359.6,106.8,2.64792198282455,0.4046336317468562,1.1844031850848145,1.0,1.0,michael carter,michaelcarter,mcarter,Arizona Cardinals,00-0036924,0.0,0.0,0.0,0.0,6.0,28.0,0.0,3.0,3.0,30.0,0.0,M.Carter,ARI,team_norm & _alias_init_last,0.0,0.0,0.0,0.0,-6.0,-28.0,0.0,-3.0,-3.0,-30.0,0.0
2025,12,0.0,2025_12_JAX_ARI,Arizona Cardinals,Trey McBride,TE,00-0037744,1.0,0.0,0.0,0.0,0.0,0.0,0.0,0.0,9.05,6.45,50.2,0.46,0.3689,72.0,47.38,21.6,359.6,106.8,2.64792198282455,0.4046336317468562,1.1844031850848145,1.0,1.0,trey mcbride,treymcbride,tmcbride,Arizona Cardinals,00-0037744,0.0,0.0,0.0,0.0,0.0,0.0,0.0,11.0,9.0,79.0,0.0,T.McBride,ARI,team_norm & _alias_init_last,0.0,0.0,0.0,0.0,0.0,0.0,0.0,-1.9499999999999993,-2.55,-28.799999999999997,0.46
2025,12,0.0,2025_12_JAX_ARI,Arizona Cardinals,Elijah Higgins,TE,00-0039041,1.0,0.0,0.0,0.0,0.0,0.0,0.0,0.0,4.68,3.39,28.5,0.24,0.2134,72.0,47.38,21.6,359.6,106.8,2.64792198282455,0.4046336317468562,1.1844031850848145,1.0,1.0,elijah higgins,elijahhiggins,ehiggins,Arizona Cardinals,00-0039041,,,,,,,,,,,,,,,,,,,,,,,,,
2025,12,0.0,2025_12_JAX_ARI,Arizona Cardinals,Josiah Deguara,TE,00-0036332,1.0,0.0,0.0,0.0,0.0,0.0,0.0,0.0,0.0,0.0,0.0,0.0,0.0,72.0,47.38,21.6,359.6,106.8,2.64792198282455,0.4046336317468562,1.1844031850848145,1.0,1.0,josiah deguara,josiahdeguara,jdeguara,Arizona Cardinals,00-0036332,0.0,0.0,0.0,0.0,0.0,0.0,0.0,1.0,1.0,6.0,0.0,J.Deguara,ARI,team_norm & _alias_init_last,0.0,0.0,0.0,0.0,0.0,0.0,0.0,-1.0,-1.0,-6.0,0.0
2025,12,0.0,2025_12_JAX_ARI,Arizona Cardinals,Oscar Cardenas,TE,00-0040381,1.0,0.0,0.0,0.0,0.0,0.0,0.0,0.0,0.0,0.0,0.0,0.0,0.0,72.0,47.38,21.6,359.6,106.8,2.64792198282455,0.4046336317468562,1.1844031850848145,0.0,0.0,oscar cardenas,oscarcardenas,ocardenas,Arizona Cardinals,00-0040381,,,,,,,,,,,,,,,,,,,,,,,,,
2025,12,0.0,2025_12_JAX_ARI,Arizona Cardinals,Pharaoh Brown,TE,00-0033439,1.0,0.0,0.0,0.0,0.0,0.0,0.0,0.0,0.0,0.0,0.0,0.0,0.0,72.0,47.38,21.6,359.6,106.8,2.64792198282455,0.4046336317468562,1.1844031850848145,1.0,1.0,pharaoh brown,pharaohbrown,pbrown,Arizona Cardinals,00-0033439,,,,,,,,,,,,,,,,,,,,,,,,,
2025,12,0.0,2025_12_JAX_ARI,Arizona Cardinals,Marvin Harrison Jr.,WR,00-0039849,1.0,0.0,0.0,0.0,0.0,0.0,0.0,0.0,10.75,5.44,66.0,0.57,0.433,72.0,47.38,21.6,359.6,106.8,2.64792198282455,0.4046336317468562,1.1844031850848145,0.0,0.0,marvin harrison jr.,marvinharrisonjr,mharrison,Arizona Cardinals,00-0039849,,,,,,,,,,,,,,,,,,,,,,,,,
2025,12,0.0,2025_12_JAX_ARI,Arizona Cardinals,Michael Wilson,WR,00-0038559,1.0,0.0,0.0,0.0,0.0,0.0,0.0,0.0,8.1,4.58,57.0,0.45,0.3597,72.0,47.38,21.6,359.6,106.8,2.64792198282455,0.4046336317468562,1.1844031850848145,1.0,1.0,michael wilson,michaelwilson,mwilson,Arizona Cardinals,00-0035144,0.0,0.0,0.0,0.0,0.0,0.0,0.0,11.0,6.0,75.0,0.0,M.Wilson,ARI,team_norm & _alias_init_last,0.0,0.0,0.0,0.0,0.0,0.0,0.0,-2.9000000000000004,-1.42,-18.0,0.45
2025,12,0.0,2025_12_JAX_ARI,Arizona Cardinals,Greg Dortch,WR,00-0035500,1.0,0.0,0.0,0.0,0.0,0.0,0.0,0.0,5.4,3.87,31.8,0.29,0.2481,72.0,47.38,21.6,359.6,106.8,2.64792198282455,0.4046336317468562,1.1844031850848145,1.0,1.0,greg dortch,gregdortch,gdortch,Arizona Cardinals,00-0035500,0.0,0.0,0.0,0.0,2.0,-5.0,0.0,10.0,6.0,53.0,1.0,G.Dortch,ARI,team_norm & _alias_init_last,0.0,0.0,0.0,0.0,-2.0,5.0,0.0,-4.6,-2.13,-21.2,-0.71
2025,12,0.0,2025_12_JAX_ARI,Arizona Cardinals,Andre Baccellia,WR,00-0035876,1.0,0.0,0.0,0.0,0.0,0.0,0.0,0.0,0.0,0.0,0.0,0.0,0.0,72.0,47.38,21.6,359.6,106.8,2.64792198282455,0.4046336317468562,1.1844031850848145,1.0,1.0,andre baccellia,andrebaccellia,abaccellia,Arizona Cardinals,00-0035876,,,,,,,,,,,,,,,,,,,,,,,,,
2025,12,0.0,2025_12_JAX_ARI,Arizona Cardinals,Bryson Green,WR,00-0040383,1.0,0.0,0.0,0.0,0.0,0.0,0.0,0.0,0.0,0.0,0.0,0.0,0.0,72.0,47.38,21.6,359.6,106.8,2.64792198282455,0.4046336317468562,1.1844031850848145,0.0,0.0,bryson green,brysongreen,bgreen,Arizona Cardinals,00-0040383,,,,,,,,,,,,,,,,,,,,,,,,,
2025,12,0.0,2025_12_JAX_ARI,Arizona Cardinals,Xavier Weaver,WR,00-0039521,1.0,0.0,0.0,0.0,0.0,0.0,0.0,0.0,0.0,0.0,0.0,0.0,0.0,72.0,47.38,21.6,359.6,106.8,2.64792198282455,0.4046336317468562,1.1844031850848145,1.0,1.0,xavier weaver,xavierweaver,xweaver,Arizona Cardinals,00-0039521,0.0,0.0,0.0,0.0,0.0,0.0,0.0,4.0,1.0,9.0,0.0,X.Weaver,ARI,team_norm & _alias_init_last,0.0,0.0,0.0,0.0,0.0,0.0,0.0,-4.0,-1.0,-9.0,0.0
2025,12,0.0,2025_12_JAX_ARI,Jacksonville Jaguars,Trevor Lawrence,QB,00-0036971,1.0,31.66,178.2,1.42,0.71,6.0,16.0,0.3,0.0,0.0,0.0,0.0,0.2566,72.0,30.43,39.6,170.7,144.7,1.8022931987484792,1.7064135407566066,0.7606443386699931,1.0,1.0,trevor lawrence,trevorlawrence,tlawrence,Jacksonville Jaguars,00-0036971,36.0,256.0,3.0,3.0,2.0,7.0,0.0,0.0,0.0,0.0,0.0,T.Lawrence,JAX,team_norm & _alias_init_last,-4.34,-77.80000000000001,-1.58,-2.29,4.0,9.0,0.3,0.0,0.0,0.0,0.0
2025,12,0.0,2025_12_JAX_ARI,Jacksonville Jaguars,Travis Etienne Jr.,RB,,1.0,0.0,0.0,0.0,0.0,21.6,89.4,1.08,3.88,2.66,21.4,0.23,0.7296,72.0,30.43,39.6,170.7,144.7,1.8022931987484792,1.7064135407566066,0.7606443386699931,0.0,0.0,travis etienne jr.,travisetiennejr,tetienne,Jacksonville Jaguars,00-0036973,0.0,0.0,0.0,0.0,15.0,86.0,0.0,4.0,3.0,30.0,1.0,T.Etienne,JAX,team_norm & _alias_init_last,0.0,0.0,0.0,0.0,6.600000000000001,3.4000000000000057,1.08,-0.1200000000000001,-0.33999999999999986,-8.600000000000001,-0.77
2025,12,0.0,2025_12_JAX_ARI,Jacksonville Jaguars,Bhayshul Tuten,RB,00-0040719,1.0,0.0,0.0,0.0,0.0,12.0,38.3,0.43,2.42,1.7,11.8,0.14,0.4385,72.0,30.43,39.6,170.7,144.7,1.8022931987484792,1.7064135407566066,0.7606443386699931,1.0,1.0,bhayshul tuten,bhayshultuten,btuten,Jacksonville Jaguars,00-0040719,0.0,0.0,0.0,0.0,7.0,17.0,0.0,1.0,0.0,0.0,0.0,B.Tuten,JAX,team_norm & _alias_init_last,0.0,0.0,0.0,0.0,5.0,21.299999999999997,0.43,1.42,1.7,11.8,0.14
2025,12,0.0,2025_12_JAX_ARI,Jacksonville Jaguars,LeQuint Allen Jr.,RB,00-0040238,1.0,0.0,0.0,0.0,0.0,0.0,0.0,0.0,0.0,0.0,0.0,0.0,0.0,72.0,30.43,39.6,170.7,144.7,1.8022931987484792,1.7064135407566066,0.7606443386699931,1.0,1.0,lequint allen jr.,lequintallenjr,lallen,Jacksonville Jaguars,00-0040238,0.0,0.0,0.0,0.0,1.0,2.0,0.0,0.0,0.0,0.0,0.0,L.Allen,JAX,team_norm & _alias_init_last,0.0,0.0,0.0,0.0,-1.0,-2.0,0.0,0.0,0.0,0.0,0.0
2025,12,0.0,2025_12_JAX_ARI,Jacksonville Jaguars,Brenton Strange,TE,00-0038935,1.0,0.0,0.0,0.0,0.0,0.0,0.0,0.0,5.75,3.84,25.6,0.32,0.2737,72.0,30.43,39.6,170.7,144.7,1.8022931987484792,1.7064135407566066,0.7606443386699931,1.0,1.0,brenton strange,brentonstrange,bstrange,Jacksonville Jaguars,00-0038935,0.0,0.0,0.0,0.0,0.0,0.0,0.0,5.0,5.0,93.0,0.0,B.Strange,JAX,team_norm & _alias_init_last,0.0,0.0,0.0,0.0,0.0,0.0,0.0,0.75,-1.1600000000000001,-67.4,0.32
2025,12,0.0,2025_12_JAX_ARI,Jacksonville Jaguars,Hunter Long,TE,00-0037004,1.0,0.0,0.0,0.0,0.0,0.0,0.0,0.0,2.97,1.86,15.1,0.17,0.1542,72.0,30.43,39.6,170.7,144.7,1.8022931987484792,1.7064135407566066,0.7606443386699931,0.0,0.0,hunter long,hunterlong,hlong,Jacksonville Jaguars,00-0037004,,,,,,,,,,,,,,,,,,,,,,,,,
2025,12,0.0,2025_12_JAX_ARI,Jacksonville Jaguars,John Copenhaver,TE,00-0040327,1.0,0.0,0.0,0.0,0.0,0.0,0.0,0.0,0.0,0.0,0.0,0.0,0.0,72.0,30.43,39.6,170.7,144.7,1.8022931987484792,1.7064135407566066,0.7606443386699931,0.0,0.0,john copenhaver,johncopenhaver,jcopenhaver,Jacksonville Jaguars,00-0040327,,,,,,,,,,,,,,,,,,,,,,,,,
2025,12,0.0,2025_12_JAX_ARI,Jacksonville Jaguars,Johnny Mundt,TE,00-0033246,1.0,0.0,0.0,0.0,0.0,0.0,0.0,0.0,0.0,0.0,0.0,0.0,0.0,72.0,30.43,39.6,170.7,144.7,1.8022931987484792,1.7064135407566066,0.7606443386699931,1.0,1.0,johnny mundt,johnnymundt,jmundt,Jacksonville Jaguars,00-0033246,0.0,0.0,0.0,0.0,0.0,0.0,0.0,2.0,1.0,12.0,0.0,J.Mundt,JAX,team_norm & _alias_init_last,0.0,0.0,0.0,0.0,0.0,0.0,0.0,-2.0,-1.0,-12.0,0.0
2025,12,0.0,2025_12_JAX_ARI,Jacksonville Jaguars,Quintin Morris,TE,00-0036590,1.0,0.0,0.0,0.0,0.0,0.0,0.0,0.0,0.0,0.0,0.0,0.0,0.0,72.0,30.43,39.6,170.7,144.7,1.8022931987484792,1.7064135407566066,0.7606443386699931,1.0,1.0,quintin morris,quintinmorris,qmorris,Jacksonville Jaguars,00-0036590,0.0,0.0,0.0,0.0,0.0,0.0,0.0,1.0,0.0,0.0,0.0,Q.Morris,JAX,team_norm & _alias_init_last,0.0,0.0,0.0,0.0,0.0,0.0,0.0,-1.0,0.0,0.0,0.0
2025,12,0.0,2025_12_JAX_ARI,Jacksonville Jaguars,Brian Thomas Jr.,WR,00-0039893,1.0,0.0,0.0,0.0,0.0,0.0,0.0,0.0,6.76,3.77,30.8,0.37,0.31,72.0,30.43,39.6,170.7,144.7,1.8022931987484792,1.7064135407566066,0.7606443386699931,0.0,0.0,brian thomas jr.,brianthomasjr,bthomas,Jacksonville Jaguars,00-0039893,,,,,,,,,,,,,,,,,,,,,,,,,
2025,12,0.0,2025_12_JAX_ARI,Jacksonville Jaguars,Jakobi Meyers,WR,00-0034960,1.0,0.0,0.0,0.0,0.0,0.0,0.0,0.0,5.09,3.27,22.1,0.28,0.2475,72.0,30.43,39.6,170.7,144.7,1.8022931987484792,1.7064135407566066,0.7606443386699931,1.0,1.0,jakobi meyers,jakobimeyers,jmeyers,Jacksonville Jaguars,00-0034960,0.0,0.0,0.0,0.0,0.0,0.0,0.0,6.0,4.0,50.0,1.0,J.Meyers,JAX,team_norm & _alias_init_last,0.0,0.0,0.0,0.0,0.0,0.0,0.0,-0.9100000000000001,-0.73,-27.9,-0.72
2025,12,0.0,2025_12_JAX_ARI,Jacksonville Jaguars,Parker Washington,WR,00-0038606,1.0,0.0,0.0,0.0,0.0,0.0,0.0,0.0,3.39,2.07,15.5,0.2,0.1781,72.0,30.43,39.6,170.7,144.7,1.8022931987484792,1.7064135407566066,0.7606443386699931,1.0,1.0,parker washington,parkerwashington,pwashington,Jacksonville Jaguars,,0.0,0.0,0.0,0.0,0.0,0.0,0.0,7.0,5.0,71.0,1.0,P.Washington,JAX,team_norm & _alias_init_last,0.0,0.0,0.0,0.0,0.0,0.0,0.0,-3.61,-2.93,-55.5,-0.8
2025,12,0.0,2025_12_JAX_ARI,Jacksonville Jaguars,Austin Trammell,WR,00-0036841,1.0,0.0,0.0,0.0,0.0,0.0,0.0,0.0,0.0,0.0,0.0,0.0,0.0,72.0,30.43,39.6,170.7,144.7,1.8022931987484792,1.7064135407566066,0.7606443386699931,1.0,1.0,austin trammell,austintrammell,atrammell,Jacksonville Jaguars,00-0036841,0.0,0.0,0.0,0.0,0.0,0.0,0.0,1.0,0.0,0.0,0.0,A.Trammell,JAX,team_norm & _alias_init_last,0.0,0.0,0.0,0.0,0.0,0.0,0.0,-1.0,0.0,0.0,0.0
2025,12,0.0,2025_12_JAX_ARI,Jacksonville Jaguars,Cam Camper,WR,00-0040324,1.0,0.0,0.0,0.0,0.0,0.0,0.0,0.0,0.0,0.0,0.0,0.0,0.0,72.0,30.43,39.6,170.7,144.7,1.8022931987484792,1.7064135407566066,0.7606443386699931,0.0,0.0,cam camper,camcamper,ccamper,Jacksonville Jaguars,00-0040324,,,,,,,,,,,,,,,,,,,,,,,,,
2025,12,0.0,2025_12_JAX_ARI,Jacksonville Jaguars,Dyami Brown,WR,00-0036626,1.0,0.0,0.0,0.0,0.0,0.0,0.0,0.0,0.0,0.0,0.0,0.0,0.0,72.0,30.43,39.6,170.7,144.7,1.8022931987484792,1.7064135407566066,0.7606443386699931,1.0,1.0,dyami brown,dyamibrown,dbrown,Jacksonville Jaguars,00-0036626,,,,,,,,,,,,,,,,,,,,,,,,,
2025,12,0.0,2025_12_JAX_ARI,Jacksonville Jaguars,Tim Patrick,WR,00-0033375,1.0,0.0,0.0,0.0,0.0,0.0,0.0,0.0,0.0,0.0,0.0,0.0,0.0,72.0,30.43,39.6,170.7,144.7,1.8022931987484792,1.7064135407566066,0.7606443386699931,1.0,1.0,tim patrick,timpatrick,tpatrick,Jacksonville Jaguars,00-0033375,0.0,0.0,0.0,0.0,0.0,0.0,0.0,4.0,0.0,0.0,0.0,T.Patrick,JAX,team_norm & _alias_init_last,0.0,0.0,0.0,0.0,0.0,0.0,0.0,-4.0,0.0,0.0,0.0
2025,12,0.0,2025_12_MIN_GB,Green Bay Packers,Jordan Love,QB,00-0036264,1.0,36.56,255.4,2.54,0.92,3.09,11.8,0.15,0.0,0.0,0.0,0.0,0.1411,72.0,39.25,30.11,297.9,148.9,3.452730187968536,1.4097352040422857,0.9811380754581388,1.0,1.0,jordan love,jordanlove,jlove,Green Bay Packers,00-0036264,24.0,139.0,0.0,0.0,1.0,3.0,0.0,0.0,0.0,0.0,0.0,J.Love,GB,team_norm & _alias_init_last,12.560000000000002,116.4,2.54,0.92,2.09,8.8,0.15,0.0,0.0,0.0,0.0
2025,12,0.0,2025_12_MIN_GB,Green Bay Packers,Josh Jacobs,RB,00-0035700,1.0,0.0,0.0,0.0,0.0,17.37,73.0,0.99,5.05,3.75,25.8,0.44,0.7615,72.0,39.25,30.11,297.9,148.9,3.452730187968536,1.4097352040422857,0.9811380754581388,0.0,0.0,josh jacobs,joshjacobs,jjacobs,Green Bay Packers,00-0035700,,,,,,,,,,,,,,,,,,,,,,,,,
2025,12,0.0,2025_12_MIN_GB,Green Bay Packers,Emanuel Wilson,RB,00-0038797,1.0,0.0,0.0,0.0,0.0,9.65,42.0,0.36,3.14,2.25,19.0,0.28,0.4717,72.0,39.25,30.11,297.9,148.9,3.452730187968536,1.4097352040422857,0.9811380754581388,1.0,1.0,emanuel wilson,emanuelwilson,ewilson,Green Bay Packers,00-0038797,0.0,0.0,0.0,0.0,28.0,107.0,2.0,2.0,2.0,18.0,0.0,E.Wilson,GB,team_norm & _alias_init_last,0.0,0.0,0.0,0.0,-18.35,-65.0,-1.6400000000000001,1.1400000000000001,0.25,1.0,0.28
2025,12,0.0,2025_12_MIN_GB,Green Bay Packers,Chris Brooks,RB,00-0038685,1.0,0.0,0.0,0.0,0.0,0.0,0.0,0.0,0.0,0.0,0.0,0.0,0.0,72.0,39.25,30.11,297.9,148.9,3.452730187968536,1.4097352040422857,0.9811380754581388,1.0,1.0,chris brooks,chrisbrooks,cbrooks,Green Bay Packers,00-0038685,0.0,0.0,0.0,0.0,8.0,21.0,0.0,1.0,1.0,5.0,0.0,C.Brooks,GB,team_norm & _alias_init_last,0.0,0.0,0.0,0.0,-8.0,-21.0,0.0,-1.0,-1.0,-5.0,0.0
2025,12,0.0,2025_12_MIN_GB,Green Bay Packers,Pierre Strong,RB,00-0038098,1.0,0.0,0.0,0.0,0.0,0.0,0.0,0.0,0.0,0.0,0.0,0.0,0.0,72.0,39.25,30.11,297.9,148.9,3.452730187968536,1.4097352040422857,0.9811380754581388,1.0,1.0,pierre strong,pierrestrong,pstrong,Green Bay Packers,00-0038098,,,,,,,,,,,,,,,,,,,,,,,,,
2025,12,0.0,2025_12_MIN_GB,Green Bay Packers,John FitzPatrick,TE,00-0037306,1.0,0.0,0.0,0.0,0.0,0.0,0.0,0.0,7.54,5.13,60.2,0.66,0.4812,72.0,39.25,30.11,297.9,148.9,3.452730187968536,1.4097352040422857,0.9811380754581388,1.0,1.0,john fitzpatrick,johnfitzpatrick,jfitzpatrick,Green Bay Packers,00-0037306,0.0,0.0,0.0,0.0,0.0,0.0,0.0,1.0,1.0,11.0,0.0,J.FitzPatrick,GB,team_norm & _alias_init_last,0.0,0.0,0.0,0.0,0.0,0.0,0.0,6.54,4.13,49.2,0.66
2025,12,0.0,2025_12_MIN_GB,Green Bay Packers,Luke Musgrave,TE,00-0039144,1.0,0.0,0.0,0.0,0.0,0.0,0.0,0.0,3.9,2.68,22.7,0.31,0.2653,72.0,39.25,30.11,297.9,148.9,3.452730187968536,1.4097352040422857,0.9811380754581388,1.0,1.0,luke musgrave,lukemusgrave,lmusgrave,Green Bay Packers,00-0039144,0.0,0.0,0.0,0.0,0.0,0.0,0.0,3.0,1.0,7.0,0.0,L.Musgrave,GB,team_norm & _alias_init_last,0.0,0.0,0.0,0.0,0.0,0.0,0.0,0.8999999999999999,1.6800000000000002,15.7,0.31
2025,12,0.0,2025_12_MIN_GB,Green Bay Packers,Johnny Lumpkin,TE,00-0038913,1.0,0.0,0.0,0.0,0.0,0.0,0.0,0.0,0.0,0.0,0.0,0.0,0.0,72.0,39.25,30.11,297.9,148.9,3.452730187968536,1.4097352040422857,0.9811380754581388,0.0,0.0,johnny lumpkin,johnnylumpkin,jlumpkin,Green Bay Packers,00-0038913,,,,,,,,,,,,,,,,,,,,,,,,,
2025,12,0.0,2025_12_MIN_GB,Green Bay Packers,Josh Whyle,TE,00-0038589,1.0,0.0,0.0,0.0,0.0,0.0,0.0,0.0,0.0,0.0,0.0,0.0,0.0,72.0,39.25,30.11,297.9,148.9,3.452730187968536,1.4097352040422857,0.9811380754581388,1.0,1.0,josh whyle,joshwhyle,jwhyle,Green Bay Packers,00-0038589,0.0,0.0,0.0,0.0,0.0,0.0,0.0,1.0,1.0,1.0,0.0,J.Whyle,GB,team_norm & _alias_init_last,0.0,0.0,0.0,0.0,0.0,0.0,0.0,-1.0,-1.0,-1.0,0.0
2025,12,0.0,2025_12_MIN_GB,Green Bay Packers,Christian Watson,WR,00-0038124,1.0,0.0,0.0,0.0,0.0,0.0,0.0,0.0,8.47,4.84,56.7,0.73,0.5199,72.0,39.25,30.11,297.9,148.9,3.452730187968536,1.4097352040422857,0.9811380754581388,1.0,1.0,christian watson,christianwatson,cwatson,Green Bay Packers,00-0038124,0.0,0.0,0.0,0.0,0.0,0.0,0.0,7.0,5.0,49.0,0.0,C.Watson,GB,team_norm & _alias_init_last,0.0,0.0,0.0,0.0,0.0,0.0,0.0,1.4700000000000006,-0.16000000000000014,7.700000000000003,0.73
2025,12,0.0,2025_12_MIN_GB,Green Bay Packers,Romeo Doubs,WR,00-0037816,1.0,0.0,0.0,0.0,0.0,0.0,0.0,0.0,6.38,3.83,39.2,0.55,0.4233,72.0,39.25,30.11,297.9,148.9,3.452730187968536,1.4097352040422857,0.9811380754581388,1.0,1.0,romeo doubs,romeodoubs,rdoubs,Green Bay Packers,00-0037816,0.0,0.0,0.0,0.0,0.0,0.0,0.0,3.0,2.0,23.0,0.0,R.Doubs,GB,team_norm & _alias_init_last,0.0,0.0,0.0,0.0,0.0,0.0,0.0,3.38,1.83,16.200000000000003,0.55
2025,12,0.0,2025_12_MIN_GB,Green Bay Packers,Matthew Golden,WR,00-0040667,1.0,0.0,0.0,0.0,0.0,0.0,0.0,0.0,4.25,2.72,32.7,0.34,0.2908,72.0,39.25,30.11,297.9,148.9,3.452730187968536,1.4097352040422857,0.9811380754581388,0.0,0.0,matthew golden,matthewgolden,mgolden,Green Bay Packers,00-0040667,,,,,,,,,,,,,,,,,,,,,,,,,
2025,12,0.0,2025_12_MIN_GB,Green Bay Packers,Dontayvion Wicks,WR,00-0038393,1.0,0.0,0.0,0.0,0.0,0.0,0.0,0.0,0.0,0.0,0.0,0.0,0.0,72.0,39.25,30.11,297.9,148.9,3.452730187968536,1.4097352040422857,0.9811380754581388,1.0,1.0,dontayvion wicks,dontayvionwicks,dwicks,Green Bay Packers,00-0038393,0.0,0.0,0.0,0.0,0.0,0.0,0.0,4.0,2.0,32.0,0.0,D.Wicks,GB,team_norm & _alias_init_last,0.0,0.0,0.0,0.0,0.0,0.0,0.0,-4.0,-2.0,-32.0,0.0
2025,12,0.0,2025_12_MIN_GB,Green Bay Packers,Savion Williams,WR,00-0040009,1.0,0.0,0.0,0.0,0.0,0.0,0.0,0.0,0.0,0.0,0.0,0.0,0.0,72.0,39.25,30.11,297.9,148.9,3.452730187968536,1.4097352040422857,0.9811380754581388,1.0,1.0,savion williams,savionwilliams,swilliams,Green Bay Packers,00-0040009,0.0,0.0,0.0,0.0,1.0,0.0,0.0,0.0,0.0,0.0,0.0,S.Williams,GB,team_norm & _alias_init_last,0.0,0.0,0.0,0.0,-1.0,0.0,0.0,0.0,0.0,0.0,0.0
2025,12,0.0,2025_12_MIN_GB,Minnesota Vikings,J.J. McCarthy,QB,00-0039923,1.0,35.17,184.6,1.79,0.83,1.09,3.4,0.02,0.0,0.0,0.0,0.0,0.0238,63.82,35.55,25.53,199.4,93.3,1.9054142154315836,0.5949665984605728,0.8887094672904315,1.0,1.0,j.j. mccarthy,jjmccarthy,jmccarthy,Minnesota Vikings,00-0039923,25.0,87.0,0.0,2.0,1.0,0.0,0.0,0.0,0.0,0.0,0.0,J.McCarthy,MIN,team_norm & _alias_init_last,10.170000000000002,97.6,1.79,-1.17,0.09000000000000008,3.4,0.02,0.0,0.0,0.0,0.0
2025,12,0.0,2025_12_MIN_GB,Minnesota Vikings,Aaron Jones Sr.,RB,,1.0,0.0,0.0,0.0,0.0,15.71,61.7,0.42,4.38,3.11,24.2,0.23,0.4808,63.82,35.55,25.53,199.4,93.3,1.9054142154315836,0.5949665984605728,0.8887094672904315,0.0,0.0,aaron jones sr.,aaronjonessr,ajones,Minnesota Vikings,00-0033293,0.0,0.0,0.0,0.0,9.0,41.0,0.0,4.0,3.0,16.0,0.0,A.Jones,MIN,team_norm & _alias_init_last,0.0,0.0,0.0,0.0,6.710000000000001,20.700000000000003,0.42,0.3799999999999999,0.10999999999999988,8.2,0.23
2025,12,0.0,2025_12_MIN_GB,Minnesota Vikings,Jordan Mason,RB,00-0037525,1.0,0.0,0.0,0.0,0.0,8.73,26.6,0.16,2.72,2.06,11.5,0.15,0.2619,63.82,35.55,25.53,199.4,93.3,1.9054142154315836,0.5949665984605728,0.8887094672904315,1.0,1.0,jordan mason,jordanmason,jmason,Minnesota Vikings,00-0037525,0.0,0.0,0.0,0.0,8.0,42.0,0.0,0.0,0.0,0.0,0.0,J.Mason,MIN,team_norm & _alias_init_last,0.0,0.0,0.0,0.0,0.7300000000000004,-15.399999999999999,0.16,2.72,2.06,11.5,0.15
2025,12,0.0,2025_12_MIN_GB,Minnesota Vikings,Zavier Scott,RB,00-0038440,1.0,0.0,0.0,0.0,0.0,0.0,0.0,0.0,0.0,0.0,0.0,0.0,0.0,63.82,35.55,25.53,199.4,93.3,1.9054142154315836,0.5949665984605728,0.8887094672904315,1.0,1.0,zavier scott,zavierscott,zscott,Minnesota Vikings,00-0038440,,,,,,,,,,,,,,,,,,,,,,,,,
2025,12,0.0,2025_12_MIN_GB,Minnesota Vikings,T.J. Hockenson,TE,00-0035229,1.0,0.0,0.0,0.0,0.0,0.0,0.0,0.0,6.97,4.7,26.6,0.34,0.2855,63.82,35.55,25.53,199.4,93.3,1.9054142154315836,0.5949665984605728,0.8887094672904315,1.0,1.0,t.j. hockenson,tjhockenson,thockenson,Minnesota Vikings,00-0035229,0.0,0.0,0.0,0.0,1.0,0.0,0.0,4.0,4.0,19.0,0.0,T.Hockenson,MIN,team_norm & _alias_init_last,0.0,0.0,0.0,0.0,-1.0,0.0,0.0,2.9699999999999998,0.7000000000000002,7.600000000000001,0.34
2025,12,0.0,2025_12_MIN_GB,Minnesota Vikings,Josh Oliver,TE,00-0035249,1.0,0.0,0.0,0.0,0.0,0.0,0.0,0.0,3.5,2.41,14.1,0.19,0.1694,63.82,35.55,25.53,199.4,93.3,1.9054142154315836,0.5949665984605728,0.8887094672904315,1.0,1.0,josh oliver,josholiver,joliver,Minnesota Vikings,00-0035249,0.0,0.0,0.0,0.0,0.0,0.0,0.0,1.0,1.0,4.0,0.0,J.Oliver,MIN,team_norm & _alias_init_last,0.0,0.0,0.0,0.0,0.0,0.0,0.0,2.5,1.4100000000000001,10.1,0.19
2025,12,0.0,2025_12_MIN_GB,Minnesota Vikings,Ben Sims,TE,00-0038809,1.0,0.0,0.0,0.0,0.0,0.0,0.0,0.0,0.0,0.0,0.0,0.0,0.0,63.82,35.55,25.53,199.4,93.3,1.9054142154315836,0.5949665984605728,0.8887094672904315,1.0,1.0,ben sims,bensims,bsims,Minnesota Vikings,00-0038809,,,,,,,,,,,,,,,,,,,,,,,,,
2025,12,0.0,2025_12_MIN_GB,Minnesota Vikings,Ben Yurosek,TE,00-0040509,1.0,0.0,0.0,0.0,0.0,0.0,0.0,0.0,0.0,0.0,0.0,0.0,0.0,63.82,35.55,25.53,199.4,93.3,1.9054142154315836,0.5949665984605728,0.8887094672904315,0.0,0.0,ben yurosek,benyurosek,byurosek,Minnesota Vikings,00-0040509,,,,,,,,,,,,,,,,,,,,,,,,,
2025,12,0.0,2025_12_MIN_GB,Minnesota Vikings,Justin Jefferson,WR,00-0036322,1.0,0.0,0.0,0.0,0.0,0.0,0.0,0.0,8.06,5.03,35.0,0.41,0.3385,63.82,35.55,25.53,199.4,93.3,1.9054142154315836,0.5949665984605728,0.8887094672904315,1.0,1.0,justin jefferson,justinjefferson,jjefferson,Minnesota Vikings,00-0036322,0.0,0.0,0.0,0.0,0.0,0.0,0.0,6.0,4.0,48.0,0.0,J.Jefferson,MIN,team_norm & _alias_init_last,0.0,0.0,0.0,0.0,0.0,0.0,0.0,2.0600000000000005,1.0300000000000002,-13.0,0.41
2025,12,0.0,2025_12_MIN_GB,Minnesota Vikings,Jordan Addison,WR,00-0038994,1.0,0.0,0.0,0.0,0.0,0.0,0.0,0.0,5.96,3.39,25.6,0.31,0.2663,63.82,35.55,25.53,199.4,93.3,1.9054142154315836,0.5949665984605728,0.8887094672904315,1.0,1.0,jordan addison,jordanaddison,jaddison,Minnesota Vikings,00-0038994,0.0,0.0,0.0,0.0,0.0,0.0,0.0,1.0,0.0,0.0,0.0,J.Addison,MIN,team_norm & _alias_init_last,0.0,0.0,0.0,0.0,0.0,0.0,0.0,4.96,3.39,25.6,0.31
2025,12,0.0,2025_12_MIN_GB,Minnesota Vikings,Jalen Nailor,WR,00-0037291,1.0,0.0,0.0,0.0,0.0,0.0,0.0,0.0,3.97,2.32,18.2,0.21,0.1896,63.82,35.55,25.53,199.4,93.3,1.9054142154315836,0.5949665984605728,0.8887094672904315,1.0,1.0,jalen nailor,jalennailor,jnailor,Minnesota Vikings,00-0037291,0.0,0.0,0.0,0.0,0.0,0.0,0.0,1.0,0.0,0.0,0.0,J.Nailor,MIN,team_norm & _alias_init_last,0.0,0.0,0.0,0.0,0.0,0.0,0.0,2.97,2.32,18.2,0.21
2025,12,0.0,2025_12_MIN_GB,Minnesota Vikings,Myles Price,WR,00-0040506,1.0,0.0,0.0,0.0,0.0,0.0,0.0,0.0,0.0,0.0,0.0,0.0,0.0,63.82,35.55,25.53,199.4,93.3,1.9054142154315836,0.5949665984605728,0.8887094672904315,1.0,1.0,myles price,mylesprice,mprice,Minnesota Vikings,00-0040506,,,,,,,,,,,,,,,,,,,,,,,,,
2025,12,0.0,2025_12_MIN_GB,Minnesota Vikings,Tai Felton,WR,00-0040154,1.0,0.0,0.0,0.0,0.0,0.0,0.0,0.0,0.0,0.0,0.0,0.0,0.0,63.82,35.55,25.53,199.4,93.3,1.9054142154315836,0.5949665984605728,0.8887094672904315,1.0,1.0,tai felton,taifelton,tfelton,Minnesota Vikings,00-0040154,,,,,,,,,,,,,,,,,,,,,,,,,
2025,12,0.0,2025_12_NE_CIN,Cincinnati Bengals,Joe Flacco,QB,00-0026158,1.0,42.22,241.7,1.91,1.02,2.07,6.1,0.05,0.0,0.0,0.0,0.0,0.0505,72.0,43.7,25.48,249.1,94.6,2.065957821252226,0.595820887207406,1.092557201380006,1.0,1.0,joe flacco,joeflacco,jflacco,Cincinnati Bengals,00-0026158,38.0,183.0,1.0,1.0,1.0,3.0,0.0,0.0,0.0,0.0,0.0,J.Flacco,CIN,team_norm & _alias_init_last,4.219999999999999,58.69999999999999,0.9099999999999999,0.020000000000000018,1.0699999999999998,3.0999999999999996,0.05,0.0,0.0,0.0,0.0
2025,12,0.0,2025_12_NE_CIN,Cincinnati Bengals,Chase Brown,RB,00-0038597,1.0,0.0,0.0,0.0,0.0,15.05,46.5,0.43,5.52,4.2,21.8,0.27,0.5014,72.0,43.7,25.48,249.1,94.6,2.065957821252226,0.595820887207406,1.092557201380006,1.0,1.0,chase brown,chasebrown,cbrown,Cincinnati Bengals,00-0038597,0.0,0.0,0.0,0.0,20.0,107.0,0.0,4.0,2.0,6.0,0.0,C.Brown,CIN,team_norm & _alias_init_last,0.0,0.0,0.0,0.0,-4.949999999999999,-60.5,0.43,1.5199999999999996,2.2,15.8,0.27
2025,12,0.0,2025_12_NE_CIN,Cincinnati Bengals,Samaje Perine,RB,00-0033526,1.0,0.0,0.0,0.0,0.0,8.36,27.0,0.15,3.44,2.59,12.8,0.16,0.2681,72.0,43.7,25.48,249.1,94.6,2.065957821252226,0.595820887207406,1.092557201380006,0.0,0.0,samaje perine,samajeperine,sperine,Cincinnati Bengals,00-0033526,,,,,,,,,,,,,,,,,,,,,,,,,
2025,12,0.0,2025_12_NE_CIN,Cincinnati Bengals,Gary Brightwell,RB,00-0036569,1.0,0.0,0.0,0.0,0.0,0.0,0.0,0.0,0.0,0.0,0.0,0.0,0.0,72.0,43.7,25.48,249.1,94.6,2.065957821252226,0.595820887207406,1.092557201380006,1.0,1.0,gary brightwell,garybrightwell,gbrightwell,Cincinnati Bengals,00-0036569,,,,,,,,,,,,,,,,,,,,,,,,,
2025,12,0.0,2025_12_NE_CIN,Cincinnati Bengals,Mike Gesicki,TE,00-0034829,1.0,0.0,0.0,0.0,0.0,0.0,0.0,0.0,8.5,5.42,36.7,0.38,0.3156,72.0,43.7,25.48,249.1,94.6,2.065957821252226,0.595820887207406,1.092557201380006,1.0,1.0,mike gesicki,mikegesicki,mgesicki,Cincinnati Bengals,00-0034829,0.0,0.0,0.0,0.0,0.0,0.0,0.0,6.0,4.0,35.0,0.0,M.Gesicki,CIN,team_norm & _alias_init_last,0.0,0.0,0.0,0.0,0.0,0.0,0.0,2.5,1.42,1.7000000000000028,0.38
2025,12,0.0,2025_12_NE_CIN,Cincinnati Bengals,Noah Fant,TE,00-0035644,1.0,0.0,0.0,0.0,0.0,0.0,0.0,0.0,4.4,3.12,17.8,0.18,0.1669,72.0,43.7,25.48,249.1,94.6,2.065957821252226,0.595820887207406,1.092557201380006,1.0,1.0,noah fant,noahfant,nfant,Cincinnati Bengals,00-0035644,0.0,0.0,0.0,0.0,0.0,0.0,0.0,1.0,1.0,9.0,0.0,N.Fant,CIN,team_norm & _alias_init_last,0.0,0.0,0.0,0.0,0.0,0.0,0.0,3.4000000000000004,2.12,8.8,0.18
2025,12,0.0,2025_12_NE_CIN,Cincinnati Bengals,Drew Sample,TE,00-0035631,1.0,0.0,0.0,0.0,0.0,0.0,0.0,0.0,0.0,0.0,0.0,0.0,0.0,72.0,43.7,25.48,249.1,94.6,2.065957821252226,0.595820887207406,1.092557201380006,1.0,1.0,drew sample,drewsample,dsample,Cincinnati Bengals,00-0035631,0.0,0.0,0.0,0.0,0.0,0.0,0.0,1.0,1.0,0.0,0.0,D.Sample,CIN,team_norm & _alias_init_last,0.0,0.0,0.0,0.0,0.0,0.0,0.0,-1.0,-1.0,0.0,0.0
2025,12,0.0,2025_12_NE_CIN,Cincinnati Bengals,Tanner Hudson,TE,00-0034613,1.0,0.0,0.0,0.0,0.0,0.0,0.0,0.0,0.0,0.0,0.0,0.0,0.0,72.0,43.7,25.48,249.1,94.6,2.065957821252226,0.595820887207406,1.092557201380006,1.0,1.0,tanner hudson,tannerhudson,thudson,Cincinnati Bengals,00-0034613,0.0,0.0,0.0,0.0,0.0,0.0,0.0,1.0,1.0,9.0,0.0,T.Hudson,CIN,team_norm & _alias_init_last,0.0,0.0,0.0,0.0,0.0,0.0,0.0,-1.0,-1.0,-9.0,0.0
2025,12,0.0,2025_12_NE_CIN,Cincinnati Bengals,Ja'Marr Chase,WR,00-0036900,1.0,0.0,0.0,0.0,0.0,0.0,0.0,0.0,9.69,6.25,43.0,0.44,0.357,72.0,43.7,25.48,249.1,94.6,2.065957821252226,0.595820887207406,1.092557201380006,0.0,0.0,ja'marr chase,jamarrchase,jchase,Cincinnati Bengals,00-0036900,,,,,,,,,,,,,,,,,,,,,,,,,
2025,12,0.0,2025_12_NE_CIN,Cincinnati Bengals,Andrei Iosivas,WR,00-0038619,1.0,0.0,0.0,0.0,0.0,0.0,0.0,0.0,7.3,3.95,34.5,0.33,0.2845,72.0,43.7,25.48,249.1,94.6,2.065957821252226,0.595820887207406,1.092557201380006,1.0,1.0,andrei iosivas,andreiiosivas,aiosivas,Cincinnati Bengals,00-0038619,0.0,0.0,0.0,0.0,1.0,5.0,0.0,7.0,4.0,61.0,0.0,A.Iosivas,CIN,team_norm & _alias_init_last,0.0,0.0,0.0,0.0,-1.0,-5.0,0.0,0.2999999999999998,-0.04999999999999982,-26.5,0.33
2025,12,0.0,2025_12_NE_CIN,Cincinnati Bengals,Mitchell Tinsley,WR,00-0038839,1.0,0.0,0.0,0.0,0.0,0.0,0.0,0.0,4.86,2.35,29.8,0.23,0.2054,72.0,43.7,25.48,249.1,94.6,2.065957821252226,0.595820887207406,1.092557201380006,1.0,1.0,mitchell tinsley,mitchelltinsley,mtinsley,Cincinnati Bengals,00-0038839,0.0,0.0,0.0,0.0,0.0,0.0,0.0,6.0,2.0,29.0,1.0,M.Tinsley,CIN,team_norm & _alias_init_last,0.0,0.0,0.0,0.0,0.0,0.0,0.0,-1.1399999999999997,0.3500000000000001,0.8000000000000007,-0.77
2025,12,0.0,2025_12_NE_CIN,Cincinnati Bengals,Charlie Jones,WR,00-0038576,1.0,0.0,0.0,0.0,0.0,0.0,0.0,0.0,0.0,0.0,0.0,0.0,0.0,72.0,43.7,25.48,249.1,94.6,2.065957821252226,0.595820887207406,1.092557201380006,1.0,1.0,charlie jones,charliejones,cjones,Cincinnati Bengals,00-0038576,0.0,0.0,0.0,0.0,0.0,0.0,0.0,1.0,0.0,0.0,0.0,C.Jones,CIN,team_norm & _alias_init_last,0.0,0.0,0.0,0.0,0.0,0.0,0.0,-1.0,0.0,0.0,0.0
2025,12,0.0,2025_12_NE_CIN,Cincinnati Bengals,Cole Burgess,WR,00-0039626,1.0,0.0,0.0,0.0,0.0,0.0,0.0,0.0,0.0,0.0,0.0,0.0,0.0,72.0,43.7,25.48,249.1,94.6,2.065957821252226,0.595820887207406,1.092557201380006,0.0,0.0,cole burgess,coleburgess,cburgess,Cincinnati Bengals,00-0039626,,,,,,,,,,,,,,,,,,,,,,,,,
2025,12,0.0,2025_12_NE_CIN,New England Patriots,Drake Maye,QB,00-0039851,1.0,37.09,216.4,1.42,0.98,5.99,18.6,0.12,0.0,0.0,0.0,0.0,0.1153,72.0,42.14,27.0,263.3,109.9,1.7993793615096445,0.5460550164080316,1.0534096300412832,1.0,1.0,drake maye,drakemaye,dmaye,New England Patriots,00-0039851,42.0,294.0,1.0,1.0,1.0,0.0,0.0,0.0,0.0,0.0,0.0,D.Maye,NE,team_norm & _alias_init_last,-4.909999999999997,-77.6,0.41999999999999993,-0.020000000000000018,4.99,18.6,0.12,0.0,0.0,0.0,0.0
2025,12,0.0,2025_12_NE_CIN,New England Patriots,TreVeyon Henderson,RB,00-0040734,1.0,0.0,0.0,0.0,0.0,13.5,49.4,0.34,5.42,4.2,28.7,0.23,0.4315,72.0,42.14,27.0,263.3,109.9,1.7993793615096445,0.5460550164080316,1.0534096300412832,1.0,1.0,treveyon henderson,treveyonhenderson,thenderson,New England Patriots,00-0040734,0.0,0.0,0.0,0.0,19.0,66.0,0.0,4.0,3.0,15.0,0.0,T.Henderson,NE,team_norm & _alias_init_last,0.0,0.0,0.0,0.0,-5.5,-16.6,0.34,1.42,1.2000000000000002,13.7,0.23
2025,12,0.0,2025_12_NE_CIN,New England Patriots,Rhamondre Stevenson,RB,00-0036875,1.0,0.0,0.0,0.0,0.0,7.5,26.1,0.12,3.37,2.43,14.6,0.15,0.2332,72.0,42.14,27.0,263.3,109.9,1.7993793615096445,0.5460550164080316,1.0534096300412832,1.0,1.0,rhamondre stevenson,rhamondrestevenson,rstevenson,New England Patriots,00-0036875,0.0,0.0,0.0,0.0,6.0,5.0,0.0,2.0,1.0,5.0,0.0,R.Stevenson,NE,team_norm & _alias_init_last,0.0,0.0,0.0,0.0,1.5,21.1,0.12,1.37,1.4300000000000002,9.6,0.15
2025,12,0.0,2025_12_NE_CIN,New England Patriots,Terrell Jennings,RB,00-0039757,1.0,0.0,0.0,0.0,0.0,0.0,0.0,0.0,0.0,0.0,0.0,0.0,0.0,72.0,42.14,27.0,263.3,109.9,1.7993793615096445,0.5460550164080316,1.0534096300412832,1.0,1.0,terrell jennings,terrelljennings,tjennings,New England Patriots,00-0039757,0.0,0.0,0.0,0.0,1.0,0.0,0.0,0.0,0.0,0.0,0.0,T.Jennings,NE,team_norm & _alias_init_last,0.0,0.0,0.0,0.0,-1.0,0.0,0.0,0.0,0.0,0.0,0.0
2025,12,0.0,2025_12_NE_CIN,New England Patriots,Hunter Henry,TE,00-0033090,1.0,0.0,0.0,0.0,0.0,0.0,0.0,0.0,8.24,5.51,40.4,0.33,0.2805,72.0,42.14,27.0,263.3,109.9,1.7993793615096445,0.5460550164080316,1.0534096300412832,1.0,1.0,hunter henry,hunterhenry,hhenry,New England Patriots,00-0033090,0.0,0.0,0.0,0.0,0.0,0.0,0.0,11.0,7.0,115.0,1.0,H.Henry,NE,team_norm & _alias_init_last,0.0,0.0,0.0,0.0,0.0,0.0,0.0,-2.76,-1.4900000000000002,-74.6,-0.6699999999999999
2025,12,0.0,2025_12_NE_CIN,New England Patriots,Austin Hooper,TE,00-0032392,1.0,0.0,0.0,0.0,0.0,0.0,0.0,0.0,4.26,2.9,19.6,0.17,0.1541,72.0,42.14,27.0,263.3,109.9,1.7993793615096445,0.5460550164080316,1.0534096300412832,1.0,1.0,austin hooper,austinhooper,ahooper,New England Patriots,00-0032392,0.0,0.0,0.0,0.0,0.0,0.0,0.0,4.0,3.0,39.0,0.0,A.Hooper,NE,team_norm & _alias_init_last,0.0,0.0,0.0,0.0,0.0,0.0,0.0,0.2599999999999998,-0.10000000000000009,-19.4,0.17
2025,12,0.0,2025_12_NE_CIN,New England Patriots,CJ Dippre,TE,00-0040566,1.0,0.0,0.0,0.0,0.0,0.0,0.0,0.0,0.0,0.0,0.0,0.0,0.0,72.0,42.14,27.0,263.3,109.9,1.7993793615096445,0.5460550164080316,1.0534096300412832,0.0,0.0,cj dippre,cjdippre,cdippre,New England Patriots,00-0040566,,,,,,,,,,,,,,,,,,,,,,,,,
2025,12,0.0,2025_12_NE_CIN,New England Patriots,Cole Fotheringham,TE,00-0037506,1.0,0.0,0.0,0.0,0.0,0.0,0.0,0.0,0.0,0.0,0.0,0.0,0.0,72.0,42.14,27.0,263.3,109.9,1.7993793615096445,0.5460550164080316,1.0534096300412832,0.0,0.0,cole fotheringham,colefotheringham,cfotheringham,New England Patriots,00-0037506,,,,,,,,,,,,,,,,,,,,,,,,,
2025,12,0.0,2025_12_NE_CIN,New England Patriots,Stefon Diggs,WR,00-0031588,1.0,0.0,0.0,0.0,0.0,0.0,0.0,0.0,9.04,6.2,47.4,0.36,0.3001,72.0,42.14,27.0,263.3,109.9,1.7993793615096445,0.5460550164080316,1.0534096300412832,1.0,1.0,stefon diggs,stefondiggs,sdiggs,New England Patriots,00-0031588,0.0,0.0,0.0,0.0,0.0,0.0,0.0,3.0,2.0,20.0,0.0,S.Diggs,NE,team_norm & _alias_init_last,0.0,0.0,0.0,0.0,0.0,0.0,0.0,6.039999999999999,4.2,27.4,0.36
2025,12,0.0,2025_12_NE_CIN,New England Patriots,Kayshon Boutte,WR,00-0038608,1.0,0.0,0.0,0.0,0.0,0.0,0.0,0.0,6.81,4.0,36.9,0.27,0.2353,72.0,42.14,27.0,263.3,109.9,1.7993793615096445,0.5460550164080316,1.0534096300412832,1.0,1.0,kayshon boutte,kayshonboutte,kboutte,New England Patriots,00-0038608,0.0,0.0,0.0,0.0,0.0,0.0,0.0,4.0,2.0,15.0,0.0,K.Boutte,NE,team_norm & _alias_init_last,0.0,0.0,0.0,0.0,0.0,0.0,0.0,2.8099999999999996,2.0,21.9,0.27
2025,12,0.0,2025_12_NE_CIN,New England Patriots,Mack Hollins,WR,00-0033555,1.0,0.0,0.0,0.0,0.0,0.0,0.0,0.0,4.54,2.73,22.3,0.18,0.1643,72.0,42.14,27.0,263.3,109.9,1.7993793615096445,0.5460550164080316,1.0534096300412832,1.0,1.0,mack hollins,mackhollins,mhollins,New England Patriots,00-0033555,0.0,0.0,0.0,0.0,0.0,0.0,0.0,6.0,2.0,30.0,0.0,M.Hollins,NE,team_norm & _alias_init_last,0.0,0.0,0.0,0.0,0.0,0.0,0.0,-1.46,0.73,-7.699999999999999,0.18
2025,12,0.0,2025_12_NE_CIN,New England Patriots,Brandon Smith,WR,00-0036775,1.0,0.0,0.0,0.0,0.0,0.0,0.0,0.0,0.0,0.0,0.0,0.0,0.0,72.0,42.14,27.0,263.3,109.9,1.7993793615096445,0.5460550164080316,1.0534096300412832,0.0,0.0,brandon smith,brandonsmith,bsmith,New England Patriots,00-0036775,0.0,0.0,0.0,0.0,1.0,5.0,0.0,4.0,3.0,31.0,0.0,B.Smith,KC,_alias_init_last,0.0,0.0,0.0,0.0,-1.0,-5.0,0.0,-4.0,-3.0,-31.0,0.0
2025,12,0.0,2025_12_NE_CIN,New England Patriots,DeMario Douglas,WR,00-0038621,1.0,0.0,0.0,0.0,0.0,0.0,0.0,0.0,0.0,0.0,0.0,0.0,0.0,72.0,42.14,27.0,263.3,109.9,1.7993793615096445,0.5460550164080316,1.0534096300412832,1.0,1.0,demario douglas,demariodouglas,ddouglas,New England Patriots,00-0038621,0.0,0.0,0.0,0.0,1.0,14.0,0.0,1.0,1.0,37.0,0.0,D.Douglas,NE,team_norm & _alias_init_last,0.0,0.0,0.0,0.0,-1.0,-14.0,0.0,-1.0,-1.0,-37.0,0.0
2025,12,0.0,2025_12_NE_CIN,New England Patriots,Efton Chism III,WR,00-0040563,1.0,0.0,0.0,0.0,0.0,0.0,0.0,0.0,0.0,0.0,0.0,0.0,0.0,72.0,42.14,27.0,263.3,109.9,1.7993793615096445,0.5460550164080316,1.0534096300412832,0.0,0.0,efton chism iii,eftonchismiii,echism,New England Patriots,00-0040563,,,,,,,,,,,,,,,,,,,,,,,,,
2025,12,0.0,2025_12_NE_CIN,New England Patriots,Kyle Williams,WR,00-0040131,1.0,0.0,0.0,0.0,0.0,0.0,0.0,0.0,0.0,0.0,0.0,0.0,0.0,72.0,42.14,27.0,263.3,109.9,1.7993793615096445,0.5460550164080316,1.0534096300412832,1.0,1.0,kyle williams,kylewilliams,kwilliams,New England Patriots,00-0040131,0.0,0.0,0.0,0.0,0.0,0.0,0.0,1.0,1.0,18.0,0.0,K.Williams,NE,team_norm & _alias_init_last,0.0,0.0,0.0,0.0,0.0,0.0,0.0,-1.0,-1.0,-18.0,0.0
2025,12,0.0,2025_12_NYG_DET,Detroit Lions,Jared Goff,QB,00-0033106,1.0,40.55,235.6,3.13,1.02,2.95,8.7,0.16,0.0,0.0,0.0,0.0,0.1463,70.19,43.63,23.79,244.8,87.0,4.359403654762955,1.2037801019069303,1.0908415102289115,1.0,1.0,jared goff,jaredgoff,jgoff,Detroit Lions,00-0033106,46.0,279.0,2.0,1.0,0.0,0.0,0.0,0.0,0.0,0.0,0.0,J.Goff,DET,team_norm & _alias_init_last,-5.450000000000003,-43.400000000000006,1.13,0.020000000000000018,2.95,8.7,0.16,0.0,0.0,0.0,0.0
2025,12,0.0,2025_12_NYG_DET,Detroit Lions,Jahmyr Gibbs,RB,00-0039139,1.0,0.0,0.0,0.0,0.0,13.4,42.0,0.86,5.53,4.08,20.3,0.57,0.76,70.19,43.63,23.79,244.8,87.0,4.359403654762955,1.2037801019069303,1.0908415102289115,1.0,1.0,jahmyr gibbs,jahmyrgibbs,jgibbs,Detroit Lions,00-0039139,0.0,0.0,0.0,0.0,16.0,219.0,2.0,12.0,11.0,45.0,1.0,J.Gibbs,DET,team_norm & _alias_init_last,0.0,0.0,0.0,0.0,-2.5999999999999996,-177.0,-1.1400000000000001,-6.47,-6.92,-24.7,-0.43000000000000005
2025,12,0.0,2025_12_NYG_DET,Detroit Lions,David Montgomery,RB,00-0035685,1.0,0.0,0.0,0.0,0.0,7.44,22.9,0.31,3.44,2.63,12.7,0.33,0.4737,70.19,43.63,23.79,244.8,87.0,4.359403654762955,1.2037801019069303,1.0908415102289115,1.0,1.0,david montgomery,davidmontgomery,dmontgomery,Detroit Lions,00-0035685,0.0,0.0,0.0,0.0,5.0,18.0,0.0,3.0,3.0,19.0,0.0,D.Montgomery,DET,team_norm & _alias_init_last,0.0,0.0,0.0,0.0,2.4400000000000004,4.899999999999999,0.31,0.43999999999999995,-0.3700000000000001,-6.300000000000001,0.33
2025,12,0.0,2025_12_NYG_DET,Detroit Lions,Jacob Saylors,RB,00-0038896,1.0,0.0,0.0,0.0,0.0,0.0,0.0,0.0,0.0,0.0,0.0,0.0,0.0,70.19,43.63,23.79,244.8,87.0,4.359403654762955,1.2037801019069303,1.0908415102289115,1.0,1.0,jacob saylors,jacobsaylors,jsaylors,Detroit Lions,00-0038896,,,,,,,,,,,,,,,,,,,,,,,,,
2025,12,0.0,2025_12_NYG_DET,Detroit Lions,Sione Vaki,RB,00-0039364,1.0,0.0,0.0,0.0,0.0,0.0,0.0,0.0,0.0,0.0,0.0,0.0,0.0,70.19,43.63,23.79,244.8,87.0,4.359403654762955,1.2037801019069303,1.0908415102289115,1.0,1.0,sione vaki,sionevaki,svaki,Detroit Lions,00-0039364,,,,,,,,,,,,,,,,,,,,,,,,,
2025,12,0.0,2025_12_NYG_DET,Detroit Lions,Brock Wright,TE,00-0036754,1.0,0.0,0.0,0.0,0.0,0.0,0.0,0.0,8.1,5.7,35.6,0.77,0.5369,70.19,43.63,23.79,244.8,87.0,4.359403654762955,1.2037801019069303,1.0908415102289115,1.0,1.0,brock wright,brockwright,bwright,Detroit Lions,00-0036754,0.0,0.0,0.0,0.0,0.0,0.0,0.0,4.0,3.0,29.0,0.0,B.Wright,DET,team_norm & _alias_init_last,0.0,0.0,0.0,0.0,0.0,0.0,0.0,4.1,2.7,6.600000000000001,0.77
2025,12,0.0,2025_12_NYG_DET,Detroit Lions,Ross Dwelley,TE,,1.0,0.0,0.0,0.0,0.0,0.0,0.0,0.0,4.19,2.67,26.5,0.42,0.342,70.19,43.63,23.79,244.8,87.0,4.359403654762955,1.2037801019069303,1.0908415102289115,0.0,1.0,ross dwelley,rossdwelley,rdwelley,Detroit Lions,,,,,,,,,,,,,,,,,,,,,,,,,,
2025,12,0.0,2025_12_NYG_DET,Detroit Lions,Anthony Firkser,TE,00-0033455,1.0,0.0,0.0,0.0,0.0,0.0,0.0,0.0,0.0,0.0,0.0,0.0,0.0,70.19,43.63,23.79,244.8,87.0,4.359403654762955,1.2037801019069303,1.0908415102289115,1.0,1.0,anthony firkser,anthonyfirkser,afirkser,Detroit Lions,00-0033455,,,,,,,,,,,,,,,,,,,,,,,,,
2025,12,0.0,2025_12_NYG_DET,Detroit Lions,Giovanni Ricci,TE,00-0035956,1.0,0.0,0.0,0.0,0.0,0.0,0.0,0.0,0.0,0.0,0.0,0.0,0.0,70.19,43.63,23.79,244.8,87.0,4.359403654762955,1.2037801019069303,1.0908415102289115,0.0,0.0,giovanni ricci,giovanniricci,gricci,Detroit Lions,00-0035956,,,,,,,,,,,,,,,,,,,,,,,,,
2025,12,0.0,2025_12_NYG_DET,Detroit Lions,Amon-Ra St. Brown,WR,00-0036963,1.0,0.0,0.0,0.0,0.0,0.0,0.0,0.0,9.91,7.01,42.6,0.97,0.6223,70.19,43.63,23.79,244.8,87.0,4.359403654762955,1.2037801019069303,1.0908415102289115,1.0,1.0,amon-ra st. brown,amonrastbrown,astbrown,Detroit Lions,00-0036963,0.0,0.0,0.0,0.0,0.0,0.0,0.0,13.0,9.0,149.0,1.0,A.St. Brown,DET,team_norm & _alias_init_last,0.0,0.0,0.0,0.0,0.0,0.0,0.0,-3.09,-1.9900000000000002,-106.4,-0.030000000000000027
2025,12,0.0,2025_12_NYG_DET,Detroit Lions,Jameson Williams,WR,00-0037240,1.0,0.0,0.0,0.0,0.0,0.0,0.0,0.0,7.46,4.3,34.0,0.69,0.4971,70.19,43.63,23.79,244.8,87.0,4.359403654762955,1.2037801019069303,1.0908415102289115,1.0,1.0,jameson williams,jamesonwilliams,jwilliams,Detroit Lions,00-0037240,0.0,0.0,0.0,0.0,0.0,0.0,0.0,4.0,0.0,0.0,0.0,J.Williams,DET,team_norm & _alias_init_last,0.0,0.0,0.0,0.0,0.0,0.0,0.0,3.46,4.3,34.0,0.69
2025,12,0.0,2025_12_NYG_DET,Detroit Lions,Kalif Raymond,WR,00-0032464,1.0,0.0,0.0,0.0,0.0,0.0,0.0,0.0,4.97,3.48,21.8,0.46,0.3692,70.19,43.63,23.79,244.8,87.0,4.359403654762955,1.2037801019069303,1.0908415102289115,1.0,1.0,kalif raymond,kalifraymond,kraymond,Detroit Lions,00-0032464,0.0,0.0,0.0,0.0,0.0,0.0,0.0,2.0,2.0,37.0,0.0,K.Raymond,DET,team_norm & _alias_init_last,0.0,0.0,0.0,0.0,0.0,0.0,0.0,2.9699999999999998,1.48,-15.2,0.46
2025,12,0.0,2025_12_NYG_DET,Detroit Lions,Andrew Armstrong,WR,00-0040298,1.0,0.0,0.0,0.0,0.0,0.0,0.0,0.0,0.0,0.0,0.0,0.0,0.0,70.19,43.63,23.79,244.8,87.0,4.359403654762955,1.2037801019069303,1.0908415102289115,0.0,0.0,andrew armstrong,andrewarmstrong,aarmstrong,Detroit Lions,00-0040298,,,,,,,,,,,,,,,,,,,,,,,,,
2025,12,0.0,2025_12_NYG_DET,Detroit Lions,Dominic Lovett,WR,00-0040241,1.0,0.0,0.0,0.0,0.0,0.0,0.0,0.0,0.0,0.0,0.0,0.0,0.0,70.19,43.63,23.79,244.8,87.0,4.359403654762955,1.2037801019069303,1.0908415102289115,1.0,1.0,dominic lovett,dominiclovett,dlovett,Detroit Lions,00-0040241,,,,,,,,,,,,,,,,,,,,,,,,,
2025,12,0.0,2025_12_NYG_DET,Detroit Lions,Isaac TeSlaa,WR,00-0040669,1.0,0.0,0.0,0.0,0.0,0.0,0.0,0.0,0.0,0.0,0.0,0.0,0.0,70.19,43.63,23.79,244.8,87.0,4.359403654762955,1.2037801019069303,1.0908415102289115,1.0,1.0,isaac teslaa,isaacteslaa,iteslaa,Detroit Lions,00-0040669,0.0,0.0,0.0,0.0,0.0,0.0,0.0,1.0,0.0,0.0,0.0,I.TeSlaa,DET,team_norm & _alias_init_last,0.0,0.0,0.0,0.0,0.0,0.0,0.0,-1.0,0.0,0.0,0.0
2025,12,0.0,2025_12_NYG_DET,New York Giants,Jaxson Dart,QB,00-0040691,1.0,30.64,217.6,1.52,0.72,5.7,22.2,0.17,0.0,0.0,0.0,0.0,0.153,72.0,30.97,38.54,235.0,190.6,1.68250830330301,1.000609459832661,0.7741871308043299,0.0,0.0,jaxson dart,jaxsondart,jdart,New York Giants,00-0040691,,,,,,,,,,,,,,,,,,,,,,,,,
2025,12,0.0,2025_12_NYG_DET,New York Giants,Tyrone Tracy Jr.,RB,00-0039384,1.0,0.0,0.0,0.0,0.0,21.11,87.6,0.63,3.86,2.64,20.0,0.21,0.5694,72.0,30.97,38.54,235.0,190.6,1.68250830330301,1.000609459832661,0.7741871308043299,1.0,1.0,tyrone tracy jr.,tyronetracyjr,ttracy,New York Giants,00-0039384,0.0,0.0,0.0,0.0,20.0,62.0,0.0,4.0,3.0,68.0,0.0,T.Tracy,NYG,team_norm & _alias_init_last,0.0,0.0,0.0,0.0,1.1099999999999994,25.599999999999994,0.63,-0.14000000000000012,-0.3599999999999999,-48.0,0.21
2025,12,0.0,2025_12_NYG_DET,New York Giants,Devin Singletary,RB,00-0035250,1.0,0.0,0.0,0.0,0.0,11.73,49.6,0.24,2.4,1.76,11.6,0.13,0.3054,72.0,30.97,38.54,235.0,190.6,1.68250830330301,1.000609459832661,0.7741871308043299,1.0,1.0,devin singletary,devinsingletary,dsingletary,New York Giants,00-0035250,0.0,0.0,0.0,0.0,15.0,47.0,0.0,0.0,0.0,0.0,0.0,D.Singletary,NYG,team_norm & _alias_init_last,0.0,0.0,0.0,0.0,-3.2699999999999996,2.6000000000000014,0.24,2.4,1.76,11.6,0.13
2025,12,0.0,2025_12_NYG_DET,New York Giants,Eric Gray,RB,00-0038396,1.0,0.0,0.0,0.0,0.0,0.0,0.0,0.0,0.0,0.0,0.0,0.0,0.0,72.0,30.97,38.54,235.0,190.6,1.68250830330301,1.000609459832661,0.7741871308043299,1.0,1.0,eric gray,ericgray,egray,New York Giants,00-0038396,,,,,,,,,,,,,,,,,,,,,,,,,
2025,12,0.0,2025_12_NYG_DET,New York Giants,Theo Johnson,TE,00-0039847,1.0,0.0,0.0,0.0,0.0,0.0,0.0,0.0,5.82,3.42,33.5,0.29,0.2523,72.0,30.97,38.54,235.0,190.6,1.68250830330301,1.000609459832661,0.7741871308043299,1.0,1.0,theo johnson,theojohnson,tjohnson,New York Giants,00-0039847,0.0,0.0,0.0,0.0,0.0,0.0,0.0,6.0,3.0,77.0,0.0,T.Johnson,NYG,team_norm & _alias_init_last,0.0,0.0,0.0,0.0,0.0,0.0,0.0,-0.17999999999999972,0.41999999999999993,-43.5,0.29
2025,12,0.0,2025_12_NYG_DET,New York Giants,Daniel Bellinger,TE,00-0038115,1.0,0.0,0.0,0.0,0.0,0.0,0.0,0.0,3.01,2.23,16.7,0.15,0.1407,72.0,30.97,38.54,235.0,190.6,1.68250830330301,1.000609459832661,0.7741871308043299,1.0,1.0,daniel bellinger,danielbellinger,dbellinger,New York Giants,00-0038115,0.0,0.0,0.0,0.0,0.0,0.0,0.0,2.0,0.0,0.0,0.0,D.Bellinger,NYG,team_norm & _alias_init_last,0.0,0.0,0.0,0.0,0.0,0.0,0.0,1.0099999999999998,2.23,16.7,0.15
2025,12,0.0,2025_12_NYG_DET,New York Giants,Chris Manhertz,TE,00-0031484,1.0,0.0,0.0,0.0,0.0,0.0,0.0,0.0,0.0,0.0,0.0,0.0,0.0,72.0,30.97,38.54,235.0,190.6,1.68250830330301,1.000609459832661,0.7741871308043299,1.0,1.0,chris manhertz,chrismanhertz,cmanhertz,New York Giants,00-0031484,,,,,,,,,,,,,,,,,,,,,,,,,
2025,12,0.0,2025_12_NYG_DET,New York Giants,Jermaine Terry,TE,00-0040457,1.0,0.0,0.0,0.0,0.0,0.0,0.0,0.0,0.0,0.0,0.0,0.0,0.0,72.0,30.97,38.54,235.0,190.6,1.68250830330301,1.000609459832661,0.7741871308043299,0.0,0.0,jermaine terry,jermaineterry,jterry,New York Giants,00-0040457,,,,,,,,,,,,,,,,,,,,,,,,,
2025,12,0.0,2025_12_NYG_DET,New York Giants,Wan'Dale Robinson,WR,00-0038117,1.0,0.0,0.0,0.0,0.0,0.0,0.0,0.0,7.03,4.57,42.5,0.35,0.2921,72.0,30.97,38.54,235.0,190.6,1.68250830330301,1.000609459832661,0.7741871308043299,1.0,1.0,wan'dale robinson,wandalerobinson,wrobinson,New York Giants,,0.0,0.0,0.0,0.0,1.0,0.0,0.0,14.0,9.0,156.0,1.0,W.Robinson,NYG,team_norm & _alias_init_last,0.0,0.0,0.0,0.0,-1.0,0.0,0.0,-6.97,-4.43,-113.5,-0.65
2025,12,0.0,2025_12_NYG_DET,New York Giants,Darius Slayton,WR,00-0035535,1.0,0.0,0.0,0.0,0.0,0.0,0.0,0.0,5.3,2.93,31.4,0.26,0.2273,72.0,30.97,38.54,235.0,190.6,1.68250830330301,1.000609459832661,0.7741871308043299,1.0,1.0,darius slayton,dariusslayton,dslayton,New York Giants,00-0035535,0.0,0.0,0.0,0.0,0.0,0.0,0.0,2.0,1.0,23.0,0.0,D.Slayton,NYG,team_norm & _alias_init_last,0.0,0.0,0.0,0.0,0.0,0.0,0.0,3.3,1.9300000000000002,8.399999999999999,0.26
2025,12,0.0,2025_12_NYG_DET,New York Giants,Isaiah Hodgins,WR,00-0036165,1.0,0.0,0.0,0.0,0.0,0.0,0.0,0.0,3.53,2.28,22.5,0.19,0.1694,72.0,30.97,38.54,235.0,190.6,1.68250830330301,1.000609459832661,0.7741871308043299,1.0,1.0,isaiah hodgins,isaiahhodgins,ihodgins,New York Giants,00-0036165,0.0,0.0,0.0,0.0,0.0,0.0,0.0,8.0,2.0,42.0,1.0,I.Hodgins,NYG,team_norm & _alias_init_last,0.0,0.0,0.0,0.0,0.0,0.0,0.0,-4.470000000000001,0.2799999999999998,-19.5,-0.81
2025,12,0.0,2025_12_NYG_DET,New York Giants,Antwane Wells Jr.,WR,00-0040438,1.0,0.0,0.0,0.0,0.0,0.0,0.0,0.0,0.0,0.0,0.0,0.0,0.0,72.0,30.97,38.54,235.0,190.6,1.68250830330301,1.000609459832661,0.7741871308043299,0.0,0.0,antwane wells jr.,antwanewellsjr,awells,New York Giants,00-0040438,,,,,,,,,,,,,,,,,,,,,,,,,
2025,12,0.0,2025_12_NYG_DET,New York Giants,Dalen Cambre,WR,00-0040431,1.0,0.0,0.0,0.0,0.0,0.0,0.0,0.0,0.0,0.0,0.0,0.0,0.0,72.0,30.97,38.54,235.0,190.6,1.68250830330301,1.000609459832661,0.7741871308043299,1.0,1.0,dalen cambre,dalencambre,dcambre,New York Giants,00-0040431,,,,,,,,,,,,,,,,,,,,,,,,,
2025,12,0.0,2025_12_NYG_DET,New York Giants,Gunner Olszewski,WR,00-0035645,1.0,0.0,0.0,0.0,0.0,0.0,0.0,0.0,0.0,0.0,0.0,0.0,0.0,72.0,30.97,38.54,235.0,190.6,1.68250830330301,1.000609459832661,0.7741871308043299,1.0,1.0,gunner olszewski,gunnerolszewski,golszewski,New York Giants,,1.0,33.0,1.0,0.0,0.0,0.0,0.0,1.0,0.0,0.0,0.0,G.Olszewski,NYG,team_norm & _alias_init_last,-1.0,-33.0,-1.0,0.0,0.0,0.0,0.0,-1.0,0.0,0.0,0.0
2025,12,0.0,2025_12_NYG_DET,New York Giants,Jalin Hyatt,WR,00-0038938,1.0,0.0,0.0,0.0,0.0,0.0,0.0,0.0,0.0,0.0,0.0,0.0,0.0,72.0,30.97,38.54,235.0,190.6,1.68250830330301,1.000609459832661,0.7741871308043299,1.0,1.0,jalin hyatt,jalinhyatt,jhyatt,New York Giants,00-0038938,,,,,,,,,,,,,,,,,,,,,,,,,
2025,12,0.0,2025_12_NYJ_BAL,Baltimore Ravens,Lamar Jackson,QB,00-0034796,1.0,33.75,198.8,2.56,0.85,10.98,27.9,0.45,0.0,0.0,0.0,0.0,0.3629,72.0,36.31,32.95,203.7,120.4,3.3885284565912954,1.5744280611158148,0.9076565561631644,1.0,1.0,lamar jackson,lamarjackson,ljackson,Baltimore Ravens,00-0034796,32.0,153.0,0.0,0.0,0.0,0.0,0.0,0.0,0.0,0.0,0.0,L.Jackson,BAL,team_norm & _alias_init_last,1.75,45.80000000000001,2.56,0.85,10.98,27.9,0.45,0.0,0.0,0.0,0.0
2025,12,0.0,2025_12_NYJ_BAL,Baltimore Ravens,Derrick Henry,RB,00-0032764,1.0,0.0,0.0,0.0,0.0,14.12,42.6,0.89,4.6,3.25,17.6,0.43,0.7334,72.0,36.31,32.95,203.7,120.4,3.3885284565912954,1.5744280611158148,0.9076565561631644,1.0,1.0,derrick henry,derrickhenry,dhenry,Baltimore Ravens,00-0032764,0.0,0.0,0.0,0.0,21.0,64.0,2.0,2.0,2.0,24.0,0.0,D.Henry,BAL,team_norm & _alias_init_last,0.0,0.0,0.0,0.0,-6.880000000000001,-21.4,-1.1099999999999999,2.5999999999999996,1.25,-6.399999999999999,0.43
2025,12,0.0,2025_12_NYJ_BAL,Baltimore Ravens,Justice Hill,RB,00-0034975,1.0,0.0,0.0,0.0,0.0,7.85,24.7,0.32,2.86,2.07,10.3,0.26,0.4425,72.0,36.31,32.95,203.7,120.4,3.3885284565912954,1.5744280611158148,0.9076565561631644,1.0,1.0,justice hill,justicehill,jhill,Baltimore Ravens,00-0034975,,,,,,,,,,,,,,,,,,,,,,,,,
2025,12,0.0,2025_12_NYJ_BAL,Baltimore Ravens,Keaton Mitchell,RB,00-0038454,1.0,0.0,0.0,0.0,0.0,0.0,0.0,0.0,0.0,0.0,0.0,0.0,0.0,72.0,36.31,32.95,203.7,120.4,3.3885284565912954,1.5744280611158148,0.9076565561631644,1.0,1.0,keaton mitchell,keatonmitchell,kmitchell,Baltimore Ravens,00-0038454,0.0,0.0,0.0,0.0,4.0,10.0,0.0,1.0,1.0,9.0,0.0,K.Mitchell,BAL,team_norm & _alias_init_last,0.0,0.0,0.0,0.0,-4.0,-10.0,0.0,-1.0,-1.0,-9.0,0.0
2025,12,0.0,2025_12_NYJ_BAL,Baltimore Ravens,Mark Andrews,TE,00-0034753,1.0,0.0,0.0,0.0,0.0,0.0,0.0,0.0,6.76,4.32,26.2,0.61,0.4541,72.0,36.31,32.95,203.7,120.4,3.3885284565912954,1.5744280611158148,0.9076565561631644,1.0,1.0,mark andrews,markandrews,mandrews,Baltimore Ravens,00-0034753,0.0,0.0,0.0,0.0,2.0,2.0,0.0,4.0,1.0,9.0,0.0,M.Andrews,BAL,team_norm & _alias_init_last,0.0,0.0,0.0,0.0,-2.0,-2.0,0.0,2.76,3.3200000000000003,17.2,0.61
2025,12,0.0,2025_12_NYJ_BAL,Baltimore Ravens,Isaiah Likely,TE,00-0037838,1.0,0.0,0.0,0.0,0.0,0.0,0.0,0.0,3.49,2.32,13.8,0.31,0.2662,72.0,36.31,32.95,203.7,120.4,3.3885284565912954,1.5744280611158148,0.9076565561631644,1.0,1.0,isaiah likely,isaiahlikely,ilikely,Baltimore Ravens,00-0037838,0.0,0.0,0.0,0.0,0.0,0.0,0.0,3.0,1.0,10.0,0.0,I.Likely,BAL,team_norm & _alias_init_last,0.0,0.0,0.0,0.0,0.0,0.0,0.0,0.4900000000000002,1.3199999999999998,3.8000000000000007,0.31
2025,12,0.0,2025_12_NYJ_BAL,Baltimore Ravens,Baylor Cupp,TE,00-0039316,1.0,0.0,0.0,0.0,0.0,0.0,0.0,0.0,0.0,0.0,0.0,0.0,0.0,72.0,36.31,32.95,203.7,120.4,3.3885284565912954,1.5744280611158148,0.9076565561631644,0.0,0.0,baylor cupp,baylorcupp,bcupp,Baltimore Ravens,00-0039316,,,,,,,,,,,,,,,,,,,,,,,,,
2025,12,0.0,2025_12_NYJ_BAL,Baltimore Ravens,Charlie Kolar,TE,00-0038046,1.0,0.0,0.0,0.0,0.0,0.0,0.0,0.0,0.0,0.0,0.0,0.0,0.0,72.0,36.31,32.95,203.7,120.4,3.3885284565912954,1.5744280611158148,0.9076565561631644,1.0,1.0,charlie kolar,charliekolar,ckolar,Baltimore Ravens,00-0038046,,,,,,,,,,,,,,,,,,,,,,,,,
2025,12,0.0,2025_12_NYJ_BAL,Baltimore Ravens,Zay Flowers,WR,00-0039064,1.0,0.0,0.0,0.0,0.0,0.0,0.0,0.0,8.16,5.51,38.6,0.7,0.5029,72.0,36.31,32.95,203.7,120.4,3.3885284565912954,1.5744280611158148,0.9076565561631644,1.0,1.0,zay flowers,zayflowers,zflowers,Baltimore Ravens,,0.0,0.0,0.0,0.0,2.0,11.0,0.0,7.0,5.0,58.0,0.0,Z.Flowers,BAL,team_norm & _alias_init_last,0.0,0.0,0.0,0.0,-2.0,-11.0,0.0,1.1600000000000001,0.5099999999999998,-19.4,0.7
2025,12,0.0,2025_12_NYJ_BAL,Baltimore Ravens,Rashod Bateman,WR,00-0036550,1.0,0.0,0.0,0.0,0.0,0.0,0.0,0.0,6.15,3.6,29.1,0.54,0.4167,72.0,36.31,32.95,203.7,120.4,3.3885284565912954,1.5744280611158148,0.9076565561631644,0.0,0.0,rashod bateman,rashodbateman,rbateman,Baltimore Ravens,00-0036550,,,,,,,,,,,,,,,,,,,,,,,,,
2025,12,0.0,2025_12_NYJ_BAL,Baltimore Ravens,DeAndre Hopkins,WR,00-0030564,1.0,0.0,0.0,0.0,0.0,0.0,0.0,0.0,4.1,2.4,17.8,0.35,0.298,72.0,36.31,32.95,203.7,120.4,3.3885284565912954,1.5744280611158148,0.9076565561631644,1.0,1.0,deandre hopkins,deandrehopkins,dhopkins,Baltimore Ravens,00-0030564,0.0,0.0,0.0,0.0,0.0,0.0,0.0,3.0,2.0,13.0,0.0,D.Hopkins,BAL,team_norm & _alias_init_last,0.0,0.0,0.0,0.0,0.0,0.0,0.0,1.0999999999999996,0.3999999999999999,4.800000000000001,0.35
2025,12,0.0,2025_12_NYJ_BAL,Baltimore Ravens,Anthony Miller,WR,00-0034353,1.0,0.0,0.0,0.0,0.0,0.0,0.0,0.0,0.0,0.0,0.0,0.0,0.0,72.0,36.31,32.95,203.7,120.4,3.3885284565912954,1.5744280611158148,0.9076565561631644,0.0,0.0,anthony miller,anthonymiller,amiller,Baltimore Ravens,00-0034353,,,,,,,,,,,,,,,,,,,,,,,,,
2025,12,0.0,2025_12_NYJ_BAL,Baltimore Ravens,Devontez Walker,WR,00-0039792,1.0,0.0,0.0,0.0,0.0,0.0,0.0,0.0,0.0,0.0,0.0,0.0,0.0,72.0,36.31,32.95,203.7,120.4,3.3885284565912954,1.5744280611158148,0.9076565561631644,1.0,1.0,devontez walker,devontezwalker,dwalker,Baltimore Ravens,00-0039792,0.0,0.0,0.0,0.0,0.0,0.0,0.0,1.0,1.0,30.0,0.0,D.Walker,BAL,team_norm & _alias_init_last,0.0,0.0,0.0,0.0,0.0,0.0,0.0,-1.0,-1.0,-30.0,0.0
2025,12,0.0,2025_12_NYJ_BAL,Baltimore Ravens,LaJohntay Wester,WR,00-0040075,1.0,0.0,0.0,0.0,0.0,0.0,0.0,0.0,0.0,0.0,0.0,0.0,0.0,72.0,36.31,32.95,203.7,120.4,3.3885284565912954,1.5744280611158148,0.9076565561631644,1.0,1.0,lajohntay wester,lajohntaywester,lwester,Baltimore Ravens,00-0040075,,,,,,,,,,,,,,,,,,,,,,,,,
2025,12,0.0,2025_12_NYJ_BAL,Baltimore Ravens,Tylan Wallace,WR,00-0036630,1.0,0.0,0.0,0.0,0.0,0.0,0.0,0.0,0.0,0.0,0.0,0.0,0.0,72.0,36.31,32.95,203.7,120.4,3.3885284565912954,1.5744280611158148,0.9076565561631644,1.0,1.0,tylan wallace,tylanwallace,twallace,Baltimore Ravens,00-0036630,0.0,0.0,0.0,0.0,0.0,0.0,0.0,2.0,0.0,0.0,0.0,T.Wallace,BAL,team_norm & _alias_init_last,0.0,0.0,0.0,0.0,0.0,0.0,0.0,-2.0,0.0,0.0,0.0
2025,12,0.0,2025_12_NYJ_BAL,New York Jets,Tyrod Taylor,QB,00-0028118,1.0,26.72,182.3,1.93,0.69,2.16,8.9,0.09,0.0,0.0,0.0,0.0,0.0905,55.0,29.7,23.16,225.4,114.5,2.8295390621202547,1.0721955514167285,0.7424074959554399,1.0,1.0,tyrod taylor,tyrodtaylor,ttaylor,New York Jets,00-0028118,35.0,222.0,1.0,1.0,2.0,2.0,0.0,0.0,0.0,0.0,0.0,T.Taylor,NYJ,team_norm & _alias_init_last,-8.280000000000001,-39.69999999999999,0.9299999999999999,-0.31000000000000005,0.16000000000000014,6.9,0.09,0.0,0.0,0.0,0.0
2025,12,0.0,2025_12_NYJ_BAL,New York Jets,Breece Hall,RB,00-0038120,1.0,0.0,0.0,0.0,0.0,13.5,55.9,0.71,3.72,2.53,19.3,0.36,0.658,55.0,29.7,23.16,225.4,114.5,2.8295390621202547,1.0721955514167285,0.7424074959554399,1.0,1.0,breece hall,breecehall,bhall,New York Jets,00-0038120,0.0,0.0,0.0,0.0,17.0,44.0,0.0,4.0,4.0,75.0,0.0,B.Hall,NYJ,team_norm & _alias_init_last,0.0,0.0,0.0,0.0,-3.5,11.899999999999999,0.71,-0.2799999999999998,-1.4700000000000002,-55.7,0.36
2025,12,0.0,2025_12_NYJ_BAL,New York Jets,Isaiah Davis,RB,00-0039798,1.0,0.0,0.0,0.0,0.0,7.5,33.9,0.26,2.31,1.57,13.3,0.22,0.384,55.0,29.7,23.16,225.4,114.5,2.8295390621202547,1.0721955514167285,0.7424074959554399,1.0,1.0,isaiah davis,isaiahdavis,idavis,New York Jets,00-0039798,0.0,0.0,0.0,0.0,4.0,7.0,0.0,0.0,0.0,0.0,0.0,I.Davis,NYJ,team_norm & _alias_init_last,0.0,0.0,0.0,0.0,3.5,26.9,0.26,2.31,1.57,13.3,0.22
2025,12,0.0,2025_12_NYJ_BAL,New York Jets,Kene Nwangwu,RB,00-0036842,1.0,0.0,0.0,0.0,0.0,0.0,0.0,0.0,0.0,0.0,0.0,0.0,0.0,55.0,29.7,23.16,225.4,114.5,2.8295390621202547,1.0721955514167285,0.7424074959554399,1.0,1.0,kene nwangwu,kenenwangwu,knwangwu,New York Jets,00-0036842,,,,,,,,,,,,,,,,,,,,,,,,,
2025,12,0.0,2025_12_NYJ_BAL,New York Jets,Mason Taylor,TE,00-0040736,1.0,0.0,0.0,0.0,0.0,0.0,0.0,0.0,5.44,3.44,36.8,0.48,0.3831,55.0,29.7,23.16,225.4,114.5,2.8295390621202547,1.0721955514167285,0.7424074959554399,1.0,1.0,mason taylor,masontaylor,mtaylor,New York Jets,00-0040736,0.0,0.0,0.0,0.0,0.0,0.0,0.0,5.0,3.0,21.0,0.0,M.Taylor,NYJ,team_norm & _alias_init_last,0.0,0.0,0.0,0.0,0.0,0.0,0.0,0.4400000000000004,0.43999999999999995,15.799999999999997,0.48
2025,12,0.0,2025_12_NYJ_BAL,New York Jets,Jeremy Ruckert,TE,00-0037805,1.0,0.0,0.0,0.0,0.0,0.0,0.0,0.0,2.81,1.93,17.6,0.24,0.214,55.0,29.7,23.16,225.4,114.5,2.8295390621202547,1.0721955514167285,0.7424074959554399,1.0,1.0,jeremy ruckert,jeremyruckert,jruckert,New York Jets,00-0037805,,,,,,,,,,,,,,,,,,,,,,,,,
2025,12,0.0,2025_12_NYJ_BAL,New York Jets,Jelani Woods,TE,00-0037755,1.0,0.0,0.0,0.0,0.0,0.0,0.0,0.0,0.0,0.0,0.0,0.0,0.0,55.0,29.7,23.16,225.4,114.5,2.8295390621202547,1.0721955514167285,0.7424074959554399,0.0,0.0,jelani woods,jelaniwoods,jwoods,New York Jets,00-0037755,,,,,,,,,,,,,,,,,,,,,,,,,
2025,12,0.0,2025_12_NYJ_BAL,New York Jets,Stone Smartt,TE,00-0037475,1.0,0.0,0.0,0.0,0.0,0.0,0.0,0.0,0.0,0.0,0.0,0.0,0.0,55.0,29.7,23.16,225.4,114.5,2.8295390621202547,1.0721955514167285,0.7424074959554399,1.0,1.0,stone smartt,stonesmartt,ssmartt,New York Jets,00-0037475,,,,,,,,,,,,,,,,,,,,,,,,,
2025,12,0.0,2025_12_NYJ_BAL,New York Jets,John Metchie III,WR,00-0037614,1.0,0.0,0.0,0.0,0.0,0.0,0.0,0.0,6.84,4.3,45.8,0.63,0.4653,55.0,29.7,23.16,225.4,114.5,2.8295390621202547,1.0721955514167285,0.7424074959554399,1.0,1.0,john metchie iii,johnmetchieiii,jmetchie,New York Jets,00-0037614,0.0,0.0,0.0,0.0,0.0,0.0,0.0,7.0,6.0,65.0,1.0,J.Metchie,NYJ,team_norm & _alias_init_last,0.0,0.0,0.0,0.0,0.0,0.0,0.0,-0.16000000000000014,-1.7000000000000002,-19.200000000000003,-0.37
2025,12,0.0,2025_12_NYJ_BAL,New York Jets,Adonai Mitchell,WR,00-0039890,1.0,0.0,0.0,0.0,0.0,0.0,0.0,0.0,5.15,2.26,32.5,0.46,0.3705,55.0,29.7,23.16,225.4,114.5,2.8295390621202547,1.0721955514167285,0.7424074959554399,1.0,1.0,adonai mitchell,adonaimitchell,amitchell,New York Jets,00-0039890,0.0,0.0,0.0,0.0,0.0,0.0,0.0,7.0,2.0,42.0,0.0,A.Mitchell,NYJ,team_norm & _alias_init_last,0.0,0.0,0.0,0.0,0.0,0.0,0.0,-1.8499999999999996,0.2599999999999998,-9.5,0.46
2025,12,0.0,2025_12_NYJ_BAL,New York Jets,Allen Lazard,WR,00-0034521,1.0,0.0,0.0,0.0,0.0,0.0,0.0,0.0,3.43,1.92,19.9,0.32,0.2735,55.0,29.7,23.16,225.4,114.5,2.8295390621202547,1.0721955514167285,0.7424074959554399,1.0,1.0,allen lazard,allenlazard,alazard,New York Jets,00-0034521,0.0,0.0,0.0,0.0,0.0,0.0,0.0,3.0,1.0,9.0,0.0,A.Lazard,NYJ,team_norm & _alias_init_last,0.0,0.0,0.0,0.0,0.0,0.0,0.0,0.43000000000000016,0.9199999999999999,10.899999999999999,0.32
2025,12,0.0,2025_12_NYJ_BAL,New York Jets,Arian Smith,WR,00-0040582,1.0,0.0,0.0,0.0,0.0,0.0,0.0,0.0,0.0,0.0,0.0,0.0,0.0,55.0,29.7,23.16,225.4,114.5,2.8295390621202547,1.0721955514167285,0.7424074959554399,1.0,1.0,arian smith,ariansmith,asmith,New York Jets,00-0040407,0.0,0.0,0.0,0.0,1.0,8.0,0.0,0.0,0.0,0.0,0.0,A.Smith,NYJ,team_norm & _alias_init_last,0.0,0.0,0.0,0.0,-1.0,-8.0,0.0,0.0,0.0,0.0,0.0
2025,12,0.0,2025_12_NYJ_BAL,New York Jets,Isaiah Williams,WR,00-0039451,1.0,0.0,0.0,0.0,0.0,0.0,0.0,0.0,0.0,0.0,0.0,0.0,0.0,55.0,29.7,23.16,225.4,114.5,2.8295390621202547,1.0721955514167285,0.7424074959554399,1.0,1.0,isaiah williams,isaiahwilliams,iwilliams,New York Jets,00-0039451,,,,,,,,,,,,,,,,,,,,,,,,,
2025,12,0.0,2025_12_PHI_DAL,Dallas Cowboys,Dak Prescott,QB,00-0033077,1.0,38.1,261.6,1.93,0.9,3.15,11.3,0.1,0.0,0.0,0.0,0.0,0.0939,72.0,38.45,31.35,291.9,155.0,2.216803515903334,0.8860500164412493,0.9612989574736268,1.0,1.0,dak prescott,dakprescott,dprescott,Dallas Cowboys,,45.0,354.0,2.0,1.0,0.0,0.0,0.0,0.0,0.0,0.0,0.0,D.Prescott,DAL,team_norm & _alias_init_last,-6.899999999999999,-92.39999999999998,-0.07000000000000006,-0.09999999999999998,3.15,11.3,0.1,0.0,0.0,0.0,0.0
2025,12,0.0,2025_12_PHI_DAL,Dallas Cowboys,Javonte Williams,RB,00-0036997,1.0,0.0,0.0,0.0,0.0,18.13,74.9,0.63,4.77,3.33,26.1,0.28,0.5989,72.0,38.45,31.35,291.9,155.0,2.216803515903334,0.8860500164412493,0.9612989574736268,1.0,1.0,javonte williams,javontewilliams,jwilliams,Dallas Cowboys,00-0036997,0.0,0.0,0.0,0.0,20.0,87.0,0.0,4.0,2.0,14.0,0.0,J.Williams,DAL,team_norm & _alias_init_last,0.0,0.0,0.0,0.0,-1.870000000000001,-12.099999999999994,0.63,0.7699999999999996,1.33,12.100000000000001,0.28
2025,12,0.0,2025_12_PHI_DAL,Dallas Cowboys,Malik Davis,RB,00-0037563,1.0,0.0,0.0,0.0,0.0,10.07,45.6,0.21,2.97,1.99,20.7,0.17,0.3185,72.0,38.45,31.35,291.9,155.0,2.216803515903334,0.8860500164412493,0.9612989574736268,1.0,1.0,malik davis,malikdavis,mdavis,Dallas Cowboys,00-0037563,0.0,0.0,0.0,0.0,3.0,24.0,0.0,0.0,0.0,0.0,0.0,M.Davis,DAL,team_norm & _alias_init_last,0.0,0.0,0.0,0.0,7.07,21.6,0.21,2.97,1.99,20.7,0.17
2025,12,0.0,2025_12_PHI_DAL,Dallas Cowboys,Jake Ferguson,TE,00-0038041,1.0,0.0,0.0,0.0,0.0,0.0,0.0,0.0,7.07,5.11,38.3,0.39,0.3232,72.0,38.45,31.35,291.9,155.0,2.216803515903334,0.8860500164412493,0.9612989574736268,1.0,1.0,jake ferguson,jakeferguson,jferguson,Dallas Cowboys,00-0038041,0.0,0.0,0.0,0.0,1.0,1.0,0.0,7.0,5.0,60.0,0.0,J.Ferguson,DAL,team_norm & _alias_init_last,0.0,0.0,0.0,0.0,-1.0,-1.0,0.0,0.07000000000000028,0.11000000000000032,-21.700000000000003,0.39
2025,12,0.0,2025_12_PHI_DAL,Dallas Cowboys,Luke Schoonmaker,TE,00-0038547,1.0,0.0,0.0,0.0,0.0,0.0,0.0,0.0,3.66,2.28,20.6,0.19,0.1759,72.0,38.45,31.35,291.9,155.0,2.216803515903334,0.8860500164412493,0.9612989574736268,1.0,1.0,luke schoonmaker,lukeschoonmaker,lschoonmaker,Dallas Cowboys,00-0038547,0.0,0.0,0.0,0.0,0.0,0.0,0.0,1.0,0.0,0.0,0.0,L.Schoonmaker,DAL,team_norm & _alias_init_last,0.0,0.0,0.0,0.0,0.0,0.0,0.0,2.66,2.28,20.6,0.19
2025,12,0.0,2025_12_PHI_DAL,Dallas Cowboys,Brevyn Spann-Ford,TE,00-0039530,1.0,0.0,0.0,0.0,0.0,0.0,0.0,0.0,0.0,0.0,0.0,0.0,0.0,72.0,38.45,31.35,291.9,155.0,2.216803515903334,0.8860500164412493,0.9612989574736268,1.0,1.0,brevyn spann-ford,brevynspannford,bspannford,Dallas Cowboys,00-0039530,0.0,0.0,0.0,0.0,0.0,0.0,0.0,1.0,1.0,4.0,1.0,B.Spann-Ford,DAL,team_norm & _alias_init_last,0.0,0.0,0.0,0.0,0.0,0.0,0.0,-1.0,-1.0,-4.0,-1.0
2025,12,0.0,2025_12_PHI_DAL,Dallas Cowboys,CeeDee Lamb,WR,00-0036358,1.0,0.0,0.0,0.0,0.0,0.0,0.0,0.0,8.86,5.47,49.8,0.48,0.3831,72.0,38.45,31.35,291.9,155.0,2.216803515903334,0.8860500164412493,0.9612989574736268,1.0,1.0,ceedee lamb,ceedeelamb,clamb,Dallas Cowboys,00-0036358,0.0,0.0,0.0,0.0,0.0,0.0,0.0,13.0,4.0,75.0,0.0,C.Lamb,DAL,team_norm & _alias_init_last,0.0,0.0,0.0,0.0,0.0,0.0,0.0,-4.140000000000001,1.4699999999999998,-25.200000000000003,0.48
2025,12,0.0,2025_12_PHI_DAL,Dallas Cowboys,George Pickens,WR,00-0037247,1.0,0.0,0.0,0.0,0.0,0.0,0.0,0.0,6.68,3.69,36.5,0.36,0.3034,72.0,38.45,31.35,291.9,155.0,2.216803515903334,0.8860500164412493,0.9612989574736268,1.0,1.0,george pickens,georgepickens,gpickens,Dallas Cowboys,00-0037247,0.0,0.0,0.0,0.0,0.0,0.0,0.0,10.0,9.0,146.0,1.0,G.Pickens,DAL,team_norm & _alias_init_last,0.0,0.0,0.0,0.0,0.0,0.0,0.0,-3.3200000000000003,-5.3100000000000005,-109.5,-0.64
2025,12,0.0,2025_12_PHI_DAL,Dallas Cowboys,Ryan Flournoy,WR,00-0039410,1.0,0.0,0.0,0.0,0.0,0.0,0.0,0.0,4.45,2.83,29.0,0.24,0.2151,72.0,38.45,31.35,291.9,155.0,2.216803515903334,0.8860500164412493,0.9612989574736268,1.0,1.0,ryan flournoy,ryanflournoy,rflournoy,Dallas Cowboys,00-0039410,0.0,0.0,0.0,0.0,0.0,0.0,0.0,1.0,0.0,0.0,0.0,R.Flournoy,DAL,team_norm & _alias_init_last,0.0,0.0,0.0,0.0,0.0,0.0,0.0,3.45,2.83,29.0,0.24
2025,12,0.0,2025_12_PHI_DAL,Dallas Cowboys,Jonathan Mingo,WR,00-0039062,1.0,0.0,0.0,0.0,0.0,0.0,0.0,0.0,0.0,0.0,0.0,0.0,0.0,72.0,38.45,31.35,291.9,155.0,2.216803515903334,0.8860500164412493,0.9612989574736268,1.0,1.0,jonathan mingo,jonathanmingo,jmingo,Dallas Cowboys,00-0039062,,,,,,,,,,,,,,,,,,,,,,,,,
2025,12,0.0,2025_12_PHI_DAL,Dallas Cowboys,KaVontae Turpin,WR,00-0037801,1.0,0.0,0.0,0.0,0.0,0.0,0.0,0.0,0.0,0.0,0.0,0.0,0.0,72.0,38.45,31.35,291.9,155.0,2.216803515903334,0.8860500164412493,0.9612989574736268,1.0,1.0,kavontae turpin,kavontaeturpin,kturpin,Dallas Cowboys,00-0037801,0.0,0.0,0.0,0.0,2.0,4.0,0.0,3.0,1.0,48.0,0.0,K.Turpin,DAL,team_norm & _alias_init_last,0.0,0.0,0.0,0.0,-2.0,-4.0,0.0,-3.0,-1.0,-48.0,0.0
2025,12,0.0,2025_12_PHI_DAL,Philadelphia Eagles,Jalen Hurts,QB,00-0036389,1.0,31.12,193.3,1.78,0.75,12.51,37.5,0.41,0.0,0.0,0.0,0.0,0.3386,72.0,32.13,37.52,208.6,158.7,2.373700193021808,1.282225690266766,0.8032173062171657,1.0,1.0,jalen hurts,jalenhurts,jhurts,Philadelphia Eagles,00-0036389,47.0,289.0,1.0,0.0,4.0,14.0,2.0,0.0,0.0,0.0,0.0,J.Hurts,PHI,team_norm & _alias_init_last,-15.879999999999999,-95.69999999999999,0.78,0.75,8.51,23.5,-1.59,0.0,0.0,0.0,0.0
2025,12,0.0,2025_12_PHI_DAL,Philadelphia Eagles,Saquon Barkley,RB,00-0034844,1.0,0.0,0.0,0.0,0.0,16.08,59.0,0.73,4.14,2.91,19.6,0.3,0.6427,72.0,32.13,37.52,208.6,158.7,2.373700193021808,1.282225690266766,0.8032173062171657,1.0,1.0,saquon barkley,saquonbarkley,sbarkley,Philadelphia Eagles,00-0034844,0.0,0.0,0.0,0.0,11.0,22.0,0.0,8.0,7.0,52.0,0.0,S.Barkley,PHI,team_norm & _alias_init_last,0.0,0.0,0.0,0.0,5.079999999999998,37.0,0.73,-3.8600000000000003,-4.09,-32.4,0.3
2025,12,0.0,2025_12_PHI_DAL,Philadelphia Eagles,Tank Bigsby,RB,00-0038555,1.0,0.0,0.0,0.0,0.0,8.93,32.8,0.27,2.58,1.54,14.2,0.19,0.3695,72.0,32.13,37.52,208.6,158.7,2.373700193021808,1.282225690266766,0.8032173062171657,1.0,1.0,tank bigsby,tankbigsby,tbigsby,Philadelphia Eagles,,0.0,0.0,0.0,0.0,1.0,8.0,0.0,0.0,0.0,0.0,0.0,T.Bigsby,PHI,team_norm & _alias_init_last,0.0,0.0,0.0,0.0,7.93,24.799999999999997,0.27,2.58,1.54,14.2,0.19
2025,12,0.0,2025_12_PHI_DAL,Philadelphia Eagles,Will Shipley,RB,00-0039746,1.0,0.0,0.0,0.0,0.0,0.0,0.0,0.0,0.0,0.0,0.0,0.0,0.0,72.0,32.13,37.52,208.6,158.7,2.373700193021808,1.282225690266766,0.8032173062171657,1.0,1.0,will shipley,willshipley,wshipley,Philadelphia Eagles,00-0039746,,,,,,,,,,,,,,,,,,,,,,,,,
2025,12,0.0,2025_12_PHI_DAL,Philadelphia Eagles,Dallas Goedert,TE,00-0034351,1.0,0.0,0.0,0.0,0.0,0.0,0.0,0.0,6.14,4.38,28.7,0.41,0.3394,72.0,32.13,37.52,208.6,158.7,2.373700193021808,1.282225690266766,0.8032173062171657,1.0,1.0,dallas goedert,dallasgoedert,dgoedert,Philadelphia Eagles,00-0034351,0.0,0.0,0.0,0.0,0.0,0.0,0.0,4.0,2.0,20.0,0.0,D.Goedert,PHI,team_norm & _alias_init_last,0.0,0.0,0.0,0.0,0.0,0.0,0.0,2.1399999999999997,2.38,8.7,0.41
2025,12,0.0,2025_12_PHI_DAL,Philadelphia Eagles,Grant Calcaterra,TE,00-0037086,1.0,0.0,0.0,0.0,0.0,0.0,0.0,0.0,3.18,2.28,17.4,0.22,0.1993,72.0,32.13,37.52,208.6,158.7,2.373700193021808,1.282225690266766,0.8032173062171657,1.0,1.0,grant calcaterra,grantcalcaterra,gcalcaterra,Philadelphia Eagles,00-0037086,0.0,0.0,0.0,0.0,0.0,0.0,0.0,1.0,1.0,8.0,0.0,G.Calcaterra,PHI,team_norm & _alias_init_last,0.0,0.0,0.0,0.0,0.0,0.0,0.0,2.18,1.2799999999999998,9.399999999999999,0.22
2025,12,0.0,2025_12_PHI_DAL,Philadelphia Eagles,Cameron Latu,TE,00-0038564,1.0,0.0,0.0,0.0,0.0,0.0,0.0,0.0,0.0,0.0,0.0,0.0,0.0,72.0,32.13,37.52,208.6,158.7,2.373700193021808,1.282225690266766,0.8032173062171657,1.0,1.0,cameron latu,cameronlatu,clatu,Philadelphia Eagles,00-0038564,,,,,,,,,,,,,,,,,,,,,,,,,
2025,12,0.0,2025_12_PHI_DAL,Philadelphia Eagles,Kylen Granson,TE,00-0036876,1.0,0.0,0.0,0.0,0.0,0.0,0.0,0.0,0.0,0.0,0.0,0.0,0.0,72.0,32.13,37.52,208.6,158.7,2.373700193021808,1.282225690266766,0.8032173062171657,1.0,1.0,kylen granson,kylengranson,kgranson,Philadelphia Eagles,00-0036876,,,,,,,,,,,,,,,,,,,,,,,,,
2025,12,0.0,2025_12_PHI_DAL,Philadelphia Eagles,A.J. Brown,WR,00-0035676,1.0,0.0,0.0,0.0,0.0,0.0,0.0,0.0,7.0,4.12,36.8,0.48,0.3792,72.0,32.13,37.52,208.6,158.7,2.373700193021808,1.282225690266766,0.8032173062171657,1.0,1.0,a.j. brown,ajbrown,abrown,Philadelphia Eagles,00-0035676,0.0,0.0,0.0,0.0,0.0,0.0,0.0,10.0,8.0,110.0,1.0,A.Brown,PHI,team_norm & _alias_init_last,0.0,0.0,0.0,0.0,0.0,0.0,0.0,-3.0,-3.88,-73.2,-0.52
2025,12,0.0,2025_12_PHI_DAL,Philadelphia Eagles,DeVonta Smith,WR,00-0036912,1.0,0.0,0.0,0.0,0.0,0.0,0.0,0.0,5.27,3.65,27.6,0.36,0.2997,72.0,32.13,37.52,208.6,158.7,2.373700193021808,1.282225690266766,0.8032173062171657,1.0,1.0,devonta smith,devontasmith,dsmith,Philadelphia Eagles,00-0036912,0.0,0.0,0.0,0.0,0.0,0.0,0.0,13.0,6.0,89.0,0.0,D.Smith,PHI,team_norm & _alias_init_last,0.0,0.0,0.0,0.0,0.0,0.0,0.0,-7.73,-2.35,-61.4,0.36
2025,12,0.0,2025_12_PHI_DAL,Philadelphia Eagles,Jahan Dotson,WR,00-0037741,1.0,0.0,0.0,0.0,0.0,0.0,0.0,0.0,3.52,1.88,18.0,0.25,0.2195,72.0,32.13,37.52,208.6,158.7,2.373700193021808,1.282225690266766,0.8032173062171657,1.0,1.0,jahan dotson,jahandotson,jdotson,Philadelphia Eagles,00-0037741,0.0,0.0,0.0,0.0,0.0,0.0,0.0,1.0,0.0,0.0,0.0,J.Dotson,PHI,team_norm & _alias_init_last,0.0,0.0,0.0,0.0,0.0,0.0,0.0,2.52,1.88,18.0,0.25
2025,12,0.0,2025_12_PHI_DAL,Philadelphia Eagles,Darius Cooper,WR,00-0040024,1.0,0.0,0.0,0.0,0.0,0.0,0.0,0.0,0.0,0.0,0.0,0.0,0.0,72.0,32.13,37.52,208.6,158.7,2.373700193021808,1.282225690266766,0.8032173062171657,1.0,1.0,darius cooper,dariuscooper,dcooper,Philadelphia Eagles,00-0040024,0.0,0.0,0.0,0.0,0.0,0.0,0.0,2.0,2.0,7.0,0.0,D.Cooper,PHI,team_norm & _alias_init_last,0.0,0.0,0.0,0.0,0.0,0.0,0.0,-2.0,-2.0,-7.0,0.0
2025,12,0.0,2025_12_PIT_CHI,Chicago Bears,Caleb Williams,QB,00-0039918,1.0,34.49,219.6,1.4,0.78,8.99,32.8,0.25,0.0,0.0,0.0,0.0,0.2249,72.0,33.37,36.48,239.3,170.5,1.7445094557867074,0.9780076480816082,0.8341463142642157,1.0,1.0,caleb williams,calebwilliams,cwilliams,Chicago Bears,00-0035857,40.0,239.0,3.0,0.0,1.0,8.0,0.0,0.0,0.0,0.0,0.0,C.Williams,CHI,team_norm & _alias_init_last,-5.509999999999998,-19.400000000000006,-1.6,0.78,7.99,24.799999999999997,0.25,0.0,0.0,0.0,0.0
2025,12,0.0,2025_12_PIT_CHI,Chicago Bears,D'Andre Swift,RB,00-0036275,1.0,0.0,0.0,0.0,0.0,17.67,72.0,0.58,4.1,2.92,20.0,0.21,0.5453,72.0,33.37,36.48,239.3,170.5,1.7445094557867074,0.9780076480816082,0.8341463142642157,1.0,1.0,d'andre swift,dandreswift,dswift,Chicago Bears,00-0036275,0.0,0.0,0.0,0.0,9.0,15.0,0.0,2.0,1.0,14.0,0.0,D.Swift,CHI,team_norm & _alias_init_last,0.0,0.0,0.0,0.0,8.670000000000002,57.0,0.58,2.0999999999999996,1.92,6.0,0.21
2025,12,0.0,2025_12_PIT_CHI,Chicago Bears,Kyle Monangai,RB,00-0040236,1.0,0.0,0.0,0.0,0.0,9.82,39.2,0.21,2.55,1.53,13.9,0.13,0.292,72.0,33.37,36.48,239.3,170.5,1.7445094557867074,0.9780076480816082,0.8341463142642157,1.0,1.0,kyle monangai,kylemonangai,kmonangai,Chicago Bears,00-0040236,0.0,0.0,0.0,0.0,12.0,48.0,1.0,0.0,0.0,0.0,0.0,K.Monangai,CHI,team_norm & _alias_init_last,0.0,0.0,0.0,0.0,-2.1799999999999997,-8.799999999999997,-0.79,2.55,1.53,13.9,0.13
2025,12,0.0,2025_12_PIT_CHI,Chicago Bears,Brittain Brown,RB,00-0037329,1.0,0.0,0.0,0.0,0.0,0.0,0.0,0.0,0.0,0.0,0.0,0.0,0.0,72.0,33.37,36.48,239.3,170.5,1.7445094557867074,0.9780076480816082,0.8341463142642157,1.0,1.0,brittain brown,brittainbrown,bbrown,Chicago Bears,00-0037329,,,,,,,,,,,,,,,,,,,,,,,,,
2025,12,0.0,2025_12_PIT_CHI,Chicago Bears,Colston Loveland,TE,00-0040126,1.0,0.0,0.0,0.0,0.0,0.0,0.0,0.0,6.23,4.15,38.3,0.31,0.2666,72.0,33.37,36.48,239.3,170.5,1.7445094557867074,0.9780076480816082,0.8341463142642157,1.0,1.0,colston loveland,colstonloveland,cloveland,Chicago Bears,00-0040126,0.0,0.0,0.0,0.0,0.0,0.0,0.0,5.0,4.0,49.0,1.0,C.Loveland,CHI,team_norm & _alias_init_last,0.0,0.0,0.0,0.0,0.0,0.0,0.0,1.2300000000000004,0.15000000000000036,-10.700000000000003,-0.69
2025,12,0.0,2025_12_PIT_CHI,Chicago Bears,Cole Kmet,TE,00-0036290,1.0,0.0,0.0,0.0,0.0,0.0,0.0,0.0,3.22,2.33,16.8,0.16,0.1455,72.0,33.37,36.48,239.3,170.5,1.7445094557867074,0.9780076480816082,0.8341463142642157,1.0,1.0,cole kmet,colekmet,ckmet,Chicago Bears,00-0036290,0.0,0.0,0.0,0.0,0.0,0.0,0.0,2.0,1.0,3.0,0.0,C.Kmet,CHI,team_norm & _alias_init_last,0.0,0.0,0.0,0.0,0.0,0.0,0.0,1.2200000000000002,1.33,13.8,0.16
2025,12,0.0,2025_12_PIT_CHI,Chicago Bears,Durham Smythe,TE,00-0034798,1.0,0.0,0.0,0.0,0.0,0.0,0.0,0.0,0.0,0.0,0.0,0.0,0.0,72.0,33.37,36.48,239.3,170.5,1.7445094557867074,0.9780076480816082,0.8341463142642157,1.0,1.0,durham smythe,durhamsmythe,dsmythe,Chicago Bears,00-0034798,0.0,0.0,0.0,0.0,0.0,0.0,0.0,1.0,1.0,4.0,0.0,D.Smythe,CHI,team_norm & _alias_init_last,0.0,0.0,0.0,0.0,0.0,0.0,0.0,-1.0,-1.0,-4.0,0.0
2025,12,0.0,2025_12_PIT_CHI,Chicago Bears,Nikola Kalinic,TE,00-0037031,1.0,0.0,0.0,0.0,0.0,0.0,0.0,0.0,0.0,0.0,0.0,0.0,0.0,72.0,33.37,36.48,239.3,170.5,1.7445094557867074,0.9780076480816082,0.8341463142642157,1.0,1.0,nikola kalinic,nikolakalinic,nkalinic,Chicago Bears,00-0037031,,,,,,,,,,,,,,,,,,,,,,,,,
2025,12,0.0,2025_12_PIT_CHI,Chicago Bears,Rome Odunze,WR,00-0039919,1.0,0.0,0.0,0.0,0.0,0.0,0.0,0.0,7.65,3.83,47.2,0.39,0.3213,72.0,33.37,36.48,239.3,170.5,1.7445094557867074,0.9780076480816082,0.8341463142642157,1.0,1.0,rome odunze,romeodunze,rodunze,Chicago Bears,00-0039919,0.0,0.0,0.0,0.0,0.0,0.0,0.0,9.0,3.0,53.0,0.0,R.Odunze,CHI,team_norm & _alias_init_last,0.0,0.0,0.0,0.0,0.0,0.0,0.0,-1.3499999999999996,0.8300000000000001,-5.799999999999997,0.39
2025,12,0.0,2025_12_PIT_CHI,Chicago Bears,DJ Moore,WR,00-0034827,1.0,0.0,0.0,0.0,0.0,0.0,0.0,0.0,5.76,3.43,30.8,0.28,0.2429,72.0,33.37,36.48,239.3,170.5,1.7445094557867074,0.9780076480816082,0.8341463142642157,1.0,1.0,dj moore,djmoore,dmoore,Chicago Bears,00-0034827,0.0,0.0,0.0,0.0,0.0,0.0,0.0,8.0,5.0,64.0,2.0,D.Moore,CHI,team_norm & _alias_init_last,0.0,0.0,0.0,0.0,0.0,0.0,0.0,-2.24,-1.5699999999999998,-33.2,-1.72
2025,12,0.0,2025_12_PIT_CHI,Chicago Bears,Luther Burden III,WR,00-0040735,1.0,0.0,0.0,0.0,0.0,0.0,0.0,0.0,3.84,2.57,24.3,0.18,0.1684,72.0,33.37,36.48,239.3,170.5,1.7445094557867074,0.9780076480816082,0.8341463142642157,1.0,1.0,luther burden iii,lutherburdeniii,lburden,Chicago Bears,00-0040735,0.0,0.0,0.0,0.0,1.0,15.0,0.0,5.0,3.0,46.0,0.0,L.Burden,CHI,team_norm & _alias_init_last,0.0,0.0,0.0,0.0,-1.0,-15.0,0.0,-1.1600000000000001,-0.43000000000000016,-21.7,0.18
2025,12,0.0,2025_12_PIT_CHI,Chicago Bears,Devin Duvernay,WR,00-0036331,1.0,0.0,0.0,0.0,0.0,0.0,0.0,0.0,0.0,0.0,0.0,0.0,0.0,72.0,33.37,36.48,239.3,170.5,1.7445094557867074,0.9780076480816082,0.8341463142642157,1.0,1.0,devin duvernay,devinduvernay,dduvernay,Chicago Bears,00-0036331,,,,,,,,,,,,,,,,,,,,,,,,,
2025,12,0.0,2025_12_PIT_CHI,Chicago Bears,Olamide Zaccheaus,WR,00-0035208,1.0,0.0,0.0,0.0,0.0,0.0,0.0,0.0,0.0,0.0,0.0,0.0,0.0,72.0,33.37,36.48,239.3,170.5,1.7445094557867074,0.9780076480816082,0.8341463142642157,1.0,1.0,olamide zaccheaus,olamidezaccheaus,ozaccheaus,Chicago Bears,00-0035208,0.0,0.0,0.0,0.0,0.0,0.0,0.0,1.0,1.0,6.0,0.0,O.Zaccheaus,CHI,team_norm & _alias_init_last,0.0,0.0,0.0,0.0,0.0,0.0,0.0,-1.0,-1.0,-6.0,0.0
2025,12,0.0,2025_12_PIT_CHI,Pittsburgh Steelers,Aaron Rodgers,QB,00-0023459,1.0,37.92,253.6,1.95,0.94,2.39,9.9,0.07,0.0,0.0,0.0,0.0,0.0694,72.0,40.15,29.25,304.8,144.6,2.4728281840672497,0.9568521495347252,1.0038572381626352,0.0,0.0,aaron rodgers,aaronrodgers,arodgers,Pittsburgh Steelers,00-0023459,,,,,,,,,,,,,,,,,,,,,,,,,
2025,12,0.0,2025_12_PIT_CHI,Pittsburgh Steelers,Jaylen Warren,RB,00-0037228,1.0,0.0,0.0,0.0,0.0,17.27,73.2,0.68,5.09,4.04,27.0,0.31,0.6261,72.0,40.15,29.25,304.8,144.6,2.4728281840672497,0.9568521495347252,1.0038572381626352,1.0,1.0,jaylen warren,jaylenwarren,jwarren,Pittsburgh Steelers,00-0037228,0.0,0.0,0.0,0.0,18.0,68.0,1.0,0.0,0.0,0.0,0.0,J.Warren,PIT,team_norm & _alias_init_last,0.0,0.0,0.0,0.0,-0.7300000000000004,5.200000000000003,-0.31999999999999995,5.09,4.04,27.0,0.31
2025,12,0.0,2025_12_PIT_CHI,Pittsburgh Steelers,Kenneth Gainwell,RB,00-0036919,1.0,0.0,0.0,0.0,0.0,9.59,40.4,0.26,3.16,2.38,16.0,0.2,0.3681,72.0,40.15,29.25,304.8,144.6,2.4728281840672497,0.9568521495347252,1.0038572381626352,1.0,1.0,kenneth gainwell,kennethgainwell,kgainwell,Pittsburgh Steelers,00-0036919,0.0,0.0,0.0,0.0,10.0,92.0,0.0,6.0,6.0,30.0,0.0,K.Gainwell,PIT,team_norm & _alias_init_last,0.0,0.0,0.0,0.0,-0.41000000000000014,-51.6,0.26,-2.84,-3.62,-14.0,0.2
2025,12,0.0,2025_12_PIT_CHI,Pittsburgh Steelers,Kaleb Johnson,RB,00-0040142,1.0,0.0,0.0,0.0,0.0,0.0,0.0,0.0,0.0,0.0,0.0,0.0,0.0,72.0,40.15,29.25,304.8,144.6,2.4728281840672497,0.9568521495347252,1.0038572381626352,1.0,1.0,kaleb johnson,kalebjohnson,kjohnson,Pittsburgh Steelers,00-0040142,,,,,,,,,,,,,,,,,,,,,,,,,
2025,12,0.0,2025_12_PIT_CHI,Pittsburgh Steelers,Darnell Washington,TE,00-0038558,1.0,0.0,0.0,0.0,0.0,0.0,0.0,0.0,7.65,5.02,48.2,0.45,0.3639,72.0,40.15,29.25,304.8,144.6,2.4728281840672497,0.9568521495347252,1.0038572381626352,1.0,1.0,darnell washington,darnellwashington,dwashington,Pittsburgh Steelers,00-0038558,0.0,0.0,0.0,0.0,0.0,0.0,0.0,2.0,2.0,22.0,0.0,D.Washington,PIT,team_norm & _alias_init_last,0.0,0.0,0.0,0.0,0.0,0.0,0.0,5.65,3.0199999999999996,26.200000000000003,0.45
2025,12,0.0,2025_12_PIT_CHI,Pittsburgh Steelers,Jonnu Smith,TE,00-0033858,1.0,0.0,0.0,0.0,0.0,0.0,0.0,0.0,3.96,2.86,21.4,0.22,0.1982,72.0,40.15,29.25,304.8,144.6,2.4728281840672497,0.9568521495347252,1.0038572381626352,1.0,1.0,jonnu smith,jonnusmith,jsmith,Pittsburgh Steelers,00-0033858,0.0,0.0,0.0,0.0,2.0,7.0,0.0,3.0,3.0,21.0,0.0,J.Smith,PIT,team_norm & _alias_init_last,0.0,0.0,0.0,0.0,-2.0,-7.0,0.0,0.96,-0.14000000000000012,0.3999999999999986,0.22
2025,12,0.0,2025_12_PIT_CHI,Pittsburgh Steelers,Connor Heyward,TE,00-0037304,1.0,0.0,0.0,0.0,0.0,0.0,0.0,0.0,0.0,0.0,0.0,0.0,0.0,72.0,40.15,29.25,304.8,144.6,2.4728281840672497,0.9568521495347252,1.0038572381626352,1.0,1.0,connor heyward,connorheyward,cheyward,Pittsburgh Steelers,00-0027969,0.0,0.0,0.0,0.0,1.0,0.0,0.0,0.0,0.0,0.0,0.0,Co.Heyward,PIT,team_norm & _alias_init_last,0.0,0.0,0.0,0.0,-1.0,0.0,0.0,0.0,0.0,0.0,0.0
2025,12,0.0,2025_12_PIT_CHI,Pittsburgh Steelers,Pat Freiermuth,TE,00-0036894,1.0,0.0,0.0,0.0,0.0,0.0,0.0,0.0,0.0,0.0,0.0,0.0,0.0,72.0,40.15,29.25,304.8,144.6,2.4728281840672497,0.9568521495347252,1.0038572381626352,1.0,1.0,pat freiermuth,patfreiermuth,pfreiermuth,Pittsburgh Steelers,00-0036894,0.0,0.0,0.0,0.0,0.0,0.0,0.0,3.0,3.0,19.0,1.0,P.Freiermuth,PIT,team_norm & _alias_init_last,0.0,0.0,0.0,0.0,0.0,0.0,0.0,-3.0,-3.0,-19.0,-1.0
2025,12,0.0,2025_12_PIT_CHI,Pittsburgh Steelers,DK Metcalf,WR,00-0035640,1.0,0.0,0.0,0.0,0.0,0.0,0.0,0.0,9.0,5.05,57.2,0.53,0.4128,72.0,40.15,29.25,304.8,144.6,2.4728281840672497,0.9568521495347252,1.0038572381626352,1.0,1.0,dk metcalf,dkmetcalf,dmetcalf,Pittsburgh Steelers,00-0035640,0.0,0.0,0.0,0.0,2.0,12.0,1.0,9.0,5.0,22.0,0.0,D.Metcalf,PIT,team_norm & _alias_init_last,0.0,0.0,0.0,0.0,-2.0,-12.0,-1.0,0.0,0.04999999999999982,35.2,0.53
2025,12,0.0,2025_12_PIT_CHI,Pittsburgh Steelers,Calvin Austin III,WR,00-0037837,1.0,0.0,0.0,0.0,0.0,0.0,0.0,0.0,6.77,3.67,44.1,0.37,0.311,72.0,40.15,29.25,304.8,144.6,2.4728281840672497,0.9568521495347252,1.0038572381626352,1.0,1.0,calvin austin iii,calvinaustiniii,caustin,Pittsburgh Steelers,00-0037837,0.0,0.0,0.0,0.0,0.0,0.0,0.0,6.0,4.0,36.0,0.0,C.Austin,PIT,team_norm & _alias_init_last,0.0,0.0,0.0,0.0,0.0,0.0,0.0,0.7699999999999996,-0.33000000000000007,8.100000000000001,0.37
2025,12,0.0,2025_12_PIT_CHI,Pittsburgh Steelers,Roman Wilson,WR,00-0039739,1.0,0.0,0.0,0.0,0.0,0.0,0.0,0.0,4.52,2.72,40.5,0.27,0.2333,72.0,40.15,29.25,304.8,144.6,2.4728281840672497,0.9568521495347252,1.0038572381626352,1.0,1.0,roman wilson,romanwilson,rwilson,Pittsburgh Steelers,00-0039739,0.0,0.0,0.0,0.0,0.0,0.0,0.0,2.0,0.0,0.0,0.0,R.Wilson,PIT,team_norm & _alias_init_last,0.0,0.0,0.0,0.0,0.0,0.0,0.0,2.5199999999999996,2.72,40.5,0.27
2025,12,0.0,2025_12_PIT_CHI,Pittsburgh Steelers,Adam Thielen,WR,00-0030035,1.0,0.0,0.0,0.0,0.0,0.0,0.0,0.0,0.0,0.0,0.0,0.0,0.0,72.0,40.15,29.25,304.8,144.6,2.4728281840672497,0.9568521495347252,1.0038572381626352,0.0,0.0,adam thielen,adamthielen,athielen,Pittsburgh Steelers,00-0030035,0.0,0.0,0.0,0.0,0.0,0.0,0.0,1.0,0.0,0.0,0.0,A.Thielen,MIN,_alias_init_last,0.0,0.0,0.0,0.0,0.0,0.0,0.0,-1.0,0.0,0.0,0.0
2025,12,0.0,2025_12_PIT_CHI,Pittsburgh Steelers,Ben Skowronek,WR,00-0036862,1.0,0.0,0.0,0.0,0.0,0.0,0.0,0.0,0.0,0.0,0.0,0.0,0.0,72.0,40.15,29.25,304.8,144.6,2.4728281840672497,0.9568521495347252,1.0038572381626352,1.0,1.0,ben skowronek,benskowronek,bskowronek,Pittsburgh Steelers,00-0036862,0.0,0.0,0.0,0.0,0.0,0.0,0.0,1.0,1.0,21.0,0.0,B.Skowronek,PIT,team_norm & _alias_init_last,0.0,0.0,0.0,0.0,0.0,0.0,0.0,-1.0,-1.0,-21.0,0.0
2025,12,0.0,2025_12_PIT_CHI,Pittsburgh Steelers,Brandon Johnson,WR,00-0037382,1.0,0.0,0.0,0.0,0.0,0.0,0.0,0.0,0.0,0.0,0.0,0.0,0.0,72.0,40.15,29.25,304.8,144.6,2.4728281840672497,0.9568521495347252,1.0038572381626352,0.0,0.0,brandon johnson,brandonjohnson,bjohnson,Pittsburgh Steelers,00-0037382,,,,,,,,,,,,,,,,,,,,,,,,,
2025,12,0.0,2025_12_PIT_CHI,Pittsburgh Steelers,Scott Miller,WR,00-0035298,1.0,0.0,0.0,0.0,0.0,0.0,0.0,0.0,0.0,0.0,0.0,0.0,0.0,72.0,40.15,29.25,304.8,144.6,2.4728281840672497,0.9568521495347252,1.0038572381626352,1.0,1.0,scott miller,scottmiller,smiller,Pittsburgh Steelers,00-0035298,,,,,,,,,,,,,,,,,,,,,,,,,
2025,12,0.0,2025_12_SEA_TEN,Seattle Seahawks,Sam Darnold,QB,00-0034869,1.0,34.97,196.5,2.02,0.9,6.57,18.0,0.26,0.0,0.0,0.0,0.0,0.2264,72.0,38.76,30.86,217.5,112.8,2.698015911445555,1.164011330371952,0.9690634903415069,1.0,1.0,sam darnold,samdarnold,sdarnold,Seattle Seahawks,00-0034869,28.0,244.0,2.0,0.0,0.0,0.0,0.0,0.0,0.0,0.0,0.0,S.Darnold,SEA,team_norm & _alias_init_last,6.969999999999999,-47.5,0.020000000000000018,0.9,6.57,18.0,0.26,0.0,0.0,0.0,0.0
2025,12,0.0,2025_12_SEA_TEN,Seattle Seahawks,Kenneth Walker III,RB,00-0038134,1.0,0.0,0.0,0.0,0.0,15.61,49.8,0.73,4.93,3.73,18.1,0.34,0.6561,72.0,38.76,30.86,217.5,112.8,2.698015911445555,1.164011330371952,0.9690634903415069,1.0,1.0,kenneth walker iii,kennethwalkeriii,kwalker,Seattle Seahawks,00-0038134,0.0,0.0,0.0,0.0,11.0,71.0,0.0,4.0,3.0,30.0,0.0,K.Walker,SEA,team_norm & _alias_init_last,0.0,0.0,0.0,0.0,4.609999999999999,-21.200000000000003,0.73,0.9299999999999997,0.73,-11.899999999999999,0.34
2025,12,0.0,2025_12_SEA_TEN,Seattle Seahawks,Zach Charbonnet,RB,00-0039165,1.0,0.0,0.0,0.0,0.0,8.67,27.5,0.27,3.07,2.32,11.2,0.2,0.376,72.0,38.76,30.86,217.5,112.8,2.698015911445555,1.164011330371952,0.9690634903415069,1.0,1.0,zach charbonnet,zachcharbonnet,zcharbonnet,Seattle Seahawks,00-0039165,0.0,0.0,0.0,0.0,6.0,35.0,1.0,0.0,0.0,0.0,0.0,Z.Charbonnet,SEA,team_norm & _alias_init_last,0.0,0.0,0.0,0.0,2.67,-7.5,-0.73,3.07,2.32,11.2,0.2
2025,12,0.0,2025_12_SEA_TEN,Seattle Seahawks,George Holani,RB,00-0039299,1.0,0.0,0.0,0.0,0.0,0.0,0.0,0.0,0.0,0.0,0.0,0.0,0.0,72.0,38.76,30.86,217.5,112.8,2.698015911445555,1.164011330371952,0.9690634903415069,1.0,1.0,george holani,georgeholani,gholani,Seattle Seahawks,00-0039299,,,,,,,,,,,,,,,,,,,,,,,,,
2025,12,0.0,2025_12_SEA_TEN,Seattle Seahawks,AJ Barner,TE,00-0039793,1.0,0.0,0.0,0.0,0.0,0.0,0.0,0.0,7.14,5.33,33.2,0.47,0.3777,72.0,38.76,30.86,217.5,112.8,2.698015911445555,1.164011330371952,0.9690634903415069,1.0,1.0,aj barner,ajbarner,abarner,Seattle Seahawks,00-0039793,0.0,0.0,0.0,0.0,0.0,0.0,0.0,4.0,2.0,18.0,0.0,A.Barner,SEA,team_norm & _alias_init_last,0.0,0.0,0.0,0.0,0.0,0.0,0.0,3.1399999999999997,3.33,15.200000000000003,0.47
2025,12,0.0,2025_12_SEA_TEN,Seattle Seahawks,Elijah Arroyo,TE,00-0040739,1.0,0.0,0.0,0.0,0.0,0.0,0.0,0.0,3.69,2.2,19.3,0.25,0.224,72.0,38.76,30.86,217.5,112.8,2.698015911445555,1.164011330371952,0.9690634903415069,1.0,1.0,elijah arroyo,elijaharroyo,earroyo,Seattle Seahawks,00-0040739,0.0,0.0,0.0,0.0,0.0,0.0,0.0,1.0,1.0,5.0,0.0,E.Arroyo,SEA,team_norm & _alias_init_last,0.0,0.0,0.0,0.0,0.0,0.0,0.0,2.69,1.2000000000000002,14.3,0.25
2025,12,0.0,2025_12_SEA_TEN,Seattle Seahawks,Nick Kallerup,TE,00-0040058,1.0,0.0,0.0,0.0,0.0,0.0,0.0,0.0,0.0,0.0,0.0,0.0,0.0,72.0,38.76,30.86,217.5,112.8,2.698015911445555,1.164011330371952,0.9690634903415069,1.0,1.0,nick kallerup,nickkallerup,nkallerup,Seattle Seahawks,00-0040058,,,,,,,,,,,,,,,,,,,,,,,,,
2025,12,0.0,2025_12_SEA_TEN,Seattle Seahawks,Jaxon Smith-Njigba,WR,00-0038543,1.0,0.0,0.0,0.0,0.0,0.0,0.0,0.0,8.68,6.01,42.2,0.56,0.4289,72.0,38.76,30.86,217.5,112.8,2.698015911445555,1.164011330371952,0.9690634903415069,1.0,1.0,jaxon smith-njigba,jaxonsmithnjigba,jsmithnjigba,Seattle Seahawks,00-0038543,0.0,0.0,0.0,0.0,1.0,4.0,0.0,10.0,8.0,167.0,2.0,J.Smith-Njigba,SEA,team_norm & _alias_init_last,0.0,0.0,0.0,0.0,-1.0,-4.0,0.0,-1.3200000000000003,-1.9900000000000002,-124.8,-1.44
2025,12,0.0,2025_12_SEA_TEN,Seattle Seahawks,Cooper Kupp,WR,00-0033908,1.0,0.0,0.0,0.0,0.0,0.0,0.0,0.0,6.54,4.22,29.6,0.44,0.3565,72.0,38.76,30.86,217.5,112.8,2.698015911445555,1.164011330371952,0.9690634903415069,1.0,1.0,cooper kupp,cooperkupp,ckupp,Seattle Seahawks,00-0033908,0.0,0.0,0.0,0.0,0.0,0.0,0.0,4.0,2.0,24.0,0.0,C.Kupp,SEA,team_norm & _alias_init_last,0.0,0.0,0.0,0.0,0.0,0.0,0.0,2.54,2.2199999999999998,5.600000000000001,0.44
2025,12,0.0,2025_12_SEA_TEN,Seattle Seahawks,Rashid Shaheed,WR,00-0037545,1.0,0.0,0.0,0.0,0.0,0.0,0.0,0.0,4.36,2.79,20.4,0.27,0.2399,72.0,38.76,30.86,217.5,112.8,2.698015911445555,1.164011330371952,0.9690634903415069,1.0,1.0,rashid shaheed,rashidshaheed,rshaheed,Seattle Seahawks,00-0037545,0.0,0.0,0.0,0.0,1.0,5.0,0.0,2.0,0.0,0.0,0.0,R.Shaheed,SEA,team_norm & _alias_init_last,0.0,0.0,0.0,0.0,-1.0,-5.0,0.0,2.3600000000000003,2.79,20.4,0.27
2025,12,0.0,2025_12_SEA_TEN,Seattle Seahawks,Cody White,WR,00-0035891,1.0,0.0,0.0,0.0,0.0,0.0,0.0,0.0,0.0,0.0,0.0,0.0,0.0,72.0,38.76,30.86,217.5,112.8,2.698015911445555,1.164011330371952,0.9690634903415069,1.0,1.0,cody white,codywhite,cwhite,Seattle Seahawks,00-0035891,,,,,,,,,,,,,,,,,,,,,,,,,
2025,12,0.0,2025_12_SEA_TEN,Seattle Seahawks,Jake Bobo,WR,00-0038752,1.0,0.0,0.0,0.0,0.0,0.0,0.0,0.0,0.0,0.0,0.0,0.0,0.0,72.0,38.76,30.86,217.5,112.8,2.698015911445555,1.164011330371952,0.9690634903415069,1.0,1.0,jake bobo,jakebobo,jbobo,Seattle Seahawks,00-0038752,,,,,,,,,,,,,,,,,,,,,,,,,
2025,12,0.0,2025_12_SEA_TEN,Tennessee Titans,Cam Ward,QB,00-0040676,1.0,45.9,326.0,2.4,1.08,0.84,3.5,0.02,0.0,0.0,0.0,0.0,0.016,72.0,46.39,21.6,352.1,106.8,2.5857293279817046,0.4183731773817625,1.159704991132723,1.0,1.0,cam ward,camward,cward,Tennessee Titans,00-0040676,55.0,256.0,1.0,0.0,2.0,7.0,1.0,0.0,0.0,0.0,0.0,C.Ward,TEN,team_norm & _alias_init_last,-9.100000000000001,70.0,1.4,1.08,-1.1600000000000001,-3.5,-0.98,0.0,0.0,0.0,0.0
2025,12,0.0,2025_12_SEA_TEN,Tennessee Titans,Tony Pollard,RB,00-0035261,1.0,0.0,0.0,0.0,0.0,13.35,56.8,0.31,5.79,3.97,29.4,0.32,0.4663,72.0,46.39,21.6,352.1,106.8,2.5857293279817046,0.4183731773817625,1.159704991132723,1.0,1.0,tony pollard,tonypollard,tpollard,Tennessee Titans,00-0035261,0.0,0.0,0.0,0.0,12.0,20.0,0.0,6.0,4.0,21.0,0.0,T.Pollard,TEN,team_norm & _alias_init_last,0.0,0.0,0.0,0.0,1.3499999999999996,36.8,0.31,-0.20999999999999996,-0.029999999999999805,8.399999999999999,0.32
2025,12,0.0,2025_12_SEA_TEN,Tennessee Titans,Tyjae Spears,RB,00-0039032,1.0,0.0,0.0,0.0,0.0,7.41,31.7,0.11,3.6,2.69,17.9,0.2,0.2627,72.0,46.39,21.6,352.1,106.8,2.5857293279817046,0.4183731773817625,1.159704991132723,1.0,1.0,tyjae spears,tyjaespears,tspears,Tennessee Titans,00-0039032,0.0,0.0,0.0,0.0,4.0,4.0,0.0,5.0,4.0,21.0,0.0,T.Spears,TEN,team_norm & _alias_init_last,0.0,0.0,0.0,0.0,3.41,27.7,0.11,-1.4,-1.31,-3.1000000000000014,0.2
2025,12,0.0,2025_12_SEA_TEN,Tennessee Titans,Julius Chestnut,RB,00-0037594,1.0,0.0,0.0,0.0,0.0,0.0,0.0,0.0,0.0,0.0,0.0,0.0,0.0,72.0,46.39,21.6,352.1,106.8,2.5857293279817046,0.4183731773817625,1.159704991132723,1.0,1.0,julius chestnut,juliuschestnut,jchestnut,Tennessee Titans,00-0037594,0.0,0.0,0.0,0.0,2.0,3.0,0.0,0.0,0.0,0.0,0.0,J.Chestnut,TEN,team_norm & _alias_init_last,0.0,0.0,0.0,0.0,-2.0,-3.0,0.0,0.0,0.0,0.0,0.0
2025,12,0.0,2025_12_SEA_TEN,Tennessee Titans,Kalel Mullings,RB,00-0040205,1.0,0.0,0.0,0.0,0.0,0.0,0.0,0.0,0.0,0.0,0.0,0.0,0.0,72.0,46.39,21.6,352.1,106.8,2.5857293279817046,0.4183731773817625,1.159704991132723,1.0,1.0,kalel mullings,kalelmullings,kmullings,Tennessee Titans,00-0040205,,,,,,,,,,,,,,,,,,,,,,,,,
2025,12,0.0,2025_12_SEA_TEN,Tennessee Titans,Gunnar Helm,TE,00-0040584,1.0,0.0,0.0,0.0,0.0,0.0,0.0,0.0,8.9,6.72,63.2,0.47,0.3768,72.0,46.39,21.6,352.1,106.8,2.5857293279817046,0.4183731773817625,1.159704991132723,1.0,1.0,gunnar helm,gunnarhelm,ghelm,Tennessee Titans,00-0040584,0.0,0.0,0.0,0.0,0.0,0.0,0.0,7.0,6.0,51.0,0.0,G.Helm,TEN,team_norm & _alias_init_last,0.0,0.0,0.0,0.0,0.0,0.0,0.0,1.9000000000000004,0.7199999999999998,12.200000000000003,0.47
2025,12,0.0,2025_12_SEA_TEN,Tennessee Titans,Chig Okonkwo,TE,00-0037809,1.0,0.0,0.0,0.0,0.0,0.0,0.0,0.0,4.6,3.13,25.4,0.22,0.1987,72.0,46.39,21.6,352.1,106.8,2.5857293279817046,0.4183731773817625,1.159704991132723,1.0,1.0,chig okonkwo,chigokonkwo,cokonkwo,Tennessee Titans,00-0037809,0.0,0.0,0.0,0.0,0.0,0.0,0.0,5.0,3.0,40.0,0.0,C.Okonkwo,TEN,team_norm & _alias_init_last,0.0,0.0,0.0,0.0,0.0,0.0,0.0,-0.40000000000000036,0.1299999999999999,-14.600000000000001,0.22
2025,12,0.0,2025_12_SEA_TEN,Tennessee Titans,Cole Turner,TE,00-0037078,1.0,0.0,0.0,0.0,0.0,0.0,0.0,0.0,0.0,0.0,0.0,0.0,0.0,72.0,46.39,21.6,352.1,106.8,2.5857293279817046,0.4183731773817625,1.159704991132723,0.0,0.0,cole turner,coleturner,cturner,Tennessee Titans,00-0037078,,,,,,,,,,,,,,,,,,,,,,,,,
2025,12,0.0,2025_12_SEA_TEN,Tennessee Titans,David Martin-Robinson,TE,00-0039648,1.0,0.0,0.0,0.0,0.0,0.0,0.0,0.0,0.0,0.0,0.0,0.0,0.0,72.0,46.39,21.6,352.1,106.8,2.5857293279817046,0.4183731773817625,1.159704991132723,1.0,1.0,david martin-robinson,davidmartinrobinson,dmartinrobinson,Tennessee Titans,00-0039648,,,,,,,,,,,,,,,,,,,,,,,,,
2025,12,0.0,2025_12_SEA_TEN,Tennessee Titans,Elic Ayomanor,WR,00-0040170,1.0,0.0,0.0,0.0,0.0,0.0,0.0,0.0,10.41,4.91,68.8,0.54,0.4181,72.0,46.39,21.6,352.1,106.8,2.5857293279817046,0.4183731773817625,1.159704991132723,0.0,0.0,elic ayomanor,elicayomanor,eayomanor,Tennessee Titans,00-0040170,,,,,,,,,,,,,,,,,,,,,,,,,
2025,12,0.0,2025_12_SEA_TEN,Tennessee Titans,Chimere Dike,WR,00-0040705,1.0,0.0,0.0,0.0,0.0,0.0,0.0,0.0,7.84,4.85,54.0,0.43,0.3493,72.0,46.39,21.6,352.1,106.8,2.5857293279817046,0.4183731773817625,1.159704991132723,1.0,1.0,chimere dike,chimeredike,cdike,Tennessee Titans,00-0040705,0.0,0.0,0.0,0.0,0.0,0.0,0.0,7.0,5.0,44.0,1.0,C.Dike,TEN,team_norm & _alias_init_last,0.0,0.0,0.0,0.0,0.0,0.0,0.0,0.8399999999999999,-0.15000000000000036,10.0,-0.5700000000000001
2025,12,0.0,2025_12_SEA_TEN,Tennessee Titans,Van Jefferson,WR,00-0036415,1.0,0.0,0.0,0.0,0.0,0.0,0.0,0.0,5.23,2.7,29.3,0.27,0.233,72.0,46.39,21.6,352.1,106.8,2.5857293279817046,0.4183731773817625,1.159704991132723,1.0,1.0,van jefferson,vanjefferson,vjefferson,Tennessee Titans,00-0036415,0.0,0.0,0.0,0.0,0.0,0.0,0.0,1.0,1.0,11.0,0.0,V.Jefferson,TEN,team_norm & _alias_init_last,0.0,0.0,0.0,0.0,0.0,0.0,0.0,4.23,1.7000000000000002,18.3,0.27
2025,12,0.0,2025_12_SEA_TEN,Tennessee Titans,James Proche,WR,00-0036133,1.0,0.0,0.0,0.0,0.0,0.0,0.0,0.0,0.0,0.0,0.0,0.0,0.0,72.0,46.39,21.6,352.1,106.8,2.5857293279817046,0.4183731773817625,1.159704991132723,1.0,1.0,james proche,jamesproche,jproche,Tennessee Titans,00-0036133,0.0,0.0,0.0,0.0,0.0,0.0,0.0,5.0,3.0,42.0,0.0,J.Proche,TEN,team_norm & _alias_init_last,0.0,0.0,0.0,0.0,0.0,0.0,0.0,-5.0,-3.0,-42.0,0.0
2025,12,0.0,2025_12_SEA_TEN,Tennessee Titans,Mason Kinsey,WR,00-0036176,1.0,0.0,0.0,0.0,0.0,0.0,0.0,0.0,0.0,0.0,0.0,0.0,0.0,72.0,46.39,21.6,352.1,106.8,2.5857293279817046,0.4183731773817625,1.159704991132723,1.0,1.0,mason kinsey,masonkinsey,mkinsey,Tennessee Titans,00-0036176,,,,,,,,,,,,,,,,,,,,,,,,,
2025,12,0.0,2025_12_SEA_TEN,Tennessee Titans,Xavier Restrepo,WR,00-0040522,1.0,0.0,0.0,0.0,0.0,0.0,0.0,0.0,0.0,0.0,0.0,0.0,0.0,72.0,46.39,21.6,352.1,106.8,2.5857293279817046,0.4183731773817625,1.159704991132723,1.0,1.0,xavier restrepo,xavierrestrepo,xrestrepo,Tennessee Titans,00-0040522,0.0,0.0,0.0,0.0,0.0,0.0,0.0,7.0,2.0,26.0,0.0,X.Restrepo,TEN,team_norm & _alias_init_last,0.0,0.0,0.0,0.0,0.0,0.0,0.0,-7.0,-2.0,-26.0,0.0
2025,12,0.0,2025_12_TB_LA,Los Angeles Rams,Matthew Stafford,QB,00-0026498,1.0,34.3,197.2,2.11,0.79,3.38,10.1,0.14,0.0,0.0,0.0,0.0,0.1277,65.79,34.06,29.67,191.1,108.4,2.769963238733441,1.2059863408395888,0.8514453039484753,1.0,1.0,matthew stafford,matthewstafford,mstafford,Los Angeles Rams,,37.0,273.0,3.0,0.0,0.0,0.0,0.0,0.0,0.0,0.0,0.0,M.Stafford,LA,team_norm & _alias_init_last,-2.700000000000003,-75.80000000000001,-0.8900000000000001,0.79,3.38,10.1,0.14,0.0,0.0,0.0,0.0
2025,12,0.0,2025_12_TB_LA,Los Angeles Rams,Kyren Williams,RB,00-0037840,1.0,0.0,0.0,0.0,0.0,16.9,52.0,0.86,4.28,3.05,18.2,0.38,0.7105,65.79,34.06,29.67,191.1,108.4,2.769963238733441,1.2059863408395888,0.8514453039484753,1.0,1.0,kyren williams,kyrenwilliams,kwilliams,Los Angeles Rams,00-0037840,0.0,0.0,0.0,0.0,12.0,46.0,0.0,1.0,1.0,2.0,0.0,K.Williams,LA,team_norm & _alias_init_last,0.0,0.0,0.0,0.0,4.899999999999999,6.0,0.86,3.2800000000000002,2.05,16.2,0.38
2025,12,0.0,2025_12_TB_LA,Los Angeles Rams,Blake Corum,RB,00-0039738,1.0,0.0,0.0,0.0,0.0,9.39,29.0,0.29,2.66,1.83,12.7,0.21,0.3957,65.79,34.06,29.67,191.1,108.4,2.769963238733441,1.2059863408395888,0.8514453039484753,1.0,1.0,blake corum,blakecorum,bcorum,Los Angeles Rams,00-0039738,0.0,0.0,0.0,0.0,7.0,24.0,0.0,0.0,0.0,0.0,0.0,B.Corum,LA,team_norm & _alias_init_last,0.0,0.0,0.0,0.0,2.3900000000000006,5.0,0.29,2.66,1.83,12.7,0.21
2025,12,0.0,2025_12_TB_LA,Los Angeles Rams,Ronnie Rivers,RB,00-0037557,1.0,0.0,0.0,0.0,0.0,0.0,0.0,0.0,0.0,0.0,0.0,0.0,0.0,65.79,34.06,29.67,191.1,108.4,2.769963238733441,1.2059863408395888,0.8514453039484753,1.0,1.0,ronnie rivers,ronnierivers,rrivers,Los Angeles Rams,00-0037557,,,,,,,,,,,,,,,,,,,,,,,,,
2025,12,0.0,2025_12_TB_LA,Los Angeles Rams,Colby Parkinson,TE,00-0036244,1.0,0.0,0.0,0.0,0.0,0.0,0.0,0.0,6.25,4.07,25.0,0.51,0.4015,65.79,34.06,29.67,191.1,108.4,2.769963238733441,1.2059863408395888,0.8514453039484753,1.0,1.0,colby parkinson,colbyparkinson,cparkinson,Los Angeles Rams,00-0036244,0.0,0.0,0.0,0.0,0.0,0.0,0.0,4.0,4.0,41.0,1.0,C.Parkinson,LA,team_norm & _alias_init_last,0.0,0.0,0.0,0.0,0.0,0.0,0.0,2.25,0.07000000000000028,-16.0,-0.49
2025,12,0.0,2025_12_TB_LA,Los Angeles Rams,Davis Allen,TE,00-0039074,1.0,0.0,0.0,0.0,0.0,0.0,0.0,0.0,3.23,2.01,13.8,0.26,0.2314,65.79,34.06,29.67,191.1,108.4,2.769963238733441,1.2059863408395888,0.8514453039484753,1.0,1.0,davis allen,davisallen,dallen,Los Angeles Rams,00-0039074,0.0,0.0,0.0,0.0,0.0,0.0,0.0,4.0,3.0,29.0,0.0,D.Allen,LA,team_norm & _alias_init_last,0.0,0.0,0.0,0.0,0.0,0.0,0.0,-0.77,-0.9900000000000002,-15.2,0.26
2025,12,0.0,2025_12_TB_LA,Los Angeles Rams,Terrance Ferguson,TE,00-0040737,1.0,0.0,0.0,0.0,0.0,0.0,0.0,0.0,0.0,0.0,0.0,0.0,0.0,65.79,34.06,29.67,191.1,108.4,2.769963238733441,1.2059863408395888,0.8514453039484753,1.0,1.0,terrance ferguson,terranceferguson,tferguson,Los Angeles Rams,00-0040737,0.0,0.0,0.0,0.0,0.0,0.0,0.0,1.0,0.0,0.0,0.0,T.Ferguson,LA,team_norm & _alias_init_last,0.0,0.0,0.0,0.0,0.0,0.0,0.0,-1.0,0.0,0.0,0.0
2025,12,0.0,2025_12_TB_LA,Los Angeles Rams,Puka Nacua,WR,00-0039075,1.0,0.0,0.0,0.0,0.0,0.0,0.0,0.0,7.82,5.33,35.1,0.59,0.4436,65.79,34.06,29.67,191.1,108.4,2.769963238733441,1.2059863408395888,0.8514453039484753,1.0,1.0,puka nacua,pukanacua,pnacua,Los Angeles Rams,00-0039075,0.0,0.0,0.0,0.0,0.0,0.0,0.0,11.0,7.0,97.0,0.0,P.Nacua,LA,team_norm & _alias_init_last,0.0,0.0,0.0,0.0,0.0,0.0,0.0,-3.1799999999999997,-1.67,-61.9,0.59
2025,12,0.0,2025_12_TB_LA,Los Angeles Rams,Davante Adams,WR,00-0031381,1.0,0.0,0.0,0.0,0.0,0.0,0.0,0.0,5.89,3.14,24.4,0.47,0.375,65.79,34.06,29.67,191.1,108.4,2.769963238733441,1.2059863408395888,0.8514453039484753,1.0,1.0,davante adams,davanteadams,dadams,Los Angeles Rams,00-0031381,0.0,0.0,0.0,0.0,0.0,0.0,0.0,9.0,5.0,62.0,2.0,D.Adams,LA,team_norm & _alias_init_last,0.0,0.0,0.0,0.0,0.0,0.0,0.0,-3.1100000000000003,-1.8599999999999999,-37.6,-1.53
2025,12,0.0,2025_12_TB_LA,Los Angeles Rams,Jordan Whittington,WR,00-0039751,1.0,0.0,0.0,0.0,0.0,0.0,0.0,0.0,3.93,2.68,20.3,0.3,0.2578,65.79,34.06,29.67,191.1,108.4,2.769963238733441,1.2059863408395888,0.8514453039484753,1.0,1.0,jordan whittington,jordanwhittington,jwhittington,Los Angeles Rams,00-0039751,0.0,0.0,0.0,0.0,0.0,0.0,0.0,3.0,3.0,17.0,0.0,J.Whittington,LA,team_norm & _alias_init_last,0.0,0.0,0.0,0.0,0.0,0.0,0.0,0.9300000000000002,-0.31999999999999984,3.3000000000000007,0.3
2025,12,0.0,2025_12_TB_LA,Los Angeles Rams,Brennan Presley,WR,00-0040597,1.0,0.0,0.0,0.0,0.0,0.0,0.0,0.0,0.0,0.0,0.0,0.0,0.0,65.79,34.06,29.67,191.1,108.4,2.769963238733441,1.2059863408395888,0.8514453039484753,1.0,1.0,brennan presley,brennanpresley,bpresley,Los Angeles Rams,00-0040597,,,,,,,,,,,,,,,,,,,,,,,,,
2025,12,0.0,2025_12_TB_LA,Los Angeles Rams,Drake Stoops,WR,00-0039773,1.0,0.0,0.0,0.0,0.0,0.0,0.0,0.0,0.0,0.0,0.0,0.0,0.0,65.79,34.06,29.67,191.1,108.4,2.769963238733441,1.2059863408395888,0.8514453039484753,0.0,0.0,drake stoops,drakestoops,dstoops,Los Angeles Rams,00-0039773,,,,,,,,,,,,,,,,,,,,,,,,,
2025,12,0.0,2025_12_TB_LA,Los Angeles Rams,Konata Mumpfield,WR,00-0040590,1.0,0.0,0.0,0.0,0.0,0.0,0.0,0.0,0.0,0.0,0.0,0.0,0.0,65.79,34.06,29.67,191.1,108.4,2.769963238733441,1.2059863408395888,0.8514453039484753,1.0,1.0,konata mumpfield,konatamumpfield,kmumpfield,Los Angeles Rams,00-0040590,0.0,0.0,0.0,0.0,0.0,0.0,0.0,2.0,2.0,25.0,0.0,K.Mumpfield,LA,team_norm & _alias_init_last,0.0,0.0,0.0,0.0,0.0,0.0,0.0,-2.0,-2.0,-25.0,0.0
2025,12,0.0,2025_12_TB_LA,Tampa Bay Buccaneers,Baker Mayfield,QB,00-0034855,1.0,34.78,241.2,1.8,0.81,6.82,26.3,0.18,0.0,0.0,0.0,0.0,0.1669,72.0,34.76,34.97,263.8,172.9,1.906174175032935,0.922402512497533,0.8689831158334753,1.0,1.0,baker mayfield,bakermayfield,bmayfield,Tampa Bay Buccaneers,00-0034855,25.0,41.0,1.0,2.0,1.0,0.0,0.0,0.0,0.0,0.0,0.0,B.Mayfield,TB,team_norm & _alias_init_last,9.780000000000001,200.2,0.8,-1.19,5.82,26.3,0.18,0.0,0.0,0.0,0.0
2025,12,0.0,2025_12_TB_LA,Tampa Bay Buccaneers,Bucky Irving,RB,00-0039361,1.0,0.0,0.0,0.0,0.0,18.1,79.0,0.57,4.35,3.51,24.7,0.24,0.5568,72.0,34.76,34.97,263.8,172.9,1.906174175032935,0.922402512497533,0.8689831158334753,0.0,0.0,bucky irving,buckyirving,birving,Tampa Bay Buccaneers,,,,,,,,,,,,,,,,,,,,,,,,,,
2025,12,0.0,2025_12_TB_LA,Tampa Bay Buccaneers,Sean Tucker,RB,00-0038951,1.0,0.0,0.0,0.0,0.0,10.05,43.8,0.21,2.71,1.93,16.7,0.15,0.2992,72.0,34.76,34.97,263.8,172.9,1.906174175032935,0.922402512497533,0.8689831158334753,1.0,1.0,sean tucker,seantucker,stucker,Tampa Bay Buccaneers,00-0038951,0.0,0.0,0.0,0.0,12.0,42.0,0.0,2.0,1.0,4.0,0.0,S.Tucker,TB,team_norm & _alias_init_last,0.0,0.0,0.0,0.0,-1.9499999999999993,1.7999999999999972,0.21,0.71,0.9299999999999999,12.7,0.15
2025,12,0.0,2025_12_TB_LA,Tampa Bay Buccaneers,Owen Wright,RB,00-0038458,1.0,0.0,0.0,0.0,0.0,0.0,0.0,0.0,0.0,0.0,0.0,0.0,0.0,72.0,34.76,34.97,263.8,172.9,1.906174175032935,0.922402512497533,0.8689831158334753,1.0,1.0,owen wright,owenwright,owright,Tampa Bay Buccaneers,00-0038458,0.0,0.0,0.0,0.0,3.0,6.0,0.0,0.0,0.0,0.0,0.0,O.Wright,TB,team_norm & _alias_init_last,0.0,0.0,0.0,0.0,-3.0,-6.0,0.0,0.0,0.0,0.0,0.0
2025,12,0.0,2025_12_TB_LA,Tampa Bay Buccaneers,Rachaad White,RB,00-0037256,1.0,0.0,0.0,0.0,0.0,0.0,0.0,0.0,0.0,0.0,0.0,0.0,0.0,72.0,34.76,34.97,263.8,172.9,1.906174175032935,0.922402512497533,0.8689831158334753,1.0,1.0,rachaad white,rachaadwhite,rwhite,Tampa Bay Buccaneers,00-0037256,0.0,0.0,0.0,0.0,7.0,38.0,0.0,1.0,1.0,4.0,0.0,R.White,TB,team_norm & _alias_init_last,0.0,0.0,0.0,0.0,-7.0,-38.0,0.0,-1.0,-1.0,-4.0,0.0
2025,12,0.0,2025_12_TB_LA,Tampa Bay Buccaneers,Cade Otton,TE,00-0038129,1.0,0.0,0.0,0.0,0.0,0.0,0.0,0.0,6.56,4.25,34.9,0.33,0.2835,72.0,34.76,34.97,263.8,172.9,1.906174175032935,0.922402512497533,0.8689831158334753,1.0,1.0,cade otton,cadeotton,cotton,Tampa Bay Buccaneers,00-0038129,0.0,0.0,0.0,0.0,0.0,0.0,0.0,7.0,4.0,21.0,0.0,C.Otton,TB,team_norm & _alias_init_last,0.0,0.0,0.0,0.0,0.0,0.0,0.0,-0.4400000000000004,0.25,13.899999999999999,0.33
2025,12,0.0,2025_12_TB_LA,Tampa Bay Buccaneers,Payne Durham,TE,00-0039050,1.0,0.0,0.0,0.0,0.0,0.0,0.0,0.0,3.39,2.27,23.3,0.18,0.1647,72.0,34.76,34.97,263.8,172.9,1.906174175032935,0.922402512497533,0.8689831158334753,1.0,1.0,payne durham,paynedurham,pdurham,Tampa Bay Buccaneers,00-0039050,,,,,,,,,,,,,,,,,,,,,,,,,
2025,12,0.0,2025_12_TB_LA,Tampa Bay Buccaneers,Devin Culp,TE,00-0039754,1.0,0.0,0.0,0.0,0.0,0.0,0.0,0.0,0.0,0.0,0.0,0.0,0.0,72.0,34.76,34.97,263.8,172.9,1.906174175032935,0.922402512497533,0.8689831158334753,1.0,1.0,devin culp,devinculp,dculp,Tampa Bay Buccaneers,00-0039754,,,,,,,,,,,,,,,,,,,,,,,,,
2025,12,0.0,2025_12_TB_LA,Tampa Bay Buccaneers,Emeka Egbuka,WR,00-0040129,1.0,0.0,0.0,0.0,0.0,0.0,0.0,0.0,7.87,3.89,52.6,0.41,0.3351,72.0,34.76,34.97,263.8,172.9,1.906174175032935,0.922402512497533,0.8689831158334753,1.0,1.0,emeka egbuka,emekaegbuka,eegbuka,Tampa Bay Buccaneers,00-0040129,0.0,0.0,0.0,0.0,0.0,0.0,0.0,8.0,3.0,32.0,0.0,E.Egbuka,TB,team_norm & _alias_init_last,0.0,0.0,0.0,0.0,0.0,0.0,0.0,-0.1299999999999999,0.8900000000000001,20.6,0.41
2025,12,0.0,2025_12_TB_LA,Tampa Bay Buccaneers,Chris Godwin Jr.,WR,00-0033921,1.0,0.0,0.0,0.0,0.0,0.0,0.0,0.0,5.92,3.87,33.9,0.31,0.2631,72.0,34.76,34.97,263.8,172.9,1.906174175032935,0.922402512497533,0.8689831158334753,1.0,1.0,chris godwin jr.,chrisgodwinjr,cgodwin,Tampa Bay Buccaneers,,0.0,0.0,0.0,0.0,0.0,0.0,0.0,4.0,2.0,9.0,0.0,C.Godwin,TB,team_norm & _alias_init_last,0.0,0.0,0.0,0.0,0.0,0.0,0.0,1.92,1.87,24.9,0.31
2025,12,0.0,2025_12_TB_LA,Tampa Bay Buccaneers,Tez Johnson,WR,00-0040237,1.0,0.0,0.0,0.0,0.0,0.0,0.0,0.0,3.95,2.35,28.2,0.21,0.1907,72.0,34.76,34.97,263.8,172.9,1.906174175032935,0.922402512497533,0.8689831158334753,1.0,1.0,tez johnson,tezjohnson,tjohnson,Tampa Bay Buccaneers,00-0040237,0.0,0.0,0.0,0.0,2.0,12.0,0.0,4.0,3.0,21.0,1.0,T.Johnson,TB,team_norm & _alias_init_last,0.0,0.0,0.0,0.0,-2.0,-12.0,0.0,-0.04999999999999982,-0.6499999999999999,7.199999999999999,-0.79
2025,12,0.0,2025_12_TB_LA,Tampa Bay Buccaneers,Kameron Johnson,WR,00-0039589,1.0,0.0,0.0,0.0,0.0,0.0,0.0,0.0,0.0,0.0,0.0,0.0,0.0,72.0,34.76,34.97,263.8,172.9,1.906174175032935,0.922402512497533,0.8689831158334753,1.0,1.0,kameron johnson,kameronjohnson,kjohnson,Tampa Bay Buccaneers,00-0039589,,,,,,,,,,,,,,,,,,,,,,,,,
2025,12,0.0,2025_12_TB_LA,Tampa Bay Buccaneers,Sterling Shepard,WR,00-0032385,1.0,0.0,0.0,0.0,0.0,0.0,0.0,0.0,0.0,0.0,0.0,0.0,0.0,72.0,34.76,34.97,263.8,172.9,1.906174175032935,0.922402512497533,0.8689831158334753,1.0,1.0,sterling shepard,sterlingshepard,sshepard,Tampa Bay Buccaneers,00-0032385,0.0,0.0,0.0,0.0,0.0,0.0,0.0,5.0,3.0,12.0,0.0,S.Shepard,TB,team_norm & _alias_init_last,0.0,0.0,0.0,0.0,0.0,0.0,0.0,-5.0,-3.0,-12.0,0.0
