season,week,date,game_id,team,player,position,player_id_x,is_active,pass_attempts,pass_yards,pass_tds,interceptions,rush_attempts,rush_yards,rush_tds,targets,receptions,rec_yards,rec_tds,any_td_prob,team_plays,team_pass_attempts,team_rush_attempts,team_pass_yards,team_rush_yards,team_exp_pass_tds,team_exp_rush_tds,team_exp_int,is_active_pid,is_active_nm,_name_norm,_name_norm_loose,_alias_init_last,team_norm,player_id_y,pass_attempts_act,pass_yards_act,pass_tds_act,interceptions_act,rush_attempts_act,rush_yards_act,rush_tds_act,targets_act,receptions_act,rec_yards_act,rec_tds_act,player_act,team_act,match_strategy,pass_attempts_err,pass_yards_err,pass_tds_err,interceptions_err,rush_attempts_err,rush_yards_err,rush_tds_err,targets_err,receptions_err,rec_yards_err,rec_tds_err
2025,11,0.0,2025_11_BAL_CLE,Baltimore Ravens,Lamar Jackson,QB,00-0034796,1.0,32.54,208.9,1.66,0.75,11.13,34.3,0.23,0.0,0.0,0.0,0.0,0.2092,72.0,35.46,33.39,241.7,148.3,1.838069350114228,0.8194490809390693,0.8864290203376909,1.0,1.0,lamar jackson,lamarjackson,ljackson,Baltimore Ravens,00-0034796,32.0,193.0,0.0,2.0,1.0,-1.0,0.0,0.0,0.0,0.0,0.0,L.Jackson,BAL,team_norm & _alias_init_last,0.5399999999999991,15.900000000000006,1.66,-1.25,10.13,35.3,0.23,0.0,0.0,0.0,0.0
2025,11,0.0,2025_11_BAL_CLE,Baltimore Ravens,Derrick Henry,RB,00-0032764,1.0,0.0,0.0,0.0,0.0,14.31,54.6,0.46,4.3,2.82,18.5,0.23,0.4972,72.0,35.46,33.39,241.7,148.3,1.838069350114228,0.8194490809390693,0.8864290203376909,1.0,1.0,derrick henry,derrickhenry,dhenry,Baltimore Ravens,00-0032764,0.0,0.0,0.0,0.0,18.0,103.0,1.0,2.0,2.0,19.0,0.0,D.Henry,BAL,team_norm & _alias_init_last,0.0,0.0,0.0,0.0,-3.6899999999999995,-48.4,-0.54,2.3,0.8199999999999998,-0.5,0.23
2025,11,0.0,2025_11_BAL_CLE,Baltimore Ravens,Justice Hill,RB,00-0034975,1.0,0.0,0.0,0.0,0.0,7.95,31.7,0.17,2.68,1.79,10.9,0.14,0.262,72.0,35.46,33.39,241.7,148.3,1.838069350114228,0.8194490809390693,0.8864290203376909,0.0,0.0,justice hill,justicehill,jhill,Baltimore Ravens,00-0034975,0.0,0.0,0.0,0.0,0.0,0.0,0.0,1.0,1.0,14.0,0.0,J.Hill,MIA,_alias_init_last,0.0,0.0,0.0,0.0,7.95,31.7,0.17,1.6800000000000002,0.79,-3.0999999999999996,0.14
2025,11,0.0,2025_11_BAL_CLE,Baltimore Ravens,Keaton Mitchell,RB,00-0038454,1.0,0.0,0.0,0.0,0.0,0.0,0.0,0.0,0.0,0.0,0.0,0.0,0.0,72.0,35.46,33.39,241.7,148.3,1.838069350114228,0.8194490809390693,0.8864290203376909,1.0,1.0,keaton mitchell,keatonmitchell,kmitchell,Baltimore Ravens,00-0038454,0.0,0.0,0.0,0.0,6.0,31.0,0.0,3.0,2.0,23.0,0.0,K.Mitchell,BAL,team_norm & _alias_init_last,0.0,0.0,0.0,0.0,-6.0,-31.0,0.0,-3.0,-2.0,-23.0,0.0
2025,11,0.0,2025_11_BAL_CLE,Baltimore Ravens,Rasheen Ali,RB,00-0039796,1.0,0.0,0.0,0.0,0.0,0.0,0.0,0.0,0.0,0.0,0.0,0.0,0.0,72.0,35.46,33.39,241.7,148.3,1.838069350114228,0.8194490809390693,0.8864290203376909,1.0,1.0,rasheen ali,rasheenali,rali,Baltimore Ravens,00-0039796,0.0,0.0,0.0,0.0,0.0,0.0,0.0,1.0,1.0,15.0,0.0,R.Ali,BAL,team_norm & _alias_init_last,0.0,0.0,0.0,0.0,0.0,0.0,0.0,-1.0,-1.0,-15.0,0.0
2025,11,0.0,2025_11_BAL_CLE,Baltimore Ravens,Mark Andrews,TE,00-0034753,1.0,0.0,0.0,0.0,0.0,0.0,0.0,0.0,6.34,3.68,28.9,0.32,0.2706,72.0,35.46,33.39,241.7,148.3,1.838069350114228,0.8194490809390693,0.8864290203376909,1.0,1.0,mark andrews,markandrews,mandrews,Baltimore Ravens,00-0034753,0.0,0.0,0.0,0.0,1.0,35.0,1.0,5.0,3.0,32.0,0.0,M.Andrews,BAL,team_norm & _alias_init_last,0.0,0.0,0.0,0.0,-1.0,-35.0,-1.0,1.3399999999999999,0.6800000000000002,-3.1000000000000014,0.32
2025,11,0.0,2025_11_BAL_CLE,Baltimore Ravens,Isaiah Likely,TE,00-0037838,1.0,0.0,0.0,0.0,0.0,0.0,0.0,0.0,3.28,1.98,15.2,0.16,0.1489,72.0,35.46,33.39,241.7,148.3,1.838069350114228,0.8194490809390693,0.8864290203376909,1.0,1.0,isaiah likely,isaiahlikely,ilikely,Baltimore Ravens,00-0037838,0.0,0.0,0.0,0.0,0.0,0.0,0.0,3.0,2.0,15.0,0.0,I.Likely,BAL,team_norm & _alias_init_last,0.0,0.0,0.0,0.0,0.0,0.0,0.0,0.2799999999999998,-0.020000000000000018,0.1999999999999993,0.16
2025,11,0.0,2025_11_BAL_CLE,Baltimore Ravens,Baylor Cupp,TE,00-0039316,1.0,0.0,0.0,0.0,0.0,0.0,0.0,0.0,0.0,0.0,0.0,0.0,0.0,72.0,35.46,33.39,241.7,148.3,1.838069350114228,0.8194490809390693,0.8864290203376909,0.0,0.0,baylor cupp,baylorcupp,bcupp,Baltimore Ravens,00-0039316,,,,,,,,,,,,,,,,,,,,,,,,,
2025,11,0.0,2025_11_BAL_CLE,Baltimore Ravens,Charlie Kolar,TE,00-0038046,1.0,0.0,0.0,0.0,0.0,0.0,0.0,0.0,0.0,0.0,0.0,0.0,0.0,72.0,35.46,33.39,241.7,148.3,1.838069350114228,0.8194490809390693,0.8864290203376909,1.0,1.0,charlie kolar,charliekolar,ckolar,Baltimore Ravens,00-0038046,0.0,0.0,0.0,0.0,0.0,0.0,0.0,1.0,0.0,0.0,0.0,C.Kolar,BAL,team_norm & _alias_init_last,0.0,0.0,0.0,0.0,0.0,0.0,0.0,-1.0,0.0,0.0,0.0
2025,11,0.0,2025_11_BAL_CLE,Baltimore Ravens,Zay Flowers,WR,00-0039064,1.0,0.0,0.0,0.0,0.0,0.0,0.0,0.0,8.26,5.42,47.2,0.39,0.3249,72.0,35.46,33.39,241.7,148.3,1.838069350114228,0.8194490809390693,0.8864290203376909,1.0,1.0,zay flowers,zayflowers,zflowers,Baltimore Ravens,,0.0,0.0,0.0,0.0,1.0,5.0,0.0,5.0,3.0,78.0,0.0,Z.Flowers,BAL,team_norm & _alias_init_last,0.0,0.0,0.0,0.0,-1.0,-5.0,0.0,3.26,2.42,-30.799999999999997,0.39
2025,11,0.0,2025_11_BAL_CLE,Baltimore Ravens,Rashod Bateman,WR,00-0036550,1.0,0.0,0.0,0.0,0.0,0.0,0.0,0.0,6.22,3.54,35.6,0.3,0.2614,72.0,35.46,33.39,241.7,148.3,1.838069350114228,0.8194490809390693,0.8864290203376909,0.0,0.0,rashod bateman,rashodbateman,rbateman,Baltimore Ravens,00-0036550,,,,,,,,,,,,,,,,,,,,,,,,,
2025,11,0.0,2025_11_BAL_CLE,Baltimore Ravens,DeAndre Hopkins,WR,00-0030564,1.0,0.0,0.0,0.0,0.0,0.0,0.0,0.0,4.15,2.36,21.8,0.2,0.1804,72.0,35.46,33.39,241.7,148.3,1.838069350114228,0.8194490809390693,0.8864290203376909,1.0,1.0,deandre hopkins,deandrehopkins,dhopkins,Baltimore Ravens,00-0030564,0.0,0.0,0.0,0.0,0.0,0.0,0.0,5.0,1.0,11.0,0.0,D.Hopkins,BAL,team_norm & _alias_init_last,0.0,0.0,0.0,0.0,0.0,0.0,0.0,-0.8499999999999996,1.3599999999999999,10.8,0.2
2025,11,0.0,2025_11_BAL_CLE,Baltimore Ravens,Anthony Miller,WR,00-0034353,1.0,0.0,0.0,0.0,0.0,0.0,0.0,0.0,0.0,0.0,0.0,0.0,0.0,72.0,35.46,33.39,241.7,148.3,1.838069350114228,0.8194490809390693,0.8864290203376909,0.0,0.0,anthony miller,anthonymiller,amiller,Baltimore Ravens,00-0034353,,,,,,,,,,,,,,,,,,,,,,,,,
2025,11,0.0,2025_11_BAL_CLE,Baltimore Ravens,Devontez Walker,WR,00-0039792,1.0,0.0,0.0,0.0,0.0,0.0,0.0,0.0,0.0,0.0,0.0,0.0,0.0,72.0,35.46,33.39,241.7,148.3,1.838069350114228,0.8194490809390693,0.8864290203376909,1.0,1.0,devontez walker,devontezwalker,dwalker,Baltimore Ravens,00-0039792,,,,,,,,,,,,,,,,,,,,,,,,,
2025,11,0.0,2025_11_BAL_CLE,Baltimore Ravens,LaJohntay Wester,WR,00-0040075,1.0,0.0,0.0,0.0,0.0,0.0,0.0,0.0,0.0,0.0,0.0,0.0,0.0,72.0,35.46,33.39,241.7,148.3,1.838069350114228,0.8194490809390693,0.8864290203376909,1.0,1.0,lajohntay wester,lajohntaywester,lwester,Baltimore Ravens,00-0040075,,,,,,,,,,,,,,,,,,,,,,,,,
2025,11,0.0,2025_11_BAL_CLE,Baltimore Ravens,Tylan Wallace,WR,00-0036630,1.0,0.0,0.0,0.0,0.0,0.0,0.0,0.0,0.0,0.0,0.0,0.0,0.0,72.0,35.46,33.39,241.7,148.3,1.838069350114228,0.8194490809390693,0.8864290203376909,1.0,1.0,tylan wallace,tylanwallace,twallace,Baltimore Ravens,00-0036630,0.0,0.0,0.0,0.0,0.0,0.0,0.0,1.0,0.0,0.0,0.0,T.Wallace,BAL,team_norm & _alias_init_last,0.0,0.0,0.0,0.0,0.0,0.0,0.0,-1.0,0.0,0.0,0.0
2025,11,0.0,2025_11_BAL_CLE,Cleveland Browns,Dillon Gabriel,QB,00-0040704,1.0,41.52,276.9,1.55,0.91,0.69,2.8,0.01,0.0,0.0,0.0,0.0,0.0127,72.0,42.81,26.63,317.3,128.6,1.6851386694885568,0.5262830796985023,1.0703614532834678,1.0,1.0,dillon gabriel,dillongabriel,dgabriel,Cleveland Browns,00-0040704,12.0,68.0,0.0,0.0,1.0,1.0,0.0,0.0,0.0,0.0,0.0,D.Gabriel,CLE,team_norm & _alias_init_last,29.520000000000003,208.89999999999998,1.55,0.91,-0.31000000000000005,1.7999999999999998,0.01,0.0,0.0,0.0,0.0
2025,11,0.0,2025_11_BAL_CLE,Cleveland Browns,Quinshon Judkins,RB,00-0040784,1.0,0.0,0.0,0.0,0.0,16.67,72.3,0.39,5.02,3.21,29.1,0.19,0.4371,72.0,42.81,26.63,317.3,128.6,1.6851386694885568,0.5262830796985023,1.0703614532834678,1.0,1.0,quinshon judkins,quinshonjudkins,qjudkins,Cleveland Browns,00-0040784,0.0,0.0,0.0,0.0,19.0,59.0,0.0,2.0,0.0,0.0,0.0,Q.Judkins,CLE,team_norm & _alias_init_last,0.0,0.0,0.0,0.0,-2.3299999999999983,13.299999999999997,0.39,3.0199999999999996,3.21,29.1,0.19
2025,11,0.0,2025_11_BAL_CLE,Cleveland Browns,Dylan Sampson,RB,00-0040162,1.0,0.0,0.0,0.0,0.0,9.26,43.3,0.13,3.12,2.16,16.6,0.12,0.2279,72.0,42.81,26.63,317.3,128.6,1.6851386694885568,0.5262830796985023,1.0703614532834678,1.0,1.0,dylan sampson,dylansampson,dsampson,Cleveland Browns,00-0040162,0.0,0.0,0.0,0.0,1.0,19.0,0.0,1.0,0.0,0.0,0.0,D.Sampson,CLE,team_norm & _alias_init_last,0.0,0.0,0.0,0.0,8.26,24.299999999999997,0.13,2.12,2.16,16.6,0.12
2025,11,0.0,2025_11_BAL_CLE,Cleveland Browns,Jerome Ford,RB,00-0037267,1.0,0.0,0.0,0.0,0.0,0.0,0.0,0.0,0.0,0.0,0.0,0.0,0.0,72.0,42.81,26.63,317.3,128.6,1.6851386694885568,0.5262830796985023,1.0703614532834678,1.0,1.0,jerome ford,jeromeford,jford,Cleveland Browns,00-0037267,0.0,0.0,0.0,0.0,1.0,2.0,0.0,0.0,0.0,0.0,0.0,J.Ford,CLE,team_norm & _alias_init_last,0.0,0.0,0.0,0.0,-1.0,-2.0,0.0,0.0,0.0,0.0,0.0
2025,11,0.0,2025_11_BAL_CLE,Cleveland Browns,Harold Fannin Jr.,TE,00-0040663,1.0,0.0,0.0,0.0,0.0,0.0,0.0,0.0,7.55,4.21,44.1,0.27,0.2331,72.0,42.81,26.63,317.3,128.6,1.6851386694885568,0.5262830796985023,1.0703614532834678,1.0,1.0,harold fannin jr.,haroldfanninjr,hfannin,Cleveland Browns,00-0040663,0.0,0.0,0.0,0.0,0.0,0.0,0.0,5.0,2.0,26.0,0.0,H.Fannin,CLE,team_norm & _alias_init_last,0.0,0.0,0.0,0.0,0.0,0.0,0.0,2.55,2.21,18.1,0.27
2025,11,0.0,2025_11_BAL_CLE,Cleveland Browns,David Njoku,TE,00-0033885,1.0,0.0,0.0,0.0,0.0,0.0,0.0,0.0,3.9,2.21,19.5,0.14,0.134,72.0,42.81,26.63,317.3,128.6,1.6851386694885568,0.5262830796985023,1.0703614532834678,1.0,1.0,david njoku,davidnjoku,dnjoku,Cleveland Browns,00-0033885,0.0,0.0,0.0,0.0,0.0,0.0,0.0,2.0,1.0,7.0,0.0,D.Njoku,CLE,team_norm & _alias_init_last,0.0,0.0,0.0,0.0,0.0,0.0,0.0,1.9,1.21,12.5,0.14
2025,11,0.0,2025_11_BAL_CLE,Cleveland Browns,Blake Whiteheart,TE,00-0038710,1.0,0.0,0.0,0.0,0.0,0.0,0.0,0.0,0.0,0.0,0.0,0.0,0.0,72.0,42.81,26.63,317.3,128.6,1.6851386694885568,0.5262830796985023,1.0703614532834678,1.0,1.0,blake whiteheart,blakewhiteheart,bwhiteheart,Cleveland Browns,00-0038710,,,,,,,,,,,,,,,,,,,,,,,,,
2025,11,0.0,2025_11_BAL_CLE,Cleveland Browns,Brenden Bates,TE,00-0039458,1.0,0.0,0.0,0.0,0.0,0.0,0.0,0.0,0.0,0.0,0.0,0.0,0.0,72.0,42.81,26.63,317.3,128.6,1.6851386694885568,0.5262830796985023,1.0703614532834678,1.0,1.0,brenden bates,brendenbates,bbates,Cleveland Browns,00-0039458,,,,,,,,,,,,,,,,,,,,,,,,,
2025,11,0.0,2025_11_BAL_CLE,Cleveland Browns,Jerry Jeudy,WR,00-0036407,1.0,0.0,0.0,0.0,0.0,0.0,0.0,0.0,10.3,5.82,61.9,0.37,0.3117,72.0,42.81,26.63,317.3,128.6,1.6851386694885568,0.5262830796985023,1.0703614532834678,1.0,1.0,jerry jeudy,jerryjeudy,jjeudy,Cleveland Browns,00-0036407,0.0,0.0,0.0,0.0,0.0,0.0,0.0,7.0,3.0,21.0,0.0,J.Jeudy,CLE,team_norm & _alias_init_last,0.0,0.0,0.0,0.0,0.0,0.0,0.0,3.3000000000000007,2.8200000000000003,40.9,0.37
2025,11,0.0,2025_11_BAL_CLE,Cleveland Browns,Cedric Tillman,WR,00-0038979,1.0,0.0,0.0,0.0,0.0,0.0,0.0,0.0,7.76,3.83,47.3,0.29,0.253,72.0,42.81,26.63,317.3,128.6,1.6851386694885568,0.5262830796985023,1.0703614532834678,1.0,1.0,cedric tillman,cedrictillman,ctillman,Cleveland Browns,00-0038979,0.0,0.0,0.0,0.0,0.0,0.0,0.0,4.0,3.0,52.0,0.0,C.Tillman,CLE,team_norm & _alias_init_last,0.0,0.0,0.0,0.0,0.0,0.0,0.0,3.76,0.8300000000000001,-4.700000000000003,0.29
2025,11,0.0,2025_11_BAL_CLE,Cleveland Browns,Isaiah Bond,WR,00-0040782,1.0,0.0,0.0,0.0,0.0,0.0,0.0,0.0,5.17,2.4,37.2,0.19,0.1748,72.0,42.81,26.63,317.3,128.6,1.6851386694885568,0.5262830796985023,1.0703614532834678,1.0,1.0,isaiah bond,isaiahbond,ibond,Cleveland Browns,00-0040782,0.0,0.0,0.0,0.0,1.0,8.0,0.0,1.0,0.0,0.0,0.0,I.Bond,CLE,team_norm & _alias_init_last,0.0,0.0,0.0,0.0,-1.0,-8.0,0.0,4.17,2.4,37.2,0.19
2025,11,0.0,2025_11_BAL_CLE,Cleveland Browns,Cade McDonald,WR,00-0040615,1.0,0.0,0.0,0.0,0.0,0.0,0.0,0.0,0.0,0.0,0.0,0.0,0.0,72.0,42.81,26.63,317.3,128.6,1.6851386694885568,0.5262830796985023,1.0703614532834678,0.0,0.0,cade mcdonald,cademcdonald,cmcdonald,Cleveland Browns,00-0040615,,,,,,,,,,,,,,,,,,,,,,,,,
2025,11,0.0,2025_11_BAL_CLE,Cleveland Browns,Chase Cota,WR,00-0038651,1.0,0.0,0.0,0.0,0.0,0.0,0.0,0.0,0.0,0.0,0.0,0.0,0.0,72.0,42.81,26.63,317.3,128.6,1.6851386694885568,0.5262830796985023,1.0703614532834678,0.0,0.0,chase cota,chasecota,ccota,Cleveland Browns,00-0038651,,,,,,,,,,,,,,,,,,,,,,,,,
2025,11,0.0,2025_11_BAL_CLE,Cleveland Browns,David Bell,WR,00-0037257,1.0,0.0,0.0,0.0,0.0,0.0,0.0,0.0,0.0,0.0,0.0,0.0,0.0,72.0,42.81,26.63,317.3,128.6,1.6851386694885568,0.5262830796985023,1.0703614532834678,1.0,1.0,david bell,davidbell,dbell,Cleveland Browns,00-0037257,,,,,,,,,,,,,,,,,,,,,,,,,
2025,11,0.0,2025_11_BAL_CLE,Cleveland Browns,Gage Larvadain,WR,00-0040259,1.0,0.0,0.0,0.0,0.0,0.0,0.0,0.0,0.0,0.0,0.0,0.0,0.0,72.0,42.81,26.63,317.3,128.6,1.6851386694885568,0.5262830796985023,1.0703614532834678,1.0,1.0,gage larvadain,gagelarvadain,glarvadain,Cleveland Browns,,0.0,0.0,0.0,0.0,0.0,0.0,0.0,1.0,0.0,0.0,0.0,G.Larvadain,CLE,team_norm & _alias_init_last,0.0,0.0,0.0,0.0,0.0,0.0,0.0,-1.0,0.0,0.0,0.0
2025,11,0.0,2025_11_BAL_CLE,Cleveland Browns,Kaden Davis,WR,00-0037380,1.0,0.0,0.0,0.0,0.0,0.0,0.0,0.0,0.0,0.0,0.0,0.0,0.0,72.0,42.81,26.63,317.3,128.6,1.6851386694885568,0.5262830796985023,1.0703614532834678,1.0,1.0,kaden davis,kadendavis,kdavis,Cleveland Browns,00-0037380,,,,,,,,,,,,,,,,,,,,,,,,,
2025,11,0.0,2025_11_BAL_CLE,Cleveland Browns,Malachi Corley,WR,00-0039920,1.0,0.0,0.0,0.0,0.0,0.0,0.0,0.0,0.0,0.0,0.0,0.0,0.0,72.0,42.81,26.63,317.3,128.6,1.6851386694885568,0.5262830796985023,1.0703614532834678,1.0,1.0,malachi corley,malachicorley,mcorley,Cleveland Browns,00-0039920,0.0,0.0,0.0,0.0,0.0,0.0,0.0,2.0,2.0,9.0,0.0,M.Corley,CLE,team_norm & _alias_init_last,0.0,0.0,0.0,0.0,0.0,0.0,0.0,-2.0,-2.0,-9.0,0.0
2025,11,0.0,2025_11_CAR_ATL,Atlanta Falcons,Kirk Cousins,QB,00-0029604,1.0,36.07,209.7,2.11,0.79,3.3,10.4,0.12,0.0,0.0,0.0,0.0,0.1175,72.0,37.41,32.52,226.8,128.5,2.7558907098758505,1.222069183564857,0.9351352853598016,1.0,1.0,kirk cousins,kirkcousins,kcousins,Atlanta Falcons,00-0029604,16.0,48.0,0.0,0.0,1.0,2.0,0.0,0.0,0.0,0.0,0.0,K.Cousins,ATL,team_norm & _alias_init_last,20.07,161.7,2.11,0.79,2.3,8.4,0.12,0.0,0.0,0.0,0.0
2025,11,0.0,2025_11_CAR_ATL,Atlanta Falcons,Bijan Robinson,RB,00-0038542,1.0,0.0,0.0,0.0,0.0,18.78,63.6,0.84,4.59,3.1,17.5,0.34,0.6928,72.0,37.41,32.52,226.8,128.5,2.7558907098758505,1.222069183564857,0.9351352853598016,1.0,1.0,bijan robinson,bijanrobinson,brobinson,Atlanta Falcons,00-0038542,0.0,0.0,0.0,0.0,26.0,104.0,2.0,6.0,4.0,39.0,0.0,B.Robinson,ATL,team_norm & _alias_init_last,0.0,0.0,0.0,0.0,-7.219999999999999,-40.4,-1.1600000000000001,-1.4100000000000001,-0.8999999999999999,-21.5,0.34
2025,11,0.0,2025_11_CAR_ATL,Atlanta Falcons,Tyler Allgeier,RB,00-0037263,1.0,0.0,0.0,0.0,0.0,10.44,35.4,0.31,2.86,2.03,11.2,0.2,0.4033,72.0,37.41,32.52,226.8,128.5,2.7558907098758505,1.222069183564857,0.9351352853598016,1.0,1.0,tyler allgeier,tylerallgeier,tallgeier,Atlanta Falcons,00-0037263,0.0,0.0,0.0,0.0,4.0,10.0,1.0,2.0,2.0,6.0,0.0,T.Allgeier,ATL,team_norm & _alias_init_last,0.0,0.0,0.0,0.0,6.4399999999999995,25.4,-0.69,0.8599999999999999,0.029999999999999805,5.199999999999999,0.2
2025,11,0.0,2025_11_CAR_ATL,Atlanta Falcons,Nate Carter,RB,00-0040547,1.0,0.0,0.0,0.0,0.0,0.0,0.0,0.0,0.0,0.0,0.0,0.0,0.0,72.0,37.41,32.52,226.8,128.5,2.7558907098758505,1.222069183564857,0.9351352853598016,1.0,1.0,nate carter,natecarter,ncarter,Atlanta Falcons,00-0040547,,,,,,,,,,,,,,,,,,,,,,,,,
2025,11,0.0,2025_11_CAR_ATL,Atlanta Falcons,Kyle Pitts Sr.,TE,,1.0,0.0,0.0,0.0,0.0,0.0,0.0,0.0,6.77,3.92,51.8,0.5,0.3929,72.0,37.41,32.52,226.8,128.5,2.7558907098758505,1.222069183564857,0.9351352853598016,0.0,0.0,kyle pitts sr.,kylepittssr,kpitts,Atlanta Falcons,00-0036970,0.0,0.0,0.0,0.0,0.0,0.0,0.0,3.0,2.0,14.0,0.0,K.Pitts,ATL,team_norm & _alias_init_last,0.0,0.0,0.0,0.0,0.0,0.0,0.0,3.7699999999999996,1.92,37.8,0.5
2025,11,0.0,2025_11_CAR_ATL,Atlanta Falcons,Charlie Woerner,TE,00-0036429,1.0,0.0,0.0,0.0,0.0,0.0,0.0,0.0,3.5,2.18,20.6,0.24,0.2155,72.0,37.41,32.52,226.8,128.5,2.7558907098758505,1.222069183564857,0.9351352853598016,1.0,1.0,charlie woerner,charliewoerner,cwoerner,Atlanta Falcons,00-0036429,,,,,,,,,,,,,,,,,,,,,,,,,
2025,11,0.0,2025_11_CAR_ATL,Atlanta Falcons,Feleipe Franks,TE,00-0036825,1.0,0.0,0.0,0.0,0.0,0.0,0.0,0.0,0.0,0.0,0.0,0.0,0.0,72.0,37.41,32.52,226.8,128.5,2.7558907098758505,1.222069183564857,0.9351352853598016,1.0,1.0,feleipe franks,feleipefranks,ffranks,Atlanta Falcons,00-0036825,,,,,,,,,,,,,,,,,,,,,,,,,
2025,11,0.0,2025_11_CAR_ATL,Atlanta Falcons,Teagan Quitoriano,TE,00-0037277,1.0,0.0,0.0,0.0,0.0,0.0,0.0,0.0,0.0,0.0,0.0,0.0,0.0,72.0,37.41,32.52,226.8,128.5,2.7558907098758505,1.222069183564857,0.9351352853598016,1.0,1.0,teagan quitoriano,teaganquitoriano,tquitoriano,Atlanta Falcons,00-0037277,,,,,,,,,,,,,,,,,,,,,,,,,
2025,11,0.0,2025_11_CAR_ATL,Atlanta Falcons,Drake London,WR,00-0037238,1.0,0.0,0.0,0.0,0.0,0.0,0.0,0.0,8.57,4.98,41.8,0.61,0.4556,72.0,37.41,32.52,226.8,128.5,2.7558907098758505,1.222069183564857,0.9351352853598016,1.0,1.0,drake london,drakelondon,dlondon,Atlanta Falcons,00-0037238,0.0,0.0,0.0,0.0,0.0,0.0,0.0,11.0,7.0,119.0,0.0,D.London,ATL,team_norm & _alias_init_last,0.0,0.0,0.0,0.0,0.0,0.0,0.0,-2.4299999999999997,-2.0199999999999996,-77.2,0.61
2025,11,0.0,2025_11_CAR_ATL,Atlanta Falcons,Darnell Mooney,WR,00-0036309,1.0,0.0,0.0,0.0,0.0,0.0,0.0,0.0,6.45,3.39,31.6,0.43,0.3504,72.0,37.41,32.52,226.8,128.5,2.7558907098758505,1.222069183564857,0.9351352853598016,1.0,1.0,darnell mooney,darnellmooney,dmooney,Atlanta Falcons,00-0036309,0.0,0.0,0.0,0.0,0.0,0.0,0.0,7.0,3.0,34.0,0.0,D.Mooney,ATL,team_norm & _alias_init_last,0.0,0.0,0.0,0.0,0.0,0.0,0.0,-0.5499999999999998,0.3900000000000001,-2.3999999999999986,0.43
2025,11,0.0,2025_11_CAR_ATL,Atlanta Falcons,David Sills V,WR,,1.0,0.0,0.0,0.0,0.0,0.0,0.0,0.0,4.3,2.62,37.9,0.32,0.2716,72.0,37.41,32.52,226.8,128.5,2.7558907098758505,1.222069183564857,0.9351352853598016,0.0,0.0,david sills v,davidsillsv,dsills,Atlanta Falcons,00-0035359,0.0,0.0,0.0,0.0,0.0,0.0,0.0,2.0,1.0,11.0,0.0,D.Sills,ATL,team_norm & _alias_init_last,0.0,0.0,0.0,0.0,0.0,0.0,0.0,2.3,1.62,26.9,0.32
2025,11,0.0,2025_11_CAR_ATL,Atlanta Falcons,Casey Washington,WR,00-0039394,1.0,0.0,0.0,0.0,0.0,0.0,0.0,0.0,0.0,0.0,0.0,0.0,0.0,72.0,37.41,32.52,226.8,128.5,2.7558907098758505,1.222069183564857,0.9351352853598016,1.0,1.0,casey washington,caseywashington,cwashington,Atlanta Falcons,00-0038930,,,,,,,,,,,,,,,,,,,,,,,,,
2025,11,0.0,2025_11_CAR_ATL,Atlanta Falcons,KhaDarel Hodge,WR,00-0034854,1.0,0.0,0.0,0.0,0.0,0.0,0.0,0.0,0.0,0.0,0.0,0.0,0.0,72.0,37.41,32.52,226.8,128.5,2.7558907098758505,1.222069183564857,0.9351352853598016,1.0,1.0,khadarel hodge,khadarelhodge,khodge,Atlanta Falcons,00-0034854,0.0,0.0,0.0,0.0,0.0,0.0,0.0,1.0,0.0,0.0,0.0,K.Hodge,ATL,team_norm & _alias_init_last,0.0,0.0,0.0,0.0,0.0,0.0,0.0,-1.0,0.0,0.0,0.0
2025,11,0.0,2025_11_CAR_ATL,Carolina Panthers,Bryce Young,QB,00-0039150,1.0,33.7,176.2,1.72,0.75,5.11,14.9,0.18,0.0,0.0,0.0,0.0,0.1611,67.65,35.44,29.36,198.8,107.3,2.360988129380385,1.016375483476708,0.8860142849679731,1.0,1.0,bryce young,bryceyoung,byoung,Carolina Panthers,00-0039150,53.0,448.0,3.0,0.0,0.0,0.0,0.0,0.0,0.0,0.0,0.0,B.Young,CAR,team_norm & _alias_init_last,-19.299999999999997,-271.8,-1.28,0.75,5.11,14.9,0.18,0.0,0.0,0.0,0.0
2025,11,0.0,2025_11_CAR_ATL,Carolina Panthers,Rico Dowdle,RB,00-0036139,1.0,0.0,0.0,0.0,0.0,15.59,49.4,0.63,4.29,2.96,16.3,0.3,0.6051,67.65,35.44,29.36,198.8,107.3,2.360988129380385,1.016375483476708,0.8860142849679731,1.0,1.0,rico dowdle,ricodowdle,rdowdle,Carolina Panthers,00-0036139,0.0,0.0,0.0,0.0,21.0,45.0,0.0,7.0,5.0,55.0,0.0,R.Dowdle,CAR,team_norm & _alias_init_last,0.0,0.0,0.0,0.0,-5.41,4.399999999999999,0.63,-2.71,-2.04,-38.7,0.3
2025,11,0.0,2025_11_CAR_ATL,Carolina Panthers,Chuba Hubbard,RB,00-0036555,1.0,0.0,0.0,0.0,0.0,8.66,28.5,0.23,2.67,1.8,9.2,0.18,0.3369,67.65,35.44,29.36,198.8,107.3,2.360988129380385,1.016375483476708,0.8860142849679731,1.0,1.0,chuba hubbard,chubahubbard,chubbard,Carolina Panthers,00-0036555,0.0,0.0,0.0,0.0,4.0,21.0,0.0,3.0,1.0,7.0,0.0,C.Hubbard,CAR,team_norm & _alias_init_last,0.0,0.0,0.0,0.0,4.66,7.5,0.23,-0.33000000000000007,0.8,2.1999999999999993,0.18
2025,11,0.0,2025_11_CAR_ATL,Carolina Panthers,Trevor Etienne,RB,00-0040644,1.0,0.0,0.0,0.0,0.0,0.0,0.0,0.0,0.0,0.0,0.0,0.0,0.0,67.65,35.44,29.36,198.8,107.3,2.360988129380385,1.016375483476708,0.8860142849679731,1.0,1.0,trevor etienne,trevoretienne,tetienne,Carolina Panthers,00-0040644,0.0,0.0,0.0,0.0,1.0,2.0,0.0,0.0,0.0,0.0,0.0,T.Etienne,CAR,team_norm & _alias_init_last,0.0,0.0,0.0,0.0,-1.0,-2.0,0.0,0.0,0.0,0.0,0.0
2025,11,0.0,2025_11_CAR_ATL,Carolina Panthers,Ja'Tavion Sanders,TE,00-0039356,1.0,0.0,0.0,0.0,0.0,0.0,0.0,0.0,6.24,4.02,27.3,0.4,0.3301,67.65,35.44,29.36,198.8,107.3,2.360988129380385,1.016375483476708,0.8860142849679731,1.0,1.0,ja'tavion sanders,jatavionsanders,jsanders,Carolina Panthers,00-0039356,0.0,0.0,0.0,0.0,0.0,0.0,0.0,4.0,4.0,22.0,0.0,J.Sanders,CAR,team_norm & _alias_init_last,0.0,0.0,0.0,0.0,0.0,0.0,0.0,2.24,0.019999999999999574,5.300000000000001,0.4
2025,11,0.0,2025_11_CAR_ATL,Carolina Panthers,Tommy Tremble,TE,00-0037005,1.0,0.0,0.0,0.0,0.0,0.0,0.0,0.0,3.22,1.93,12.7,0.2,0.1805,67.65,35.44,29.36,198.8,107.3,2.360988129380385,1.016375483476708,0.8860142849679731,1.0,1.0,tommy tremble,tommytremble,ttremble,Carolina Panthers,00-0037005,0.0,0.0,0.0,0.0,0.0,0.0,0.0,2.0,1.0,54.0,0.0,T.Tremble,CAR,team_norm & _alias_init_last,0.0,0.0,0.0,0.0,0.0,0.0,0.0,1.2200000000000002,0.9299999999999999,-41.3,0.2
2025,11,0.0,2025_11_CAR_ATL,Carolina Panthers,Dominique Dafney,TE,00-0036456,1.0,0.0,0.0,0.0,0.0,0.0,0.0,0.0,0.0,0.0,0.0,0.0,0.0,67.65,35.44,29.36,198.8,107.3,2.360988129380385,1.016375483476708,0.8860142849679731,0.0,0.0,dominique dafney,dominiquedafney,ddafney,Carolina Panthers,00-0036456,,,,,,,,,,,,,,,,,,,,,,,,,
2025,11,0.0,2025_11_CAR_ATL,Carolina Panthers,Mitchell Evans,TE,00-0040187,1.0,0.0,0.0,0.0,0.0,0.0,0.0,0.0,0.0,0.0,0.0,0.0,0.0,67.65,35.44,29.36,198.8,107.3,2.360988129380385,1.016375483476708,0.8860142849679731,1.0,1.0,mitchell evans,mitchellevans,mevans,Carolina Panthers,00-0040187,0.0,0.0,0.0,0.0,0.0,0.0,0.0,2.0,2.0,28.0,0.0,M.Evans,CAR,team_norm & _alias_init_last,0.0,0.0,0.0,0.0,0.0,0.0,0.0,-2.0,-2.0,-28.0,0.0
2025,11,0.0,2025_11_CAR_ATL,Carolina Panthers,Tetairoa McMillan,WR,00-0040124,1.0,0.0,0.0,0.0,0.0,0.0,0.0,0.0,8.44,4.58,42.1,0.53,0.4116,67.65,35.44,29.36,198.8,107.3,2.360988129380385,1.016375483476708,0.8860142849679731,1.0,1.0,tetairoa mcmillan,tetairoamcmillan,tmcmillan,Carolina Panthers,00-0040124,0.0,0.0,0.0,0.0,0.0,0.0,0.0,12.0,8.0,130.0,2.0,T.McMillan,CAR,team_norm & _alias_init_last,0.0,0.0,0.0,0.0,0.0,0.0,0.0,-3.5600000000000005,-3.42,-87.9,-1.47
2025,11,0.0,2025_11_CAR_ATL,Carolina Panthers,Xavier Legette,WR,00-0039342,1.0,0.0,0.0,0.0,0.0,0.0,0.0,0.0,6.35,3.29,29.6,0.42,0.3417,67.65,35.44,29.36,198.8,107.3,2.360988129380385,1.016375483476708,0.8860142849679731,1.0,1.0,xavier legette,xavierlegette,xlegette,Carolina Panthers,00-0039342,0.0,0.0,0.0,0.0,0.0,0.0,0.0,8.0,4.0,83.0,1.0,X.Legette,CAR,team_norm & _alias_init_last,0.0,0.0,0.0,0.0,0.0,0.0,0.0,-1.6500000000000004,-0.71,-53.4,-0.5800000000000001
2025,11,0.0,2025_11_CAR_ATL,Carolina Panthers,Jalen Coker,WR,00-0039491,1.0,0.0,0.0,0.0,0.0,0.0,0.0,0.0,4.24,2.73,20.4,0.27,0.236,67.65,35.44,29.36,198.8,107.3,2.360988129380385,1.016375483476708,0.8860142849679731,1.0,1.0,jalen coker,jalencoker,jcoker,Carolina Panthers,00-0039491,0.0,0.0,0.0,0.0,0.0,0.0,0.0,5.0,4.0,52.0,0.0,J.Coker,CAR,team_norm & _alias_init_last,0.0,0.0,0.0,0.0,0.0,0.0,0.0,-0.7599999999999998,-1.27,-31.6,0.27
2025,11,0.0,2025_11_CAR_ATL,Carolina Panthers,Brycen Tremayne,WR,00-0038840,1.0,0.0,0.0,0.0,0.0,0.0,0.0,0.0,0.0,0.0,0.0,0.0,0.0,67.65,35.44,29.36,198.8,107.3,2.360988129380385,1.016375483476708,0.8860142849679731,1.0,1.0,brycen tremayne,brycentremayne,btremayne,Carolina Panthers,00-0038840,0.0,0.0,0.0,0.0,0.0,0.0,0.0,2.0,2.0,17.0,0.0,B.Tremayne,CAR,team_norm & _alias_init_last,0.0,0.0,0.0,0.0,0.0,0.0,0.0,-2.0,-2.0,-17.0,0.0
2025,11,0.0,2025_11_CAR_ATL,Carolina Panthers,Jimmy Horn Jr.,WR,00-0040218,1.0,0.0,0.0,0.0,0.0,0.0,0.0,0.0,0.0,0.0,0.0,0.0,0.0,67.65,35.44,29.36,198.8,107.3,2.360988129380385,1.016375483476708,0.8860142849679731,1.0,1.0,jimmy horn jr.,jimmyhornjr,jhorn,Carolina Panthers,00-0036944,,,,,,,,,,,,,,,,,,,,,,,,,
2025,11,0.0,2025_11_CHI_MIN,Chicago Bears,Caleb Williams,QB,00-0039918,1.0,41.79,265.1,1.93,0.98,5.65,21.3,0.16,0.0,0.0,0.0,0.0,0.1484,72.0,46.03,22.91,341.8,110.8,2.6972884766400487,0.6165189161112794,1.15072711649253,1.0,1.0,caleb williams,calebwilliams,cwilliams,Chicago Bears,00-0035857,37.0,193.0,0.0,0.0,2.0,3.0,0.0,0.0,0.0,0.0,0.0,C.Williams,CHI,team_norm & _alias_init_last,4.789999999999999,72.10000000000002,1.93,0.98,3.6500000000000004,18.3,0.16,0.0,0.0,0.0,0.0
2025,11,0.0,2025_11_CHI_MIN,Chicago Bears,D'Andre Swift,RB,00-0036275,1.0,0.0,0.0,0.0,0.0,11.1,48.7,0.36,5.6,3.69,26.0,0.32,0.4963,72.0,46.03,22.91,341.8,110.8,2.6972884766400487,0.6165189161112794,1.15072711649253,1.0,1.0,d'andre swift,dandreswift,dswift,Chicago Bears,00-0036275,0.0,0.0,0.0,0.0,21.0,90.0,0.0,1.0,0.0,0.0,0.0,D.Swift,CHI,team_norm & _alias_init_last,0.0,0.0,0.0,0.0,-9.9,-41.3,0.36,4.6,3.69,26.0,0.32
2025,11,0.0,2025_11_CHI_MIN,Chicago Bears,Kyle Monangai,RB,00-0040236,1.0,0.0,0.0,0.0,0.0,6.16,26.6,0.13,3.48,1.94,18.1,0.2,0.2863,72.0,46.03,22.91,341.8,110.8,2.6972884766400487,0.6165189161112794,1.15072711649253,1.0,1.0,kyle monangai,kylemonangai,kmonangai,Chicago Bears,00-0040236,0.0,0.0,0.0,0.0,13.0,23.0,1.0,1.0,1.0,14.0,0.0,K.Monangai,CHI,team_norm & _alias_init_last,0.0,0.0,0.0,0.0,-6.84,3.6000000000000014,-0.87,2.48,0.94,4.100000000000001,0.2
2025,11,0.0,2025_11_CHI_MIN,Chicago Bears,Roschon Johnson,RB,00-0039021,1.0,0.0,0.0,0.0,0.0,0.0,0.0,0.0,0.0,0.0,0.0,0.0,0.0,72.0,46.03,22.91,341.8,110.8,2.6972884766400487,0.6165189161112794,1.15072711649253,1.0,1.0,roschon johnson,roschonjohnson,rjohnson,Chicago Bears,00-0039021,,,,,,,,,,,,,,,,,,,,,,,,,
2025,11,0.0,2025_11_CHI_MIN,Chicago Bears,Travis Homer,RB,00-0035594,1.0,0.0,0.0,0.0,0.0,0.0,0.0,0.0,0.0,0.0,0.0,0.0,0.0,72.0,46.03,22.91,341.8,110.8,2.6972884766400487,0.6165189161112794,1.15072711649253,1.0,1.0,travis homer,travishomer,thomer,Chicago Bears,00-0035594,0.0,0.0,0.0,0.0,1.0,-2.0,0.0,0.0,0.0,0.0,0.0,T.Homer,CHI,team_norm & _alias_init_last,0.0,0.0,0.0,0.0,-1.0,2.0,0.0,0.0,0.0,0.0,0.0
2025,11,0.0,2025_11_CHI_MIN,Chicago Bears,Cole Kmet,TE,00-0036290,1.0,0.0,0.0,0.0,0.0,0.0,0.0,0.0,8.51,5.6,45.3,0.47,0.3723,72.0,46.03,22.91,341.8,110.8,2.6972884766400487,0.6165189161112794,1.15072711649253,1.0,1.0,cole kmet,colekmet,ckmet,Chicago Bears,00-0036290,0.0,0.0,0.0,0.0,0.0,0.0,0.0,5.0,5.0,45.0,0.0,C.Kmet,CHI,team_norm & _alias_init_last,0.0,0.0,0.0,0.0,0.0,0.0,0.0,3.51,0.5999999999999996,0.29999999999999716,0.47
2025,11,0.0,2025_11_CHI_MIN,Chicago Bears,Colston Loveland,TE,00-0040126,1.0,0.0,0.0,0.0,0.0,0.0,0.0,0.0,4.4,2.66,24.5,0.25,0.2176,72.0,46.03,22.91,341.8,110.8,2.6972884766400487,0.6165189161112794,1.15072711649253,1.0,1.0,colston loveland,colstonloveland,cloveland,Chicago Bears,00-0040126,0.0,0.0,0.0,0.0,0.0,0.0,0.0,4.0,3.0,40.0,0.0,C.Loveland,CHI,team_norm & _alias_init_last,0.0,0.0,0.0,0.0,0.0,0.0,0.0,0.40000000000000036,-0.33999999999999986,-15.5,0.25
2025,11,0.0,2025_11_CHI_MIN,Chicago Bears,Durham Smythe,TE,00-0034798,1.0,0.0,0.0,0.0,0.0,0.0,0.0,0.0,0.0,0.0,0.0,0.0,0.0,72.0,46.03,22.91,341.8,110.8,2.6972884766400487,0.6165189161112794,1.15072711649253,1.0,1.0,durham smythe,durhamsmythe,dsmythe,Chicago Bears,00-0034798,0.0,0.0,0.0,0.0,0.0,0.0,0.0,3.0,1.0,8.0,0.0,D.Smythe,CHI,team_norm & _alias_init_last,0.0,0.0,0.0,0.0,0.0,0.0,0.0,-3.0,-1.0,-8.0,0.0
2025,11,0.0,2025_11_CHI_MIN,Chicago Bears,Rome Odunze,WR,00-0039919,1.0,0.0,0.0,0.0,0.0,0.0,0.0,0.0,10.4,5.06,69.7,0.59,0.446,72.0,46.03,22.91,341.8,110.8,2.6972884766400487,0.6165189161112794,1.15072711649253,1.0,1.0,rome odunze,romeodunze,rodunze,Chicago Bears,00-0039919,0.0,0.0,0.0,0.0,0.0,0.0,0.0,6.0,2.0,41.0,0.0,R.Odunze,CHI,team_norm & _alias_init_last,0.0,0.0,0.0,0.0,0.0,0.0,0.0,4.4,3.0599999999999996,28.700000000000003,0.59
2025,11,0.0,2025_11_CHI_MIN,Chicago Bears,DJ Moore,WR,00-0034827,1.0,0.0,0.0,0.0,0.0,0.0,0.0,0.0,7.83,4.54,45.5,0.42,0.3456,72.0,46.03,22.91,341.8,110.8,2.6972884766400487,0.6165189161112794,1.15072711649253,1.0,1.0,dj moore,djmoore,dmoore,Chicago Bears,00-0034827,0.0,0.0,0.0,0.0,1.0,3.0,0.0,3.0,1.0,18.0,0.0,D.Moore,CHI,team_norm & _alias_init_last,0.0,0.0,0.0,0.0,-1.0,-3.0,0.0,4.83,3.54,27.5,0.42
2025,11,0.0,2025_11_CHI_MIN,Chicago Bears,Luther Burden III,WR,00-0040735,1.0,0.0,0.0,0.0,0.0,0.0,0.0,0.0,5.22,3.4,35.9,0.28,0.2449,72.0,46.03,22.91,341.8,110.8,2.6972884766400487,0.6165189161112794,1.15072711649253,1.0,1.0,luther burden iii,lutherburdeniii,lburden,Chicago Bears,00-0040735,0.0,0.0,0.0,0.0,0.0,0.0,0.0,5.0,3.0,27.0,0.0,L.Burden,CHI,team_norm & _alias_init_last,0.0,0.0,0.0,0.0,0.0,0.0,0.0,0.21999999999999975,0.3999999999999999,8.899999999999999,0.28
2025,11,0.0,2025_11_CHI_MIN,Chicago Bears,Devin Duvernay,WR,00-0036331,1.0,0.0,0.0,0.0,0.0,0.0,0.0,0.0,0.0,0.0,0.0,0.0,0.0,72.0,46.03,22.91,341.8,110.8,2.6972884766400487,0.6165189161112794,1.15072711649253,1.0,1.0,devin duvernay,devinduvernay,dduvernay,Chicago Bears,00-0036331,,,,,,,,,,,,,,,,,,,,,,,,,
2025,11,0.0,2025_11_CHI_MIN,Chicago Bears,Olamide Zaccheaus,WR,00-0035208,1.0,0.0,0.0,0.0,0.0,0.0,0.0,0.0,0.0,0.0,0.0,0.0,0.0,72.0,46.03,22.91,341.8,110.8,2.6972884766400487,0.6165189161112794,1.15072711649253,1.0,1.0,olamide zaccheaus,olamidezaccheaus,ozaccheaus,Chicago Bears,00-0035208,,,,,,,,,,,,,,,,,,,,,,,,,
2025,11,0.0,2025_11_CHI_MIN,Minnesota Vikings,J.J. McCarthy,QB,00-0039923,1.0,42.76,215.9,2.28,0.94,0.87,2.7,0.01,0.0,0.0,0.0,0.0,0.0141,68.14,44.1,20.44,247.4,74.7,2.44173274749936,0.3500293076489491,1.1024617918053377,1.0,1.0,j.j. mccarthy,jjmccarthy,jmccarthy,Minnesota Vikings,00-0039923,33.0,150.0,1.0,2.0,0.0,0.0,0.0,0.0,0.0,0.0,0.0,J.McCarthy,MIN,team_norm & _alias_init_last,9.759999999999998,65.9,1.2799999999999998,-1.06,0.87,2.7,0.01,0.0,0.0,0.0,0.0
2025,11,0.0,2025_11_CHI_MIN,Minnesota Vikings,Aaron Jones Sr.,RB,,1.0,0.0,0.0,0.0,0.0,12.58,51.5,0.25,5.11,3.36,28.9,0.28,0.4118,68.14,44.1,20.44,247.4,74.7,2.44173274749936,0.3500293076489491,1.1024617918053377,0.0,0.0,aaron jones sr.,aaronjonessr,ajones,Minnesota Vikings,00-0033293,0.0,0.0,0.0,0.0,16.0,70.0,0.0,7.0,3.0,11.0,0.0,A.Jones,MIN,team_norm & _alias_init_last,0.0,0.0,0.0,0.0,-3.42,-18.5,0.25,-1.8899999999999997,0.3599999999999999,17.9,0.28
2025,11,0.0,2025_11_CHI_MIN,Minnesota Vikings,Jordan Mason,RB,00-0037525,1.0,0.0,0.0,0.0,0.0,6.99,22.2,0.09,3.18,2.23,13.7,0.18,0.2357,68.14,44.1,20.44,247.4,74.7,2.44173274749936,0.3500293076489491,1.1024617918053377,1.0,1.0,jordan mason,jordanmason,jmason,Minnesota Vikings,00-0037525,0.0,0.0,0.0,0.0,6.0,45.0,1.0,0.0,0.0,0.0,0.0,J.Mason,MIN,team_norm & _alias_init_last,0.0,0.0,0.0,0.0,0.9900000000000002,-22.8,-0.91,3.18,2.23,13.7,0.18
2025,11,0.0,2025_11_CHI_MIN,Minnesota Vikings,Zavier Scott,RB,00-0038440,1.0,0.0,0.0,0.0,0.0,0.0,0.0,0.0,0.0,0.0,0.0,0.0,0.0,68.14,44.1,20.44,247.4,74.7,2.44173274749936,0.3500293076489491,1.1024617918053377,1.0,1.0,zavier scott,zavierscott,zscott,Minnesota Vikings,00-0038440,,,,,,,,,,,,,,,,,,,,,,,,,
2025,11,0.0,2025_11_CHI_MIN,Minnesota Vikings,T.J. Hockenson,TE,00-0035229,1.0,0.0,0.0,0.0,0.0,0.0,0.0,0.0,8.27,5.07,31.8,0.41,0.338,68.14,44.1,20.44,247.4,74.7,2.44173274749936,0.3500293076489491,1.1024617918053377,1.0,1.0,t.j. hockenson,tjhockenson,thockenson,Minnesota Vikings,00-0035229,0.0,0.0,0.0,0.0,0.0,0.0,0.0,6.0,3.0,39.0,0.0,T.Hockenson,MIN,team_norm & _alias_init_last,0.0,0.0,0.0,0.0,0.0,0.0,0.0,2.2699999999999996,2.0700000000000003,-7.199999999999999,0.41
2025,11,0.0,2025_11_CHI_MIN,Minnesota Vikings,Josh Oliver,TE,00-0035249,1.0,0.0,0.0,0.0,0.0,0.0,0.0,0.0,4.15,2.6,16.9,0.23,0.2036,68.14,44.1,20.44,247.4,74.7,2.44173274749936,0.3500293076489491,1.1024617918053377,1.0,1.0,josh oliver,josholiver,joliver,Minnesota Vikings,00-0035249,0.0,0.0,0.0,0.0,0.0,0.0,0.0,1.0,1.0,-3.0,0.0,J.Oliver,MIN,team_norm & _alias_init_last,0.0,0.0,0.0,0.0,0.0,0.0,0.0,3.1500000000000004,1.6,19.9,0.23
2025,11,0.0,2025_11_CHI_MIN,Minnesota Vikings,Ben Sims,TE,00-0038809,1.0,0.0,0.0,0.0,0.0,0.0,0.0,0.0,0.0,0.0,0.0,0.0,0.0,68.14,44.1,20.44,247.4,74.7,2.44173274749936,0.3500293076489491,1.1024617918053377,0.0,0.0,ben sims,bensims,bsims,Minnesota Vikings,00-0038809,,,,,,,,,,,,,,,,,,,,,,,,,
2025,11,0.0,2025_11_CHI_MIN,Minnesota Vikings,Ben Yurosek,TE,00-0040509,1.0,0.0,0.0,0.0,0.0,0.0,0.0,0.0,0.0,0.0,0.0,0.0,0.0,68.14,44.1,20.44,247.4,74.7,2.44173274749936,0.3500293076489491,1.1024617918053377,1.0,1.0,ben yurosek,benyurosek,byurosek,Minnesota Vikings,00-0040509,,,,,,,,,,,,,,,,,,,,,,,,,
2025,11,0.0,2025_11_CHI_MIN,Minnesota Vikings,Justin Jefferson,WR,00-0036322,1.0,0.0,0.0,0.0,0.0,0.0,0.0,0.0,10.47,6.36,49.0,0.55,0.4259,68.14,44.1,20.44,247.4,74.7,2.44173274749936,0.3500293076489491,1.1024617918053377,1.0,1.0,justin jefferson,justinjefferson,jjefferson,Minnesota Vikings,00-0036322,0.0,0.0,0.0,0.0,0.0,0.0,0.0,9.0,5.0,61.0,0.0,J.Jefferson,MIN,team_norm & _alias_init_last,0.0,0.0,0.0,0.0,0.0,0.0,0.0,1.4700000000000006,1.3600000000000003,-12.0,0.55
2025,11,0.0,2025_11_CHI_MIN,Minnesota Vikings,Jordan Addison,WR,00-0038994,1.0,0.0,0.0,0.0,0.0,0.0,0.0,0.0,7.75,4.28,35.8,0.42,0.3401,68.14,44.1,20.44,247.4,74.7,2.44173274749936,0.3500293076489491,1.1024617918053377,1.0,1.0,jordan addison,jordanaddison,jaddison,Minnesota Vikings,00-0038994,0.0,0.0,0.0,0.0,0.0,0.0,0.0,7.0,2.0,20.0,1.0,J.Addison,MIN,team_norm & _alias_init_last,0.0,0.0,0.0,0.0,0.0,0.0,0.0,0.75,2.2800000000000002,15.799999999999997,-0.5800000000000001
2025,11,0.0,2025_11_CHI_MIN,Minnesota Vikings,Jalen Nailor,WR,00-0037291,1.0,0.0,0.0,0.0,0.0,0.0,0.0,0.0,5.16,2.93,25.4,0.28,0.246,68.14,44.1,20.44,247.4,74.7,2.44173274749936,0.3500293076489491,1.1024617918053377,1.0,1.0,jalen nailor,jalennailor,jnailor,Minnesota Vikings,00-0037291,0.0,0.0,0.0,0.0,0.0,0.0,0.0,1.0,1.0,16.0,0.0,J.Nailor,MIN,team_norm & _alias_init_last,0.0,0.0,0.0,0.0,0.0,0.0,0.0,4.16,1.9300000000000002,9.399999999999999,0.28
2025,11,0.0,2025_11_CHI_MIN,Minnesota Vikings,Myles Price,WR,00-0040506,1.0,0.0,0.0,0.0,0.0,0.0,0.0,0.0,0.0,0.0,0.0,0.0,0.0,68.14,44.1,20.44,247.4,74.7,2.44173274749936,0.3500293076489491,1.1024617918053377,1.0,1.0,myles price,mylesprice,mprice,Minnesota Vikings,00-0040506,,,,,,,,,,,,,,,,,,,,,,,,,
2025,11,0.0,2025_11_CHI_MIN,Minnesota Vikings,Tai Felton,WR,00-0040154,1.0,0.0,0.0,0.0,0.0,0.0,0.0,0.0,0.0,0.0,0.0,0.0,0.0,68.14,44.1,20.44,247.4,74.7,2.44173274749936,0.3500293076489491,1.1024617918053377,1.0,1.0,tai felton,taifelton,tfelton,Minnesota Vikings,00-0040154,,,,,,,,,,,,,,,,,,,,,,,,,
2025,11,0.0,2025_11_CIN_PIT,Cincinnati Bengals,Joe Flacco,QB,00-0026158,1.0,41.15,273.1,2.53,0.92,1.62,6.4,0.04,0.0,0.0,0.0,0.0,0.0345,66.4,43.34,19.92,328.9,98.5,3.079581151023862,0.4044665910717886,1.0833928749553765,1.0,1.0,joe flacco,joeflacco,jflacco,Cincinnati Bengals,00-0026158,42.0,199.0,1.0,1.0,0.0,0.0,0.0,0.0,0.0,0.0,0.0,J.Flacco,CIN,team_norm & _alias_init_last,-0.8500000000000014,74.10000000000002,1.5299999999999998,-0.07999999999999996,1.62,6.4,0.04,0.0,0.0,0.0,0.0
2025,11,0.0,2025_11_CIN_PIT,Cincinnati Bengals,Chase Brown,RB,00-0038597,1.0,0.0,0.0,0.0,0.0,11.77,50.4,0.29,4.86,3.43,24.3,0.36,0.4758,66.4,43.34,19.92,328.9,98.5,3.079581151023862,0.4044665910717886,1.0833928749553765,1.0,1.0,chase brown,chasebrown,cbrown,Cincinnati Bengals,00-0038597,0.0,0.0,0.0,0.0,19.0,99.0,0.0,8.0,6.0,28.0,0.0,C.Brown,CIN,team_norm & _alias_init_last,0.0,0.0,0.0,0.0,-7.23,-48.6,0.29,-3.1399999999999997,-2.57,-3.6999999999999993,0.36
2025,11,0.0,2025_11_CIN_PIT,Cincinnati Bengals,Samaje Perine,RB,00-0033526,1.0,0.0,0.0,0.0,0.0,6.54,29.2,0.1,3.03,2.12,14.3,0.21,0.2699,66.4,43.34,19.92,328.9,98.5,3.079581151023862,0.4044665910717886,1.0833928749553765,0.0,0.0,samaje perine,samajeperine,sperine,Cincinnati Bengals,00-0033526,,,,,,,,,,,,,,,,,,,,,,,,,
2025,11,0.0,2025_11_CIN_PIT,Cincinnati Bengals,Kendall Milton,RB,00-0039266,1.0,0.0,0.0,0.0,0.0,0.0,0.0,0.0,0.0,0.0,0.0,0.0,0.0,66.4,43.34,19.92,328.9,98.5,3.079581151023862,0.4044665910717886,1.0833928749553765,1.0,1.0,kendall milton,kendallmilton,kmilton,Cincinnati Bengals,00-0039266,0.0,0.0,0.0,0.0,3.0,2.0,0.0,0.0,0.0,0.0,0.0,K.Milton,CIN,team_norm & _alias_init_last,0.0,0.0,0.0,0.0,-3.0,-2.0,0.0,0.0,0.0,0.0,0.0
2025,11,0.0,2025_11_CIN_PIT,Cincinnati Bengals,Tahj Brooks,RB,00-0040208,1.0,0.0,0.0,0.0,0.0,0.0,0.0,0.0,0.0,0.0,0.0,0.0,0.0,66.4,43.34,19.92,328.9,98.5,3.079581151023862,0.4044665910717886,1.0833928749553765,1.0,1.0,tahj brooks,tahjbrooks,tbrooks,Cincinnati Bengals,00-0040208,0.0,0.0,0.0,0.0,1.0,5.0,0.0,0.0,0.0,0.0,0.0,T.Brooks,CIN,team_norm & _alias_init_last,0.0,0.0,0.0,0.0,-1.0,-5.0,0.0,0.0,0.0,0.0,0.0
2025,11,0.0,2025_11_CIN_PIT,Cincinnati Bengals,Noah Fant,TE,00-0035644,1.0,0.0,0.0,0.0,0.0,0.0,0.0,0.0,7.83,5.05,43.0,0.49,0.387,66.4,43.34,19.92,328.9,98.5,3.079581151023862,0.4044665910717886,1.0833928749553765,1.0,1.0,noah fant,noahfant,nfant,Cincinnati Bengals,00-0035644,0.0,0.0,0.0,0.0,0.0,0.0,0.0,6.0,5.0,36.0,0.0,N.Fant,CIN,team_norm & _alias_init_last,0.0,0.0,0.0,0.0,0.0,0.0,0.0,1.83,0.04999999999999982,7.0,0.49
2025,11,0.0,2025_11_CIN_PIT,Cincinnati Bengals,Drew Sample,TE,00-0035631,1.0,0.0,0.0,0.0,0.0,0.0,0.0,0.0,4.05,2.8,24.6,0.26,0.2295,66.4,43.34,19.92,328.9,98.5,3.079581151023862,0.4044665910717886,1.0833928749553765,1.0,1.0,drew sample,drewsample,dsample,Cincinnati Bengals,00-0035631,,,,,,,,,,,,,,,,,,,,,,,,,
2025,11,0.0,2025_11_CIN_PIT,Cincinnati Bengals,Cam Grandy,TE,00-0039631,1.0,0.0,0.0,0.0,0.0,0.0,0.0,0.0,0.0,0.0,0.0,0.0,0.0,66.4,43.34,19.92,328.9,98.5,3.079581151023862,0.4044665910717886,1.0833928749553765,0.0,0.0,cam grandy,camgrandy,cgrandy,Cincinnati Bengals,00-0039631,,,,,,,,,,,,,,,,,,,,,,,,,
2025,11,0.0,2025_11_CIN_PIT,Cincinnati Bengals,Tanner Hudson,TE,00-0034613,1.0,0.0,0.0,0.0,0.0,0.0,0.0,0.0,0.0,0.0,0.0,0.0,0.0,66.4,43.34,19.92,328.9,98.5,3.079581151023862,0.4044665910717886,1.0833928749553765,1.0,1.0,tanner hudson,tannerhudson,thudson,Cincinnati Bengals,00-0034613,0.0,0.0,0.0,0.0,0.0,0.0,0.0,4.0,3.0,22.0,0.0,T.Hudson,CIN,team_norm & _alias_init_last,0.0,0.0,0.0,0.0,0.0,0.0,0.0,-4.0,-3.0,-22.0,0.0
2025,11,0.0,2025_11_CIN_PIT,Cincinnati Bengals,Tee Higgins,WR,00-0036410,1.0,0.0,0.0,0.0,0.0,0.0,0.0,0.0,10.45,6.11,64.7,0.72,0.5148,66.4,43.34,19.92,328.9,98.5,3.079581151023862,0.4044665910717886,1.0833928749553765,1.0,1.0,tee higgins,teehiggins,thiggins,Cincinnati Bengals,00-0036410,0.0,0.0,0.0,0.0,0.0,0.0,0.0,8.0,3.0,63.0,1.0,T.Higgins,CIN,team_norm & _alias_init_last,0.0,0.0,0.0,0.0,0.0,0.0,0.0,2.4499999999999993,3.1100000000000003,1.7000000000000028,-0.28
2025,11,0.0,2025_11_CIN_PIT,Cincinnati Bengals,Andrei Iosivas,WR,00-0038619,1.0,0.0,0.0,0.0,0.0,0.0,0.0,0.0,7.87,4.14,49.4,0.54,0.4189,66.4,43.34,19.92,328.9,98.5,3.079581151023862,0.4044665910717886,1.0833928749553765,1.0,1.0,andrei iosivas,andreiiosivas,aiosivas,Cincinnati Bengals,00-0038619,0.0,0.0,0.0,0.0,0.0,0.0,0.0,4.0,3.0,20.0,0.0,A.Iosivas,CIN,team_norm & _alias_init_last,0.0,0.0,0.0,0.0,0.0,0.0,0.0,3.87,1.1399999999999997,29.4,0.54
2025,11,0.0,2025_11_CIN_PIT,Cincinnati Bengals,Mitchell Tinsley,WR,00-0038839,1.0,0.0,0.0,0.0,0.0,0.0,0.0,0.0,5.25,2.47,42.6,0.37,0.3112,66.4,43.34,19.92,328.9,98.5,3.079581151023862,0.4044665910717886,1.0833928749553765,1.0,1.0,mitchell tinsley,mitchelltinsley,mtinsley,Cincinnati Bengals,00-0038839,,,,,,,,,,,,,,,,,,,,,,,,,
2025,11,0.0,2025_11_CIN_PIT,Cincinnati Bengals,Charlie Jones,WR,00-0038576,1.0,0.0,0.0,0.0,0.0,0.0,0.0,0.0,0.0,0.0,0.0,0.0,0.0,66.4,43.34,19.92,328.9,98.5,3.079581151023862,0.4044665910717886,1.0833928749553765,1.0,1.0,charlie jones,charliejones,cjones,Cincinnati Bengals,00-0038576,,,,,,,,,,,,,,,,,,,,,,,,,
2025,11,0.0,2025_11_CIN_PIT,Cincinnati Bengals,Cole Burgess,WR,00-0039626,1.0,0.0,0.0,0.0,0.0,0.0,0.0,0.0,0.0,0.0,0.0,0.0,0.0,66.4,43.34,19.92,328.9,98.5,3.079581151023862,0.4044665910717886,1.0833928749553765,0.0,0.0,cole burgess,coleburgess,cburgess,Cincinnati Bengals,00-0039626,,,,,,,,,,,,,,,,,,,,,,,,,
2025,11,0.0,2025_11_CIN_PIT,Pittsburgh Steelers,Aaron Rodgers,QB,00-0023459,1.0,39.63,206.4,1.99,0.94,1.85,5.6,0.06,0.0,0.0,0.0,0.0,0.0548,69.27,44.06,22.64,247.2,82.8,2.534740880515762,0.7495756276958434,1.101600129287228,1.0,1.0,aaron rodgers,aaronrodgers,arodgers,Pittsburgh Steelers,00-0023459,21.0,116.0,1.0,0.0,0.0,0.0,0.0,0.0,0.0,0.0,0.0,A.Rodgers,PIT,team_norm & _alias_init_last,18.630000000000003,90.4,0.99,0.94,1.85,5.6,0.06,0.0,0.0,0.0,0.0
2025,11,0.0,2025_11_CIN_PIT,Pittsburgh Steelers,Jaylen Warren,RB,00-0037228,1.0,0.0,0.0,0.0,0.0,13.37,43.6,0.53,5.3,3.9,20.6,0.3,0.5636,69.27,44.06,22.64,247.2,82.8,2.534740880515762,0.7495756276958434,1.101600129287228,1.0,1.0,jaylen warren,jaylenwarren,jwarren,Pittsburgh Steelers,00-0037228,0.0,0.0,0.0,0.0,10.0,62.0,0.0,2.0,2.0,5.0,0.0,J.Warren,PIT,team_norm & _alias_init_last,0.0,0.0,0.0,0.0,3.369999999999999,-18.4,0.53,3.3,1.9,15.600000000000001,0.3
2025,11,0.0,2025_11_CIN_PIT,Pittsburgh Steelers,Kenneth Gainwell,RB,00-0036919,1.0,0.0,0.0,0.0,0.0,7.43,24.0,0.2,3.3,2.3,12.2,0.19,0.3278,69.27,44.06,22.64,247.2,82.8,2.534740880515762,0.7495756276958434,1.101600129287228,1.0,1.0,kenneth gainwell,kennethgainwell,kgainwell,Pittsburgh Steelers,00-0036919,0.0,0.0,0.0,0.0,9.0,24.0,0.0,10.0,7.0,81.0,2.0,K.Gainwell,PIT,team_norm & _alias_init_last,0.0,0.0,0.0,0.0,-1.5700000000000003,0.0,0.2,-6.7,-4.7,-68.8,-1.81
2025,11,0.0,2025_11_CIN_PIT,Pittsburgh Steelers,Kaleb Johnson,RB,00-0040142,1.0,0.0,0.0,0.0,0.0,0.0,0.0,0.0,0.0,0.0,0.0,0.0,0.0,69.27,44.06,22.64,247.2,82.8,2.534740880515762,0.7495756276958434,1.101600129287228,1.0,1.0,kaleb johnson,kalebjohnson,kjohnson,Pittsburgh Steelers,00-0040142,0.0,0.0,0.0,0.0,5.0,15.0,0.0,0.0,0.0,0.0,0.0,K.Johnson,PIT,team_norm & _alias_init_last,0.0,0.0,0.0,0.0,-5.0,-15.0,0.0,0.0,0.0,0.0,0.0
2025,11,0.0,2025_11_CIN_PIT,Pittsburgh Steelers,Darnell Washington,TE,00-0038558,1.0,0.0,0.0,0.0,0.0,0.0,0.0,0.0,8.34,4.97,37.8,0.46,0.369,69.27,44.06,22.64,247.2,82.8,2.534740880515762,0.7495756276958434,1.101600129287228,1.0,1.0,darnell washington,darnellwashington,dwashington,Pittsburgh Steelers,00-0038558,0.0,0.0,0.0,0.0,0.0,0.0,0.0,5.0,4.0,67.0,0.0,D.Washington,PIT,team_norm & _alias_init_last,0.0,0.0,0.0,0.0,0.0,0.0,0.0,3.34,0.9699999999999998,-29.200000000000003,0.46
2025,11,0.0,2025_11_CIN_PIT,Pittsburgh Steelers,Jonnu Smith,TE,00-0033858,1.0,0.0,0.0,0.0,0.0,0.0,0.0,0.0,4.31,2.84,16.8,0.22,0.2014,69.27,44.06,22.64,247.2,82.8,2.534740880515762,0.7495756276958434,1.101600129287228,1.0,1.0,jonnu smith,jonnusmith,jsmith,Pittsburgh Steelers,00-0033858,0.0,0.0,0.0,0.0,0.0,0.0,0.0,2.0,0.0,0.0,0.0,J.Smith,PIT,team_norm & _alias_init_last,0.0,0.0,0.0,0.0,0.0,0.0,0.0,2.3099999999999996,2.84,16.8,0.22
2025,11,0.0,2025_11_CIN_PIT,Pittsburgh Steelers,Connor Heyward,TE,00-0037304,1.0,0.0,0.0,0.0,0.0,0.0,0.0,0.0,0.0,0.0,0.0,0.0,0.0,69.27,44.06,22.64,247.2,82.8,2.534740880515762,0.7495756276958434,1.101600129287228,1.0,1.0,connor heyward,connorheyward,cheyward,Pittsburgh Steelers,00-0027969,0.0,0.0,0.0,0.0,2.0,3.0,0.0,0.0,0.0,0.0,0.0,Co.Heyward,PIT,team_norm & _alias_init_last,0.0,0.0,0.0,0.0,-2.0,-3.0,0.0,0.0,0.0,0.0,0.0
2025,11,0.0,2025_11_CIN_PIT,Pittsburgh Steelers,Pat Freiermuth,TE,00-0036894,1.0,0.0,0.0,0.0,0.0,0.0,0.0,0.0,0.0,0.0,0.0,0.0,0.0,69.27,44.06,22.64,247.2,82.8,2.534740880515762,0.7495756276958434,1.101600129287228,1.0,1.0,pat freiermuth,patfreiermuth,pfreiermuth,Pittsburgh Steelers,00-0036894,0.0,0.0,0.0,0.0,0.0,0.0,0.0,2.0,1.0,19.0,0.0,P.Freiermuth,PIT,team_norm & _alias_init_last,0.0,0.0,0.0,0.0,0.0,0.0,0.0,-2.0,-1.0,-19.0,0.0
2025,11,0.0,2025_11_CIN_PIT,Pittsburgh Steelers,DK Metcalf,WR,00-0035640,1.0,0.0,0.0,0.0,0.0,0.0,0.0,0.0,9.92,5.41,46.6,0.55,0.4221,69.27,44.06,22.64,247.2,82.8,2.534740880515762,0.7495756276958434,1.101600129287228,1.0,1.0,dk metcalf,dkmetcalf,dmetcalf,Pittsburgh Steelers,00-0035640,0.0,0.0,0.0,0.0,0.0,0.0,0.0,9.0,5.0,49.0,0.0,D.Metcalf,PIT,team_norm & _alias_init_last,0.0,0.0,0.0,0.0,0.0,0.0,0.0,0.9199999999999999,0.41000000000000014,-2.3999999999999986,0.55
2025,11,0.0,2025_11_CIN_PIT,Pittsburgh Steelers,Calvin Austin III,WR,00-0037837,1.0,0.0,0.0,0.0,0.0,0.0,0.0,0.0,7.47,3.93,36.0,0.38,0.3187,69.27,44.06,22.64,247.2,82.8,2.534740880515762,0.7495756276958434,1.101600129287228,1.0,1.0,calvin austin iii,calvinaustiniii,caustin,Pittsburgh Steelers,00-0037837,0.0,0.0,0.0,0.0,0.0,0.0,0.0,2.0,1.0,5.0,0.0,C.Austin,PIT,team_norm & _alias_init_last,0.0,0.0,0.0,0.0,0.0,0.0,0.0,5.47,2.93,31.0,0.38
2025,11,0.0,2025_11_CIN_PIT,Pittsburgh Steelers,Roman Wilson,WR,00-0039739,1.0,0.0,0.0,0.0,0.0,0.0,0.0,0.0,4.98,2.92,33.0,0.27,0.2393,69.27,44.06,22.64,247.2,82.8,2.534740880515762,0.7495756276958434,1.101600129287228,1.0,1.0,roman wilson,romanwilson,rwilson,Pittsburgh Steelers,00-0039739,0.0,0.0,0.0,0.0,0.0,0.0,0.0,2.0,1.0,17.0,0.0,R.Wilson,PIT,team_norm & _alias_init_last,0.0,0.0,0.0,0.0,0.0,0.0,0.0,2.9800000000000004,1.92,16.0,0.27
2025,11,0.0,2025_11_CIN_PIT,Pittsburgh Steelers,Adam Thielen,WR,00-0030035,1.0,0.0,0.0,0.0,0.0,0.0,0.0,0.0,0.0,0.0,0.0,0.0,0.0,69.27,44.06,22.64,247.2,82.8,2.534740880515762,0.7495756276958434,1.101600129287228,0.0,0.0,adam thielen,adamthielen,athielen,Pittsburgh Steelers,00-0030035,0.0,0.0,0.0,0.0,0.0,0.0,0.0,2.0,1.0,6.0,0.0,A.Thielen,MIN,_alias_init_last,0.0,0.0,0.0,0.0,0.0,0.0,0.0,-2.0,-1.0,-6.0,0.0
2025,11,0.0,2025_11_CIN_PIT,Pittsburgh Steelers,Ben Skowronek,WR,00-0036862,1.0,0.0,0.0,0.0,0.0,0.0,0.0,0.0,0.0,0.0,0.0,0.0,0.0,69.27,44.06,22.64,247.2,82.8,2.534740880515762,0.7495756276958434,1.101600129287228,1.0,1.0,ben skowronek,benskowronek,bskowronek,Pittsburgh Steelers,00-0036862,,,,,,,,,,,,,,,,,,,,,,,,,
2025,11,0.0,2025_11_CIN_PIT,Pittsburgh Steelers,Brandon Johnson,WR,00-0037382,1.0,0.0,0.0,0.0,0.0,0.0,0.0,0.0,0.0,0.0,0.0,0.0,0.0,69.27,44.06,22.64,247.2,82.8,2.534740880515762,0.7495756276958434,1.101600129287228,0.0,0.0,brandon johnson,brandonjohnson,bjohnson,Pittsburgh Steelers,00-0037382,,,,,,,,,,,,,,,,,,,,,,,,,
2025,11,0.0,2025_11_CIN_PIT,Pittsburgh Steelers,Scott Miller,WR,00-0035298,1.0,0.0,0.0,0.0,0.0,0.0,0.0,0.0,0.0,0.0,0.0,0.0,0.0,69.27,44.06,22.64,247.2,82.8,2.534740880515762,0.7495756276958434,1.101600129287228,1.0,1.0,scott miller,scottmiller,smiller,Pittsburgh Steelers,00-0035298,,,,,,,,,,,,,,,,,,,,,,,,,
2025,11,0.0,2025_11_DAL_LV,Dallas Cowboys,Dak Prescott,QB,00-0033077,1.0,42.66,282.9,1.84,1.0,2.13,7.7,0.05,0.0,0.0,0.0,0.0,0.0459,70.81,46.89,21.24,355.9,105.0,2.1004740550896424,0.4219757488964566,1.172323289067008,1.0,1.0,dak prescott,dakprescott,dprescott,Dallas Cowboys,,35.0,268.0,4.0,0.0,0.0,0.0,0.0,0.0,0.0,0.0,0.0,D.Prescott,DAL,team_norm & _alias_init_last,7.659999999999997,14.899999999999977,-2.16,1.0,2.13,7.7,0.05,0.0,0.0,0.0,0.0
2025,11,0.0,2025_11_DAL_LV,Dallas Cowboys,Javonte Williams,RB,00-0036997,1.0,0.0,0.0,0.0,0.0,12.28,52.8,0.3,5.62,3.64,26.2,0.26,0.4278,70.81,46.89,21.24,355.9,105.0,2.1004740550896424,0.4219757488964566,1.172323289067008,1.0,1.0,javonte williams,javontewilliams,jwilliams,Dallas Cowboys,00-0036997,0.0,0.0,0.0,0.0,22.0,93.0,0.0,1.0,1.0,0.0,0.0,J.Williams,DAL,team_norm & _alias_init_last,0.0,0.0,0.0,0.0,-9.72,-40.2,0.3,4.62,2.64,26.2,0.26
2025,11,0.0,2025_11_DAL_LV,Dallas Cowboys,Jaydon Blue,RB,00-0040586,1.0,0.0,0.0,0.0,0.0,6.82,33.9,0.1,3.5,2.32,23.4,0.16,0.2297,70.81,46.89,21.24,355.9,105.0,2.1004740550896424,0.4219757488964566,1.172323289067008,0.0,0.0,jaydon blue,jaydonblue,jblue,Dallas Cowboys,00-0040586,,,,,,,,,,,,,,,,,,,,,,,,,
2025,11,0.0,2025_11_DAL_LV,Dallas Cowboys,Malik Davis,RB,00-0037563,1.0,0.0,0.0,0.0,0.0,0.0,0.0,0.0,0.0,0.0,0.0,0.0,0.0,70.81,46.89,21.24,355.9,105.0,2.1004740550896424,0.4219757488964566,1.172323289067008,1.0,1.0,malik davis,malikdavis,mdavis,Dallas Cowboys,00-0037563,0.0,0.0,0.0,0.0,4.0,20.0,0.0,0.0,0.0,0.0,0.0,M.Davis,DAL,team_norm & _alias_init_last,0.0,0.0,0.0,0.0,-4.0,-20.0,0.0,0.0,0.0,0.0,0.0
2025,11,0.0,2025_11_DAL_LV,Dallas Cowboys,Jake Ferguson,TE,00-0038041,1.0,0.0,0.0,0.0,0.0,0.0,0.0,0.0,8.21,5.4,44.4,0.35,0.2969,70.81,46.89,21.24,355.9,105.0,2.1004740550896424,0.4219757488964566,1.172323289067008,1.0,1.0,jake ferguson,jakeferguson,jferguson,Dallas Cowboys,00-0038041,0.0,0.0,0.0,0.0,0.0,0.0,0.0,5.0,4.0,16.0,1.0,J.Ferguson,DAL,team_norm & _alias_init_last,0.0,0.0,0.0,0.0,0.0,0.0,0.0,3.210000000000001,1.4000000000000004,28.4,-0.65
2025,11,0.0,2025_11_DAL_LV,Dallas Cowboys,Luke Schoonmaker,TE,00-0038547,1.0,0.0,0.0,0.0,0.0,0.0,0.0,0.0,4.25,2.41,23.9,0.17,0.1602,70.81,46.89,21.24,355.9,105.0,2.1004740550896424,0.4219757488964566,1.172323289067008,1.0,1.0,luke schoonmaker,lukeschoonmaker,lschoonmaker,Dallas Cowboys,00-0038547,,,,,,,,,,,,,,,,,,,,,,,,,
2025,11,0.0,2025_11_DAL_LV,Dallas Cowboys,Brevyn Spann-Ford,TE,00-0039530,1.0,0.0,0.0,0.0,0.0,0.0,0.0,0.0,0.0,0.0,0.0,0.0,0.0,70.81,46.89,21.24,355.9,105.0,2.1004740550896424,0.4219757488964566,1.172323289067008,1.0,1.0,brevyn spann-ford,brevynspannford,bspannford,Dallas Cowboys,00-0039530,0.0,0.0,0.0,0.0,0.0,0.0,0.0,1.0,1.0,4.0,0.0,B.Spann-Ford,DAL,team_norm & _alias_init_last,0.0,0.0,0.0,0.0,0.0,0.0,0.0,-1.0,-1.0,-4.0,0.0
2025,11,0.0,2025_11_DAL_LV,Dallas Cowboys,CeeDee Lamb,WR,00-0036358,1.0,0.0,0.0,0.0,0.0,0.0,0.0,0.0,11.22,6.73,64.5,0.47,0.378,70.81,46.89,21.24,355.9,105.0,2.1004740550896424,0.4219757488964566,1.172323289067008,1.0,1.0,ceedee lamb,ceedeelamb,clamb,Dallas Cowboys,00-0036358,0.0,0.0,0.0,0.0,0.0,0.0,0.0,8.0,5.0,66.0,1.0,C.Lamb,DAL,team_norm & _alias_init_last,0.0,0.0,0.0,0.0,0.0,0.0,0.0,3.2200000000000006,1.7300000000000004,-1.5,-0.53
2025,11,0.0,2025_11_DAL_LV,Dallas Cowboys,George Pickens,WR,00-0037247,1.0,0.0,0.0,0.0,0.0,0.0,0.0,0.0,8.45,4.54,47.3,0.36,0.2991,70.81,46.89,21.24,355.9,105.0,2.1004740550896424,0.4219757488964566,1.172323289067008,1.0,1.0,george pickens,georgepickens,gpickens,Dallas Cowboys,00-0037247,0.0,0.0,0.0,0.0,0.0,0.0,0.0,11.0,9.0,144.0,1.0,G.Pickens,DAL,team_norm & _alias_init_last,0.0,0.0,0.0,0.0,0.0,0.0,0.0,-2.5500000000000007,-4.46,-96.7,-0.64
2025,11,0.0,2025_11_DAL_LV,Dallas Cowboys,Ryan Flournoy,WR,00-0039410,1.0,0.0,0.0,0.0,0.0,0.0,0.0,0.0,5.63,3.49,37.5,0.24,0.2119,70.81,46.89,21.24,355.9,105.0,2.1004740550896424,0.4219757488964566,1.172323289067008,1.0,1.0,ryan flournoy,ryanflournoy,rflournoy,Dallas Cowboys,00-0039410,0.0,0.0,0.0,0.0,0.0,0.0,0.0,1.0,1.0,2.0,1.0,R.Flournoy,DAL,team_norm & _alias_init_last,0.0,0.0,0.0,0.0,0.0,0.0,0.0,4.63,2.49,35.5,-0.76
2025,11,0.0,2025_11_DAL_LV,Dallas Cowboys,Jalen Tolbert,WR,00-0037666,1.0,0.0,0.0,0.0,0.0,0.0,0.0,0.0,0.0,0.0,0.0,0.0,0.0,70.81,46.89,21.24,355.9,105.0,2.1004740550896424,0.4219757488964566,1.172323289067008,1.0,1.0,jalen tolbert,jalentolbert,jtolbert,Dallas Cowboys,00-0037666,0.0,0.0,0.0,0.0,0.0,0.0,0.0,1.0,0.0,0.0,0.0,J.Tolbert,DAL,team_norm & _alias_init_last,0.0,0.0,0.0,0.0,0.0,0.0,0.0,-1.0,0.0,0.0,0.0
2025,11,0.0,2025_11_DAL_LV,Dallas Cowboys,KaVontae Turpin,WR,00-0037801,1.0,0.0,0.0,0.0,0.0,0.0,0.0,0.0,0.0,0.0,0.0,0.0,0.0,70.81,46.89,21.24,355.9,105.0,2.1004740550896424,0.4219757488964566,1.172323289067008,1.0,1.0,kavontae turpin,kavontaeturpin,kturpin,Dallas Cowboys,00-0037801,0.0,0.0,0.0,0.0,0.0,0.0,0.0,2.0,1.0,0.0,0.0,K.Turpin,DAL,team_norm & _alias_init_last,0.0,0.0,0.0,0.0,0.0,0.0,0.0,-2.0,-1.0,0.0,0.0
2025,11,0.0,2025_11_DAL_LV,Las Vegas Raiders,Geno Smith,QB,00-0030565,1.0,38.38,207.3,1.87,0.88,4.87,13.7,0.14,0.0,0.0,0.0,0.0,0.1315,72.0,41.32,27.6,231.8,100.9,2.450738963167919,0.7899008265415035,1.0329187573479153,1.0,1.0,geno smith,genosmith,gsmith,Las Vegas Raiders,,51.0,238.0,1.0,1.0,0.0,0.0,0.0,0.0,0.0,0.0,0.0,G.Smith,LV,team_norm & _alias_init_last,-12.619999999999997,-30.69999999999999,0.8700000000000001,-0.12,4.87,13.7,0.14,0.0,0.0,0.0,0.0
2025,11,0.0,2025_11_DAL_LV,Las Vegas Raiders,Ashton Jeanty,RB,00-0040122,1.0,0.0,0.0,0.0,0.0,14.61,47.6,0.49,4.95,3.24,20.1,0.3,0.5444,72.0,41.32,27.6,231.8,100.9,2.450738963167919,0.7899008265415035,1.0329187573479153,1.0,1.0,ashton jeanty,ashtonjeanty,ajeanty,Las Vegas Raiders,00-0040122,0.0,0.0,0.0,0.0,6.0,7.0,0.0,8.0,6.0,27.0,0.0,A.Jeanty,LV,team_norm & _alias_init_last,0.0,0.0,0.0,0.0,8.61,40.6,0.49,-3.05,-2.76,-6.899999999999999,0.3
2025,11,0.0,2025_11_DAL_LV,Las Vegas Raiders,Raheem Mostert,RB,00-0031687,1.0,0.0,0.0,0.0,0.0,8.12,26.9,0.18,3.08,2.04,11.6,0.19,0.3087,72.0,41.32,27.6,231.8,100.9,2.450738963167919,0.7899008265415035,1.0329187573479153,1.0,1.0,raheem mostert,raheemmostert,rmostert,Las Vegas Raiders,,0.0,0.0,0.0,0.0,2.0,6.0,0.0,2.0,2.0,7.0,0.0,R.Mostert,LV,team_norm & _alias_init_last,0.0,0.0,0.0,0.0,6.119999999999999,20.9,0.18,1.08,0.040000000000000036,4.6,0.19
2025,11,0.0,2025_11_DAL_LV,Las Vegas Raiders,Dylan Laube,RB,00-0039407,1.0,0.0,0.0,0.0,0.0,0.0,0.0,0.0,0.0,0.0,0.0,0.0,0.0,72.0,41.32,27.6,231.8,100.9,2.450738963167919,0.7899008265415035,1.0329187573479153,1.0,1.0,dylan laube,dylanlaube,dlaube,Las Vegas Raiders,00-0039407,,,,,,,,,,,,,,,,,,,,,,,,,
2025,11,0.0,2025_11_DAL_LV,Las Vegas Raiders,Brock Bowers,TE,00-0039338,1.0,0.0,0.0,0.0,0.0,0.0,0.0,0.0,7.64,4.88,30.7,0.41,0.3388,72.0,41.32,27.6,231.8,100.9,2.450738963167919,0.7899008265415035,1.0329187573479153,1.0,1.0,brock bowers,brockbowers,bbowers,Las Vegas Raiders,00-0039338,0.0,0.0,0.0,0.0,0.0,0.0,0.0,12.0,7.0,72.0,0.0,B.Bowers,LV,team_norm & _alias_init_last,0.0,0.0,0.0,0.0,0.0,0.0,0.0,-4.36,-2.12,-41.3,0.41
2025,11,0.0,2025_11_DAL_LV,Las Vegas Raiders,Michael Mayer,TE,00-0039066,1.0,0.0,0.0,0.0,0.0,0.0,0.0,0.0,3.95,2.4,16.0,0.22,0.1966,72.0,41.32,27.6,231.8,100.9,2.450738963167919,0.7899008265415035,1.0329187573479153,1.0,1.0,michael mayer,michaelmayer,mmayer,Las Vegas Raiders,00-0039066,0.0,0.0,0.0,0.0,0.0,0.0,0.0,4.0,3.0,13.0,0.0,M.Mayer,LV,team_norm & _alias_init_last,0.0,0.0,0.0,0.0,0.0,0.0,0.0,-0.04999999999999982,-0.6000000000000001,3.0,0.22
2025,11,0.0,2025_11_DAL_LV,Las Vegas Raiders,Carter Runyon,TE,00-0040488,1.0,0.0,0.0,0.0,0.0,0.0,0.0,0.0,0.0,0.0,0.0,0.0,0.0,72.0,41.32,27.6,231.8,100.9,2.450738963167919,0.7899008265415035,1.0329187573479153,1.0,1.0,carter runyon,carterrunyon,crunyon,Las Vegas Raiders,00-0040488,,,,,,,,,,,,,,,,,,,,,,,,,
2025,11,0.0,2025_11_DAL_LV,Las Vegas Raiders,Ian Thomas,TE,00-0034365,1.0,0.0,0.0,0.0,0.0,0.0,0.0,0.0,0.0,0.0,0.0,0.0,0.0,72.0,41.32,27.6,231.8,100.9,2.450738963167919,0.7899008265415035,1.0329187573479153,1.0,1.0,ian thomas,ianthomas,ithomas,Las Vegas Raiders,00-0034365,0.0,0.0,0.0,0.0,0.0,0.0,0.0,1.0,1.0,20.0,0.0,I.Thomas,LV,team_norm & _alias_init_last,0.0,0.0,0.0,0.0,0.0,0.0,0.0,-1.0,-1.0,-20.0,0.0
2025,11,0.0,2025_11_DAL_LV,Las Vegas Raiders,Tre Tucker,WR,00-0038563,1.0,0.0,0.0,0.0,0.0,0.0,0.0,0.0,9.61,5.17,47.1,0.52,0.4061,72.0,41.32,27.6,231.8,100.9,2.450738963167919,0.7899008265415035,1.0329187573479153,1.0,1.0,tre tucker,tretucker,ttucker,Las Vegas Raiders,00-0038563,0.0,0.0,0.0,0.0,0.0,0.0,0.0,8.0,4.0,47.0,1.0,T.Tucker,LV,team_norm & _alias_init_last,0.0,0.0,0.0,0.0,0.0,0.0,0.0,1.6099999999999994,1.17,0.10000000000000142,-0.48
2025,11,0.0,2025_11_DAL_LV,Las Vegas Raiders,Tyler Lockett,WR,00-0032211,1.0,0.0,0.0,0.0,0.0,0.0,0.0,0.0,7.24,4.22,32.6,0.4,0.3278,72.0,41.32,27.6,231.8,100.9,2.450738963167919,0.7899008265415035,1.0329187573479153,1.0,1.0,tyler lockett,tylerlockett,tlockett,Las Vegas Raiders,00-0032211,0.0,0.0,0.0,0.0,0.0,0.0,0.0,5.0,3.0,33.0,0.0,T.Lockett,LV,team_norm & _alias_init_last,0.0,0.0,0.0,0.0,0.0,0.0,0.0,2.24,1.2199999999999998,-0.3999999999999986,0.4
2025,11,0.0,2025_11_DAL_LV,Las Vegas Raiders,Jack Bech,WR,00-0040729,1.0,0.0,0.0,0.0,0.0,0.0,0.0,0.0,4.83,3.06,30.9,0.28,0.2431,72.0,41.32,27.6,231.8,100.9,2.450738963167919,0.7899008265415035,1.0329187573479153,1.0,1.0,jack bech,jackbech,jbech,Las Vegas Raiders,00-0040729,0.0,0.0,0.0,0.0,0.0,0.0,0.0,1.0,1.0,19.0,0.0,J.Bech,LV,team_norm & _alias_init_last,0.0,0.0,0.0,0.0,0.0,0.0,0.0,3.83,2.06,11.899999999999999,0.28
2025,11,0.0,2025_11_DAL_LV,Las Vegas Raiders,Alex Bachman,WR,00-0035602,1.0,0.0,0.0,0.0,0.0,0.0,0.0,0.0,0.0,0.0,0.0,0.0,0.0,72.0,41.32,27.6,231.8,100.9,2.450738963167919,0.7899008265415035,1.0329187573479153,0.0,0.0,alex bachman,alexbachman,abachman,Las Vegas Raiders,00-0035602,,,,,,,,,,,,,,,,,,,,,,,,,
2025,11,0.0,2025_11_DAL_LV,Las Vegas Raiders,Amari Cooper,WR,00-0031544,1.0,0.0,0.0,0.0,0.0,0.0,0.0,0.0,0.0,0.0,0.0,0.0,0.0,72.0,41.32,27.6,231.8,100.9,2.450738963167919,0.7899008265415035,1.0329187573479153,1.0,1.0,amari cooper,amaricooper,acooper,Las Vegas Raiders,00-0031544,,,,,,,,,,,,,,,,,,,,,,,,,
2025,11,0.0,2025_11_DAL_LV,Las Vegas Raiders,Brenden Rice,WR,00-0039415,1.0,0.0,0.0,0.0,0.0,0.0,0.0,0.0,0.0,0.0,0.0,0.0,0.0,72.0,41.32,27.6,231.8,100.9,2.450738963167919,0.7899008265415035,1.0329187573479153,0.0,0.0,brenden rice,brendenrice,brice,Las Vegas Raiders,00-0039415,,,,,,,,,,,,,,,,,,,,,,,,,
2025,11,0.0,2025_11_DAL_LV,Las Vegas Raiders,Dont'e Thornton Jr.,WR,00-0040581,1.0,0.0,0.0,0.0,0.0,0.0,0.0,0.0,0.0,0.0,0.0,0.0,0.0,72.0,41.32,27.6,231.8,100.9,2.450738963167919,0.7899008265415035,1.0329187573479153,1.0,1.0,dont'e thornton jr.,dontethorntonjr,dthornton,Las Vegas Raiders,00-0040581,,,,,,,,,,,,,,,,,,,,,,,,,
2025,11,0.0,2025_11_DET_PHI,Detroit Lions,Jared Goff,QB,00-0033106,1.0,34.5,235.2,1.94,0.75,4.27,17.0,0.14,0.0,0.0,0.0,0.0,0.1332,72.0,35.3,34.43,267.9,170.3,2.3327431498167512,1.0876911595642773,0.8825097229253331,1.0,1.0,jared goff,jaredgoff,jgoff,Detroit Lions,00-0033106,39.0,255.0,1.0,1.0,0.0,0.0,0.0,0.0,0.0,0.0,0.0,J.Goff,DET,team_norm & _alias_init_last,-4.5,-19.80000000000001,0.94,-0.25,4.27,17.0,0.14,0.0,0.0,0.0,0.0
2025,11,0.0,2025_11_DET_PHI,Detroit Lions,Jahmyr Gibbs,RB,00-0039139,1.0,0.0,0.0,0.0,0.0,19.39,85.6,0.77,4.18,2.86,21.2,0.29,0.6534,72.0,35.3,34.43,267.9,170.3,2.3327431498167512,1.0876911595642773,0.8825097229253331,1.0,1.0,jahmyr gibbs,jahmyrgibbs,jgibbs,Detroit Lions,00-0039139,0.0,0.0,0.0,0.0,12.0,39.0,0.0,8.0,5.0,107.0,0.0,J.Gibbs,DET,team_norm & _alias_init_last,0.0,0.0,0.0,0.0,7.390000000000001,46.599999999999994,0.77,-3.8200000000000003,-2.14,-85.8,0.29
2025,11,0.0,2025_11_DET_PHI,Detroit Lions,David Montgomery,RB,00-0035685,1.0,0.0,0.0,0.0,0.0,10.77,46.7,0.28,2.6,1.85,13.3,0.17,0.3599,72.0,35.3,34.43,267.9,170.3,2.3327431498167512,1.0876911595642773,0.8825097229253331,1.0,1.0,david montgomery,davidmontgomery,dmontgomery,Detroit Lions,00-0035685,0.0,0.0,0.0,0.0,6.0,27.0,0.0,1.0,1.0,10.0,0.0,D.Montgomery,DET,team_norm & _alias_init_last,0.0,0.0,0.0,0.0,4.77,19.700000000000003,0.28,1.6,0.8500000000000001,3.3000000000000007,0.17
2025,11,0.0,2025_11_DET_PHI,Detroit Lions,Jacob Saylors,RB,00-0038896,1.0,0.0,0.0,0.0,0.0,0.0,0.0,0.0,0.0,0.0,0.0,0.0,0.0,72.0,35.3,34.43,267.9,170.3,2.3327431498167512,1.0876911595642773,0.8825097229253331,1.0,1.0,jacob saylors,jacobsaylors,jsaylors,Detroit Lions,00-0038896,,,,,,,,,,,,,,,,,,,,,,,,,
2025,11,0.0,2025_11_DET_PHI,Detroit Lions,Sione Vaki,RB,00-0039364,1.0,0.0,0.0,0.0,0.0,0.0,0.0,0.0,0.0,0.0,0.0,0.0,0.0,72.0,35.3,34.43,267.9,170.3,2.3327431498167512,1.0876911595642773,0.8825097229253331,1.0,1.0,sione vaki,sionevaki,svaki,Detroit Lions,00-0039364,,,,,,,,,,,,,,,,,,,,,,,,,
2025,11,0.0,2025_11_DET_PHI,Detroit Lions,Brock Wright,TE,00-0036754,1.0,0.0,0.0,0.0,0.0,0.0,0.0,0.0,6.19,3.96,35.0,0.39,0.3223,72.0,35.3,34.43,267.9,170.3,2.3327431498167512,1.0876911595642773,0.8825097229253331,1.0,1.0,brock wright,brockwright,bwright,Detroit Lions,00-0036754,0.0,0.0,0.0,0.0,0.0,0.0,0.0,7.0,2.0,8.0,0.0,B.Wright,DET,team_norm & _alias_init_last,0.0,0.0,0.0,0.0,0.0,0.0,0.0,-0.8099999999999996,1.96,27.0,0.39
2025,11,0.0,2025_11_DET_PHI,Detroit Lions,Ross Dwelley,TE,,1.0,0.0,0.0,0.0,0.0,0.0,0.0,0.0,3.2,1.85,26.1,0.21,0.1907,72.0,35.3,34.43,267.9,170.3,2.3327431498167512,1.0876911595642773,0.8825097229253331,0.0,1.0,ross dwelley,rossdwelley,rdwelley,Detroit Lions,,,,,,,,,,,,,,,,,,,,,,,,,,
2025,11,0.0,2025_11_DET_PHI,Detroit Lions,Giovanni Ricci,TE,00-0035956,1.0,0.0,0.0,0.0,0.0,0.0,0.0,0.0,0.0,0.0,0.0,0.0,0.0,72.0,35.3,34.43,267.9,170.3,2.3327431498167512,1.0876911595642773,0.8825097229253331,0.0,0.0,giovanni ricci,giovanniricci,gricci,Detroit Lions,00-0035956,,,,,,,,,,,,,,,,,,,,,,,,,
2025,11,0.0,2025_11_DET_PHI,Detroit Lions,Amon-Ra St. Brown,WR,00-0036963,1.0,0.0,0.0,0.0,0.0,0.0,0.0,0.0,8.42,5.8,47.6,0.55,0.4216,72.0,35.3,34.43,267.9,170.3,2.3327431498167512,1.0876911595642773,0.8825097229253331,1.0,1.0,amon-ra st. brown,amonrastbrown,astbrown,Detroit Lions,00-0036963,0.0,0.0,0.0,0.0,0.0,0.0,0.0,12.0,2.0,42.0,0.0,A.St. Brown,DET,team_norm & _alias_init_last,0.0,0.0,0.0,0.0,0.0,0.0,0.0,-3.58,3.8,5.600000000000001,0.55
2025,11,0.0,2025_11_DET_PHI,Detroit Lions,Jameson Williams,WR,00-0037240,1.0,0.0,0.0,0.0,0.0,0.0,0.0,0.0,6.34,3.55,38.0,0.39,0.3206,72.0,35.3,34.43,267.9,170.3,2.3327431498167512,1.0876911595642773,0.8825097229253331,1.0,1.0,jameson williams,jamesonwilliams,jwilliams,Detroit Lions,00-0037240,0.0,0.0,0.0,0.0,1.0,9.0,0.0,7.0,4.0,88.0,1.0,J.Williams,DET,team_norm & _alias_init_last,0.0,0.0,0.0,0.0,-1.0,-9.0,0.0,-0.6600000000000001,-0.4500000000000002,-50.0,-0.61
2025,11,0.0,2025_11_DET_PHI,Detroit Lions,Kalif Raymond,WR,00-0032464,1.0,0.0,0.0,0.0,0.0,0.0,0.0,0.0,4.23,2.88,24.3,0.26,0.2282,72.0,35.3,34.43,267.9,170.3,2.3327431498167512,1.0876911595642773,0.8825097229253331,1.0,1.0,kalif raymond,kalifraymond,kraymond,Detroit Lions,00-0032464,,,,,,,,,,,,,,,,,,,,,,,,,
2025,11,0.0,2025_11_DET_PHI,Detroit Lions,Andrew Armstrong,WR,00-0040298,1.0,0.0,0.0,0.0,0.0,0.0,0.0,0.0,0.0,0.0,0.0,0.0,0.0,72.0,35.3,34.43,267.9,170.3,2.3327431498167512,1.0876911595642773,0.8825097229253331,0.0,0.0,andrew armstrong,andrewarmstrong,aarmstrong,Detroit Lions,00-0040298,,,,,,,,,,,,,,,,,,,,,,,,,
2025,11,0.0,2025_11_DET_PHI,Detroit Lions,Dominic Lovett,WR,00-0040241,1.0,0.0,0.0,0.0,0.0,0.0,0.0,0.0,0.0,0.0,0.0,0.0,0.0,72.0,35.3,34.43,267.9,170.3,2.3327431498167512,1.0876911595642773,0.8825097229253331,1.0,1.0,dominic lovett,dominiclovett,dlovett,Detroit Lions,00-0040241,,,,,,,,,,,,,,,,,,,,,,,,,
2025,11,0.0,2025_11_DET_PHI,Detroit Lions,Isaac TeSlaa,WR,00-0040669,1.0,0.0,0.0,0.0,0.0,0.0,0.0,0.0,0.0,0.0,0.0,0.0,0.0,72.0,35.3,34.43,267.9,170.3,2.3327431498167512,1.0876911595642773,0.8825097229253331,1.0,1.0,isaac teslaa,isaacteslaa,iteslaa,Detroit Lions,00-0040669,0.0,0.0,0.0,0.0,0.0,0.0,0.0,1.0,0.0,0.0,0.0,I.TeSlaa,DET,team_norm & _alias_init_last,0.0,0.0,0.0,0.0,0.0,0.0,0.0,-1.0,0.0,0.0,0.0
2025,11,0.0,2025_11_DET_PHI,Detroit Lions,Jackson Meeks,WR,00-0040390,1.0,0.0,0.0,0.0,0.0,0.0,0.0,0.0,0.0,0.0,0.0,0.0,0.0,72.0,35.3,34.43,267.9,170.3,2.3327431498167512,1.0876911595642773,0.8825097229253331,1.0,1.0,jackson meeks,jacksonmeeks,jmeeks,Detroit Lions,00-0040390,,,,,,,,,,,,,,,,,,,,,,,,,
2025,11,0.0,2025_11_DET_PHI,Philadelphia Eagles,Jalen Hurts,QB,00-0036389,1.0,30.17,164.5,1.57,0.67,12.57,32.6,0.35,0.0,0.0,0.0,0.0,0.2956,72.0,31.61,37.71,177.3,137.8,2.0018429295570628,1.0868638234650343,0.7902251607492312,1.0,1.0,jalen hurts,jalenhurts,jhurts,Philadelphia Eagles,00-0036389,34.0,135.0,0.0,0.0,7.0,24.0,1.0,0.0,0.0,0.0,0.0,J.Hurts,PHI,team_norm & _alias_init_last,-3.8299999999999983,29.5,1.57,0.67,5.57,8.600000000000001,-0.65,0.0,0.0,0.0,0.0
2025,11,0.0,2025_11_DET_PHI,Philadelphia Eagles,Saquon Barkley,RB,00-0034844,1.0,0.0,0.0,0.0,0.0,16.16,53.4,0.62,3.75,2.45,13.0,0.23,0.5729,72.0,31.61,37.71,177.3,137.8,2.0018429295570628,1.0868638234650343,0.7902251607492312,1.0,1.0,saquon barkley,saquonbarkley,sbarkley,Philadelphia Eagles,00-0034844,0.0,0.0,0.0,0.0,26.0,83.0,0.0,3.0,1.0,7.0,0.0,S.Barkley,PHI,team_norm & _alias_init_last,0.0,0.0,0.0,0.0,-9.84,-29.6,0.62,0.75,1.4500000000000002,6.0,0.23
2025,11,0.0,2025_11_DET_PHI,Philadelphia Eagles,Tank Bigsby,RB,00-0038555,1.0,0.0,0.0,0.0,0.0,8.98,29.6,0.23,2.33,1.29,9.4,0.15,0.3143,72.0,31.61,37.71,177.3,137.8,2.0018429295570628,1.0868638234650343,0.7902251607492312,1.0,1.0,tank bigsby,tankbigsby,tbigsby,Philadelphia Eagles,,0.0,0.0,0.0,0.0,4.0,34.0,0.0,0.0,0.0,0.0,0.0,T.Bigsby,PHI,team_norm & _alias_init_last,0.0,0.0,0.0,0.0,4.98,-4.399999999999999,0.23,2.33,1.29,9.4,0.15
2025,11,0.0,2025_11_DET_PHI,Philadelphia Eagles,Will Shipley,RB,00-0039746,1.0,0.0,0.0,0.0,0.0,0.0,0.0,0.0,0.0,0.0,0.0,0.0,0.0,72.0,31.61,37.71,177.3,137.8,2.0018429295570628,1.0868638234650343,0.7902251607492312,1.0,1.0,will shipley,willshipley,wshipley,Philadelphia Eagles,00-0039746,,,,,,,,,,,,,,,,,,,,,,,,,
2025,11,0.0,2025_11_DET_PHI,Philadelphia Eagles,Dallas Goedert,TE,00-0034351,1.0,0.0,0.0,0.0,0.0,0.0,0.0,0.0,5.74,3.72,21.9,0.33,0.2825,72.0,31.61,37.71,177.3,137.8,2.0018429295570628,1.0868638234650343,0.7902251607492312,1.0,1.0,dallas goedert,dallasgoedert,dgoedert,Philadelphia Eagles,00-0034351,0.0,0.0,0.0,0.0,0.0,0.0,0.0,5.0,2.0,24.0,0.0,D.Goedert,PHI,team_norm & _alias_init_last,0.0,0.0,0.0,0.0,0.0,0.0,0.0,0.7400000000000002,1.7200000000000002,-2.1000000000000014,0.33
2025,11,0.0,2025_11_DET_PHI,Philadelphia Eagles,Grant Calcaterra,TE,00-0037086,1.0,0.0,0.0,0.0,0.0,0.0,0.0,0.0,2.97,1.93,13.2,0.18,0.163,72.0,31.61,37.71,177.3,137.8,2.0018429295570628,1.0868638234650343,0.7902251607492312,1.0,1.0,grant calcaterra,grantcalcaterra,gcalcaterra,Philadelphia Eagles,00-0037086,,,,,,,,,,,,,,,,,,,,,,,,,
2025,11,0.0,2025_11_DET_PHI,Philadelphia Eagles,Cameron Latu,TE,00-0038564,1.0,0.0,0.0,0.0,0.0,0.0,0.0,0.0,0.0,0.0,0.0,0.0,0.0,72.0,31.61,37.71,177.3,137.8,2.0018429295570628,1.0868638234650343,0.7902251607492312,1.0,1.0,cameron latu,cameronlatu,clatu,Philadelphia Eagles,00-0038564,,,,,,,,,,,,,,,,,,,,,,,,,
2025,11,0.0,2025_11_DET_PHI,Philadelphia Eagles,Kylen Granson,TE,00-0036876,1.0,0.0,0.0,0.0,0.0,0.0,0.0,0.0,0.0,0.0,0.0,0.0,0.0,72.0,31.61,37.71,177.3,137.8,2.0018429295570628,1.0868638234650343,0.7902251607492312,1.0,1.0,kylen granson,kylengranson,kgranson,Philadelphia Eagles,00-0036876,0.0,0.0,0.0,0.0,0.0,0.0,0.0,2.0,1.0,4.0,0.0,K.Granson,PHI,team_norm & _alias_init_last,0.0,0.0,0.0,0.0,0.0,0.0,0.0,-2.0,-1.0,-4.0,0.0
2025,11,0.0,2025_11_DET_PHI,Philadelphia Eagles,A.J. Brown,WR,00-0035676,1.0,0.0,0.0,0.0,0.0,0.0,0.0,0.0,7.46,4.27,32.3,0.44,0.3531,72.0,31.61,37.71,177.3,137.8,2.0018429295570628,1.0868638234650343,0.7902251607492312,1.0,1.0,a.j. brown,ajbrown,abrown,Philadelphia Eagles,00-0035676,0.0,0.0,0.0,0.0,0.0,0.0,0.0,13.0,7.0,49.0,0.0,A.Brown,PHI,team_norm & _alias_init_last,0.0,0.0,0.0,0.0,0.0,0.0,0.0,-5.54,-2.7300000000000004,-16.700000000000003,0.44
2025,11,0.0,2025_11_DET_PHI,Philadelphia Eagles,DeVonta Smith,WR,00-0036912,1.0,0.0,0.0,0.0,0.0,0.0,0.0,0.0,5.62,3.78,24.2,0.33,0.2777,72.0,31.61,37.71,177.3,137.8,2.0018429295570628,1.0868638234650343,0.7902251607492312,1.0,1.0,devonta smith,devontasmith,dsmith,Philadelphia Eagles,00-0036912,0.0,0.0,0.0,0.0,0.0,0.0,0.0,5.0,1.0,8.0,0.0,D.Smith,PHI,team_norm & _alias_init_last,0.0,0.0,0.0,0.0,0.0,0.0,0.0,0.6200000000000001,2.78,16.2,0.33
2025,11,0.0,2025_11_DET_PHI,Philadelphia Eagles,Jahan Dotson,WR,00-0037741,1.0,0.0,0.0,0.0,0.0,0.0,0.0,0.0,3.75,1.95,15.8,0.23,0.2025,72.0,31.61,37.71,177.3,137.8,2.0018429295570628,1.0868638234650343,0.7902251607492312,1.0,1.0,jahan dotson,jahandotson,jdotson,Philadelphia Eagles,00-0037741,0.0,0.0,0.0,0.0,0.0,0.0,0.0,2.0,2.0,43.0,0.0,J.Dotson,PHI,team_norm & _alias_init_last,0.0,0.0,0.0,0.0,0.0,0.0,0.0,1.75,-0.050000000000000044,-27.2,0.23
2025,11,0.0,2025_11_DET_PHI,Philadelphia Eagles,Darius Cooper,WR,00-0040024,1.0,0.0,0.0,0.0,0.0,0.0,0.0,0.0,0.0,0.0,0.0,0.0,0.0,72.0,31.61,37.71,177.3,137.8,2.0018429295570628,1.0868638234650343,0.7902251607492312,1.0,1.0,darius cooper,dariuscooper,dcooper,Philadelphia Eagles,00-0040024,,,,,,,,,,,,,,,,,,,,,,,,,
2025,11,0.0,2025_11_GB_NYG,Green Bay Packers,Jordan Love,QB,00-0036264,1.0,36.48,199.9,1.91,0.86,2.44,6.9,0.07,0.0,0.0,0.0,0.0,0.0722,66.38,40.27,23.78,225.9,86.9,2.314354439063114,0.6945606534352602,1.006724901906202,1.0,1.0,jordan love,jordanlove,jlove,Green Bay Packers,00-0036264,30.0,174.0,2.0,0.0,1.0,3.0,0.0,0.0,0.0,0.0,0.0,J.Love,GB,team_norm & _alias_init_last,6.479999999999997,25.900000000000006,-0.09000000000000008,0.86,1.44,3.9000000000000004,0.07,0.0,0.0,0.0,0.0
2025,11,0.0,2025_11_GB_NYG,Green Bay Packers,Josh Jacobs,RB,00-0035700,1.0,0.0,0.0,0.0,0.0,13.72,44.3,0.49,4.8,3.3,17.5,0.27,0.5334,66.38,40.27,23.78,225.9,86.9,2.314354439063114,0.6945606534352602,1.006724901906202,1.0,1.0,josh jacobs,joshjacobs,jjacobs,Green Bay Packers,00-0035700,0.0,0.0,0.0,0.0,7.0,40.0,0.0,1.0,0.0,0.0,0.0,J.Jacobs,GB,team_norm & _alias_init_last,0.0,0.0,0.0,0.0,6.720000000000001,4.299999999999997,0.49,3.8,3.3,17.5,0.27
2025,11,0.0,2025_11_GB_NYG,Green Bay Packers,Emanuel Wilson,RB,00-0038797,1.0,0.0,0.0,0.0,0.0,7.62,25.5,0.18,2.98,1.98,12.9,0.17,0.2951,66.38,40.27,23.78,225.9,86.9,2.314354439063114,0.6945606534352602,1.006724901906202,1.0,1.0,emanuel wilson,emanuelwilson,ewilson,Green Bay Packers,00-0038797,0.0,0.0,0.0,0.0,12.0,40.0,1.0,2.0,1.0,9.0,0.0,E.Wilson,GB,team_norm & _alias_init_last,0.0,0.0,0.0,0.0,-4.38,-14.5,-0.8200000000000001,0.98,0.98,3.9000000000000004,0.17
2025,11,0.0,2025_11_GB_NYG,Green Bay Packers,Chris Brooks,RB,00-0038685,1.0,0.0,0.0,0.0,0.0,0.0,0.0,0.0,0.0,0.0,0.0,0.0,0.0,66.38,40.27,23.78,225.9,86.9,2.314354439063114,0.6945606534352602,1.006724901906202,1.0,1.0,chris brooks,chrisbrooks,cbrooks,Green Bay Packers,00-0038685,0.0,0.0,0.0,0.0,1.0,8.0,0.0,0.0,0.0,0.0,0.0,C.Brooks,GB,team_norm & _alias_init_last,0.0,0.0,0.0,0.0,-1.0,-8.0,0.0,0.0,0.0,0.0,0.0
2025,11,0.0,2025_11_GB_NYG,Green Bay Packers,Luke Musgrave,TE,00-0039144,1.0,0.0,0.0,0.0,0.0,0.0,0.0,0.0,7.26,4.54,30.1,0.37,0.3126,66.38,40.27,23.78,225.9,86.9,2.314354439063114,0.6945606534352602,1.006724901906202,1.0,1.0,luke musgrave,lukemusgrave,lmusgrave,Green Bay Packers,00-0039144,0.0,0.0,0.0,0.0,0.0,0.0,0.0,2.0,1.0,-1.0,0.0,L.Musgrave,GB,team_norm & _alias_init_last,0.0,0.0,0.0,0.0,0.0,0.0,0.0,5.26,3.54,31.1,0.37
2025,11,0.0,2025_11_GB_NYG,Green Bay Packers,John FitzPatrick,TE,00-0037306,1.0,0.0,0.0,0.0,0.0,0.0,0.0,0.0,3.75,2.32,18.9,0.21,0.192,66.38,40.27,23.78,225.9,86.9,2.314354439063114,0.6945606534352602,1.006724901906202,1.0,1.0,john fitzpatrick,johnfitzpatrick,jfitzpatrick,Green Bay Packers,00-0037306,0.0,0.0,0.0,0.0,0.0,0.0,0.0,2.0,1.0,5.0,0.0,J.FitzPatrick,GB,team_norm & _alias_init_last,0.0,0.0,0.0,0.0,0.0,0.0,0.0,1.75,1.3199999999999998,13.899999999999999,0.21
2025,11,0.0,2025_11_GB_NYG,Green Bay Packers,Johnny Lumpkin,TE,00-0038913,1.0,0.0,0.0,0.0,0.0,0.0,0.0,0.0,0.0,0.0,0.0,0.0,0.0,66.38,40.27,23.78,225.9,86.9,2.314354439063114,0.6945606534352602,1.006724901906202,0.0,0.0,johnny lumpkin,johnnylumpkin,jlumpkin,Green Bay Packers,00-0038913,,,,,,,,,,,,,,,,,,,,,,,,,
2025,11,0.0,2025_11_GB_NYG,Green Bay Packers,Josh Whyle,TE,00-0038589,1.0,0.0,0.0,0.0,0.0,0.0,0.0,0.0,0.0,0.0,0.0,0.0,0.0,66.38,40.27,23.78,225.9,86.9,2.314354439063114,0.6945606534352602,1.006724901906202,1.0,1.0,josh whyle,joshwhyle,jwhyle,Green Bay Packers,00-0038589,0.0,0.0,0.0,0.0,0.0,0.0,0.0,1.0,1.0,2.0,1.0,J.Whyle,GB,team_norm & _alias_init_last,0.0,0.0,0.0,0.0,0.0,0.0,0.0,-1.0,-1.0,-2.0,-1.0
2025,11,0.0,2025_11_GB_NYG,Green Bay Packers,Christian Watson,WR,00-0038124,1.0,0.0,0.0,0.0,0.0,0.0,0.0,0.0,9.53,5.29,45.1,0.54,0.4169,66.38,40.27,23.78,225.9,86.9,2.314354439063114,0.6945606534352602,1.006724901906202,1.0,1.0,christian watson,christianwatson,cwatson,Green Bay Packers,00-0038124,0.0,0.0,0.0,0.0,0.0,0.0,0.0,5.0,4.0,46.0,2.0,C.Watson,GB,team_norm & _alias_init_last,0.0,0.0,0.0,0.0,0.0,0.0,0.0,4.529999999999999,1.29,-0.8999999999999986,-1.46
2025,11,0.0,2025_11_GB_NYG,Green Bay Packers,Romeo Doubs,WR,00-0037816,1.0,0.0,0.0,0.0,0.0,0.0,0.0,0.0,7.17,4.2,31.2,0.4,0.3328,66.38,40.27,23.78,225.9,86.9,2.314354439063114,0.6945606534352602,1.006724901906202,1.0,1.0,romeo doubs,romeodoubs,rdoubs,Green Bay Packers,00-0037816,0.0,0.0,0.0,0.0,0.0,0.0,0.0,8.0,4.0,53.0,0.0,R.Doubs,GB,team_norm & _alias_init_last,0.0,0.0,0.0,0.0,0.0,0.0,0.0,-0.8300000000000001,0.20000000000000018,-21.8,0.4
2025,11,0.0,2025_11_GB_NYG,Green Bay Packers,Matthew Golden,WR,00-0040667,1.0,0.0,0.0,0.0,0.0,0.0,0.0,0.0,4.78,2.97,26.0,0.25,0.2232,66.38,40.27,23.78,225.9,86.9,2.314354439063114,0.6945606534352602,1.006724901906202,1.0,1.0,matthew golden,matthewgolden,mgolden,Green Bay Packers,00-0040667,0.0,0.0,0.0,0.0,0.0,0.0,0.0,4.0,1.0,24.0,0.0,M.Golden,GB,team_norm & _alias_init_last,0.0,0.0,0.0,0.0,0.0,0.0,0.0,0.7800000000000002,1.9700000000000002,2.0,0.25
2025,11,0.0,2025_11_GB_NYG,Green Bay Packers,Dontayvion Wicks,WR,00-0038393,1.0,0.0,0.0,0.0,0.0,0.0,0.0,0.0,0.0,0.0,0.0,0.0,0.0,66.38,40.27,23.78,225.9,86.9,2.314354439063114,0.6945606534352602,1.006724901906202,1.0,1.0,dontayvion wicks,dontayvionwicks,dwicks,Green Bay Packers,00-0038393,0.0,0.0,0.0,0.0,0.0,0.0,0.0,2.0,1.0,9.0,0.0,D.Wicks,GB,team_norm & _alias_init_last,0.0,0.0,0.0,0.0,0.0,0.0,0.0,-2.0,-1.0,-9.0,0.0
2025,11,0.0,2025_11_GB_NYG,Green Bay Packers,Savion Williams,WR,00-0040009,1.0,0.0,0.0,0.0,0.0,0.0,0.0,0.0,0.0,0.0,0.0,0.0,0.0,66.38,40.27,23.78,225.9,86.9,2.314354439063114,0.6945606534352602,1.006724901906202,1.0,1.0,savion williams,savionwilliams,swilliams,Green Bay Packers,00-0040009,0.0,0.0,0.0,0.0,0.0,0.0,0.0,1.0,1.0,33.0,0.0,S.Williams,GB,team_norm & _alias_init_last,0.0,0.0,0.0,0.0,0.0,0.0,0.0,-1.0,-1.0,-33.0,0.0
2025,11,0.0,2025_11_GB_NYG,New York Giants,Jaxson Dart,QB,00-0040691,1.0,40.1,273.9,1.98,0.88,4.09,15.9,0.1,0.0,0.0,0.0,0.0,0.0981,72.0,41.36,27.62,313.9,136.6,2.162302513498057,0.6225152038509574,1.0338900394402095,0.0,0.0,jaxson dart,jaxsondart,jdart,New York Giants,00-0040691,,,,,,,,,,,,,,,,,,,,,,,,,
2025,11,0.0,2025_11_GB_NYG,New York Giants,Tyrone Tracy Jr.,RB,00-0039384,1.0,0.0,0.0,0.0,0.0,15.13,65.3,0.39,4.91,3.1,23.9,0.25,0.4773,72.0,41.36,27.62,313.9,136.6,2.162302513498057,0.6225152038509574,1.0338900394402095,1.0,1.0,tyrone tracy jr.,tyronetracyjr,ttracy,New York Giants,00-0039384,0.0,0.0,0.0,0.0,19.0,88.0,0.0,5.0,4.0,51.0,0.0,T.Tracy,NYG,team_norm & _alias_init_last,0.0,0.0,0.0,0.0,-3.869999999999999,-22.700000000000003,0.39,-0.08999999999999986,-0.8999999999999999,-27.1,0.25
2025,11,0.0,2025_11_GB_NYG,New York Giants,Devin Singletary,RB,00-0035250,1.0,0.0,0.0,0.0,0.0,8.4,37.0,0.15,3.05,2.07,13.9,0.16,0.2622,72.0,41.36,27.62,313.9,136.6,2.162302513498057,0.6225152038509574,1.0338900394402095,1.0,1.0,devin singletary,devinsingletary,dsingletary,New York Giants,00-0035250,0.0,0.0,0.0,0.0,17.0,44.0,2.0,1.0,1.0,3.0,0.0,D.Singletary,NYG,team_norm & _alias_init_last,0.0,0.0,0.0,0.0,-8.6,-7.0,-1.85,2.05,1.0699999999999998,10.9,0.16
2025,11,0.0,2025_11_GB_NYG,New York Giants,Theo Johnson,TE,00-0039847,1.0,0.0,0.0,0.0,0.0,0.0,0.0,0.0,7.74,4.13,41.5,0.37,0.3105,72.0,41.36,27.62,313.9,136.6,2.162302513498057,0.6225152038509574,1.0338900394402095,1.0,1.0,theo johnson,theojohnson,tjohnson,New York Giants,00-0039847,0.0,0.0,0.0,0.0,0.0,0.0,0.0,5.0,3.0,36.0,0.0,T.Johnson,NYG,team_norm & _alias_init_last,0.0,0.0,0.0,0.0,0.0,0.0,0.0,2.74,1.13,5.5,0.37
2025,11,0.0,2025_11_GB_NYG,New York Giants,Daniel Bellinger,TE,00-0038115,1.0,0.0,0.0,0.0,0.0,0.0,0.0,0.0,4.0,2.7,20.7,0.19,0.1762,72.0,41.36,27.62,313.9,136.6,2.162302513498057,0.6225152038509574,1.0338900394402095,1.0,1.0,daniel bellinger,danielbellinger,dbellinger,New York Giants,00-0038115,0.0,0.0,0.0,0.0,0.0,0.0,0.0,1.0,0.0,0.0,0.0,D.Bellinger,NYG,team_norm & _alias_init_last,0.0,0.0,0.0,0.0,0.0,0.0,0.0,3.0,2.7,20.7,0.19
2025,11,0.0,2025_11_GB_NYG,New York Giants,Chris Manhertz,TE,00-0031484,1.0,0.0,0.0,0.0,0.0,0.0,0.0,0.0,0.0,0.0,0.0,0.0,0.0,72.0,41.36,27.62,313.9,136.6,2.162302513498057,0.6225152038509574,1.0338900394402095,1.0,1.0,chris manhertz,chrismanhertz,cmanhertz,New York Giants,00-0031484,,,,,,,,,,,,,,,,,,,,,,,,,
2025,11,0.0,2025_11_GB_NYG,New York Giants,Jermaine Terry,TE,00-0040457,1.0,0.0,0.0,0.0,0.0,0.0,0.0,0.0,0.0,0.0,0.0,0.0,0.0,72.0,41.36,27.62,313.9,136.6,2.162302513498057,0.6225152038509574,1.0338900394402095,0.0,0.0,jermaine terry,jermaineterry,jterry,New York Giants,00-0040457,,,,,,,,,,,,,,,,,,,,,,,,,
2025,11,0.0,2025_11_GB_NYG,New York Giants,Thomas Fidone II,TE,00-0040225,1.0,0.0,0.0,0.0,0.0,0.0,0.0,0.0,0.0,0.0,0.0,0.0,0.0,72.0,41.36,27.62,313.9,136.6,2.162302513498057,0.6225152038509574,1.0338900394402095,1.0,1.0,thomas fidone ii,thomasfidoneii,tfidone,New York Giants,00-0040225,,,,,,,,,,,,,,,,,,,,,,,,,
2025,11,0.0,2025_11_GB_NYG,New York Giants,Wan'Dale Robinson,WR,00-0038117,1.0,0.0,0.0,0.0,0.0,0.0,0.0,0.0,9.6,6.07,57.1,0.45,0.3649,72.0,41.36,27.62,313.9,136.6,2.162302513498057,0.6225152038509574,1.0338900394402095,1.0,1.0,wan'dale robinson,wandalerobinson,wrobinson,New York Giants,,0.0,0.0,0.0,0.0,0.0,0.0,0.0,9.0,4.0,36.0,0.0,W.Robinson,NYG,team_norm & _alias_init_last,0.0,0.0,0.0,0.0,0.0,0.0,0.0,0.5999999999999996,2.0700000000000003,21.1,0.45
2025,11,0.0,2025_11_GB_NYG,New York Giants,Darius Slayton,WR,00-0035535,1.0,0.0,0.0,0.0,0.0,0.0,0.0,0.0,7.23,3.89,42.2,0.34,0.2873,72.0,41.36,27.62,313.9,136.6,2.162302513498057,0.6225152038509574,1.0338900394402095,0.0,0.0,darius slayton,dariusslayton,dslayton,New York Giants,00-0035535,,,,,,,,,,,,,,,,,,,,,,,,,
2025,11,0.0,2025_11_GB_NYG,New York Giants,Isaiah Hodgins,WR,00-0036165,1.0,0.0,0.0,0.0,0.0,0.0,0.0,0.0,4.82,3.03,30.3,0.24,0.2164,72.0,41.36,27.62,313.9,136.6,2.162302513498057,0.6225152038509574,1.0338900394402095,1.0,1.0,isaiah hodgins,isaiahhodgins,ihodgins,New York Giants,00-0036165,0.0,0.0,0.0,0.0,0.0,0.0,0.0,6.0,5.0,57.0,0.0,I.Hodgins,NYG,team_norm & _alias_init_last,0.0,0.0,0.0,0.0,0.0,0.0,0.0,-1.1799999999999997,-1.9700000000000002,-26.7,0.24
2025,11,0.0,2025_11_GB_NYG,New York Giants,Antwane Wells Jr.,WR,00-0040438,1.0,0.0,0.0,0.0,0.0,0.0,0.0,0.0,0.0,0.0,0.0,0.0,0.0,72.0,41.36,27.62,313.9,136.6,2.162302513498057,0.6225152038509574,1.0338900394402095,0.0,0.0,antwane wells jr.,antwanewellsjr,awells,New York Giants,00-0040438,,,,,,,,,,,,,,,,,,,,,,,,,
2025,11,0.0,2025_11_GB_NYG,New York Giants,Dalen Cambre,WR,00-0040431,1.0,0.0,0.0,0.0,0.0,0.0,0.0,0.0,0.0,0.0,0.0,0.0,0.0,72.0,41.36,27.62,313.9,136.6,2.162302513498057,0.6225152038509574,1.0338900394402095,1.0,1.0,dalen cambre,dalencambre,dcambre,New York Giants,00-0040431,,,,,,,,,,,,,,,,,,,,,,,,,
2025,11,0.0,2025_11_GB_NYG,New York Giants,Gunner Olszewski,WR,00-0035645,1.0,0.0,0.0,0.0,0.0,0.0,0.0,0.0,0.0,0.0,0.0,0.0,0.0,72.0,41.36,27.62,313.9,136.6,2.162302513498057,0.6225152038509574,1.0338900394402095,1.0,1.0,gunner olszewski,gunnerolszewski,golszewski,New York Giants,,,,,,,,,,,,,,,,,,,,,,,,,,
2025,11,0.0,2025_11_GB_NYG,New York Giants,Jalin Hyatt,WR,00-0038938,1.0,0.0,0.0,0.0,0.0,0.0,0.0,0.0,0.0,0.0,0.0,0.0,0.0,72.0,41.36,27.62,313.9,136.6,2.162302513498057,0.6225152038509574,1.0338900394402095,1.0,1.0,jalin hyatt,jalinhyatt,jhyatt,New York Giants,00-0038938,0.0,0.0,0.0,0.0,0.0,0.0,0.0,4.0,2.0,18.0,0.0,J.Hyatt,NYG,team_norm & _alias_init_last,0.0,0.0,0.0,0.0,0.0,0.0,0.0,-4.0,-2.0,-18.0,0.0
2025,11,0.0,2025_11_HOU_TEN,Houston Texans,C.J. Stroud,QB,00-0039163,1.0,40.44,236.6,2.07,0.97,3.61,11.8,0.11,0.0,0.0,0.0,0.0,0.1022,69.36,45.45,20.81,285.3,85.1,2.770221418684875,0.5876522966447091,1.136201661451563,0.0,0.0,c.j. stroud,cjstroud,cstroud,Houston Texans,00-0039163,,,,,,,,,,,,,,,,,,,,,,,,,
2025,11,0.0,2025_11_HOU_TEN,Houston Texans,Woody Marks,RB,00-0040583,1.0,0.0,0.0,0.0,0.0,11.05,40.6,0.38,5.32,3.19,23.9,0.34,0.5096,69.36,45.45,20.81,285.3,85.1,2.770221418684875,0.5876522966447091,1.136201661451563,1.0,1.0,woody marks,woodymarks,wmarks,Houston Texans,,0.0,0.0,0.0,0.0,19.0,44.0,0.0,1.0,1.0,7.0,0.0,W.Marks,HOU,team_norm & _alias_init_last,0.0,0.0,0.0,0.0,-7.949999999999999,-3.3999999999999986,0.38,4.32,2.19,16.9,0.34
2025,11,0.0,2025_11_HOU_TEN,Houston Texans,Nick Chubb,RB,00-0034791,1.0,0.0,0.0,0.0,0.0,6.14,21.8,0.13,3.31,2.03,13.4,0.19,0.2775,69.36,45.45,20.81,285.3,85.1,2.770221418684875,0.5876522966447091,1.136201661451563,1.0,1.0,nick chubb,nickchubb,nchubb,Houston Texans,00-0034791,0.0,0.0,0.0,0.0,3.0,17.0,0.0,2.0,0.0,0.0,0.0,N.Chubb,HOU,team_norm & _alias_init_last,0.0,0.0,0.0,0.0,3.1399999999999997,4.800000000000001,0.13,1.31,2.03,13.4,0.19
2025,11,0.0,2025_11_HOU_TEN,Houston Texans,Dare Ogunbowale,RB,00-0033854,1.0,0.0,0.0,0.0,0.0,0.0,0.0,0.0,0.0,0.0,0.0,0.0,0.0,69.36,45.45,20.81,285.3,85.1,2.770221418684875,0.5876522966447091,1.136201661451563,1.0,1.0,dare ogunbowale,dareogunbowale,dogunbowale,Houston Texans,,0.0,0.0,0.0,0.0,0.0,0.0,0.0,1.0,1.0,9.0,0.0,D.Ogunbowale,HOU,team_norm & _alias_init_last,0.0,0.0,0.0,0.0,0.0,0.0,0.0,-1.0,-1.0,-9.0,0.0
2025,11,0.0,2025_11_HOU_TEN,Houston Texans,Dalton Schultz,TE,00-0034383,1.0,0.0,0.0,0.0,0.0,0.0,0.0,0.0,8.25,4.96,36.2,0.45,0.3641,69.36,45.45,20.81,285.3,85.1,2.770221418684875,0.5876522966447091,1.136201661451563,1.0,1.0,dalton schultz,daltonschultz,dschultz,Houston Texans,00-0034383,0.0,0.0,0.0,0.0,0.0,0.0,0.0,9.0,6.0,51.0,0.0,D.Schultz,HOU,team_norm & _alias_init_last,0.0,0.0,0.0,0.0,0.0,0.0,0.0,-0.75,-1.04,-14.799999999999997,0.45
2025,11,0.0,2025_11_HOU_TEN,Houston Texans,Cade Stover,TE,00-0039359,1.0,0.0,0.0,0.0,0.0,0.0,0.0,0.0,4.27,2.65,21.4,0.25,0.2183,69.36,45.45,20.81,285.3,85.1,2.770221418684875,0.5876522966447091,1.136201661451563,1.0,1.0,cade stover,cadestover,cstover,Houston Texans,00-0039359,,,,,,,,,,,,,,,,,,,,,,,,,
2025,11,0.0,2025_11_HOU_TEN,Houston Texans,Dalton Keene,TE,00-0036225,1.0,0.0,0.0,0.0,0.0,0.0,0.0,0.0,0.0,0.0,0.0,0.0,0.0,69.36,45.45,20.81,285.3,85.1,2.770221418684875,0.5876522966447091,1.136201661451563,0.0,0.0,dalton keene,daltonkeene,dkeene,Houston Texans,00-0036225,,,,,,,,,,,,,,,,,,,,,,,,,
2025,11,0.0,2025_11_HOU_TEN,Houston Texans,Nico Collins,WR,00-0036554,1.0,0.0,0.0,0.0,0.0,0.0,0.0,0.0,10.77,6.29,55.1,0.62,0.4632,69.36,45.45,20.81,285.3,85.1,2.770221418684875,0.5876522966447091,1.136201661451563,1.0,1.0,nico collins,nicocollins,ncollins,Houston Texans,00-0036554,0.0,0.0,0.0,0.0,0.0,0.0,0.0,10.0,9.0,92.0,1.0,N.Collins,HOU,team_norm & _alias_init_last,0.0,0.0,0.0,0.0,0.0,0.0,0.0,0.7699999999999996,-2.71,-36.9,-0.38
2025,11,0.0,2025_11_HOU_TEN,Houston Texans,Jayden Higgins,WR,00-0040130,1.0,0.0,0.0,0.0,0.0,0.0,0.0,0.0,8.11,4.64,49.5,0.47,0.3755,69.36,45.45,20.81,285.3,85.1,2.770221418684875,0.5876522966447091,1.136201661451563,1.0,1.0,jayden higgins,jaydenhiggins,jhiggins,Houston Texans,00-0040130,0.0,0.0,0.0,0.0,0.0,0.0,0.0,8.0,4.0,55.0,0.0,J.Higgins,HOU,team_norm & _alias_init_last,0.0,0.0,0.0,0.0,0.0,0.0,0.0,0.10999999999999943,0.6399999999999997,-5.5,0.47
2025,11,0.0,2025_11_HOU_TEN,Houston Texans,Christian Kirk,WR,00-0034775,1.0,0.0,0.0,0.0,0.0,0.0,0.0,0.0,5.41,3.15,26.7,0.31,0.2668,69.36,45.45,20.81,285.3,85.1,2.770221418684875,0.5876522966447091,1.136201661451563,1.0,1.0,christian kirk,christiankirk,ckirk,Houston Texans,00-0034775,0.0,0.0,0.0,0.0,0.0,0.0,0.0,4.0,1.0,6.0,0.0,C.Kirk,HOU,team_norm & _alias_init_last,0.0,0.0,0.0,0.0,0.0,0.0,0.0,1.4100000000000001,2.15,20.7,0.31
2025,11,0.0,2025_11_HOU_TEN,Houston Texans,Braxton Berrios,WR,00-0034419,1.0,0.0,0.0,0.0,0.0,0.0,0.0,0.0,0.0,0.0,0.0,0.0,0.0,69.36,45.45,20.81,285.3,85.1,2.770221418684875,0.5876522966447091,1.136201661451563,0.0,0.0,braxton berrios,braxtonberrios,bberrios,Houston Texans,00-0034419,,,,,,,,,,,,,,,,,,,,,,,,,
2025,11,0.0,2025_11_HOU_TEN,Houston Texans,Daniel Jackson,WR,00-0040412,1.0,0.0,0.0,0.0,0.0,0.0,0.0,0.0,0.0,0.0,0.0,0.0,0.0,69.36,45.45,20.81,285.3,85.1,2.770221418684875,0.5876522966447091,1.136201661451563,0.0,0.0,daniel jackson,danieljackson,djackson,Houston Texans,00-0040412,,,,,,,,,,,,,,,,,,,,,,,,,
2025,11,0.0,2025_11_HOU_TEN,Houston Texans,Jaylin Noel,WR,00-0040138,1.0,0.0,0.0,0.0,0.0,0.0,0.0,0.0,0.0,0.0,0.0,0.0,0.0,69.36,45.45,20.81,285.3,85.1,2.770221418684875,0.5876522966447091,1.136201661451563,1.0,1.0,jaylin noel,jaylinnoel,jnoel,Houston Texans,00-0040138,0.0,0.0,0.0,0.0,0.0,0.0,0.0,1.0,1.0,12.0,0.0,J.Noel,HOU,team_norm & _alias_init_last,0.0,0.0,0.0,0.0,0.0,0.0,0.0,-1.0,-1.0,-12.0,0.0
2025,11,0.0,2025_11_HOU_TEN,Houston Texans,Xavier Hutchinson,WR,00-0038618,1.0,0.0,0.0,0.0,0.0,0.0,0.0,0.0,0.0,0.0,0.0,0.0,0.0,69.36,45.45,20.81,285.3,85.1,2.770221418684875,0.5876522966447091,1.136201661451563,1.0,1.0,xavier hutchinson,xavierhutchinson,xhutchinson,Houston Texans,00-0038618,0.0,0.0,0.0,0.0,0.0,0.0,0.0,5.0,3.0,42.0,0.0,X.Hutchinson,HOU,team_norm & _alias_init_last,0.0,0.0,0.0,0.0,0.0,0.0,0.0,-5.0,-3.0,-42.0,0.0
2025,11,0.0,2025_11_HOU_TEN,Tennessee Titans,Cam Ward,QB,00-0040676,1.0,34.1,176.9,2.15,0.75,1.1,3.5,0.04,0.0,0.0,0.0,0.0,0.0348,66.53,35.16,28.31,202.8,106.4,2.3592004604860826,0.9206366172398086,0.8790873873441486,1.0,1.0,cam ward,camward,cward,Tennessee Titans,00-0040676,45.0,194.0,1.0,0.0,0.0,0.0,0.0,0.0,0.0,0.0,0.0,C.Ward,TEN,team_norm & _alias_init_last,-10.899999999999999,-17.099999999999994,1.15,0.75,1.1,3.5,0.04,0.0,0.0,0.0,0.0
2025,11,0.0,2025_11_HOU_TEN,Tennessee Titans,Tony Pollard,RB,00-0035261,1.0,0.0,0.0,0.0,0.0,17.49,58.9,0.67,4.19,2.67,14.5,0.28,0.6143,66.53,35.16,28.31,202.8,106.4,2.3592004604860826,0.9206366172398086,0.8790873873441486,1.0,1.0,tony pollard,tonypollard,tpollard,Tennessee Titans,00-0035261,0.0,0.0,0.0,0.0,10.0,22.0,0.0,3.0,3.0,4.0,0.0,T.Pollard,TEN,team_norm & _alias_init_last,0.0,0.0,0.0,0.0,7.489999999999998,36.9,0.67,1.1900000000000004,-0.33000000000000007,10.5,0.28
2025,11,0.0,2025_11_HOU_TEN,Tennessee Titans,Tyjae Spears,RB,00-0039032,1.0,0.0,0.0,0.0,0.0,9.72,32.9,0.24,2.61,1.8,8.9,0.17,0.3347,66.53,35.16,28.31,202.8,106.4,2.3592004604860826,0.9206366172398086,0.8790873873441486,1.0,1.0,tyjae spears,tyjaespears,tspears,Tennessee Titans,00-0039032,0.0,0.0,0.0,0.0,4.0,3.0,0.0,5.0,5.0,31.0,0.0,T.Spears,TEN,team_norm & _alias_init_last,0.0,0.0,0.0,0.0,5.720000000000001,29.9,0.24,-2.39,-3.2,-22.1,0.17
2025,11,0.0,2025_11_HOU_TEN,Tennessee Titans,Julius Chestnut,RB,00-0037594,1.0,0.0,0.0,0.0,0.0,0.0,0.0,0.0,0.0,0.0,0.0,0.0,0.0,66.53,35.16,28.31,202.8,106.4,2.3592004604860826,0.9206366172398086,0.8790873873441486,1.0,1.0,julius chestnut,juliuschestnut,jchestnut,Tennessee Titans,00-0037594,,,,,,,,,,,,,,,,,,,,,,,,,
2025,11,0.0,2025_11_HOU_TEN,Tennessee Titans,Chig Okonkwo,TE,00-0037809,1.0,0.0,0.0,0.0,0.0,0.0,0.0,0.0,6.21,3.84,24.7,0.36,0.3022,66.53,35.16,28.31,202.8,106.4,2.3592004604860826,0.9206366172398086,0.8790873873441486,1.0,1.0,chig okonkwo,chigokonkwo,cokonkwo,Tennessee Titans,00-0037809,0.0,0.0,0.0,0.0,0.0,0.0,0.0,3.0,3.0,56.0,0.0,C.Okonkwo,TEN,team_norm & _alias_init_last,0.0,0.0,0.0,0.0,0.0,0.0,0.0,3.21,0.8399999999999999,-31.3,0.36
2025,11,0.0,2025_11_HOU_TEN,Tennessee Titans,Gunnar Helm,TE,00-0040584,1.0,0.0,0.0,0.0,0.0,0.0,0.0,0.0,3.21,2.2,14.5,0.21,0.1856,66.53,35.16,28.31,202.8,106.4,2.3592004604860826,0.9206366172398086,0.8790873873441486,1.0,1.0,gunnar helm,gunnarhelm,ghelm,Tennessee Titans,00-0040584,0.0,0.0,0.0,0.0,0.0,0.0,0.0,5.0,4.0,29.0,0.0,G.Helm,TEN,team_norm & _alias_init_last,0.0,0.0,0.0,0.0,0.0,0.0,0.0,-1.79,-1.7999999999999998,-14.5,0.21
2025,11,0.0,2025_11_HOU_TEN,Tennessee Titans,Cole Turner,TE,00-0037078,1.0,0.0,0.0,0.0,0.0,0.0,0.0,0.0,0.0,0.0,0.0,0.0,0.0,66.53,35.16,28.31,202.8,106.4,2.3592004604860826,0.9206366172398086,0.8790873873441486,0.0,0.0,cole turner,coleturner,cturner,Tennessee Titans,00-0037078,,,,,,,,,,,,,,,,,,,,,,,,,
2025,11,0.0,2025_11_HOU_TEN,Tennessee Titans,David Martin-Robinson,TE,00-0039648,1.0,0.0,0.0,0.0,0.0,0.0,0.0,0.0,0.0,0.0,0.0,0.0,0.0,66.53,35.16,28.31,202.8,106.4,2.3592004604860826,0.9206366172398086,0.8790873873441486,1.0,1.0,david martin-robinson,davidmartinrobinson,dmartinrobinson,Tennessee Titans,00-0039648,,,,,,,,,,,,,,,,,,,,,,,,,
2025,11,0.0,2025_11_HOU_TEN,Tennessee Titans,Elic Ayomanor,WR,00-0040170,1.0,0.0,0.0,0.0,0.0,0.0,0.0,0.0,8.4,3.85,42.7,0.53,0.4088,66.53,35.16,28.31,202.8,106.4,2.3592004604860826,0.9206366172398086,0.8790873873441486,1.0,1.0,elic ayomanor,elicayomanor,eayomanor,Tennessee Titans,00-0040170,0.0,0.0,0.0,0.0,0.0,0.0,0.0,6.0,2.0,11.0,0.0,E.Ayomanor,TEN,team_norm & _alias_init_last,0.0,0.0,0.0,0.0,0.0,0.0,0.0,2.4000000000000004,1.85,31.700000000000003,0.53
2025,11,0.0,2025_11_HOU_TEN,Tennessee Titans,Chimere Dike,WR,00-0040705,1.0,0.0,0.0,0.0,0.0,0.0,0.0,0.0,6.32,3.81,33.5,0.42,0.3411,66.53,35.16,28.31,202.8,106.4,2.3592004604860826,0.9206366172398086,0.8790873873441486,1.0,1.0,chimere dike,chimeredike,cdike,Tennessee Titans,00-0040705,0.0,0.0,0.0,0.0,0.0,0.0,0.0,3.0,2.0,14.0,0.0,C.Dike,TEN,team_norm & _alias_init_last,0.0,0.0,0.0,0.0,0.0,0.0,0.0,3.3200000000000003,1.81,19.5,0.42
2025,11,0.0,2025_11_HOU_TEN,Tennessee Titans,Van Jefferson,WR,00-0036415,1.0,0.0,0.0,0.0,0.0,0.0,0.0,0.0,4.22,2.11,18.2,0.26,0.227,66.53,35.16,28.31,202.8,106.4,2.3592004604860826,0.9206366172398086,0.8790873873441486,1.0,1.0,van jefferson,vanjefferson,vjefferson,Tennessee Titans,00-0036415,0.0,0.0,0.0,0.0,0.0,0.0,0.0,8.0,3.0,22.0,1.0,V.Jefferson,TEN,team_norm & _alias_init_last,0.0,0.0,0.0,0.0,0.0,0.0,0.0,-3.7800000000000002,-0.8900000000000001,-3.8000000000000007,-0.74
2025,11,0.0,2025_11_HOU_TEN,Tennessee Titans,Mason Kinsey,WR,00-0036176,1.0,0.0,0.0,0.0,0.0,0.0,0.0,0.0,0.0,0.0,0.0,0.0,0.0,66.53,35.16,28.31,202.8,106.4,2.3592004604860826,0.9206366172398086,0.8790873873441486,1.0,1.0,mason kinsey,masonkinsey,mkinsey,Tennessee Titans,00-0036176,0.0,0.0,0.0,0.0,0.0,0.0,0.0,3.0,1.0,14.0,0.0,M.Kinsey,TEN,team_norm & _alias_init_last,0.0,0.0,0.0,0.0,0.0,0.0,0.0,-3.0,-1.0,-14.0,0.0
2025,11,0.0,2025_11_KC_DEN,Denver Broncos,Bo Nix,QB,00-0039732,1.0,35.61,187.7,1.3,0.81,8.6,23.0,0.15,0.0,0.0,0.0,0.0,0.1383,72.0,38.07,31.73,213.6,116.0,1.321881877147138,0.5216751750057842,0.9518319160258156,1.0,1.0,bo nix,bonix,bnix,Denver Broncos,00-0039732,40.0,295.0,0.0,0.0,1.0,1.0,0.0,1.0,0.0,0.0,0.0,B.Nix,DEN,team_norm & _alias_init_last,-4.390000000000001,-107.30000000000001,1.3,0.81,7.6,22.0,0.15,-1.0,0.0,0.0,0.0
2025,11,0.0,2025_11_KC_DEN,Denver Broncos,RJ Harvey,RB,00-0040730,1.0,0.0,0.0,0.0,0.0,14.87,50.0,0.3,4.63,3.27,19.9,0.17,0.3746,72.0,38.07,31.73,213.6,116.0,1.321881877147138,0.5216751750057842,0.9518319160258156,1.0,1.0,rj harvey,rjharvey,rharvey,Denver Broncos,00-0040730,1.0,0.0,0.0,0.0,12.0,30.0,0.0,3.0,3.0,20.0,0.0,R.Harvey,DEN,team_norm & _alias_init_last,-1.0,0.0,0.0,0.0,2.869999999999999,20.0,0.3,1.63,0.27,-0.10000000000000142,0.17
2025,11,0.0,2025_11_KC_DEN,Denver Broncos,Jaleel McLaughlin,RB,00-0038794,1.0,0.0,0.0,0.0,0.0,8.26,28.0,0.1,2.88,2.05,11.4,0.1,0.1849,72.0,38.07,31.73,213.6,116.0,1.321881877147138,0.5216751750057842,0.9518319160258156,1.0,1.0,jaleel mclaughlin,jaleelmclaughlin,jmclaughlin,Denver Broncos,00-0038794,0.0,0.0,0.0,0.0,6.0,19.0,1.0,1.0,1.0,-5.0,0.0,J.McLaughlin,DEN,team_norm & _alias_init_last,0.0,0.0,0.0,0.0,2.26,9.0,-0.9,1.88,1.0499999999999998,16.4,0.1
2025,11,0.0,2025_11_KC_DEN,Denver Broncos,Tyler Badie,RB,00-0037085,1.0,0.0,0.0,0.0,0.0,0.0,0.0,0.0,0.0,0.0,0.0,0.0,0.0,72.0,38.07,31.73,213.6,116.0,1.321881877147138,0.5216751750057842,0.9518319160258156,1.0,1.0,tyler badie,tylerbadie,tbadie,Denver Broncos,00-0037085,0.0,0.0,0.0,0.0,0.0,0.0,0.0,1.0,1.0,0.0,0.0,T.Badie,DEN,team_norm & _alias_init_last,0.0,0.0,0.0,0.0,0.0,0.0,0.0,-1.0,-1.0,0.0,0.0
2025,11,0.0,2025_11_KC_DEN,Denver Broncos,Evan Engram,TE,00-0033881,1.0,0.0,0.0,0.0,0.0,0.0,0.0,0.0,6.68,4.25,27.7,0.2,0.1843,72.0,38.07,31.73,213.6,116.0,1.321881877147138,0.5216751750057842,0.9518319160258156,1.0,1.0,evan engram,evanengram,eengram,Denver Broncos,00-0033881,0.0,0.0,0.0,0.0,0.0,0.0,0.0,5.0,4.0,33.0,0.0,E.Engram,DEN,team_norm & _alias_init_last,0.0,0.0,0.0,0.0,0.0,0.0,0.0,1.6799999999999997,0.25,-5.300000000000001,0.2
2025,11,0.0,2025_11_KC_DEN,Denver Broncos,Adam Trautman,TE,00-0036422,1.0,0.0,0.0,0.0,0.0,0.0,0.0,0.0,3.45,2.18,15.3,0.12,0.1097,72.0,38.07,31.73,213.6,116.0,1.321881877147138,0.5216751750057842,0.9518319160258156,1.0,1.0,adam trautman,adamtrautman,atrautman,Denver Broncos,00-0036422,0.0,0.0,0.0,0.0,0.0,0.0,0.0,1.0,1.0,8.0,0.0,A.Trautman,DEN,team_norm & _alias_init_last,0.0,0.0,0.0,0.0,0.0,0.0,0.0,2.45,1.1800000000000002,7.300000000000001,0.12
2025,11,0.0,2025_11_KC_DEN,Denver Broncos,Marcedes Lewis,TE,00-0024243,1.0,0.0,0.0,0.0,0.0,0.0,0.0,0.0,0.0,0.0,0.0,0.0,0.0,72.0,38.07,31.73,213.6,116.0,1.321881877147138,0.5216751750057842,0.9518319160258156,1.0,1.0,marcedes lewis,marcedeslewis,mlewis,Denver Broncos,00-0024243,,,,,,,,,,,,,,,,,,,,,,,,,
2025,11,0.0,2025_11_KC_DEN,Denver Broncos,Troy Franklin,WR,00-0039868,1.0,0.0,0.0,0.0,0.0,0.0,0.0,0.0,8.99,5.03,42.3,0.31,0.2643,72.0,38.07,31.73,213.6,116.0,1.321881877147138,0.5216751750057842,0.9518319160258156,1.0,1.0,troy franklin,troyfranklin,tfranklin,Denver Broncos,00-0039868,0.0,0.0,0.0,0.0,0.0,0.0,0.0,8.0,4.0,84.0,0.0,T.Franklin,DEN,team_norm & _alias_init_last,0.0,0.0,0.0,0.0,0.0,0.0,0.0,0.9900000000000002,1.0300000000000002,-41.7,0.31
2025,11,0.0,2025_11_KC_DEN,Denver Broncos,Courtland Sutton,WR,00-0034348,1.0,0.0,0.0,0.0,0.0,0.0,0.0,0.0,6.77,3.79,28.7,0.23,0.2027,72.0,38.07,31.73,213.6,116.0,1.321881877147138,0.5216751750057842,0.9518319160258156,1.0,1.0,courtland sutton,courtlandsutton,csutton,Denver Broncos,00-0034348,0.0,0.0,0.0,0.0,0.0,0.0,0.0,8.0,4.0,59.0,0.0,C.Sutton,DEN,team_norm & _alias_init_last,0.0,0.0,0.0,0.0,0.0,0.0,0.0,-1.2300000000000004,-0.20999999999999996,-30.3,0.23
2025,11,0.0,2025_11_KC_DEN,Denver Broncos,Pat Bryant,WR,00-0040134,1.0,0.0,0.0,0.0,0.0,0.0,0.0,0.0,4.51,2.79,23.8,0.15,0.1412,72.0,38.07,31.73,213.6,116.0,1.321881877147138,0.5216751750057842,0.9518319160258156,1.0,1.0,pat bryant,patbryant,pbryant,Denver Broncos,00-0040134,0.0,0.0,0.0,0.0,0.0,0.0,0.0,6.0,5.0,82.0,0.0,P.Bryant,DEN,team_norm & _alias_init_last,0.0,0.0,0.0,0.0,0.0,0.0,0.0,-1.4900000000000002,-2.21,-58.2,0.15
2025,11,0.0,2025_11_KC_DEN,Denver Broncos,Elijah Moore,WR,00-0036980,1.0,0.0,0.0,0.0,0.0,0.0,0.0,0.0,0.0,0.0,0.0,0.0,0.0,72.0,38.07,31.73,213.6,116.0,1.321881877147138,0.5216751750057842,0.9518319160258156,0.0,0.0,elijah moore,elijahmoore,emoore,Denver Broncos,00-0036980,,,,,,,,,,,,,,,,,,,,,,,,,
2025,11,0.0,2025_11_KC_DEN,Denver Broncos,Lil'Jordan Humphrey,WR,00-0035406,1.0,0.0,0.0,0.0,0.0,0.0,0.0,0.0,0.0,0.0,0.0,0.0,0.0,72.0,38.07,31.73,213.6,116.0,1.321881877147138,0.5216751750057842,0.9518319160258156,1.0,1.0,lil'jordan humphrey,liljordanhumphrey,lhumphrey,Denver Broncos,00-0035406,,,,,,,,,,,,,,,,,,,,,,,,,
2025,11,0.0,2025_11_KC_DEN,Denver Broncos,Marvin Mims Jr.,WR,00-0038976,1.0,0.0,0.0,0.0,0.0,0.0,0.0,0.0,0.0,0.0,0.0,0.0,0.0,72.0,38.07,31.73,213.6,116.0,1.321881877147138,0.5216751750057842,0.9518319160258156,1.0,1.0,marvin mims jr.,marvinmimsjr,mmims,Denver Broncos,00-0038976,0.0,0.0,0.0,0.0,1.0,2.0,0.0,0.0,0.0,0.0,0.0,M.Mims,DEN,team_norm & _alias_init_last,0.0,0.0,0.0,0.0,-1.0,-2.0,0.0,0.0,0.0,0.0,0.0
2025,11,0.0,2025_11_KC_DEN,Kansas City Chiefs,Patrick Mahomes,QB,00-0033873,1.0,41.0,268.3,1.79,0.94,4.74,18.6,0.11,0.0,0.0,0.0,0.0,0.1021,72.0,44.41,24.0,337.1,118.7,2.1336756582335754,0.530256559659755,1.110233095684803,1.0,1.0,patrick mahomes,patrickmahomes,pmahomes,Kansas City Chiefs,00-0033873,56.0,276.0,1.0,1.0,0.0,0.0,0.0,0.0,0.0,0.0,0.0,P.Mahomes,KC,team_norm & _alias_init_last,-15.0,-7.699999999999989,0.79,-0.06000000000000005,4.74,18.6,0.11,0.0,0.0,0.0,0.0
2025,11,0.0,2025_11_KC_DEN,Kansas City Chiefs,Isiah Pacheco,RB,00-0037197,1.0,0.0,0.0,0.0,0.0,12.47,53.2,0.34,5.09,3.56,26.4,0.25,0.4432,72.0,44.41,24.0,337.1,118.7,2.1336756582335754,0.530256559659755,1.110233095684803,0.0,0.0,isiah pacheco,isiahpacheco,ipacheco,Kansas City Chiefs,00-0037197,,,,,,,,,,,,,,,,,,,,,,,,,
2025,11,0.0,2025_11_KC_DEN,Kansas City Chiefs,Kareem Hunt,RB,00-0033923,1.0,0.0,0.0,0.0,0.0,6.79,29.3,0.12,3.17,1.99,15.9,0.16,0.2489,72.0,44.41,24.0,337.1,118.7,2.1336756582335754,0.530256559659755,1.110233095684803,1.0,1.0,kareem hunt,kareemhunt,khunt,Kansas City Chiefs,00-0033923,0.0,0.0,0.0,0.0,13.0,59.0,1.0,3.0,1.0,3.0,0.0,K.Hunt,KC,team_norm & _alias_init_last,0.0,0.0,0.0,0.0,-6.21,-29.7,-0.88,0.16999999999999993,0.99,12.9,0.16
2025,11,0.0,2025_11_KC_DEN,Kansas City Chiefs,Brashard Smith,RB,00-0040078,1.0,0.0,0.0,0.0,0.0,0.0,0.0,0.0,0.0,0.0,0.0,0.0,0.0,72.0,44.41,24.0,337.1,118.7,2.1336756582335754,0.530256559659755,1.110233095684803,1.0,1.0,brashard smith,brashardsmith,bsmith,Kansas City Chiefs,00-0040078,0.0,0.0,0.0,0.0,1.0,0.0,0.0,3.0,2.0,8.0,0.0,B.Smith,KC,team_norm & _alias_init_last,0.0,0.0,0.0,0.0,-1.0,0.0,0.0,-3.0,-2.0,-8.0,0.0
2025,11,0.0,2025_11_KC_DEN,Kansas City Chiefs,Travis Kelce,TE,00-0030506,1.0,0.0,0.0,0.0,0.0,0.0,0.0,0.0,7.9,4.9,40.0,0.35,0.2986,72.0,44.41,24.0,337.1,118.7,2.1336756582335754,0.530256559659755,1.110233095684803,1.0,1.0,travis kelce,traviskelce,tkelce,Kansas City Chiefs,00-0030506,0.0,0.0,0.0,0.0,0.0,0.0,0.0,14.0,9.0,91.0,1.0,T.Kelce,KC,team_norm & _alias_init_last,0.0,0.0,0.0,0.0,0.0,0.0,0.0,-6.1,-4.1,-51.0,-0.65
2025,11,0.0,2025_11_KC_DEN,Kansas City Chiefs,Noah Gray,TE,00-0036637,1.0,0.0,0.0,0.0,0.0,0.0,0.0,0.0,4.09,2.48,21.4,0.18,0.162,72.0,44.41,24.0,337.1,118.7,2.1336756582335754,0.530256559659755,1.110233095684803,1.0,1.0,noah gray,noahgray,ngray,Kansas City Chiefs,00-0036637,0.0,0.0,0.0,0.0,0.0,0.0,0.0,3.0,2.0,9.0,0.0,N.Gray,KC,team_norm & _alias_init_last,0.0,0.0,0.0,0.0,0.0,0.0,0.0,1.0899999999999999,0.48,12.399999999999999,0.18
2025,11,0.0,2025_11_KC_DEN,Kansas City Chiefs,Geor'Quarius Spivey,TE,00-0039941,1.0,0.0,0.0,0.0,0.0,0.0,0.0,0.0,0.0,0.0,0.0,0.0,0.0,72.0,44.41,24.0,337.1,118.7,2.1336756582335754,0.530256559659755,1.110233095684803,0.0,0.0,geor'quarius spivey,georquariusspivey,gspivey,Kansas City Chiefs,00-0039941,,,,,,,,,,,,,,,,,,,,,,,,,
2025,11,0.0,2025_11_KC_DEN,Kansas City Chiefs,Jared Wiley,TE,00-0039824,1.0,0.0,0.0,0.0,0.0,0.0,0.0,0.0,0.0,0.0,0.0,0.0,0.0,72.0,44.41,24.0,337.1,118.7,2.1336756582335754,0.530256559659755,1.110233095684803,0.0,0.0,jared wiley,jaredwiley,jwiley,Kansas City Chiefs,00-0039824,,,,,,,,,,,,,,,,,,,,,,,,,
2025,11,0.0,2025_11_KC_DEN,Kansas City Chiefs,Robert Tonyan,TE,00-0033757,1.0,0.0,0.0,0.0,0.0,0.0,0.0,0.0,0.0,0.0,0.0,0.0,0.0,72.0,44.41,24.0,337.1,118.7,2.1336756582335754,0.530256559659755,1.110233095684803,1.0,1.0,robert tonyan,roberttonyan,rtonyan,Kansas City Chiefs,00-0033757,0.0,0.0,0.0,0.0,0.0,0.0,0.0,1.0,1.0,1.0,0.0,R.Tonyan,KC,team_norm & _alias_init_last,0.0,0.0,0.0,0.0,0.0,0.0,0.0,-1.0,-1.0,-1.0,0.0
2025,11,0.0,2025_11_KC_DEN,Kansas City Chiefs,Rashee Rice,WR,00-0039067,1.0,0.0,0.0,0.0,0.0,0.0,0.0,0.0,10.72,7.49,64.7,0.51,0.4018,72.0,44.41,24.0,337.1,118.7,2.1336756582335754,0.530256559659755,1.110233095684803,1.0,1.0,rashee rice,rasheerice,rrice,Kansas City Chiefs,00-0039067,0.0,0.0,0.0,0.0,0.0,0.0,0.0,10.0,6.0,38.0,0.0,R.Rice,KC,team_norm & _alias_init_last,0.0,0.0,0.0,0.0,0.0,0.0,0.0,0.7200000000000006,1.4900000000000002,26.700000000000003,0.51
2025,11,0.0,2025_11_KC_DEN,Kansas City Chiefs,Xavier Worthy,WR,00-0039894,1.0,0.0,0.0,0.0,0.0,0.0,0.0,0.0,8.07,4.78,48.6,0.38,0.3133,72.0,44.41,24.0,337.1,118.7,2.1336756582335754,0.530256559659755,1.110233095684803,1.0,1.0,xavier worthy,xavierworthy,xworthy,Kansas City Chiefs,00-0039894,0.0,0.0,0.0,0.0,0.0,0.0,0.0,6.0,3.0,25.0,0.0,X.Worthy,KC,team_norm & _alias_init_last,0.0,0.0,0.0,0.0,0.0,0.0,0.0,2.0700000000000003,1.7800000000000002,23.6,0.38
2025,11,0.0,2025_11_KC_DEN,Kansas City Chiefs,Marquise Brown,WR,00-0035662,1.0,0.0,0.0,0.0,0.0,0.0,0.0,0.0,5.38,2.78,28.4,0.24,0.2139,72.0,44.41,24.0,337.1,118.7,2.1336756582335754,0.530256559659755,1.110233095684803,1.0,1.0,marquise brown,marquisebrown,mbrown,Kansas City Chiefs,00-0035662,0.0,0.0,0.0,0.0,0.0,0.0,0.0,5.0,4.0,40.0,0.0,M.Brown,KC,team_norm & _alias_init_last,0.0,0.0,0.0,0.0,0.0,0.0,0.0,0.3799999999999999,-1.2200000000000002,-11.600000000000001,0.24
2025,11,0.0,2025_11_KC_DEN,Kansas City Chiefs,Elijhah Badger,WR,00-0040080,1.0,0.0,0.0,0.0,0.0,0.0,0.0,0.0,0.0,0.0,0.0,0.0,0.0,72.0,44.41,24.0,337.1,118.7,2.1336756582335754,0.530256559659755,1.110233095684803,0.0,0.0,elijhah badger,elijhahbadger,ebadger,Kansas City Chiefs,00-0040080,,,,,,,,,,,,,,,,,,,,,,,,,
2025,11,0.0,2025_11_KC_DEN,Kansas City Chiefs,Jalen Royals,WR,00-0040646,1.0,0.0,0.0,0.0,0.0,0.0,0.0,0.0,0.0,0.0,0.0,0.0,0.0,72.0,44.41,24.0,337.1,118.7,2.1336756582335754,0.530256559659755,1.110233095684803,0.0,0.0,jalen royals,jalenroyals,jroyals,Kansas City Chiefs,00-0040646,,,,,,,,,,,,,,,,,,,,,,,,,
2025,11,0.0,2025_11_KC_DEN,Kansas City Chiefs,JuJu Smith-Schuster,WR,00-0033857,1.0,0.0,0.0,0.0,0.0,0.0,0.0,0.0,0.0,0.0,0.0,0.0,0.0,72.0,44.41,24.0,337.1,118.7,2.1336756582335754,0.530256559659755,1.110233095684803,1.0,1.0,juju smith-schuster,jujusmithschuster,jsmithschuster,Kansas City Chiefs,00-0033857,,,,,,,,,,,,,,,,,,,,,,,,,
2025,11,0.0,2025_11_KC_DEN,Kansas City Chiefs,Nikko Remigio,WR,00-0038519,1.0,0.0,0.0,0.0,0.0,0.0,0.0,0.0,0.0,0.0,0.0,0.0,0.0,72.0,44.41,24.0,337.1,118.7,2.1336756582335754,0.530256559659755,1.110233095684803,1.0,1.0,nikko remigio,nikkoremigio,nremigio,Kansas City Chiefs,00-0038519,,,,,,,,,,,,,,,,,,,,,,,,,
2025,11,0.0,2025_11_KC_DEN,Kansas City Chiefs,Tyquan Thornton,WR,00-0038104,1.0,0.0,0.0,0.0,0.0,0.0,0.0,0.0,0.0,0.0,0.0,0.0,0.0,72.0,44.41,24.0,337.1,118.7,2.1336756582335754,0.530256559659755,1.110233095684803,1.0,1.0,tyquan thornton,tyquanthornton,tthornton,Kansas City Chiefs,00-0038104,0.0,0.0,0.0,0.0,0.0,0.0,0.0,2.0,1.0,61.0,0.0,T.Thornton,KC,team_norm & _alias_init_last,0.0,0.0,0.0,0.0,0.0,0.0,0.0,-2.0,-1.0,-61.0,0.0
2025,11,0.0,2025_11_LAC_JAX,Jacksonville Jaguars,Trevor Lawrence,QB,00-0036971,1.0,38.36,252.3,1.68,0.89,4.05,14.6,0.12,0.0,0.0,0.0,0.0,0.1153,72.0,42.06,26.71,319.2,132.1,2.222204501014205,0.7046061680579663,1.0514057067529927,1.0,1.0,trevor lawrence,trevorlawrence,tlawrence,Jacksonville Jaguars,00-0036971,26.0,153.0,1.0,1.0,3.0,4.0,1.0,0.0,0.0,0.0,0.0,T.Lawrence,JAX,team_norm & _alias_init_last,12.36,99.30000000000001,0.6799999999999999,-0.10999999999999999,1.0499999999999998,10.6,-0.88,0.0,0.0,0.0,0.0
2025,11,0.0,2025_11_LAC_JAX,Jacksonville Jaguars,Travis Etienne Jr.,RB,,1.0,0.0,0.0,0.0,0.0,14.57,84.9,0.45,5.08,3.23,36.1,0.27,0.51,72.0,42.06,26.71,319.2,132.1,2.222204501014205,0.7046061680579663,1.0514057067529927,0.0,0.0,travis etienne jr.,travisetiennejr,tetienne,Jacksonville Jaguars,00-0036973,0.0,0.0,0.0,0.0,19.0,73.0,2.0,2.0,0.0,0.0,0.0,T.Etienne,JAX,team_norm & _alias_init_last,0.0,0.0,0.0,0.0,-4.43,11.900000000000006,-1.55,3.08,3.23,36.1,0.27
2025,11,0.0,2025_11_LAC_JAX,Jacksonville Jaguars,Bhayshul Tuten,RB,00-0040719,1.0,0.0,0.0,0.0,0.0,8.09,36.4,0.18,3.16,2.06,19.9,0.17,0.2928,72.0,42.06,26.71,319.2,132.1,2.222204501014205,0.7046061680579663,1.0514057067529927,1.0,1.0,bhayshul tuten,bhayshultuten,btuten,Jacksonville Jaguars,00-0040719,0.0,0.0,0.0,0.0,15.0,74.0,1.0,0.0,0.0,0.0,0.0,B.Tuten,JAX,team_norm & _alias_init_last,0.0,0.0,0.0,0.0,-6.91,-37.6,-0.8200000000000001,3.16,2.06,19.9,0.17
2025,11,0.0,2025_11_LAC_JAX,Jacksonville Jaguars,LeQuint Allen Jr.,RB,00-0040238,1.0,0.0,0.0,0.0,0.0,0.0,0.0,0.0,0.0,0.0,0.0,0.0,0.0,72.0,42.06,26.71,319.2,132.1,2.222204501014205,0.7046061680579663,1.0514057067529927,1.0,1.0,lequint allen jr.,lequintallenjr,lallen,Jacksonville Jaguars,00-0040238,0.0,0.0,0.0,0.0,8.0,36.0,0.0,0.0,0.0,0.0,0.0,L.Allen,JAX,team_norm & _alias_init_last,0.0,0.0,0.0,0.0,-8.0,-36.0,0.0,0.0,0.0,0.0,0.0
2025,11,0.0,2025_11_LAC_JAX,Jacksonville Jaguars,Hunter Long,TE,00-0037004,1.0,0.0,0.0,0.0,0.0,0.0,0.0,0.0,7.39,4.2,50.9,0.37,0.3102,72.0,42.06,26.71,319.2,132.1,2.222204501014205,0.7046061680579663,1.0514057067529927,0.0,0.0,hunter long,hunterlong,hlong,Jacksonville Jaguars,00-0037004,,,,,,,,,,,,,,,,,,,,,,,,,
2025,11,0.0,2025_11_LAC_JAX,Jacksonville Jaguars,Quintin Morris,TE,00-0036590,1.0,0.0,0.0,0.0,0.0,0.0,0.0,0.0,3.82,2.21,24.5,0.2,0.1789,72.0,42.06,26.71,319.2,132.1,2.222204501014205,0.7046061680579663,1.0514057067529927,1.0,1.0,quintin morris,quintinmorris,qmorris,Jacksonville Jaguars,00-0036590,0.0,0.0,0.0,0.0,0.0,0.0,0.0,3.0,1.0,11.0,0.0,Q.Morris,JAX,team_norm & _alias_init_last,0.0,0.0,0.0,0.0,0.0,0.0,0.0,0.8199999999999998,1.21,13.5,0.2
2025,11,0.0,2025_11_LAC_JAX,Jacksonville Jaguars,John Copenhaver,TE,00-0040327,1.0,0.0,0.0,0.0,0.0,0.0,0.0,0.0,0.0,0.0,0.0,0.0,0.0,72.0,42.06,26.71,319.2,132.1,2.222204501014205,0.7046061680579663,1.0514057067529927,0.0,0.0,john copenhaver,johncopenhaver,jcopenhaver,Jacksonville Jaguars,00-0040327,,,,,,,,,,,,,,,,,,,,,,,,,
2025,11,0.0,2025_11_LAC_JAX,Jacksonville Jaguars,Johnny Mundt,TE,00-0033246,1.0,0.0,0.0,0.0,0.0,0.0,0.0,0.0,0.0,0.0,0.0,0.0,0.0,72.0,42.06,26.71,319.2,132.1,2.222204501014205,0.7046061680579663,1.0514057067529927,1.0,1.0,johnny mundt,johnnymundt,jmundt,Jacksonville Jaguars,00-0033246,0.0,0.0,0.0,0.0,0.0,0.0,0.0,3.0,2.0,25.0,0.0,J.Mundt,JAX,team_norm & _alias_init_last,0.0,0.0,0.0,0.0,0.0,0.0,0.0,-3.0,-2.0,-25.0,0.0
2025,11,0.0,2025_11_LAC_JAX,Jacksonville Jaguars,Brian Thomas Jr.,WR,00-0039893,1.0,0.0,0.0,0.0,0.0,0.0,0.0,0.0,10.02,5.43,59.1,0.49,0.3877,72.0,42.06,26.71,319.2,132.1,2.222204501014205,0.7046061680579663,1.0514057067529927,0.0,0.0,brian thomas jr.,brianthomasjr,bthomas,Jacksonville Jaguars,00-0039893,,,,,,,,,,,,,,,,,,,,,,,,,
2025,11,0.0,2025_11_LAC_JAX,Jacksonville Jaguars,Jakobi Meyers,WR,00-0034960,1.0,0.0,0.0,0.0,0.0,0.0,0.0,0.0,7.54,4.71,42.3,0.38,0.3133,72.0,42.06,26.71,319.2,132.1,2.222204501014205,0.7046061680579663,1.0514057067529927,1.0,1.0,jakobi meyers,jakobimeyers,jmeyers,Jacksonville Jaguars,00-0034960,0.0,0.0,0.0,0.0,0.0,0.0,0.0,6.0,5.0,64.0,0.0,J.Meyers,JAX,team_norm & _alias_init_last,0.0,0.0,0.0,0.0,0.0,0.0,0.0,1.54,-0.29000000000000004,-21.700000000000003,0.38
2025,11,0.0,2025_11_LAC_JAX,Jacksonville Jaguars,Parker Washington,WR,00-0038606,1.0,0.0,0.0,0.0,0.0,0.0,0.0,0.0,5.03,2.98,29.7,0.26,0.2283,72.0,42.06,26.71,319.2,132.1,2.222204501014205,0.7046061680579663,1.0514057067529927,1.0,1.0,parker washington,parkerwashington,pwashington,Jacksonville Jaguars,,0.0,0.0,0.0,0.0,0.0,0.0,0.0,3.0,2.0,20.0,0.0,P.Washington,JAX,team_norm & _alias_init_last,0.0,0.0,0.0,0.0,0.0,0.0,0.0,2.0300000000000002,0.98,9.7,0.26
2025,11,0.0,2025_11_LAC_JAX,Jacksonville Jaguars,Austin Trammell,WR,00-0036841,1.0,0.0,0.0,0.0,0.0,0.0,0.0,0.0,0.0,0.0,0.0,0.0,0.0,72.0,42.06,26.71,319.2,132.1,2.222204501014205,0.7046061680579663,1.0514057067529927,1.0,1.0,austin trammell,austintrammell,atrammell,Jacksonville Jaguars,00-0036841,0.0,0.0,0.0,0.0,0.0,0.0,0.0,1.0,1.0,13.0,0.0,A.Trammell,JAX,team_norm & _alias_init_last,0.0,0.0,0.0,0.0,0.0,0.0,0.0,-1.0,-1.0,-13.0,0.0
2025,11,0.0,2025_11_LAC_JAX,Jacksonville Jaguars,Cam Camper,WR,00-0040324,1.0,0.0,0.0,0.0,0.0,0.0,0.0,0.0,0.0,0.0,0.0,0.0,0.0,72.0,42.06,26.71,319.2,132.1,2.222204501014205,0.7046061680579663,1.0514057067529927,0.0,0.0,cam camper,camcamper,ccamper,Jacksonville Jaguars,00-0040324,,,,,,,,,,,,,,,,,,,,,,,,,
2025,11,0.0,2025_11_LAC_JAX,Jacksonville Jaguars,Dyami Brown,WR,00-0036626,1.0,0.0,0.0,0.0,0.0,0.0,0.0,0.0,0.0,0.0,0.0,0.0,0.0,72.0,42.06,26.71,319.2,132.1,2.222204501014205,0.7046061680579663,1.0514057067529927,1.0,1.0,dyami brown,dyamibrown,dbrown,Jacksonville Jaguars,00-0036626,0.0,0.0,0.0,0.0,0.0,0.0,0.0,1.0,0.0,0.0,0.0,D.Brown,JAX,team_norm & _alias_init_last,0.0,0.0,0.0,0.0,0.0,0.0,0.0,-1.0,0.0,0.0,0.0
2025,11,0.0,2025_11_LAC_JAX,Jacksonville Jaguars,Tim Patrick,WR,00-0033375,1.0,0.0,0.0,0.0,0.0,0.0,0.0,0.0,0.0,0.0,0.0,0.0,0.0,72.0,42.06,26.71,319.2,132.1,2.222204501014205,0.7046061680579663,1.0514057067529927,1.0,1.0,tim patrick,timpatrick,tpatrick,Jacksonville Jaguars,00-0033375,0.0,0.0,0.0,0.0,0.0,0.0,0.0,5.0,3.0,20.0,1.0,T.Patrick,JAX,team_norm & _alias_init_last,0.0,0.0,0.0,0.0,0.0,0.0,0.0,-5.0,-3.0,-20.0,-1.0
2025,11,0.0,2025_11_LAC_JAX,Los Angeles Chargers,Justin Herbert,QB,00-0036355,1.0,36.62,211.9,1.72,0.84,6.54,19.9,0.19,0.0,0.0,0.0,0.0,0.1693,72.0,39.51,30.0,247.7,122.5,2.100646759320411,0.8206539748088137,0.9876608530805688,1.0,1.0,justin herbert,justinherbert,jherbert,Los Angeles Chargers,00-0036355,26.0,81.0,0.0,1.0,0.0,0.0,0.0,0.0,0.0,0.0,0.0,J.Herbert,LAC,team_norm & _alias_init_last,10.619999999999997,130.9,1.72,-0.16000000000000003,6.54,19.9,0.19,0.0,0.0,0.0,0.0
2025,11,0.0,2025_11_LAC_JAX,Los Angeles Chargers,Kimani Vidal,RB,00-0039391,1.0,0.0,0.0,0.0,0.0,15.08,57.0,0.49,4.58,2.88,23.8,0.25,0.5239,72.0,39.51,30.0,247.7,122.5,2.100646759320411,0.8206539748088137,0.9876608530805688,1.0,1.0,kimani vidal,kimanividal,kvidal,Los Angeles Chargers,00-0039391,0.0,0.0,0.0,0.0,5.0,13.0,0.0,2.0,2.0,-1.0,0.0,K.Vidal,LAC,team_norm & _alias_init_last,0.0,0.0,0.0,0.0,10.08,44.0,0.49,2.58,0.8799999999999999,24.8,0.25
2025,11,0.0,2025_11_LAC_JAX,Los Angeles Chargers,Amar Johnson,RB,00-0040039,1.0,0.0,0.0,0.0,0.0,0.0,0.0,0.0,0.0,0.0,0.0,0.0,0.0,72.0,39.51,30.0,247.7,122.5,2.100646759320411,0.8206539748088137,0.9876608530805688,1.0,1.0,amar johnson,amarjohnson,ajohnson,Los Angeles Chargers,00-0040039,0.0,0.0,0.0,0.0,2.0,8.0,0.0,1.0,0.0,0.0,0.0,A.Johnson,LAC,team_norm & _alias_init_last,0.0,0.0,0.0,0.0,-2.0,-8.0,0.0,-1.0,0.0,0.0,0.0
2025,11,0.0,2025_11_LAC_JAX,Los Angeles Chargers,Oronde Gadsden II,TE,00-0040189,1.0,0.0,0.0,0.0,0.0,0.0,0.0,0.0,7.28,4.47,38.3,0.37,0.3122,72.0,39.51,30.0,247.7,122.5,2.100646759320411,0.8206539748088137,0.9876608530805688,1.0,1.0,oronde gadsden ii,orondegadsdenii,ogadsden,Los Angeles Chargers,00-0040189,0.0,0.0,0.0,0.0,0.0,0.0,0.0,6.0,2.0,41.0,0.0,O.Gadsden,LAC,team_norm & _alias_init_last,0.0,0.0,0.0,0.0,0.0,0.0,0.0,1.2800000000000002,2.4699999999999998,-2.700000000000003,0.37
2025,11,0.0,2025_11_LAC_JAX,Los Angeles Chargers,Tucker Fisk,TE,00-0037654,1.0,0.0,0.0,0.0,0.0,0.0,0.0,0.0,3.76,2.5,23.7,0.19,0.1759,72.0,39.51,30.0,247.7,122.5,2.100646759320411,0.8206539748088137,0.9876608530805688,1.0,1.0,tucker fisk,tuckerfisk,tfisk,Los Angeles Chargers,00-0037654,,,,,,,,,,,,,,,,,,,,,,,,,
2025,11,0.0,2025_11_LAC_JAX,Los Angeles Chargers,Stevo Klotz,TE,00-0040469,1.0,0.0,0.0,0.0,0.0,0.0,0.0,0.0,0.0,0.0,0.0,0.0,0.0,72.0,39.51,30.0,247.7,122.5,2.100646759320411,0.8206539748088137,0.9876608530805688,0.0,0.0,stevo klotz,stevoklotz,sklotz,Los Angeles Chargers,00-0040469,,,,,,,,,,,,,,,,,,,,,,,,,
2025,11,0.0,2025_11_LAC_JAX,Los Angeles Chargers,Tanner McLachlan,TE,00-0039399,1.0,0.0,0.0,0.0,0.0,0.0,0.0,0.0,0.0,0.0,0.0,0.0,0.0,72.0,39.51,30.0,247.7,122.5,2.100646759320411,0.8206539748088137,0.9876608530805688,0.0,0.0,tanner mclachlan,tannermclachlan,tmclachlan,Los Angeles Chargers,00-0039399,,,,,,,,,,,,,,,,,,,,,,,,,
2025,11,0.0,2025_11_LAC_JAX,Los Angeles Chargers,Tyler Conklin,TE,00-0034270,1.0,0.0,0.0,0.0,0.0,0.0,0.0,0.0,0.0,0.0,0.0,0.0,0.0,72.0,39.51,30.0,247.7,122.5,2.100646759320411,0.8206539748088137,0.9876608530805688,1.0,1.0,tyler conklin,tylerconklin,tconklin,Los Angeles Chargers,00-0034270,,,,,,,,,,,,,,,,,,,,,,,,,
2025,11,0.0,2025_11_LAC_JAX,Los Angeles Chargers,Ladd McConkey,WR,00-0039915,1.0,0.0,0.0,0.0,0.0,0.0,0.0,0.0,9.32,5.88,48.0,0.46,0.3664,72.0,39.51,30.0,247.7,122.5,2.100646759320411,0.8206539748088137,0.9876608530805688,1.0,1.0,ladd mcconkey,laddmcconkey,lmcconkey,Los Angeles Chargers,,0.0,0.0,0.0,0.0,0.0,0.0,0.0,5.0,3.0,13.0,0.0,L.McConkey,LAC,team_norm & _alias_init_last,0.0,0.0,0.0,0.0,0.0,0.0,0.0,4.32,2.88,35.0,0.46
2025,11,0.0,2025_11_LAC_JAX,Los Angeles Chargers,Quentin Johnston,WR,00-0038544,1.0,0.0,0.0,0.0,0.0,0.0,0.0,0.0,7.02,3.69,33.2,0.35,0.2979,72.0,39.51,30.0,247.7,122.5,2.100646759320411,0.8206539748088137,0.9876608530805688,1.0,1.0,quentin johnston,quentinjohnston,qjohnston,Los Angeles Chargers,00-0038544,0.0,0.0,0.0,0.0,0.0,0.0,0.0,3.0,0.0,0.0,0.0,Q.Johnston,LAC,team_norm & _alias_init_last,0.0,0.0,0.0,0.0,0.0,0.0,0.0,4.02,3.69,33.2,0.35
2025,11,0.0,2025_11_LAC_JAX,Los Angeles Chargers,Keenan Allen,WR,00-0030279,1.0,0.0,0.0,0.0,0.0,0.0,0.0,0.0,4.68,2.9,21.1,0.24,0.2101,72.0,39.51,30.0,247.7,122.5,2.100646759320411,0.8206539748088137,0.9876608530805688,1.0,1.0,keenan allen,keenanallen,kallen,Los Angeles Chargers,00-0030279,0.0,0.0,0.0,0.0,0.0,0.0,0.0,6.0,4.0,53.0,0.0,K.Allen,LAC,team_norm & _alias_init_last,0.0,0.0,0.0,0.0,0.0,0.0,0.0,-1.3200000000000003,-1.1,-31.9,0.24
2025,11,0.0,2025_11_LAC_JAX,Los Angeles Chargers,Derius Davis,WR,00-0038573,1.0,0.0,0.0,0.0,0.0,0.0,0.0,0.0,0.0,0.0,0.0,0.0,0.0,72.0,39.51,30.0,247.7,122.5,2.100646759320411,0.8206539748088137,0.9876608530805688,1.0,1.0,derius davis,deriusdavis,ddavis,Los Angeles Chargers,00-0038573,0.0,0.0,0.0,0.0,0.0,0.0,0.0,1.0,0.0,0.0,0.0,D.Davis,LAC,team_norm & _alias_init_last,0.0,0.0,0.0,0.0,0.0,0.0,0.0,-1.0,0.0,0.0,0.0
2025,11,0.0,2025_11_LAC_JAX,Los Angeles Chargers,Tre Harris,WR,00-0040727,1.0,0.0,0.0,0.0,0.0,0.0,0.0,0.0,0.0,0.0,0.0,0.0,0.0,72.0,39.51,30.0,247.7,122.5,2.100646759320411,0.8206539748088137,0.9876608530805688,1.0,1.0,tre harris,treharris,tharris,Los Angeles Chargers,,0.0,0.0,0.0,0.0,0.0,0.0,0.0,1.0,1.0,12.0,0.0,T.Harris,LAC,team_norm & _alias_init_last,0.0,0.0,0.0,0.0,0.0,0.0,0.0,-1.0,-1.0,-12.0,0.0
2025,11,0.0,2025_11_NYJ_NE,New England Patriots,Drake Maye,QB,00-0039851,1.0,36.49,237.0,2.04,0.9,5.86,22.0,0.2,0.0,0.0,0.0,0.0,0.1846,72.0,42.36,26.4,321.5,130.5,2.82449707684725,0.9095895797457704,1.0590214794520547,1.0,1.0,drake maye,drakemaye,dmaye,New England Patriots,00-0039851,40.0,281.0,1.0,0.0,0.0,0.0,0.0,0.0,0.0,0.0,0.0,D.Maye,NE,team_norm & _alias_init_last,-3.509999999999998,-44.0,1.04,0.9,5.86,22.0,0.2,0.0,0.0,0.0,0.0
2025,11,0.0,2025_11_NYJ_NE,New England Patriots,Rhamondre Stevenson,RB,00-0036875,1.0,0.0,0.0,0.0,0.0,13.2,58.4,0.56,4.97,3.32,23.2,0.34,0.5904,72.0,42.36,26.4,321.5,130.5,2.82449707684725,0.9095895797457704,1.0590214794520547,0.0,0.0,rhamondre stevenson,rhamondrestevenson,rstevenson,New England Patriots,00-0036875,,,,,,,,,,,,,,,,,,,,,,,,,
2025,11,0.0,2025_11_NYJ_NE,New England Patriots,TreVeyon Henderson,RB,00-0040734,1.0,0.0,0.0,0.0,0.0,7.34,33.6,0.2,3.1,2.22,16.4,0.2,0.3322,72.0,42.36,26.4,321.5,130.5,2.82449707684725,0.9095895797457704,1.0590214794520547,1.0,1.0,treveyon henderson,treveyonhenderson,thenderson,New England Patriots,00-0040734,0.0,0.0,0.0,0.0,19.0,62.0,2.0,5.0,5.0,31.0,1.0,T.Henderson,NE,team_norm & _alias_init_last,0.0,0.0,0.0,0.0,-11.66,-28.4,-1.8,-1.9,-2.78,-14.600000000000001,-0.8
2025,11,0.0,2025_11_NYJ_NE,New England Patriots,D'Ernest Johnson,RB,00-0035628,1.0,0.0,0.0,0.0,0.0,0.0,0.0,0.0,0.0,0.0,0.0,0.0,0.0,72.0,42.36,26.4,321.5,130.5,2.82449707684725,0.9095895797457704,1.0590214794520547,1.0,1.0,d'ernest johnson,dernestjohnson,djohnson,New England Patriots,00-0035628,0.0,0.0,0.0,0.0,4.0,6.0,0.0,0.0,0.0,0.0,0.0,D.Johnson,NE,team_norm & _alias_init_last,0.0,0.0,0.0,0.0,-4.0,-6.0,0.0,0.0,0.0,0.0,0.0
2025,11,0.0,2025_11_NYJ_NE,New England Patriots,Terrell Jennings,RB,00-0039757,1.0,0.0,0.0,0.0,0.0,0.0,0.0,0.0,0.0,0.0,0.0,0.0,0.0,72.0,42.36,26.4,321.5,130.5,2.82449707684725,0.9095895797457704,1.0590214794520547,1.0,1.0,terrell jennings,terrelljennings,tjennings,New England Patriots,00-0039757,,,,,,,,,,,,,,,,,,,,,,,,,
2025,11,0.0,2025_11_NYJ_NE,New England Patriots,Hunter Henry,TE,00-0033090,1.0,0.0,0.0,0.0,0.0,0.0,0.0,0.0,7.73,4.7,40.4,0.48,0.3827,72.0,42.36,26.4,321.5,130.5,2.82449707684725,0.9095895797457704,1.0590214794520547,1.0,1.0,hunter henry,hunterhenry,hhenry,New England Patriots,00-0033090,0.0,0.0,0.0,0.0,0.0,0.0,0.0,6.0,4.0,45.0,0.0,H.Henry,NE,team_norm & _alias_init_last,0.0,0.0,0.0,0.0,0.0,0.0,0.0,1.7300000000000004,0.7000000000000002,-4.600000000000001,0.48
2025,11,0.0,2025_11_NYJ_NE,New England Patriots,Austin Hooper,TE,00-0032392,1.0,0.0,0.0,0.0,0.0,0.0,0.0,0.0,4.0,2.47,19.6,0.25,0.2174,72.0,42.36,26.4,321.5,130.5,2.82449707684725,0.9095895797457704,1.0590214794520547,0.0,0.0,austin hooper,austinhooper,ahooper,New England Patriots,00-0032392,,,,,,,,,,,,,,,,,,,,,,,,,
2025,11,0.0,2025_11_NYJ_NE,New England Patriots,CJ Dippre,TE,00-0040566,1.0,0.0,0.0,0.0,0.0,0.0,0.0,0.0,0.0,0.0,0.0,0.0,0.0,72.0,42.36,26.4,321.5,130.5,2.82449707684725,0.9095895797457704,1.0590214794520547,0.0,0.0,cj dippre,cjdippre,cdippre,New England Patriots,00-0040566,,,,,,,,,,,,,,,,,,,,,,,,,
2025,11,0.0,2025_11_NYJ_NE,New England Patriots,Cole Fotheringham,TE,00-0037506,1.0,0.0,0.0,0.0,0.0,0.0,0.0,0.0,0.0,0.0,0.0,0.0,0.0,72.0,42.36,26.4,321.5,130.5,2.82449707684725,0.9095895797457704,1.0590214794520547,0.0,0.0,cole fotheringham,colefotheringham,cfotheringham,New England Patriots,00-0037506,,,,,,,,,,,,,,,,,,,,,,,,,
2025,11,0.0,2025_11_NYJ_NE,New England Patriots,Stefon Diggs,WR,00-0031588,1.0,0.0,0.0,0.0,0.0,0.0,0.0,0.0,10.01,6.67,61.6,0.62,0.4604,72.0,42.36,26.4,321.5,130.5,2.82449707684725,0.9095895797457704,1.0590214794520547,1.0,1.0,stefon diggs,stefondiggs,sdiggs,New England Patriots,00-0031588,0.0,0.0,0.0,0.0,0.0,0.0,0.0,11.0,9.0,105.0,0.0,S.Diggs,NE,team_norm & _alias_init_last,0.0,0.0,0.0,0.0,0.0,0.0,0.0,-0.9900000000000002,-2.33,-43.4,0.62
2025,11,0.0,2025_11_NYJ_NE,New England Patriots,Kayshon Boutte,WR,00-0038608,1.0,0.0,0.0,0.0,0.0,0.0,0.0,0.0,7.54,4.31,48.0,0.46,0.3711,72.0,42.36,26.4,321.5,130.5,2.82449707684725,0.9095895797457704,1.0590214794520547,0.0,0.0,kayshon boutte,kayshonboutte,kboutte,New England Patriots,00-0038608,,,,,,,,,,,,,,,,,,,,,,,,,
2025,11,0.0,2025_11_NYJ_NE,New England Patriots,Mack Hollins,WR,00-0033555,1.0,0.0,0.0,0.0,0.0,0.0,0.0,0.0,5.02,2.94,29.1,0.31,0.2667,72.0,42.36,26.4,321.5,130.5,2.82449707684725,0.9095895797457704,1.0590214794520547,1.0,1.0,mack hollins,mackhollins,mhollins,New England Patriots,00-0033555,0.0,0.0,0.0,0.0,0.0,0.0,0.0,5.0,4.0,64.0,0.0,M.Hollins,NE,team_norm & _alias_init_last,0.0,0.0,0.0,0.0,0.0,0.0,0.0,0.019999999999999574,-1.06,-34.9,0.31
2025,11,0.0,2025_11_NYJ_NE,New England Patriots,Brandon Smith,WR,00-0036775,1.0,0.0,0.0,0.0,0.0,0.0,0.0,0.0,0.0,0.0,0.0,0.0,0.0,72.0,42.36,26.4,321.5,130.5,2.82449707684725,0.9095895797457704,1.0590214794520547,0.0,0.0,brandon smith,brandonsmith,bsmith,New England Patriots,00-0036775,0.0,0.0,0.0,0.0,1.0,0.0,0.0,3.0,2.0,8.0,0.0,B.Smith,KC,_alias_init_last,0.0,0.0,0.0,0.0,-1.0,0.0,0.0,-3.0,-2.0,-8.0,0.0
2025,11,0.0,2025_11_NYJ_NE,New England Patriots,DeMario Douglas,WR,00-0038621,1.0,0.0,0.0,0.0,0.0,0.0,0.0,0.0,0.0,0.0,0.0,0.0,0.0,72.0,42.36,26.4,321.5,130.5,2.82449707684725,0.9095895797457704,1.0590214794520547,1.0,1.0,demario douglas,demariodouglas,ddouglas,New England Patriots,00-0038621,0.0,0.0,0.0,0.0,1.0,-5.0,0.0,3.0,3.0,36.0,0.0,D.Douglas,NE,team_norm & _alias_init_last,0.0,0.0,0.0,0.0,-1.0,5.0,0.0,-3.0,-3.0,-36.0,0.0
2025,11,0.0,2025_11_NYJ_NE,New England Patriots,Efton Chism III,WR,00-0040563,1.0,0.0,0.0,0.0,0.0,0.0,0.0,0.0,0.0,0.0,0.0,0.0,0.0,72.0,42.36,26.4,321.5,130.5,2.82449707684725,0.9095895797457704,1.0590214794520547,1.0,1.0,efton chism iii,eftonchismiii,echism,New England Patriots,00-0040563,,,,,,,,,,,,,,,,,,,,,,,,,
2025,11,0.0,2025_11_NYJ_NE,New England Patriots,Kyle Williams,WR,00-0040131,1.0,0.0,0.0,0.0,0.0,0.0,0.0,0.0,0.0,0.0,0.0,0.0,0.0,72.0,42.36,26.4,321.5,130.5,2.82449707684725,0.9095895797457704,1.0590214794520547,1.0,1.0,kyle williams,kylewilliams,kwilliams,New England Patriots,00-0040131,0.0,0.0,0.0,0.0,0.0,0.0,0.0,4.0,0.0,0.0,0.0,K.Williams,NE,team_norm & _alias_init_last,0.0,0.0,0.0,0.0,0.0,0.0,0.0,-4.0,0.0,0.0,0.0
2025,11,0.0,2025_11_NYJ_NE,New York Jets,Tyrod Taylor,QB,00-0028118,1.0,23.44,150.0,1.24,0.54,3.13,9.5,0.14,0.0,0.0,0.0,0.0,0.1265,60.89,25.34,33.49,142.1,122.4,1.6551011541793106,1.5273631383465245,0.6333951573875555,1.0,1.0,tyrod taylor,tyrodtaylor,ttaylor,New York Jets,00-0028118,,,,,,,,,,,,,,,,,,,,,,,,,
2025,11,0.0,2025_11_NYJ_NE,New York Jets,Breece Hall,RB,00-0038120,1.0,0.0,0.0,0.0,0.0,19.52,62.2,1.01,3.07,1.94,11.1,0.2,0.7045,60.89,25.34,33.49,142.1,122.4,1.6551011541793106,1.5273631383465245,0.6333951573875555,1.0,1.0,breece hall,breecehall,bhall,New York Jets,00-0038120,0.0,0.0,0.0,0.0,14.0,58.0,0.0,2.0,2.0,6.0,0.0,B.Hall,NYJ,team_norm & _alias_init_last,0.0,0.0,0.0,0.0,5.52,4.200000000000003,1.01,1.0699999999999998,-0.06000000000000005,5.1,0.2
2025,11,0.0,2025_11_NYJ_NE,New York Jets,Isaiah Davis,RB,00-0039798,1.0,0.0,0.0,0.0,0.0,10.84,37.7,0.38,1.91,1.21,7.6,0.12,0.3946,60.89,25.34,33.49,142.1,122.4,1.6551011541793106,1.5273631383465245,0.6333951573875555,1.0,1.0,isaiah davis,isaiahdavis,idavis,New York Jets,00-0039798,0.0,0.0,0.0,0.0,2.0,11.0,0.0,1.0,0.0,0.0,0.0,I.Davis,NYJ,team_norm & _alias_init_last,0.0,0.0,0.0,0.0,8.84,26.700000000000003,0.38,0.9099999999999999,1.21,7.6,0.12
2025,11,0.0,2025_11_NYJ_NE,New York Jets,Kene Nwangwu,RB,00-0036842,1.0,0.0,0.0,0.0,0.0,0.0,0.0,0.0,0.0,0.0,0.0,0.0,0.0,60.89,25.34,33.49,142.1,122.4,1.6551011541793106,1.5273631383465245,0.6333951573875555,1.0,1.0,kene nwangwu,kenenwangwu,knwangwu,New York Jets,00-0036842,,,,,,,,,,,,,,,,,,,,,,,,,
2025,11,0.0,2025_11_NYJ_NE,New York Jets,Mason Taylor,TE,00-0040736,1.0,0.0,0.0,0.0,0.0,0.0,0.0,0.0,4.71,2.71,21.8,0.29,0.2491,60.89,25.34,33.49,142.1,122.4,1.6551011541793106,1.5273631383465245,0.6333951573875555,1.0,1.0,mason taylor,masontaylor,mtaylor,New York Jets,00-0040736,0.0,0.0,0.0,0.0,0.0,0.0,0.0,4.0,4.0,30.0,0.0,M.Taylor,NYJ,team_norm & _alias_init_last,0.0,0.0,0.0,0.0,0.0,0.0,0.0,0.71,-1.29,-8.2,0.29
2025,11,0.0,2025_11_NYJ_NE,New York Jets,Jeremy Ruckert,TE,00-0037805,1.0,0.0,0.0,0.0,0.0,0.0,0.0,0.0,2.43,1.52,10.4,0.14,0.1331,60.89,25.34,33.49,142.1,122.4,1.6551011541793106,1.5273631383465245,0.6333951573875555,1.0,1.0,jeremy ruckert,jeremyruckert,jruckert,New York Jets,00-0037805,0.0,0.0,0.0,0.0,0.0,0.0,0.0,5.0,4.0,23.0,0.0,J.Ruckert,NYJ,team_norm & _alias_init_last,0.0,0.0,0.0,0.0,0.0,0.0,0.0,-2.57,-2.48,-12.6,0.14
2025,11,0.0,2025_11_NYJ_NE,New York Jets,Jelani Woods,TE,00-0037755,1.0,0.0,0.0,0.0,0.0,0.0,0.0,0.0,0.0,0.0,0.0,0.0,0.0,60.89,25.34,33.49,142.1,122.4,1.6551011541793106,1.5273631383465245,0.6333951573875555,0.0,0.0,jelani woods,jelaniwoods,jwoods,New York Jets,00-0037755,,,,,,,,,,,,,,,,,,,,,,,,,
2025,11,0.0,2025_11_NYJ_NE,New York Jets,Stone Smartt,TE,00-0037475,1.0,0.0,0.0,0.0,0.0,0.0,0.0,0.0,0.0,0.0,0.0,0.0,0.0,60.89,25.34,33.49,142.1,122.4,1.6551011541793106,1.5273631383465245,0.6333951573875555,1.0,1.0,stone smartt,stonesmartt,ssmartt,New York Jets,00-0037475,,,,,,,,,,,,,,,,,,,,,,,,,
2025,11,0.0,2025_11_NYJ_NE,New York Jets,Adonai Mitchell,WR,00-0039890,1.0,0.0,0.0,0.0,0.0,0.0,0.0,0.0,5.81,2.48,29.1,0.36,0.301,60.89,25.34,33.49,142.1,122.4,1.6551011541793106,1.5273631383465245,0.6333951573875555,1.0,1.0,adonai mitchell,adonaimitchell,amitchell,New York Jets,00-0039890,0.0,0.0,0.0,0.0,0.0,0.0,0.0,6.0,1.0,10.0,0.0,A.Mitchell,NYJ,team_norm & _alias_init_last,0.0,0.0,0.0,0.0,0.0,0.0,0.0,-0.1900000000000004,1.48,19.1,0.36
2025,11,0.0,2025_11_NYJ_NE,New York Jets,John Metchie III,WR,00-0037614,1.0,0.0,0.0,0.0,0.0,0.0,0.0,0.0,4.37,2.68,21.5,0.27,0.2402,60.89,25.34,33.49,142.1,122.4,1.6551011541793106,1.5273631383465245,0.6333951573875555,1.0,1.0,john metchie iii,johnmetchieiii,jmetchie,New York Jets,00-0037614,0.0,0.0,0.0,0.0,0.0,0.0,0.0,3.0,3.0,45.0,1.0,J.Metchie,NYJ,team_norm & _alias_init_last,0.0,0.0,0.0,0.0,0.0,0.0,0.0,1.37,-0.31999999999999984,-23.5,-0.73
2025,11,0.0,2025_11_NYJ_NE,New York Jets,Isaiah Williams,WR,00-0039451,1.0,0.0,0.0,0.0,0.0,0.0,0.0,0.0,2.92,1.83,16.4,0.18,0.1609,60.89,25.34,33.49,142.1,122.4,1.6551011541793106,1.5273631383465245,0.6333951573875555,1.0,1.0,isaiah williams,isaiahwilliams,iwilliams,New York Jets,00-0039451,1.0,0.0,0.0,0.0,1.0,4.0,0.0,4.0,1.0,2.0,0.0,I.Williams,NYJ,team_norm & _alias_init_last,-1.0,0.0,0.0,0.0,-1.0,-4.0,0.0,-1.08,0.8300000000000001,14.399999999999999,0.18
2025,11,0.0,2025_11_NYJ_NE,New York Jets,Allen Lazard,WR,00-0034521,1.0,0.0,0.0,0.0,0.0,0.0,0.0,0.0,0.0,0.0,0.0,0.0,0.0,60.89,25.34,33.49,142.1,122.4,1.6551011541793106,1.5273631383465245,0.6333951573875555,1.0,1.0,allen lazard,allenlazard,alazard,New York Jets,00-0034521,,,,,,,,,,,,,,,,,,,,,,,,,
2025,11,0.0,2025_11_NYJ_NE,New York Jets,Arian Smith,WR,00-0040582,1.0,0.0,0.0,0.0,0.0,0.0,0.0,0.0,0.0,0.0,0.0,0.0,0.0,60.89,25.34,33.49,142.1,122.4,1.6551011541793106,1.5273631383465245,0.6333951573875555,1.0,1.0,arian smith,ariansmith,asmith,New York Jets,00-0040407,,,,,,,,,,,,,,,,,,,,,,,,,
2025,11,0.0,2025_11_NYJ_NE,New York Jets,Tyler Johnson,WR,00-0036427,1.0,0.0,0.0,0.0,0.0,0.0,0.0,0.0,0.0,0.0,0.0,0.0,0.0,60.89,25.34,33.49,142.1,122.4,1.6551011541793106,1.5273631383465245,0.6333951573875555,1.0,1.0,tyler johnson,tylerjohnson,tjohnson,New York Jets,00-0036427,0.0,0.0,0.0,0.0,0.0,0.0,0.0,5.0,3.0,36.0,0.0,T.Johnson,NYG,_alias_init_last,0.0,0.0,0.0,0.0,0.0,0.0,0.0,-5.0,-3.0,-36.0,0.0
2025,11,0.0,2025_11_SEA_LA,Los Angeles Rams,Matthew Stafford,QB,00-0026498,1.0,36.38,243.0,1.84,0.82,3.54,14.3,0.1,0.0,0.0,0.0,0.0,0.0942,72.0,38.44,31.02,291.8,153.4,2.259666976387352,0.873384534314305,0.961094395277846,1.0,1.0,matthew stafford,matthewstafford,mstafford,Los Angeles Rams,,28.0,130.0,2.0,0.0,0.0,0.0,0.0,0.0,0.0,0.0,0.0,M.Stafford,LA,team_norm & _alias_init_last,8.380000000000003,113.0,-0.15999999999999992,0.82,3.54,14.3,0.1,0.0,0.0,0.0,0.0
2025,11,0.0,2025_11_SEA_LA,Los Angeles Rams,Kyren Williams,RB,00-0037840,1.0,0.0,0.0,0.0,0.0,17.66,76.6,0.62,4.54,3.0,23.8,0.29,0.599,72.0,38.44,31.02,291.8,153.4,2.259666976387352,0.873384534314305,0.961094395277846,1.0,1.0,kyren williams,kyrenwilliams,kwilliams,Los Angeles Rams,00-0037840,0.0,0.0,0.0,0.0,13.0,91.0,1.0,2.0,1.0,5.0,0.0,K.Williams,LA,team_norm & _alias_init_last,0.0,0.0,0.0,0.0,4.66,-14.400000000000006,-0.38,2.54,2.0,18.8,0.29
2025,11,0.0,2025_11_SEA_LA,Los Angeles Rams,Blake Corum,RB,00-0039738,1.0,0.0,0.0,0.0,0.0,9.81,42.6,0.21,2.82,1.8,16.7,0.16,0.3119,72.0,38.44,31.02,291.8,153.4,2.259666976387352,0.873384534314305,0.961094395277846,1.0,1.0,blake corum,blakecorum,bcorum,Los Angeles Rams,00-0039738,0.0,0.0,0.0,0.0,8.0,10.0,0.0,2.0,1.0,-5.0,0.0,B.Corum,LA,team_norm & _alias_init_last,0.0,0.0,0.0,0.0,1.8100000000000005,32.6,0.21,0.8199999999999998,0.8,21.7,0.16
2025,11,0.0,2025_11_SEA_LA,Los Angeles Rams,Ronnie Rivers,RB,00-0037557,1.0,0.0,0.0,0.0,0.0,0.0,0.0,0.0,0.0,0.0,0.0,0.0,0.0,72.0,38.44,31.02,291.8,153.4,2.259666976387352,0.873384534314305,0.961094395277846,1.0,1.0,ronnie rivers,ronnierivers,rrivers,Los Angeles Rams,00-0037557,,,,,,,,,,,,,,,,,,,,,,,,,
2025,11,0.0,2025_11_SEA_LA,Los Angeles Rams,Tyler Higbee,TE,00-0033110,1.0,0.0,0.0,0.0,0.0,0.0,0.0,0.0,7.17,4.29,39.0,0.39,0.3248,72.0,38.44,31.02,291.8,153.4,2.259666976387352,0.873384534314305,0.961094395277846,1.0,1.0,tyler higbee,tylerhigbee,thigbee,Los Angeles Rams,00-0033110,0.0,0.0,0.0,0.0,0.0,0.0,0.0,2.0,1.0,23.0,0.0,T.Higbee,LA,team_norm & _alias_init_last,0.0,0.0,0.0,0.0,0.0,0.0,0.0,5.17,3.29,16.0,0.39
2025,11,0.0,2025_11_SEA_LA,Los Angeles Rams,Colby Parkinson,TE,00-0036244,1.0,0.0,0.0,0.0,0.0,0.0,0.0,0.0,3.7,2.2,18.9,0.22,0.1975,72.0,38.44,31.02,291.8,153.4,2.259666976387352,0.873384534314305,0.961094395277846,1.0,1.0,colby parkinson,colbyparkinson,cparkinson,Los Angeles Rams,00-0036244,0.0,0.0,0.0,0.0,0.0,0.0,0.0,2.0,2.0,14.0,1.0,C.Parkinson,LA,team_norm & _alias_init_last,0.0,0.0,0.0,0.0,0.0,0.0,0.0,1.7000000000000002,0.20000000000000018,4.899999999999999,-0.78
2025,11,0.0,2025_11_SEA_LA,Los Angeles Rams,Davis Allen,TE,00-0039074,1.0,0.0,0.0,0.0,0.0,0.0,0.0,0.0,0.0,0.0,0.0,0.0,0.0,72.0,38.44,31.02,291.8,153.4,2.259666976387352,0.873384534314305,0.961094395277846,1.0,1.0,davis allen,davisallen,dallen,Los Angeles Rams,00-0039074,,,,,,,,,,,,,,,,,,,,,,,,,
2025,11,0.0,2025_11_SEA_LA,Los Angeles Rams,Terrance Ferguson,TE,00-0040737,1.0,0.0,0.0,0.0,0.0,0.0,0.0,0.0,0.0,0.0,0.0,0.0,0.0,72.0,38.44,31.02,291.8,153.4,2.259666976387352,0.873384534314305,0.961094395277846,1.0,1.0,terrance ferguson,terranceferguson,tferguson,Los Angeles Rams,00-0040737,,,,,,,,,,,,,,,,,,,,,,,,,
2025,11,0.0,2025_11_SEA_LA,Los Angeles Rams,Puka Nacua,WR,00-0039075,1.0,0.0,0.0,0.0,0.0,0.0,0.0,0.0,8.96,5.94,51.9,0.49,0.3846,72.0,38.44,31.02,291.8,153.4,2.259666976387352,0.873384534314305,0.961094395277846,1.0,1.0,puka nacua,pukanacua,pnacua,Los Angeles Rams,00-0039075,0.0,0.0,0.0,0.0,2.0,18.0,0.0,8.0,7.0,75.0,0.0,P.Nacua,LA,team_norm & _alias_init_last,0.0,0.0,0.0,0.0,-2.0,-18.0,0.0,0.9600000000000009,-1.0599999999999996,-23.1,0.49
2025,11,0.0,2025_11_SEA_LA,Los Angeles Rams,Davante Adams,WR,00-0031381,1.0,0.0,0.0,0.0,0.0,0.0,0.0,0.0,6.75,3.5,36.0,0.39,0.3224,72.0,38.44,31.02,291.8,153.4,2.259666976387352,0.873384534314305,0.961094395277846,1.0,1.0,davante adams,davanteadams,dadams,Los Angeles Rams,00-0031381,0.0,0.0,0.0,0.0,0.0,0.0,0.0,8.0,1.0,1.0,1.0,D.Adams,LA,team_norm & _alias_init_last,0.0,0.0,0.0,0.0,0.0,0.0,0.0,-1.25,2.5,35.0,-0.61
2025,11,0.0,2025_11_SEA_LA,Los Angeles Rams,Jordan Whittington,WR,00-0039751,1.0,0.0,0.0,0.0,0.0,0.0,0.0,0.0,4.5,2.99,30.0,0.25,0.2188,72.0,38.44,31.02,291.8,153.4,2.259666976387352,0.873384534314305,0.961094395277846,1.0,1.0,jordan whittington,jordanwhittington,jwhittington,Los Angeles Rams,00-0039751,0.0,0.0,0.0,0.0,0.0,0.0,0.0,1.0,1.0,9.0,0.0,J.Whittington,LA,team_norm & _alias_init_last,0.0,0.0,0.0,0.0,0.0,0.0,0.0,3.5,1.9900000000000002,21.0,0.25
2025,11,0.0,2025_11_SEA_LA,Los Angeles Rams,Drake Stoops,WR,00-0039773,1.0,0.0,0.0,0.0,0.0,0.0,0.0,0.0,0.0,0.0,0.0,0.0,0.0,72.0,38.44,31.02,291.8,153.4,2.259666976387352,0.873384534314305,0.961094395277846,0.0,0.0,drake stoops,drakestoops,dstoops,Los Angeles Rams,00-0039773,,,,,,,,,,,,,,,,,,,,,,,,,
2025,11,0.0,2025_11_SEA_LA,Los Angeles Rams,Konata Mumpfield,WR,00-0040590,1.0,0.0,0.0,0.0,0.0,0.0,0.0,0.0,0.0,0.0,0.0,0.0,0.0,72.0,38.44,31.02,291.8,153.4,2.259666976387352,0.873384534314305,0.961094395277846,1.0,1.0,konata mumpfield,konatamumpfield,kmumpfield,Los Angeles Rams,00-0040590,,,,,,,,,,,,,,,,,,,,,,,,,
2025,11,0.0,2025_11_SEA_LA,Los Angeles Rams,Xavier Smith,WR,00-0038359,1.0,0.0,0.0,0.0,0.0,0.0,0.0,0.0,0.0,0.0,0.0,0.0,0.0,72.0,38.44,31.02,291.8,153.4,2.259666976387352,0.873384534314305,0.961094395277846,1.0,1.0,xavier smith,xaviersmith,xsmith,Los Angeles Rams,00-0038359,0.0,0.0,0.0,0.0,0.0,0.0,0.0,2.0,1.0,8.0,0.0,X.Smith,LA,team_norm & _alias_init_last,0.0,0.0,0.0,0.0,0.0,0.0,0.0,-2.0,-1.0,-8.0,0.0
2025,11,0.0,2025_11_SEA_LA,Seattle Seahawks,Sam Darnold,QB,00-0034869,1.0,29.03,177.2,1.23,0.65,8.44,27.4,0.44,0.0,0.0,0.0,0.0,0.3548,72.0,30.44,39.6,203.3,172.3,1.2999377390514382,1.9875534942501865,0.7610188170106031,1.0,1.0,sam darnold,samdarnold,sdarnold,Seattle Seahawks,00-0034869,48.0,279.0,0.0,4.0,1.0,3.0,0.0,0.0,0.0,0.0,0.0,S.Darnold,SEA,team_norm & _alias_init_last,-18.97,-101.80000000000001,1.23,-3.35,7.4399999999999995,24.4,0.44,0.0,0.0,0.0,0.0
2025,11,0.0,2025_11_SEA_LA,Seattle Seahawks,Kenneth Walker III,RB,00-0038134,1.0,0.0,0.0,0.0,0.0,20.03,79.2,1.24,3.71,2.6,15.5,0.16,0.7529,72.0,30.44,39.6,203.3,172.3,1.2999377390514382,1.9875534942501865,0.7610188170106031,1.0,1.0,kenneth walker iii,kennethwalkeriii,kwalker,Seattle Seahawks,00-0038134,0.0,0.0,0.0,0.0,17.0,67.0,1.0,3.0,3.0,44.0,0.0,K.Walker,SEA,team_norm & _alias_init_last,0.0,0.0,0.0,0.0,3.030000000000001,12.200000000000003,0.24,0.71,-0.3999999999999999,-28.5,0.16
2025,11,0.0,2025_11_SEA_LA,Seattle Seahawks,Zach Charbonnet,RB,00-0039165,1.0,0.0,0.0,0.0,0.0,11.13,43.7,0.46,2.31,1.62,9.6,0.09,0.4242,72.0,30.44,39.6,203.3,172.3,1.2999377390514382,1.9875534942501865,0.7610188170106031,1.0,1.0,zach charbonnet,zachcharbonnet,zcharbonnet,Seattle Seahawks,00-0039165,0.0,0.0,0.0,0.0,11.0,37.0,0.0,2.0,2.0,10.0,0.0,Z.Charbonnet,SEA,team_norm & _alias_init_last,0.0,0.0,0.0,0.0,0.13000000000000078,6.700000000000003,0.46,0.31000000000000005,-0.3799999999999999,-0.40000000000000036,0.09
2025,11,0.0,2025_11_SEA_LA,Seattle Seahawks,George Holani,RB,00-0039299,1.0,0.0,0.0,0.0,0.0,0.0,0.0,0.0,0.0,0.0,0.0,0.0,0.0,72.0,30.44,39.6,203.3,172.3,1.2999377390514382,1.9875534942501865,0.7610188170106031,1.0,1.0,george holani,georgeholani,gholani,Seattle Seahawks,00-0039299,0.0,0.0,0.0,0.0,2.0,6.0,0.0,0.0,0.0,0.0,0.0,G.Holani,SEA,team_norm & _alias_init_last,0.0,0.0,0.0,0.0,-2.0,-6.0,0.0,0.0,0.0,0.0,0.0
2025,11,0.0,2025_11_SEA_LA,Seattle Seahawks,AJ Barner,TE,00-0039793,1.0,0.0,0.0,0.0,0.0,0.0,0.0,0.0,5.43,3.68,27.4,0.22,0.1984,72.0,30.44,39.6,203.3,172.3,1.2999377390514382,1.9875534942501865,0.7610188170106031,1.0,1.0,aj barner,ajbarner,abarner,Seattle Seahawks,00-0039793,0.0,0.0,0.0,0.0,2.0,1.0,0.0,11.0,10.0,70.0,0.0,A.Barner,SEA,team_norm & _alias_init_last,0.0,0.0,0.0,0.0,-2.0,-1.0,0.0,-5.57,-6.32,-42.6,0.22
2025,11,0.0,2025_11_SEA_LA,Seattle Seahawks,Elijah Arroyo,TE,00-0040739,1.0,0.0,0.0,0.0,0.0,0.0,0.0,0.0,2.81,1.52,15.9,0.12,0.1115,72.0,30.44,39.6,203.3,172.3,1.2999377390514382,1.9875534942501865,0.7610188170106031,1.0,1.0,elijah arroyo,elijaharroyo,earroyo,Seattle Seahawks,00-0040739,0.0,0.0,0.0,0.0,0.0,0.0,0.0,3.0,0.0,0.0,0.0,E.Arroyo,SEA,team_norm & _alias_init_last,0.0,0.0,0.0,0.0,0.0,0.0,0.0,-0.18999999999999995,1.52,15.9,0.12
2025,11,0.0,2025_11_SEA_LA,Seattle Seahawks,Nick Kallerup,TE,00-0040058,1.0,0.0,0.0,0.0,0.0,0.0,0.0,0.0,0.0,0.0,0.0,0.0,0.0,72.0,30.44,39.6,203.3,172.3,1.2999377390514382,1.9875534942501865,0.7610188170106031,1.0,1.0,nick kallerup,nickkallerup,nkallerup,Seattle Seahawks,00-0040058,,,,,,,,,,,,,,,,,,,,,,,,,
2025,11,0.0,2025_11_SEA_LA,Seattle Seahawks,Jaxon Smith-Njigba,WR,00-0038543,1.0,0.0,0.0,0.0,0.0,0.0,0.0,0.0,7.06,4.75,38.6,0.28,0.2439,72.0,30.44,39.6,203.3,172.3,1.2999377390514382,1.9875534942501865,0.7610188170106031,1.0,1.0,jaxon smith-njigba,jaxonsmithnjigba,jsmithnjigba,Seattle Seahawks,00-0038543,0.0,0.0,0.0,0.0,1.0,11.0,0.0,13.0,9.0,105.0,0.0,J.Smith-Njigba,SEA,team_norm & _alias_init_last,0.0,0.0,0.0,0.0,-1.0,-11.0,0.0,-5.94,-4.25,-66.4,0.28
2025,11,0.0,2025_11_SEA_LA,Seattle Seahawks,Cooper Kupp,WR,00-0033908,1.0,0.0,0.0,0.0,0.0,0.0,0.0,0.0,5.32,3.34,27.1,0.22,0.1975,72.0,30.44,39.6,203.3,172.3,1.2999377390514382,1.9875534942501865,0.7610188170106031,1.0,1.0,cooper kupp,cooperkupp,ckupp,Seattle Seahawks,00-0033908,0.0,0.0,0.0,0.0,0.0,0.0,0.0,8.0,3.0,23.0,0.0,C.Kupp,SEA,team_norm & _alias_init_last,0.0,0.0,0.0,0.0,0.0,0.0,0.0,-2.6799999999999997,0.33999999999999986,4.100000000000001,0.22
2025,11,0.0,2025_11_SEA_LA,Seattle Seahawks,Rashid Shaheed,WR,00-0037545,1.0,0.0,0.0,0.0,0.0,0.0,0.0,0.0,3.55,2.2,18.7,0.14,0.128,72.0,30.44,39.6,203.3,172.3,1.2999377390514382,1.9875534942501865,0.7610188170106031,1.0,1.0,rashid shaheed,rashidshaheed,rshaheed,Seattle Seahawks,00-0037545,0.0,0.0,0.0,0.0,2.0,2.0,0.0,5.0,2.0,27.0,0.0,R.Shaheed,SEA,team_norm & _alias_init_last,0.0,0.0,0.0,0.0,-2.0,-2.0,0.0,-1.4500000000000002,0.20000000000000018,-8.3,0.14
2025,11,0.0,2025_11_SEA_LA,Seattle Seahawks,Cody White,WR,00-0035891,1.0,0.0,0.0,0.0,0.0,0.0,0.0,0.0,0.0,0.0,0.0,0.0,0.0,72.0,30.44,39.6,203.3,172.3,1.2999377390514382,1.9875534942501865,0.7610188170106031,1.0,1.0,cody white,codywhite,cwhite,Seattle Seahawks,00-0035891,,,,,,,,,,,,,,,,,,,,,,,,,
2025,11,0.0,2025_11_SF_ARI,Arizona Cardinals,Jacoby Brissett,QB,00-0033119,1.0,37.44,193.1,2.02,1.0,2.77,7.6,0.05,0.0,0.0,0.0,0.0,0.0532,72.0,47.26,21.6,265.1,78.9,3.014550983620244,0.4114136681865359,1.1815076228060113,1.0,1.0,jacoby brissett,jacobybrissett,jbrissett,Arizona Cardinals,00-0033119,60.0,452.0,2.0,2.0,2.0,-2.0,0.0,0.0,0.0,0.0,0.0,J.Brissett,ARI,team_norm & _alias_init_last,-22.560000000000002,-258.9,0.020000000000000018,-1.0,0.77,9.6,0.05,0.0,0.0,0.0,0.0
2025,11,0.0,2025_11_SF_ARI,Arizona Cardinals,Bam Knight,RB,00-0037157,1.0,0.0,0.0,0.0,0.0,12.1,40.4,0.27,5.63,3.87,23.0,0.37,0.4741,72.0,47.26,21.6,265.1,78.9,3.014550983620244,0.4114136681865359,1.1815076228060113,1.0,1.0,bam knight,bamknight,bknight,Arizona Cardinals,,,,,,,,,,,,,,,,,,,,,,,,,,
2025,11,0.0,2025_11_SF_ARI,Arizona Cardinals,Emari Demercado,RB,00-0038705,1.0,0.0,0.0,0.0,0.0,6.72,23.0,0.09,3.51,2.29,13.4,0.22,0.2705,72.0,47.26,21.6,265.1,78.9,3.014550983620244,0.4114136681865359,1.1815076228060113,1.0,1.0,emari demercado,emaridemercado,edemercado,Arizona Cardinals,00-0038705,0.0,0.0,0.0,0.0,5.0,8.0,0.0,3.0,2.0,12.0,0.0,E.Demercado,ARI,team_norm & _alias_init_last,0.0,0.0,0.0,0.0,1.7199999999999998,15.0,0.09,0.5099999999999998,0.29000000000000004,1.4000000000000004,0.22
2025,11,0.0,2025_11_SF_ARI,Arizona Cardinals,Michael Carter,RB,00-0036924,1.0,0.0,0.0,0.0,0.0,0.0,0.0,0.0,0.0,0.0,0.0,0.0,0.0,72.0,47.26,21.6,265.1,78.9,3.014550983620244,0.4114136681865359,1.1815076228060113,1.0,1.0,michael carter,michaelcarter,mcarter,Arizona Cardinals,00-0036924,0.0,0.0,0.0,0.0,2.0,6.0,0.0,7.0,5.0,22.0,0.0,M.Carter,ARI,team_norm & _alias_init_last,0.0,0.0,0.0,0.0,-2.0,-6.0,0.0,-7.0,-5.0,-22.0,0.0
2025,11,0.0,2025_11_SF_ARI,Arizona Cardinals,Trey McBride,TE,00-0037744,1.0,0.0,0.0,0.0,0.0,0.0,0.0,0.0,8.66,5.62,31.9,0.5,0.3951,72.0,47.26,21.6,265.1,78.9,3.014550983620244,0.4114136681865359,1.1815076228060113,1.0,1.0,trey mcbride,treymcbride,tmcbride,Arizona Cardinals,00-0037744,0.0,0.0,0.0,0.0,0.0,0.0,0.0,12.0,10.0,115.0,1.0,T.McBride,ARI,team_norm & _alias_init_last,0.0,0.0,0.0,0.0,0.0,0.0,0.0,-3.34,-4.38,-83.1,-0.5
2025,11,0.0,2025_11_SF_ARI,Arizona Cardinals,Elijah Higgins,TE,00-0039041,1.0,0.0,0.0,0.0,0.0,0.0,0.0,0.0,4.48,2.95,18.2,0.26,0.2307,72.0,47.26,21.6,265.1,78.9,3.014550983620244,0.4114136681865359,1.1815076228060113,1.0,1.0,elijah higgins,elijahhiggins,ehiggins,Arizona Cardinals,00-0039041,0.0,0.0,0.0,0.0,0.0,0.0,0.0,4.0,2.0,11.0,0.0,E.Higgins,ARI,team_norm & _alias_init_last,0.0,0.0,0.0,0.0,0.0,0.0,0.0,0.4800000000000004,0.9500000000000002,7.199999999999999,0.26
2025,11,0.0,2025_11_SF_ARI,Arizona Cardinals,Josiah Deguara,TE,00-0036332,1.0,0.0,0.0,0.0,0.0,0.0,0.0,0.0,0.0,0.0,0.0,0.0,0.0,72.0,47.26,21.6,265.1,78.9,3.014550983620244,0.4114136681865359,1.1815076228060113,1.0,1.0,josiah deguara,josiahdeguara,jdeguara,Arizona Cardinals,00-0036332,,,,,,,,,,,,,,,,,,,,,,,,,
2025,11,0.0,2025_11_SF_ARI,Arizona Cardinals,Oscar Cardenas,TE,00-0040381,1.0,0.0,0.0,0.0,0.0,0.0,0.0,0.0,0.0,0.0,0.0,0.0,0.0,72.0,47.26,21.6,265.1,78.9,3.014550983620244,0.4114136681865359,1.1815076228060113,0.0,0.0,oscar cardenas,oscarcardenas,ocardenas,Arizona Cardinals,00-0040381,,,,,,,,,,,,,,,,,,,,,,,,,
2025,11,0.0,2025_11_SF_ARI,Arizona Cardinals,Pharaoh Brown,TE,00-0033439,1.0,0.0,0.0,0.0,0.0,0.0,0.0,0.0,0.0,0.0,0.0,0.0,0.0,72.0,47.26,21.6,265.1,78.9,3.014550983620244,0.4114136681865359,1.1815076228060113,1.0,1.0,pharaoh brown,pharaohbrown,pbrown,Arizona Cardinals,00-0033439,,,,,,,,,,,,,,,,,,,,,,,,,
2025,11,0.0,2025_11_SF_ARI,Arizona Cardinals,Marvin Harrison Jr.,WR,00-0039849,1.0,0.0,0.0,0.0,0.0,0.0,0.0,0.0,11.08,5.45,53.2,0.67,0.4867,72.0,47.26,21.6,265.1,78.9,3.014550983620244,0.4114136681865359,1.1815076228060113,0.0,0.0,marvin harrison jr.,marvinharrisonjr,mharrison,Arizona Cardinals,00-0039849,,,,,,,,,,,,,,,,,,,,,,,,,
2025,11,0.0,2025_11_SF_ARI,Arizona Cardinals,Michael Wilson,WR,00-0038559,1.0,0.0,0.0,0.0,0.0,0.0,0.0,0.0,8.34,4.59,45.9,0.52,0.4079,72.0,47.26,21.6,265.1,78.9,3.014550983620244,0.4114136681865359,1.1815076228060113,1.0,1.0,michael wilson,michaelwilson,mwilson,Arizona Cardinals,00-0035144,0.0,0.0,0.0,0.0,0.0,0.0,0.0,18.0,15.0,185.0,0.0,Mi.Wilson,ARI,team_norm & _alias_init_last,0.0,0.0,0.0,0.0,0.0,0.0,0.0,-9.66,-10.41,-139.1,0.52
2025,11,0.0,2025_11_SF_ARI,Arizona Cardinals,Greg Dortch,WR,00-0035500,1.0,0.0,0.0,0.0,0.0,0.0,0.0,0.0,5.56,3.88,25.6,0.34,0.2848,72.0,47.26,21.6,265.1,78.9,3.014550983620244,0.4114136681865359,1.1815076228060113,1.0,1.0,greg dortch,gregdortch,gdortch,Arizona Cardinals,00-0035500,0.0,0.0,0.0,0.0,3.0,0.0,0.0,6.0,6.0,66.0,1.0,G.Dortch,ARI,team_norm & _alias_init_last,0.0,0.0,0.0,0.0,-3.0,0.0,0.0,-0.4400000000000004,-2.12,-40.4,-0.6599999999999999
2025,11,0.0,2025_11_SF_ARI,Arizona Cardinals,Andre Baccellia,WR,00-0035876,1.0,0.0,0.0,0.0,0.0,0.0,0.0,0.0,0.0,0.0,0.0,0.0,0.0,72.0,47.26,21.6,265.1,78.9,3.014550983620244,0.4114136681865359,1.1815076228060113,1.0,1.0,andre baccellia,andrebaccellia,abaccellia,Arizona Cardinals,00-0035876,0.0,0.0,0.0,0.0,0.0,0.0,0.0,1.0,1.0,5.0,0.0,A.Baccellia,ARI,team_norm & _alias_init_last,0.0,0.0,0.0,0.0,0.0,0.0,0.0,-1.0,-1.0,-5.0,0.0
2025,11,0.0,2025_11_SF_ARI,Arizona Cardinals,Bryson Green,WR,00-0040383,1.0,0.0,0.0,0.0,0.0,0.0,0.0,0.0,0.0,0.0,0.0,0.0,0.0,72.0,47.26,21.6,265.1,78.9,3.014550983620244,0.4114136681865359,1.1815076228060113,0.0,0.0,bryson green,brysongreen,bgreen,Arizona Cardinals,00-0040383,,,,,,,,,,,,,,,,,,,,,,,,,
2025,11,0.0,2025_11_SF_ARI,Arizona Cardinals,Xavier Weaver,WR,00-0039521,1.0,0.0,0.0,0.0,0.0,0.0,0.0,0.0,0.0,0.0,0.0,0.0,0.0,72.0,47.26,21.6,265.1,78.9,3.014550983620244,0.4114136681865359,1.1815076228060113,1.0,1.0,xavier weaver,xavierweaver,xweaver,Arizona Cardinals,00-0039521,0.0,0.0,0.0,0.0,0.0,0.0,0.0,3.0,2.0,15.0,0.0,X.Weaver,ARI,team_norm & _alias_init_last,0.0,0.0,0.0,0.0,0.0,0.0,0.0,-3.0,-2.0,-15.0,0.0
2025,11,0.0,2025_11_SF_ARI,San Francisco 49ers,Brock Purdy,QB,00-0037834,1.0,32.53,207.1,2.18,0.74,4.25,13.3,0.18,0.0,0.0,0.0,0.0,0.1682,55.0,34.65,18.33,226.0,77.9,2.8333169903437905,0.7328090952167288,0.8662246228926354,1.0,1.0,brock purdy,brockpurdy,bpurdy,San Francisco 49ers,00-0037834,30.0,200.0,3.0,0.0,1.0,-7.0,0.0,0.0,0.0,0.0,0.0,B.Purdy,SF,team_norm & _alias_init_last,2.530000000000001,7.099999999999994,-0.8199999999999998,0.74,3.25,20.3,0.18,0.0,0.0,0.0,0.0
2025,11,0.0,2025_11_SF_ARI,San Francisco 49ers,Christian McCaffrey,RB,00-0033280,1.0,0.0,0.0,0.0,0.0,9.05,33.4,0.46,4.07,2.93,16.6,0.34,0.551,55.0,34.65,18.33,226.0,77.9,2.8333169903437905,0.7328090952167288,0.8662246228926354,1.0,1.0,christian mccaffrey,christianmccaffrey,cmccaffrey,San Francisco 49ers,00-0033280,0.0,0.0,0.0,0.0,13.0,81.0,2.0,6.0,5.0,40.0,1.0,C.McCaffrey,SF,team_norm & _alias_init_last,0.0,0.0,0.0,0.0,-3.9499999999999993,-47.6,-1.54,-1.9299999999999997,-2.07,-23.4,-0.6599999999999999
2025,11,0.0,2025_11_SF_ARI,San Francisco 49ers,Brian Robinson Jr.,RB,,1.0,0.0,0.0,0.0,0.0,5.03,23.5,0.15,2.53,1.67,15.0,0.21,0.3004,55.0,34.65,18.33,226.0,77.9,2.8333169903437905,0.7328090952167288,0.8662246228926354,0.0,0.0,brian robinson jr.,brianrobinsonjr,brobinson,San Francisco 49ers,00-0037746,0.0,0.0,0.0,0.0,8.0,24.0,0.0,1.0,0.0,0.0,0.0,B.Robinson,SF,team_norm & _alias_init_last,0.0,0.0,0.0,0.0,-2.9699999999999998,-0.5,0.15,1.5299999999999998,1.67,15.0,0.21
2025,11,0.0,2025_11_SF_ARI,San Francisco 49ers,Isaac Guerendo,RB,00-0039363,1.0,0.0,0.0,0.0,0.0,0.0,0.0,0.0,0.0,0.0,0.0,0.0,0.0,55.0,34.65,18.33,226.0,77.9,2.8333169903437905,0.7328090952167288,0.8662246228926354,1.0,1.0,isaac guerendo,isaacguerendo,iguerendo,San Francisco 49ers,00-0039363,,,,,,,,,,,,,,,,,,,,,,,,,
2025,11,0.0,2025_11_SF_ARI,San Francisco 49ers,George Kittle,TE,00-0033288,1.0,0.0,0.0,0.0,0.0,0.0,0.0,0.0,6.37,4.05,28.0,0.49,0.3861,55.0,34.65,18.33,226.0,77.9,2.8333169903437905,0.7328090952167288,0.8662246228926354,1.0,1.0,george kittle,georgekittle,gkittle,San Francisco 49ers,00-0033288,0.0,0.0,0.0,0.0,0.0,0.0,0.0,7.0,6.0,67.0,2.0,G.Kittle,SF,team_norm & _alias_init_last,0.0,0.0,0.0,0.0,0.0,0.0,0.0,-0.6299999999999999,-1.9500000000000002,-39.0,-1.51
2025,11,0.0,2025_11_SF_ARI,San Francisco 49ers,Luke Farrell,TE,00-0036887,1.0,0.0,0.0,0.0,0.0,0.0,0.0,0.0,3.29,2.11,16.8,0.25,0.2212,55.0,34.65,18.33,226.0,77.9,2.8333169903437905,0.7328090952167288,0.8662246228926354,1.0,1.0,luke farrell,lukefarrell,lfarrell,San Francisco 49ers,00-0036887,,,,,,,,,,,,,,,,,,,,,,,,,
2025,11,0.0,2025_11_SF_ARI,San Francisco 49ers,Hayden Rucci,TE,00-0039489,1.0,0.0,0.0,0.0,0.0,0.0,0.0,0.0,0.0,0.0,0.0,0.0,0.0,55.0,34.65,18.33,226.0,77.9,2.8333169903437905,0.7328090952167288,0.8662246228926354,0.0,0.0,hayden rucci,haydenrucci,hrucci,San Francisco 49ers,00-0039489,,,,,,,,,,,,,,,,,,,,,,,,,
2025,11,0.0,2025_11_SF_ARI,San Francisco 49ers,Jake Tonges,TE,00-0037112,1.0,0.0,0.0,0.0,0.0,0.0,0.0,0.0,0.0,0.0,0.0,0.0,0.0,55.0,34.65,18.33,226.0,77.9,2.8333169903437905,0.7328090952167288,0.8662246228926354,1.0,1.0,jake tonges,jaketonges,jtonges,San Francisco 49ers,00-0037112,,,,,,,,,,,,,,,,,,,,,,,,,
2025,11,0.0,2025_11_SF_ARI,San Francisco 49ers,Jauan Jennings,WR,00-0036259,1.0,0.0,0.0,0.0,0.0,0.0,0.0,0.0,8.15,4.84,43.3,0.63,0.4687,55.0,34.65,18.33,226.0,77.9,2.8333169903437905,0.7328090952167288,0.8662246228926354,1.0,1.0,jauan jennings,jauanjennings,jjennings,San Francisco 49ers,,0.0,0.0,0.0,0.0,0.0,0.0,0.0,6.0,4.0,54.0,0.0,J.Jennings,SF,team_norm & _alias_init_last,0.0,0.0,0.0,0.0,0.0,0.0,0.0,2.1500000000000004,0.8399999999999999,-10.700000000000003,0.63
2025,11,0.0,2025_11_SF_ARI,San Francisco 49ers,Ricky Pearsall,WR,00-0039916,1.0,0.0,0.0,0.0,0.0,0.0,0.0,0.0,6.14,3.63,35.4,0.48,0.3809,55.0,34.65,18.33,226.0,77.9,2.8333169903437905,0.7328090952167288,0.8662246228926354,1.0,1.0,ricky pearsall,rickypearsall,rpearsall,San Francisco 49ers,00-0039916,0.0,0.0,0.0,0.0,0.0,0.0,0.0,3.0,1.0,0.0,0.0,R.Pearsall,SF,team_norm & _alias_init_last,0.0,0.0,0.0,0.0,0.0,0.0,0.0,3.1399999999999997,2.63,35.4,0.48
2025,11,0.0,2025_11_SF_ARI,San Francisco 49ers,Demarcus Robinson,WR,00-0032775,1.0,0.0,0.0,0.0,0.0,0.0,0.0,0.0,4.09,2.27,20.6,0.33,0.2776,55.0,34.65,18.33,226.0,77.9,2.8333169903437905,0.7328090952167288,0.8662246228926354,1.0,1.0,demarcus robinson,demarcusrobinson,drobinson,San Francisco 49ers,00-0032775,0.0,0.0,0.0,0.0,0.0,0.0,0.0,2.0,1.0,13.0,0.0,D.Robinson,SF,team_norm & _alias_init_last,0.0,0.0,0.0,0.0,0.0,0.0,0.0,2.09,1.27,7.600000000000001,0.33
2025,11,0.0,2025_11_SF_ARI,San Francisco 49ers,Colton Dowell,WR,00-0038632,1.0,0.0,0.0,0.0,0.0,0.0,0.0,0.0,0.0,0.0,0.0,0.0,0.0,55.0,34.65,18.33,226.0,77.9,2.8333169903437905,0.7328090952167288,0.8662246228926354,0.0,0.0,colton dowell,coltondowell,cdowell,San Francisco 49ers,00-0038632,,,,,,,,,,,,,,,,,,,,,,,,,
2025,11,0.0,2025_11_SF_ARI,San Francisco 49ers,Kendrick Bourne,WR,00-0033307,1.0,0.0,0.0,0.0,0.0,0.0,0.0,0.0,0.0,0.0,0.0,0.0,0.0,55.0,34.65,18.33,226.0,77.9,2.8333169903437905,0.7328090952167288,0.8662246228926354,1.0,1.0,kendrick bourne,kendrickbourne,kbourne,San Francisco 49ers,00-0033307,,,,,,,,,,,,,,,,,,,,,,,,,
2025,11,0.0,2025_11_SF_ARI,San Francisco 49ers,Skyy Moore,WR,00-0038090,1.0,0.0,0.0,0.0,0.0,0.0,0.0,0.0,0.0,0.0,0.0,0.0,0.0,55.0,34.65,18.33,226.0,77.9,2.8333169903437905,0.7328090952167288,0.8662246228926354,1.0,1.0,skyy moore,skyymoore,smoore,San Francisco 49ers,00-0038090,,,,,,,,,,,,,,,,,,,,,,,,,
2025,11,0.0,2025_11_TB_BUF,Buffalo Bills,Josh Allen,QB,00-0034857,1.0,33.97,187.3,1.92,0.76,5.02,13.0,0.17,0.0,0.0,0.0,0.0,0.1554,55.0,35.97,16.5,201.8,60.3,2.3421039211053585,0.5087560485803131,0.8993008299180328,1.0,1.0,josh allen,joshallen,jallen,Buffalo Bills,00-0034857,35.0,317.0,3.0,2.0,4.0,20.0,3.0,0.0,0.0,0.0,0.0,J.Allen,BUF,team_norm & _alias_init_last,-1.0300000000000011,-129.7,-1.08,-1.24,1.0199999999999996,-7.0,-2.83,0.0,0.0,0.0,0.0
2025,11,0.0,2025_11_TB_BUF,Buffalo Bills,James Cook III,RB,,1.0,0.0,0.0,0.0,0.0,7.38,30.5,0.28,4.26,2.74,23.9,0.28,0.4259,55.0,35.97,16.5,201.8,60.3,2.3421039211053585,0.5087560485803131,0.8993008299180328,0.0,0.0,james cook iii,jamescookiii,jcook,Buffalo Bills,00-0037248,0.0,0.0,0.0,0.0,16.0,48.0,0.0,4.0,3.0,66.0,1.0,J.Cook,BUF,team_norm & _alias_init_last,0.0,0.0,0.0,0.0,-8.620000000000001,-17.5,0.28,0.2599999999999998,-0.2599999999999998,-42.1,-0.72
2025,11,0.0,2025_11_TB_BUF,Buffalo Bills,Ty Johnson,RB,00-0035537,1.0,0.0,0.0,0.0,0.0,4.1,14.2,0.1,2.65,1.52,11.3,0.17,0.2374,55.0,35.97,16.5,201.8,60.3,2.3421039211053585,0.5087560485803131,0.8993008299180328,1.0,1.0,ty johnson,tyjohnson,tjohnson,Buffalo Bills,00-0034376,0.0,0.0,0.0,0.0,1.0,9.0,0.0,2.0,2.0,61.0,1.0,Ty.Johnson,BUF,team_norm & _name_norm_loose,0.0,0.0,0.0,0.0,3.0999999999999996,5.199999999999999,0.1,0.6499999999999999,-0.48,-49.7,-0.83
2025,11,0.0,2025_11_TB_BUF,Buffalo Bills,Ray Davis,RB,00-0039875,1.0,0.0,0.0,0.0,0.0,0.0,0.0,0.0,0.0,0.0,0.0,0.0,0.0,55.0,35.97,16.5,201.8,60.3,2.3421039211053585,0.5087560485803131,0.8993008299180328,1.0,1.0,ray davis,raydavis,rdavis,Buffalo Bills,00-0039875,,,,,,,,,,,,,,,,,,,,,,,,,
2025,11,0.0,2025_11_TB_BUF,Buffalo Bills,Dalton Kincaid,TE,00-0038933,1.0,0.0,0.0,0.0,0.0,0.0,0.0,0.0,6.39,3.9,23.8,0.37,0.3117,55.0,35.97,16.5,201.8,60.3,2.3421039211053585,0.5087560485803131,0.8993008299180328,0.0,0.0,dalton kincaid,daltonkincaid,dkincaid,Buffalo Bills,00-0038933,,,,,,,,,,,,,,,,,,,,,,,,,
2025,11,0.0,2025_11_TB_BUF,Buffalo Bills,Dawson Knox,TE,00-0035689,1.0,0.0,0.0,0.0,0.0,0.0,0.0,0.0,3.3,2.0,12.1,0.21,0.1899,55.0,35.97,16.5,201.8,60.3,2.3421039211053585,0.5087560485803131,0.8993008299180328,1.0,1.0,dawson knox,dawsonknox,dknox,Buffalo Bills,00-0035689,0.0,0.0,0.0,0.0,0.0,0.0,0.0,3.0,1.0,23.0,0.0,D.Knox,BUF,team_norm & _alias_init_last,0.0,0.0,0.0,0.0,0.0,0.0,0.0,0.2999999999999998,1.0,-10.9,0.21
2025,11,0.0,2025_11_TB_BUF,Buffalo Bills,Jackson Hawes,TE,00-0040194,1.0,0.0,0.0,0.0,0.0,0.0,0.0,0.0,0.0,0.0,0.0,0.0,0.0,55.0,35.97,16.5,201.8,60.3,2.3421039211053585,0.5087560485803131,0.8993008299180328,1.0,1.0,jackson hawes,jacksonhawes,jhawes,Buffalo Bills,00-0040194,,,,,,,,,,,,,,,,,,,,,,,,,
2025,11,0.0,2025_11_TB_BUF,Buffalo Bills,Keleki Latu,TE,00-0040363,1.0,0.0,0.0,0.0,0.0,0.0,0.0,0.0,0.0,0.0,0.0,0.0,0.0,55.0,35.97,16.5,201.8,60.3,2.3421039211053585,0.5087560485803131,0.8993008299180328,1.0,1.0,keleki latu,kelekilatu,klatu,Buffalo Bills,00-0040363,0.0,0.0,0.0,0.0,0.0,0.0,0.0,1.0,1.0,4.0,0.0,K.Latu,BUF,team_norm & _alias_init_last,0.0,0.0,0.0,0.0,0.0,0.0,0.0,-1.0,-1.0,-4.0,0.0
2025,11,0.0,2025_11_TB_BUF,Buffalo Bills,Khalil Shakir,WR,00-0037261,1.0,0.0,0.0,0.0,0.0,0.0,0.0,0.0,8.59,5.98,38.1,0.52,0.4062,55.0,35.97,16.5,201.8,60.3,2.3421039211053585,0.5087560485803131,0.8993008299180328,1.0,1.0,khalil shakir,khalilshakir,kshakir,Buffalo Bills,00-0037261,0.0,0.0,0.0,0.0,0.0,0.0,0.0,4.0,1.0,-3.0,0.0,K.Shakir,BUF,team_norm & _alias_init_last,0.0,0.0,0.0,0.0,0.0,0.0,0.0,4.59,4.98,41.1,0.52
2025,11,0.0,2025_11_TB_BUF,Buffalo Bills,Keon Coleman,WR,00-0039901,1.0,0.0,0.0,0.0,0.0,0.0,0.0,0.0,6.47,3.07,29.9,0.42,0.3432,55.0,35.97,16.5,201.8,60.3,2.3421039211053585,0.5087560485803131,0.8993008299180328,0.0,0.0,keon coleman,keoncoleman,kcoleman,Buffalo Bills,00-0039901,,,,,,,,,,,,,,,,,,,,,,,,,
2025,11,0.0,2025_11_TB_BUF,Buffalo Bills,Joshua Palmer,WR,,1.0,0.0,0.0,0.0,0.0,0.0,0.0,0.0,4.31,2.64,34.8,0.28,0.2448,55.0,35.97,16.5,201.8,60.3,2.3421039211053585,0.5087560485803131,0.8993008299180328,0.0,0.0,joshua palmer,joshuapalmer,jpalmer,Buffalo Bills,00-0036988,0.0,0.0,0.0,0.0,0.0,0.0,0.0,5.0,2.0,17.0,0.0,J.Palmer,BUF,team_norm & _alias_init_last,0.0,0.0,0.0,0.0,0.0,0.0,0.0,-0.6900000000000004,0.6400000000000001,17.799999999999997,0.28
2025,11,0.0,2025_11_TB_BUF,Buffalo Bills,Brandin Cooks,WR,00-0031236,1.0,0.0,0.0,0.0,0.0,0.0,0.0,0.0,0.0,0.0,0.0,0.0,0.0,55.0,35.97,16.5,201.8,60.3,2.3421039211053585,0.5087560485803131,0.8993008299180328,0.0,0.0,brandin cooks,brandincooks,bcooks,Buffalo Bills,00-0031236,,,,,,,,,,,,,,,,,,,,,,,,,
2025,11,0.0,2025_11_TB_BUF,Buffalo Bills,Curtis Samuel,WR,00-0033282,1.0,0.0,0.0,0.0,0.0,0.0,0.0,0.0,0.0,0.0,0.0,0.0,0.0,55.0,35.97,16.5,201.8,60.3,2.3421039211053585,0.5087560485803131,0.8993008299180328,1.0,1.0,curtis samuel,curtissamuel,csamuel,Buffalo Bills,00-0033282,0.0,0.0,0.0,0.0,0.0,0.0,0.0,3.0,2.0,19.0,0.0,C.Samuel,BUF,team_norm & _alias_init_last,0.0,0.0,0.0,0.0,0.0,0.0,0.0,-3.0,-2.0,-19.0,0.0
2025,11,0.0,2025_11_TB_BUF,Buffalo Bills,David White,WR,00-0039562,1.0,0.0,0.0,0.0,0.0,0.0,0.0,0.0,0.0,0.0,0.0,0.0,0.0,55.0,35.97,16.5,201.8,60.3,2.3421039211053585,0.5087560485803131,0.8993008299180328,1.0,1.0,david white,davidwhite,dwhite,Buffalo Bills,00-0039562,,,,,,,,,,,,,,,,,,,,,,,,,
2025,11,0.0,2025_11_TB_BUF,Buffalo Bills,Gabe Davis,WR,00-0036196,1.0,0.0,0.0,0.0,0.0,0.0,0.0,0.0,0.0,0.0,0.0,0.0,0.0,55.0,35.97,16.5,201.8,60.3,2.3421039211053585,0.5087560485803131,0.8993008299180328,1.0,1.0,gabe davis,gabedavis,gdavis,Buffalo Bills,00-0036196,0.0,0.0,0.0,0.0,0.0,0.0,0.0,4.0,3.0,40.0,0.0,G.Davis,BUF,team_norm & _alias_init_last,0.0,0.0,0.0,0.0,0.0,0.0,0.0,-4.0,-3.0,-40.0,0.0
2025,11,0.0,2025_11_TB_BUF,Buffalo Bills,Mecole Hardman,WR,00-0035140,1.0,0.0,0.0,0.0,0.0,0.0,0.0,0.0,0.0,0.0,0.0,0.0,0.0,55.0,35.97,16.5,201.8,60.3,2.3421039211053585,0.5087560485803131,0.8993008299180328,1.0,1.0,mecole hardman,mecolehardman,mhardman,Buffalo Bills,00-0035140,0.0,0.0,0.0,0.0,0.0,0.0,0.0,1.0,0.0,0.0,0.0,M.Hardman,BUF,team_norm & _alias_init_last,0.0,0.0,0.0,0.0,0.0,0.0,0.0,-1.0,0.0,0.0,0.0
2025,11,0.0,2025_11_TB_BUF,Buffalo Bills,Tyrell Shavers,WR,00-0038679,1.0,0.0,0.0,0.0,0.0,0.0,0.0,0.0,0.0,0.0,0.0,0.0,0.0,55.0,35.97,16.5,201.8,60.3,2.3421039211053585,0.5087560485803131,0.8993008299180328,1.0,1.0,tyrell shavers,tyrellshavers,tshavers,Buffalo Bills,00-0038679,0.0,0.0,0.0,0.0,0.0,0.0,0.0,5.0,4.0,90.0,1.0,T.Shavers,BUF,team_norm & _alias_init_last,0.0,0.0,0.0,0.0,0.0,0.0,0.0,-5.0,-4.0,-90.0,-1.0
2025,11,0.0,2025_11_TB_BUF,Tampa Bay Buccaneers,Baker Mayfield,QB,00-0034855,1.0,37.54,205.8,2.06,0.86,3.94,11.3,0.1,0.0,0.0,0.0,0.0,0.0995,63.39,40.24,20.21,225.7,73.9,2.382370264292399,0.5296083363761421,1.00593875724227,1.0,1.0,baker mayfield,bakermayfield,bmayfield,Tampa Bay Buccaneers,00-0034855,36.0,173.0,1.0,1.0,1.0,13.0,0.0,0.0,0.0,0.0,0.0,B.Mayfield,TB,team_norm & _alias_init_last,1.5399999999999991,32.80000000000001,1.06,-0.14,2.94,-1.6999999999999993,0.1,0.0,0.0,0.0,0.0
2025,11,0.0,2025_11_TB_BUF,Tampa Bay Buccaneers,Bucky Irving,RB,00-0039361,1.0,0.0,0.0,0.0,0.0,10.46,35.1,0.33,4.88,3.65,18.4,0.29,0.4631,63.39,40.24,20.21,225.7,73.9,2.382370264292399,0.5296083363761421,1.00593875724227,0.0,0.0,bucky irving,buckyirving,birving,Tampa Bay Buccaneers,,,,,,,,,,,,,,,,,,,,,,,,,,
2025,11,0.0,2025_11_TB_BUF,Tampa Bay Buccaneers,Sean Tucker,RB,00-0038951,1.0,0.0,0.0,0.0,0.0,5.81,19.5,0.12,3.04,2.01,12.5,0.18,0.2581,63.39,40.24,20.21,225.7,73.9,2.382370264292399,0.5296083363761421,1.00593875724227,1.0,1.0,sean tucker,seantucker,stucker,Tampa Bay Buccaneers,00-0038951,0.0,0.0,0.0,0.0,19.0,106.0,2.0,2.0,2.0,34.0,1.0,S.Tucker,TB,team_norm & _alias_init_last,0.0,0.0,0.0,0.0,-13.190000000000001,-86.5,-1.88,1.04,0.009999999999999787,-21.5,-0.8200000000000001
2025,11,0.0,2025_11_TB_BUF,Tampa Bay Buccaneers,Owen Wright,RB,00-0038458,1.0,0.0,0.0,0.0,0.0,0.0,0.0,0.0,0.0,0.0,0.0,0.0,0.0,63.39,40.24,20.21,225.7,73.9,2.382370264292399,0.5296083363761421,1.00593875724227,1.0,1.0,owen wright,owenwright,owright,Tampa Bay Buccaneers,00-0038458,,,,,,,,,,,,,,,,,,,,,,,,,
2025,11,0.0,2025_11_TB_BUF,Tampa Bay Buccaneers,Rachaad White,RB,00-0037256,1.0,0.0,0.0,0.0,0.0,0.0,0.0,0.0,0.0,0.0,0.0,0.0,0.0,63.39,40.24,20.21,225.7,73.9,2.382370264292399,0.5296083363761421,1.00593875724227,1.0,1.0,rachaad white,rachaadwhite,rwhite,Tampa Bay Buccaneers,00-0037256,0.0,0.0,0.0,0.0,10.0,51.0,0.0,3.0,2.0,11.0,0.0,R.White,TB,team_norm & _alias_init_last,0.0,0.0,0.0,0.0,-10.0,-51.0,0.0,-3.0,-2.0,-11.0,0.0
2025,11,0.0,2025_11_TB_BUF,Tampa Bay Buccaneers,Cade Otton,TE,00-0038129,1.0,0.0,0.0,0.0,0.0,0.0,0.0,0.0,6.97,4.11,27.1,0.38,0.3178,63.39,40.24,20.21,225.7,73.9,2.382370264292399,0.5296083363761421,1.00593875724227,1.0,1.0,cade otton,cadeotton,cotton,Tampa Bay Buccaneers,00-0038129,0.0,0.0,0.0,0.0,0.0,0.0,0.0,5.0,2.0,28.0,0.0,C.Otton,TB,team_norm & _alias_init_last,0.0,0.0,0.0,0.0,0.0,0.0,0.0,1.9699999999999998,2.1100000000000003,-0.8999999999999986,0.38
2025,11,0.0,2025_11_TB_BUF,Tampa Bay Buccaneers,Payne Durham,TE,00-0039050,1.0,0.0,0.0,0.0,0.0,0.0,0.0,0.0,3.6,2.19,18.0,0.21,0.1865,63.39,40.24,20.21,225.7,73.9,2.382370264292399,0.5296083363761421,1.00593875724227,1.0,1.0,payne durham,paynedurham,pdurham,Tampa Bay Buccaneers,00-0039050,,,,,,,,,,,,,,,,,,,,,,,,,
2025,11,0.0,2025_11_TB_BUF,Tampa Bay Buccaneers,Devin Culp,TE,00-0039754,1.0,0.0,0.0,0.0,0.0,0.0,0.0,0.0,0.0,0.0,0.0,0.0,0.0,63.39,40.24,20.21,225.7,73.9,2.382370264292399,0.5296083363761421,1.00593875724227,1.0,1.0,devin culp,devinculp,dculp,Tampa Bay Buccaneers,00-0039754,,,,,,,,,,,,,,,,,,,,,,,,,
2025,11,0.0,2025_11_TB_BUF,Tampa Bay Buccaneers,Emeka Egbuka,WR,00-0040129,1.0,0.0,0.0,0.0,0.0,0.0,0.0,0.0,9.64,4.63,49.7,0.54,0.4171,63.39,40.24,20.21,225.7,73.9,2.382370264292399,0.5296083363761421,1.00593875724227,1.0,1.0,emeka egbuka,emekaegbuka,eegbuka,Tampa Bay Buccaneers,00-0040129,0.0,0.0,0.0,0.0,0.0,0.0,0.0,10.0,5.0,40.0,0.0,E.Egbuka,TB,team_norm & _alias_init_last,0.0,0.0,0.0,0.0,0.0,0.0,0.0,-0.35999999999999943,-0.3700000000000001,9.700000000000003,0.54
2025,11,0.0,2025_11_TB_BUF,Tampa Bay Buccaneers,Chris Godwin Jr.,WR,00-0033921,1.0,0.0,0.0,0.0,0.0,0.0,0.0,0.0,7.26,4.61,32.0,0.4,0.3323,63.39,40.24,20.21,225.7,73.9,2.382370264292399,0.5296083363761421,1.00593875724227,0.0,0.0,chris godwin jr.,chrisgodwinjr,cgodwin,Tampa Bay Buccaneers,,,,,,,,,,,,,,,,,,,,,,,,,,
2025,11,0.0,2025_11_TB_BUF,Tampa Bay Buccaneers,Tez Johnson,WR,00-0040237,1.0,0.0,0.0,0.0,0.0,0.0,0.0,0.0,4.84,2.8,26.6,0.28,0.2442,63.39,40.24,20.21,225.7,73.9,2.382370264292399,0.5296083363761421,1.00593875724227,1.0,1.0,tez johnson,tezjohnson,tjohnson,Tampa Bay Buccaneers,00-0040237,0.0,0.0,0.0,0.0,3.0,0.0,0.0,3.0,1.0,6.0,0.0,T.Johnson,TB,team_norm & _alias_init_last,0.0,0.0,0.0,0.0,-3.0,0.0,0.0,1.8399999999999999,1.7999999999999998,20.6,0.28
2025,11,0.0,2025_11_TB_BUF,Tampa Bay Buccaneers,Kameron Johnson,WR,00-0039589,1.0,0.0,0.0,0.0,0.0,0.0,0.0,0.0,0.0,0.0,0.0,0.0,0.0,63.39,40.24,20.21,225.7,73.9,2.382370264292399,0.5296083363761421,1.00593875724227,1.0,1.0,kameron johnson,kameronjohnson,kjohnson,Tampa Bay Buccaneers,00-0039589,0.0,0.0,0.0,0.0,5.0,15.0,0.0,0.0,0.0,0.0,0.0,K.Johnson,PIT,_alias_init_last,0.0,0.0,0.0,0.0,-5.0,-15.0,0.0,0.0,0.0,0.0,0.0
2025,11,0.0,2025_11_TB_BUF,Tampa Bay Buccaneers,Sterling Shepard,WR,00-0032385,1.0,0.0,0.0,0.0,0.0,0.0,0.0,0.0,0.0,0.0,0.0,0.0,0.0,63.39,40.24,20.21,225.7,73.9,2.382370264292399,0.5296083363761421,1.00593875724227,1.0,1.0,sterling shepard,sterlingshepard,sshepard,Tampa Bay Buccaneers,00-0032385,0.0,0.0,0.0,0.0,1.0,7.0,0.0,6.0,4.0,54.0,0.0,S.Shepard,TB,team_norm & _alias_init_last,0.0,0.0,0.0,0.0,-1.0,-7.0,0.0,-6.0,-4.0,-54.0,0.0
2025,11,0.0,2025_11_WAS_MIA,Miami Dolphins,Tua Tagovailoa,QB,00-0036212,1.0,31.5,177.7,1.68,0.65,3.8,11.0,0.13,0.0,0.0,0.0,0.0,0.1237,72.0,30.38,39.6,170.4,144.7,1.926000623097624,1.432487340325903,0.7595213767565224,1.0,1.0,tua tagovailoa,tuatagovailoa,ttagovailoa,Miami Dolphins,00-0036212,24.0,171.0,0.0,0.0,0.0,0.0,0.0,0.0,0.0,0.0,0.0,T.Tagovailoa,MIA,team_norm & _alias_init_last,7.5,6.699999999999989,1.68,0.65,3.8,11.0,0.13,0.0,0.0,0.0,0.0
2025,11,0.0,2025_11_WAS_MIA,Miami Dolphins,De'Von Achane,RB,00-0039040,1.0,0.0,0.0,0.0,0.0,23.01,75.0,1.0,3.55,2.51,13.9,0.23,0.7087,72.0,30.38,39.6,170.4,144.7,1.926000623097624,1.432487340325903,0.7595213767565224,1.0,1.0,de'von achane,devonachane,dachane,Miami Dolphins,00-0039040,0.0,0.0,0.0,0.0,22.0,120.0,0.0,5.0,5.0,45.0,0.0,D.Achane,MIA,team_norm & _alias_init_last,0.0,0.0,0.0,0.0,1.0100000000000016,-45.0,1.0,-1.4500000000000002,-2.49,-31.1,0.23
2025,11,0.0,2025_11_WAS_MIA,Miami Dolphins,Ollie Gordon II,RB,00-0040198,1.0,0.0,0.0,0.0,0.0,12.79,44.1,0.38,2.21,1.52,11.4,0.14,0.4044,72.0,30.38,39.6,170.4,144.7,1.926000623097624,1.432487340325903,0.7595213767565224,1.0,1.0,ollie gordon ii,olliegordonii,ogordon,Miami Dolphins,00-0040198,0.0,0.0,0.0,0.0,9.0,45.0,1.0,0.0,0.0,0.0,0.0,O.Gordon,MIA,team_norm & _alias_init_last,0.0,0.0,0.0,0.0,3.789999999999999,-0.8999999999999986,-0.62,2.21,1.52,11.4,0.14
2025,11,0.0,2025_11_WAS_MIA,Miami Dolphins,Jaylen Wright,RB,00-0039874,1.0,0.0,0.0,0.0,0.0,0.0,0.0,0.0,0.0,0.0,0.0,0.0,0.0,72.0,30.38,39.6,170.4,144.7,1.926000623097624,1.432487340325903,0.7595213767565224,1.0,1.0,jaylen wright,jaylenwright,jwright,Miami Dolphins,00-0039874,0.0,0.0,0.0,0.0,1.0,4.0,0.0,0.0,0.0,0.0,0.0,J.Wright,MIA,team_norm & _alias_init_last,0.0,0.0,0.0,0.0,-1.0,-4.0,0.0,0.0,0.0,0.0,0.0
2025,11,0.0,2025_11_WAS_MIA,Miami Dolphins,Greg Dulcich,TE,00-0037252,1.0,0.0,0.0,0.0,0.0,0.0,0.0,0.0,5.47,2.97,24.7,0.32,0.2714,72.0,30.38,39.6,170.4,144.7,1.926000623097624,1.432487340325903,0.7595213767565224,1.0,1.0,greg dulcich,gregdulcich,gdulcich,Miami Dolphins,00-0037252,0.0,0.0,0.0,0.0,0.0,0.0,0.0,5.0,2.0,18.0,0.0,G.Dulcich,MIA,team_norm & _alias_init_last,0.0,0.0,0.0,0.0,0.0,0.0,0.0,0.46999999999999975,0.9700000000000002,6.699999999999999,0.32
2025,11,0.0,2025_11_WAS_MIA,Miami Dolphins,Julian Hill,TE,00-0038720,1.0,0.0,0.0,0.0,0.0,0.0,0.0,0.0,2.83,1.61,13.2,0.18,0.1627,72.0,30.38,39.6,170.4,144.7,1.926000623097624,1.432487340325903,0.7595213767565224,1.0,1.0,julian hill,julianhill,jhill,Miami Dolphins,00-0038720,0.0,0.0,0.0,0.0,0.0,0.0,0.0,1.0,1.0,14.0,0.0,J.Hill,MIA,team_norm & _alias_init_last,0.0,0.0,0.0,0.0,0.0,0.0,0.0,1.83,0.6100000000000001,-0.8000000000000007,0.18
2025,11,0.0,2025_11_WAS_MIA,Miami Dolphins,Jaylen Waddle,WR,00-0036613,1.0,0.0,0.0,0.0,0.0,0.0,0.0,0.0,7.24,4.28,33.2,0.42,0.3421,72.0,30.38,39.6,170.4,144.7,1.926000623097624,1.432487340325903,0.7595213767565224,1.0,1.0,jaylen waddle,jaylenwaddle,jwaddle,Miami Dolphins,00-0036613,0.0,0.0,0.0,0.0,0.0,0.0,0.0,7.0,3.0,52.0,0.0,J.Waddle,MIA,team_norm & _alias_init_last,0.0,0.0,0.0,0.0,0.0,0.0,0.0,0.2400000000000002,1.2800000000000002,-18.799999999999997,0.42
2025,11,0.0,2025_11_WAS_MIA,Miami Dolphins,Malik Washington,WR,00-0039880,1.0,0.0,0.0,0.0,0.0,0.0,0.0,0.0,5.45,3.59,29.0,0.33,0.2825,72.0,30.38,39.6,170.4,144.7,1.926000623097624,1.432487340325903,0.7595213767565224,1.0,1.0,malik washington,malikwashington,mwashington,Miami Dolphins,00-0039880,0.0,0.0,0.0,0.0,0.0,0.0,0.0,3.0,3.0,42.0,0.0,M.Washington,MIA,team_norm & _alias_init_last,0.0,0.0,0.0,0.0,0.0,0.0,0.0,2.45,0.5899999999999999,-13.0,0.33
2025,11,0.0,2025_11_WAS_MIA,Miami Dolphins,Nick Westbrook-Ikhine,WR,00-0036182,1.0,0.0,0.0,0.0,0.0,0.0,0.0,0.0,3.63,1.8,16.7,0.22,0.1971,72.0,30.38,39.6,170.4,144.7,1.926000623097624,1.432487340325903,0.7595213767565224,1.0,1.0,nick westbrook-ikhine,nickwestbrookikhine,nwestbrookikhine,Miami Dolphins,00-0036182,,,,,,,,,,,,,,,,,,,,,,,,,
2025,11,0.0,2025_11_WAS_MIA,Miami Dolphins,Cedrick Wilson Jr.,WR,00-0034418,1.0,0.0,0.0,0.0,0.0,0.0,0.0,0.0,0.0,0.0,0.0,0.0,0.0,72.0,30.38,39.6,170.4,144.7,1.926000623097624,1.432487340325903,0.7595213767565224,1.0,1.0,cedrick wilson jr.,cedrickwilsonjr,cwilson,Miami Dolphins,00-0034418,,,,,,,,,,,,,,,,,,,,,,,,,
2025,11,0.0,2025_11_WAS_MIA,Miami Dolphins,Tahj Washington,WR,00-0039884,1.0,0.0,0.0,0.0,0.0,0.0,0.0,0.0,0.0,0.0,0.0,0.0,0.0,72.0,30.38,39.6,170.4,144.7,1.926000623097624,1.432487340325903,0.7595213767565224,1.0,1.0,tahj washington,tahjwashington,twashington,Miami Dolphins,00-0039884,,,,,,,,,,,,,,,,,,,,,,,,,
2025,11,0.0,2025_11_WAS_MIA,Washington Commanders,Marcus Mariota,QB,00-0032268,1.0,30.67,209.5,1.56,0.67,8.83,31.8,0.25,0.0,0.0,0.0,0.0,0.225,64.12,31.62,30.25,240.0,149.6,1.7571629286837778,0.8919499001385429,0.7906051599501713,1.0,1.0,marcus mariota,marcusmariota,mmariota,Washington Commanders,00-0032268,35.0,213.0,1.0,1.0,3.0,5.0,0.0,0.0,0.0,0.0,0.0,M.Mariota,WAS,team_norm & _alias_init_last,-4.329999999999998,-3.5,0.56,-0.32999999999999996,5.83,26.8,0.25,0.0,0.0,0.0,0.0
2025,11,0.0,2025_11_WAS_MIA,Washington Commanders,Chris Rodriguez Jr.,RB,00-0038611,1.0,0.0,0.0,0.0,0.0,13.77,62.0,0.54,3.86,2.61,27.7,0.21,0.5308,64.12,31.62,30.25,240.0,149.6,1.7571629286837778,0.8919499001385429,0.7906051599501713,1.0,1.0,chris rodriguez jr.,chrisrodriguezjr,crodriguez,Washington Commanders,00-0038611,0.0,0.0,0.0,0.0,15.0,79.0,0.0,1.0,1.0,6.0,0.0,C.Rodriguez,WAS,team_norm & _alias_init_last,0.0,0.0,0.0,0.0,-1.2300000000000004,-17.0,0.54,2.86,1.6099999999999999,21.7,0.21
2025,11,0.0,2025_11_WAS_MIA,Washington Commanders,Jacory Croskey-Merritt,RB,00-0040242,1.0,0.0,0.0,0.0,0.0,7.65,35.3,0.18,2.4,1.52,15.8,0.13,0.2699,64.12,31.62,30.25,240.0,149.6,1.7571629286837778,0.8919499001385429,0.7906051599501713,1.0,1.0,jacory croskey-merritt,jacorycroskeymerritt,jcroskeymerritt,Washington Commanders,00-0040242,0.0,0.0,0.0,0.0,9.0,28.0,0.0,1.0,1.0,5.0,0.0,J.Croskey-Merritt,WAS,team_norm & _alias_init_last,0.0,0.0,0.0,0.0,-1.3499999999999996,7.299999999999997,0.18,1.4,0.52,10.8,0.13
2025,11,0.0,2025_11_WAS_MIA,Washington Commanders,Chase Edmonds,RB,00-0034681,1.0,0.0,0.0,0.0,0.0,0.0,0.0,0.0,0.0,0.0,0.0,0.0,0.0,64.12,31.62,30.25,240.0,149.6,1.7571629286837778,0.8919499001385429,0.7906051599501713,1.0,1.0,chase edmonds,chaseedmonds,cedmonds,Washington Commanders,00-0034681,,,,,,,,,,,,,,,,,,,,,,,,,
2025,11,0.0,2025_11_WAS_MIA,Washington Commanders,Jeremy McNichols,RB,00-0033955,1.0,0.0,0.0,0.0,0.0,0.0,0.0,0.0,0.0,0.0,0.0,0.0,0.0,64.12,31.62,30.25,240.0,149.6,1.7571629286837778,0.8919499001385429,0.7906051599501713,1.0,1.0,jeremy mcnichols,jeremymcnichols,jmcnichols,Washington Commanders,00-0033955,0.0,0.0,0.0,0.0,4.0,13.0,0.0,2.0,2.0,16.0,0.0,J.McNichols,WAS,team_norm & _alias_init_last,0.0,0.0,0.0,0.0,-4.0,-13.0,0.0,-2.0,-2.0,-16.0,0.0
2025,11,0.0,2025_11_WAS_MIA,Washington Commanders,Zach Ertz,TE,00-0030061,1.0,0.0,0.0,0.0,0.0,0.0,0.0,0.0,5.82,3.36,32.0,0.31,0.2646,64.12,31.62,30.25,240.0,149.6,1.7571629286837778,0.8919499001385429,0.7906051599501713,1.0,1.0,zach ertz,zachertz,zertz,Washington Commanders,00-0030061,0.0,0.0,0.0,0.0,0.0,0.0,0.0,8.0,4.0,42.0,0.0,Z.Ertz,WAS,team_norm & _alias_init_last,0.0,0.0,0.0,0.0,0.0,0.0,0.0,-2.1799999999999997,-0.6400000000000001,-10.0,0.31
2025,11,0.0,2025_11_WAS_MIA,Washington Commanders,John Bates,TE,00-0036628,1.0,0.0,0.0,0.0,0.0,0.0,0.0,0.0,3.01,1.74,18.2,0.15,0.1426,64.12,31.62,30.25,240.0,149.6,1.7571629286837778,0.8919499001385429,0.7906051599501713,1.0,1.0,john bates,johnbates,jbates,Washington Commanders,00-0036628,0.0,0.0,0.0,0.0,0.0,0.0,0.0,1.0,0.0,0.0,0.0,J.Bates,WAS,team_norm & _alias_init_last,0.0,0.0,0.0,0.0,0.0,0.0,0.0,2.01,1.74,18.2,0.15
2025,11,0.0,2025_11_WAS_MIA,Washington Commanders,Colson Yankoff,TE,00-0039686,1.0,0.0,0.0,0.0,0.0,0.0,0.0,0.0,0.0,0.0,0.0,0.0,0.0,64.12,31.62,30.25,240.0,149.6,1.7571629286837778,0.8919499001385429,0.7906051599501713,1.0,1.0,colson yankoff,colsonyankoff,cyankoff,Washington Commanders,00-0039686,0.0,0.0,0.0,0.0,0.0,0.0,0.0,1.0,1.0,4.0,0.0,C.Yankoff,WAS,team_norm & _alias_init_last,0.0,0.0,0.0,0.0,0.0,0.0,0.0,-1.0,-1.0,-4.0,0.0
2025,11,0.0,2025_11_WAS_MIA,Washington Commanders,Gee Scott Jr.,TE,00-0040571,1.0,0.0,0.0,0.0,0.0,0.0,0.0,0.0,0.0,0.0,0.0,0.0,0.0,64.12,31.62,30.25,240.0,149.6,1.7571629286837778,0.8919499001385429,0.7906051599501713,0.0,0.0,gee scott jr.,geescottjr,gscott,Washington Commanders,00-0040571,,,,,,,,,,,,,,,,,,,,,,,,,
2025,11,0.0,2025_11_WAS_MIA,Washington Commanders,Deebo Samuel,WR,,1.0,0.0,0.0,0.0,0.0,0.0,0.0,0.0,7.15,4.34,83.3,0.4,0.3277,64.12,31.62,30.25,240.0,149.6,1.7571629286837778,0.8919499001385429,0.7906051599501713,0.0,0.0,deebo samuel,deebosamuel,dsamuel,Washington Commanders,,0.0,0.0,0.0,0.0,1.0,3.0,0.0,10.0,7.0,74.0,1.0,D.Samuel,WAS,team_norm & _alias_init_last,0.0,0.0,0.0,0.0,-1.0,-3.0,0.0,-2.8499999999999996,-2.66,9.299999999999997,-0.6
2025,11,0.0,2025_11_WAS_MIA,Washington Commanders,Jaylin Lane,WR,00-0040164,1.0,0.0,0.0,0.0,0.0,0.0,0.0,0.0,5.38,2.93,44.5,0.28,0.2461,64.12,31.62,30.25,240.0,149.6,1.7571629286837778,0.8919499001385429,0.7906051599501713,1.0,1.0,jaylin lane,jaylinlane,jlane,Washington Commanders,00-0040164,0.0,0.0,0.0,0.0,0.0,0.0,0.0,1.0,1.0,13.0,0.0,J.Lane,WAS,team_norm & _alias_init_last,0.0,0.0,0.0,0.0,0.0,0.0,0.0,4.38,1.9300000000000002,31.5,0.28
2025,11,0.0,2025_11_WAS_MIA,Washington Commanders,Chris Moore,WR,00-0032398,1.0,0.0,0.0,0.0,0.0,0.0,0.0,0.0,3.59,2.0,21.8,0.18,0.1684,64.12,31.62,30.25,240.0,149.6,1.7571629286837778,0.8919499001385429,0.7906051599501713,1.0,1.0,chris moore,chrismoore,cmoore,Washington Commanders,00-0032398,0.0,0.0,0.0,0.0,0.0,0.0,0.0,5.0,2.0,28.0,0.0,C.Moore,WAS,team_norm & _alias_init_last,0.0,0.0,0.0,0.0,0.0,0.0,0.0,-1.4100000000000001,0.0,-6.199999999999999,0.18
2025,11,0.0,2025_11_WAS_MIA,Washington Commanders,Braylon Sanders,WR,00-0037355,1.0,0.0,0.0,0.0,0.0,0.0,0.0,0.0,0.0,0.0,0.0,0.0,0.0,64.12,31.62,30.25,240.0,149.6,1.7571629286837778,0.8919499001385429,0.7906051599501713,0.0,0.0,braylon sanders,braylonsanders,bsanders,Washington Commanders,00-0037355,,,,,,,,,,,,,,,,,,,,,,,,,
2025,11,0.0,2025_11_WAS_MIA,Washington Commanders,Jacoby Jones,WR,00-0040317,1.0,0.0,0.0,0.0,0.0,0.0,0.0,0.0,0.0,0.0,0.0,0.0,0.0,64.12,31.62,30.25,240.0,149.6,1.7571629286837778,0.8919499001385429,0.7906051599501713,1.0,1.0,jacoby jones,jacobyjones,jjones,Washington Commanders,00-0032580,0.0,0.0,0.0,0.0,0.0,0.0,0.0,1.0,1.0,25.0,0.0,Ja.Jones,WAS,team_norm & _alias_init_last,0.0,0.0,0.0,0.0,0.0,0.0,0.0,-1.0,-1.0,-25.0,0.0
2025,11,0.0,2025_11_WAS_MIA,Washington Commanders,Robbie Chosen,WR,00-0032688,1.0,0.0,0.0,0.0,0.0,0.0,0.0,0.0,0.0,0.0,0.0,0.0,0.0,64.12,31.62,30.25,240.0,149.6,1.7571629286837778,0.8919499001385429,0.7906051599501713,1.0,1.0,robbie chosen,robbiechosen,rchosen,Washington Commanders,00-0032688,0.0,0.0,0.0,0.0,0.0,0.0,0.0,1.0,0.0,0.0,0.0,R.Chosen,WAS,team_norm & _alias_init_last,0.0,0.0,0.0,0.0,0.0,0.0,0.0,-1.0,0.0,0.0,0.0
