season,week,date,game_id,team,player,position,player_id,is_active,pass_attempts,pass_yards,pass_tds,interceptions,rush_attempts,rush_yards,rush_tds,targets,receptions,rec_yards,rec_tds,any_td_prob,team_plays,team_pass_attempts,team_rush_attempts,team_pass_yards,team_rush_yards,team_exp_pass_tds,team_exp_rush_tds,team_exp_int,is_active_pid,is_active_nm
2025,15,0.0,2025_15_ARI_HOU,Arizona Cardinals,Jacoby Brissett,QB,00-0033119,1.0,38.84,254.8,2.01,1.25,2.77,10.3,0.05,0.0,0.0,0.0,0.0,0.0474,72.0,46.81,21.6,355.3,106.8,2.9820805797863317,0.36552670980747815,1.1701439355000538,1.0,1.0
2025,15,0.0,2025_15_ARI_HOU,Arizona Cardinals,Bam Knight,RB,00-0037157,1.0,0.0,0.0,0.0,0.0,12.1,52.8,0.24,5.28,3.53,28.6,0.35,0.4451,72.0,46.81,21.6,355.3,106.8,2.9820805797863317,0.36552670980747815,1.1701439355000538,1.0,1.0
2025,15,0.0,2025_15_ARI_HOU,Arizona Cardinals,Michael Carter,RB,00-0036924,1.0,0.0,0.0,0.0,0.0,6.72,29.1,0.08,3.29,2.28,16.8,0.22,0.2615,72.0,46.81,21.6,355.3,106.8,2.9820805797863317,0.36552670980747815,1.1701439355000538,1.0,1.0
2025,15,0.0,2025_15_ARI_HOU,Arizona Cardinals,Corey Kiner,RB,00-0040556,1.0,0.0,0.0,0.0,0.0,0.0,0.0,0.0,0.0,0.0,0.0,0.0,0.0,72.0,46.81,21.6,355.3,106.8,2.9820805797863317,0.36552670980747815,1.1701439355000538,1.0,1.0
2025,15,0.0,2025_15_ARI_HOU,Arizona Cardinals,Emari Demercado,RB,00-0038705,1.0,0.0,0.0,0.0,0.0,0.0,0.0,0.0,0.0,0.0,0.0,0.0,0.0,72.0,46.81,21.6,355.3,106.8,2.9820805797863317,0.36552670980747815,1.1701439355000538,1.0,1.0
2025,15,0.0,2025_15_ARI_HOU,Arizona Cardinals,Trey McBride,TE,00-0037744,1.0,0.0,0.0,0.0,0.0,0.0,0.0,0.0,8.19,5.08,39.3,0.47,0.378,72.0,46.81,21.6,355.3,106.8,2.9820805797863317,0.36552670980747815,1.1701439355000538,1.0,1.0
2025,15,0.0,2025_15_ARI_HOU,Arizona Cardinals,Elijah Higgins,TE,00-0039041,1.0,0.0,0.0,0.0,0.0,0.0,0.0,0.0,4.23,2.67,22.4,0.25,0.2193,72.0,46.81,21.6,355.3,106.8,2.9820805797863317,0.36552670980747815,1.1701439355000538,1.0,1.0
2025,15,0.0,2025_15_ARI_HOU,Arizona Cardinals,Josiah Deguara,TE,00-0036332,1.0,0.0,0.0,0.0,0.0,0.0,0.0,0.0,0.0,0.0,0.0,0.0,0.0,72.0,46.81,21.6,355.3,106.8,2.9820805797863317,0.36552670980747815,1.1701439355000538,1.0,1.0
2025,15,0.0,2025_15_ARI_HOU,Arizona Cardinals,Oscar Cardenas,TE,00-0040381,1.0,0.0,0.0,0.0,0.0,0.0,0.0,0.0,0.0,0.0,0.0,0.0,0.0,72.0,46.81,21.6,355.3,106.8,2.9820805797863317,0.36552670980747815,1.1701439355000538,0.0,0.0
2025,15,0.0,2025_15_ARI_HOU,Arizona Cardinals,Pharaoh Brown,TE,00-0033439,1.0,0.0,0.0,0.0,0.0,0.0,0.0,0.0,0.0,0.0,0.0,0.0,0.0,72.0,46.81,21.6,355.3,106.8,2.9820805797863317,0.36552670980747815,1.1701439355000538,1.0,1.0
2025,15,0.0,2025_15_ARI_HOU,Arizona Cardinals,Marvin Harrison Jr.,WR,00-0039849,1.0,0.0,0.0,0.0,0.0,0.0,0.0,0.0,11.44,5.89,71.4,0.69,0.4976,72.0,46.81,21.6,355.3,106.8,2.9820805797863317,0.36552670980747815,1.1701439355000538,0.0,0.0
2025,15,0.0,2025_15_ARI_HOU,Arizona Cardinals,Michael Wilson,WR,00-0038559,1.0,0.0,0.0,0.0,0.0,0.0,0.0,0.0,8.62,4.96,61.6,0.54,0.4177,72.0,46.81,21.6,355.3,106.8,2.9820805797863317,0.36552670980747815,1.1701439355000538,1.0,1.0
2025,15,0.0,2025_15_ARI_HOU,Arizona Cardinals,Xavier Weaver,WR,00-0039521,1.0,0.0,0.0,0.0,0.0,0.0,0.0,0.0,5.75,3.05,48.4,0.36,0.3043,72.0,46.81,21.6,355.3,106.8,2.9820805797863317,0.36552670980747815,1.1701439355000538,0.0,0.0
2025,15,0.0,2025_15_ARI_HOU,Arizona Cardinals,Andre Baccellia,WR,00-0035876,1.0,0.0,0.0,0.0,0.0,0.0,0.0,0.0,0.0,0.0,0.0,0.0,0.0,72.0,46.81,21.6,355.3,106.8,2.9820805797863317,0.36552670980747815,1.1701439355000538,1.0,1.0
2025,15,0.0,2025_15_ARI_HOU,Arizona Cardinals,Jalen Brooks,WR,00-0038640,1.0,0.0,0.0,0.0,0.0,0.0,0.0,0.0,0.0,0.0,0.0,0.0,0.0,72.0,46.81,21.6,355.3,106.8,2.9820805797863317,0.36552670980747815,1.1701439355000538,1.0,1.0
2025,15,0.0,2025_15_ARI_HOU,Houston Texans,C.J. Stroud,QB,00-0039163,1.0,37.22,203.4,2.44,1.01,5.54,16.2,0.27,0.0,0.0,0.0,0.0,0.2403,72.0,37.78,31.89,212.0,116.5,3.4005289199121327,1.4981169071481126,0.9445290363196126,1.0,1.0
2025,15,0.0,2025_15_ARI_HOU,Houston Texans,Woody Marks,RB,00-0040583,1.0,0.0,0.0,0.0,0.0,16.94,53.8,0.96,4.29,2.5,17.6,0.4,0.7431,72.0,37.78,31.89,212.0,116.5,3.4005289199121327,1.4981169071481126,0.9445290363196126,1.0,1.0
2025,15,0.0,2025_15_ARI_HOU,Houston Texans,Nick Chubb,RB,00-0034791,1.0,0.0,0.0,0.0,0.0,9.41,28.8,0.33,2.67,1.59,9.9,0.23,0.4318,72.0,37.78,31.89,212.0,116.5,3.4005289199121327,1.4981169071481126,0.9445290363196126,0.0,0.0
2025,15,0.0,2025_15_ARI_HOU,Houston Texans,Dare Ogunbowale,RB,00-0033854,1.0,0.0,0.0,0.0,0.0,0.0,0.0,0.0,0.0,0.0,0.0,0.0,0.0,72.0,37.78,31.89,212.0,116.5,3.4005289199121327,1.4981169071481126,0.9445290363196126,1.0,1.0
2025,15,0.0,2025_15_ARI_HOU,Houston Texans,Jawhar Jordan,RB,00-0039405,1.0,0.0,0.0,0.0,0.0,0.0,0.0,0.0,0.0,0.0,0.0,0.0,0.0,72.0,37.78,31.89,212.0,116.5,3.4005289199121327,1.4981169071481126,0.9445290363196126,1.0,1.0
2025,15,0.0,2025_15_ARI_HOU,Houston Texans,Dalton Schultz,TE,00-0034383,1.0,0.0,0.0,0.0,0.0,0.0,0.0,0.0,6.82,3.92,26.2,0.55,0.4242,72.0,37.78,31.89,212.0,116.5,3.4005289199121327,1.4981169071481126,0.9445290363196126,1.0,1.0
2025,15,0.0,2025_15_ARI_HOU,Houston Texans,Harrison Bryant,TE,00-0036232,1.0,0.0,0.0,0.0,0.0,0.0,0.0,0.0,3.52,1.93,14.1,0.3,0.2603,72.0,37.78,31.89,212.0,116.5,3.4005289199121327,1.4981169071481126,0.9445290363196126,1.0,1.0
2025,15,0.0,2025_15_ARI_HOU,Houston Texans,Cade Stover,TE,00-0039359,1.0,0.0,0.0,0.0,0.0,0.0,0.0,0.0,0.0,0.0,0.0,0.0,0.0,72.0,37.78,31.89,212.0,116.5,3.4005289199121327,1.4981169071481126,0.9445290363196126,1.0,1.0
2025,15,0.0,2025_15_ARI_HOU,Houston Texans,Dalton Keene,TE,00-0036225,1.0,0.0,0.0,0.0,0.0,0.0,0.0,0.0,0.0,0.0,0.0,0.0,0.0,72.0,37.78,31.89,212.0,116.5,3.4005289199121327,1.4981169071481126,0.9445290363196126,0.0,0.0
2025,15,0.0,2025_15_ARI_HOU,Houston Texans,Nico Collins,WR,00-0036554,1.0,0.0,0.0,0.0,0.0,0.0,0.0,0.0,9.08,5.54,40.6,0.77,0.5391,72.0,37.78,31.89,212.0,116.5,3.4005289199121327,1.4981169071481126,0.9445290363196126,1.0,1.0
2025,15,0.0,2025_15_ARI_HOU,Houston Texans,Jayden Higgins,WR,00-0040130,1.0,0.0,0.0,0.0,0.0,0.0,0.0,0.0,6.84,4.09,36.5,0.59,0.4435,72.0,37.78,31.89,212.0,116.5,3.4005289199121327,1.4981169071481126,0.9445290363196126,1.0,1.0
2025,15,0.0,2025_15_ARI_HOU,Houston Texans,Xavier Hutchinson,WR,00-0038618,1.0,0.0,0.0,0.0,0.0,0.0,0.0,0.0,4.56,2.45,21.9,0.38,0.3165,72.0,37.78,31.89,212.0,116.5,3.4005289199121327,1.4981169071481126,0.9445290363196126,1.0,1.0
2025,15,0.0,2025_15_ARI_HOU,Houston Texans,Braxton Berrios,WR,00-0034419,1.0,0.0,0.0,0.0,0.0,0.0,0.0,0.0,0.0,0.0,0.0,0.0,0.0,72.0,37.78,31.89,212.0,116.5,3.4005289199121327,1.4981169071481126,0.9445290363196126,0.0,0.0
2025,15,0.0,2025_15_ARI_HOU,Houston Texans,Christian Kirk,WR,00-0034775,1.0,0.0,0.0,0.0,0.0,0.0,0.0,0.0,0.0,0.0,0.0,0.0,0.0,72.0,37.78,31.89,212.0,116.5,3.4005289199121327,1.4981169071481126,0.9445290363196126,1.0,1.0
2025,15,0.0,2025_15_ARI_HOU,Houston Texans,Daniel Jackson,WR,00-0040412,1.0,0.0,0.0,0.0,0.0,0.0,0.0,0.0,0.0,0.0,0.0,0.0,0.0,72.0,37.78,31.89,212.0,116.5,3.4005289199121327,1.4981169071481126,0.9445290363196126,0.0,0.0
2025,15,0.0,2025_15_ARI_HOU,Houston Texans,Jaylin Noel,WR,00-0040138,1.0,0.0,0.0,0.0,0.0,0.0,0.0,0.0,0.0,0.0,0.0,0.0,0.0,72.0,37.78,31.89,212.0,116.5,3.4005289199121327,1.4981169071481126,0.9445290363196126,1.0,1.0
2025,15,0.0,2025_15_ATL_TB,Atlanta Falcons,Kirk Cousins,QB,00-0029604,1.0,36.1,200.6,1.47,0.93,3.54,10.3,0.09,0.0,0.0,0.0,0.0,0.082,72.0,34.97,34.88,196.2,127.5,1.6626286518123747,0.8363468280142359,0.8742210367704488,1.0,1.0
2025,15,0.0,2025_15_ATL_TB,Atlanta Falcons,Bijan Robinson,RB,00-0038542,1.0,0.0,0.0,0.0,0.0,20.15,61.0,0.57,4.03,2.65,15.4,0.19,0.5359,72.0,34.97,34.88,196.2,127.5,1.6626286518123747,0.8363468280142359,0.8742210367704488,1.0,1.0
2025,15,0.0,2025_15_ATL_TB,Atlanta Falcons,Tyler Allgeier,RB,00-0037263,1.0,0.0,0.0,0.0,0.0,11.19,34.0,0.21,2.51,1.73,9.9,0.12,0.2806,72.0,34.97,34.88,196.2,127.5,1.6626286518123747,0.8363468280142359,0.8742210367704488,1.0,1.0
2025,15,0.0,2025_15_ATL_TB,Atlanta Falcons,Nate Carter,RB,00-0040547,1.0,0.0,0.0,0.0,0.0,0.0,0.0,0.0,0.0,0.0,0.0,0.0,0.0,72.0,34.97,34.88,196.2,127.5,1.6626286518123747,0.8363468280142359,0.8742210367704488,1.0,1.0
2025,15,0.0,2025_15_ATL_TB,Atlanta Falcons,Kyle Pitts Sr.,TE,None,1.0,0.0,0.0,0.0,0.0,0.0,0.0,0.0,6.09,3.38,39.1,0.29,0.2516,72.0,34.97,34.88,196.2,127.5,1.6626286518123747,0.8363468280142359,0.8742210367704488,0.0,0.0
2025,15,0.0,2025_15_ATL_TB,Atlanta Falcons,Charlie Woerner,TE,00-0036429,1.0,0.0,0.0,0.0,0.0,0.0,0.0,0.0,3.15,1.87,15.6,0.14,0.1315,72.0,34.97,34.88,196.2,127.5,1.6626286518123747,0.8363468280142359,0.8742210367704488,1.0,1.0
2025,15,0.0,2025_15_ATL_TB,Atlanta Falcons,Feleipe Franks,TE,00-0036825,1.0,0.0,0.0,0.0,0.0,0.0,0.0,0.0,0.0,0.0,0.0,0.0,0.0,72.0,34.97,34.88,196.2,127.5,1.6626286518123747,0.8363468280142359,0.8742210367704488,1.0,1.0
2025,15,0.0,2025_15_ATL_TB,Atlanta Falcons,Teagan Quitoriano,TE,00-0037277,1.0,0.0,0.0,0.0,0.0,0.0,0.0,0.0,0.0,0.0,0.0,0.0,0.0,72.0,34.97,34.88,196.2,127.5,1.6626286518123747,0.8363468280142359,0.8742210367704488,1.0,1.0
2025,15,0.0,2025_15_ATL_TB,Atlanta Falcons,Drake London,WR,00-0037238,1.0,0.0,0.0,0.0,0.0,0.0,0.0,0.0,8.45,5.14,38.5,0.39,0.321,72.0,34.97,34.88,196.2,127.5,1.6626286518123747,0.8363468280142359,0.8742210367704488,0.0,0.0
2025,15,0.0,2025_15_ATL_TB,Atlanta Falcons,Darnell Mooney,WR,00-0036309,1.0,0.0,0.0,0.0,0.0,0.0,0.0,0.0,6.36,3.5,29.1,0.27,0.2402,72.0,34.97,34.88,196.2,127.5,1.6626286518123747,0.8363468280142359,0.8742210367704488,1.0,1.0
2025,15,0.0,2025_15_ATL_TB,Atlanta Falcons,David Sills V,WR,None,1.0,0.0,0.0,0.0,0.0,0.0,0.0,0.0,4.24,2.7,34.9,0.2,0.1827,72.0,34.97,34.88,196.2,127.5,1.6626286518123747,0.8363468280142359,0.8742210367704488,0.0,0.0
2025,15,0.0,2025_15_ATL_TB,Atlanta Falcons,Casey Washington,WR,00-0039394,1.0,0.0,0.0,0.0,0.0,0.0,0.0,0.0,0.0,0.0,0.0,0.0,0.0,72.0,34.97,34.88,196.2,127.5,1.6626286518123747,0.8363468280142359,0.8742210367704488,0.0,0.0
2025,15,0.0,2025_15_ATL_TB,Atlanta Falcons,Chris Blair,WR,00-0036463,1.0,0.0,0.0,0.0,0.0,0.0,0.0,0.0,0.0,0.0,0.0,0.0,0.0,72.0,34.97,34.88,196.2,127.5,1.6626286518123747,0.8363468280142359,0.8742210367704488,1.0,1.0
2025,15,0.0,2025_15_ATL_TB,Atlanta Falcons,Deven Thompkins,WR,00-0037487,1.0,0.0,0.0,0.0,0.0,0.0,0.0,0.0,0.0,0.0,0.0,0.0,0.0,72.0,34.97,34.88,196.2,127.5,1.6626286518123747,0.8363468280142359,0.8742210367704488,1.0,1.0
2025,15,0.0,2025_15_ATL_TB,Atlanta Falcons,Dylan Drummond,WR,00-0038953,1.0,0.0,0.0,0.0,0.0,0.0,0.0,0.0,0.0,0.0,0.0,0.0,0.0,72.0,34.97,34.88,196.2,127.5,1.6626286518123747,0.8363468280142359,0.8742210367704488,1.0,1.0
2025,15,0.0,2025_15_ATL_TB,Atlanta Falcons,KhaDarel Hodge,WR,00-0034854,1.0,0.0,0.0,0.0,0.0,0.0,0.0,0.0,0.0,0.0,0.0,0.0,0.0,72.0,34.97,34.88,196.2,127.5,1.6626286518123747,0.8363468280142359,0.8742210367704488,1.0,1.0
2025,15,0.0,2025_15_ATL_TB,Tampa Bay Buccaneers,Baker Mayfield,QB,00-0034855,1.0,36.02,198.4,2.16,0.94,6.64,19.0,0.24,0.0,0.0,0.0,0.0,0.2096,72.0,35.34,34.05,198.3,124.5,2.5062257368398444,1.1881489460174213,0.8835426044226043,1.0,1.0
2025,15,0.0,2025_15_ATL_TB,Tampa Bay Buccaneers,Bucky Irving,RB,00-0039361,1.0,0.0,0.0,0.0,0.0,17.62,57.3,0.73,4.09,2.97,15.4,0.3,0.643,72.0,35.34,34.05,198.3,124.5,2.5062257368398444,1.1881489460174213,0.8835426044226043,1.0,1.0
2025,15,0.0,2025_15_ATL_TB,Tampa Bay Buccaneers,Rachaad White,RB,00-0037256,1.0,0.0,0.0,0.0,0.0,9.79,30.7,0.26,2.54,1.88,8.4,0.19,0.3575,72.0,35.34,34.05,198.3,124.5,2.5062257368398444,1.1881489460174213,0.8835426044226043,1.0,1.0
2025,15,0.0,2025_15_ATL_TB,Tampa Bay Buccaneers,Sean Tucker,RB,00-0038951,1.0,0.0,0.0,0.0,0.0,0.0,0.0,0.0,0.0,0.0,0.0,0.0,0.0,72.0,35.34,34.05,198.3,124.5,2.5062257368398444,1.1881489460174213,0.8835426044226043,1.0,1.0
2025,15,0.0,2025_15_ATL_TB,Tampa Bay Buccaneers,Cade Otton,TE,00-0038129,1.0,0.0,0.0,0.0,0.0,0.0,0.0,0.0,6.14,3.46,23.1,0.4,0.3318,72.0,35.34,34.05,198.3,124.5,2.5062257368398444,1.1881489460174213,0.8835426044226043,0.0,0.0
2025,15,0.0,2025_15_ATL_TB,Tampa Bay Buccaneers,Payne Durham,TE,00-0039050,1.0,0.0,0.0,0.0,0.0,0.0,0.0,0.0,3.17,1.85,15.4,0.22,0.1956,72.0,35.34,34.05,198.3,124.5,2.5062257368398444,1.1881489460174213,0.8835426044226043,1.0,1.0
2025,15,0.0,2025_15_ATL_TB,Tampa Bay Buccaneers,Devin Culp,TE,00-0039754,1.0,0.0,0.0,0.0,0.0,0.0,0.0,0.0,0.0,0.0,0.0,0.0,0.0,72.0,35.34,34.05,198.3,124.5,2.5062257368398444,1.1881489460174213,0.8835426044226043,1.0,1.0
2025,15,0.0,2025_15_ATL_TB,Tampa Bay Buccaneers,Mike Evans,WR,00-0031408,1.0,0.0,0.0,0.0,0.0,0.0,0.0,0.0,8.6,4.78,38.7,0.58,0.4381,72.0,35.34,34.05,198.3,124.5,2.5062257368398444,1.1881489460174213,0.8835426044226043,1.0,1.0
2025,15,0.0,2025_15_ATL_TB,Tampa Bay Buccaneers,Emeka Egbuka,WR,00-0040129,1.0,0.0,0.0,0.0,0.0,0.0,0.0,0.0,6.48,3.26,32.1,0.43,0.3524,72.0,35.34,34.05,198.3,124.5,2.5062257368398444,1.1881489460174213,0.8835426044226043,1.0,1.0
2025,15,0.0,2025_15_ATL_TB,Tampa Bay Buccaneers,Chris Godwin Jr.,WR,00-0033921,1.0,0.0,0.0,0.0,0.0,0.0,0.0,0.0,4.32,2.87,18.3,0.29,0.2501,72.0,35.34,34.05,198.3,124.5,2.5062257368398444,1.1881489460174213,0.8835426044226043,1.0,1.0
2025,15,0.0,2025_15_ATL_TB,Tampa Bay Buccaneers,Jalen McMillan,WR,00-0039855,1.0,0.0,0.0,0.0,0.0,0.0,0.0,0.0,0.0,0.0,0.0,0.0,0.0,72.0,35.34,34.05,198.3,124.5,2.5062257368398444,1.1881489460174213,0.8835426044226043,1.0,1.0
2025,15,0.0,2025_15_ATL_TB,Tampa Bay Buccaneers,Kameron Johnson,WR,00-0039589,1.0,0.0,0.0,0.0,0.0,0.0,0.0,0.0,0.0,0.0,0.0,0.0,0.0,72.0,35.34,34.05,198.3,124.5,2.5062257368398444,1.1881489460174213,0.8835426044226043,1.0,1.0
2025,15,0.0,2025_15_ATL_TB,Tampa Bay Buccaneers,Sterling Shepard,WR,00-0032385,1.0,0.0,0.0,0.0,0.0,0.0,0.0,0.0,0.0,0.0,0.0,0.0,0.0,72.0,35.34,34.05,198.3,124.5,2.5062257368398444,1.1881489460174213,0.8835426044226043,1.0,1.0
2025,15,0.0,2025_15_ATL_TB,Tampa Bay Buccaneers,Tez Johnson,WR,00-0040237,1.0,0.0,0.0,0.0,0.0,0.0,0.0,0.0,0.0,0.0,0.0,0.0,0.0,72.0,35.34,34.05,198.3,124.5,2.5062257368398444,1.1881489460174213,0.8835426044226043,1.0,1.0
2025,15,0.0,2025_15_BAL_CIN,Baltimore Ravens,Lamar Jackson,QB,00-0034796,1.0,31.57,180.3,1.95,0.85,9.2,23.4,0.26,0.0,0.0,0.0,0.0,0.2286,61.54,31.74,27.61,178.1,100.9,2.3066754683586224,0.9064127601827079,0.7935964116854808,1.0,1.0
2025,15,0.0,2025_15_BAL_CIN,Baltimore Ravens,Derrick Henry,RB,00-0032764,1.0,0.0,0.0,0.0,0.0,11.83,36.0,0.51,3.73,2.37,14.5,0.27,0.5439,61.54,31.74,27.61,178.1,100.9,2.3066754683586224,0.9064127601827079,0.7935964116854808,1.0,1.0
2025,15,0.0,2025_15_BAL_CIN,Baltimore Ravens,Keaton Mitchell,RB,00-0038454,1.0,0.0,0.0,0.0,0.0,6.57,21.0,0.18,2.32,1.53,10.7,0.17,0.2921,61.54,31.74,27.61,178.1,100.9,2.3066754683586224,0.9064127601827079,0.7935964116854808,1.0,1.0
2025,15,0.0,2025_15_BAL_CIN,Baltimore Ravens,Rasheen Ali,RB,00-0039796,1.0,0.0,0.0,0.0,0.0,0.0,0.0,0.0,0.0,0.0,0.0,0.0,0.0,61.54,31.74,27.61,178.1,100.9,2.3066754683586224,0.9064127601827079,0.7935964116854808,1.0,1.0
2025,15,0.0,2025_15_BAL_CIN,Baltimore Ravens,Mark Andrews,TE,00-0034753,1.0,0.0,0.0,0.0,0.0,0.0,0.0,0.0,5.93,3.3,22.9,0.41,0.3387,61.54,31.74,27.61,178.1,100.9,2.3066754683586224,0.9064127601827079,0.7935964116854808,1.0,1.0
2025,15,0.0,2025_15_BAL_CIN,Baltimore Ravens,Isaiah Likely,TE,00-0037838,1.0,0.0,0.0,0.0,0.0,0.0,0.0,0.0,3.07,1.77,12.0,0.21,0.1906,61.54,31.74,27.61,178.1,100.9,2.3066754683586224,0.9064127601827079,0.7935964116854808,1.0,1.0
2025,15,0.0,2025_15_BAL_CIN,Baltimore Ravens,Baylor Cupp,TE,00-0039316,1.0,0.0,0.0,0.0,0.0,0.0,0.0,0.0,0.0,0.0,0.0,0.0,0.0,61.54,31.74,27.61,178.1,100.9,2.3066754683586224,0.9064127601827079,0.7935964116854808,0.0,0.0
2025,15,0.0,2025_15_BAL_CIN,Baltimore Ravens,Charlie Kolar,TE,00-0038046,1.0,0.0,0.0,0.0,0.0,0.0,0.0,0.0,0.0,0.0,0.0,0.0,0.0,61.54,31.74,27.61,178.1,100.9,2.3066754683586224,0.9064127601827079,0.7935964116854808,1.0,1.0
2025,15,0.0,2025_15_BAL_CIN,Baltimore Ravens,Zay Flowers,WR,00-0039064,1.0,0.0,0.0,0.0,0.0,0.0,0.0,0.0,7.13,4.9,34.6,0.48,0.3784,61.54,31.74,27.61,178.1,100.9,2.3066754683586224,0.9064127601827079,0.7935964116854808,1.0,1.0
2025,15,0.0,2025_15_BAL_CIN,Baltimore Ravens,Rashod Bateman,WR,00-0036550,1.0,0.0,0.0,0.0,0.0,0.0,0.0,0.0,5.37,3.2,26.1,0.37,0.307,61.54,31.74,27.61,178.1,100.9,2.3066754683586224,0.9064127601827079,0.7935964116854808,0.0,0.0
2025,15,0.0,2025_15_BAL_CIN,Baltimore Ravens,DeAndre Hopkins,WR,00-0030564,1.0,0.0,0.0,0.0,0.0,0.0,0.0,0.0,3.58,2.13,15.9,0.24,0.2139,61.54,31.74,27.61,178.1,100.9,2.3066754683586224,0.9064127601827079,0.7935964116854808,1.0,1.0
2025,15,0.0,2025_15_BAL_CIN,Baltimore Ravens,Anthony Miller,WR,00-0034353,1.0,0.0,0.0,0.0,0.0,0.0,0.0,0.0,0.0,0.0,0.0,0.0,0.0,61.54,31.74,27.61,178.1,100.9,2.3066754683586224,0.9064127601827079,0.7935964116854808,0.0,0.0
2025,15,0.0,2025_15_BAL_CIN,Baltimore Ravens,Devontez Walker,WR,00-0039792,1.0,0.0,0.0,0.0,0.0,0.0,0.0,0.0,0.0,0.0,0.0,0.0,0.0,61.54,31.74,27.61,178.1,100.9,2.3066754683586224,0.9064127601827079,0.7935964116854808,1.0,1.0
2025,15,0.0,2025_15_BAL_CIN,Baltimore Ravens,LaJohntay Wester,WR,00-0040075,1.0,0.0,0.0,0.0,0.0,0.0,0.0,0.0,0.0,0.0,0.0,0.0,0.0,61.54,31.74,27.61,178.1,100.9,2.3066754683586224,0.9064127601827079,0.7935964116854808,1.0,1.0
2025,15,0.0,2025_15_BAL_CIN,Baltimore Ravens,Tylan Wallace,WR,00-0036630,1.0,0.0,0.0,0.0,0.0,0.0,0.0,0.0,0.0,0.0,0.0,0.0,0.0,61.54,31.74,27.61,178.1,100.9,2.3066754683586224,0.9064127601827079,0.7935964116854808,1.0,1.0
2025,15,0.0,2025_15_BAL_CIN,Cincinnati Bengals,Joe Burrow,QB,00-0036442,1.0,45.09,257.8,1.8,1.24,3.31,10.2,0.08,0.0,0.0,0.0,0.0,0.0756,72.0,46.67,22.8,291.6,92.8,1.826112006836467,0.48217959933881827,1.1667983958934312,1.0,1.0
2025,15,0.0,2025_15_BAL_CIN,Cincinnati Bengals,Chase Brown,RB,00-0038597,1.0,0.0,0.0,0.0,0.0,12.53,42.7,0.32,5.26,3.61,22.3,0.21,0.4144,72.0,46.67,22.8,291.6,92.8,1.826112006836467,0.48217959933881827,1.1667983958934312,1.0,1.0
2025,15,0.0,2025_15_BAL_CIN,Cincinnati Bengals,Samaje Perine,RB,00-0033526,1.0,0.0,0.0,0.0,0.0,6.96,24.8,0.12,3.28,2.23,13.1,0.13,0.2143,72.0,46.67,22.8,291.6,92.8,1.826112006836467,0.48217959933881827,1.1667983958934312,1.0,1.0
2025,15,0.0,2025_15_BAL_CIN,Cincinnati Bengals,Tahj Brooks,RB,00-0040208,1.0,0.0,0.0,0.0,0.0,0.0,0.0,0.0,0.0,0.0,0.0,0.0,0.0,72.0,46.67,22.8,291.6,92.8,1.826112006836467,0.48217959933881827,1.1667983958934312,1.0,1.0
2025,15,0.0,2025_15_BAL_CIN,Cincinnati Bengals,Mike Gesicki,TE,00-0034829,1.0,0.0,0.0,0.0,0.0,0.0,0.0,0.0,8.15,4.52,35.1,0.3,0.2599,72.0,46.67,22.8,291.6,92.8,1.826112006836467,0.48217959933881827,1.1667983958934312,1.0,1.0
2025,15,0.0,2025_15_BAL_CIN,Cincinnati Bengals,Noah Fant,TE,00-0035644,1.0,0.0,0.0,0.0,0.0,0.0,0.0,0.0,4.21,2.6,17.1,0.14,0.135,72.0,46.67,22.8,291.6,92.8,1.826112006836467,0.48217959933881827,1.1667983958934312,1.0,1.0
2025,15,0.0,2025_15_BAL_CIN,Cincinnati Bengals,Cam Grandy,TE,00-0039631,1.0,0.0,0.0,0.0,0.0,0.0,0.0,0.0,0.0,0.0,0.0,0.0,0.0,72.0,46.67,22.8,291.6,92.8,1.826112006836467,0.48217959933881827,1.1667983958934312,1.0,1.0
2025,15,0.0,2025_15_BAL_CIN,Cincinnati Bengals,Drew Sample,TE,00-0035631,1.0,0.0,0.0,0.0,0.0,0.0,0.0,0.0,0.0,0.0,0.0,0.0,0.0,72.0,46.67,22.8,291.6,92.8,1.826112006836467,0.48217959933881827,1.1667983958934312,1.0,1.0
2025,15,0.0,2025_15_BAL_CIN,Cincinnati Bengals,Tanner Hudson,TE,00-0034613,1.0,0.0,0.0,0.0,0.0,0.0,0.0,0.0,0.0,0.0,0.0,0.0,0.0,72.0,46.67,22.8,291.6,92.8,1.826112006836467,0.48217959933881827,1.1667983958934312,1.0,1.0
2025,15,0.0,2025_15_BAL_CIN,Cincinnati Bengals,Ja'Marr Chase,WR,00-0036900,1.0,0.0,0.0,0.0,0.0,0.0,0.0,0.0,11.42,7.49,55.8,0.43,0.3502,72.0,46.67,22.8,291.6,92.8,1.826112006836467,0.48217959933881827,1.1667983958934312,1.0,1.0
2025,15,0.0,2025_15_BAL_CIN,Cincinnati Bengals,Tee Higgins,WR,00-0036410,1.0,0.0,0.0,0.0,0.0,0.0,0.0,0.0,8.6,5.26,42.5,0.33,0.2796,72.0,46.67,22.8,291.6,92.8,1.826112006836467,0.48217959933881827,1.1667983958934312,0.0,0.0
2025,15,0.0,2025_15_BAL_CIN,Cincinnati Bengals,Andrei Iosivas,WR,00-0038619,1.0,0.0,0.0,0.0,0.0,0.0,0.0,0.0,5.74,3.16,28.7,0.22,0.1958,72.0,46.67,22.8,291.6,92.8,1.826112006836467,0.48217959933881827,1.1667983958934312,1.0,1.0
2025,15,0.0,2025_15_BAL_CIN,Cincinnati Bengals,Charlie Jones,WR,00-0038576,1.0,0.0,0.0,0.0,0.0,0.0,0.0,0.0,0.0,0.0,0.0,0.0,0.0,72.0,46.67,22.8,291.6,92.8,1.826112006836467,0.48217959933881827,1.1667983958934312,1.0,1.0
2025,15,0.0,2025_15_BAL_CIN,Cincinnati Bengals,Cole Burgess,WR,00-0039626,1.0,0.0,0.0,0.0,0.0,0.0,0.0,0.0,0.0,0.0,0.0,0.0,0.0,72.0,46.67,22.8,291.6,92.8,1.826112006836467,0.48217959933881827,1.1667983958934312,0.0,0.0
2025,15,0.0,2025_15_BAL_CIN,Cincinnati Bengals,Mitchell Tinsley,WR,00-0038839,1.0,0.0,0.0,0.0,0.0,0.0,0.0,0.0,0.0,0.0,0.0,0.0,0.0,72.0,46.67,22.8,291.6,92.8,1.826112006836467,0.48217959933881827,1.1667983958934312,1.0,1.0
2025,15,0.0,2025_15_BUF_NE,Buffalo Bills,Josh Allen,QB,00-0034857,1.0,38.95,261.0,1.94,1.1,7.55,26.4,0.23,0.0,0.0,0.0,0.0,0.2077,68.76,41.2,24.8,312.7,122.6,2.363050900153177,0.7012161071423169,1.0298827421923256,1.0,1.0
2025,15,0.0,2025_15_BUF_NE,Buffalo Bills,James Cook III,RB,None,1.0,0.0,0.0,0.0,0.0,11.09,59.9,0.38,4.81,3.01,32.9,0.28,0.4823,68.76,41.2,24.8,312.7,122.6,2.363050900153177,0.7012161071423169,1.0298827421923256,0.0,0.0
2025,15,0.0,2025_15_BUF_NE,Buffalo Bills,Ray Davis,RB,00-0039875,1.0,0.0,0.0,0.0,0.0,6.16,26.8,0.14,2.99,2.02,16.0,0.18,0.271,68.76,41.2,24.8,312.7,122.6,2.363050900153177,0.7012161071423169,1.0298827421923256,1.0,1.0
2025,15,0.0,2025_15_BUF_NE,Buffalo Bills,Ty Johnson,RB,00-0035537,1.0,0.0,0.0,0.0,0.0,0.0,0.0,0.0,0.0,0.0,0.0,0.0,0.0,68.76,41.2,24.8,312.7,122.6,2.363050900153177,0.7012161071423169,1.0298827421923256,1.0,1.0
2025,15,0.0,2025_15_BUF_NE,Buffalo Bills,Dalton Kincaid,TE,00-0038933,1.0,0.0,0.0,0.0,0.0,0.0,0.0,0.0,7.53,4.4,38.0,0.39,0.3216,68.76,41.2,24.8,312.7,122.6,2.363050900153177,0.7012161071423169,1.0298827421923256,1.0,1.0
2025,15,0.0,2025_15_BUF_NE,Buffalo Bills,Dawson Knox,TE,00-0035689,1.0,0.0,0.0,0.0,0.0,0.0,0.0,0.0,3.89,2.26,19.3,0.22,0.1965,68.76,41.2,24.8,312.7,122.6,2.363050900153177,0.7012161071423169,1.0298827421923256,1.0,1.0
2025,15,0.0,2025_15_BUF_NE,Buffalo Bills,Jackson Hawes,TE,00-0040194,1.0,0.0,0.0,0.0,0.0,0.0,0.0,0.0,0.0,0.0,0.0,0.0,0.0,68.76,41.2,24.8,312.7,122.6,2.363050900153177,0.7012161071423169,1.0298827421923256,1.0,1.0
2025,15,0.0,2025_15_BUF_NE,Buffalo Bills,Khalil Shakir,WR,00-0037261,1.0,0.0,0.0,0.0,0.0,0.0,0.0,0.0,9.64,7.01,59.5,0.52,0.4027,68.76,41.2,24.8,312.7,122.6,2.363050900153177,0.7012161071423169,1.0298827421923256,1.0,1.0
2025,15,0.0,2025_15_BUF_NE,Buffalo Bills,Joshua Palmer,WR,None,1.0,0.0,0.0,0.0,0.0,0.0,0.0,0.0,7.26,4.64,85.0,0.42,0.3406,68.76,41.2,24.8,312.7,122.6,2.363050900153177,0.7012161071423169,1.0298827421923256,0.0,0.0
2025,15,0.0,2025_15_BUF_NE,Buffalo Bills,Keon Coleman,WR,00-0039901,1.0,0.0,0.0,0.0,0.0,0.0,0.0,0.0,4.84,2.4,29.9,0.28,0.242,68.76,41.2,24.8,312.7,122.6,2.363050900153177,0.7012161071423169,1.0298827421923256,1.0,1.0
2025,15,0.0,2025_15_BUF_NE,Buffalo Bills,Brandin Cooks,WR,00-0031236,1.0,0.0,0.0,0.0,0.0,0.0,0.0,0.0,0.0,0.0,0.0,0.0,0.0,68.76,41.2,24.8,312.7,122.6,2.363050900153177,0.7012161071423169,1.0298827421923256,1.0,1.0
2025,15,0.0,2025_15_BUF_NE,Buffalo Bills,David White,WR,00-0039562,1.0,0.0,0.0,0.0,0.0,0.0,0.0,0.0,0.0,0.0,0.0,0.0,0.0,68.76,41.2,24.8,312.7,122.6,2.363050900153177,0.7012161071423169,1.0298827421923256,1.0,1.0
2025,15,0.0,2025_15_BUF_NE,Buffalo Bills,Tyrell Shavers,WR,00-0038679,1.0,0.0,0.0,0.0,0.0,0.0,0.0,0.0,0.0,0.0,0.0,0.0,0.0,68.76,41.2,24.8,312.7,122.6,2.363050900153177,0.7012161071423169,1.0298827421923256,1.0,1.0
2025,15,0.0,2025_15_BUF_NE,New England Patriots,Drake Maye,QB,00-0039851,1.0,36.82,190.9,1.7,1.07,6.34,17.6,0.18,0.0,0.0,0.0,0.0,0.1675,72.0,40.35,28.57,226.3,104.4,2.2574506488549226,0.817390868931549,1.0086305294493338,1.0,1.0
2025,15,0.0,2025_15_BUF_NE,New England Patriots,TreVeyon Henderson,RB,00-0040734,1.0,0.0,0.0,0.0,0.0,14.29,47.2,0.5,4.68,3.27,18.6,0.26,0.5332,72.0,40.35,28.57,226.3,104.4,2.2574506488549226,0.817390868931549,1.0086305294493338,1.0,1.0
2025,15,0.0,2025_15_BUF_NE,New England Patriots,Rhamondre Stevenson,RB,00-0036875,1.0,0.0,0.0,0.0,0.0,7.94,25.0,0.18,2.91,1.89,9.4,0.17,0.291,72.0,40.35,28.57,226.3,104.4,2.2574506488549226,0.817390868931549,1.0086305294493338,1.0,1.0
2025,15,0.0,2025_15_BUF_NE,New England Patriots,D'Ernest Johnson,RB,00-0035628,1.0,0.0,0.0,0.0,0.0,0.0,0.0,0.0,0.0,0.0,0.0,0.0,0.0,72.0,40.35,28.57,226.3,104.4,2.2574506488549226,0.817390868931549,1.0086305294493338,1.0,1.0
2025,15,0.0,2025_15_BUF_NE,New England Patriots,Hunter Henry,TE,00-0033090,1.0,0.0,0.0,0.0,0.0,0.0,0.0,0.0,6.96,4.06,27.1,0.36,0.3056,72.0,40.35,28.57,226.3,104.4,2.2574506488549226,0.817390868931549,1.0086305294493338,1.0,1.0
2025,15,0.0,2025_15_BUF_NE,New England Patriots,Austin Hooper,TE,00-0032392,1.0,0.0,0.0,0.0,0.0,0.0,0.0,0.0,3.6,2.13,13.2,0.19,0.1692,72.0,40.35,28.57,226.3,104.4,2.2574506488549226,0.817390868931549,1.0086305294493338,1.0,1.0
2025,15,0.0,2025_15_BUF_NE,New England Patriots,CJ Dippre,TE,00-0040566,1.0,0.0,0.0,0.0,0.0,0.0,0.0,0.0,0.0,0.0,0.0,0.0,0.0,72.0,40.35,28.57,226.3,104.4,2.2574506488549226,0.817390868931549,1.0086305294493338,0.0,0.0
2025,15,0.0,2025_15_BUF_NE,New England Patriots,Cole Fotheringham,TE,00-0037506,1.0,0.0,0.0,0.0,0.0,0.0,0.0,0.0,0.0,0.0,0.0,0.0,0.0,72.0,40.35,28.57,226.3,104.4,2.2574506488549226,0.817390868931549,1.0086305294493338,0.0,0.0
2025,15,0.0,2025_15_BUF_NE,New England Patriots,Stefon Diggs,WR,00-0031588,1.0,0.0,0.0,0.0,0.0,0.0,0.0,0.0,9.84,6.86,45.7,0.51,0.3989,72.0,40.35,28.57,226.3,104.4,2.2574506488549226,0.817390868931549,1.0086305294493338,1.0,1.0
2025,15,0.0,2025_15_BUF_NE,New England Patriots,Kayshon Boutte,WR,00-0038608,1.0,0.0,0.0,0.0,0.0,0.0,0.0,0.0,7.41,4.43,35.6,0.38,0.3179,72.0,40.35,28.57,226.3,104.4,2.2574506488549226,0.817390868931549,1.0086305294493338,1.0,1.0
2025,15,0.0,2025_15_BUF_NE,New England Patriots,Mack Hollins,WR,00-0033555,1.0,0.0,0.0,0.0,0.0,0.0,0.0,0.0,4.94,3.02,21.6,0.26,0.2258,72.0,40.35,28.57,226.3,104.4,2.2574506488549226,0.817390868931549,1.0086305294493338,1.0,1.0
2025,15,0.0,2025_15_BUF_NE,New England Patriots,Brandon Smith,WR,00-0036775,1.0,0.0,0.0,0.0,0.0,0.0,0.0,0.0,0.0,0.0,0.0,0.0,0.0,72.0,40.35,28.57,226.3,104.4,2.2574506488549226,0.817390868931549,1.0086305294493338,0.0,0.0
2025,15,0.0,2025_15_BUF_NE,New England Patriots,DeMario Douglas,WR,00-0038621,1.0,0.0,0.0,0.0,0.0,0.0,0.0,0.0,0.0,0.0,0.0,0.0,0.0,72.0,40.35,28.57,226.3,104.4,2.2574506488549226,0.817390868931549,1.0086305294493338,1.0,1.0
2025,15,0.0,2025_15_BUF_NE,New England Patriots,Efton Chism III,WR,00-0040563,1.0,0.0,0.0,0.0,0.0,0.0,0.0,0.0,0.0,0.0,0.0,0.0,0.0,72.0,40.35,28.57,226.3,104.4,2.2574506488549226,0.817390868931549,1.0086305294493338,0.0,0.0
2025,15,0.0,2025_15_BUF_NE,New England Patriots,Kyle Williams,WR,00-0040131,1.0,0.0,0.0,0.0,0.0,0.0,0.0,0.0,0.0,0.0,0.0,0.0,0.0,72.0,40.35,28.57,226.3,104.4,2.2574506488549226,0.817390868931549,1.0086305294493338,1.0,1.0
2025,15,0.0,2025_15_CAR_NO,Carolina Panthers,Bryce Young,QB,00-0039150,1.0,31.81,202.0,1.43,0.81,6.9,27.2,0.27,0.0,0.0,0.0,0.0,0.2395,72.0,30.26,39.6,229.7,195.8,1.8838687177895466,1.5837607897201584,0.7564948141799767,1.0,1.0
2025,15,0.0,2025_15_CAR_NO,Carolina Panthers,Rico Dowdle,RB,00-0036139,1.0,0.0,0.0,0.0,0.0,21.02,87.1,0.99,3.44,2.31,17.9,0.22,0.7014,72.0,30.26,39.6,229.7,195.8,1.8838687177895466,1.5837607897201584,0.7564948141799767,1.0,1.0
2025,15,0.0,2025_15_CAR_NO,Carolina Panthers,Chuba Hubbard,RB,00-0036555,1.0,0.0,0.0,0.0,0.0,11.68,50.3,0.36,2.14,1.41,10.1,0.13,0.3914,72.0,30.26,39.6,229.7,195.8,1.8838687177895466,1.5837607897201584,0.7564948141799767,1.0,1.0
2025,15,0.0,2025_15_CAR_NO,Carolina Panthers,Trevor Etienne,RB,00-0040644,1.0,0.0,0.0,0.0,0.0,0.0,0.0,0.0,0.0,0.0,0.0,0.0,0.0,72.0,30.26,39.6,229.7,195.8,1.8838687177895466,1.5837607897201584,0.7564948141799767,1.0,1.0
2025,15,0.0,2025_15_CAR_NO,Carolina Panthers,Tommy Tremble,TE,00-0037005,1.0,0.0,0.0,0.0,0.0,0.0,0.0,0.0,5.45,3.12,30.4,0.31,0.2699,72.0,30.26,39.6,229.7,195.8,1.8838687177895466,1.5837607897201584,0.7564948141799767,1.0,1.0
2025,15,0.0,2025_15_CAR_NO,Carolina Panthers,Ja'Tavion Sanders,TE,00-0039356,1.0,0.0,0.0,0.0,0.0,0.0,0.0,0.0,2.82,1.74,15.5,0.17,0.1556,72.0,30.26,39.6,229.7,195.8,1.8838687177895466,1.5837607897201584,0.7564948141799767,1.0,1.0
2025,15,0.0,2025_15_CAR_NO,Carolina Panthers,Dominique Dafney,TE,00-0036456,1.0,0.0,0.0,0.0,0.0,0.0,0.0,0.0,0.0,0.0,0.0,0.0,0.0,72.0,30.26,39.6,229.7,195.8,1.8838687177895466,1.5837607897201584,0.7564948141799767,0.0,0.0
2025,15,0.0,2025_15_CAR_NO,Carolina Panthers,Mitchell Evans,TE,00-0040187,1.0,0.0,0.0,0.0,0.0,0.0,0.0,0.0,0.0,0.0,0.0,0.0,0.0,72.0,30.26,39.6,229.7,195.8,1.8838687177895466,1.5837607897201584,0.7564948141799767,1.0,1.0
2025,15,0.0,2025_15_CAR_NO,Carolina Panthers,Tetairoa McMillan,WR,00-0040124,1.0,0.0,0.0,0.0,0.0,0.0,0.0,0.0,7.28,4.14,50.0,0.43,0.3478,72.0,30.26,39.6,229.7,195.8,1.8838687177895466,1.5837607897201584,0.7564948141799767,1.0,1.0
2025,15,0.0,2025_15_CAR_NO,Carolina Panthers,Xavier Legette,WR,00-0039342,1.0,0.0,0.0,0.0,0.0,0.0,0.0,0.0,5.48,2.97,35.1,0.34,0.2861,72.0,30.26,39.6,229.7,195.8,1.8838687177895466,1.5837607897201584,0.7564948141799767,1.0,1.0
2025,15,0.0,2025_15_CAR_NO,Carolina Panthers,Jalen Coker,WR,00-0039491,1.0,0.0,0.0,0.0,0.0,0.0,0.0,0.0,3.65,2.46,24.2,0.22,0.1951,72.0,30.26,39.6,229.7,195.8,1.8838687177895466,1.5837607897201584,0.7564948141799767,1.0,1.0
2025,15,0.0,2025_15_CAR_NO,Carolina Panthers,Brycen Tremayne,WR,00-0038840,1.0,0.0,0.0,0.0,0.0,0.0,0.0,0.0,0.0,0.0,0.0,0.0,0.0,72.0,30.26,39.6,229.7,195.8,1.8838687177895466,1.5837607897201584,0.7564948141799767,1.0,1.0
2025,15,0.0,2025_15_CAR_NO,Carolina Panthers,Jimmy Horn Jr.,WR,00-0040218,1.0,0.0,0.0,0.0,0.0,0.0,0.0,0.0,0.0,0.0,0.0,0.0,0.0,72.0,30.26,39.6,229.7,195.8,1.8838687177895466,1.5837607897201584,0.7564948141799767,1.0,1.0
2025,15,0.0,2025_15_CAR_NO,New Orleans Saints,Tyler Shough,QB,00-0040743,1.0,29.42,150.0,1.99,0.77,2.54,7.4,0.1,0.0,0.0,0.0,0.0,0.0927,66.42,29.02,35.58,162.8,130.1,2.21675589274127,1.3189490651735034,0.7255756285810229,1.0,1.0
2025,15,0.0,2025_15_CAR_NO,New Orleans Saints,Alvin Kamara,RB,00-0033906,1.0,0.0,0.0,0.0,0.0,21.25,66.5,0.94,3.43,2.35,11.5,0.26,0.6974,66.42,29.02,35.58,162.8,130.1,2.21675589274127,1.3189490651735034,0.7255756285810229,0.0,0.0
2025,15,0.0,2025_15_CAR_NO,New Orleans Saints,Devin Neal,RB,00-0040202,1.0,0.0,0.0,0.0,0.0,11.8,41.1,0.32,2.14,1.47,9.0,0.16,0.3795,66.42,29.02,35.58,162.8,130.1,2.21675589274127,1.3189490651735034,0.7255756285810229,1.0,1.0
2025,15,0.0,2025_15_CAR_NO,New Orleans Saints,Audric Estime,RB,00-0039373,1.0,0.0,0.0,0.0,0.0,0.0,0.0,0.0,0.0,0.0,0.0,0.0,0.0,66.42,29.02,35.58,162.8,130.1,2.21675589274127,1.3189490651735034,0.7255756285810229,1.0,1.0
2025,15,0.0,2025_15_CAR_NO,New Orleans Saints,Evan Hull,RB,00-0038397,1.0,0.0,0.0,0.0,0.0,0.0,0.0,0.0,0.0,0.0,0.0,0.0,0.0,66.42,29.02,35.58,162.8,130.1,2.21675589274127,1.3189490651735034,0.7255756285810229,1.0,1.0
2025,15,0.0,2025_15_CAR_NO,New Orleans Saints,Juwan Johnson,TE,00-0036040,1.0,0.0,0.0,0.0,0.0,0.0,0.0,0.0,5.17,2.88,19.8,0.35,0.2957,66.42,29.02,35.58,162.8,130.1,2.21675589274127,1.3189490651735034,0.7255756285810229,1.0,1.0
2025,15,0.0,2025_15_CAR_NO,New Orleans Saints,Foster Moreau,TE,00-0034981,1.0,0.0,0.0,0.0,0.0,0.0,0.0,0.0,2.67,1.51,10.6,0.19,0.1715,66.42,29.02,35.58,162.8,130.1,2.21675589274127,1.3189490651735034,0.7255756285810229,1.0,1.0
2025,15,0.0,2025_15_CAR_NO,New Orleans Saints,Jack Stoll,TE,00-0036741,1.0,0.0,0.0,0.0,0.0,0.0,0.0,0.0,0.0,0.0,0.0,0.0,0.0,66.42,29.02,35.58,162.8,130.1,2.21675589274127,1.3189490651735034,0.7255756285810229,1.0,1.0
2025,15,0.0,2025_15_CAR_NO,New Orleans Saints,Chris Olave,WR,00-0037239,1.0,0.0,0.0,0.0,0.0,0.0,0.0,0.0,6.8,4.19,31.8,0.47,0.3762,66.42,29.02,35.58,162.8,130.1,2.21675589274127,1.3189490651735034,0.7255756285810229,1.0,1.0
2025,15,0.0,2025_15_CAR_NO,New Orleans Saints,Devaughn Vele,WR,00-0039424,1.0,0.0,0.0,0.0,0.0,0.0,0.0,0.0,5.12,3.23,26.4,0.37,0.3081,66.42,29.02,35.58,162.8,130.1,2.21675589274127,1.3189490651735034,0.7255756285810229,1.0,1.0
2025,15,0.0,2025_15_CAR_NO,New Orleans Saints,Mason Tipton,WR,00-0039623,1.0,0.0,0.0,0.0,0.0,0.0,0.0,0.0,3.42,1.9,19.0,0.25,0.2181,66.42,29.02,35.58,162.8,130.1,2.21675589274127,1.3189490651735034,0.7255756285810229,1.0,1.0
2025,15,0.0,2025_15_CAR_NO,New Orleans Saints,Dante Pettis,WR,00-0034860,1.0,0.0,0.0,0.0,0.0,0.0,0.0,0.0,0.0,0.0,0.0,0.0,0.0,66.42,29.02,35.58,162.8,130.1,2.21675589274127,1.3189490651735034,0.7255756285810229,1.0,1.0
2025,15,0.0,2025_15_CAR_NO,New Orleans Saints,Kevin Austin Jr.,WR,00-0037231,1.0,0.0,0.0,0.0,0.0,0.0,0.0,0.0,0.0,0.0,0.0,0.0,0.0,66.42,29.02,35.58,162.8,130.1,2.21675589274127,1.3189490651735034,0.7255756285810229,1.0,1.0
2025,15,0.0,2025_15_CLE_CHI,Chicago Bears,Caleb Williams,QB,00-0039918,1.0,38.6,246.4,2.54,1.02,7.61,29.4,0.39,0.0,0.0,0.0,0.0,0.325,72.0,38.32,30.86,290.8,152.6,3.7352913478120815,1.5084830443087252,0.9578760022483076,1.0,1.0
2025,15,0.0,2025_15_CLE_CHI,Chicago Bears,D'Andre Swift,RB,00-0036275,1.0,0.0,0.0,0.0,0.0,14.95,64.9,0.89,4.5,2.88,22.1,0.43,0.7331,72.0,38.32,30.86,290.8,152.6,3.7352913478120815,1.5084830443087252,0.9578760022483076,1.0,1.0
2025,15,0.0,2025_15_CLE_CHI,Chicago Bears,Kyle Monangai,RB,00-0040236,1.0,0.0,0.0,0.0,0.0,8.3,35.4,0.33,2.8,1.51,15.4,0.27,0.4508,72.0,38.32,30.86,290.8,152.6,3.7352913478120815,1.5084830443087252,0.9578760022483076,1.0,1.0
2025,15,0.0,2025_15_CLE_CHI,Chicago Bears,Brittain Brown,RB,00-0037329,1.0,0.0,0.0,0.0,0.0,0.0,0.0,0.0,0.0,0.0,0.0,0.0,0.0,72.0,38.32,30.86,290.8,152.6,3.7352913478120815,1.5084830443087252,0.9578760022483076,1.0,1.0
2025,15,0.0,2025_15_CLE_CHI,Chicago Bears,Colston Loveland,TE,00-0040126,1.0,0.0,0.0,0.0,0.0,0.0,0.0,0.0,6.86,3.98,39.6,0.64,0.471,72.0,38.32,30.86,290.8,152.6,3.7352913478120815,1.5084830443087252,0.9578760022483076,1.0,1.0
2025,15,0.0,2025_15_CLE_CHI,Chicago Bears,Cole Kmet,TE,00-0036290,1.0,0.0,0.0,0.0,0.0,0.0,0.0,0.0,3.55,2.23,17.4,0.32,0.2759,72.0,38.32,30.86,290.8,152.6,3.7352913478120815,1.5084830443087252,0.9578760022483076,1.0,1.0
2025,15,0.0,2025_15_CLE_CHI,Chicago Bears,Durham Smythe,TE,00-0034798,1.0,0.0,0.0,0.0,0.0,0.0,0.0,0.0,0.0,0.0,0.0,0.0,0.0,72.0,38.32,30.86,290.8,152.6,3.7352913478120815,1.5084830443087252,0.9578760022483076,1.0,1.0
2025,15,0.0,2025_15_CLE_CHI,Chicago Bears,Rome Odunze,WR,00-0039919,1.0,0.0,0.0,0.0,0.0,0.0,0.0,0.0,9.0,4.58,58.6,0.85,0.5725,72.0,38.32,30.86,290.8,152.6,3.7352913478120815,1.5084830443087252,0.9578760022483076,1.0,1.0
2025,15,0.0,2025_15_CLE_CHI,Chicago Bears,DJ Moore,WR,00-0034827,1.0,0.0,0.0,0.0,0.0,0.0,0.0,0.0,6.78,4.1,38.3,0.61,0.4567,72.0,38.32,30.86,290.8,152.6,3.7352913478120815,1.5084830443087252,0.9578760022483076,1.0,1.0
2025,15,0.0,2025_15_CLE_CHI,Chicago Bears,Luther Burden III,WR,00-0040735,1.0,0.0,0.0,0.0,0.0,0.0,0.0,0.0,4.52,3.08,30.2,0.4,0.3325,72.0,38.32,30.86,290.8,152.6,3.7352913478120815,1.5084830443087252,0.9578760022483076,1.0,1.0
2025,15,0.0,2025_15_CLE_CHI,Chicago Bears,Devin Duvernay,WR,00-0036331,1.0,0.0,0.0,0.0,0.0,0.0,0.0,0.0,0.0,0.0,0.0,0.0,0.0,72.0,38.32,30.86,290.8,152.6,3.7352913478120815,1.5084830443087252,0.9578760022483076,1.0,1.0
2025,15,0.0,2025_15_CLE_CHI,Chicago Bears,Olamide Zaccheaus,WR,00-0035208,1.0,0.0,0.0,0.0,0.0,0.0,0.0,0.0,0.0,0.0,0.0,0.0,0.0,72.0,38.32,30.86,290.8,152.6,3.7352913478120815,1.5084830443087252,0.9578760022483076,1.0,1.0
2025,15,0.0,2025_15_CLE_CHI,Cleveland Browns,Shedeur Sanders,QB,00-0040668,1.0,47.88,241.2,2.04,1.26,0.56,1.7,0.01,0.0,0.0,0.0,0.0,0.0114,72.0,47.24,21.6,265.0,78.9,2.258715717438992,0.46223031186971175,1.1809225714285716,1.0,1.0
2025,15,0.0,2025_15_CLE_CHI,Cleveland Browns,Quinshon Judkins,RB,00-0040784,1.0,0.0,0.0,0.0,0.0,13.52,43.0,0.34,5.46,3.39,22.9,0.25,0.4449,72.0,47.24,21.6,265.0,78.9,2.258715717438992,0.46223031186971175,1.1809225714285716,1.0,1.0
2025,15,0.0,2025_15_CLE_CHI,Cleveland Browns,Dylan Sampson,RB,00-0040162,1.0,0.0,0.0,0.0,0.0,7.51,25.7,0.12,3.39,2.28,13.1,0.16,0.2459,72.0,47.24,21.6,265.0,78.9,2.258715717438992,0.46223031186971175,1.1809225714285716,0.0,0.0
2025,15,0.0,2025_15_CLE_CHI,Cleveland Browns,Raheim Sanders,RB,00-0040466,1.0,0.0,0.0,0.0,0.0,0.0,0.0,0.0,0.0,0.0,0.0,0.0,0.0,72.0,47.24,21.6,265.0,78.9,2.258715717438992,0.46223031186971175,1.1809225714285716,1.0,1.0
2025,15,0.0,2025_15_CLE_CHI,Cleveland Browns,Trayveon Williams,RB,00-0035291,1.0,0.0,0.0,0.0,0.0,0.0,0.0,0.0,0.0,0.0,0.0,0.0,0.0,72.0,47.24,21.6,265.0,78.9,2.258715717438992,0.46223031186971175,1.1809225714285716,1.0,1.0
2025,15,0.0,2025_15_CLE_CHI,Cleveland Browns,Harold Fannin Jr.,TE,00-0040663,1.0,0.0,0.0,0.0,0.0,0.0,0.0,0.0,8.48,4.53,34.4,0.36,0.304,72.0,47.24,21.6,265.0,78.9,2.258715717438992,0.46223031186971175,1.1809225714285716,1.0,1.0
2025,15,0.0,2025_15_CLE_CHI,Cleveland Browns,David Njoku,TE,00-0033885,1.0,0.0,0.0,0.0,0.0,0.0,0.0,0.0,4.39,2.37,15.2,0.2,0.1784,72.0,47.24,21.6,265.0,78.9,2.258715717438992,0.46223031186971175,1.1809225714285716,0.0,0.0
2025,15,0.0,2025_15_CLE_CHI,Cleveland Browns,Blake Whiteheart,TE,00-0038710,1.0,0.0,0.0,0.0,0.0,0.0,0.0,0.0,0.0,0.0,0.0,0.0,0.0,72.0,47.24,21.6,265.0,78.9,2.258715717438992,0.46223031186971175,1.1809225714285716,1.0,1.0
2025,15,0.0,2025_15_CLE_CHI,Cleveland Browns,Brenden Bates,TE,00-0039458,1.0,0.0,0.0,0.0,0.0,0.0,0.0,0.0,0.0,0.0,0.0,0.0,0.0,72.0,47.24,21.6,265.0,78.9,2.258715717438992,0.46223031186971175,1.1809225714285716,1.0,1.0
2025,15,0.0,2025_15_CLE_CHI,Cleveland Browns,Jerry Jeudy,WR,00-0036407,1.0,0.0,0.0,0.0,0.0,0.0,0.0,0.0,11.29,6.68,55.1,0.5,0.3921,72.0,47.24,21.6,265.0,78.9,2.258715717438992,0.46223031186971175,1.1809225714285716,1.0,1.0
2025,15,0.0,2025_15_CLE_CHI,Cleveland Browns,Cedric Tillman,WR,00-0038979,1.0,0.0,0.0,0.0,0.0,0.0,0.0,0.0,8.51,4.39,42.1,0.39,0.322,72.0,47.24,21.6,265.0,78.9,2.258715717438992,0.46223031186971175,1.1809225714285716,1.0,1.0
2025,15,0.0,2025_15_CLE_CHI,Cleveland Browns,Isaiah Bond,WR,00-0040782,1.0,0.0,0.0,0.0,0.0,0.0,0.0,0.0,5.67,2.76,33.1,0.26,0.2259,72.0,47.24,21.6,265.0,78.9,2.258715717438992,0.46223031186971175,1.1809225714285716,1.0,1.0
2025,15,0.0,2025_15_CLE_CHI,Cleveland Browns,Cade McDonald,WR,00-0040615,1.0,0.0,0.0,0.0,0.0,0.0,0.0,0.0,0.0,0.0,0.0,0.0,0.0,72.0,47.24,21.6,265.0,78.9,2.258715717438992,0.46223031186971175,1.1809225714285716,0.0,0.0
2025,15,0.0,2025_15_CLE_CHI,Cleveland Browns,Chase Cota,WR,00-0038651,1.0,0.0,0.0,0.0,0.0,0.0,0.0,0.0,0.0,0.0,0.0,0.0,0.0,72.0,47.24,21.6,265.0,78.9,2.258715717438992,0.46223031186971175,1.1809225714285716,0.0,0.0
2025,15,0.0,2025_15_CLE_CHI,Cleveland Browns,David Bell,WR,00-0037257,1.0,0.0,0.0,0.0,0.0,0.0,0.0,0.0,0.0,0.0,0.0,0.0,0.0,72.0,47.24,21.6,265.0,78.9,2.258715717438992,0.46223031186971175,1.1809225714285716,1.0,1.0
2025,15,0.0,2025_15_CLE_CHI,Cleveland Browns,Gage Larvadain,WR,00-0040259,1.0,0.0,0.0,0.0,0.0,0.0,0.0,0.0,0.0,0.0,0.0,0.0,0.0,72.0,47.24,21.6,265.0,78.9,2.258715717438992,0.46223031186971175,1.1809225714285716,1.0,1.0
2025,15,0.0,2025_15_CLE_CHI,Cleveland Browns,Malachi Corley,WR,00-0039920,1.0,0.0,0.0,0.0,0.0,0.0,0.0,0.0,0.0,0.0,0.0,0.0,0.0,72.0,47.24,21.6,265.0,78.9,2.258715717438992,0.46223031186971175,1.1809225714285716,1.0,1.0
2025,15,0.0,2025_15_DET_LA,Detroit Lions,Jared Goff,QB,00-0033106,1.0,41.64,283.4,2.04,1.17,3.12,12.4,0.1,0.0,0.0,0.0,0.0,0.0926,72.0,43.78,25.2,332.3,124.6,2.4674383717714887,0.7395353155284368,1.0944523002669848,1.0,1.0
2025,15,0.0,2025_15_DET_LA,Detroit Lions,Jahmyr Gibbs,RB,00-0039139,1.0,0.0,0.0,0.0,0.0,14.19,60.6,0.53,5.07,3.37,23.9,0.29,0.5602,72.0,43.78,25.2,332.3,124.6,2.4674383717714887,0.7395353155284368,1.0944523002669848,1.0,1.0
2025,15,0.0,2025_15_DET_LA,Detroit Lions,David Montgomery,RB,00-0035685,1.0,0.0,0.0,0.0,0.0,7.89,33.0,0.19,3.15,2.17,14.9,0.17,0.3038,72.0,43.78,25.2,332.3,124.6,2.4674383717714887,0.7395353155284368,1.0944523002669848,1.0,1.0
2025,15,0.0,2025_15_DET_LA,Detroit Lions,Jacob Saylors,RB,00-0038896,1.0,0.0,0.0,0.0,0.0,0.0,0.0,0.0,0.0,0.0,0.0,0.0,0.0,72.0,43.78,25.2,332.3,124.6,2.4674383717714887,0.7395353155284368,1.0944523002669848,1.0,1.0
2025,15,0.0,2025_15_DET_LA,Detroit Lions,Sione Vaki,RB,00-0039364,1.0,0.0,0.0,0.0,0.0,0.0,0.0,0.0,0.0,0.0,0.0,0.0,0.0,72.0,43.78,25.2,332.3,124.6,2.4674383717714887,0.7395353155284368,1.0944523002669848,1.0,1.0
2025,15,0.0,2025_15_DET_LA,Detroit Lions,Shane Zylstra,TE,00-0036534,1.0,0.0,0.0,0.0,0.0,0.0,0.0,0.0,7.83,4.38,51.6,0.44,0.3547,72.0,43.78,25.2,332.3,124.6,2.4674383717714887,0.7395353155284368,1.0944523002669848,1.0,1.0
2025,15,0.0,2025_15_DET_LA,Detroit Lions,Anthony Firkser,TE,00-0033455,1.0,0.0,0.0,0.0,0.0,0.0,0.0,0.0,4.05,2.5,26.2,0.22,0.2014,72.0,43.78,25.2,332.3,124.6,2.4674383717714887,0.7395353155284368,1.0944523002669848,1.0,1.0
2025,15,0.0,2025_15_DET_LA,Detroit Lions,Giovanni Ricci,TE,00-0035956,1.0,0.0,0.0,0.0,0.0,0.0,0.0,0.0,0.0,0.0,0.0,0.0,0.0,72.0,43.78,25.2,332.3,124.6,2.4674383717714887,0.7395353155284368,1.0944523002669848,1.0,1.0
2025,15,0.0,2025_15_DET_LA,Detroit Lions,Amon-Ra St. Brown,WR,00-0036963,1.0,0.0,0.0,0.0,0.0,0.0,0.0,0.0,10.5,7.56,61.1,0.58,0.4414,72.0,43.78,25.2,332.3,124.6,2.4674383717714887,0.7395353155284368,1.0944523002669848,1.0,1.0
2025,15,0.0,2025_15_DET_LA,Detroit Lions,Jameson Williams,WR,00-0037240,1.0,0.0,0.0,0.0,0.0,0.0,0.0,0.0,7.91,4.64,48.8,0.41,0.3371,72.0,43.78,25.2,332.3,124.6,2.4674383717714887,0.7395353155284368,1.0944523002669848,1.0,1.0
2025,15,0.0,2025_15_DET_LA,Detroit Lions,Isaac TeSlaa,WR,00-0040669,1.0,0.0,0.0,0.0,0.0,0.0,0.0,0.0,5.27,3.22,43.9,0.32,0.2742,72.0,43.78,25.2,332.3,124.6,2.4674383717714887,0.7395353155284368,1.0944523002669848,1.0,1.0
2025,15,0.0,2025_15_DET_LA,Detroit Lions,Andrew Armstrong,WR,00-0040298,1.0,0.0,0.0,0.0,0.0,0.0,0.0,0.0,0.0,0.0,0.0,0.0,0.0,72.0,43.78,25.2,332.3,124.6,2.4674383717714887,0.7395353155284368,1.0944523002669848,0.0,0.0
2025,15,0.0,2025_15_DET_LA,Detroit Lions,Dominic Lovett,WR,00-0040241,1.0,0.0,0.0,0.0,0.0,0.0,0.0,0.0,0.0,0.0,0.0,0.0,0.0,72.0,43.78,25.2,332.3,124.6,2.4674383717714887,0.7395353155284368,1.0944523002669848,0.0,0.0
2025,15,0.0,2025_15_DET_LA,Detroit Lions,Kalif Raymond,WR,00-0032464,1.0,0.0,0.0,0.0,0.0,0.0,0.0,0.0,0.0,0.0,0.0,0.0,0.0,72.0,43.78,25.2,332.3,124.6,2.4674383717714887,0.7395353155284368,1.0944523002669848,1.0,1.0
2025,15,0.0,2025_15_DET_LA,Detroit Lions,Tom Kennedy,WR,00-0035544,1.0,0.0,0.0,0.0,0.0,0.0,0.0,0.0,0.0,0.0,0.0,0.0,0.0,72.0,43.78,25.2,332.3,124.6,2.4674383717714887,0.7395353155284368,1.0944523002669848,1.0,1.0
2025,15,0.0,2025_15_DET_LA,Los Angeles Rams,Matthew Stafford,QB,00-0026498,1.0,34.67,230.6,1.68,0.89,4.17,16.8,0.13,0.0,0.0,0.0,0.0,0.1217,72.0,33.35,36.54,253.2,180.7,2.0159591242449095,1.1448781205477778,0.8338620350579758,1.0,1.0
2025,15,0.0,2025_15_DET_LA,Los Angeles Rams,Kyren Williams,RB,00-0037840,1.0,0.0,0.0,0.0,0.0,20.81,87.3,0.82,3.68,2.36,17.7,0.24,0.6532,72.0,33.35,36.54,253.2,180.7,2.0159591242449095,1.1448781205477778,0.8338620350579758,1.0,1.0
2025,15,0.0,2025_15_DET_LA,Los Angeles Rams,Blake Corum,RB,00-0039738,1.0,0.0,0.0,0.0,0.0,11.56,48.6,0.28,2.29,1.42,12.4,0.13,0.3382,72.0,33.35,36.54,253.2,180.7,2.0159591242449095,1.1448781205477778,0.8338620350579758,1.0,1.0
2025,15,0.0,2025_15_DET_LA,Los Angeles Rams,Ronnie Rivers,RB,00-0037557,1.0,0.0,0.0,0.0,0.0,0.0,0.0,0.0,0.0,0.0,0.0,0.0,0.0,72.0,33.35,36.54,253.2,180.7,2.0159591242449095,1.1448781205477778,0.8338620350579758,1.0,1.0
2025,15,0.0,2025_15_DET_LA,Los Angeles Rams,Colby Parkinson,TE,00-0036244,1.0,0.0,0.0,0.0,0.0,0.0,0.0,0.0,5.9,3.35,29.9,0.36,0.3024,72.0,33.35,36.54,253.2,180.7,2.0159591242449095,1.1448781205477778,0.8338620350579758,1.0,1.0
2025,15,0.0,2025_15_DET_LA,Los Angeles Rams,Terrance Ferguson,TE,00-0040737,1.0,0.0,0.0,0.0,0.0,0.0,0.0,0.0,3.05,1.43,20.1,0.18,0.1663,72.0,33.35,36.54,253.2,180.7,2.0159591242449095,1.1448781205477778,0.8338620350579758,1.0,1.0
2025,15,0.0,2025_15_DET_LA,Los Angeles Rams,Davis Allen,TE,00-0039074,1.0,0.0,0.0,0.0,0.0,0.0,0.0,0.0,0.0,0.0,0.0,0.0,0.0,72.0,33.35,36.54,253.2,180.7,2.0159591242449095,1.1448781205477778,0.8338620350579758,1.0,1.0
2025,15,0.0,2025_15_DET_LA,Los Angeles Rams,Nick Vannett,TE,00-0032394,1.0,0.0,0.0,0.0,0.0,0.0,0.0,0.0,0.0,0.0,0.0,0.0,0.0,72.0,33.35,36.54,253.2,180.7,2.0159591242449095,1.1448781205477778,0.8338620350579758,1.0,1.0
2025,15,0.0,2025_15_DET_LA,Los Angeles Rams,Puka Nacua,WR,00-0039075,1.0,0.0,0.0,0.0,0.0,0.0,0.0,0.0,8.18,5.67,51.3,0.46,0.3658,72.0,33.35,36.54,253.2,180.7,2.0159591242449095,1.1448781205477778,0.8338620350579758,1.0,1.0
2025,15,0.0,2025_15_DET_LA,Los Angeles Rams,Davante Adams,WR,00-0031381,1.0,0.0,0.0,0.0,0.0,0.0,0.0,0.0,6.16,3.34,35.6,0.37,0.3058,72.0,33.35,36.54,253.2,180.7,2.0159591242449095,1.1448781205477778,0.8338620350579758,1.0,1.0
2025,15,0.0,2025_15_DET_LA,Los Angeles Rams,Konata Mumpfield,WR,00-0040590,1.0,0.0,0.0,0.0,0.0,0.0,0.0,0.0,4.11,2.22,34.6,0.24,0.2172,72.0,33.35,36.54,253.2,180.7,2.0159591242449095,1.1448781205477778,0.8338620350579758,1.0,1.0
2025,15,0.0,2025_15_DET_LA,Los Angeles Rams,Drake Stoops,WR,00-0039773,1.0,0.0,0.0,0.0,0.0,0.0,0.0,0.0,0.0,0.0,0.0,0.0,0.0,72.0,33.35,36.54,253.2,180.7,2.0159591242449095,1.1448781205477778,0.8338620350579758,0.0,0.0
2025,15,0.0,2025_15_DET_LA,Los Angeles Rams,Jordan Whittington,WR,00-0039751,1.0,0.0,0.0,0.0,0.0,0.0,0.0,0.0,0.0,0.0,0.0,0.0,0.0,72.0,33.35,36.54,253.2,180.7,2.0159591242449095,1.1448781205477778,0.8338620350579758,1.0,1.0
2025,15,0.0,2025_15_DET_LA,Los Angeles Rams,Tutu Atwell,WR,00-0036849,1.0,0.0,0.0,0.0,0.0,0.0,0.0,0.0,0.0,0.0,0.0,0.0,0.0,72.0,33.35,36.54,253.2,180.7,2.0159591242449095,1.1448781205477778,0.8338620350579758,1.0,1.0
2025,15,0.0,2025_15_DET_LA,Los Angeles Rams,Xavier Smith,WR,00-0038359,1.0,0.0,0.0,0.0,0.0,0.0,0.0,0.0,0.0,0.0,0.0,0.0,0.0,72.0,33.35,36.54,253.2,180.7,2.0159591242449095,1.1448781205477778,0.8338620350579758,1.0,1.0
2025,15,0.0,2025_15_GB_DEN,Denver Broncos,Bo Nix,QB,00-0039732,1.0,38.16,227.7,1.81,1.05,8.17,26.4,0.23,0.0,0.0,0.0,0.0,0.2043,72.0,39.49,30.16,267.5,133.1,2.13787146429613,0.8010710713088756,0.9872638812600996,1.0,1.0
2025,15,0.0,2025_15_GB_DEN,Denver Broncos,RJ Harvey,RB,00-0040730,1.0,0.0,0.0,0.0,0.0,14.14,55.5,0.47,4.55,3.13,21.3,0.25,0.5135,72.0,39.49,30.16,267.5,133.1,2.13787146429613,0.8010710713088756,0.9872638812600996,1.0,1.0
2025,15,0.0,2025_15_GB_DEN,Denver Broncos,Jaleel McLaughlin,RB,00-0038794,1.0,0.0,0.0,0.0,0.0,7.85,31.1,0.16,2.83,1.97,12.2,0.16,0.2694,72.0,39.49,30.16,267.5,133.1,2.13787146429613,0.8010710713088756,0.9872638812600996,1.0,1.0
2025,15,0.0,2025_15_GB_DEN,Denver Broncos,Tyler Badie,RB,00-0037085,1.0,0.0,0.0,0.0,0.0,0.0,0.0,0.0,0.0,0.0,0.0,0.0,0.0,72.0,39.49,30.16,267.5,133.1,2.13787146429613,0.8010710713088756,0.9872638812600996,1.0,1.0
2025,15,0.0,2025_15_GB_DEN,Denver Broncos,Evan Engram,TE,00-0033881,1.0,0.0,0.0,0.0,0.0,0.0,0.0,0.0,7.22,4.39,31.4,0.34,0.2904,72.0,39.49,30.16,267.5,133.1,2.13787146429613,0.8010710713088756,0.9872638812600996,1.0,1.0
2025,15,0.0,2025_15_GB_DEN,Denver Broncos,Adam Trautman,TE,00-0036422,1.0,0.0,0.0,0.0,0.0,0.0,0.0,0.0,3.73,2.26,17.3,0.2,0.1777,72.0,39.49,30.16,267.5,133.1,2.13787146429613,0.8010710713088756,0.9872638812600996,1.0,1.0
2025,15,0.0,2025_15_GB_DEN,Denver Broncos,Nate Adkins,TE,00-0038783,1.0,0.0,0.0,0.0,0.0,0.0,0.0,0.0,0.0,0.0,0.0,0.0,0.0,72.0,39.49,30.16,267.5,133.1,2.13787146429613,0.8010710713088756,0.9872638812600996,1.0,1.0
2025,15,0.0,2025_15_GB_DEN,Denver Broncos,Courtland Sutton,WR,00-0034348,1.0,0.0,0.0,0.0,0.0,0.0,0.0,0.0,9.38,5.5,52.3,0.49,0.3871,72.0,39.49,30.16,267.5,133.1,2.13787146429613,0.8010710713088756,0.9872638812600996,1.0,1.0
2025,15,0.0,2025_15_GB_DEN,Denver Broncos,Troy Franklin,WR,00-0039868,1.0,0.0,0.0,0.0,0.0,0.0,0.0,0.0,7.06,4.13,40.5,0.38,0.3134,72.0,39.49,30.16,267.5,133.1,2.13787146429613,0.8010710713088756,0.9872638812600996,1.0,1.0
2025,15,0.0,2025_15_GB_DEN,Denver Broncos,Pat Bryant,WR,00-0040134,1.0,0.0,0.0,0.0,0.0,0.0,0.0,0.0,4.71,3.04,31.5,0.25,0.2194,72.0,39.49,30.16,267.5,133.1,2.13787146429613,0.8010710713088756,0.9872638812600996,0.0,0.0
2025,15,0.0,2025_15_GB_DEN,Denver Broncos,Lil'Jordan Humphrey,WR,00-0035406,1.0,0.0,0.0,0.0,0.0,0.0,0.0,0.0,0.0,0.0,0.0,0.0,0.0,72.0,39.49,30.16,267.5,133.1,2.13787146429613,0.8010710713088756,0.9872638812600996,1.0,1.0
2025,15,0.0,2025_15_GB_DEN,Denver Broncos,Marvin Mims Jr.,WR,00-0038976,1.0,0.0,0.0,0.0,0.0,0.0,0.0,0.0,0.0,0.0,0.0,0.0,0.0,72.0,39.49,30.16,267.5,133.1,2.13787146429613,0.8010710713088756,0.9872638812600996,1.0,1.0
2025,15,0.0,2025_15_GB_DEN,Denver Broncos,Michael Bandy,WR,00-0036959,1.0,0.0,0.0,0.0,0.0,0.0,0.0,0.0,0.0,0.0,0.0,0.0,0.0,72.0,39.49,30.16,267.5,133.1,2.13787146429613,0.8010710713088756,0.9872638812600996,1.0,1.0
2025,15,0.0,2025_15_GB_DEN,Green Bay Packers,Jordan Love,QB,00-0036264,1.0,34.12,228.4,1.79,0.91,3.49,13.3,0.11,0.0,0.0,0.0,0.0,0.1017,70.74,34.19,34.01,259.5,168.2,2.1236320982564987,0.9936055763948315,0.8546542582705805,1.0,1.0
2025,15,0.0,2025_15_GB_DEN,Green Bay Packers,Josh Jacobs,RB,00-0035700,1.0,0.0,0.0,0.0,0.0,19.62,83.0,0.7,3.85,2.58,18.7,0.24,0.6082,70.74,34.19,34.01,259.5,168.2,2.1236320982564987,0.9936055763948315,0.8546542582705805,1.0,1.0
2025,15,0.0,2025_15_GB_DEN,Green Bay Packers,Emanuel Wilson,RB,00-0038797,1.0,0.0,0.0,0.0,0.0,10.9,47.8,0.25,2.39,1.54,13.8,0.15,0.3319,70.74,34.19,34.01,259.5,168.2,2.1236320982564987,0.9936055763948315,0.8546542582705805,1.0,1.0
2025,15,0.0,2025_15_GB_DEN,Green Bay Packers,Chris Brooks,RB,00-0038685,1.0,0.0,0.0,0.0,0.0,0.0,0.0,0.0,0.0,0.0,0.0,0.0,0.0,70.74,34.19,34.01,259.5,168.2,2.1236320982564987,0.9936055763948315,0.8546542582705805,1.0,1.0
2025,15,0.0,2025_15_GB_DEN,Green Bay Packers,Luke Musgrave,TE,00-0039144,1.0,0.0,0.0,0.0,0.0,0.0,0.0,0.0,6.07,3.63,34.7,0.34,0.2874,70.74,34.19,34.01,259.5,168.2,2.1236320982564987,0.9936055763948315,0.8546542582705805,1.0,1.0
2025,15,0.0,2025_15_GB_DEN,Green Bay Packers,John FitzPatrick,TE,00-0037306,1.0,0.0,0.0,0.0,0.0,0.0,0.0,0.0,3.14,1.86,21.8,0.19,0.1753,70.74,34.19,34.01,259.5,168.2,2.1236320982564987,0.9936055763948315,0.8546542582705805,1.0,1.0
2025,15,0.0,2025_15_GB_DEN,Green Bay Packers,Johnny Lumpkin,TE,00-0038913,1.0,0.0,0.0,0.0,0.0,0.0,0.0,0.0,0.0,0.0,0.0,0.0,0.0,70.74,34.19,34.01,259.5,168.2,2.1236320982564987,0.9936055763948315,0.8546542582705805,0.0,0.0
2025,15,0.0,2025_15_GB_DEN,Green Bay Packers,Josh Whyle,TE,00-0038589,1.0,0.0,0.0,0.0,0.0,0.0,0.0,0.0,0.0,0.0,0.0,0.0,0.0,70.74,34.19,34.01,259.5,168.2,2.1236320982564987,0.9936055763948315,0.8546542582705805,1.0,1.0
2025,15,0.0,2025_15_GB_DEN,Green Bay Packers,Christian Watson,WR,00-0038124,1.0,0.0,0.0,0.0,0.0,0.0,0.0,0.0,8.3,4.82,51.0,0.51,0.3981,70.74,34.19,34.01,259.5,168.2,2.1236320982564987,0.9936055763948315,0.8546542582705805,1.0,1.0
2025,15,0.0,2025_15_GB_DEN,Green Bay Packers,Romeo Doubs,WR,00-0037816,1.0,0.0,0.0,0.0,0.0,0.0,0.0,0.0,6.25,3.82,35.3,0.38,0.3167,70.74,34.19,34.01,259.5,168.2,2.1236320982564987,0.9936055763948315,0.8546542582705805,1.0,1.0
2025,15,0.0,2025_15_GB_DEN,Green Bay Packers,Jayden Reed,WR,00-0039146,1.0,0.0,0.0,0.0,0.0,0.0,0.0,0.0,4.17,2.79,23.5,0.25,0.2229,70.74,34.19,34.01,259.5,168.2,2.1236320982564987,0.9936055763948315,0.8546542582705805,1.0,1.0
2025,15,0.0,2025_15_GB_DEN,Green Bay Packers,Dontayvion Wicks,WR,00-0038393,1.0,0.0,0.0,0.0,0.0,0.0,0.0,0.0,0.0,0.0,0.0,0.0,0.0,70.74,34.19,34.01,259.5,168.2,2.1236320982564987,0.9936055763948315,0.8546542582705805,1.0,1.0
2025,15,0.0,2025_15_GB_DEN,Green Bay Packers,Matthew Golden,WR,00-0040667,1.0,0.0,0.0,0.0,0.0,0.0,0.0,0.0,0.0,0.0,0.0,0.0,0.0,70.74,34.19,34.01,259.5,168.2,2.1236320982564987,0.9936055763948315,0.8546542582705805,1.0,1.0
2025,15,0.0,2025_15_IND_SEA,Indianapolis Colts,Philip Rivers,QB,00-0022942,1.0,45.61,310.9,2.15,1.2,0.63,2.7,0.01,0.0,0.0,0.0,0.0,0.0135,72.0,44.99,24.0,341.5,118.7,2.3593360398686283,0.5568542493212036,1.1248485618729098,1.0,1.0
2025,15,0.0,2025_15_IND_SEA,Indianapolis Colts,Jonathan Taylor,RB,00-0036223,1.0,0.0,0.0,0.0,0.0,15.03,63.6,0.43,5.22,3.18,25.3,0.27,0.5053,72.0,44.99,24.0,341.5,118.7,2.3593360398686283,0.5568542493212036,1.1248485618729098,1.0,1.0
2025,15,0.0,2025_15_IND_SEA,Indianapolis Colts,Ameer Abdullah,RB,00-0032104,1.0,0.0,0.0,0.0,0.0,8.35,37.6,0.15,3.25,2.25,15.4,0.17,0.2742,72.0,44.99,24.0,341.5,118.7,2.3593360398686283,0.5568542493212036,1.1248485618729098,1.0,1.0
2025,15,0.0,2025_15_IND_SEA,Indianapolis Colts,Tyler Goodson,RB,00-0037120,1.0,0.0,0.0,0.0,0.0,0.0,0.0,0.0,0.0,0.0,0.0,0.0,0.0,72.0,44.99,24.0,341.5,118.7,2.3593360398686283,0.5568542493212036,1.1248485618729098,1.0,1.0
2025,15,0.0,2025_15_IND_SEA,Indianapolis Colts,Tyler Warren,TE,00-0040128,1.0,0.0,0.0,0.0,0.0,0.0,0.0,0.0,8.19,4.44,46.3,0.42,0.3408,72.0,44.99,24.0,341.5,118.7,2.3593360398686283,0.5568542493212036,1.1248485618729098,1.0,1.0
2025,15,0.0,2025_15_IND_SEA,Indianapolis Colts,Mo Alie-Cox,TE,00-0033217,1.0,0.0,0.0,0.0,0.0,0.0,0.0,0.0,4.23,2.28,24.2,0.22,0.1966,72.0,44.99,24.0,341.5,118.7,2.3593360398686283,0.5568542493212036,1.1248485618729098,1.0,1.0
2025,15,0.0,2025_15_IND_SEA,Indianapolis Colts,Andrew Ogletree,TE,00-0037292,1.0,0.0,0.0,0.0,0.0,0.0,0.0,0.0,0.0,0.0,0.0,0.0,0.0,72.0,44.99,24.0,341.5,118.7,2.3593360398686283,0.5568542493212036,1.1248485618729098,1.0,1.0
2025,15,0.0,2025_15_IND_SEA,Indianapolis Colts,Michael Pittman Jr.,WR,None,1.0,0.0,0.0,0.0,0.0,0.0,0.0,0.0,10.67,6.68,120.2,0.56,0.4286,72.0,44.99,24.0,341.5,118.7,2.3593360398686283,0.5568542493212036,1.1248485618729098,0.0,0.0
2025,15,0.0,2025_15_IND_SEA,Indianapolis Colts,Alec Pierce,WR,00-0037664,1.0,0.0,0.0,0.0,0.0,0.0,0.0,0.0,8.04,4.12,47.1,0.38,0.3183,72.0,44.99,24.0,341.5,118.7,2.3593360398686283,0.5568542493212036,1.1248485618729098,1.0,1.0
2025,15,0.0,2025_15_IND_SEA,Indianapolis Colts,Josh Downs,WR,00-0038997,1.0,0.0,0.0,0.0,0.0,0.0,0.0,0.0,5.36,3.41,28.9,0.26,0.2322,72.0,44.99,24.0,341.5,118.7,2.3593360398686283,0.5568542493212036,1.1248485618729098,1.0,1.0
2025,15,0.0,2025_15_IND_SEA,Indianapolis Colts,Ajou Ajou,WR,00-0039957,1.0,0.0,0.0,0.0,0.0,0.0,0.0,0.0,0.0,0.0,0.0,0.0,0.0,72.0,44.99,24.0,341.5,118.7,2.3593360398686283,0.5568542493212036,1.1248485618729098,0.0,0.0
2025,15,0.0,2025_15_IND_SEA,Indianapolis Colts,Anthony Gould,WR,00-0039816,1.0,0.0,0.0,0.0,0.0,0.0,0.0,0.0,0.0,0.0,0.0,0.0,0.0,72.0,44.99,24.0,341.5,118.7,2.3593360398686283,0.5568542493212036,1.1248485618729098,0.0,0.0
2025,15,0.0,2025_15_IND_SEA,Indianapolis Colts,Coleman Owen,WR,00-0040352,1.0,0.0,0.0,0.0,0.0,0.0,0.0,0.0,0.0,0.0,0.0,0.0,0.0,72.0,44.99,24.0,341.5,118.7,2.3593360398686283,0.5568542493212036,1.1248485618729098,1.0,1.0
2025,15,0.0,2025_15_IND_SEA,Indianapolis Colts,Laquon Treadwell,WR,00-0032951,1.0,0.0,0.0,0.0,0.0,0.0,0.0,0.0,0.0,0.0,0.0,0.0,0.0,72.0,44.99,24.0,341.5,118.7,2.3593360398686283,0.5568542493212036,1.1248485618729098,1.0,1.0
2025,15,0.0,2025_15_IND_SEA,Seattle Seahawks,Sam Darnold,QB,00-0034869,1.0,35.92,239.2,2.14,1.04,6.54,24.2,0.26,0.0,0.0,0.0,0.0,0.2323,72.0,38.91,30.69,295.3,151.8,2.8331679403351826,1.1988469298306423,0.9726251056638676,1.0,1.0
2025,15,0.0,2025_15_IND_SEA,Seattle Seahawks,Kenneth Walker III,RB,00-0038134,1.0,0.0,0.0,0.0,0.0,15.53,67.4,0.75,4.46,3.04,20.5,0.32,0.6572,72.0,38.91,30.69,295.3,151.8,2.8331679403351826,1.1988469298306423,0.9726251056638676,1.0,1.0
2025,15,0.0,2025_15_IND_SEA,Seattle Seahawks,Zach Charbonnet,RB,00-0039165,1.0,0.0,0.0,0.0,0.0,8.63,37.2,0.28,2.77,1.89,12.7,0.19,0.3741,72.0,38.91,30.69,295.3,151.8,2.8331679403351826,1.1988469298306423,0.9726251056638676,1.0,1.0
2025,15,0.0,2025_15_IND_SEA,Seattle Seahawks,Velus Jones Jr.,RB,00-0037745,1.0,0.0,0.0,0.0,0.0,0.0,0.0,0.0,0.0,0.0,0.0,0.0,0.0,72.0,38.91,30.69,295.3,151.8,2.8331679403351826,1.1988469298306423,0.9726251056638676,1.0,1.0
2025,15,0.0,2025_15_IND_SEA,Seattle Seahawks,AJ Barner,TE,00-0039793,1.0,0.0,0.0,0.0,0.0,0.0,0.0,0.0,6.93,4.5,40.9,0.48,0.3825,72.0,38.91,30.69,295.3,151.8,2.8331679403351826,1.1988469298306423,0.9726251056638676,1.0,1.0
2025,15,0.0,2025_15_IND_SEA,Seattle Seahawks,Eric Saubert,TE,00-0033576,1.0,0.0,0.0,0.0,0.0,0.0,0.0,0.0,3.58,2.09,22.2,0.26,0.2267,72.0,38.91,30.69,295.3,151.8,2.8331679403351826,1.1988469298306423,0.9726251056638676,1.0,1.0
2025,15,0.0,2025_15_IND_SEA,Seattle Seahawks,Nick Kallerup,TE,00-0040058,1.0,0.0,0.0,0.0,0.0,0.0,0.0,0.0,0.0,0.0,0.0,0.0,0.0,72.0,38.91,30.69,295.3,151.8,2.8331679403351826,1.1988469298306423,0.9726251056638676,1.0,1.0
2025,15,0.0,2025_15_IND_SEA,Seattle Seahawks,Jaxon Smith-Njigba,WR,00-0038543,1.0,0.0,0.0,0.0,0.0,0.0,0.0,0.0,9.35,6.58,59.4,0.63,0.468,72.0,38.91,30.69,295.3,151.8,2.8331679403351826,1.1988469298306423,0.9726251056638676,1.0,1.0
2025,15,0.0,2025_15_IND_SEA,Seattle Seahawks,Cooper Kupp,WR,00-0033908,1.0,0.0,0.0,0.0,0.0,0.0,0.0,0.0,7.04,4.62,41.7,0.5,0.3914,72.0,38.91,30.69,295.3,151.8,2.8331679403351826,1.1988469298306423,0.9726251056638676,1.0,1.0
2025,15,0.0,2025_15_IND_SEA,Seattle Seahawks,Rashid Shaheed,WR,00-0037545,1.0,0.0,0.0,0.0,0.0,0.0,0.0,0.0,4.69,3.05,28.8,0.31,0.2658,72.0,38.91,30.69,295.3,151.8,2.8331679403351826,1.1988469298306423,0.9726251056638676,1.0,1.0
2025,15,0.0,2025_15_IND_SEA,Seattle Seahawks,Cody White,WR,00-0035891,1.0,0.0,0.0,0.0,0.0,0.0,0.0,0.0,0.0,0.0,0.0,0.0,0.0,72.0,38.91,30.69,295.3,151.8,2.8331679403351826,1.1988469298306423,0.9726251056638676,1.0,1.0
2025,15,0.0,2025_15_IND_SEA,Seattle Seahawks,Jake Bobo,WR,00-0038752,1.0,0.0,0.0,0.0,0.0,0.0,0.0,0.0,0.0,0.0,0.0,0.0,0.0,72.0,38.91,30.69,295.3,151.8,2.8331679403351826,1.1988469298306423,0.9726251056638676,1.0,1.0
2025,15,0.0,2025_15_LAC_KC,Kansas City Chiefs,Gardner Minshew,QB,00-0035289,1.0,40.65,211.1,1.92,1.17,2.87,8.8,0.09,0.0,0.0,0.0,0.0,0.0822,72.0,43.83,25.14,245.9,91.9,2.6958857187694396,0.7576138622805066,1.0957711922734308,1.0,1.0
2025,15,0.0,2025_15_LAC_KC,Kansas City Chiefs,Isiah Pacheco,RB,00-0037197,1.0,0.0,0.0,0.0,0.0,14.42,44.0,0.53,5.01,3.41,17.4,0.31,0.5696,72.0,43.83,25.14,245.9,91.9,2.6958857187694396,0.7576138622805066,1.0957711922734308,1.0,1.0
2025,15,0.0,2025_15_LAC_KC,Kansas City Chiefs,Kareem Hunt,RB,00-0033923,1.0,0.0,0.0,0.0,0.0,7.85,24.2,0.2,3.12,1.91,10.4,0.2,0.3292,72.0,43.83,25.14,245.9,91.9,2.6958857187694396,0.7576138622805066,1.0957711922734308,1.0,1.0
2025,15,0.0,2025_15_LAC_KC,Kansas City Chiefs,Brashard Smith,RB,00-0040078,1.0,0.0,0.0,0.0,0.0,0.0,0.0,0.0,0.0,0.0,0.0,0.0,0.0,72.0,43.83,25.14,245.9,91.9,2.6958857187694396,0.7576138622805066,1.0957711922734308,1.0,1.0
2025,15,0.0,2025_15_LAC_KC,Kansas City Chiefs,Travis Kelce,TE,00-0030506,1.0,0.0,0.0,0.0,0.0,0.0,0.0,0.0,7.66,4.54,27.5,0.44,0.3558,72.0,43.83,25.14,245.9,91.9,2.6958857187694396,0.7576138622805066,1.0957711922734308,1.0,1.0
2025,15,0.0,2025_15_LAC_KC,Kansas City Chiefs,Noah Gray,TE,00-0036637,1.0,0.0,0.0,0.0,0.0,0.0,0.0,0.0,3.96,2.3,14.7,0.22,0.1968,72.0,43.83,25.14,245.9,91.9,2.6958857187694396,0.7576138622805066,1.0957711922734308,1.0,1.0
2025,15,0.0,2025_15_LAC_KC,Kansas City Chiefs,Geor'Quarius Spivey,TE,00-0039941,1.0,0.0,0.0,0.0,0.0,0.0,0.0,0.0,0.0,0.0,0.0,0.0,0.0,72.0,43.83,25.14,245.9,91.9,2.6958857187694396,0.7576138622805066,1.0957711922734308,0.0,0.0
2025,15,0.0,2025_15_LAC_KC,Kansas City Chiefs,Jared Wiley,TE,00-0039824,1.0,0.0,0.0,0.0,0.0,0.0,0.0,0.0,0.0,0.0,0.0,0.0,0.0,72.0,43.83,25.14,245.9,91.9,2.6958857187694396,0.7576138622805066,1.0957711922734308,0.0,0.0
2025,15,0.0,2025_15_LAC_KC,Kansas City Chiefs,Robert Tonyan,TE,00-0033757,1.0,0.0,0.0,0.0,0.0,0.0,0.0,0.0,0.0,0.0,0.0,0.0,0.0,72.0,43.83,25.14,245.9,91.9,2.6958857187694396,0.7576138622805066,1.0957711922734308,1.0,1.0
2025,15,0.0,2025_15_LAC_KC,Kansas City Chiefs,Rashee Rice,WR,00-0039067,1.0,0.0,0.0,0.0,0.0,0.0,0.0,0.0,10.68,7.81,49.3,0.66,0.4809,72.0,43.83,25.14,245.9,91.9,2.6958857187694396,0.7576138622805066,1.0957711922734308,1.0,1.0
2025,15,0.0,2025_15_LAC_KC,Kansas City Chiefs,Xavier Worthy,WR,00-0039894,1.0,0.0,0.0,0.0,0.0,0.0,0.0,0.0,8.04,4.98,37.0,0.48,0.3809,72.0,43.83,25.14,245.9,91.9,2.6958857187694396,0.7576138622805066,1.0957711922734308,1.0,1.0
2025,15,0.0,2025_15_LAC_KC,Kansas City Chiefs,Elijhah Badger,WR,00-0040080,1.0,0.0,0.0,0.0,0.0,0.0,0.0,0.0,0.0,0.0,0.0,0.0,0.0,72.0,43.83,25.14,245.9,91.9,2.6958857187694396,0.7576138622805066,1.0957711922734308,0.0,0.0
2025,15,0.0,2025_15_LAC_KC,Kansas City Chiefs,Jalen Royals,WR,00-0040646,1.0,0.0,0.0,0.0,0.0,0.0,0.0,0.0,0.0,0.0,0.0,0.0,0.0,72.0,43.83,25.14,245.9,91.9,2.6958857187694396,0.7576138622805066,1.0957711922734308,1.0,1.0
2025,15,0.0,2025_15_LAC_KC,Kansas City Chiefs,JuJu Smith-Schuster,WR,00-0033857,1.0,0.0,0.0,0.0,0.0,0.0,0.0,0.0,0.0,0.0,0.0,0.0,0.0,72.0,43.83,25.14,245.9,91.9,2.6958857187694396,0.7576138622805066,1.0957711922734308,1.0,1.0
2025,15,0.0,2025_15_LAC_KC,Kansas City Chiefs,Nikko Remigio,WR,00-0038519,1.0,0.0,0.0,0.0,0.0,0.0,0.0,0.0,0.0,0.0,0.0,0.0,0.0,72.0,43.83,25.14,245.9,91.9,2.6958857187694396,0.7576138622805066,1.0957711922734308,1.0,1.0
2025,15,0.0,2025_15_LAC_KC,Kansas City Chiefs,Tyquan Thornton,WR,00-0038104,1.0,0.0,0.0,0.0,0.0,0.0,0.0,0.0,0.0,0.0,0.0,0.0,0.0,72.0,43.83,25.14,245.9,91.9,2.6958857187694396,0.7576138622805066,1.0957711922734308,1.0,1.0
2025,15,0.0,2025_15_LAC_KC,Los Angeles Chargers,Justin Herbert,QB,00-0036355,1.0,37.9,211.2,1.18,1.04,6.58,19.0,0.1,0.0,0.0,0.0,0.0,0.0955,72.0,38.93,30.16,231.1,116.7,1.2410777606176537,0.4439332310879107,0.9732632985433759,1.0,1.0
2025,15,0.0,2025_15_LAC_KC,Los Angeles Chargers,Omarion Hampton,RB,00-0040666,1.0,0.0,0.0,0.0,0.0,15.16,52.6,0.28,4.46,3.32,20.9,0.14,0.3414,72.0,38.93,30.16,231.1,116.7,1.2410777606176537,0.4439332310879107,0.9732632985433759,1.0,1.0
2025,15,0.0,2025_15_LAC_KC,Los Angeles Chargers,Kimani Vidal,RB,00-0039391,1.0,0.0,0.0,0.0,0.0,8.42,28.9,0.1,2.78,1.7,12.3,0.09,0.1694,72.0,38.93,30.16,231.1,116.7,1.2410777606176537,0.4439332310879107,0.9732632985433759,1.0,1.0
2025,15,0.0,2025_15_LAC_KC,Los Angeles Chargers,Hassan Haskins,RB,00-0037617,1.0,0.0,0.0,0.0,0.0,0.0,0.0,0.0,0.0,0.0,0.0,0.0,0.0,72.0,38.93,30.16,231.1,116.7,1.2410777606176537,0.4439332310879107,0.9732632985433759,1.0,1.0
2025,15,0.0,2025_15_LAC_KC,Los Angeles Chargers,Oronde Gadsden II,TE,00-0040189,1.0,0.0,0.0,0.0,0.0,0.0,0.0,0.0,6.75,3.97,33.0,0.21,0.1879,72.0,38.93,30.16,231.1,116.7,1.2410777606176537,0.4439332310879107,0.9732632985433759,1.0,1.0
2025,15,0.0,2025_15_LAC_KC,Los Angeles Chargers,Will Dissly,TE,00-0034159,1.0,0.0,0.0,0.0,0.0,0.0,0.0,0.0,3.49,2.22,14.2,0.1,0.0953,72.0,38.93,30.16,231.1,116.7,1.2410777606176537,0.4439332310879107,0.9732632985433759,1.0,1.0
2025,15,0.0,2025_15_LAC_KC,Los Angeles Chargers,Stevo Klotz,TE,00-0040469,1.0,0.0,0.0,0.0,0.0,0.0,0.0,0.0,0.0,0.0,0.0,0.0,0.0,72.0,38.93,30.16,231.1,116.7,1.2410777606176537,0.4439332310879107,0.9732632985433759,0.0,0.0
2025,15,0.0,2025_15_LAC_KC,Los Angeles Chargers,Tyler Conklin,TE,00-0034270,1.0,0.0,0.0,0.0,0.0,0.0,0.0,0.0,0.0,0.0,0.0,0.0,0.0,72.0,38.93,30.16,231.1,116.7,1.2410777606176537,0.4439332310879107,0.9732632985433759,1.0,1.0
2025,15,0.0,2025_15_LAC_KC,Los Angeles Chargers,Ladd McConkey,WR,00-0039915,1.0,0.0,0.0,0.0,0.0,0.0,0.0,0.0,9.5,6.27,48.1,0.28,0.2433,72.0,38.93,30.16,231.1,116.7,1.2410777606176537,0.4439332310879107,0.9732632985433759,1.0,1.0
2025,15,0.0,2025_15_LAC_KC,Los Angeles Chargers,Quentin Johnston,WR,00-0038544,1.0,0.0,0.0,0.0,0.0,0.0,0.0,0.0,7.15,3.93,33.3,0.22,0.1943,72.0,38.93,30.16,231.1,116.7,1.2410777606176537,0.4439332310879107,0.9732632985433759,0.0,0.0
2025,15,0.0,2025_15_LAC_KC,Los Angeles Chargers,Keenan Allen,WR,00-0030279,1.0,0.0,0.0,0.0,0.0,0.0,0.0,0.0,4.77,3.09,21.2,0.14,0.1342,72.0,38.93,30.16,231.1,116.7,1.2410777606176537,0.4439332310879107,0.9732632985433759,1.0,1.0
2025,15,0.0,2025_15_LAC_KC,Los Angeles Chargers,Derius Davis,WR,00-0038573,1.0,0.0,0.0,0.0,0.0,0.0,0.0,0.0,0.0,0.0,0.0,0.0,0.0,72.0,38.93,30.16,231.1,116.7,1.2410777606176537,0.4439332310879107,0.9732632985433759,0.0,0.0
2025,15,0.0,2025_15_LAC_KC,Los Angeles Chargers,KeAndre Lambert-Smith,WR,00-0040184,1.0,0.0,0.0,0.0,0.0,0.0,0.0,0.0,0.0,0.0,0.0,0.0,0.0,72.0,38.93,30.16,231.1,116.7,1.2410777606176537,0.4439332310879107,0.9732632985433759,1.0,1.0
2025,15,0.0,2025_15_LAC_KC,Los Angeles Chargers,Tre Harris,WR,00-0040727,1.0,0.0,0.0,0.0,0.0,0.0,0.0,0.0,0.0,0.0,0.0,0.0,0.0,72.0,38.93,30.16,231.1,116.7,1.2410777606176537,0.4439332310879107,0.9732632985433759,1.0,1.0
2025,15,0.0,2025_15_LV_PHI,Las Vegas Raiders,Geno Smith,QB,00-0030565,1.0,40.06,264.3,1.97,1.1,3.37,12.8,0.06,0.0,0.0,0.0,0.0,0.0593,63.72,41.24,19.12,313.0,94.5,2.5899350804848584,0.3425017732221374,1.0308920605150522,0.0,0.0
2025,15,0.0,2025_15_LV_PHI,Las Vegas Raiders,Ashton Jeanty,RB,00-0040122,1.0,0.0,0.0,0.0,0.0,10.12,43.1,0.21,4.58,2.91,24.8,0.29,0.3951,63.72,41.24,19.12,313.0,94.5,2.5899350804848584,0.3425017732221374,1.0308920605150522,1.0,1.0
2025,15,0.0,2025_15_LV_PHI,Las Vegas Raiders,Raheem Mostert,RB,00-0031687,1.0,0.0,0.0,0.0,0.0,5.62,24.3,0.08,2.85,1.83,14.3,0.18,0.2306,63.72,41.24,19.12,313.0,94.5,2.5899350804848584,0.3425017732221374,1.0308920605150522,1.0,1.0
2025,15,0.0,2025_15_LV_PHI,Las Vegas Raiders,Dylan Laube,RB,00-0039407,1.0,0.0,0.0,0.0,0.0,0.0,0.0,0.0,0.0,0.0,0.0,0.0,0.0,63.72,41.24,19.12,313.0,94.5,2.5899350804848584,0.3425017732221374,1.0308920605150522,1.0,1.0
2025,15,0.0,2025_15_LV_PHI,Las Vegas Raiders,Brock Bowers,TE,00-0039338,1.0,0.0,0.0,0.0,0.0,0.0,0.0,0.0,7.24,4.43,36.5,0.42,0.3398,63.72,41.24,19.12,313.0,94.5,2.5899350804848584,0.3425017732221374,1.0308920605150522,1.0,1.0
2025,15,0.0,2025_15_LV_PHI,Las Vegas Raiders,Michael Mayer,TE,00-0039066,1.0,0.0,0.0,0.0,0.0,0.0,0.0,0.0,3.74,2.18,19.0,0.22,0.1972,63.72,41.24,19.12,313.0,94.5,2.5899350804848584,0.3425017732221374,1.0308920605150522,1.0,1.0
2025,15,0.0,2025_15_LV_PHI,Las Vegas Raiders,Carter Runyon,TE,00-0040488,1.0,0.0,0.0,0.0,0.0,0.0,0.0,0.0,0.0,0.0,0.0,0.0,0.0,63.72,41.24,19.12,313.0,94.5,2.5899350804848584,0.3425017732221374,1.0308920605150522,1.0,1.0
2025,15,0.0,2025_15_LV_PHI,Las Vegas Raiders,Tre Tucker,WR,00-0038563,1.0,0.0,0.0,0.0,0.0,0.0,0.0,0.0,10.12,5.69,63.4,0.58,0.4406,63.72,41.24,19.12,313.0,94.5,2.5899350804848584,0.3425017732221374,1.0308920605150522,1.0,1.0
2025,15,0.0,2025_15_LV_PHI,Las Vegas Raiders,Jack Bech,WR,00-0040729,1.0,0.0,0.0,0.0,0.0,0.0,0.0,0.0,7.62,5.06,65.0,0.47,0.3724,63.72,41.24,19.12,313.0,94.5,2.5899350804848584,0.3425017732221374,1.0308920605150522,1.0,1.0
2025,15,0.0,2025_15_LV_PHI,Las Vegas Raiders,Tyler Lockett,WR,00-0032211,1.0,0.0,0.0,0.0,0.0,0.0,0.0,0.0,5.08,3.1,28.1,0.3,0.2557,63.72,41.24,19.12,313.0,94.5,2.5899350804848584,0.3425017732221374,1.0308920605150522,1.0,1.0
2025,15,0.0,2025_15_LV_PHI,Las Vegas Raiders,Alex Bachman,WR,00-0035602,1.0,0.0,0.0,0.0,0.0,0.0,0.0,0.0,0.0,0.0,0.0,0.0,0.0,63.72,41.24,19.12,313.0,94.5,2.5899350804848584,0.3425017732221374,1.0308920605150522,0.0,0.0
2025,15,0.0,2025_15_LV_PHI,Las Vegas Raiders,Amari Cooper,WR,00-0031544,1.0,0.0,0.0,0.0,0.0,0.0,0.0,0.0,0.0,0.0,0.0,0.0,0.0,63.72,41.24,19.12,313.0,94.5,2.5899350804848584,0.3425017732221374,1.0308920605150522,1.0,1.0
2025,15,0.0,2025_15_LV_PHI,Las Vegas Raiders,Dont'e Thornton Jr.,WR,00-0040581,1.0,0.0,0.0,0.0,0.0,0.0,0.0,0.0,0.0,0.0,0.0,0.0,0.0,63.72,41.24,19.12,313.0,94.5,2.5899350804848584,0.3425017732221374,1.0308920605150522,1.0,1.0
2025,15,0.0,2025_15_LV_PHI,Las Vegas Raiders,Shedrick Jackson,WR,00-0038891,1.0,0.0,0.0,0.0,0.0,0.0,0.0,0.0,0.0,0.0,0.0,0.0,0.0,63.72,41.24,19.12,313.0,94.5,2.5899350804848584,0.3425017732221374,1.0308920605150522,1.0,1.0
2025,15,0.0,2025_15_LV_PHI,Philadelphia Eagles,Jalen Hurts,QB,00-0036389,1.0,40.6,217.2,2.5,1.21,7.89,20.5,0.29,0.0,0.0,0.0,0.0,0.2518,72.0,45.37,23.66,254.5,86.5,3.6508818672646406,0.8996236331619292,1.134214960232316,1.0,1.0
2025,15,0.0,2025_15_LV_PHI,Philadelphia Eagles,Saquon Barkley,RB,00-0034844,1.0,0.0,0.0,0.0,0.0,10.14,32.4,0.51,5.27,3.34,18.7,0.42,0.6049,72.0,45.37,23.66,254.5,86.5,3.6508818672646406,0.8996236331619292,1.134214960232316,1.0,1.0
2025,15,0.0,2025_15_LV_PHI,Philadelphia Eagles,Tank Bigsby,RB,00-0038555,1.0,0.0,0.0,0.0,0.0,5.63,18.0,0.19,3.28,1.76,13.6,0.26,0.3641,72.0,45.37,23.66,254.5,86.5,3.6508818672646406,0.8996236331619292,1.134214960232316,1.0,1.0
2025,15,0.0,2025_15_LV_PHI,Philadelphia Eagles,Will Shipley,RB,00-0039746,1.0,0.0,0.0,0.0,0.0,0.0,0.0,0.0,0.0,0.0,0.0,0.0,0.0,72.0,45.37,23.66,254.5,86.5,3.6508818672646406,0.8996236331619292,1.134214960232316,1.0,1.0
2025,15,0.0,2025_15_LV_PHI,Philadelphia Eagles,Dallas Goedert,TE,00-0034351,1.0,0.0,0.0,0.0,0.0,0.0,0.0,0.0,7.71,4.78,28.7,0.57,0.4327,72.0,45.37,23.66,254.5,86.5,3.6508818672646406,0.8996236331619292,1.134214960232316,1.0,1.0
2025,15,0.0,2025_15_LV_PHI,Philadelphia Eagles,Grant Calcaterra,TE,00-0037086,1.0,0.0,0.0,0.0,0.0,0.0,0.0,0.0,3.99,2.49,17.4,0.3,0.262,72.0,45.37,23.66,254.5,86.5,3.6508818672646406,0.8996236331619292,1.134214960232316,1.0,1.0
2025,15,0.0,2025_15_LV_PHI,Philadelphia Eagles,Cameron Latu,TE,00-0038564,1.0,0.0,0.0,0.0,0.0,0.0,0.0,0.0,0.0,0.0,0.0,0.0,0.0,72.0,45.37,23.66,254.5,86.5,3.6508818672646406,0.8996236331619292,1.134214960232316,1.0,1.0
2025,15,0.0,2025_15_LV_PHI,Philadelphia Eagles,Kylen Granson,TE,00-0036876,1.0,0.0,0.0,0.0,0.0,0.0,0.0,0.0,0.0,0.0,0.0,0.0,0.0,72.0,45.37,23.66,254.5,86.5,3.6508818672646406,0.8996236331619292,1.134214960232316,1.0,1.0
2025,15,0.0,2025_15_LV_PHI,Philadelphia Eagles,A.J. Brown,WR,00-0035676,1.0,0.0,0.0,0.0,0.0,0.0,0.0,0.0,11.02,6.59,48.9,0.82,0.5585,72.0,45.37,23.66,254.5,86.5,3.6508818672646406,0.8996236331619292,1.134214960232316,1.0,1.0
2025,15,0.0,2025_15_LV_PHI,Philadelphia Eagles,DeVonta Smith,WR,00-0036912,1.0,0.0,0.0,0.0,0.0,0.0,0.0,0.0,8.3,5.84,36.7,0.61,0.4571,72.0,45.37,23.66,254.5,86.5,3.6508818672646406,0.8996236331619292,1.134214960232316,1.0,1.0
2025,15,0.0,2025_15_LV_PHI,Philadelphia Eagles,Jahan Dotson,WR,00-0037741,1.0,0.0,0.0,0.0,0.0,0.0,0.0,0.0,5.53,3.01,24.0,0.42,0.3462,72.0,45.37,23.66,254.5,86.5,3.6508818672646406,0.8996236331619292,1.134214960232316,1.0,1.0
2025,15,0.0,2025_15_LV_PHI,Philadelphia Eagles,Britain Covey,WR,00-0037132,1.0,0.0,0.0,0.0,0.0,0.0,0.0,0.0,0.0,0.0,0.0,0.0,0.0,72.0,45.37,23.66,254.5,86.5,3.6508818672646406,0.8996236331619292,1.134214960232316,1.0,1.0
2025,15,0.0,2025_15_LV_PHI,Philadelphia Eagles,Darius Cooper,WR,00-0040024,1.0,0.0,0.0,0.0,0.0,0.0,0.0,0.0,0.0,0.0,0.0,0.0,0.0,72.0,45.37,23.66,254.5,86.5,3.6508818672646406,0.8996236331619292,1.134214960232316,1.0,1.0
2025,15,0.0,2025_15_MIA_PIT,Miami Dolphins,Tua Tagovailoa,QB,00-0036212,1.0,32.85,219.0,1.47,0.81,3.8,14.7,0.13,0.0,0.0,0.0,0.0,0.1257,72.0,30.27,39.6,227.3,193.7,1.5806671223041306,1.4571360877280253,0.7567567495074635,1.0,1.0
2025,15,0.0,2025_15_MIA_PIT,Miami Dolphins,De'Von Achane,RB,00-0039040,1.0,0.0,0.0,0.0,0.0,23.01,97.0,1.02,3.41,2.35,16.2,0.18,0.6997,72.0,30.27,39.6,227.3,193.7,1.5806671223041306,1.4571360877280253,0.7567567495074635,1.0,1.0
2025,15,0.0,2025_15_MIA_PIT,Miami Dolphins,Jaylen Wright,RB,00-0039874,1.0,0.0,0.0,0.0,0.0,12.79,57.1,0.35,2.12,1.18,12.0,0.11,0.3697,72.0,30.27,39.6,227.3,193.7,1.5806671223041306,1.4571360877280253,0.7567567495074635,1.0,1.0
2025,15,0.0,2025_15_MIA_PIT,Miami Dolphins,Ollie Gordon II,RB,00-0040198,1.0,0.0,0.0,0.0,0.0,0.0,0.0,0.0,0.0,0.0,0.0,0.0,0.0,72.0,30.27,39.6,227.3,193.7,1.5806671223041306,1.4571360877280253,0.7567567495074635,1.0,1.0
2025,15,0.0,2025_15_MIA_PIT,Miami Dolphins,Darren Waller,TE,00-0031610,1.0,0.0,0.0,0.0,0.0,0.0,0.0,0.0,5.39,3.05,29.4,0.26,0.2327,72.0,30.27,39.6,227.3,193.7,1.5806671223041306,1.4571360877280253,0.7567567495074635,1.0,1.0
2025,15,0.0,2025_15_MIA_PIT,Miami Dolphins,Greg Dulcich,TE,00-0037252,1.0,0.0,0.0,0.0,0.0,0.0,0.0,0.0,2.79,1.45,14.5,0.13,0.1243,72.0,30.27,39.6,227.3,193.7,1.5806671223041306,1.4571360877280253,0.7567567495074635,1.0,1.0
2025,15,0.0,2025_15_MIA_PIT,Miami Dolphins,Julian Hill,TE,00-0038720,1.0,0.0,0.0,0.0,0.0,0.0,0.0,0.0,0.0,0.0,0.0,0.0,0.0,72.0,30.27,39.6,227.3,193.7,1.5806671223041306,1.4571360877280253,0.7567567495074635,1.0,1.0
2025,15,0.0,2025_15_MIA_PIT,Miami Dolphins,Jaylen Waddle,WR,00-0036613,1.0,0.0,0.0,0.0,0.0,0.0,0.0,0.0,7.35,4.54,43.7,0.35,0.2952,72.0,30.27,39.6,227.3,193.7,1.5806671223041306,1.4571360877280253,0.7567567495074635,1.0,1.0
2025,15,0.0,2025_15_MIA_PIT,Miami Dolphins,Malik Washington,WR,00-0039880,1.0,0.0,0.0,0.0,0.0,0.0,0.0,0.0,5.53,3.81,38.2,0.28,0.2422,72.0,30.27,39.6,227.3,193.7,1.5806671223041306,1.4571360877280253,0.7567567495074635,1.0,1.0
2025,15,0.0,2025_15_MIA_PIT,Miami Dolphins,Nick Westbrook-Ikhine,WR,00-0036182,1.0,0.0,0.0,0.0,0.0,0.0,0.0,0.0,3.69,1.91,22.0,0.18,0.1676,72.0,30.27,39.6,227.3,193.7,1.5806671223041306,1.4571360877280253,0.7567567495074635,1.0,1.0
2025,15,0.0,2025_15_MIA_PIT,Miami Dolphins,Cedrick Wilson Jr.,WR,00-0034418,1.0,0.0,0.0,0.0,0.0,0.0,0.0,0.0,0.0,0.0,0.0,0.0,0.0,72.0,30.27,39.6,227.3,193.7,1.5806671223041306,1.4571360877280253,0.7567567495074635,1.0,1.0
2025,15,0.0,2025_15_MIA_PIT,Miami Dolphins,Dee Eskridge,WR,00-0036620,1.0,0.0,0.0,0.0,0.0,0.0,0.0,0.0,0.0,0.0,0.0,0.0,0.0,72.0,30.27,39.6,227.3,193.7,1.5806671223041306,1.4571360877280253,0.7567567495074635,1.0,1.0
2025,15,0.0,2025_15_MIA_PIT,Pittsburgh Steelers,Aaron Rodgers,QB,00-0023459,1.0,43.56,281.4,1.9,1.26,1.76,7.3,0.04,0.0,0.0,0.0,0.0,0.0374,72.0,47.29,21.6,358.9,106.8,2.4067932495281767,0.5064930587290495,1.1822613890697278,1.0,1.0
2025,15,0.0,2025_15_MIA_PIT,Pittsburgh Steelers,Jaylen Warren,RB,00-0037228,1.0,0.0,0.0,0.0,0.0,12.75,54.4,0.36,5.47,3.92,28.3,0.27,0.4683,72.0,47.29,21.6,358.9,106.8,2.4067932495281767,0.5064930587290495,1.1822613890697278,1.0,1.0
2025,15,0.0,2025_15_MIA_PIT,Pittsburgh Steelers,Kenneth Gainwell,RB,00-0036919,1.0,0.0,0.0,0.0,0.0,7.08,30.0,0.14,3.4,2.31,16.7,0.18,0.2695,72.0,47.29,21.6,358.9,106.8,2.4067932495281767,0.5064930587290495,1.1822613890697278,1.0,1.0
2025,15,0.0,2025_15_MIA_PIT,Pittsburgh Steelers,Kaleb Johnson,RB,00-0040142,1.0,0.0,0.0,0.0,0.0,0.0,0.0,0.0,0.0,0.0,0.0,0.0,0.0,72.0,47.29,21.6,358.9,106.8,2.4067932495281767,0.5064930587290495,1.1822613890697278,1.0,1.0
2025,15,0.0,2025_15_MIA_PIT,Pittsburgh Steelers,Darnell Washington,TE,00-0038558,1.0,0.0,0.0,0.0,0.0,0.0,0.0,0.0,8.66,4.94,51.0,0.42,0.3449,72.0,47.29,21.6,358.9,106.8,2.4067932495281767,0.5064930587290495,1.1822613890697278,1.0,1.0
2025,15,0.0,2025_15_MIA_PIT,Pittsburgh Steelers,Pat Freiermuth,TE,00-0036894,1.0,0.0,0.0,0.0,0.0,0.0,0.0,0.0,4.48,2.54,21.4,0.21,0.1884,72.0,47.29,21.6,358.9,106.8,2.4067932495281767,0.5064930587290495,1.1822613890697278,1.0,1.0
2025,15,0.0,2025_15_MIA_PIT,Pittsburgh Steelers,Connor Heyward,TE,00-0037304,1.0,0.0,0.0,0.0,0.0,0.0,0.0,0.0,0.0,0.0,0.0,0.0,0.0,72.0,47.29,21.6,358.9,106.8,2.4067932495281767,0.5064930587290495,1.1822613890697278,1.0,1.0
2025,15,0.0,2025_15_MIA_PIT,Pittsburgh Steelers,Jonnu Smith,TE,00-0033858,1.0,0.0,0.0,0.0,0.0,0.0,0.0,0.0,0.0,0.0,0.0,0.0,0.0,72.0,47.29,21.6,358.9,106.8,2.4067932495281767,0.5064930587290495,1.1822613890697278,1.0,1.0
2025,15,0.0,2025_15_MIA_PIT,Pittsburgh Steelers,DK Metcalf,WR,00-0035640,1.0,0.0,0.0,0.0,0.0,0.0,0.0,0.0,11.06,6.31,67.2,0.54,0.4179,72.0,47.29,21.6,358.9,106.8,2.4067932495281767,0.5064930587290495,1.1822613890697278,1.0,1.0
2025,15,0.0,2025_15_MIA_PIT,Pittsburgh Steelers,Calvin Austin III,WR,00-0037837,1.0,0.0,0.0,0.0,0.0,0.0,0.0,0.0,8.33,4.59,51.9,0.38,0.3152,72.0,47.29,21.6,358.9,106.8,2.4067932495281767,0.5064930587290495,1.1822613890697278,1.0,1.0
2025,15,0.0,2025_15_MIA_PIT,Pittsburgh Steelers,Adam Thielen,WR,00-0030035,1.0,0.0,0.0,0.0,0.0,0.0,0.0,0.0,5.55,3.74,31.1,0.27,0.2376,72.0,47.29,21.6,358.9,106.8,2.4067932495281767,0.5064930587290495,1.1822613890697278,1.0,1.0
2025,15,0.0,2025_15_MIA_PIT,Pittsburgh Steelers,Ben Skowronek,WR,00-0036862,1.0,0.0,0.0,0.0,0.0,0.0,0.0,0.0,0.0,0.0,0.0,0.0,0.0,72.0,47.29,21.6,358.9,106.8,2.4067932495281767,0.5064930587290495,1.1822613890697278,1.0,1.0
2025,15,0.0,2025_15_MIA_PIT,Pittsburgh Steelers,Brandon Johnson,WR,00-0037382,1.0,0.0,0.0,0.0,0.0,0.0,0.0,0.0,0.0,0.0,0.0,0.0,0.0,72.0,47.29,21.6,358.9,106.8,2.4067932495281767,0.5064930587290495,1.1822613890697278,0.0,0.0
2025,15,0.0,2025_15_MIA_PIT,Pittsburgh Steelers,Marquez Valdes-Scantling,WR,00-0034272,1.0,0.0,0.0,0.0,0.0,0.0,0.0,0.0,0.0,0.0,0.0,0.0,0.0,72.0,47.29,21.6,358.9,106.8,2.4067932495281767,0.5064930587290495,1.1822613890697278,1.0,1.0
2025,15,0.0,2025_15_MIA_PIT,Pittsburgh Steelers,Scott Miller,WR,00-0035298,1.0,0.0,0.0,0.0,0.0,0.0,0.0,0.0,0.0,0.0,0.0,0.0,0.0,72.0,47.29,21.6,358.9,106.8,2.4067932495281767,0.5064930587290495,1.1822613890697278,1.0,1.0
2025,15,0.0,2025_15_MIN_DAL,Dallas Cowboys,Dak Prescott,QB,00-0033077,1.0,44.86,296.9,2.12,1.26,2.17,7.8,0.05,0.0,0.0,0.0,0.0,0.0518,72.0,47.29,21.6,358.9,106.8,2.542350517555458,0.47758870305417744,1.1822434977037888,1.0,1.0
2025,15,0.0,2025_15_MIN_DAL,Dallas Cowboys,Javonte Williams,RB,00-0036997,1.0,0.0,0.0,0.0,0.0,12.49,52.0,0.34,5.43,3.42,24.8,0.3,0.4722,72.0,47.29,21.6,358.9,106.8,2.542350517555458,0.47758870305417744,1.1822434977037888,1.0,1.0
2025,15,0.0,2025_15_MIN_DAL,Dallas Cowboys,Malik Davis,RB,00-0037563,1.0,0.0,0.0,0.0,0.0,6.94,31.6,0.11,3.38,2.04,19.7,0.18,0.2569,72.0,47.29,21.6,358.9,106.8,2.542350517555458,0.47758870305417744,1.1822434977037888,1.0,1.0
2025,15,0.0,2025_15_MIN_DAL,Dallas Cowboys,Jake Ferguson,TE,00-0038041,1.0,0.0,0.0,0.0,0.0,0.0,0.0,0.0,8.68,5.46,44.4,0.45,0.3604,72.0,47.29,21.6,358.9,106.8,2.542350517555458,0.47758870305417744,1.1822434977037888,1.0,1.0
2025,15,0.0,2025_15_MIN_DAL,Dallas Cowboys,Luke Schoonmaker,TE,00-0038547,1.0,0.0,0.0,0.0,0.0,0.0,0.0,0.0,4.49,2.44,23.9,0.22,0.1987,72.0,47.29,21.6,358.9,106.8,2.542350517555458,0.47758870305417744,1.1822434977037888,1.0,1.0
2025,15,0.0,2025_15_MIN_DAL,Dallas Cowboys,Brevyn Spann-Ford,TE,00-0039530,1.0,0.0,0.0,0.0,0.0,0.0,0.0,0.0,0.0,0.0,0.0,0.0,0.0,72.0,47.29,21.6,358.9,106.8,2.542350517555458,0.47758870305417744,1.1822434977037888,1.0,1.0
2025,15,0.0,2025_15_MIN_DAL,Dallas Cowboys,John Stephens Jr.,TE,00-0038741,1.0,0.0,0.0,0.0,0.0,0.0,0.0,0.0,0.0,0.0,0.0,0.0,0.0,72.0,47.29,21.6,358.9,106.8,2.542350517555458,0.47758870305417744,1.1822434977037888,0.0,0.0
2025,15,0.0,2025_15_MIN_DAL,Dallas Cowboys,CeeDee Lamb,WR,00-0036358,1.0,0.0,0.0,0.0,0.0,0.0,0.0,0.0,11.15,7.0,67.0,0.57,0.4326,72.0,47.29,21.6,358.9,106.8,2.542350517555458,0.47758870305417744,1.1822434977037888,1.0,1.0
2025,15,0.0,2025_15_MIN_DAL,Dallas Cowboys,George Pickens,WR,00-0037247,1.0,0.0,0.0,0.0,0.0,0.0,0.0,0.0,8.4,4.72,49.2,0.42,0.3457,72.0,47.29,21.6,358.9,106.8,2.542350517555458,0.47758870305417744,1.1822434977037888,1.0,1.0
2025,15,0.0,2025_15_MIN_DAL,Dallas Cowboys,Ryan Flournoy,WR,00-0039410,1.0,0.0,0.0,0.0,0.0,0.0,0.0,0.0,5.6,3.62,39.0,0.28,0.2473,72.0,47.29,21.6,358.9,106.8,2.542350517555458,0.47758870305417744,1.1822434977037888,1.0,1.0
2025,15,0.0,2025_15_MIN_DAL,Dallas Cowboys,Jonathan Mingo,WR,00-0039062,1.0,0.0,0.0,0.0,0.0,0.0,0.0,0.0,0.0,0.0,0.0,0.0,0.0,72.0,47.29,21.6,358.9,106.8,2.542350517555458,0.47758870305417744,1.1822434977037888,1.0,1.0
2025,15,0.0,2025_15_MIN_DAL,Dallas Cowboys,KaVontae Turpin,WR,00-0037801,1.0,0.0,0.0,0.0,0.0,0.0,0.0,0.0,0.0,0.0,0.0,0.0,0.0,72.0,47.29,21.6,358.9,106.8,2.542350517555458,0.47758870305417744,1.1822434977037888,1.0,1.0
2025,15,0.0,2025_15_MIN_DAL,Minnesota Vikings,J.J. McCarthy,QB,00-0039923,1.0,33.62,198.6,2.05,0.88,1.42,5.2,0.04,0.0,0.0,0.0,0.0,0.0408,69.28,33.17,33.48,218.2,143.5,2.2040500697647705,1.0271014126632667,0.8292728429722911,1.0,1.0
2025,15,0.0,2025_15_MIN_DAL,Minnesota Vikings,Aaron Jones Sr.,RB,None,1.0,0.0,0.0,0.0,0.0,20.61,95.6,0.73,3.78,2.42,25.1,0.25,0.6238,69.28,33.17,33.48,218.2,143.5,2.2040500697647705,1.0271014126632667,0.8292728429722911,0.0,0.0
2025,15,0.0,2025_15_MIN_DAL,Minnesota Vikings,Jordan Mason,RB,00-0037525,1.0,0.0,0.0,0.0,0.0,11.45,41.2,0.27,2.35,1.6,11.9,0.16,0.3485,69.28,33.17,33.48,218.2,143.5,2.2040500697647705,1.0271014126632667,0.8292728429722911,1.0,1.0
2025,15,0.0,2025_15_MIN_DAL,Minnesota Vikings,Zavier Scott,RB,00-0038440,1.0,0.0,0.0,0.0,0.0,0.0,0.0,0.0,0.0,0.0,0.0,0.0,0.0,69.28,33.17,33.48,218.2,143.5,2.2040500697647705,1.0271014126632667,0.8292728429722911,1.0,1.0
2025,15,0.0,2025_15_MIN_DAL,Minnesota Vikings,T.J. Hockenson,TE,00-0035229,1.0,0.0,0.0,0.0,0.0,0.0,0.0,0.0,6.07,3.56,25.5,0.36,0.3046,69.28,33.17,33.48,218.2,143.5,2.2040500697647705,1.0271014126632667,0.8292728429722911,1.0,1.0
2025,15,0.0,2025_15_MIN_DAL,Minnesota Vikings,Josh Oliver,TE,00-0035249,1.0,0.0,0.0,0.0,0.0,0.0,0.0,0.0,3.05,1.82,13.5,0.2,0.1817,69.28,33.17,33.48,218.2,143.5,2.2040500697647705,1.0271014126632667,0.8292728429722911,1.0,1.0
2025,15,0.0,2025_15_MIN_DAL,Minnesota Vikings,Ben Sims,TE,00-0038809,1.0,0.0,0.0,0.0,0.0,0.0,0.0,0.0,0.0,0.0,0.0,0.0,0.0,69.28,33.17,33.48,218.2,143.5,2.2040500697647705,1.0271014126632667,0.8292728429722911,1.0,1.0
2025,15,0.0,2025_15_MIN_DAL,Minnesota Vikings,Ben Yurosek,TE,00-0040509,1.0,0.0,0.0,0.0,0.0,0.0,0.0,0.0,0.0,0.0,0.0,0.0,0.0,69.28,33.17,33.48,218.2,143.5,2.2040500697647705,1.0271014126632667,0.8292728429722911,1.0,1.0
2025,15,0.0,2025_15_MIN_DAL,Minnesota Vikings,Justin Jefferson,WR,00-0036322,1.0,0.0,0.0,0.0,0.0,0.0,0.0,0.0,8.03,5.1,44.9,0.51,0.3998,69.28,33.17,33.48,218.2,143.5,2.2040500697647705,1.0271014126632667,0.8292728429722911,1.0,1.0
2025,15,0.0,2025_15_MIN_DAL,Minnesota Vikings,Jordan Addison,WR,00-0038994,1.0,0.0,0.0,0.0,0.0,0.0,0.0,0.0,5.94,3.43,32.8,0.38,0.3179,69.28,33.17,33.48,218.2,143.5,2.2040500697647705,1.0271014126632667,0.8292728429722911,1.0,1.0
2025,15,0.0,2025_15_MIN_DAL,Minnesota Vikings,Jalen Nailor,WR,00-0037291,1.0,0.0,0.0,0.0,0.0,0.0,0.0,0.0,3.96,2.35,23.3,0.26,0.2288,69.28,33.17,33.48,218.2,143.5,2.2040500697647705,1.0271014126632667,0.8292728429722911,1.0,1.0
2025,15,0.0,2025_15_MIN_DAL,Minnesota Vikings,Myles Price,WR,00-0040506,1.0,0.0,0.0,0.0,0.0,0.0,0.0,0.0,0.0,0.0,0.0,0.0,0.0,69.28,33.17,33.48,218.2,143.5,2.2040500697647705,1.0271014126632667,0.8292728429722911,1.0,1.0
2025,15,0.0,2025_15_MIN_DAL,Minnesota Vikings,Tai Felton,WR,00-0040154,1.0,0.0,0.0,0.0,0.0,0.0,0.0,0.0,0.0,0.0,0.0,0.0,0.0,69.28,33.17,33.48,218.2,143.5,2.2040500697647705,1.0271014126632667,0.8292728429722911,1.0,1.0
2025,15,0.0,2025_15_NYJ_JAX,Jacksonville Jaguars,Trevor Lawrence,QB,00-0036971,1.0,37.23,211.3,2.11,1.0,4.83,14.1,0.23,0.0,0.0,0.0,0.0,0.2076,72.0,37.7,31.87,231.7,127.6,2.993196901984173,1.3388541070545044,0.9424634286200574,1.0,1.0
2025,15,0.0,2025_15_NYJ_JAX,Jacksonville Jaguars,Travis Etienne Jr.,RB,None,1.0,0.0,0.0,0.0,0.0,17.38,79.3,0.85,4.39,2.71,25.1,0.35,0.697,72.0,37.7,31.87,231.7,127.6,2.993196901984173,1.3388541070545044,0.9424634286200574,0.0,0.0
2025,15,0.0,2025_15_NYJ_JAX,Jacksonville Jaguars,Bhayshul Tuten,RB,00-0040719,1.0,0.0,0.0,0.0,0.0,9.66,34.0,0.34,2.73,1.73,13.8,0.22,0.4274,72.0,37.7,31.87,231.7,127.6,2.993196901984173,1.3388541070545044,0.9424634286200574,1.0,1.0
2025,15,0.0,2025_15_NYJ_JAX,Jacksonville Jaguars,LeQuint Allen Jr.,RB,00-0040238,1.0,0.0,0.0,0.0,0.0,0.0,0.0,0.0,0.0,0.0,0.0,0.0,0.0,72.0,37.7,31.87,231.7,127.6,2.993196901984173,1.3388541070545044,0.9424634286200574,1.0,1.0
2025,15,0.0,2025_15_NYJ_JAX,Jacksonville Jaguars,Brenton Strange,TE,00-0038935,1.0,0.0,0.0,0.0,0.0,0.0,0.0,0.0,6.7,3.89,29.1,0.5,0.393,72.0,37.7,31.87,231.7,127.6,2.993196901984173,1.3388541070545044,0.9424634286200574,1.0,1.0
2025,15,0.0,2025_15_NYJ_JAX,Jacksonville Jaguars,Quintin Morris,TE,00-0036590,1.0,0.0,0.0,0.0,0.0,0.0,0.0,0.0,3.46,1.92,16.9,0.27,0.2354,72.0,37.7,31.87,231.7,127.6,2.993196901984173,1.3388541070545044,0.9424634286200574,1.0,1.0
2025,15,0.0,2025_15_NYJ_JAX,Jacksonville Jaguars,Hunter Long,TE,00-0037004,1.0,0.0,0.0,0.0,0.0,0.0,0.0,0.0,0.0,0.0,0.0,0.0,0.0,72.0,37.7,31.87,231.7,127.6,2.993196901984173,1.3388541070545044,0.9424634286200574,0.0,0.0
2025,15,0.0,2025_15_NYJ_JAX,Jacksonville Jaguars,John Copenhaver,TE,00-0040327,1.0,0.0,0.0,0.0,0.0,0.0,0.0,0.0,0.0,0.0,0.0,0.0,0.0,72.0,37.7,31.87,231.7,127.6,2.993196901984173,1.3388541070545044,0.9424634286200574,0.0,0.0
2025,15,0.0,2025_15_NYJ_JAX,Jacksonville Jaguars,Johnny Mundt,TE,00-0033246,1.0,0.0,0.0,0.0,0.0,0.0,0.0,0.0,0.0,0.0,0.0,0.0,0.0,72.0,37.7,31.87,231.7,127.6,2.993196901984173,1.3388541070545044,0.9424634286200574,1.0,1.0
2025,15,0.0,2025_15_NYJ_JAX,Jacksonville Jaguars,Brian Thomas Jr.,WR,00-0039893,1.0,0.0,0.0,0.0,0.0,0.0,0.0,0.0,8.95,5.07,45.6,0.66,0.4823,72.0,37.7,31.87,231.7,127.6,2.993196901984173,1.3388541070545044,0.9424634286200574,1.0,1.0
2025,15,0.0,2025_15_NYJ_JAX,Jacksonville Jaguars,Jakobi Meyers,WR,00-0034960,1.0,0.0,0.0,0.0,0.0,0.0,0.0,0.0,6.74,4.4,32.7,0.5,0.3963,72.0,37.7,31.87,231.7,127.6,2.993196901984173,1.3388541070545044,0.9424634286200574,1.0,1.0
2025,15,0.0,2025_15_NYJ_JAX,Jacksonville Jaguars,Parker Washington,WR,00-0038606,1.0,0.0,0.0,0.0,0.0,0.0,0.0,0.0,4.49,2.78,22.9,0.35,0.2939,72.0,37.7,31.87,231.7,127.6,2.993196901984173,1.3388541070545044,0.9424634286200574,1.0,1.0
2025,15,0.0,2025_15_NYJ_JAX,Jacksonville Jaguars,Cam Camper,WR,00-0040324,1.0,0.0,0.0,0.0,0.0,0.0,0.0,0.0,0.0,0.0,0.0,0.0,0.0,72.0,37.7,31.87,231.7,127.6,2.993196901984173,1.3388541070545044,0.9424634286200574,0.0,0.0
2025,15,0.0,2025_15_NYJ_JAX,Jacksonville Jaguars,Dyami Brown,WR,00-0036626,1.0,0.0,0.0,0.0,0.0,0.0,0.0,0.0,0.0,0.0,0.0,0.0,0.0,72.0,37.7,31.87,231.7,127.6,2.993196901984173,1.3388541070545044,0.9424634286200574,1.0,1.0
2025,15,0.0,2025_15_NYJ_JAX,Jacksonville Jaguars,Tim Patrick,WR,00-0033375,1.0,0.0,0.0,0.0,0.0,0.0,0.0,0.0,0.0,0.0,0.0,0.0,0.0,72.0,37.7,31.87,231.7,127.6,2.993196901984173,1.3388541070545044,0.9424634286200574,1.0,1.0
2025,15,0.0,2025_15_NYJ_JAX,New York Jets,Tyrod Taylor,QB,00-0028118,1.0,38.71,201.6,1.42,1.25,2.02,6.1,0.03,0.0,0.0,0.0,0.0,0.0308,72.0,46.9,21.6,263.1,78.9,1.9491459646869684,0.3538166575933872,1.1725379359910162,0.0,0.0
2025,15,0.0,2025_15_NYJ_JAX,New York Jets,Breece Hall,RB,00-0038120,1.0,0.0,0.0,0.0,0.0,12.59,38.8,0.24,5.25,3.22,18.8,0.22,0.3671,72.0,46.9,21.6,263.1,78.9,1.9491459646869684,0.3538166575933872,1.1725379359910162,1.0,1.0
2025,15,0.0,2025_15_NYJ_JAX,New York Jets,Isaiah Davis,RB,00-0039798,1.0,0.0,0.0,0.0,0.0,6.99,23.5,0.09,3.27,2.0,12.9,0.14,0.1997,72.0,46.9,21.6,263.1,78.9,1.9491459646869684,0.3538166575933872,1.1725379359910162,1.0,1.0
2025,15,0.0,2025_15_NYJ_JAX,New York Jets,Kene Nwangwu,RB,00-0036842,1.0,0.0,0.0,0.0,0.0,0.0,0.0,0.0,0.0,0.0,0.0,0.0,0.0,72.0,46.9,21.6,263.1,78.9,1.9491459646869684,0.3538166575933872,1.1725379359910162,1.0,1.0
2025,15,0.0,2025_15_NYJ_JAX,New York Jets,Khalil Herbert,RB,00-0036906,1.0,0.0,0.0,0.0,0.0,0.0,0.0,0.0,0.0,0.0,0.0,0.0,0.0,72.0,46.9,21.6,263.1,78.9,1.9491459646869684,0.3538166575933872,1.1725379359910162,1.0,1.0
2025,15,0.0,2025_15_NYJ_JAX,New York Jets,Mason Taylor,TE,00-0040736,1.0,0.0,0.0,0.0,0.0,0.0,0.0,0.0,8.48,4.67,36.4,0.33,0.2799,72.0,46.9,21.6,263.1,78.9,1.9491459646869684,0.3538166575933872,1.1725379359910162,0.0,0.0
2025,15,0.0,2025_15_NYJ_JAX,New York Jets,Jeremy Ruckert,TE,00-0037805,1.0,0.0,0.0,0.0,0.0,0.0,0.0,0.0,4.38,2.62,17.4,0.16,0.151,72.0,46.9,21.6,263.1,78.9,1.9491459646869684,0.3538166575933872,1.1725379359910162,1.0,1.0
2025,15,0.0,2025_15_NYJ_JAX,New York Jets,Jelani Woods,TE,00-0037755,1.0,0.0,0.0,0.0,0.0,0.0,0.0,0.0,0.0,0.0,0.0,0.0,0.0,72.0,46.9,21.6,263.1,78.9,1.9491459646869684,0.3538166575933872,1.1725379359910162,1.0,1.0
2025,15,0.0,2025_15_NYJ_JAX,New York Jets,Stone Smartt,TE,00-0037475,1.0,0.0,0.0,0.0,0.0,0.0,0.0,0.0,0.0,0.0,0.0,0.0,0.0,72.0,46.9,21.6,263.1,78.9,1.9491459646869684,0.3538166575933872,1.1725379359910162,1.0,1.0
2025,15,0.0,2025_15_NYJ_JAX,New York Jets,John Metchie III,WR,00-0037614,1.0,0.0,0.0,0.0,0.0,0.0,0.0,0.0,11.32,7.25,55.4,0.45,0.3637,72.0,46.9,21.6,263.1,78.9,1.9491459646869684,0.3538166575933872,1.1725379359910162,1.0,1.0
2025,15,0.0,2025_15_NYJ_JAX,New York Jets,Adonai Mitchell,WR,00-0039890,1.0,0.0,0.0,0.0,0.0,0.0,0.0,0.0,8.52,3.81,39.3,0.33,0.2841,72.0,46.9,21.6,263.1,78.9,1.9491459646869684,0.3538166575933872,1.1725379359910162,1.0,1.0
2025,15,0.0,2025_15_NYJ_JAX,New York Jets,Isaiah Williams,WR,00-0039451,1.0,0.0,0.0,0.0,0.0,0.0,0.0,0.0,5.68,3.74,30.6,0.22,0.1955,72.0,46.9,21.6,263.1,78.9,1.9491459646869684,0.3538166575933872,1.1725379359910162,1.0,1.0
2025,15,0.0,2025_15_NYJ_JAX,New York Jets,Allen Lazard,WR,00-0034521,1.0,0.0,0.0,0.0,0.0,0.0,0.0,0.0,0.0,0.0,0.0,0.0,0.0,72.0,46.9,21.6,263.1,78.9,1.9491459646869684,0.3538166575933872,1.1725379359910162,1.0,1.0
2025,15,0.0,2025_15_NYJ_JAX,New York Jets,Arian Smith,WR,00-0040582,1.0,0.0,0.0,0.0,0.0,0.0,0.0,0.0,0.0,0.0,0.0,0.0,0.0,72.0,46.9,21.6,263.1,78.9,1.9491459646869684,0.3538166575933872,1.1725379359910162,1.0,1.0
2025,15,0.0,2025_15_TEN_SF,San Francisco 49ers,Brock Purdy,QB,00-0037834,1.0,34.86,243.7,2.05,0.96,7.85,28.5,0.32,0.0,0.0,0.0,0.0,0.2772,72.0,35.94,33.82,272.8,167.2,2.6253912789250515,1.2919455459068185,0.8985327079288203,1.0,1.0
2025,15,0.0,2025_15_TEN_SF,San Francisco 49ers,Christian McCaffrey,RB,00-0033280,1.0,0.0,0.0,0.0,0.0,16.7,69.4,0.8,4.11,2.88,20.2,0.31,0.672,72.0,35.94,33.82,272.8,167.2,2.6253912789250515,1.2919455459068185,0.8985327079288203,1.0,1.0
2025,15,0.0,2025_15_TEN_SF,San Francisco 49ers,Brian Robinson Jr.,RB,None,1.0,0.0,0.0,0.0,0.0,9.28,48.8,0.27,2.56,1.64,18.2,0.19,0.3636,72.0,35.94,33.82,272.8,167.2,2.6253912789250515,1.2919455459068185,0.8985327079288203,0.0,0.0
2025,15,0.0,2025_15_TEN_SF,San Francisco 49ers,Isaac Guerendo,RB,00-0039363,1.0,0.0,0.0,0.0,0.0,0.0,0.0,0.0,0.0,0.0,0.0,0.0,0.0,72.0,35.94,33.82,272.8,167.2,2.6253912789250515,1.2919455459068185,0.8985327079288203,1.0,1.0
2025,15,0.0,2025_15_TEN_SF,San Francisco 49ers,George Kittle,TE,00-0033288,1.0,0.0,0.0,0.0,0.0,0.0,0.0,0.0,6.43,3.91,32.0,0.44,0.3558,72.0,35.94,33.82,272.8,167.2,2.6253912789250515,1.2919455459068185,0.8985327079288203,1.0,1.0
2025,15,0.0,2025_15_TEN_SF,San Francisco 49ers,Luke Farrell,TE,00-0036887,1.0,0.0,0.0,0.0,0.0,0.0,0.0,0.0,3.32,2.04,19.3,0.23,0.2017,72.0,35.94,33.82,272.8,167.2,2.6253912789250515,1.2919455459068185,0.8985327079288203,1.0,1.0
2025,15,0.0,2025_15_TEN_SF,San Francisco 49ers,Hayden Rucci,TE,00-0039489,1.0,0.0,0.0,0.0,0.0,0.0,0.0,0.0,0.0,0.0,0.0,0.0,0.0,72.0,35.94,33.82,272.8,167.2,2.6253912789250515,1.2919455459068185,0.8985327079288203,0.0,0.0
2025,15,0.0,2025_15_TEN_SF,San Francisco 49ers,Jake Tonges,TE,00-0037112,1.0,0.0,0.0,0.0,0.0,0.0,0.0,0.0,0.0,0.0,0.0,0.0,0.0,72.0,35.94,33.82,272.8,167.2,2.6253912789250515,1.2919455459068185,0.8985327079288203,1.0,1.0
2025,15,0.0,2025_15_TEN_SF,San Francisco 49ers,Jauan Jennings,WR,00-0036259,1.0,0.0,0.0,0.0,0.0,0.0,0.0,0.0,8.66,5.38,57.0,0.6,0.4512,72.0,35.94,33.82,272.8,167.2,2.6253912789250515,1.2919455459068185,0.8985327079288203,1.0,1.0
2025,15,0.0,2025_15_TEN_SF,San Francisco 49ers,Ricky Pearsall,WR,00-0039916,1.0,0.0,0.0,0.0,0.0,0.0,0.0,0.0,6.52,4.03,46.7,0.45,0.3655,72.0,35.94,33.82,272.8,167.2,2.6253912789250515,1.2919455459068185,0.8985327079288203,1.0,1.0
2025,15,0.0,2025_15_TEN_SF,San Francisco 49ers,Kendrick Bourne,WR,00-0033307,1.0,0.0,0.0,0.0,0.0,0.0,0.0,0.0,4.35,2.91,27.6,0.29,0.2506,72.0,35.94,33.82,272.8,167.2,2.6253912789250515,1.2919455459068185,0.8985327079288203,1.0,1.0
2025,15,0.0,2025_15_TEN_SF,San Francisco 49ers,Colton Dowell,WR,00-0038632,1.0,0.0,0.0,0.0,0.0,0.0,0.0,0.0,0.0,0.0,0.0,0.0,0.0,72.0,35.94,33.82,272.8,167.2,2.6253912789250515,1.2919455459068185,0.8985327079288203,0.0,0.0
2025,15,0.0,2025_15_TEN_SF,San Francisco 49ers,Demarcus Robinson,WR,00-0032775,1.0,0.0,0.0,0.0,0.0,0.0,0.0,0.0,0.0,0.0,0.0,0.0,0.0,72.0,35.94,33.82,272.8,167.2,2.6253912789250515,1.2919455459068185,0.8985327079288203,1.0,1.0
2025,15,0.0,2025_15_TEN_SF,San Francisco 49ers,Skyy Moore,WR,00-0038090,1.0,0.0,0.0,0.0,0.0,0.0,0.0,0.0,0.0,0.0,0.0,0.0,0.0,72.0,35.94,33.82,272.8,167.2,2.6253912789250515,1.2919455459068185,0.8985327079288203,1.0,1.0
2025,15,0.0,2025_15_TEN_SF,Tennessee Titans,Cam Ward,QB,00-0040676,1.0,31.03,211.5,1.21,0.82,1.53,6.3,0.03,0.0,0.0,0.0,0.0,0.0307,72.0,30.62,39.27,232.4,194.2,1.3133974837385043,0.8096336524324965,0.7654214632053835,1.0,1.0
2025,15,0.0,2025_15_TEN_SF,Tennessee Titans,Tony Pollard,RB,00-0035261,1.0,0.0,0.0,0.0,0.0,24.27,104.0,0.59,3.54,2.19,16.2,0.15,0.5239,72.0,30.62,39.27,232.4,194.2,1.3133974837385043,0.8096336524324965,0.7654214632053835,1.0,1.0
2025,15,0.0,2025_15_TEN_SF,Tennessee Titans,Tyjae Spears,RB,00-0039032,1.0,0.0,0.0,0.0,0.0,13.48,58.1,0.21,2.2,1.48,9.9,0.09,0.259,72.0,30.62,39.27,232.4,194.2,1.3133974837385043,0.8096336524324965,0.7654214632053835,1.0,1.0
2025,15,0.0,2025_15_TEN_SF,Tennessee Titans,Julius Chestnut,RB,00-0037594,1.0,0.0,0.0,0.0,0.0,0.0,0.0,0.0,0.0,0.0,0.0,0.0,0.0,72.0,30.62,39.27,232.4,194.2,1.3133974837385043,0.8096336524324965,0.7654214632053835,1.0,1.0
2025,15,0.0,2025_15_TEN_SF,Tennessee Titans,Kalel Mullings,RB,00-0040205,1.0,0.0,0.0,0.0,0.0,0.0,0.0,0.0,0.0,0.0,0.0,0.0,0.0,72.0,30.62,39.27,232.4,194.2,1.3133974837385043,0.8096336524324965,0.7654214632053835,1.0,1.0
2025,15,0.0,2025_15_TEN_SF,Tennessee Titans,Gunnar Helm,TE,00-0040584,1.0,0.0,0.0,0.0,0.0,0.0,0.0,0.0,5.53,3.63,34.3,0.23,0.2024,72.0,30.62,39.27,232.4,194.2,1.3133974837385043,0.8096336524324965,0.7654214632053835,1.0,1.0
2025,15,0.0,2025_15_TEN_SF,Tennessee Titans,Chig Okonkwo,TE,00-0037809,1.0,0.0,0.0,0.0,0.0,0.0,0.0,0.0,2.86,1.69,13.8,0.11,0.1005,72.0,30.62,39.27,232.4,194.2,1.3133974837385043,0.8096336524324965,0.7654214632053835,1.0,1.0
2025,15,0.0,2025_15_TEN_SF,Tennessee Titans,David Martin-Robinson,TE,00-0039648,1.0,0.0,0.0,0.0,0.0,0.0,0.0,0.0,0.0,0.0,0.0,0.0,0.0,72.0,30.62,39.27,232.4,194.2,1.3133974837385043,0.8096336524324965,0.7654214632053835,1.0,1.0
2025,15,0.0,2025_15_TEN_SF,Tennessee Titans,Elic Ayomanor,WR,00-0040170,1.0,0.0,0.0,0.0,0.0,0.0,0.0,0.0,7.31,3.51,53.1,0.29,0.2536,72.0,30.62,39.27,232.4,194.2,1.3133974837385043,0.8096336524324965,0.7654214632053835,1.0,1.0
2025,15,0.0,2025_15_TEN_SF,Tennessee Titans,Chimere Dike,WR,00-0040705,1.0,0.0,0.0,0.0,0.0,0.0,0.0,0.0,5.5,3.47,41.7,0.23,0.2072,72.0,30.62,39.27,232.4,194.2,1.3133974837385043,0.8096336524324965,0.7654214632053835,1.0,1.0
2025,15,0.0,2025_15_TEN_SF,Tennessee Titans,Van Jefferson,WR,00-0036415,1.0,0.0,0.0,0.0,0.0,0.0,0.0,0.0,3.67,1.93,22.6,0.14,0.1335,72.0,30.62,39.27,232.4,194.2,1.3133974837385043,0.8096336524324965,0.7654214632053835,1.0,1.0
2025,15,0.0,2025_15_TEN_SF,Tennessee Titans,James Proche,WR,00-0036133,1.0,0.0,0.0,0.0,0.0,0.0,0.0,0.0,0.0,0.0,0.0,0.0,0.0,72.0,30.62,39.27,232.4,194.2,1.3133974837385043,0.8096336524324965,0.7654214632053835,1.0,1.0
2025,15,0.0,2025_15_TEN_SF,Tennessee Titans,Mason Kinsey,WR,00-0036176,1.0,0.0,0.0,0.0,0.0,0.0,0.0,0.0,0.0,0.0,0.0,0.0,0.0,72.0,30.62,39.27,232.4,194.2,1.3133974837385043,0.8096336524324965,0.7654214632053835,1.0,1.0
2025,15,0.0,2025_15_WAS_NYG,New York Giants,Jaxson Dart,QB,00-0040691,1.0,40.09,202.0,2.05,1.05,4.38,12.6,0.14,0.0,0.0,0.0,0.0,0.1348,72.0,39.55,29.57,221.9,108.1,2.2960174334386343,0.8724540011504662,0.9887285121732708,1.0,1.0
2025,15,0.0,2025_15_WAS_NYG,New York Giants,Tyrone Tracy Jr.,RB,00-0039384,1.0,0.0,0.0,0.0,0.0,16.2,50.0,0.55,4.56,2.81,17.9,0.26,0.5577,72.0,39.55,29.57,221.9,108.1,2.2960174334386343,0.8724540011504662,0.9887285121732708,1.0,1.0
2025,15,0.0,2025_15_WAS_NYG,New York Giants,Devin Singletary,RB,00-0035250,1.0,0.0,0.0,0.0,0.0,9.0,28.4,0.21,2.84,1.87,10.4,0.16,0.3079,72.0,39.55,29.57,221.9,108.1,2.2960174334386343,0.8724540011504662,0.9887285121732708,1.0,1.0
2025,15,0.0,2025_15_WAS_NYG,New York Giants,Eric Gray,RB,00-0038396,1.0,0.0,0.0,0.0,0.0,0.0,0.0,0.0,0.0,0.0,0.0,0.0,0.0,72.0,39.55,29.57,221.9,108.1,2.2960174334386343,0.8724540011504662,0.9887285121732708,1.0,1.0
2025,15,0.0,2025_15_WAS_NYG,New York Giants,Theo Johnson,TE,00-0039847,1.0,0.0,0.0,0.0,0.0,0.0,0.0,0.0,7.01,3.58,29.5,0.37,0.312,72.0,39.55,29.57,221.9,108.1,2.2960174334386343,0.8724540011504662,0.9887285121732708,1.0,1.0
2025,15,0.0,2025_15_WAS_NYG,New York Giants,Daniel Bellinger,TE,00-0038115,1.0,0.0,0.0,0.0,0.0,0.0,0.0,0.0,3.63,2.34,14.7,0.2,0.1772,72.0,39.55,29.57,221.9,108.1,2.2960174334386343,0.8724540011504662,0.9887285121732708,1.0,1.0
2025,15,0.0,2025_15_WAS_NYG,New York Giants,Chris Manhertz,TE,00-0031484,1.0,0.0,0.0,0.0,0.0,0.0,0.0,0.0,0.0,0.0,0.0,0.0,0.0,72.0,39.55,29.57,221.9,108.1,2.2960174334386343,0.8724540011504662,0.9887285121732708,1.0,1.0
2025,15,0.0,2025_15_WAS_NYG,New York Giants,Jermaine Terry,TE,00-0040457,1.0,0.0,0.0,0.0,0.0,0.0,0.0,0.0,0.0,0.0,0.0,0.0,0.0,72.0,39.55,29.57,221.9,108.1,2.2960174334386343,0.8724540011504662,0.9887285121732708,0.0,0.0
2025,15,0.0,2025_15_WAS_NYG,New York Giants,Wan'Dale Robinson,WR,00-0038117,1.0,0.0,0.0,0.0,0.0,0.0,0.0,0.0,9.48,6.27,45.5,0.5,0.3919,72.0,39.55,29.57,221.9,108.1,2.2960174334386343,0.8724540011504662,0.9887285121732708,1.0,1.0
2025,15,0.0,2025_15_WAS_NYG,New York Giants,Darius Slayton,WR,00-0035535,1.0,0.0,0.0,0.0,0.0,0.0,0.0,0.0,7.14,4.02,33.6,0.37,0.3101,72.0,39.55,29.57,221.9,108.1,2.2960174334386343,0.8724540011504662,0.9887285121732708,1.0,1.0
2025,15,0.0,2025_15_WAS_NYG,New York Giants,Isaiah Hodgins,WR,00-0036165,1.0,0.0,0.0,0.0,0.0,0.0,0.0,0.0,4.76,3.13,24.1,0.27,0.2345,72.0,39.55,29.57,221.9,108.1,2.2960174334386343,0.8724540011504662,0.9887285121732708,1.0,1.0
2025,15,0.0,2025_15_WAS_NYG,New York Giants,Antwane Wells Jr.,WR,00-0040438,1.0,0.0,0.0,0.0,0.0,0.0,0.0,0.0,0.0,0.0,0.0,0.0,0.0,72.0,39.55,29.57,221.9,108.1,2.2960174334386343,0.8724540011504662,0.9887285121732708,0.0,0.0
2025,15,0.0,2025_15_WAS_NYG,New York Giants,Dalen Cambre,WR,00-0040431,1.0,0.0,0.0,0.0,0.0,0.0,0.0,0.0,0.0,0.0,0.0,0.0,0.0,72.0,39.55,29.57,221.9,108.1,2.2960174334386343,0.8724540011504662,0.9887285121732708,1.0,1.0
2025,15,0.0,2025_15_WAS_NYG,New York Giants,Jalin Hyatt,WR,00-0038938,1.0,0.0,0.0,0.0,0.0,0.0,0.0,0.0,0.0,0.0,0.0,0.0,0.0,72.0,39.55,29.57,221.9,108.1,2.2960174334386343,0.8724540011504662,0.9887285121732708,1.0,1.0
2025,15,0.0,2025_15_WAS_NYG,Washington Commanders,Marcus Mariota,QB,00-0032268,1.0,34.16,172.1,2.46,0.9,5.56,14.8,0.21,0.0,0.0,0.0,0.0,0.1868,55.0,33.7,19.04,189.1,69.6,2.7108102311520175,0.723509541237628,0.8425373497730559,1.0,1.0
2025,15,0.0,2025_15_WAS_NYG,Washington Commanders,Chris Rodriguez Jr.,RB,00-0038611,1.0,0.0,0.0,0.0,0.0,8.67,27.9,0.44,3.89,2.56,18.8,0.31,0.529,55.0,33.7,19.04,189.1,69.6,2.7108102311520175,0.723509541237628,0.8425373497730559,0.0,0.0
2025,15,0.0,2025_15_WAS_NYG,Washington Commanders,Jacory Croskey-Merritt,RB,00-0040242,1.0,0.0,0.0,0.0,0.0,4.82,15.9,0.15,2.42,1.49,10.7,0.19,0.2886,55.0,33.7,19.04,189.1,69.6,2.7108102311520175,0.723509541237628,0.8425373497730559,1.0,1.0
2025,15,0.0,2025_15_WAS_NYG,Washington Commanders,Chase Edmonds,RB,00-0034681,1.0,0.0,0.0,0.0,0.0,0.0,0.0,0.0,0.0,0.0,0.0,0.0,0.0,55.0,33.7,19.04,189.1,69.6,2.7108102311520175,0.723509541237628,0.8425373497730559,1.0,1.0
2025,15,0.0,2025_15_WAS_NYG,Washington Commanders,Jeremy McNichols,RB,00-0033955,1.0,0.0,0.0,0.0,0.0,0.0,0.0,0.0,0.0,0.0,0.0,0.0,0.0,55.0,33.7,19.04,189.1,69.6,2.7108102311520175,0.723509541237628,0.8425373497730559,1.0,1.0
2025,15,0.0,2025_15_WAS_NYG,Washington Commanders,John Bates,TE,00-0036628,1.0,0.0,0.0,0.0,0.0,0.0,0.0,0.0,5.94,3.28,24.8,0.44,0.3559,55.0,33.7,19.04,189.1,69.6,2.7108102311520175,0.723509541237628,0.8425373497730559,1.0,1.0
2025,15,0.0,2025_15_WAS_NYG,Washington Commanders,Ben Sinnott,TE,00-0039912,1.0,0.0,0.0,0.0,0.0,0.0,0.0,0.0,3.07,1.96,14.9,0.24,0.2112,55.0,33.7,19.04,189.1,69.6,2.7108102311520175,0.723509541237628,0.8425373497730559,1.0,1.0
2025,15,0.0,2025_15_WAS_NYG,Washington Commanders,Colson Yankoff,TE,00-0039686,1.0,0.0,0.0,0.0,0.0,0.0,0.0,0.0,0.0,0.0,0.0,0.0,0.0,55.0,33.7,19.04,189.1,69.6,2.7108102311520175,0.723509541237628,0.8425373497730559,1.0,1.0
2025,15,0.0,2025_15_WAS_NYG,Washington Commanders,Gee Scott Jr.,TE,00-0040571,1.0,0.0,0.0,0.0,0.0,0.0,0.0,0.0,0.0,0.0,0.0,0.0,0.0,55.0,33.7,19.04,189.1,69.6,2.7108102311520175,0.723509541237628,0.8425373497730559,0.0,0.0
2025,15,0.0,2025_15_WAS_NYG,Washington Commanders,Terry McLaurin,WR,00-0035659,1.0,0.0,0.0,0.0,0.0,0.0,0.0,0.0,8.15,5.02,37.6,0.61,0.4564,55.0,33.7,19.04,189.1,69.6,2.7108102311520175,0.723509541237628,0.8425373497730559,1.0,1.0
2025,15,0.0,2025_15_WAS_NYG,Washington Commanders,Deebo Samuel,WR,None,1.0,0.0,0.0,0.0,0.0,0.0,0.0,0.0,6.14,3.9,53.4,0.49,0.3897,55.0,33.7,19.04,189.1,69.6,2.7108102311520175,0.723509541237628,0.8425373497730559,0.0,0.0
2025,15,0.0,2025_15_WAS_NYG,Washington Commanders,Noah Brown,WR,00-0033591,1.0,0.0,0.0,0.0,0.0,0.0,0.0,0.0,4.09,2.17,17.9,0.31,0.267,55.0,33.7,19.04,189.1,69.6,2.7108102311520175,0.723509541237628,0.8425373497730559,1.0,1.0
2025,15,0.0,2025_15_WAS_NYG,Washington Commanders,Braylon Sanders,WR,00-0037355,1.0,0.0,0.0,0.0,0.0,0.0,0.0,0.0,0.0,0.0,0.0,0.0,0.0,55.0,33.7,19.04,189.1,69.6,2.7108102311520175,0.723509541237628,0.8425373497730559,0.0,0.0
2025,15,0.0,2025_15_WAS_NYG,Washington Commanders,Jaylin Lane,WR,00-0040164,1.0,0.0,0.0,0.0,0.0,0.0,0.0,0.0,0.0,0.0,0.0,0.0,0.0,55.0,33.7,19.04,189.1,69.6,2.7108102311520175,0.723509541237628,0.8425373497730559,1.0,1.0
2025,15,0.0,2025_15_WAS_NYG,Washington Commanders,Treylon Burks,WR,00-0037742,1.0,0.0,0.0,0.0,0.0,0.0,0.0,0.0,0.0,0.0,0.0,0.0,0.0,55.0,33.7,19.04,189.1,69.6,2.7108102311520175,0.723509541237628,0.8425373497730559,1.0,1.0
