season,week,date,game_id,team,player,position,player_id_x,is_active,pass_attempts,pass_yards,pass_tds,interceptions,rush_attempts,rush_yards,rush_tds,targets,receptions,rec_yards,rec_tds,any_td_prob,team_plays,team_pass_attempts,team_rush_attempts,team_pass_yards,team_rush_yards,team_exp_pass_tds,team_exp_rush_tds,team_exp_int,is_active_pid,is_active_nm,_name_norm,_name_norm_loose,_alias_init_last,team_norm,player_id_y,pass_attempts_act,pass_yards_act,pass_tds_act,interceptions_act,rush_attempts_act,rush_yards_act,rush_tds_act,targets_act,receptions_act,rec_yards_act,rec_tds_act,player_act,team_act,match_strategy,pass_attempts_err,pass_yards_err,pass_tds_err,interceptions_err,rush_attempts_err,rush_yards_err,rush_tds_err,targets_err,receptions_err,rec_yards_err,rec_tds_err
2025,3,0.0,2025_03_ARI_SF,Arizona Cardinals,Kyler Murray,QB,00-0035228,1.0,35.43,243.2,1.62,0.84,5.64,20.2,0.17,0.0,0.0,0.0,0.0,0.1581,63.6,37.17,23.55,282.2,116.5,1.869557462900005,0.6663425989959795,0.9293534820251476,1.0,1.0,kyler murray,kylermurray,kmurray,Arizona Cardinals,00-0035228,41.0,159.0,1.0,0.0,2.0,10.0,0.0,0.0,0.0,0.0,0.0,K.Murray,ARI,team_norm & _alias_init_last,-5.57,84.19999999999999,0.6200000000000001,0.84,3.6399999999999997,10.2,0.17,0.0,0.0,0.0,0.0
2025,3,0.0,2025_03_ARI_SF,Arizona Cardinals,Trey Benson,RB,00-0039921,1.0,0.0,0.0,0.0,0.0,11.51,52.6,0.37,4.62,3.2,27.6,0.23,0.4498,63.6,37.17,23.55,282.2,116.5,1.869557462900005,0.6663425989959795,0.9293534820251476,1.0,1.0,trey benson,treybenson,tbenson,Arizona Cardinals,00-0039921,0.0,0.0,0.0,0.0,10.0,42.0,0.0,4.0,3.0,9.0,0.0,T.Benson,ARI,team_norm & _alias_init_last,0.0,0.0,0.0,0.0,1.5099999999999998,10.600000000000001,0.37,0.6200000000000001,0.20000000000000018,18.6,0.23
2025,3,0.0,2025_03_ARI_SF,Arizona Cardinals,Emari Demercado,RB,00-0038705,1.0,0.0,0.0,0.0,0.0,6.4,28.9,0.13,2.87,1.81,14.6,0.14,0.2401,63.6,37.17,23.55,282.2,116.5,1.869557462900005,0.6663425989959795,0.9293534820251476,1.0,1.0,emari demercado,emaridemercado,edemercado,Arizona Cardinals,00-0038705,0.0,0.0,0.0,0.0,2.0,0.0,0.0,1.0,0.0,0.0,0.0,E.Demercado,ARI,team_norm & _alias_init_last,0.0,0.0,0.0,0.0,4.4,28.9,0.13,1.87,1.81,14.6,0.14
2025,3,0.0,2025_03_ARI_SF,Arizona Cardinals,Trey McBride,TE,00-0037744,1.0,0.0,0.0,0.0,0.0,0.0,0.0,0.0,6.05,3.71,28.3,0.28,0.2419,63.6,37.17,23.55,282.2,116.5,1.869557462900005,0.6663425989959795,0.9293534820251476,1.0,1.0,trey mcbride,treymcbride,tmcbride,Arizona Cardinals,00-0037744,0.0,0.0,0.0,0.0,0.0,0.0,0.0,8.0,5.0,43.0,1.0,T.McBride,ARI,team_norm & _alias_init_last,0.0,0.0,0.0,0.0,0.0,0.0,0.0,-1.9500000000000002,-1.29,-14.7,-0.72
2025,3,0.0,2025_03_ARI_SF,Arizona Cardinals,Tip Reiman,TE,00-0039737,1.0,0.0,0.0,0.0,0.0,0.0,0.0,0.0,3.13,1.83,21.8,0.15,0.1386,63.6,37.17,23.55,282.2,116.5,1.869557462900005,0.6663425989959795,0.9293534820251476,1.0,1.0,tip reiman,tipreiman,treiman,Arizona Cardinals,00-0039737,0.0,0.0,0.0,0.0,0.0,0.0,0.0,3.0,2.0,8.0,0.0,T.Reiman,ARI,team_norm & _alias_init_last,0.0,0.0,0.0,0.0,0.0,0.0,0.0,0.1299999999999999,-0.16999999999999993,13.8,0.15
2025,3,0.0,2025_03_ARI_SF,Arizona Cardinals,Elijah Higgins,TE,00-0039041,1.0,0.0,0.0,0.0,0.0,0.0,0.0,0.0,0.0,0.0,0.0,0.0,0.0,63.6,37.17,23.55,282.2,116.5,1.869557462900005,0.6663425989959795,0.9293534820251476,1.0,1.0,elijah higgins,elijahhiggins,ehiggins,Arizona Cardinals,00-0039041,0.0,0.0,0.0,0.0,0.0,0.0,0.0,1.0,1.0,7.0,0.0,E.Higgins,ARI,team_norm & _alias_init_last,0.0,0.0,0.0,0.0,0.0,0.0,0.0,-1.0,-1.0,-7.0,0.0
2025,3,0.0,2025_03_ARI_SF,Arizona Cardinals,Oscar Cardenas,TE,00-0040381,1.0,0.0,0.0,0.0,0.0,0.0,0.0,0.0,0.0,0.0,0.0,0.0,0.0,63.6,37.17,23.55,282.2,116.5,1.869557462900005,0.6663425989959795,0.9293534820251476,0.0,0.0,oscar cardenas,oscarcardenas,ocardenas,Arizona Cardinals,00-0040381,,,,,,,,,,,,,,,,,,,,,,,,,
2025,3,0.0,2025_03_ARI_SF,Arizona Cardinals,Travis Vokolek,TE,00-0038456,1.0,0.0,0.0,0.0,0.0,0.0,0.0,0.0,0.0,0.0,0.0,0.0,0.0,63.6,37.17,23.55,282.2,116.5,1.869557462900005,0.6663425989959795,0.9293534820251476,1.0,1.0,travis vokolek,travisvokolek,tvokolek,Arizona Cardinals,00-0038456,,,,,,,,,,,,,,,,,,,,,,,,,
2025,3,0.0,2025_03_ARI_SF,Arizona Cardinals,Marvin Harrison Jr.,WR,00-0039849,1.0,0.0,0.0,0.0,0.0,0.0,0.0,0.0,8.9,4.65,58.6,0.42,0.3448,63.6,37.17,23.55,282.2,116.5,1.869557462900005,0.6663425989959795,0.9293534820251476,1.0,1.0,marvin harrison jr.,marvinharrisonjr,mharrison,Arizona Cardinals,00-0039849,0.0,0.0,0.0,0.0,0.0,0.0,0.0,7.0,3.0,44.0,0.0,M.Harrison,ARI,team_norm & _alias_init_last,0.0,0.0,0.0,0.0,0.0,0.0,0.0,1.9000000000000004,1.6500000000000004,14.600000000000001,0.42
2025,3,0.0,2025_03_ARI_SF,Arizona Cardinals,Michael Wilson,WR,00-0038559,1.0,0.0,0.0,0.0,0.0,0.0,0.0,0.0,6.71,3.92,50.6,0.33,0.2826,63.6,37.17,23.55,282.2,116.5,1.869557462900005,0.6663425989959795,0.9293534820251476,1.0,1.0,michael wilson,michaelwilson,mwilson,Arizona Cardinals,00-0035144,0.0,0.0,0.0,0.0,0.0,0.0,0.0,2.0,1.0,5.0,0.0,Mi.Wilson,ARI,team_norm & _alias_init_last,0.0,0.0,0.0,0.0,0.0,0.0,0.0,4.71,2.92,45.6,0.33
2025,3,0.0,2025_03_ARI_SF,Arizona Cardinals,Zay Jones,WR,00-0033891,1.0,0.0,0.0,0.0,0.0,0.0,0.0,0.0,4.47,2.86,27.6,0.22,0.1952,63.6,37.17,23.55,282.2,116.5,1.869557462900005,0.6663425989959795,0.9293534820251476,1.0,1.0,zay jones,zayjones,zjones,Arizona Cardinals,,0.0,0.0,0.0,0.0,0.0,0.0,0.0,3.0,2.0,25.0,0.0,Z.Jones,ARI,team_norm & _alias_init_last,0.0,0.0,0.0,0.0,0.0,0.0,0.0,1.4699999999999998,0.8599999999999999,2.6000000000000014,0.22
2025,3,0.0,2025_03_ARI_SF,Arizona Cardinals,Bryson Green,WR,00-0040383,1.0,0.0,0.0,0.0,0.0,0.0,0.0,0.0,0.0,0.0,0.0,0.0,0.0,63.6,37.17,23.55,282.2,116.5,1.869557462900005,0.6663425989959795,0.9293534820251476,0.0,0.0,bryson green,brysongreen,bgreen,Arizona Cardinals,00-0040383,,,,,,,,,,,,,,,,,,,,,,,,,
2025,3,0.0,2025_03_ARI_SF,Arizona Cardinals,Greg Dortch,WR,00-0035500,1.0,0.0,0.0,0.0,0.0,0.0,0.0,0.0,0.0,0.0,0.0,0.0,0.0,63.6,37.17,23.55,282.2,116.5,1.869557462900005,0.6663425989959795,0.9293534820251476,1.0,1.0,greg dortch,gregdortch,gdortch,Arizona Cardinals,00-0035500,0.0,0.0,0.0,0.0,1.0,5.0,0.0,2.0,2.0,3.0,0.0,G.Dortch,ARI,team_norm & _alias_init_last,0.0,0.0,0.0,0.0,-1.0,-5.0,0.0,-2.0,-2.0,-3.0,0.0
2025,3,0.0,2025_03_ARI_SF,Arizona Cardinals,Simi Fehoko,WR,00-0036646,1.0,0.0,0.0,0.0,0.0,0.0,0.0,0.0,0.0,0.0,0.0,0.0,0.0,63.6,37.17,23.55,282.2,116.5,1.869557462900005,0.6663425989959795,0.9293534820251476,1.0,1.0,simi fehoko,simifehoko,sfehoko,Arizona Cardinals,00-0036646,,,,,,,,,,,,,,,,,,,,,,,,,
2025,3,0.0,2025_03_ARI_SF,San Francisco 49ers,Brock Purdy,QB,00-0037834,1.0,39.28,274.2,2.2,1.02,5.74,19.4,0.15,0.0,0.0,0.0,0.0,0.1422,72.0,44.84,24.72,316.3,113.6,2.340117461884404,0.6104836686520105,1.1209334760161458,0.0,0.0,brock purdy,brockpurdy,bpurdy,San Francisco 49ers,00-0037834,,,,,,,,,,,,,,,,,,,,,,,,,
2025,3,0.0,2025_03_ARI_SF,San Francisco 49ers,Christian McCaffrey,RB,00-0033280,1.0,0.0,0.0,0.0,0.0,12.2,47.5,0.38,4.94,3.43,22.4,0.27,0.4765,72.0,44.84,24.72,316.3,113.6,2.340117461884404,0.6104836686520105,1.1209334760161458,1.0,1.0,christian mccaffrey,christianmccaffrey,cmccaffrey,San Francisco 49ers,00-0033280,0.0,0.0,0.0,0.0,17.0,52.0,0.0,15.0,10.0,88.0,0.0,C.McCaffrey,SF,team_norm & _alias_init_last,0.0,0.0,0.0,0.0,-4.800000000000001,-4.5,0.38,-10.059999999999999,-6.57,-65.6,0.27
2025,3,0.0,2025_03_ARI_SF,San Francisco 49ers,Brian Robinson Jr.,RB,,1.0,0.0,0.0,0.0,0.0,6.78,33.4,0.13,3.07,1.96,20.2,0.16,0.2486,72.0,44.84,24.72,316.3,113.6,2.340117461884404,0.6104836686520105,1.1209334760161458,0.0,0.0,brian robinson jr.,brianrobinsonjr,brobinson,San Francisco 49ers,00-0037746,0.0,0.0,0.0,0.0,2.0,22.0,0.0,0.0,0.0,0.0,0.0,B.Robinson,SF,team_norm & _alias_init_last,0.0,0.0,0.0,0.0,4.78,11.399999999999999,0.13,3.07,1.96,20.2,0.16
2025,3,0.0,2025_03_ARI_SF,San Francisco 49ers,Isaac Guerendo,RB,00-0039363,1.0,0.0,0.0,0.0,0.0,0.0,0.0,0.0,0.0,0.0,0.0,0.0,0.0,72.0,44.84,24.72,316.3,113.6,2.340117461884404,0.6104836686520105,1.1209334760161458,1.0,1.0,isaac guerendo,isaacguerendo,iguerendo,San Francisco 49ers,00-0039363,,,,,,,,,,,,,,,,,,,,,,,,,
2025,3,0.0,2025_03_ARI_SF,San Francisco 49ers,Jake Tonges,TE,00-0037112,1.0,0.0,0.0,0.0,0.0,0.0,0.0,0.0,7.7,4.43,44.1,0.38,0.3135,72.0,44.84,24.72,316.3,113.6,2.340117461884404,0.6104836686520105,1.1209334760161458,1.0,1.0,jake tonges,jaketonges,jtonges,San Francisco 49ers,00-0037112,0.0,0.0,0.0,0.0,0.0,0.0,0.0,4.0,2.0,21.0,0.0,J.Tonges,SF,team_norm & _alias_init_last,0.0,0.0,0.0,0.0,0.0,0.0,0.0,3.7,2.4299999999999997,23.1,0.38
2025,3,0.0,2025_03_ARI_SF,San Francisco 49ers,Luke Farrell,TE,00-0036887,1.0,0.0,0.0,0.0,0.0,0.0,0.0,0.0,3.98,2.41,21.1,0.19,0.1752,72.0,44.84,24.72,316.3,113.6,2.340117461884404,0.6104836686520105,1.1209334760161458,1.0,1.0,luke farrell,lukefarrell,lfarrell,San Francisco 49ers,00-0036887,,,,,,,,,,,,,,,,,,,,,,,,,
2025,3,0.0,2025_03_ARI_SF,San Francisco 49ers,Brayden Willis,TE,00-0038643,1.0,0.0,0.0,0.0,0.0,0.0,0.0,0.0,0.0,0.0,0.0,0.0,0.0,72.0,44.84,24.72,316.3,113.6,2.340117461884404,0.6104836686520105,1.1209334760161458,1.0,1.0,brayden willis,braydenwillis,bwillis,San Francisco 49ers,00-0038643,,,,,,,,,,,,,,,,,,,,,,,,,
2025,3,0.0,2025_03_ARI_SF,San Francisco 49ers,Hayden Rucci,TE,00-0039489,1.0,0.0,0.0,0.0,0.0,0.0,0.0,0.0,0.0,0.0,0.0,0.0,0.0,72.0,44.84,24.72,316.3,113.6,2.340117461884404,0.6104836686520105,1.1209334760161458,0.0,0.0,hayden rucci,haydenrucci,hrucci,San Francisco 49ers,00-0039489,,,,,,,,,,,,,,,,,,,,,,,,,
2025,3,0.0,2025_03_ARI_SF,San Francisco 49ers,Jauan Jennings,WR,00-0036259,1.0,0.0,0.0,0.0,0.0,0.0,0.0,0.0,11.15,7.04,62.8,0.55,0.4243,72.0,44.84,24.72,316.3,113.6,2.340117461884404,0.6104836686520105,1.1209334760161458,0.0,0.0,jauan jennings,jauanjennings,jjennings,San Francisco 49ers,,,,,,,,,,,,,,,,,,,,,,,,,,
2025,3,0.0,2025_03_ARI_SF,San Francisco 49ers,Ricky Pearsall,WR,00-0039916,1.0,0.0,0.0,0.0,0.0,0.0,0.0,0.0,8.4,5.27,51.4,0.42,0.3421,72.0,44.84,24.72,316.3,113.6,2.340117461884404,0.6104836686520105,1.1209334760161458,1.0,1.0,ricky pearsall,rickypearsall,rpearsall,San Francisco 49ers,00-0039916,0.0,0.0,0.0,0.0,0.0,0.0,0.0,12.0,8.0,117.0,0.0,R.Pearsall,SF,team_norm & _alias_init_last,0.0,0.0,0.0,0.0,0.0,0.0,0.0,-3.5999999999999996,-2.7300000000000004,-65.6,0.42
2025,3,0.0,2025_03_ARI_SF,San Francisco 49ers,Kendrick Bourne,WR,00-0033307,1.0,0.0,0.0,0.0,0.0,0.0,0.0,0.0,5.6,3.8,30.4,0.27,0.2332,72.0,44.84,24.72,316.3,113.6,2.340117461884404,0.6104836686520105,1.1209334760161458,1.0,1.0,kendrick bourne,kendrickbourne,kbourne,San Francisco 49ers,00-0033307,0.0,0.0,0.0,0.0,0.0,0.0,0.0,6.0,4.0,38.0,0.0,K.Bourne,SF,team_norm & _alias_init_last,0.0,0.0,0.0,0.0,0.0,0.0,0.0,-0.40000000000000036,-0.20000000000000018,-7.600000000000001,0.27
2025,3,0.0,2025_03_ARI_SF,San Francisco 49ers,Colton Dowell,WR,00-0038632,1.0,0.0,0.0,0.0,0.0,0.0,0.0,0.0,0.0,0.0,0.0,0.0,0.0,72.0,44.84,24.72,316.3,113.6,2.340117461884404,0.6104836686520105,1.1209334760161458,0.0,0.0,colton dowell,coltondowell,cdowell,San Francisco 49ers,00-0038632,,,,,,,,,,,,,,,,,,,,,,,,,
2025,3,0.0,2025_03_ARI_SF,San Francisco 49ers,Demarcus Robinson,WR,00-0032775,1.0,0.0,0.0,0.0,0.0,0.0,0.0,0.0,0.0,0.0,0.0,0.0,0.0,72.0,44.84,24.72,316.3,113.6,2.340117461884404,0.6104836686520105,1.1209334760161458,0.0,0.0,demarcus robinson,demarcusrobinson,drobinson,San Francisco 49ers,00-0032775,,,,,,,,,,,,,,,,,,,,,,,,,
2025,3,0.0,2025_03_ARI_SF,San Francisco 49ers,Malik Turner,WR,00-0034867,1.0,0.0,0.0,0.0,0.0,0.0,0.0,0.0,0.0,0.0,0.0,0.0,0.0,72.0,44.84,24.72,316.3,113.6,2.340117461884404,0.6104836686520105,1.1209334760161458,1.0,1.0,malik turner,malikturner,mturner,San Francisco 49ers,00-0034867,,,,,,,,,,,,,,,,,,,,,,,,,
2025,3,0.0,2025_03_ARI_SF,San Francisco 49ers,Skyy Moore,WR,00-0038090,1.0,0.0,0.0,0.0,0.0,0.0,0.0,0.0,0.0,0.0,0.0,0.0,0.0,72.0,44.84,24.72,316.3,113.6,2.340117461884404,0.6104836686520105,1.1209334760161458,1.0,1.0,skyy moore,skyymoore,smoore,San Francisco 49ers,00-0038090,0.0,0.0,0.0,0.0,0.0,0.0,0.0,1.0,1.0,10.0,0.0,S.Moore,SF,team_norm & _alias_init_last,0.0,0.0,0.0,0.0,0.0,0.0,0.0,-1.0,-1.0,-10.0,0.0
2025,3,0.0,2025_03_ATL_CAR,Atlanta Falcons,Michael Penix Jr.,QB,00-0039917,1.0,30.18,177.9,2.0,0.7,3.47,11.8,0.15,0.0,0.0,0.0,0.0,0.1398,72.0,30.86,39.6,192.1,160.6,2.0287634807961683,1.7938745723396523,0.7715902525975525,1.0,1.0,michael penix jr.,michaelpenixjr,mpenix,Atlanta Falcons,00-0039917,38.0,172.0,0.0,2.0,0.0,0.0,0.0,0.0,0.0,0.0,0.0,M.Penix,ATL,team_norm & _alias_init_last,-7.82,5.900000000000006,2.0,-1.3,3.47,11.8,0.15,0.0,0.0,0.0,0.0
2025,3,0.0,2025_03_ATL_CAR,Atlanta Falcons,Bijan Robinson,RB,00-0038542,1.0,0.0,0.0,0.0,0.0,23.22,78.6,1.25,3.83,2.49,16.1,0.25,0.7775,72.0,30.86,39.6,192.1,160.6,2.0287634807961683,1.7938745723396523,0.7715902525975525,1.0,1.0,bijan robinson,bijanrobinson,brobinson,Atlanta Falcons,00-0038542,0.0,0.0,0.0,0.0,13.0,72.0,0.0,6.0,5.0,39.0,0.0,B.Robinson,ATL,team_norm & _alias_init_last,0.0,0.0,0.0,0.0,10.219999999999999,6.599999999999994,1.25,-2.17,-2.51,-22.9,0.25
2025,3,0.0,2025_03_ATL_CAR,Atlanta Falcons,Tyler Allgeier,RB,00-0037263,1.0,0.0,0.0,0.0,0.0,12.9,43.8,0.47,2.38,1.63,10.3,0.15,0.4604,72.0,30.86,39.6,192.1,160.6,2.0287634807961683,1.7938745723396523,0.7715902525975525,1.0,1.0,tyler allgeier,tylerallgeier,tallgeier,Atlanta Falcons,00-0037263,0.0,0.0,0.0,0.0,1.0,4.0,0.0,2.0,1.0,0.0,0.0,T.Allgeier,ATL,team_norm & _alias_init_last,0.0,0.0,0.0,0.0,11.9,39.8,0.47,0.3799999999999999,0.6299999999999999,10.3,0.15
2025,3,0.0,2025_03_ATL_CAR,Atlanta Falcons,Nate Carter,RB,00-0040547,1.0,0.0,0.0,0.0,0.0,0.0,0.0,0.0,0.0,0.0,0.0,0.0,0.0,72.0,30.86,39.6,192.1,160.6,2.0287634807961683,1.7938745723396523,0.7715902525975525,1.0,1.0,nate carter,natecarter,ncarter,Atlanta Falcons,00-0040547,0.0,0.0,0.0,0.0,7.0,47.0,0.0,0.0,0.0,0.0,0.0,N.Carter,ATL,team_norm & _alias_init_last,0.0,0.0,0.0,0.0,-7.0,-47.0,0.0,0.0,0.0,0.0,0.0
2025,3,0.0,2025_03_ATL_CAR,Atlanta Falcons,Kyle Pitts Sr.,TE,,1.0,0.0,0.0,0.0,0.0,0.0,0.0,0.0,5.3,2.9,39.7,0.35,0.2942,72.0,30.86,39.6,192.1,160.6,2.0287634807961683,1.7938745723396523,0.7715902525975525,0.0,0.0,kyle pitts sr.,kylepittssr,kpitts,Atlanta Falcons,00-0036970,0.0,0.0,0.0,0.0,0.0,0.0,0.0,6.0,4.0,39.0,0.0,K.Pitts,ATL,team_norm & _alias_init_last,0.0,0.0,0.0,0.0,0.0,0.0,0.0,-0.7000000000000002,-1.1,0.7000000000000028,0.35
2025,3,0.0,2025_03_ATL_CAR,Atlanta Falcons,Charlie Woerner,TE,00-0036429,1.0,0.0,0.0,0.0,0.0,0.0,0.0,0.0,2.74,1.61,15.8,0.17,0.1559,72.0,30.86,39.6,192.1,160.6,2.0287634807961683,1.7938745723396523,0.7715902525975525,1.0,1.0,charlie woerner,charliewoerner,cwoerner,Atlanta Falcons,00-0036429,0.0,0.0,0.0,0.0,0.0,0.0,0.0,1.0,1.0,-5.0,0.0,C.Woerner,ATL,team_norm & _alias_init_last,0.0,0.0,0.0,0.0,0.0,0.0,0.0,1.7400000000000002,0.6100000000000001,20.8,0.17
2025,3,0.0,2025_03_ATL_CAR,Atlanta Falcons,Feleipe Franks,TE,00-0036825,1.0,0.0,0.0,0.0,0.0,0.0,0.0,0.0,0.0,0.0,0.0,0.0,0.0,72.0,30.86,39.6,192.1,160.6,2.0287634807961683,1.7938745723396523,0.7715902525975525,1.0,1.0,feleipe franks,feleipefranks,ffranks,Atlanta Falcons,00-0036825,,,,,,,,,,,,,,,,,,,,,,,,,
2025,3,0.0,2025_03_ATL_CAR,Atlanta Falcons,Teagan Quitoriano,TE,00-0037277,1.0,0.0,0.0,0.0,0.0,0.0,0.0,0.0,0.0,0.0,0.0,0.0,0.0,72.0,30.86,39.6,192.1,160.6,2.0287634807961683,1.7938745723396523,0.7715902525975525,1.0,1.0,teagan quitoriano,teaganquitoriano,tquitoriano,Atlanta Falcons,00-0037277,,,,,,,,,,,,,,,,,,,,,,,,,
2025,3,0.0,2025_03_ATL_CAR,Atlanta Falcons,Drake London,WR,00-0037238,1.0,0.0,0.0,0.0,0.0,0.0,0.0,0.0,7.08,4.37,34.7,0.45,0.3613,72.0,30.86,39.6,192.1,160.6,2.0287634807961683,1.7938745723396523,0.7715902525975525,1.0,1.0,drake london,drakelondon,dlondon,Atlanta Falcons,00-0037238,0.0,0.0,0.0,0.0,0.0,0.0,0.0,8.0,5.0,55.0,0.0,D.London,ATL,team_norm & _alias_init_last,0.0,0.0,0.0,0.0,0.0,0.0,0.0,-0.9199999999999999,-0.6299999999999999,-20.299999999999997,0.45
2025,3,0.0,2025_03_ATL_CAR,Atlanta Falcons,Darnell Mooney,WR,00-0036309,1.0,0.0,0.0,0.0,0.0,0.0,0.0,0.0,5.33,2.98,26.2,0.32,0.2725,72.0,30.86,39.6,192.1,160.6,2.0287634807961683,1.7938745723396523,0.7715902525975525,1.0,1.0,darnell mooney,darnellmooney,dmooney,Atlanta Falcons,00-0036309,0.0,0.0,0.0,0.0,0.0,0.0,0.0,11.0,4.0,44.0,0.0,D.Mooney,ATL,team_norm & _alias_init_last,0.0,0.0,0.0,0.0,0.0,0.0,0.0,-5.67,-1.02,-17.8,0.32
2025,3,0.0,2025_03_ATL_CAR,Atlanta Falcons,Ray-Ray McCloud III,WR,,1.0,0.0,0.0,0.0,0.0,0.0,0.0,0.0,3.55,2.26,30.9,0.23,0.2083,72.0,30.86,39.6,192.1,160.6,2.0287634807961683,1.7938745723396523,0.7715902525975525,0.0,0.0,ray-ray mccloud iii,rayraymccloudiii,rraymccloud,Atlanta Falcons,,,,,,,,,,,,,,,,,,,,,,,,,,
2025,3,0.0,2025_03_ATL_CAR,Atlanta Falcons,Casey Washington,WR,00-0039394,1.0,0.0,0.0,0.0,0.0,0.0,0.0,0.0,0.0,0.0,0.0,0.0,0.0,72.0,30.86,39.6,192.1,160.6,2.0287634807961683,1.7938745723396523,0.7715902525975525,0.0,0.0,casey washington,caseywashington,cwashington,Atlanta Falcons,00-0038930,,,,,,,,,,,,,,,,,,,,,,,,,
2025,3,0.0,2025_03_ATL_CAR,Atlanta Falcons,David Sills,WR,00-0035359,1.0,0.0,0.0,0.0,0.0,0.0,0.0,0.0,0.0,0.0,0.0,0.0,0.0,72.0,30.86,39.6,192.1,160.6,2.0287634807961683,1.7938745723396523,0.7715902525975525,1.0,1.0,david sills,davidsills,dsills,Atlanta Falcons,00-0035359,0.0,0.0,0.0,0.0,0.0,0.0,0.0,2.0,1.0,9.0,0.0,D.Sills,ATL,team_norm & _alias_init_last,0.0,0.0,0.0,0.0,0.0,0.0,0.0,-2.0,-1.0,-9.0,0.0
2025,3,0.0,2025_03_ATL_CAR,Atlanta Falcons,KhaDarel Hodge,WR,00-0034854,1.0,0.0,0.0,0.0,0.0,0.0,0.0,0.0,0.0,0.0,0.0,0.0,0.0,72.0,30.86,39.6,192.1,160.6,2.0287634807961683,1.7938745723396523,0.7715902525975525,1.0,1.0,khadarel hodge,khadarelhodge,khodge,Atlanta Falcons,00-0034854,,,,,,,,,,,,,,,,,,,,,,,,,
2025,3,0.0,2025_03_ATL_CAR,Carolina Panthers,Bryce Young,QB,00-0039150,1.0,41.28,281.7,3.0,1.06,3.76,14.8,0.09,0.0,0.0,0.0,0.0,0.0835,72.0,46.92,21.6,356.1,106.8,3.74517910372037,0.5043014921582905,1.17297873541384,1.0,1.0,bryce young,bryceyoung,byoung,Carolina Panthers,00-0039150,29.0,121.0,0.0,0.0,0.0,0.0,0.0,0.0,0.0,0.0,0.0,B.Young,CAR,team_norm & _alias_init_last,12.280000000000001,160.7,3.0,1.06,3.76,14.8,0.09,0.0,0.0,0.0,0.0
2025,3,0.0,2025_03_ATL_CAR,Carolina Panthers,Chuba Hubbard,RB,00-0036555,1.0,0.0,0.0,0.0,0.0,11.47,49.9,0.32,5.19,3.37,24.4,0.41,0.5217,72.0,46.92,21.6,356.1,106.8,3.74517910372037,0.5043014921582905,1.17297873541384,1.0,1.0,chuba hubbard,chubahubbard,chubbard,Carolina Panthers,00-0036555,0.0,0.0,0.0,0.0,18.0,73.0,0.0,3.0,2.0,3.0,0.0,C.Hubbard,CAR,team_norm & _alias_init_last,0.0,0.0,0.0,0.0,-6.529999999999999,-23.1,0.32,2.1900000000000004,1.37,21.4,0.41
2025,3,0.0,2025_03_ATL_CAR,Carolina Panthers,Rico Dowdle,RB,00-0036139,1.0,0.0,0.0,0.0,0.0,6.37,26.5,0.11,3.23,2.15,15.4,0.27,0.3153,72.0,46.92,21.6,356.1,106.8,3.74517910372037,0.5043014921582905,1.17297873541384,1.0,1.0,rico dowdle,ricodowdle,rdowdle,Carolina Panthers,00-0036139,0.0,0.0,0.0,0.0,10.0,30.0,1.0,1.0,1.0,8.0,0.0,R.Dowdle,CAR,team_norm & _alias_init_last,0.0,0.0,0.0,0.0,-3.63,-3.5,-0.89,2.23,1.15,7.4,0.27
2025,3,0.0,2025_03_ATL_CAR,Carolina Panthers,Trevor Etienne,RB,00-0040644,1.0,0.0,0.0,0.0,0.0,0.0,0.0,0.0,0.0,0.0,0.0,0.0,0.0,72.0,46.92,21.6,356.1,106.8,3.74517910372037,0.5043014921582905,1.17297873541384,1.0,1.0,trevor etienne,trevoretienne,tetienne,Carolina Panthers,00-0040644,0.0,0.0,0.0,0.0,18.0,56.0,1.0,2.0,0.0,0.0,0.0,T.Etienne,JAX,_alias_init_last,0.0,0.0,0.0,0.0,-18.0,-56.0,-1.0,-2.0,0.0,0.0,0.0
2025,3,0.0,2025_03_ATL_CAR,Carolina Panthers,Ja'Tavion Sanders,TE,00-0039356,1.0,0.0,0.0,0.0,0.0,0.0,0.0,0.0,7.5,4.58,40.7,0.58,0.4387,72.0,46.92,21.6,356.1,106.8,3.74517910372037,0.5043014921582905,1.17297873541384,1.0,1.0,ja'tavion sanders,jatavionsanders,jsanders,Carolina Panthers,00-0039356,0.0,0.0,0.0,0.0,0.0,0.0,0.0,2.0,2.0,11.0,0.0,J.Sanders,CAR,team_norm & _alias_init_last,0.0,0.0,0.0,0.0,0.0,0.0,0.0,5.5,2.58,29.700000000000003,0.58
2025,3,0.0,2025_03_ATL_CAR,Carolina Panthers,Tommy Tremble,TE,00-0037005,1.0,0.0,0.0,0.0,0.0,0.0,0.0,0.0,3.88,2.19,18.9,0.29,0.2495,72.0,46.92,21.6,356.1,106.8,3.74517910372037,0.5043014921582905,1.17297873541384,1.0,1.0,tommy tremble,tommytremble,ttremble,Carolina Panthers,00-0037005,0.0,0.0,0.0,0.0,0.0,0.0,0.0,2.0,2.0,16.0,0.0,T.Tremble,CAR,team_norm & _alias_init_last,0.0,0.0,0.0,0.0,0.0,0.0,0.0,1.88,0.18999999999999995,2.8999999999999986,0.29
2025,3,0.0,2025_03_ATL_CAR,Carolina Panthers,Dominique Dafney,TE,00-0036456,1.0,0.0,0.0,0.0,0.0,0.0,0.0,0.0,0.0,0.0,0.0,0.0,0.0,72.0,46.92,21.6,356.1,106.8,3.74517910372037,0.5043014921582905,1.17297873541384,0.0,0.0,dominique dafney,dominiquedafney,ddafney,Carolina Panthers,00-0036456,,,,,,,,,,,,,,,,,,,,,,,,,
2025,3,0.0,2025_03_ATL_CAR,Carolina Panthers,Mitchell Evans,TE,00-0040187,1.0,0.0,0.0,0.0,0.0,0.0,0.0,0.0,0.0,0.0,0.0,0.0,0.0,72.0,46.92,21.6,356.1,106.8,3.74517910372037,0.5043014921582905,1.17297873541384,1.0,1.0,mitchell evans,mitchellevans,mevans,Carolina Panthers,00-0040187,0.0,0.0,0.0,0.0,0.0,0.0,0.0,1.0,1.0,9.0,0.0,M.Evans,CAR,team_norm & _alias_init_last,0.0,0.0,0.0,0.0,0.0,0.0,0.0,-1.0,-1.0,-9.0,0.0
2025,3,0.0,2025_03_ATL_CAR,Carolina Panthers,Tetairoa McMillan,WR,00-0040124,1.0,0.0,0.0,0.0,0.0,0.0,0.0,0.0,12.03,6.94,86.9,0.91,0.5959,72.0,46.92,21.6,356.1,106.8,3.74517910372037,0.5043014921582905,1.17297873541384,1.0,1.0,tetairoa mcmillan,tetairoamcmillan,tmcmillan,Carolina Panthers,00-0040124,0.0,0.0,0.0,0.0,0.0,0.0,0.0,9.0,3.0,48.0,0.0,T.McMillan,CAR,team_norm & _alias_init_last,0.0,0.0,0.0,0.0,0.0,0.0,0.0,3.0299999999999994,3.9400000000000004,38.900000000000006,0.91
2025,3,0.0,2025_03_ATL_CAR,Carolina Panthers,Hunter Renfrow,WR,00-0034983,1.0,0.0,0.0,0.0,0.0,0.0,0.0,0.0,9.06,5.73,62.2,0.7,0.5022,72.0,46.92,21.6,356.1,106.8,3.74517910372037,0.5043014921582905,1.17297873541384,1.0,1.0,hunter renfrow,hunterrenfrow,hrenfrow,Carolina Panthers,00-0034983,0.0,0.0,0.0,0.0,0.0,0.0,0.0,4.0,2.0,6.0,0.0,H.Renfrow,CAR,team_norm & _alias_init_last,0.0,0.0,0.0,0.0,0.0,0.0,0.0,5.0600000000000005,3.7300000000000004,56.2,0.7
2025,3,0.0,2025_03_ATL_CAR,Carolina Panthers,Xavier Legette,WR,00-0039342,1.0,0.0,0.0,0.0,0.0,0.0,0.0,0.0,6.04,3.32,39.1,0.48,0.3788,72.0,46.92,21.6,356.1,106.8,3.74517910372037,0.5043014921582905,1.17297873541384,0.0,0.0,xavier legette,xavierlegette,xlegette,Carolina Panthers,00-0039342,,,,,,,,,,,,,,,,,,,,,,,,,
2025,3,0.0,2025_03_ATL_CAR,Carolina Panthers,Brycen Tremayne,WR,00-0038840,1.0,0.0,0.0,0.0,0.0,0.0,0.0,0.0,0.0,0.0,0.0,0.0,0.0,72.0,46.92,21.6,356.1,106.8,3.74517910372037,0.5043014921582905,1.17297873541384,1.0,1.0,brycen tremayne,brycentremayne,btremayne,Carolina Panthers,00-0038840,0.0,0.0,0.0,0.0,0.0,0.0,0.0,2.0,2.0,15.0,0.0,B.Tremayne,CAR,team_norm & _alias_init_last,0.0,0.0,0.0,0.0,0.0,0.0,0.0,-2.0,-2.0,-15.0,0.0
2025,3,0.0,2025_03_ATL_CAR,Carolina Panthers,Dan Chisena,WR,00-0035976,1.0,0.0,0.0,0.0,0.0,0.0,0.0,0.0,0.0,0.0,0.0,0.0,0.0,72.0,46.92,21.6,356.1,106.8,3.74517910372037,0.5043014921582905,1.17297873541384,0.0,0.0,dan chisena,danchisena,dchisena,Carolina Panthers,00-0035976,,,,,,,,,,,,,,,,,,,,,,,,,
2025,3,0.0,2025_03_ATL_CAR,Carolina Panthers,David Moore,WR,00-0033589,1.0,0.0,0.0,0.0,0.0,0.0,0.0,0.0,0.0,0.0,0.0,0.0,0.0,72.0,46.92,21.6,356.1,106.8,3.74517910372037,0.5043014921582905,1.17297873541384,1.0,1.0,david moore,davidmoore,dmoore,Carolina Panthers,00-0033589,0.0,0.0,0.0,0.0,0.0,0.0,0.0,1.0,1.0,5.0,0.0,D.Moore,CAR,team_norm & _alias_init_last,0.0,0.0,0.0,0.0,0.0,0.0,0.0,-1.0,-1.0,-5.0,0.0
2025,3,0.0,2025_03_CIN_MIN,Cincinnati Bengals,Jake Browning,QB,00-0035100,1.0,39.93,283.6,2.17,1.06,1.39,5.7,0.03,0.0,0.0,0.0,0.0,0.0313,72.0,46.79,21.6,355.1,106.8,2.553855525450748,0.4940104648817156,1.1696929395129616,1.0,1.0,jake browning,jakebrowning,jbrowning,Cincinnati Bengals,00-0035100,33.0,140.0,1.0,2.0,2.0,3.0,0.0,0.0,0.0,0.0,0.0,J.Browning,CIN,team_norm & _alias_init_last,6.93,143.60000000000002,1.17,-0.94,-0.6100000000000001,2.7,0.03,0.0,0.0,0.0,0.0
2025,3,0.0,2025_03_CIN_MIN,Cincinnati Bengals,Chase Brown,RB,00-0038597,1.0,0.0,0.0,0.0,0.0,12.99,54.2,0.36,5.78,3.93,27.9,0.32,0.496,72.0,46.79,21.6,355.1,106.8,2.553855525450748,0.4940104648817156,1.1696929395129616,1.0,1.0,chase brown,chasebrown,cbrown,Cincinnati Bengals,00-0038597,0.0,0.0,0.0,0.0,10.0,3.0,0.0,5.0,4.0,17.0,0.0,C.Brown,CIN,team_norm & _alias_init_last,0.0,0.0,0.0,0.0,2.99,51.2,0.36,0.7800000000000002,-0.06999999999999984,10.899999999999999,0.32
2025,3,0.0,2025_03_CIN_MIN,Cincinnati Bengals,Samaje Perine,RB,00-0033526,1.0,0.0,0.0,0.0,0.0,7.22,31.4,0.13,3.6,2.42,16.4,0.19,0.2748,72.0,46.79,21.6,355.1,106.8,2.553855525450748,0.4940104648817156,1.1696929395129616,1.0,1.0,samaje perine,samajeperine,sperine,Cincinnati Bengals,00-0033526,0.0,0.0,0.0,0.0,4.0,21.0,0.0,0.0,0.0,0.0,0.0,S.Perine,CIN,team_norm & _alias_init_last,0.0,0.0,0.0,0.0,3.2199999999999998,10.399999999999999,0.13,3.6,2.42,16.4,0.19
2025,3,0.0,2025_03_CIN_MIN,Cincinnati Bengals,Tahj Brooks,RB,00-0040208,1.0,0.0,0.0,0.0,0.0,0.0,0.0,0.0,0.0,0.0,0.0,0.0,0.0,72.0,46.79,21.6,355.1,106.8,2.553855525450748,0.4940104648817156,1.1696929395129616,1.0,1.0,tahj brooks,tahjbrooks,tbrooks,Cincinnati Bengals,00-0040208,0.0,0.0,0.0,0.0,5.0,17.0,0.0,0.0,0.0,0.0,0.0,T.Brooks,CIN,team_norm & _alias_init_last,0.0,0.0,0.0,0.0,-5.0,-17.0,0.0,0.0,0.0,0.0,0.0
2025,3,0.0,2025_03_CIN_MIN,Cincinnati Bengals,Noah Fant,TE,00-0035644,1.0,0.0,0.0,0.0,0.0,0.0,0.0,0.0,7.78,4.74,41.1,0.37,0.3116,72.0,46.79,21.6,355.1,106.8,2.553855525450748,0.4940104648817156,1.1696929395129616,1.0,1.0,noah fant,noahfant,nfant,Cincinnati Bengals,00-0035644,0.0,0.0,0.0,0.0,0.0,0.0,0.0,5.0,5.0,26.0,0.0,N.Fant,CIN,team_norm & _alias_init_last,0.0,0.0,0.0,0.0,0.0,0.0,0.0,2.7800000000000002,-0.2599999999999998,15.100000000000001,0.37
2025,3,0.0,2025_03_CIN_MIN,Cincinnati Bengals,Drew Sample,TE,00-0035631,1.0,0.0,0.0,0.0,0.0,0.0,0.0,0.0,4.02,2.63,23.5,0.2,0.1804,72.0,46.79,21.6,355.1,106.8,2.553855525450748,0.4940104648817156,1.1696929395129616,1.0,1.0,drew sample,drewsample,dsample,Cincinnati Bengals,00-0035631,0.0,0.0,0.0,0.0,0.0,0.0,0.0,3.0,2.0,20.0,1.0,D.Sample,CIN,team_norm & _alias_init_last,0.0,0.0,0.0,0.0,0.0,0.0,0.0,1.0199999999999996,0.6299999999999999,3.5,-0.8
2025,3,0.0,2025_03_CIN_MIN,Cincinnati Bengals,Cam Grandy,TE,00-0039631,1.0,0.0,0.0,0.0,0.0,0.0,0.0,0.0,0.0,0.0,0.0,0.0,0.0,72.0,46.79,21.6,355.1,106.8,2.553855525450748,0.4940104648817156,1.1696929395129616,1.0,1.0,cam grandy,camgrandy,cgrandy,Cincinnati Bengals,00-0039631,0.0,0.0,0.0,0.0,0.0,0.0,0.0,1.0,1.0,6.0,0.0,C.Grandy,CIN,team_norm & _alias_init_last,0.0,0.0,0.0,0.0,0.0,0.0,0.0,-1.0,-1.0,-6.0,0.0
2025,3,0.0,2025_03_CIN_MIN,Cincinnati Bengals,Mike Gesicki,TE,00-0034829,1.0,0.0,0.0,0.0,0.0,0.0,0.0,0.0,0.0,0.0,0.0,0.0,0.0,72.0,46.79,21.6,355.1,106.8,2.553855525450748,0.4940104648817156,1.1696929395129616,1.0,1.0,mike gesicki,mikegesicki,mgesicki,Cincinnati Bengals,00-0034829,0.0,0.0,0.0,0.0,0.0,0.0,0.0,4.0,1.0,6.0,0.0,M.Gesicki,CIN,team_norm & _alias_init_last,0.0,0.0,0.0,0.0,0.0,0.0,0.0,-4.0,-1.0,-6.0,0.0
2025,3,0.0,2025_03_CIN_MIN,Cincinnati Bengals,Ja'Marr Chase,WR,00-0036900,1.0,0.0,0.0,0.0,0.0,0.0,0.0,0.0,11.35,7.56,65.3,0.6,0.4499,72.0,46.79,21.6,355.1,106.8,2.553855525450748,0.4940104648817156,1.1696929395129616,1.0,1.0,ja'marr chase,jamarrchase,jchase,Cincinnati Bengals,00-0036900,0.0,0.0,0.0,0.0,1.0,9.0,0.0,7.0,5.0,50.0,0.0,J.Chase,CIN,team_norm & _alias_init_last,0.0,0.0,0.0,0.0,-1.0,-9.0,0.0,4.35,2.5599999999999996,15.299999999999997,0.6
2025,3,0.0,2025_03_CIN_MIN,Cincinnati Bengals,Tee Higgins,WR,00-0036410,1.0,0.0,0.0,0.0,0.0,0.0,0.0,0.0,8.55,5.31,49.7,0.45,0.3653,72.0,46.79,21.6,355.1,106.8,2.553855525450748,0.4940104648817156,1.1696929395129616,1.0,1.0,tee higgins,teehiggins,thiggins,Cincinnati Bengals,00-0036410,0.0,0.0,0.0,0.0,0.0,0.0,0.0,3.0,1.0,15.0,0.0,T.Higgins,CIN,team_norm & _alias_init_last,0.0,0.0,0.0,0.0,0.0,0.0,0.0,5.550000000000001,4.31,34.7,0.45
2025,3,0.0,2025_03_CIN_MIN,Cincinnati Bengals,Andrei Iosivas,WR,00-0038619,1.0,0.0,0.0,0.0,0.0,0.0,0.0,0.0,5.7,3.19,33.5,0.3,0.2607,72.0,46.79,21.6,355.1,106.8,2.553855525450748,0.4940104648817156,1.1696929395129616,1.0,1.0,andrei iosivas,andreiiosivas,aiosivas,Cincinnati Bengals,00-0038619,,,,,,,,,,,,,,,,,,,,,,,,,
2025,3,0.0,2025_03_CIN_MIN,Cincinnati Bengals,Charlie Jones,WR,00-0038576,1.0,0.0,0.0,0.0,0.0,0.0,0.0,0.0,0.0,0.0,0.0,0.0,0.0,72.0,46.79,21.6,355.1,106.8,2.553855525450748,0.4940104648817156,1.1696929395129616,1.0,1.0,charlie jones,charliejones,cjones,Cincinnati Bengals,00-0038576,,,,,,,,,,,,,,,,,,,,,,,,,
2025,3,0.0,2025_03_CIN_MIN,Cincinnati Bengals,Cole Burgess,WR,00-0039626,1.0,0.0,0.0,0.0,0.0,0.0,0.0,0.0,0.0,0.0,0.0,0.0,0.0,72.0,46.79,21.6,355.1,106.8,2.553855525450748,0.4940104648817156,1.1696929395129616,0.0,0.0,cole burgess,coleburgess,cburgess,Cincinnati Bengals,00-0039626,,,,,,,,,,,,,,,,,,,,,,,,,
2025,3,0.0,2025_03_CIN_MIN,Cincinnati Bengals,Mitchell Tinsley,WR,00-0038839,1.0,0.0,0.0,0.0,0.0,0.0,0.0,0.0,0.0,0.0,0.0,0.0,0.0,72.0,46.79,21.6,355.1,106.8,2.553855525450748,0.4940104648817156,1.1696929395129616,1.0,1.0,mitchell tinsley,mitchelltinsley,mtinsley,Cincinnati Bengals,00-0038839,0.0,0.0,0.0,0.0,0.0,0.0,0.0,1.0,0.0,0.0,0.0,M.Tinsley,CIN,team_norm & _alias_init_last,0.0,0.0,0.0,0.0,0.0,0.0,0.0,-1.0,0.0,0.0,0.0
2025,3,0.0,2025_03_CIN_MIN,Minnesota Vikings,Carson Wentz,QB,00-0032950,1.0,41.19,218.9,2.63,0.96,2.43,7.0,0.06,0.0,0.0,0.0,0.0,0.0605,72.0,42.12,26.04,236.3,95.2,2.527009175313224,0.6569422518023704,1.0530095303461124,1.0,1.0,carson wentz,carsonwentz,cwentz,Minnesota Vikings,00-0032950,25.0,173.0,2.0,0.0,0.0,0.0,0.0,0.0,0.0,0.0,0.0,C.Wentz,MIN,team_norm & _alias_init_last,16.189999999999998,45.900000000000006,0.6299999999999999,0.96,2.43,7.0,0.06,0.0,0.0,0.0,0.0
2025,3,0.0,2025_03_CIN_MIN,Minnesota Vikings,Jordan Mason,RB,00-0037525,1.0,0.0,0.0,0.0,0.0,15.18,47.2,0.46,4.91,3.31,22.5,0.29,0.5315,72.0,42.12,26.04,236.3,95.2,2.527009175313224,0.6569422518023704,1.0530095303461124,1.0,1.0,jordan mason,jordanmason,jmason,Minnesota Vikings,00-0037525,0.0,0.0,0.0,0.0,17.0,116.0,2.0,0.0,0.0,0.0,0.0,J.Mason,MIN,team_norm & _alias_init_last,0.0,0.0,0.0,0.0,-1.8200000000000003,-68.8,-1.54,4.91,3.31,22.5,0.29
2025,3,0.0,2025_03_CIN_MIN,Minnesota Vikings,Zavier Scott,RB,00-0038440,1.0,0.0,0.0,0.0,0.0,8.43,29.0,0.16,3.06,1.99,14.6,0.19,0.2892,72.0,42.12,26.04,236.3,95.2,2.527009175313224,0.6569422518023704,1.0530095303461124,1.0,1.0,zavier scott,zavierscott,zscott,Minnesota Vikings,00-0038440,0.0,0.0,0.0,0.0,8.0,30.0,0.0,2.0,1.0,20.0,0.0,Z.Scott,MIN,team_norm & _alias_init_last,0.0,0.0,0.0,0.0,0.4299999999999997,-1.0,0.16,1.06,0.99,-5.4,0.19
2025,3,0.0,2025_03_CIN_MIN,Minnesota Vikings,T.J. Hockenson,TE,00-0035229,1.0,0.0,0.0,0.0,0.0,0.0,0.0,0.0,7.39,4.29,25.7,0.4,0.3293,72.0,42.12,26.04,236.3,95.2,2.527009175313224,0.6569422518023704,1.0530095303461124,1.0,1.0,t.j. hockenson,tjhockenson,thockenson,Minnesota Vikings,00-0035229,0.0,0.0,0.0,0.0,0.0,0.0,0.0,6.0,5.0,49.0,1.0,T.Hockenson,MIN,team_norm & _alias_init_last,0.0,0.0,0.0,0.0,0.0,0.0,0.0,1.3899999999999997,-0.71,-23.3,-0.6
2025,3,0.0,2025_03_CIN_MIN,Minnesota Vikings,Josh Oliver,TE,00-0035249,1.0,0.0,0.0,0.0,0.0,0.0,0.0,0.0,3.71,2.2,13.6,0.22,0.1979,72.0,42.12,26.04,236.3,95.2,2.527009175313224,0.6569422518023704,1.0530095303461124,1.0,1.0,josh oliver,josholiver,joliver,Minnesota Vikings,00-0035249,0.0,0.0,0.0,0.0,0.0,0.0,0.0,1.0,1.0,12.0,1.0,J.Oliver,MIN,team_norm & _alias_init_last,0.0,0.0,0.0,0.0,0.0,0.0,0.0,2.71,1.2000000000000002,1.5999999999999996,-0.78
2025,3,0.0,2025_03_CIN_MIN,Minnesota Vikings,Ben Sims,TE,00-0038809,1.0,0.0,0.0,0.0,0.0,0.0,0.0,0.0,0.0,0.0,0.0,0.0,0.0,72.0,42.12,26.04,236.3,95.2,2.527009175313224,0.6569422518023704,1.0530095303461124,0.0,0.0,ben sims,bensims,bsims,Minnesota Vikings,00-0038809,,,,,,,,,,,,,,,,,,,,,,,,,
2025,3,0.0,2025_03_CIN_MIN,Minnesota Vikings,Ben Yurosek,TE,00-0040509,1.0,0.0,0.0,0.0,0.0,0.0,0.0,0.0,0.0,0.0,0.0,0.0,0.0,72.0,42.12,26.04,236.3,95.2,2.527009175313224,0.6569422518023704,1.0530095303461124,1.0,1.0,ben yurosek,benyurosek,byurosek,Minnesota Vikings,00-0040509,,,,,,,,,,,,,,,,,,,,,,,,,
2025,3,0.0,2025_03_CIN_MIN,Minnesota Vikings,Justin Jefferson,WR,00-0036322,1.0,0.0,0.0,0.0,0.0,0.0,0.0,0.0,10.32,6.65,46.9,0.59,0.4471,72.0,42.12,26.04,236.3,95.2,2.527009175313224,0.6569422518023704,1.0530095303461124,1.0,1.0,justin jefferson,justinjefferson,jjefferson,Minnesota Vikings,00-0036322,0.0,0.0,0.0,0.0,0.0,0.0,0.0,7.0,5.0,75.0,0.0,J.Jefferson,MIN,team_norm & _alias_init_last,0.0,0.0,0.0,0.0,0.0,0.0,0.0,3.3200000000000003,1.6500000000000004,-28.1,0.59
2025,3,0.0,2025_03_CIN_MIN,Minnesota Vikings,Jordan Addison,WR,00-0038994,1.0,0.0,0.0,0.0,0.0,0.0,0.0,0.0,7.63,4.48,34.2,0.44,0.3585,72.0,42.12,26.04,236.3,95.2,2.527009175313224,0.6569422518023704,1.0530095303461124,0.0,0.0,jordan addison,jordanaddison,jaddison,Minnesota Vikings,00-0038994,,,,,,,,,,,,,,,,,,,,,,,,,
2025,3,0.0,2025_03_CIN_MIN,Minnesota Vikings,Jalen Nailor,WR,00-0037291,1.0,0.0,0.0,0.0,0.0,0.0,0.0,0.0,5.09,3.07,24.3,0.3,0.2603,72.0,42.12,26.04,236.3,95.2,2.527009175313224,0.6569422518023704,1.0530095303461124,1.0,1.0,jalen nailor,jalennailor,jnailor,Minnesota Vikings,00-0037291,0.0,0.0,0.0,0.0,0.0,0.0,0.0,5.0,3.0,37.0,0.0,J.Nailor,MIN,team_norm & _alias_init_last,0.0,0.0,0.0,0.0,0.0,0.0,0.0,0.08999999999999986,0.06999999999999984,-12.7,0.3
2025,3,0.0,2025_03_CIN_MIN,Minnesota Vikings,Myles Price,WR,00-0040506,1.0,0.0,0.0,0.0,0.0,0.0,0.0,0.0,0.0,0.0,0.0,0.0,0.0,72.0,42.12,26.04,236.3,95.2,2.527009175313224,0.6569422518023704,1.0530095303461124,1.0,1.0,myles price,mylesprice,mprice,Minnesota Vikings,00-0040506,,,,,,,,,,,,,,,,,,,,,,,,,
2025,3,0.0,2025_03_CIN_MIN,Minnesota Vikings,Tai Felton,WR,00-0040154,1.0,0.0,0.0,0.0,0.0,0.0,0.0,0.0,0.0,0.0,0.0,0.0,0.0,72.0,42.12,26.04,236.3,95.2,2.527009175313224,0.6569422518023704,1.0530095303461124,1.0,1.0,tai felton,taifelton,tfelton,Minnesota Vikings,00-0040154,0.0,0.0,0.0,0.0,0.0,0.0,0.0,1.0,1.0,9.0,0.0,T.Felton,MIN,team_norm & _alias_init_last,0.0,0.0,0.0,0.0,0.0,0.0,0.0,-1.0,-1.0,-9.0,0.0
2025,3,0.0,2025_03_DAL_CHI,Chicago Bears,Caleb Williams,QB,00-0039918,1.0,40.64,223.2,1.64,0.99,6.27,17.9,0.14,0.0,0.0,0.0,0.0,0.1264,72.0,43.67,25.41,245.0,92.9,1.8204981333474963,0.5184987044140623,1.0917121779425396,1.0,1.0,caleb williams,calebwilliams,cwilliams,Chicago Bears,00-0035857,31.0,298.0,4.0,0.0,2.0,12.0,0.0,0.0,0.0,0.0,0.0,C.Williams,CHI,team_norm & _alias_init_last,9.64,-74.80000000000001,-2.3600000000000003,0.99,4.27,5.899999999999999,0.14,0.0,0.0,0.0,0.0
2025,3,0.0,2025_03_DAL_CHI,Chicago Bears,D'Andre Swift,RB,00-0036275,1.0,0.0,0.0,0.0,0.0,12.31,39.8,0.31,5.38,3.41,19.4,0.22,0.4093,72.0,43.67,25.41,245.0,92.9,1.8204981333474963,0.5184987044140623,1.0917121779425396,1.0,1.0,d'andre swift,dandreswift,dswift,Chicago Bears,00-0036275,0.0,0.0,0.0,0.0,13.0,33.0,0.0,4.0,3.0,45.0,0.0,D.Swift,CHI,team_norm & _alias_init_last,0.0,0.0,0.0,0.0,-0.6899999999999995,6.799999999999997,0.31,1.38,0.41000000000000014,-25.6,0.22
2025,3,0.0,2025_03_DAL_CHI,Chicago Bears,Kyle Monangai,RB,00-0040236,1.0,0.0,0.0,0.0,0.0,6.84,21.7,0.11,3.35,1.8,13.5,0.14,0.2226,72.0,43.67,25.41,245.0,92.9,1.8204981333474963,0.5184987044140623,1.0917121779425396,1.0,1.0,kyle monangai,kylemonangai,kmonangai,Chicago Bears,00-0040236,0.0,0.0,0.0,0.0,6.0,16.0,0.0,1.0,1.0,4.0,0.0,K.Monangai,CHI,team_norm & _alias_init_last,0.0,0.0,0.0,0.0,0.8399999999999999,5.699999999999999,0.11,2.35,0.8,9.5,0.14
2025,3,0.0,2025_03_DAL_CHI,Chicago Bears,Roschon Johnson,RB,00-0039021,1.0,0.0,0.0,0.0,0.0,0.0,0.0,0.0,0.0,0.0,0.0,0.0,0.0,72.0,43.67,25.41,245.0,92.9,1.8204981333474963,0.5184987044140623,1.0917121779425396,1.0,1.0,roschon johnson,roschonjohnson,rjohnson,Chicago Bears,00-0039021,,,,,,,,,,,,,,,,,,,,,,,,,
2025,3,0.0,2025_03_DAL_CHI,Chicago Bears,Cole Kmet,TE,00-0036290,1.0,0.0,0.0,0.0,0.0,0.0,0.0,0.0,7.39,4.6,28.0,0.29,0.2501,72.0,43.67,25.41,245.0,92.9,1.8204981333474963,0.5184987044140623,1.0917121779425396,1.0,1.0,cole kmet,colekmet,ckmet,Chicago Bears,00-0036290,0.0,0.0,0.0,0.0,0.0,0.0,0.0,1.0,1.0,10.0,1.0,C.Kmet,CHI,team_norm & _alias_init_last,0.0,0.0,0.0,0.0,0.0,0.0,0.0,6.39,3.5999999999999996,18.0,-0.71
2025,3,0.0,2025_03_DAL_CHI,Chicago Bears,Colston Loveland,TE,00-0040126,1.0,0.0,0.0,0.0,0.0,0.0,0.0,0.0,3.82,2.19,15.1,0.15,0.1407,72.0,43.67,25.41,245.0,92.9,1.8204981333474963,0.5184987044140623,1.0917121779425396,1.0,1.0,colston loveland,colstonloveland,cloveland,Chicago Bears,00-0040126,0.0,0.0,0.0,0.0,0.0,0.0,0.0,3.0,1.0,31.0,0.0,C.Loveland,CHI,team_norm & _alias_init_last,0.0,0.0,0.0,0.0,0.0,0.0,0.0,0.8199999999999998,1.19,-15.9,0.15
2025,3,0.0,2025_03_DAL_CHI,Chicago Bears,Durham Smythe,TE,00-0034798,1.0,0.0,0.0,0.0,0.0,0.0,0.0,0.0,0.0,0.0,0.0,0.0,0.0,72.0,43.67,25.41,245.0,92.9,1.8204981333474963,0.5184987044140623,1.0917121779425396,1.0,1.0,durham smythe,durhamsmythe,dsmythe,Chicago Bears,00-0034798,,,,,,,,,,,,,,,,,,,,,,,,,
2025,3,0.0,2025_03_DAL_CHI,Chicago Bears,DJ Moore,WR,00-0034827,1.0,0.0,0.0,0.0,0.0,0.0,0.0,0.0,10.49,6.45,49.5,0.4,0.3322,72.0,43.67,25.41,245.0,92.9,1.8204981333474963,0.5184987044140623,1.0917121779425396,1.0,1.0,dj moore,djmoore,dmoore,Chicago Bears,00-0034827,0.0,0.0,0.0,0.0,3.0,7.0,0.0,5.0,4.0,21.0,1.0,D.Moore,CHI,team_norm & _alias_init_last,0.0,0.0,0.0,0.0,-3.0,-7.0,0.0,5.49,2.45,28.5,-0.6
2025,3,0.0,2025_03_DAL_CHI,Chicago Bears,Rome Odunze,WR,00-0039919,1.0,0.0,0.0,0.0,0.0,0.0,0.0,0.0,7.9,4.08,39.8,0.32,0.2731,72.0,43.67,25.41,245.0,92.9,1.8204981333474963,0.5184987044140623,1.0917121779425396,1.0,1.0,rome odunze,romeodunze,rodunze,Chicago Bears,00-0039919,0.0,0.0,0.0,0.0,0.0,0.0,0.0,7.0,3.0,62.0,1.0,R.Odunze,CHI,team_norm & _alias_init_last,0.0,0.0,0.0,0.0,0.0,0.0,0.0,0.9000000000000004,1.08,-22.200000000000003,-0.6799999999999999
2025,3,0.0,2025_03_DAL_CHI,Chicago Bears,Olamide Zaccheaus,WR,00-0035208,1.0,0.0,0.0,0.0,0.0,0.0,0.0,0.0,5.27,3.22,24.2,0.21,0.1901,72.0,43.67,25.41,245.0,92.9,1.8204981333474963,0.5184987044140623,1.0917121779425396,1.0,1.0,olamide zaccheaus,olamidezaccheaus,ozaccheaus,Chicago Bears,00-0035208,0.0,0.0,0.0,0.0,1.0,12.0,0.0,4.0,3.0,24.0,0.0,O.Zaccheaus,CHI,team_norm & _alias_init_last,0.0,0.0,0.0,0.0,-1.0,-12.0,0.0,1.2699999999999996,0.2200000000000002,0.1999999999999993,0.21
2025,3,0.0,2025_03_DAL_CHI,Chicago Bears,Devin Duvernay,WR,00-0036331,1.0,0.0,0.0,0.0,0.0,0.0,0.0,0.0,0.0,0.0,0.0,0.0,0.0,72.0,43.67,25.41,245.0,92.9,1.8204981333474963,0.5184987044140623,1.0917121779425396,1.0,1.0,devin duvernay,devinduvernay,dduvernay,Chicago Bears,00-0036331,,,,,,,,,,,,,,,,,,,,,,,,,
2025,3,0.0,2025_03_DAL_CHI,Chicago Bears,Jahdae Walker,WR,00-0040277,1.0,0.0,0.0,0.0,0.0,0.0,0.0,0.0,0.0,0.0,0.0,0.0,0.0,72.0,43.67,25.41,245.0,92.9,1.8204981333474963,0.5184987044140623,1.0917121779425396,1.0,1.0,jahdae walker,jahdaewalker,jwalker,Chicago Bears,00-0040277,,,,,,,,,,,,,,,,,,,,,,,,,
2025,3,0.0,2025_03_DAL_CHI,Chicago Bears,Luther Burden III,WR,00-0040735,1.0,0.0,0.0,0.0,0.0,0.0,0.0,0.0,0.0,0.0,0.0,0.0,0.0,72.0,43.67,25.41,245.0,92.9,1.8204981333474963,0.5184987044140623,1.0917121779425396,1.0,1.0,luther burden iii,lutherburdeniii,lburden,Chicago Bears,00-0040735,0.0,0.0,0.0,0.0,1.0,7.0,0.0,3.0,3.0,101.0,1.0,L.Burden,CHI,team_norm & _alias_init_last,0.0,0.0,0.0,0.0,-1.0,-7.0,0.0,-3.0,-3.0,-101.0,-1.0
2025,3,0.0,2025_03_DAL_CHI,Dallas Cowboys,Dak Prescott,QB,00-0033077,1.0,43.44,246.7,1.94,1.08,2.19,5.8,0.06,0.0,0.0,0.0,0.0,0.0569,72.0,47.56,21.84,266.8,79.8,2.0273783728934966,0.5260789273594502,1.1889114822256397,1.0,1.0,dak prescott,dakprescott,dprescott,Dallas Cowboys,,45.0,251.0,1.0,2.0,0.0,0.0,0.0,0.0,0.0,0.0,0.0,D.Prescott,DAL,team_norm & _alias_init_last,-1.5600000000000023,-4.300000000000011,0.94,-0.9199999999999999,2.19,5.8,0.06,0.0,0.0,0.0,0.0
2025,3,0.0,2025_03_DAL_CHI,Dallas Cowboys,Javonte Williams,RB,00-0036997,1.0,0.0,0.0,0.0,0.0,12.63,39.1,0.38,5.87,3.66,22.4,0.25,0.4681,72.0,47.56,21.84,266.8,79.8,2.0273783728934966,0.5260789273594502,1.1889114822256397,1.0,1.0,javonte williams,javontewilliams,jwilliams,Dallas Cowboys,00-0036997,0.0,0.0,0.0,0.0,12.0,76.0,0.0,5.0,5.0,16.0,0.0,J.Williams,DAL,team_norm & _alias_init_last,0.0,0.0,0.0,0.0,0.6300000000000008,-36.9,0.38,0.8700000000000001,-1.3399999999999999,6.399999999999999,0.25
2025,3,0.0,2025_03_DAL_CHI,Dallas Cowboys,Miles Sanders,RB,00-0035243,1.0,0.0,0.0,0.0,0.0,7.02,21.6,0.13,3.65,2.24,13.9,0.15,0.2445,72.0,47.56,21.84,266.8,79.8,2.0273783728934966,0.5260789273594502,1.1889114822256397,1.0,1.0,miles sanders,milessanders,msanders,Dallas Cowboys,00-0035243,0.0,0.0,0.0,0.0,9.0,41.0,0.0,3.0,3.0,12.0,0.0,M.Sanders,DAL,team_norm & _alias_init_last,0.0,0.0,0.0,0.0,-1.9800000000000004,-19.4,0.13,0.6499999999999999,-0.7599999999999998,1.9000000000000004,0.15
2025,3,0.0,2025_03_DAL_CHI,Dallas Cowboys,Jake Ferguson,TE,00-0038041,1.0,0.0,0.0,0.0,0.0,0.0,0.0,0.0,7.9,4.91,29.0,0.32,0.2756,72.0,47.56,21.84,266.8,79.8,2.0273783728934966,0.5260789273594502,1.1889114822256397,1.0,1.0,jake ferguson,jakeferguson,jferguson,Dallas Cowboys,00-0038041,0.0,0.0,0.0,0.0,0.0,0.0,0.0,15.0,13.0,82.0,0.0,J.Ferguson,DAL,team_norm & _alias_init_last,0.0,0.0,0.0,0.0,0.0,0.0,0.0,-7.1,-8.09,-53.0,0.32
2025,3,0.0,2025_03_DAL_CHI,Dallas Cowboys,Luke Schoonmaker,TE,00-0038547,1.0,0.0,0.0,0.0,0.0,0.0,0.0,0.0,4.08,2.19,15.6,0.16,0.1477,72.0,47.56,21.84,266.8,79.8,2.0273783728934966,0.5260789273594502,1.1889114822256397,1.0,1.0,luke schoonmaker,lukeschoonmaker,lschoonmaker,Dallas Cowboys,00-0038547,0.0,0.0,0.0,0.0,0.0,0.0,0.0,2.0,1.0,5.0,0.0,L.Schoonmaker,DAL,team_norm & _alias_init_last,0.0,0.0,0.0,0.0,0.0,0.0,0.0,2.08,1.19,10.6,0.16
2025,3,0.0,2025_03_DAL_CHI,Dallas Cowboys,Brevyn Spann-Ford,TE,00-0039530,1.0,0.0,0.0,0.0,0.0,0.0,0.0,0.0,0.0,0.0,0.0,0.0,0.0,72.0,47.56,21.84,266.8,79.8,2.0273783728934966,0.5260789273594502,1.1889114822256397,1.0,1.0,brevyn spann-ford,brevynspannford,bspannford,Dallas Cowboys,00-0039530,0.0,0.0,0.0,0.0,0.0,0.0,0.0,1.0,0.0,0.0,0.0,B.Spann-Ford,DAL,team_norm & _alias_init_last,0.0,0.0,0.0,0.0,0.0,0.0,0.0,-1.0,0.0,0.0,0.0
2025,3,0.0,2025_03_DAL_CHI,Dallas Cowboys,CeeDee Lamb,WR,00-0036358,1.0,0.0,0.0,0.0,0.0,0.0,0.0,0.0,11.25,7.17,51.8,0.45,0.3645,72.0,47.56,21.84,266.8,79.8,2.0273783728934966,0.5260789273594502,1.1889114822256397,1.0,1.0,ceedee lamb,ceedeelamb,clamb,Dallas Cowboys,00-0036358,,,,,,,,,,,,,,,,,,,,,,,,,
2025,3,0.0,2025_03_DAL_CHI,Dallas Cowboys,George Pickens,WR,00-0037247,1.0,0.0,0.0,0.0,0.0,0.0,0.0,0.0,8.47,4.83,38.0,0.34,0.2877,72.0,47.56,21.84,266.8,79.8,2.0273783728934966,0.5260789273594502,1.1889114822256397,1.0,1.0,george pickens,georgepickens,gpickens,Dallas Cowboys,00-0037247,0.0,0.0,0.0,0.0,0.0,0.0,0.0,9.0,5.0,68.0,1.0,G.Pickens,DAL,team_norm & _alias_init_last,0.0,0.0,0.0,0.0,0.0,0.0,0.0,-0.5299999999999994,-0.16999999999999993,-30.0,-0.6599999999999999
2025,3,0.0,2025_03_DAL_CHI,Dallas Cowboys,Jalen Tolbert,WR,00-0037666,1.0,0.0,0.0,0.0,0.0,0.0,0.0,0.0,5.65,3.31,27.9,0.23,0.2069,72.0,47.56,21.84,266.8,79.8,2.0273783728934966,0.5260789273594502,1.1889114822256397,1.0,1.0,jalen tolbert,jalentolbert,jtolbert,Dallas Cowboys,00-0037666,0.0,0.0,0.0,0.0,0.0,0.0,0.0,7.0,3.0,24.0,0.0,J.Tolbert,DAL,team_norm & _alias_init_last,0.0,0.0,0.0,0.0,0.0,0.0,0.0,-1.3499999999999996,0.31000000000000005,3.8999999999999986,0.23
2025,3,0.0,2025_03_DAL_CHI,Dallas Cowboys,KaVontae Turpin,WR,00-0037801,1.0,0.0,0.0,0.0,0.0,0.0,0.0,0.0,0.0,0.0,0.0,0.0,0.0,72.0,47.56,21.84,266.8,79.8,2.0273783728934966,0.5260789273594502,1.1889114822256397,1.0,1.0,kavontae turpin,kavontaeturpin,kturpin,Dallas Cowboys,00-0037801,0.0,0.0,0.0,0.0,1.0,4.0,0.0,3.0,2.0,64.0,0.0,K.Turpin,DAL,team_norm & _alias_init_last,0.0,0.0,0.0,0.0,-1.0,-4.0,0.0,-3.0,-2.0,-64.0,0.0
2025,3,0.0,2025_03_DAL_CHI,Dallas Cowboys,Ryan Flournoy,WR,00-0039410,1.0,0.0,0.0,0.0,0.0,0.0,0.0,0.0,0.0,0.0,0.0,0.0,0.0,72.0,47.56,21.84,266.8,79.8,2.0273783728934966,0.5260789273594502,1.1889114822256397,1.0,1.0,ryan flournoy,ryanflournoy,rflournoy,Dallas Cowboys,00-0039410,0.0,0.0,0.0,0.0,0.0,0.0,0.0,3.0,2.0,21.0,0.0,R.Flournoy,DAL,team_norm & _alias_init_last,0.0,0.0,0.0,0.0,0.0,0.0,0.0,-3.0,-2.0,-21.0,0.0
2025,3,0.0,2025_03_DEN_LAC,Denver Broncos,Bo Nix,QB,00-0039732,1.0,38.37,262.3,2.85,0.95,7.61,27.5,0.35,0.0,0.0,0.0,0.0,0.2958,72.0,41.94,28.07,318.3,138.8,3.31456344364042,1.2292156712828,1.0484535950044604,1.0,1.0,bo nix,bonix,bnix,Denver Broncos,00-0039732,35.0,153.0,1.0,0.0,2.0,-3.0,0.0,0.0,0.0,0.0,0.0,B.Nix,DEN,team_norm & _alias_init_last,3.3699999999999974,109.30000000000001,1.85,0.95,5.61,30.5,0.35,0.0,0.0,0.0,0.0
2025,3,0.0,2025_03_DEN_LAC,Denver Broncos,J.K. Dobbins,RB,00-0036158,1.0,0.0,0.0,0.0,0.0,13.15,55.7,0.69,4.82,3.13,24.4,0.38,0.6577,72.0,41.94,28.07,318.3,138.8,3.31456344364042,1.2292156712828,1.0484535950044604,1.0,1.0,j.k. dobbins,jkdobbins,jdobbins,Denver Broncos,00-0036158,0.0,0.0,0.0,0.0,11.0,83.0,1.0,2.0,1.0,0.0,0.0,J.Dobbins,DEN,team_norm & _alias_init_last,0.0,0.0,0.0,0.0,2.1500000000000004,-27.299999999999997,-0.31000000000000005,2.8200000000000003,2.13,24.4,0.38
2025,3,0.0,2025_03_DEN_LAC,Denver Broncos,RJ Harvey,RB,00-0040730,1.0,0.0,0.0,0.0,0.0,7.31,32.0,0.26,3.0,2.04,15.4,0.25,0.3936,72.0,41.94,28.07,318.3,138.8,3.31456344364042,1.2292156712828,1.0484535950044604,1.0,1.0,rj harvey,rjharvey,rharvey,Denver Broncos,00-0040730,0.0,0.0,0.0,0.0,3.0,2.0,0.0,4.0,3.0,14.0,0.0,R.Harvey,DEN,team_norm & _alias_init_last,0.0,0.0,0.0,0.0,4.31,30.0,0.26,-1.0,-0.96,1.4000000000000004,0.25
2025,3,0.0,2025_03_DEN_LAC,Denver Broncos,Tyler Badie,RB,00-0037085,1.0,0.0,0.0,0.0,0.0,0.0,0.0,0.0,0.0,0.0,0.0,0.0,0.0,72.0,41.94,28.07,318.3,138.8,3.31456344364042,1.2292156712828,1.0484535950044604,1.0,1.0,tyler badie,tylerbadie,tbadie,Denver Broncos,00-0037085,,,,,,,,,,,,,,,,,,,,,,,,,
2025,3,0.0,2025_03_DEN_LAC,Denver Broncos,Evan Engram,TE,00-0033881,1.0,0.0,0.0,0.0,0.0,0.0,0.0,0.0,6.97,4.19,34.7,0.48,0.3834,72.0,41.94,28.07,318.3,138.8,3.31456344364042,1.2292156712828,1.0484535950044604,0.0,0.0,evan engram,evanengram,eengram,Denver Broncos,00-0033881,,,,,,,,,,,,,,,,,,,,,,,,,
2025,3,0.0,2025_03_DEN_LAC,Denver Broncos,Lucas Krull,TE,00-0037539,1.0,0.0,0.0,0.0,0.0,0.0,0.0,0.0,3.6,2.04,20.9,0.26,0.2293,72.0,41.94,28.07,318.3,138.8,3.31456344364042,1.2292156712828,1.0484535950044604,1.0,1.0,lucas krull,lucaskrull,lkrull,Denver Broncos,00-0037539,0.0,0.0,0.0,0.0,0.0,0.0,0.0,2.0,1.0,9.0,0.0,L.Krull,DEN,team_norm & _alias_init_last,0.0,0.0,0.0,0.0,0.0,0.0,0.0,1.6,1.04,11.899999999999999,0.26
2025,3,0.0,2025_03_DEN_LAC,Denver Broncos,Adam Trautman,TE,00-0036422,1.0,0.0,0.0,0.0,0.0,0.0,0.0,0.0,0.0,0.0,0.0,0.0,0.0,72.0,41.94,28.07,318.3,138.8,3.31456344364042,1.2292156712828,1.0484535950044604,1.0,1.0,adam trautman,adamtrautman,atrautman,Denver Broncos,00-0036422,,,,,,,,,,,,,,,,,,,,,,,,,
2025,3,0.0,2025_03_DEN_LAC,Denver Broncos,Nate Adkins,TE,00-0038783,1.0,0.0,0.0,0.0,0.0,0.0,0.0,0.0,0.0,0.0,0.0,0.0,0.0,72.0,41.94,28.07,318.3,138.8,3.31456344364042,1.2292156712828,1.0484535950044604,1.0,1.0,nate adkins,nateadkins,nadkins,Denver Broncos,00-0038783,,,,,,,,,,,,,,,,,,,,,,,,,
2025,3,0.0,2025_03_DEN_LAC,Denver Broncos,Courtland Sutton,WR,00-0034348,1.0,0.0,0.0,0.0,0.0,0.0,0.0,0.0,10.44,6.21,63.3,0.8,0.5487,72.0,41.94,28.07,318.3,138.8,3.31456344364042,1.2292156712828,1.0484535950044604,1.0,1.0,courtland sutton,courtlandsutton,csutton,Denver Broncos,00-0034348,0.0,0.0,0.0,0.0,0.0,0.0,0.0,8.0,6.0,118.0,1.0,C.Sutton,DEN,team_norm & _alias_init_last,0.0,0.0,0.0,0.0,0.0,0.0,0.0,2.4399999999999995,0.20999999999999996,-54.7,-0.19999999999999996
2025,3,0.0,2025_03_DEN_LAC,Denver Broncos,Troy Franklin,WR,00-0039868,1.0,0.0,0.0,0.0,0.0,0.0,0.0,0.0,7.86,4.67,49.0,0.61,0.4573,72.0,41.94,28.07,318.3,138.8,3.31456344364042,1.2292156712828,1.0484535950044604,1.0,1.0,troy franklin,troyfranklin,tfranklin,Denver Broncos,00-0039868,0.0,0.0,0.0,0.0,0.0,0.0,0.0,5.0,2.0,8.0,0.0,T.Franklin,DEN,team_norm & _alias_init_last,0.0,0.0,0.0,0.0,0.0,0.0,0.0,2.8600000000000003,2.67,41.0,0.61
2025,3,0.0,2025_03_DEN_LAC,Denver Broncos,Marvin Mims Jr.,WR,00-0038976,1.0,0.0,0.0,0.0,0.0,0.0,0.0,0.0,5.24,3.57,30.8,0.37,0.3117,72.0,41.94,28.07,318.3,138.8,3.31456344364042,1.2292156712828,1.0484535950044604,1.0,1.0,marvin mims jr.,marvinmimsjr,mmims,Denver Broncos,00-0038976,0.0,0.0,0.0,0.0,0.0,0.0,0.0,4.0,1.0,4.0,0.0,M.Mims,DEN,team_norm & _alias_init_last,0.0,0.0,0.0,0.0,0.0,0.0,0.0,1.2400000000000002,2.57,26.8,0.37
2025,3,0.0,2025_03_DEN_LAC,Denver Broncos,Elijah Moore,WR,00-0036980,1.0,0.0,0.0,0.0,0.0,0.0,0.0,0.0,0.0,0.0,0.0,0.0,0.0,72.0,41.94,28.07,318.3,138.8,3.31456344364042,1.2292156712828,1.0484535950044604,0.0,0.0,elijah moore,elijahmoore,emoore,Denver Broncos,00-0036980,0.0,0.0,0.0,0.0,2.0,11.0,0.0,3.0,2.0,30.0,0.0,E.Moore,BUF,_alias_init_last,0.0,0.0,0.0,0.0,-2.0,-11.0,0.0,-3.0,-2.0,-30.0,0.0
2025,3,0.0,2025_03_DEN_LAC,Denver Broncos,Pat Bryant,WR,00-0040134,1.0,0.0,0.0,0.0,0.0,0.0,0.0,0.0,0.0,0.0,0.0,0.0,0.0,72.0,41.94,28.07,318.3,138.8,3.31456344364042,1.2292156712828,1.0484535950044604,1.0,1.0,pat bryant,patbryant,pbryant,Denver Broncos,00-0040134,,,,,,,,,,,,,,,,,,,,,,,,,
2025,3,0.0,2025_03_DEN_LAC,Los Angeles Chargers,Justin Herbert,QB,00-0036355,1.0,35.0,199.0,2.23,0.83,5.99,16.3,0.25,0.0,0.0,0.0,0.0,0.2234,66.94,36.47,27.49,204.6,100.5,2.787887507020176,1.1187199476446663,0.9118670549480288,1.0,1.0,justin herbert,justinherbert,jherbert,Los Angeles Chargers,00-0036355,58.0,300.0,1.0,1.0,1.0,2.0,0.0,0.0,0.0,0.0,0.0,J.Herbert,LAC,team_norm & _alias_init_last,-23.0,-101.0,1.23,-0.17000000000000004,4.99,14.3,0.25,0.0,0.0,0.0,0.0
2025,3,0.0,2025_03_DEN_LAC,Los Angeles Chargers,Omarion Hampton,RB,00-0040666,1.0,0.0,0.0,0.0,0.0,13.82,45.7,0.7,4.28,3.15,20.1,0.32,0.6401,66.94,36.47,27.49,204.6,100.5,2.787887507020176,1.1187199476446663,0.9118670549480288,1.0,1.0,omarion hampton,omarionhampton,ohampton,Los Angeles Chargers,00-0040666,0.0,0.0,0.0,0.0,20.0,70.0,1.0,8.0,6.0,59.0,0.0,O.Hampton,LAC,team_norm & _alias_init_last,0.0,0.0,0.0,0.0,-6.18,-24.299999999999997,-0.30000000000000004,-3.7199999999999998,-2.85,-38.9,0.32
2025,3,0.0,2025_03_DEN_LAC,Los Angeles Chargers,Hassan Haskins,RB,00-0037617,1.0,0.0,0.0,0.0,0.0,7.68,25.8,0.24,2.66,1.88,12.7,0.2,0.3569,66.94,36.47,27.49,204.6,100.5,2.787887507020176,1.1187199476446663,0.9118670549480288,1.0,1.0,hassan haskins,hassanhaskins,hhaskins,Los Angeles Chargers,00-0037617,,,,,,,,,,,,,,,,,,,,,,,,,
2025,3,0.0,2025_03_DEN_LAC,Los Angeles Chargers,Will Dissly,TE,00-0034159,1.0,0.0,0.0,0.0,0.0,0.0,0.0,0.0,5.94,3.74,24.2,0.41,0.3355,66.94,36.47,27.49,204.6,100.5,2.787887507020176,1.1187199476446663,0.9118670549480288,0.0,0.0,will dissly,willdissly,wdissly,Los Angeles Chargers,00-0034159,,,,,,,,,,,,,,,,,,,,,,,,,
2025,3,0.0,2025_03_DEN_LAC,Los Angeles Chargers,Oronde Gadsden II,TE,00-0040189,1.0,0.0,0.0,0.0,0.0,0.0,0.0,0.0,3.07,1.79,13.3,0.23,0.2031,66.94,36.47,27.49,204.6,100.5,2.787887507020176,1.1187199476446663,0.9118670549480288,1.0,1.0,oronde gadsden ii,orondegadsdenii,ogadsden,Los Angeles Chargers,00-0040189,0.0,0.0,0.0,0.0,0.0,0.0,0.0,7.0,5.0,46.0,0.0,O.Gadsden,LAC,team_norm & _alias_init_last,0.0,0.0,0.0,0.0,0.0,0.0,0.0,-3.93,-3.21,-32.7,0.23
2025,3,0.0,2025_03_DEN_LAC,Los Angeles Chargers,Stevo Klotz,TE,00-0040469,1.0,0.0,0.0,0.0,0.0,0.0,0.0,0.0,0.0,0.0,0.0,0.0,0.0,66.94,36.47,27.49,204.6,100.5,2.787887507020176,1.1187199476446663,0.9118670549480288,0.0,0.0,stevo klotz,stevoklotz,sklotz,Los Angeles Chargers,00-0040469,,,,,,,,,,,,,,,,,,,,,,,,,
2025,3,0.0,2025_03_DEN_LAC,Los Angeles Chargers,Tanner McLachlan,TE,00-0039399,1.0,0.0,0.0,0.0,0.0,0.0,0.0,0.0,0.0,0.0,0.0,0.0,0.0,66.94,36.47,27.49,204.6,100.5,2.787887507020176,1.1187199476446663,0.9118670549480288,0.0,0.0,tanner mclachlan,tannermclachlan,tmclachlan,Los Angeles Chargers,00-0039399,,,,,,,,,,,,,,,,,,,,,,,,,
2025,3,0.0,2025_03_DEN_LAC,Los Angeles Chargers,Tucker Fisk,TE,00-0037654,1.0,0.0,0.0,0.0,0.0,0.0,0.0,0.0,0.0,0.0,0.0,0.0,0.0,66.94,36.47,27.49,204.6,100.5,2.787887507020176,1.1187199476446663,0.9118670549480288,1.0,1.0,tucker fisk,tuckerfisk,tfisk,Los Angeles Chargers,00-0037654,0.0,0.0,0.0,0.0,0.0,0.0,0.0,1.0,0.0,0.0,0.0,T.Fisk,LAC,team_norm & _alias_init_last,0.0,0.0,0.0,0.0,0.0,0.0,0.0,-1.0,0.0,0.0,0.0
2025,3,0.0,2025_03_DEN_LAC,Los Angeles Chargers,Tyler Conklin,TE,00-0034270,1.0,0.0,0.0,0.0,0.0,0.0,0.0,0.0,0.0,0.0,0.0,0.0,0.0,66.94,36.47,27.49,204.6,100.5,2.787887507020176,1.1187199476446663,0.9118670549480288,1.0,1.0,tyler conklin,tylerconklin,tconklin,Los Angeles Chargers,00-0034270,0.0,0.0,0.0,0.0,0.0,0.0,0.0,2.0,0.0,0.0,0.0,T.Conklin,LAC,team_norm & _alias_init_last,0.0,0.0,0.0,0.0,0.0,0.0,0.0,-2.0,0.0,0.0,0.0
2025,3,0.0,2025_03_DEN_LAC,Los Angeles Chargers,Ladd McConkey,WR,00-0039915,1.0,0.0,0.0,0.0,0.0,0.0,0.0,0.0,8.85,5.93,40.8,0.62,0.4633,66.94,36.47,27.49,204.6,100.5,2.787887507020176,1.1187199476446663,0.9118670549480288,1.0,1.0,ladd mcconkey,laddmcconkey,lmcconkey,Los Angeles Chargers,,0.0,0.0,0.0,0.0,0.0,0.0,0.0,8.0,4.0,41.0,0.0,L.McConkey,LAC,team_norm & _alias_init_last,0.0,0.0,0.0,0.0,0.0,0.0,0.0,0.8499999999999996,1.9299999999999997,-0.20000000000000284,0.62
2025,3,0.0,2025_03_DEN_LAC,Los Angeles Chargers,Quentin Johnston,WR,00-0038544,1.0,0.0,0.0,0.0,0.0,0.0,0.0,0.0,6.66,3.71,28.3,0.48,0.3827,66.94,36.47,27.49,204.6,100.5,2.787887507020176,1.1187199476446663,0.9118670549480288,1.0,1.0,quentin johnston,quentinjohnston,qjohnston,Los Angeles Chargers,00-0038544,0.0,0.0,0.0,0.0,0.0,0.0,0.0,11.0,6.0,89.0,0.0,Q.Johnston,LAC,team_norm & _alias_init_last,0.0,0.0,0.0,0.0,0.0,0.0,0.0,-4.34,-2.29,-60.7,0.48
2025,3,0.0,2025_03_DEN_LAC,Los Angeles Chargers,Keenan Allen,WR,00-0030279,1.0,0.0,0.0,0.0,0.0,0.0,0.0,0.0,4.44,2.92,18.0,0.32,0.275,66.94,36.47,27.49,204.6,100.5,2.787887507020176,1.1187199476446663,0.9118670549480288,1.0,1.0,keenan allen,keenanallen,kallen,Los Angeles Chargers,00-0030279,0.0,0.0,0.0,0.0,0.0,0.0,0.0,13.0,7.0,65.0,1.0,K.Allen,LAC,team_norm & _alias_init_last,0.0,0.0,0.0,0.0,0.0,0.0,0.0,-8.559999999999999,-4.08,-47.0,-0.6799999999999999
2025,3,0.0,2025_03_DEN_LAC,Los Angeles Chargers,Dalevon Campbell,WR,00-0040629,1.0,0.0,0.0,0.0,0.0,0.0,0.0,0.0,0.0,0.0,0.0,0.0,0.0,66.94,36.47,27.49,204.6,100.5,2.787887507020176,1.1187199476446663,0.9118670549480288,0.0,0.0,dalevon campbell,dalevoncampbell,dcampbell,Los Angeles Chargers,00-0040629,,,,,,,,,,,,,,,,,,,,,,,,,
2025,3,0.0,2025_03_DEN_LAC,Los Angeles Chargers,Derius Davis,WR,00-0038573,1.0,0.0,0.0,0.0,0.0,0.0,0.0,0.0,0.0,0.0,0.0,0.0,0.0,66.94,36.47,27.49,204.6,100.5,2.787887507020176,1.1187199476446663,0.9118670549480288,1.0,1.0,derius davis,deriusdavis,ddavis,Los Angeles Chargers,00-0038573,0.0,0.0,0.0,0.0,1.0,2.0,0.0,0.0,0.0,0.0,0.0,D.Davis,LAC,team_norm & _alias_init_last,0.0,0.0,0.0,0.0,-1.0,-2.0,0.0,0.0,0.0,0.0,0.0
2025,3,0.0,2025_03_DEN_LAC,Los Angeles Chargers,Tre Harris,WR,00-0040727,1.0,0.0,0.0,0.0,0.0,0.0,0.0,0.0,0.0,0.0,0.0,0.0,0.0,66.94,36.47,27.49,204.6,100.5,2.787887507020176,1.1187199476446663,0.9118670549480288,1.0,1.0,tre harris,treharris,tharris,Los Angeles Chargers,,0.0,0.0,0.0,0.0,0.0,0.0,0.0,1.0,0.0,0.0,0.0,T.Harris,LAC,team_norm & _alias_init_last,0.0,0.0,0.0,0.0,0.0,0.0,0.0,-1.0,0.0,0.0,0.0
2025,3,0.0,2025_03_DET_BAL,Baltimore Ravens,Lamar Jackson,QB,00-0034796,1.0,39.12,283.7,1.95,1.03,7.7,26.5,0.14,0.0,0.0,0.0,0.0,0.1299,72.0,45.39,23.09,344.5,114.2,1.922166927889669,0.4857344404046944,1.1347087086498406,1.0,1.0,lamar jackson,lamarjackson,ljackson,Baltimore Ravens,00-0034796,40.0,288.0,3.0,0.0,4.0,16.0,0.0,0.0,0.0,0.0,0.0,L.Jackson,BAL,team_norm & _alias_init_last,-0.8800000000000026,-4.300000000000011,-1.05,1.03,3.7,10.5,0.14,0.0,0.0,0.0,0.0
2025,3,0.0,2025_03_DET_BAL,Baltimore Ravens,Derrick Henry,RB,00-0032764,1.0,0.0,0.0,0.0,0.0,9.9,41.0,0.27,5.29,3.34,25.5,0.23,0.394,72.0,45.39,23.09,344.5,114.2,1.922166927889669,0.4857344404046944,1.1347087086498406,1.0,1.0,derrick henry,derrickhenry,dhenry,Baltimore Ravens,00-0032764,1.0,0.0,0.0,0.0,12.0,50.0,1.0,1.0,1.0,7.0,0.0,D.Henry,BAL,team_norm & _alias_init_last,-1.0,0.0,0.0,0.0,-2.0999999999999996,-9.0,-0.73,4.29,2.34,18.5,0.23
2025,3,0.0,2025_03_DET_BAL,Baltimore Ravens,Justice Hill,RB,00-0034975,1.0,0.0,0.0,0.0,0.0,5.5,23.8,0.1,3.29,2.13,15.0,0.14,0.2103,72.0,45.39,23.09,344.5,114.2,1.922166927889669,0.4857344404046944,1.1347087086498406,1.0,1.0,justice hill,justicehill,jhill,Baltimore Ravens,00-0034975,0.0,0.0,0.0,0.0,0.0,0.0,0.0,4.0,3.0,45.0,0.0,J.Hill,BAL,team_norm & _alias_init_last,0.0,0.0,0.0,0.0,5.5,23.8,0.1,-0.71,-0.8700000000000001,-30.0,0.14
2025,3,0.0,2025_03_DET_BAL,Baltimore Ravens,Rasheen Ali,RB,00-0039796,1.0,0.0,0.0,0.0,0.0,0.0,0.0,0.0,0.0,0.0,0.0,0.0,0.0,72.0,45.39,23.09,344.5,114.2,1.922166927889669,0.4857344404046944,1.1347087086498406,1.0,1.0,rasheen ali,rasheenali,rali,Baltimore Ravens,00-0039796,,,,,,,,,,,,,,,,,,,,,,,,,
2025,3,0.0,2025_03_DET_BAL,Baltimore Ravens,Mark Andrews,TE,00-0034753,1.0,0.0,0.0,0.0,0.0,0.0,0.0,0.0,7.33,4.03,34.2,0.3,0.2577,72.0,45.39,23.09,344.5,114.2,1.922166927889669,0.4857344404046944,1.1347087086498406,1.0,1.0,mark andrews,markandrews,mandrews,Baltimore Ravens,00-0034753,0.0,0.0,0.0,0.0,0.0,0.0,0.0,7.0,6.0,91.0,2.0,M.Andrews,BAL,team_norm & _alias_init_last,0.0,0.0,0.0,0.0,0.0,0.0,0.0,0.33000000000000007,-1.9699999999999998,-56.8,-1.7
2025,3,0.0,2025_03_DET_BAL,Baltimore Ravens,Isaiah Likely,TE,00-0037838,1.0,0.0,0.0,0.0,0.0,0.0,0.0,0.0,3.79,2.16,18.0,0.15,0.1413,72.0,45.39,23.09,344.5,114.2,1.922166927889669,0.4857344404046944,1.1347087086498406,0.0,0.0,isaiah likely,isaiahlikely,ilikely,Baltimore Ravens,00-0037838,,,,,,,,,,,,,,,,,,,,,,,,,
2025,3,0.0,2025_03_DET_BAL,Baltimore Ravens,Baylor Cupp,TE,00-0039316,1.0,0.0,0.0,0.0,0.0,0.0,0.0,0.0,0.0,0.0,0.0,0.0,0.0,72.0,45.39,23.09,344.5,114.2,1.922166927889669,0.4857344404046944,1.1347087086498406,0.0,0.0,baylor cupp,baylorcupp,bcupp,Baltimore Ravens,00-0039316,,,,,,,,,,,,,,,,,,,,,,,,,
2025,3,0.0,2025_03_DET_BAL,Baltimore Ravens,Charlie Kolar,TE,00-0038046,1.0,0.0,0.0,0.0,0.0,0.0,0.0,0.0,0.0,0.0,0.0,0.0,0.0,72.0,45.39,23.09,344.5,114.2,1.922166927889669,0.4857344404046944,1.1347087086498406,1.0,1.0,charlie kolar,charliekolar,ckolar,Baltimore Ravens,00-0038046,0.0,0.0,0.0,0.0,0.0,0.0,0.0,3.0,2.0,22.0,0.0,C.Kolar,BAL,team_norm & _alias_init_last,0.0,0.0,0.0,0.0,0.0,0.0,0.0,-3.0,-2.0,-22.0,0.0
2025,3,0.0,2025_03_DET_BAL,Baltimore Ravens,Zay Flowers,WR,00-0039064,1.0,0.0,0.0,0.0,0.0,0.0,0.0,0.0,11.39,7.94,77.9,0.44,0.3576,72.0,45.39,23.09,344.5,114.2,1.922166927889669,0.4857344404046944,1.1347087086498406,1.0,1.0,zay flowers,zayflowers,zflowers,Baltimore Ravens,,0.0,0.0,0.0,0.0,0.0,0.0,0.0,4.0,2.0,13.0,0.0,Z.Flowers,BAL,team_norm & _alias_init_last,0.0,0.0,0.0,0.0,0.0,0.0,0.0,7.390000000000001,5.94,64.9,0.44
2025,3,0.0,2025_03_DET_BAL,Baltimore Ravens,Rashod Bateman,WR,00-0036550,1.0,0.0,0.0,0.0,0.0,0.0,0.0,0.0,8.57,5.18,58.8,0.34,0.2891,72.0,45.39,23.09,344.5,114.2,1.922166927889669,0.4857344404046944,1.1347087086498406,1.0,1.0,rashod bateman,rashodbateman,rbateman,Baltimore Ravens,00-0036550,0.0,0.0,0.0,0.0,0.0,0.0,0.0,7.0,5.0,63.0,1.0,R.Bateman,BAL,team_norm & _alias_init_last,0.0,0.0,0.0,0.0,0.0,0.0,0.0,1.5700000000000003,0.17999999999999972,-4.200000000000003,-0.6599999999999999
2025,3,0.0,2025_03_DET_BAL,Baltimore Ravens,DeAndre Hopkins,WR,00-0030564,1.0,0.0,0.0,0.0,0.0,0.0,0.0,0.0,5.72,3.46,35.9,0.22,0.2007,72.0,45.39,23.09,344.5,114.2,1.922166927889669,0.4857344404046944,1.1347087086498406,1.0,1.0,deandre hopkins,deandrehopkins,dhopkins,Baltimore Ravens,00-0030564,0.0,0.0,0.0,0.0,0.0,0.0,0.0,3.0,1.0,13.0,0.0,D.Hopkins,BAL,team_norm & _alias_init_last,0.0,0.0,0.0,0.0,0.0,0.0,0.0,2.7199999999999998,2.46,22.9,0.22
2025,3,0.0,2025_03_DET_BAL,Baltimore Ravens,Devontez Walker,WR,00-0039792,1.0,0.0,0.0,0.0,0.0,0.0,0.0,0.0,0.0,0.0,0.0,0.0,0.0,72.0,45.39,23.09,344.5,114.2,1.922166927889669,0.4857344404046944,1.1347087086498406,1.0,1.0,devontez walker,devontezwalker,dwalker,Baltimore Ravens,00-0039792,0.0,0.0,0.0,0.0,0.0,0.0,0.0,1.0,1.0,34.0,0.0,D.Walker,BAL,team_norm & _alias_init_last,0.0,0.0,0.0,0.0,0.0,0.0,0.0,-1.0,-1.0,-34.0,0.0
2025,3,0.0,2025_03_DET_BAL,Baltimore Ravens,LaJohntay Wester,WR,00-0040075,1.0,0.0,0.0,0.0,0.0,0.0,0.0,0.0,0.0,0.0,0.0,0.0,0.0,72.0,45.39,23.09,344.5,114.2,1.922166927889669,0.4857344404046944,1.1347087086498406,1.0,1.0,lajohntay wester,lajohntaywester,lwester,Baltimore Ravens,00-0040075,,,,,,,,,,,,,,,,,,,,,,,,,
2025,3,0.0,2025_03_DET_BAL,Baltimore Ravens,Tylan Wallace,WR,00-0036630,1.0,0.0,0.0,0.0,0.0,0.0,0.0,0.0,0.0,0.0,0.0,0.0,0.0,72.0,45.39,23.09,344.5,114.2,1.922166927889669,0.4857344404046944,1.1347087086498406,1.0,1.0,tylan wallace,tylanwallace,twallace,Baltimore Ravens,00-0036630,0.0,0.0,0.0,0.0,0.0,0.0,0.0,1.0,0.0,0.0,0.0,T.Wallace,BAL,team_norm & _alias_init_last,0.0,0.0,0.0,0.0,0.0,0.0,0.0,-1.0,0.0,0.0,0.0
2025,3,0.0,2025_03_DET_BAL,Detroit Lions,Jared Goff,QB,00-0033106,1.0,34.43,247.2,1.64,0.79,4.38,17.5,0.08,0.0,0.0,0.0,0.0,0.0794,72.0,34.75,35.39,263.7,175.0,1.4416478025347506,0.6296680404630306,0.8687244552058111,1.0,1.0,jared goff,jaredgoff,jgoff,Detroit Lions,00-0033106,30.0,202.0,1.0,0.0,2.0,2.0,0.0,0.0,0.0,0.0,0.0,J.Goff,DET,team_norm & _alias_init_last,4.43,45.19999999999999,0.6399999999999999,0.79,2.38,15.5,0.08,0.0,0.0,0.0,0.0
2025,3,0.0,2025_03_DET_BAL,Detroit Lions,Jahmyr Gibbs,RB,00-0039139,1.0,0.0,0.0,0.0,0.0,19.93,85.7,0.45,4.26,2.81,20.0,0.18,0.4679,72.0,34.75,35.39,263.7,175.0,1.4416478025347506,0.6296680404630306,0.8687244552058111,1.0,1.0,jahmyr gibbs,jahmyrgibbs,jgibbs,Detroit Lions,00-0039139,0.0,0.0,0.0,0.0,22.0,67.0,2.0,7.0,5.0,32.0,0.0,J.Gibbs,DET,team_norm & _alias_init_last,0.0,0.0,0.0,0.0,-2.0700000000000003,18.700000000000003,-1.55,-2.74,-2.19,-12.0,0.18
2025,3,0.0,2025_03_DET_BAL,Detroit Lions,David Montgomery,RB,00-0035685,1.0,0.0,0.0,0.0,0.0,11.07,46.7,0.16,2.65,1.81,12.5,0.11,0.2354,72.0,34.75,35.39,263.7,175.0,1.4416478025347506,0.6296680404630306,0.8687244552058111,1.0,1.0,david montgomery,davidmontgomery,dmontgomery,Detroit Lions,00-0035685,0.0,0.0,0.0,0.0,13.0,151.0,2.0,1.0,1.0,13.0,0.0,D.Montgomery,DET,team_norm & _alias_init_last,0.0,0.0,0.0,0.0,-1.9299999999999997,-104.3,-1.84,1.65,0.81,-0.5,0.11
2025,3,0.0,2025_03_DET_BAL,Detroit Lions,Jacob Saylors,RB,00-0038896,1.0,0.0,0.0,0.0,0.0,0.0,0.0,0.0,0.0,0.0,0.0,0.0,0.0,72.0,34.75,35.39,263.7,175.0,1.4416478025347506,0.6296680404630306,0.8687244552058111,1.0,1.0,jacob saylors,jacobsaylors,jsaylors,Detroit Lions,00-0038896,,,,,,,,,,,,,,,,,,,,,,,,,
2025,3,0.0,2025_03_DET_BAL,Detroit Lions,Sione Vaki,RB,00-0039364,1.0,0.0,0.0,0.0,0.0,0.0,0.0,0.0,0.0,0.0,0.0,0.0,0.0,72.0,34.75,35.39,263.7,175.0,1.4416478025347506,0.6296680404630306,0.8687244552058111,1.0,1.0,sione vaki,sionevaki,svaki,Detroit Lions,00-0039364,,,,,,,,,,,,,,,,,,,,,,,,,
2025,3,0.0,2025_03_DET_BAL,Detroit Lions,Sam LaPorta,TE,00-0039065,1.0,0.0,0.0,0.0,0.0,0.0,0.0,0.0,5.83,3.52,30.8,0.23,0.2033,72.0,34.75,35.39,263.7,175.0,1.4416478025347506,0.6296680404630306,0.8687244552058111,1.0,1.0,sam laporta,samlaporta,slaporta,Detroit Lions,00-0039065,0.0,0.0,0.0,0.0,0.0,0.0,0.0,4.0,4.0,33.0,0.0,S.LaPorta,DET,team_norm & _alias_init_last,0.0,0.0,0.0,0.0,0.0,0.0,0.0,1.83,-0.48,-2.1999999999999993,0.23
2025,3,0.0,2025_03_DET_BAL,Detroit Lions,Brock Wright,TE,00-0036754,1.0,0.0,0.0,0.0,0.0,0.0,0.0,0.0,3.01,1.82,16.9,0.12,0.1121,72.0,34.75,35.39,263.7,175.0,1.4416478025347506,0.6296680404630306,0.8687244552058111,1.0,1.0,brock wright,brockwright,bwright,Detroit Lions,00-0036754,,,,,,,,,,,,,,,,,,,,,,,,,
2025,3,0.0,2025_03_DET_BAL,Detroit Lions,Anthony Firkser,TE,00-0033455,1.0,0.0,0.0,0.0,0.0,0.0,0.0,0.0,0.0,0.0,0.0,0.0,0.0,72.0,34.75,35.39,263.7,175.0,1.4416478025347506,0.6296680404630306,0.8687244552058111,0.0,0.0,anthony firkser,anthonyfirkser,afirkser,Detroit Lions,00-0033455,,,,,,,,,,,,,,,,,,,,,,,,,
2025,3,0.0,2025_03_DET_BAL,Detroit Lions,Giovanni Ricci,TE,00-0035956,1.0,0.0,0.0,0.0,0.0,0.0,0.0,0.0,0.0,0.0,0.0,0.0,0.0,72.0,34.75,35.39,263.7,175.0,1.4416478025347506,0.6296680404630306,0.8687244552058111,0.0,0.0,giovanni ricci,giovanniricci,gricci,Detroit Lions,00-0035956,,,,,,,,,,,,,,,,,,,,,,,,,
2025,3,0.0,2025_03_DET_BAL,Detroit Lions,Amon-Ra St. Brown,WR,00-0036963,1.0,0.0,0.0,0.0,0.0,0.0,0.0,0.0,8.42,6.15,48.1,0.34,0.2909,72.0,34.75,35.39,263.7,175.0,1.4416478025347506,0.6296680404630306,0.8687244552058111,1.0,1.0,amon-ra st. brown,amonrastbrown,astbrown,Detroit Lions,00-0036963,0.0,0.0,0.0,0.0,0.0,0.0,0.0,8.0,7.0,77.0,1.0,A.St. Brown,DET,team_norm & _alias_init_last,0.0,0.0,0.0,0.0,0.0,0.0,0.0,0.41999999999999993,-0.8499999999999996,-28.9,-0.6599999999999999
2025,3,0.0,2025_03_DET_BAL,Detroit Lions,Jameson Williams,WR,00-0037240,1.0,0.0,0.0,0.0,0.0,0.0,0.0,0.0,6.34,3.77,38.4,0.24,0.2155,72.0,34.75,35.39,263.7,175.0,1.4416478025347506,0.6296680404630306,0.8687244552058111,1.0,1.0,jameson williams,jamesonwilliams,jwilliams,Detroit Lions,00-0037240,0.0,0.0,0.0,0.0,0.0,0.0,0.0,3.0,2.0,43.0,0.0,J.Williams,DET,team_norm & _alias_init_last,0.0,0.0,0.0,0.0,0.0,0.0,0.0,3.34,1.77,-4.600000000000001,0.24
2025,3,0.0,2025_03_DET_BAL,Detroit Lions,Kalif Raymond,WR,00-0032464,1.0,0.0,0.0,0.0,0.0,0.0,0.0,0.0,4.23,3.05,24.6,0.16,0.1501,72.0,34.75,35.39,263.7,175.0,1.4416478025347506,0.6296680404630306,0.8687244552058111,1.0,1.0,kalif raymond,kalifraymond,kraymond,Detroit Lions,00-0032464,0.0,0.0,0.0,0.0,0.0,0.0,0.0,2.0,1.0,4.0,0.0,K.Raymond,DET,team_norm & _alias_init_last,0.0,0.0,0.0,0.0,0.0,0.0,0.0,2.2300000000000004,2.05,20.6,0.16
2025,3,0.0,2025_03_DET_BAL,Detroit Lions,Andrew Armstrong,WR,00-0040298,1.0,0.0,0.0,0.0,0.0,0.0,0.0,0.0,0.0,0.0,0.0,0.0,0.0,72.0,34.75,35.39,263.7,175.0,1.4416478025347506,0.6296680404630306,0.8687244552058111,0.0,0.0,andrew armstrong,andrewarmstrong,aarmstrong,Detroit Lions,00-0040298,,,,,,,,,,,,,,,,,,,,,,,,,
2025,3,0.0,2025_03_DET_BAL,Detroit Lions,Dominic Lovett,WR,00-0040241,1.0,0.0,0.0,0.0,0.0,0.0,0.0,0.0,0.0,0.0,0.0,0.0,0.0,72.0,34.75,35.39,263.7,175.0,1.4416478025347506,0.6296680404630306,0.8687244552058111,1.0,1.0,dominic lovett,dominiclovett,dlovett,Detroit Lions,00-0040241,,,,,,,,,,,,,,,,,,,,,,,,,
2025,3,0.0,2025_03_DET_BAL,Detroit Lions,Isaac TeSlaa,WR,00-0040669,1.0,0.0,0.0,0.0,0.0,0.0,0.0,0.0,0.0,0.0,0.0,0.0,0.0,72.0,34.75,35.39,263.7,175.0,1.4416478025347506,0.6296680404630306,0.8687244552058111,1.0,1.0,isaac teslaa,isaacteslaa,iteslaa,Detroit Lions,00-0040669,0.0,0.0,0.0,0.0,0.0,0.0,0.0,2.0,0.0,0.0,0.0,I.TeSlaa,DET,team_norm & _alias_init_last,0.0,0.0,0.0,0.0,0.0,0.0,0.0,-2.0,0.0,0.0,0.0
2025,3,0.0,2025_03_GB_CLE,Cleveland Browns,Quinshon Judkins,RB,00-0040784,1.0,0.0,0.0,0.0,0.0,12.21,39.1,0.49,5.67,3.49,23.5,0.35,0.5685,72.0,47.21,21.6,264.9,78.9,3.066803043493996,0.733111197219154,1.1803010599613153,1.0,1.0,quinshon judkins,quinshonjudkins,qjudkins,Cleveland Browns,00-0040784,0.0,0.0,0.0,0.0,19.0,94.0,1.0,2.0,1.0,1.0,0.0,Q.Judkins,CLE,team_norm & _alias_init_last,0.0,0.0,0.0,0.0,-6.789999999999999,-54.9,-0.51,3.67,2.49,22.5,0.35
2025,3,0.0,2025_03_GB_CLE,Cleveland Browns,Jerome Ford,RB,00-0037267,1.0,0.0,0.0,0.0,0.0,6.78,21.7,0.17,3.53,2.26,11.7,0.22,0.323,72.0,47.21,21.6,264.9,78.9,3.066803043493996,0.733111197219154,1.1803010599613153,1.0,1.0,jerome ford,jeromeford,jford,Cleveland Browns,00-0037267,0.0,0.0,0.0,0.0,0.0,0.0,0.0,5.0,4.0,10.0,0.0,J.Ford,CLE,team_norm & _alias_init_last,0.0,0.0,0.0,0.0,6.78,21.7,0.17,-1.4700000000000002,-1.7400000000000002,1.6999999999999993,0.22
2025,3,0.0,2025_03_GB_CLE,Cleveland Browns,Dylan Sampson,RB,00-0040162,1.0,0.0,0.0,0.0,0.0,0.0,0.0,0.0,0.0,0.0,0.0,0.0,0.0,72.0,47.21,21.6,264.9,78.9,3.066803043493996,0.733111197219154,1.1803010599613153,1.0,1.0,dylan sampson,dylansampson,dsampson,Cleveland Browns,00-0040162,0.0,0.0,0.0,0.0,1.0,2.0,0.0,0.0,0.0,0.0,0.0,D.Sampson,CLE,team_norm & _alias_init_last,0.0,0.0,0.0,0.0,-1.0,-2.0,0.0,0.0,0.0,0.0,0.0
2025,3,0.0,2025_03_GB_CLE,Cleveland Browns,David Njoku,TE,00-0033885,1.0,0.0,0.0,0.0,0.0,0.0,0.0,0.0,8.28,4.43,31.2,0.5,0.3957,72.0,47.21,21.6,264.9,78.9,3.066803043493996,0.733111197219154,1.1803010599613153,1.0,1.0,david njoku,davidnjoku,dnjoku,Cleveland Browns,00-0033885,0.0,0.0,0.0,0.0,0.0,0.0,0.0,8.0,5.0,40.0,0.0,D.Njoku,CLE,team_norm & _alias_init_last,0.0,0.0,0.0,0.0,0.0,0.0,0.0,0.27999999999999936,-0.5700000000000003,-8.8,0.5
2025,3,0.0,2025_03_GB_CLE,Cleveland Browns,Harold Fannin Jr.,TE,00-0040663,1.0,0.0,0.0,0.0,0.0,0.0,0.0,0.0,4.28,2.26,16.8,0.25,0.2198,72.0,47.21,21.6,264.9,78.9,3.066803043493996,0.733111197219154,1.1803010599613153,1.0,1.0,harold fannin jr.,haroldfanninjr,hfannin,Cleveland Browns,00-0040663,0.0,0.0,0.0,0.0,0.0,0.0,0.0,5.0,3.0,25.0,0.0,H.Fannin,CLE,team_norm & _alias_init_last,0.0,0.0,0.0,0.0,0.0,0.0,0.0,-0.7199999999999998,-0.7400000000000002,-8.2,0.25
2025,3,0.0,2025_03_GB_CLE,Cleveland Browns,Blake Whiteheart,TE,00-0038710,1.0,0.0,0.0,0.0,0.0,0.0,0.0,0.0,0.0,0.0,0.0,0.0,0.0,72.0,47.21,21.6,264.9,78.9,3.066803043493996,0.733111197219154,1.1803010599613153,1.0,1.0,blake whiteheart,blakewhiteheart,bwhiteheart,Cleveland Browns,00-0038710,,,,,,,,,,,,,,,,,,,,,,,,,
2025,3,0.0,2025_03_GB_CLE,Cleveland Browns,Brenden Bates,TE,00-0039458,1.0,0.0,0.0,0.0,0.0,0.0,0.0,0.0,0.0,0.0,0.0,0.0,0.0,72.0,47.21,21.6,264.9,78.9,3.066803043493996,0.733111197219154,1.1803010599613153,0.0,0.0,brenden bates,brendenbates,bbates,Cleveland Browns,00-0039458,,,,,,,,,,,,,,,,,,,,,,,,,
2025,3,0.0,2025_03_GB_CLE,Cleveland Browns,Caden Prieskorn,TE,00-0040392,1.0,0.0,0.0,0.0,0.0,0.0,0.0,0.0,0.0,0.0,0.0,0.0,0.0,72.0,47.21,21.6,264.9,78.9,3.066803043493996,0.733111197219154,1.1803010599613153,0.0,0.0,caden prieskorn,cadenprieskorn,cprieskorn,Cleveland Browns,00-0040392,,,,,,,,,,,,,,,,,,,,,,,,,
2025,3,0.0,2025_03_GB_CLE,Cleveland Browns,Jerry Jeudy,WR,00-0036407,1.0,0.0,0.0,0.0,0.0,0.0,0.0,0.0,11.29,6.78,50.9,0.68,0.4914,72.0,47.21,21.6,264.9,78.9,3.066803043493996,0.733111197219154,1.1803010599613153,1.0,1.0,jerry jeudy,jerryjeudy,jjeudy,Cleveland Browns,00-0036407,0.0,0.0,0.0,0.0,0.0,0.0,0.0,6.0,1.0,17.0,0.0,J.Jeudy,CLE,team_norm & _alias_init_last,0.0,0.0,0.0,0.0,0.0,0.0,0.0,5.289999999999999,5.78,33.9,0.68
2025,3,0.0,2025_03_GB_CLE,Cleveland Browns,Cedric Tillman,WR,00-0038979,1.0,0.0,0.0,0.0,0.0,0.0,0.0,0.0,8.5,4.46,38.9,0.53,0.4101,72.0,47.21,21.6,264.9,78.9,3.066803043493996,0.733111197219154,1.1803010599613153,1.0,1.0,cedric tillman,cedrictillman,ctillman,Cleveland Browns,00-0038979,0.0,0.0,0.0,0.0,0.0,0.0,0.0,6.0,3.0,26.0,0.0,C.Tillman,CLE,team_norm & _alias_init_last,0.0,0.0,0.0,0.0,0.0,0.0,0.0,2.5,1.46,12.899999999999999,0.53
2025,3,0.0,2025_03_GB_CLE,Cleveland Browns,Isaiah Bond,WR,00-0040782,1.0,0.0,0.0,0.0,0.0,0.0,0.0,0.0,5.67,2.8,30.6,0.35,0.2937,72.0,47.21,21.6,264.9,78.9,3.066803043493996,0.733111197219154,1.1803010599613153,1.0,1.0,isaiah bond,isaiahbond,ibond,Cleveland Browns,00-0040782,0.0,0.0,0.0,0.0,0.0,0.0,0.0,4.0,2.0,16.0,0.0,I.Bond,CLE,team_norm & _alias_init_last,0.0,0.0,0.0,0.0,0.0,0.0,0.0,1.67,0.7999999999999998,14.600000000000001,0.35
2025,3,0.0,2025_03_GB_CLE,Cleveland Browns,Chase Cota,WR,00-0038651,1.0,0.0,0.0,0.0,0.0,0.0,0.0,0.0,0.0,0.0,0.0,0.0,0.0,72.0,47.21,21.6,264.9,78.9,3.066803043493996,0.733111197219154,1.1803010599613153,0.0,0.0,chase cota,chasecota,ccota,Cleveland Browns,00-0038651,,,,,,,,,,,,,,,,,,,,,,,,,
2025,3,0.0,2025_03_GB_CLE,Cleveland Browns,DeAndre Carter,WR,00-0031763,1.0,0.0,0.0,0.0,0.0,0.0,0.0,0.0,0.0,0.0,0.0,0.0,0.0,72.0,47.21,21.6,264.9,78.9,3.066803043493996,0.733111197219154,1.1803010599613153,1.0,1.0,deandre carter,deandrecarter,dcarter,Cleveland Browns,00-0031763,,,,,,,,,,,,,,,,,,,,,,,,,
2025,3,0.0,2025_03_GB_CLE,Cleveland Browns,Jamari Thrash,WR,00-0039379,1.0,0.0,0.0,0.0,0.0,0.0,0.0,0.0,0.0,0.0,0.0,0.0,0.0,72.0,47.21,21.6,264.9,78.9,3.066803043493996,0.733111197219154,1.1803010599613153,1.0,1.0,jamari thrash,jamarithrash,jthrash,Cleveland Browns,00-0039379,0.0,0.0,0.0,0.0,0.0,0.0,0.0,3.0,2.0,7.0,0.0,J.Thrash,CLE,team_norm & _alias_init_last,0.0,0.0,0.0,0.0,0.0,0.0,0.0,-3.0,-2.0,-7.0,0.0
2025,3,0.0,2025_03_GB_CLE,Cleveland Browns,Kaden Davis,WR,00-0037380,1.0,0.0,0.0,0.0,0.0,0.0,0.0,0.0,0.0,0.0,0.0,0.0,0.0,72.0,47.21,21.6,264.9,78.9,3.066803043493996,0.733111197219154,1.1803010599613153,1.0,1.0,kaden davis,kadendavis,kdavis,Cleveland Browns,00-0037380,,,,,,,,,,,,,,,,,,,,,,,,,
2025,3,0.0,2025_03_GB_CLE,Green Bay Packers,Jordan Love,QB,00-0036264,1.0,35.16,210.6,1.71,0.86,3.25,9.6,0.08,0.0,0.0,0.0,0.0,0.0782,72.0,37.71,31.64,223.2,122.0,1.6534910480524485,0.7547837142493834,0.9428597191936622,1.0,1.0,jordan love,jordanlove,jlove,Green Bay Packers,00-0036264,35.0,183.0,1.0,1.0,2.0,15.0,0.0,0.0,0.0,0.0,0.0,J.Love,GB,team_norm & _alias_init_last,0.1599999999999966,27.599999999999994,0.71,-0.14,1.25,-5.4,0.08,0.0,0.0,0.0,0.0
2025,3,0.0,2025_03_GB_CLE,Green Bay Packers,Josh Jacobs,RB,00-0035700,1.0,0.0,0.0,0.0,0.0,18.25,60.7,0.53,4.5,2.98,16.8,0.2,0.5167,72.0,37.71,31.64,223.2,122.0,1.6534910480524485,0.7547837142493834,0.9428597191936622,1.0,1.0,josh jacobs,joshjacobs,jjacobs,Green Bay Packers,00-0035700,0.0,0.0,0.0,0.0,16.0,30.0,0.0,9.0,5.0,44.0,0.0,J.Jacobs,GB,team_norm & _alias_init_last,0.0,0.0,0.0,0.0,2.25,30.700000000000003,0.53,-4.5,-2.02,-27.2,0.2
2025,3,0.0,2025_03_GB_CLE,Green Bay Packers,Emanuel Wilson,RB,00-0038797,1.0,0.0,0.0,0.0,0.0,10.14,34.9,0.19,2.8,1.78,12.4,0.12,0.271,72.0,37.71,31.64,223.2,122.0,1.6534910480524485,0.7547837142493834,0.9428597191936622,1.0,1.0,emanuel wilson,emanuelwilson,ewilson,Green Bay Packers,00-0038797,0.0,0.0,0.0,0.0,6.0,25.0,0.0,0.0,0.0,0.0,0.0,E.Wilson,GB,team_norm & _alias_init_last,0.0,0.0,0.0,0.0,4.140000000000001,9.899999999999999,0.19,2.8,1.78,12.4,0.12
2025,3,0.0,2025_03_GB_CLE,Green Bay Packers,Chris Brooks,RB,00-0038685,1.0,0.0,0.0,0.0,0.0,0.0,0.0,0.0,0.0,0.0,0.0,0.0,0.0,72.0,37.71,31.64,223.2,122.0,1.6534910480524485,0.7547837142493834,0.9428597191936622,1.0,1.0,chris brooks,chrisbrooks,cbrooks,Green Bay Packers,00-0038685,,,,,,,,,,,,,,,,,,,,,,,,,
2025,3,0.0,2025_03_GB_CLE,Green Bay Packers,Tucker Kraft,TE,00-0038996,1.0,0.0,0.0,0.0,0.0,0.0,0.0,0.0,6.45,3.7,24.7,0.28,0.2448,72.0,37.71,31.64,223.2,122.0,1.6534910480524485,0.7547837142493834,0.9428597191936622,1.0,1.0,tucker kraft,tuckerkraft,tkraft,Green Bay Packers,00-0038996,0.0,0.0,0.0,0.0,0.0,0.0,0.0,4.0,3.0,29.0,0.0,T.Kraft,GB,team_norm & _alias_init_last,0.0,0.0,0.0,0.0,0.0,0.0,0.0,2.45,0.7000000000000002,-4.300000000000001,0.28
2025,3,0.0,2025_03_GB_CLE,Green Bay Packers,John FitzPatrick,TE,00-0037306,1.0,0.0,0.0,0.0,0.0,0.0,0.0,0.0,3.33,1.95,16.7,0.14,0.1345,72.0,37.71,31.64,223.2,122.0,1.6534910480524485,0.7547837142493834,0.9428597191936622,1.0,1.0,john fitzpatrick,johnfitzpatrick,jfitzpatrick,Green Bay Packers,00-0037306,0.0,0.0,0.0,0.0,0.0,0.0,0.0,2.0,2.0,12.0,1.0,J.FitzPatrick,GB,team_norm & _alias_init_last,0.0,0.0,0.0,0.0,0.0,0.0,0.0,1.33,-0.050000000000000044,4.699999999999999,-0.86
2025,3,0.0,2025_03_GB_CLE,Green Bay Packers,Drake Dabney,TE,00-0040628,1.0,0.0,0.0,0.0,0.0,0.0,0.0,0.0,0.0,0.0,0.0,0.0,0.0,72.0,37.71,31.64,223.2,122.0,1.6534910480524485,0.7547837142493834,0.9428597191936622,0.0,0.0,drake dabney,drakedabney,ddabney,Green Bay Packers,00-0040628,,,,,,,,,,,,,,,,,,,,,,,,,
2025,3,0.0,2025_03_GB_CLE,Green Bay Packers,Johnny Lumpkin,TE,00-0038913,1.0,0.0,0.0,0.0,0.0,0.0,0.0,0.0,0.0,0.0,0.0,0.0,0.0,72.0,37.71,31.64,223.2,122.0,1.6534910480524485,0.7547837142493834,0.9428597191936622,0.0,0.0,johnny lumpkin,johnnylumpkin,jlumpkin,Green Bay Packers,00-0038913,,,,,,,,,,,,,,,,,,,,,,,,,
2025,3,0.0,2025_03_GB_CLE,Green Bay Packers,Luke Musgrave,TE,00-0039144,1.0,0.0,0.0,0.0,0.0,0.0,0.0,0.0,0.0,0.0,0.0,0.0,0.0,72.0,37.71,31.64,223.2,122.0,1.6534910480524485,0.7547837142493834,0.9428597191936622,1.0,1.0,luke musgrave,lukemusgrave,lmusgrave,Green Bay Packers,00-0039144,,,,,,,,,,,,,,,,,,,,,,,,,
2025,3,0.0,2025_03_GB_CLE,Green Bay Packers,Matthew Golden,WR,00-0040667,1.0,0.0,0.0,0.0,0.0,0.0,0.0,0.0,9.15,6.04,60.1,0.37,0.3084,72.0,37.71,31.64,223.2,122.0,1.6534910480524485,0.7547837142493834,0.9428597191936622,1.0,1.0,matthew golden,matthewgolden,mgolden,Green Bay Packers,00-0040667,0.0,0.0,0.0,0.0,3.0,9.0,0.0,4.0,4.0,52.0,0.0,M.Golden,GB,team_norm & _alias_init_last,0.0,0.0,0.0,0.0,-3.0,-9.0,0.0,5.15,2.04,8.100000000000001,0.37
2025,3,0.0,2025_03_GB_CLE,Green Bay Packers,Romeo Doubs,WR,00-0037816,1.0,0.0,0.0,0.0,0.0,0.0,0.0,0.0,6.89,4.28,33.4,0.3,0.2566,72.0,37.71,31.64,223.2,122.0,1.6534910480524485,0.7547837142493834,0.9428597191936622,1.0,1.0,romeo doubs,romeodoubs,rdoubs,Green Bay Packers,00-0037816,0.0,0.0,0.0,0.0,0.0,0.0,0.0,4.0,2.0,25.0,0.0,R.Doubs,GB,team_norm & _alias_init_last,0.0,0.0,0.0,0.0,0.0,0.0,0.0,2.8899999999999997,2.2800000000000002,8.399999999999999,0.3
2025,3,0.0,2025_03_GB_CLE,Green Bay Packers,Dontayvion Wicks,WR,00-0038393,1.0,0.0,0.0,0.0,0.0,0.0,0.0,0.0,4.6,2.64,22.1,0.19,0.1746,72.0,37.71,31.64,223.2,122.0,1.6534910480524485,0.7547837142493834,0.9428597191936622,1.0,1.0,dontayvion wicks,dontayvionwicks,dwicks,Green Bay Packers,00-0038393,0.0,0.0,0.0,0.0,0.0,0.0,0.0,5.0,2.0,21.0,0.0,D.Wicks,GB,team_norm & _alias_init_last,0.0,0.0,0.0,0.0,0.0,0.0,0.0,-0.40000000000000036,0.6400000000000001,1.1000000000000014,0.19
2025,3,0.0,2025_03_GB_CLE,Green Bay Packers,Savion Williams,WR,00-0040009,1.0,0.0,0.0,0.0,0.0,0.0,0.0,0.0,0.0,0.0,0.0,0.0,0.0,72.0,37.71,31.64,223.2,122.0,1.6534910480524485,0.7547837142493834,0.9428597191936622,1.0,1.0,savion williams,savionwilliams,swilliams,Green Bay Packers,00-0040009,0.0,0.0,0.0,0.0,2.0,-1.0,0.0,0.0,0.0,0.0,0.0,S.Williams,GB,team_norm & _alias_init_last,0.0,0.0,0.0,0.0,-2.0,1.0,0.0,0.0,0.0,0.0,0.0
2025,3,0.0,2025_03_HOU_JAX,Houston Texans,C.J. Stroud,QB,00-0039163,1.0,35.61,205.4,2.19,0.85,3.47,10.1,0.13,0.0,0.0,0.0,0.0,0.1249,60.0,37.32,20.0,209.4,73.1,2.595588113546155,0.7272940313727196,0.9330713286713288,1.0,1.0,c.j. stroud,cjstroud,cstroud,Houston Texans,00-0039163,45.0,204.0,1.0,2.0,0.0,0.0,0.0,0.0,0.0,0.0,0.0,C.Stroud,HOU,team_norm & _alias_init_last,-9.39,1.4000000000000057,1.19,-1.15,3.47,10.1,0.13,0.0,0.0,0.0,0.0
2025,3,0.0,2025_03_HOU_JAX,Houston Texans,Nick Chubb,RB,00-0034791,1.0,0.0,0.0,0.0,0.0,10.62,32.9,0.45,4.35,2.57,16.5,0.29,0.5255,60.0,37.32,20.0,209.4,73.1,2.595588113546155,0.7272940313727196,0.9330713286713288,1.0,1.0,nick chubb,nickchubb,nchubb,Houston Texans,00-0034791,0.0,0.0,0.0,0.0,9.0,38.0,0.0,4.0,3.0,2.0,0.0,N.Chubb,HOU,team_norm & _alias_init_last,0.0,0.0,0.0,0.0,1.6199999999999992,-5.100000000000001,0.45,0.34999999999999964,-0.43000000000000016,14.5,0.29
2025,3,0.0,2025_03_HOU_JAX,Houston Texans,Woody Marks,RB,00-0040583,1.0,0.0,0.0,0.0,0.0,5.9,18.7,0.17,2.71,1.56,10.5,0.2,0.3036,60.0,37.32,20.0,209.4,73.1,2.595588113546155,0.7272940313727196,0.9330713286713288,1.0,1.0,woody marks,woodymarks,wmarks,Houston Texans,,0.0,0.0,0.0,0.0,6.0,27.0,0.0,2.0,1.0,9.0,0.0,W.Marks,HOU,team_norm & _alias_init_last,0.0,0.0,0.0,0.0,-0.09999999999999964,-8.3,0.17,0.71,0.56,1.5,0.2
2025,3,0.0,2025_03_HOU_JAX,Houston Texans,Dare Ogunbowale,RB,00-0033854,1.0,0.0,0.0,0.0,0.0,0.0,0.0,0.0,0.0,0.0,0.0,0.0,0.0,60.0,37.32,20.0,209.4,73.1,2.595588113546155,0.7272940313727196,0.9330713286713288,1.0,1.0,dare ogunbowale,dareogunbowale,dogunbowale,Houston Texans,,,,,,,,,,,,,,,,,,,,,,,,,,
2025,3,0.0,2025_03_HOU_JAX,Houston Texans,Dalton Schultz,TE,00-0034383,1.0,0.0,0.0,0.0,0.0,0.0,0.0,0.0,6.11,3.47,21.8,0.38,0.3177,60.0,37.32,20.0,209.4,73.1,2.595588113546155,0.7272940313727196,0.9330713286713288,1.0,1.0,dalton schultz,daltonschultz,dschultz,Houston Texans,00-0034383,0.0,0.0,0.0,0.0,0.0,0.0,0.0,6.0,5.0,39.0,0.0,D.Schultz,HOU,team_norm & _alias_init_last,0.0,0.0,0.0,0.0,0.0,0.0,0.0,0.11000000000000032,-1.5299999999999998,-17.2,0.38
2025,3,0.0,2025_03_HOU_JAX,Houston Texans,Harrison Bryant,TE,00-0036232,1.0,0.0,0.0,0.0,0.0,0.0,0.0,0.0,3.16,1.71,11.8,0.21,0.1884,60.0,37.32,20.0,209.4,73.1,2.595588113546155,0.7272940313727196,0.9330713286713288,1.0,1.0,harrison bryant,harrisonbryant,hbryant,Houston Texans,00-0036232,,,,,,,,,,,,,,,,,,,,,,,,,
2025,3,0.0,2025_03_HOU_JAX,Houston Texans,Dalton Keene,TE,00-0036225,1.0,0.0,0.0,0.0,0.0,0.0,0.0,0.0,0.0,0.0,0.0,0.0,0.0,60.0,37.32,20.0,209.4,73.1,2.595588113546155,0.7272940313727196,0.9330713286713288,0.0,0.0,dalton keene,daltonkeene,dkeene,Houston Texans,00-0036225,,,,,,,,,,,,,,,,,,,,,,,,,
2025,3,0.0,2025_03_HOU_JAX,Houston Texans,Nico Collins,WR,00-0036554,1.0,0.0,0.0,0.0,0.0,0.0,0.0,0.0,9.31,5.77,39.9,0.61,0.4585,60.0,37.32,20.0,209.4,73.1,2.595588113546155,0.7272940313727196,0.9330713286713288,1.0,1.0,nico collins,nicocollins,ncollins,Houston Texans,00-0036554,0.0,0.0,0.0,0.0,0.0,0.0,0.0,11.0,8.0,104.0,1.0,N.Collins,HOU,team_norm & _alias_init_last,0.0,0.0,0.0,0.0,0.0,0.0,0.0,-1.6899999999999995,-2.2300000000000004,-64.1,-0.39
2025,3,0.0,2025_03_HOU_JAX,Houston Texans,Christian Kirk,WR,00-0034775,1.0,0.0,0.0,0.0,0.0,0.0,0.0,0.0,7.01,4.34,30.1,0.46,0.368,60.0,37.32,20.0,209.4,73.1,2.595588113546155,0.7272940313727196,0.9330713286713288,1.0,1.0,christian kirk,christiankirk,ckirk,Houston Texans,00-0034775,0.0,0.0,0.0,0.0,0.0,0.0,0.0,8.0,3.0,25.0,0.0,C.Kirk,HOU,team_norm & _alias_init_last,0.0,0.0,0.0,0.0,0.0,0.0,0.0,-0.9900000000000002,1.3399999999999999,5.100000000000001,0.46
2025,3,0.0,2025_03_HOU_JAX,Houston Texans,Xavier Hutchinson,WR,00-0038618,1.0,0.0,0.0,0.0,0.0,0.0,0.0,0.0,4.67,2.55,21.5,0.3,0.2602,60.0,37.32,20.0,209.4,73.1,2.595588113546155,0.7272940313727196,0.9330713286713288,1.0,1.0,xavier hutchinson,xavierhutchinson,xhutchinson,Houston Texans,00-0038618,0.0,0.0,0.0,0.0,0.0,0.0,0.0,5.0,3.0,16.0,0.0,X.Hutchinson,HOU,team_norm & _alias_init_last,0.0,0.0,0.0,0.0,0.0,0.0,0.0,-0.33000000000000007,-0.4500000000000002,5.5,0.3
2025,3,0.0,2025_03_HOU_JAX,Houston Texans,Braxton Berrios,WR,00-0034419,1.0,0.0,0.0,0.0,0.0,0.0,0.0,0.0,0.0,0.0,0.0,0.0,0.0,60.0,37.32,20.0,209.4,73.1,2.595588113546155,0.7272940313727196,0.9330713286713288,0.0,0.0,braxton berrios,braxtonberrios,bberrios,Houston Texans,00-0034419,,,,,,,,,,,,,,,,,,,,,,,,,
2025,3,0.0,2025_03_HOU_JAX,Houston Texans,Daniel Jackson,WR,00-0040412,1.0,0.0,0.0,0.0,0.0,0.0,0.0,0.0,0.0,0.0,0.0,0.0,0.0,60.0,37.32,20.0,209.4,73.1,2.595588113546155,0.7272940313727196,0.9330713286713288,0.0,0.0,daniel jackson,danieljackson,djackson,Houston Texans,00-0040412,,,,,,,,,,,,,,,,,,,,,,,,,
2025,3,0.0,2025_03_HOU_JAX,Houston Texans,Jayden Higgins,WR,00-0040130,1.0,0.0,0.0,0.0,0.0,0.0,0.0,0.0,0.0,0.0,0.0,0.0,0.0,60.0,37.32,20.0,209.4,73.1,2.595588113546155,0.7272940313727196,0.9330713286713288,1.0,1.0,jayden higgins,jaydenhiggins,jhiggins,Houston Texans,00-0040130,0.0,0.0,0.0,0.0,0.0,0.0,0.0,1.0,1.0,5.0,0.0,J.Higgins,HOU,team_norm & _alias_init_last,0.0,0.0,0.0,0.0,0.0,0.0,0.0,-1.0,-1.0,-5.0,0.0
2025,3,0.0,2025_03_HOU_JAX,Houston Texans,Jaylin Noel,WR,00-0040138,1.0,0.0,0.0,0.0,0.0,0.0,0.0,0.0,0.0,0.0,0.0,0.0,0.0,60.0,37.32,20.0,209.4,73.1,2.595588113546155,0.7272940313727196,0.9330713286713288,1.0,1.0,jaylin noel,jaylinnoel,jnoel,Houston Texans,00-0040138,0.0,0.0,0.0,0.0,0.0,0.0,0.0,1.0,1.0,4.0,0.0,J.Noel,HOU,team_norm & _alias_init_last,0.0,0.0,0.0,0.0,0.0,0.0,0.0,-1.0,-1.0,-4.0,0.0
2025,3,0.0,2025_03_HOU_JAX,Jacksonville Jaguars,Trevor Lawrence,QB,00-0036971,1.0,39.32,272.4,2.0,0.98,3.99,14.4,0.11,0.0,0.0,0.0,0.0,0.1051,72.0,43.06,26.37,326.8,130.4,2.4135992557313903,0.6391210192364141,1.0764795261076952,1.0,1.0,trevor lawrence,trevorlawrence,tlawrence,Jacksonville Jaguars,00-0036971,45.0,222.0,0.0,1.0,0.0,0.0,0.0,0.0,0.0,0.0,0.0,T.Lawrence,JAX,team_norm & _alias_init_last,-5.68,50.39999999999998,2.0,-0.020000000000000018,3.99,14.4,0.11,0.0,0.0,0.0,0.0
2025,3,0.0,2025_03_HOU_JAX,Jacksonville Jaguars,Travis Etienne Jr.,RB,,1.0,0.0,0.0,0.0,0.0,14.38,81.6,0.4,5.17,3.17,37.3,0.29,0.5002,72.0,43.06,26.37,326.8,130.4,2.4135992557313903,0.6391210192364141,1.0764795261076952,0.0,0.0,travis etienne jr.,travisetiennejr,tetienne,Jacksonville Jaguars,00-0036973,0.0,0.0,0.0,0.0,18.0,56.0,1.0,2.0,0.0,0.0,0.0,T.Etienne,JAX,team_norm & _alias_init_last,0.0,0.0,0.0,0.0,-3.619999999999999,25.599999999999994,-0.6,3.17,3.17,37.3,0.29
2025,3,0.0,2025_03_HOU_JAX,Jacksonville Jaguars,Bhayshul Tuten,RB,00-0040719,1.0,0.0,0.0,0.0,0.0,7.99,35.0,0.16,3.22,2.02,20.5,0.18,0.2906,72.0,43.06,26.37,326.8,130.4,2.4135992557313903,0.6391210192364141,1.0764795261076952,1.0,1.0,bhayshul tuten,bhayshultuten,btuten,Jacksonville Jaguars,00-0040719,0.0,0.0,0.0,0.0,6.0,21.0,1.0,1.0,0.0,0.0,0.0,B.Tuten,JAX,team_norm & _alias_init_last,0.0,0.0,0.0,0.0,1.9900000000000002,14.0,-0.84,2.22,2.02,20.5,0.18
2025,3,0.0,2025_03_HOU_JAX,Jacksonville Jaguars,LeQuint Allen Jr.,RB,00-0040238,1.0,0.0,0.0,0.0,0.0,0.0,0.0,0.0,0.0,0.0,0.0,0.0,0.0,72.0,43.06,26.37,326.8,130.4,2.4135992557313903,0.6391210192364141,1.0764795261076952,1.0,1.0,lequint allen jr.,lequintallenjr,lallen,Jacksonville Jaguars,00-0040238,0.0,0.0,0.0,0.0,0.0,0.0,0.0,1.0,1.0,9.0,0.0,L.Allen,JAX,team_norm & _alias_init_last,0.0,0.0,0.0,0.0,0.0,0.0,0.0,-1.0,-1.0,-9.0,0.0
2025,3,0.0,2025_03_HOU_JAX,Jacksonville Jaguars,Brenton Strange,TE,00-0038935,1.0,0.0,0.0,0.0,0.0,0.0,0.0,0.0,6.8,3.91,35.1,0.36,0.3009,72.0,43.06,26.37,326.8,130.4,2.4135992557313903,0.6391210192364141,1.0764795261076952,1.0,1.0,brenton strange,brentonstrange,bstrange,Jacksonville Jaguars,00-0038935,0.0,0.0,0.0,0.0,0.0,0.0,0.0,7.0,6.0,61.0,0.0,B.Strange,JAX,team_norm & _alias_init_last,0.0,0.0,0.0,0.0,0.0,0.0,0.0,-0.20000000000000018,-2.09,-25.9,0.36
2025,3,0.0,2025_03_HOU_JAX,Jacksonville Jaguars,Johnny Mundt,TE,00-0033246,1.0,0.0,0.0,0.0,0.0,0.0,0.0,0.0,3.52,2.01,17.6,0.18,0.1673,72.0,43.06,26.37,326.8,130.4,2.4135992557313903,0.6391210192364141,1.0764795261076952,1.0,1.0,johnny mundt,johnnymundt,jmundt,Jacksonville Jaguars,00-0033246,0.0,0.0,0.0,0.0,0.0,0.0,0.0,1.0,1.0,7.0,0.0,J.Mundt,JAX,team_norm & _alias_init_last,0.0,0.0,0.0,0.0,0.0,0.0,0.0,2.52,1.0099999999999998,10.600000000000001,0.18
2025,3,0.0,2025_03_HOU_JAX,Jacksonville Jaguars,Hunter Long,TE,00-0037004,1.0,0.0,0.0,0.0,0.0,0.0,0.0,0.0,0.0,0.0,0.0,0.0,0.0,72.0,43.06,26.37,326.8,130.4,2.4135992557313903,0.6391210192364141,1.0764795261076952,1.0,1.0,hunter long,hunterlong,hlong,Jacksonville Jaguars,00-0037004,0.0,0.0,0.0,0.0,0.0,0.0,0.0,3.0,2.0,12.0,0.0,H.Long,JAX,team_norm & _alias_init_last,0.0,0.0,0.0,0.0,0.0,0.0,0.0,-3.0,-2.0,-12.0,0.0
2025,3,0.0,2025_03_HOU_JAX,Jacksonville Jaguars,John Copenhaver,TE,00-0040327,1.0,0.0,0.0,0.0,0.0,0.0,0.0,0.0,0.0,0.0,0.0,0.0,0.0,72.0,43.06,26.37,326.8,130.4,2.4135992557313903,0.6391210192364141,1.0764795261076952,0.0,0.0,john copenhaver,johncopenhaver,jcopenhaver,Jacksonville Jaguars,00-0040327,,,,,,,,,,,,,,,,,,,,,,,,,
2025,3,0.0,2025_03_HOU_JAX,Jacksonville Jaguars,Quintin Morris,TE,00-0036590,1.0,0.0,0.0,0.0,0.0,0.0,0.0,0.0,0.0,0.0,0.0,0.0,0.0,72.0,43.06,26.37,326.8,130.4,2.4135992557313903,0.6391210192364141,1.0764795261076952,1.0,1.0,quintin morris,quintinmorris,qmorris,Jacksonville Jaguars,00-0036590,,,,,,,,,,,,,,,,,,,,,,,,,
2025,3,0.0,2025_03_HOU_JAX,Jacksonville Jaguars,Brian Thomas Jr.,WR,00-0039893,1.0,0.0,0.0,0.0,0.0,0.0,0.0,0.0,10.78,6.2,69.1,0.56,0.4288,72.0,43.06,26.37,326.8,130.4,2.4135992557313903,0.6391210192364141,1.0764795261076952,1.0,1.0,brian thomas jr.,brianthomasjr,bthomas,Jacksonville Jaguars,00-0039893,0.0,0.0,0.0,0.0,0.0,0.0,0.0,7.0,2.0,55.0,0.0,B.Thomas,JAX,team_norm & _alias_init_last,0.0,0.0,0.0,0.0,0.0,0.0,0.0,3.7799999999999994,4.2,14.099999999999994,0.56
2025,3,0.0,2025_03_HOU_JAX,Jacksonville Jaguars,Travis Hunter,WR,00-0040718,1.0,0.0,0.0,0.0,0.0,0.0,0.0,0.0,8.12,5.13,66.0,0.43,0.3524,72.0,43.06,26.37,326.8,130.4,2.4135992557313903,0.6391210192364141,1.0764795261076952,1.0,1.0,travis hunter,travishunter,thunter,Jacksonville Jaguars,00-0040718,0.0,0.0,0.0,0.0,0.0,0.0,0.0,2.0,1.0,21.0,0.0,T.Hunter,JAX,team_norm & _alias_init_last,0.0,0.0,0.0,0.0,0.0,0.0,0.0,6.119999999999999,4.13,45.0,0.43
2025,3,0.0,2025_03_HOU_JAX,Jacksonville Jaguars,Dyami Brown,WR,00-0036626,1.0,0.0,0.0,0.0,0.0,0.0,0.0,0.0,5.41,3.19,34.8,0.29,0.2503,72.0,43.06,26.37,326.8,130.4,2.4135992557313903,0.6391210192364141,1.0764795261076952,1.0,1.0,dyami brown,dyamibrown,dbrown,Jacksonville Jaguars,00-0036626,0.0,0.0,0.0,0.0,0.0,0.0,0.0,4.0,2.0,7.0,0.0,D.Brown,JAX,team_norm & _alias_init_last,0.0,0.0,0.0,0.0,0.0,0.0,0.0,1.4100000000000001,1.19,27.799999999999997,0.29
2025,3,0.0,2025_03_HOU_JAX,Jacksonville Jaguars,Cam Camper,WR,00-0040324,1.0,0.0,0.0,0.0,0.0,0.0,0.0,0.0,0.0,0.0,0.0,0.0,0.0,72.0,43.06,26.37,326.8,130.4,2.4135992557313903,0.6391210192364141,1.0764795261076952,0.0,0.0,cam camper,camcamper,ccamper,Jacksonville Jaguars,00-0040324,,,,,,,,,,,,,,,,,,,,,,,,,
2025,3,0.0,2025_03_HOU_JAX,Jacksonville Jaguars,Parker Washington,WR,00-0038606,1.0,0.0,0.0,0.0,0.0,0.0,0.0,0.0,0.0,0.0,0.0,0.0,0.0,72.0,43.06,26.37,326.8,130.4,2.4135992557313903,0.6391210192364141,1.0764795261076952,1.0,1.0,parker washington,parkerwashington,pwashington,Jacksonville Jaguars,,0.0,0.0,0.0,0.0,0.0,0.0,0.0,11.0,4.0,34.0,0.0,P.Washington,JAX,team_norm & _alias_init_last,0.0,0.0,0.0,0.0,0.0,0.0,0.0,-11.0,-4.0,-34.0,0.0
2025,3,0.0,2025_03_HOU_JAX,Jacksonville Jaguars,Tim Patrick,WR,00-0033375,1.0,0.0,0.0,0.0,0.0,0.0,0.0,0.0,0.0,0.0,0.0,0.0,0.0,72.0,43.06,26.37,326.8,130.4,2.4135992557313903,0.6391210192364141,1.0764795261076952,1.0,1.0,tim patrick,timpatrick,tpatrick,Jacksonville Jaguars,00-0033375,0.0,0.0,0.0,0.0,0.0,0.0,0.0,1.0,1.0,16.0,0.0,T.Patrick,JAX,team_norm & _alias_init_last,0.0,0.0,0.0,0.0,0.0,0.0,0.0,-1.0,-1.0,-16.0,0.0
2025,3,0.0,2025_03_IND_TEN,Indianapolis Colts,Daniel Jones,QB,00-0035710,1.0,36.81,212.0,2.3,0.88,9.91,27.6,0.3,0.0,0.0,0.0,0.0,0.2555,72.0,38.87,31.44,234.0,123.3,3.022339641313549,0.9754067165027503,0.971652258235714,1.0,1.0,daniel jones,danieljones,djones,Indianapolis Colts,00-0035710,29.0,228.0,1.0,0.0,2.0,8.0,0.0,0.0,0.0,0.0,0.0,D.Jones,IND,team_norm & _alias_init_last,7.810000000000002,-16.0,1.2999999999999998,0.88,7.91,19.6,0.3,0.0,0.0,0.0,0.0
2025,3,0.0,2025_03_IND_TEN,Indianapolis Colts,Jonathan Taylor,RB,00-0036223,1.0,0.0,0.0,0.0,0.0,13.84,46.8,0.57,4.72,2.85,17.9,0.37,0.6089,72.0,38.87,31.44,234.0,123.3,3.022339641313549,0.9754067165027503,0.971652258235714,1.0,1.0,jonathan taylor,jonathantaylor,jtaylor,Indianapolis Colts,00-0036223,0.0,0.0,0.0,0.0,19.0,102.0,3.0,4.0,3.0,16.0,0.0,J.Taylor,IND,team_norm & _alias_init_last,0.0,0.0,0.0,0.0,-5.16,-55.2,-2.43,0.7199999999999998,-0.1499999999999999,1.8999999999999986,0.37
2025,3,0.0,2025_03_IND_TEN,Indianapolis Colts,DJ Giddens,RB,00-0040179,1.0,0.0,0.0,0.0,0.0,7.69,30.3,0.2,2.94,1.85,15.9,0.23,0.3475,72.0,38.87,31.44,234.0,123.3,3.022339641313549,0.9754067165027503,0.971652258235714,1.0,1.0,dj giddens,djgiddens,dgiddens,Indianapolis Colts,00-0040179,0.0,0.0,0.0,0.0,1.0,3.0,0.0,0.0,0.0,0.0,0.0,D.Giddens,IND,team_norm & _alias_init_last,0.0,0.0,0.0,0.0,6.69,27.3,0.2,2.94,1.85,15.9,0.23
2025,3,0.0,2025_03_IND_TEN,Indianapolis Colts,Tyler Goodson,RB,00-0037120,1.0,0.0,0.0,0.0,0.0,0.0,0.0,0.0,0.0,0.0,0.0,0.0,0.0,72.0,38.87,31.44,234.0,123.3,3.022339641313549,0.9754067165027503,0.971652258235714,1.0,1.0,tyler goodson,tylergoodson,tgoodson,Indianapolis Colts,00-0037120,0.0,0.0,0.0,0.0,2.0,6.0,0.0,0.0,0.0,0.0,0.0,T.Goodson,IND,team_norm & _alias_init_last,0.0,0.0,0.0,0.0,-2.0,-6.0,0.0,0.0,0.0,0.0,0.0
2025,3,0.0,2025_03_IND_TEN,Indianapolis Colts,Tyler Warren,TE,00-0040128,1.0,0.0,0.0,0.0,0.0,0.0,0.0,0.0,6.21,3.33,26.8,0.47,0.3742,72.0,38.87,31.44,234.0,123.3,3.022339641313549,0.9754067165027503,0.971652258235714,1.0,1.0,tyler warren,tylerwarren,twarren,Indianapolis Colts,00-0040128,0.0,0.0,0.0,0.0,0.0,0.0,0.0,5.0,3.0,38.0,0.0,T.Warren,IND,team_norm & _alias_init_last,0.0,0.0,0.0,0.0,0.0,0.0,0.0,1.21,0.33000000000000007,-11.2,0.47
2025,3,0.0,2025_03_IND_TEN,Indianapolis Colts,Mo Alie-Cox,TE,00-0033217,1.0,0.0,0.0,0.0,0.0,0.0,0.0,0.0,3.21,1.71,14.0,0.25,0.2183,72.0,38.87,31.44,234.0,123.3,3.022339641313549,0.9754067165027503,0.971652258235714,1.0,1.0,mo alie-cox,moaliecox,maliecox,Indianapolis Colts,00-0033217,,,,,,,,,,,,,,,,,,,,,,,,,
2025,3,0.0,2025_03_IND_TEN,Indianapolis Colts,Andrew Ogletree,TE,00-0037292,1.0,0.0,0.0,0.0,0.0,0.0,0.0,0.0,0.0,0.0,0.0,0.0,0.0,72.0,38.87,31.44,234.0,123.3,3.022339641313549,0.9754067165027503,0.971652258235714,1.0,1.0,andrew ogletree,andrewogletree,aogletree,Indianapolis Colts,00-0037292,,,,,,,,,,,,,,,,,,,,,,,,,
2025,3,0.0,2025_03_IND_TEN,Indianapolis Colts,Michael Pittman Jr.,WR,,1.0,0.0,0.0,0.0,0.0,0.0,0.0,0.0,9.56,6.07,91.4,0.74,0.5245,72.0,38.87,31.44,234.0,123.3,3.022339641313549,0.9754067165027503,0.971652258235714,0.0,0.0,michael pittman jr.,michaelpittmanjr,mpittman,Indianapolis Colts,00-0036252,0.0,0.0,0.0,0.0,0.0,0.0,0.0,6.0,6.0,73.0,1.0,M.Pittman,IND,team_norm & _alias_init_last,0.0,0.0,0.0,0.0,0.0,0.0,0.0,3.5600000000000005,0.07000000000000028,18.400000000000006,-0.26
2025,3,0.0,2025_03_IND_TEN,Indianapolis Colts,Alec Pierce,WR,00-0037664,1.0,0.0,0.0,0.0,0.0,0.0,0.0,0.0,7.2,3.75,35.8,0.51,0.3988,72.0,38.87,31.44,234.0,123.3,3.022339641313549,0.9754067165027503,0.971652258235714,1.0,1.0,alec pierce,alecpierce,apierce,Indianapolis Colts,00-0037664,0.0,0.0,0.0,0.0,0.0,0.0,0.0,5.0,4.0,67.0,0.0,A.Pierce,IND,team_norm & _alias_init_last,0.0,0.0,0.0,0.0,0.0,0.0,0.0,2.2,-0.25,-31.200000000000003,0.51
2025,3,0.0,2025_03_IND_TEN,Indianapolis Colts,Josh Downs,WR,00-0038997,1.0,0.0,0.0,0.0,0.0,0.0,0.0,0.0,4.8,3.1,22.0,0.35,0.2959,72.0,38.87,31.44,234.0,123.3,3.022339641313549,0.9754067165027503,0.971652258235714,1.0,1.0,josh downs,joshdowns,jdowns,Indianapolis Colts,00-0038997,0.0,0.0,0.0,0.0,0.0,0.0,0.0,3.0,2.0,34.0,0.0,J.Downs,IND,team_norm & _alias_init_last,0.0,0.0,0.0,0.0,0.0,0.0,0.0,1.7999999999999998,1.1,-12.0,0.35
2025,3,0.0,2025_03_IND_TEN,Indianapolis Colts,Ajou Ajou,WR,00-0039957,1.0,0.0,0.0,0.0,0.0,0.0,0.0,0.0,0.0,0.0,0.0,0.0,0.0,72.0,38.87,31.44,234.0,123.3,3.022339641313549,0.9754067165027503,0.971652258235714,0.0,0.0,ajou ajou,ajouajou,aajou,Indianapolis Colts,00-0039957,,,,,,,,,,,,,,,,,,,,,,,,,
2025,3,0.0,2025_03_IND_TEN,Indianapolis Colts,Anthony Gould,WR,00-0039816,1.0,0.0,0.0,0.0,0.0,0.0,0.0,0.0,0.0,0.0,0.0,0.0,0.0,72.0,38.87,31.44,234.0,123.3,3.022339641313549,0.9754067165027503,0.971652258235714,1.0,1.0,anthony gould,anthonygould,agould,Indianapolis Colts,00-0039816,,,,,,,,,,,,,,,,,,,,,,,,,
2025,3,0.0,2025_03_IND_TEN,Indianapolis Colts,Ashton Dulin,WR,00-0035021,1.0,0.0,0.0,0.0,0.0,0.0,0.0,0.0,0.0,0.0,0.0,0.0,0.0,72.0,38.87,31.44,234.0,123.3,3.022339641313549,0.9754067165027503,0.971652258235714,1.0,1.0,ashton dulin,ashtondulin,adulin,Indianapolis Colts,00-0035021,,,,,,,,,,,,,,,,,,,,,,,,,
2025,3,0.0,2025_03_IND_TEN,Tennessee Titans,Cam Ward,QB,00-0040676,1.0,42.08,223.6,1.4,0.98,0.97,3.0,0.02,0.0,0.0,0.0,0.0,0.0168,72.0,43.03,25.09,241.4,91.7,1.3590870938359654,0.4390338524537747,1.0758090118577075,1.0,1.0,cam ward,camward,cward,Tennessee Titans,00-0040676,50.0,219.0,1.0,1.0,0.0,0.0,0.0,0.0,0.0,0.0,0.0,C.Ward,TEN,team_norm & _alias_init_last,-7.920000000000002,4.599999999999994,0.3999999999999999,-0.020000000000000018,0.97,3.0,0.02,0.0,0.0,0.0,0.0
2025,3,0.0,2025_03_IND_TEN,Tennessee Titans,Tony Pollard,RB,00-0035261,1.0,0.0,0.0,0.0,0.0,15.5,49.5,0.32,5.13,3.14,17.6,0.16,0.3825,72.0,43.03,25.09,241.4,91.7,1.3590870938359654,0.4390338524537747,1.0758090118577075,1.0,1.0,tony pollard,tonypollard,tpollard,Tennessee Titans,00-0035261,0.0,0.0,0.0,0.0,16.0,45.0,1.0,4.0,2.0,14.0,0.0,T.Pollard,TEN,team_norm & _alias_init_last,0.0,0.0,0.0,0.0,-0.5,4.5,-0.6799999999999999,1.13,1.1400000000000001,3.6000000000000014,0.16
2025,3,0.0,2025_03_IND_TEN,Tennessee Titans,Julius Chestnut,RB,00-0037594,1.0,0.0,0.0,0.0,0.0,8.61,30.3,0.12,3.19,1.91,14.6,0.1,0.1963,72.0,43.03,25.09,241.4,91.7,1.3590870938359654,0.4390338524537747,1.0758090118577075,1.0,1.0,julius chestnut,juliuschestnut,jchestnut,Tennessee Titans,00-0037594,0.0,0.0,0.0,0.0,2.0,26.0,0.0,0.0,0.0,0.0,0.0,J.Chestnut,TEN,team_norm & _alias_init_last,0.0,0.0,0.0,0.0,6.609999999999999,4.300000000000001,0.12,3.19,1.91,14.6,0.1
2025,3,0.0,2025_03_IND_TEN,Tennessee Titans,Kalel Mullings,RB,00-0040205,1.0,0.0,0.0,0.0,0.0,0.0,0.0,0.0,0.0,0.0,0.0,0.0,0.0,72.0,43.03,25.09,241.4,91.7,1.3590870938359654,0.4390338524537747,1.0758090118577075,1.0,1.0,kalel mullings,kalelmullings,kmullings,Tennessee Titans,00-0040205,,,,,,,,,,,,,,,,,,,,,,,,,
2025,3,0.0,2025_03_IND_TEN,Tennessee Titans,Chig Okonkwo,TE,00-0037809,1.0,0.0,0.0,0.0,0.0,0.0,0.0,0.0,7.07,4.14,26.0,0.19,0.1753,72.0,43.03,25.09,241.4,91.7,1.3590870938359654,0.4390338524537747,1.0758090118577075,1.0,1.0,chig okonkwo,chigokonkwo,cokonkwo,Tennessee Titans,00-0037809,0.0,0.0,0.0,0.0,0.0,0.0,0.0,6.0,5.0,66.0,0.0,C.Okonkwo,TEN,team_norm & _alias_init_last,0.0,0.0,0.0,0.0,0.0,0.0,0.0,1.0700000000000003,-0.8600000000000003,-40.0,0.19
2025,3,0.0,2025_03_IND_TEN,Tennessee Titans,Gunnar Helm,TE,00-0040584,1.0,0.0,0.0,0.0,0.0,0.0,0.0,0.0,3.65,2.37,15.3,0.11,0.1041,72.0,43.03,25.09,241.4,91.7,1.3590870938359654,0.4390338524537747,1.0758090118577075,1.0,1.0,gunnar helm,gunnarhelm,ghelm,Tennessee Titans,00-0040584,0.0,0.0,0.0,0.0,0.0,0.0,0.0,3.0,3.0,27.0,0.0,G.Helm,TEN,team_norm & _alias_init_last,0.0,0.0,0.0,0.0,0.0,0.0,0.0,0.6499999999999999,-0.6299999999999999,-11.7,0.11
2025,3,0.0,2025_03_IND_TEN,Tennessee Titans,Cole Turner,TE,00-0037078,1.0,0.0,0.0,0.0,0.0,0.0,0.0,0.0,0.0,0.0,0.0,0.0,0.0,72.0,43.03,25.09,241.4,91.7,1.3590870938359654,0.4390338524537747,1.0758090118577075,0.0,0.0,cole turner,coleturner,cturner,Tennessee Titans,00-0037078,,,,,,,,,,,,,,,,,,,,,,,,,
2025,3,0.0,2025_03_IND_TEN,Tennessee Titans,David Martin-Robinson,TE,00-0039648,1.0,0.0,0.0,0.0,0.0,0.0,0.0,0.0,0.0,0.0,0.0,0.0,0.0,72.0,43.03,25.09,241.4,91.7,1.3590870938359654,0.4390338524537747,1.0758090118577075,1.0,1.0,david martin-robinson,davidmartinrobinson,dmartinrobinson,Tennessee Titans,00-0039648,,,,,,,,,,,,,,,,,,,,,,,,,
2025,3,0.0,2025_03_IND_TEN,Tennessee Titans,Calvin Ridley,WR,00-0034837,1.0,0.0,0.0,0.0,0.0,0.0,0.0,0.0,10.64,5.45,46.6,0.31,0.2701,72.0,43.03,25.09,241.4,91.7,1.3590870938359654,0.4390338524537747,1.0758090118577075,1.0,1.0,calvin ridley,calvinridley,cridley,Tennessee Titans,00-0034837,0.0,0.0,0.0,0.0,0.0,0.0,0.0,8.0,1.0,27.0,0.0,C.Ridley,TEN,team_norm & _alias_init_last,0.0,0.0,0.0,0.0,0.0,0.0,0.0,2.6400000000000006,4.45,19.6,0.31
2025,3,0.0,2025_03_IND_TEN,Tennessee Titans,Elic Ayomanor,WR,00-0040170,1.0,0.0,0.0,0.0,0.0,0.0,0.0,0.0,8.01,3.9,38.9,0.24,0.2103,72.0,43.03,25.09,241.4,91.7,1.3590870938359654,0.4390338524537747,1.0758090118577075,1.0,1.0,elic ayomanor,elicayomanor,eayomanor,Tennessee Titans,00-0040170,0.0,0.0,0.0,0.0,0.0,0.0,0.0,6.0,4.0,38.0,1.0,E.Ayomanor,TEN,team_norm & _alias_init_last,0.0,0.0,0.0,0.0,0.0,0.0,0.0,2.01,-0.10000000000000009,0.8999999999999986,-0.76
2025,3,0.0,2025_03_IND_TEN,Tennessee Titans,Tyler Lockett,WR,,1.0,0.0,0.0,0.0,0.0,0.0,0.0,0.0,5.34,3.39,41.7,0.17,0.1552,72.0,43.03,25.09,241.4,91.7,1.3590870938359654,0.4390338524537747,1.0758090118577075,0.0,1.0,tyler lockett,tylerlockett,tlockett,Tennessee Titans,,0.0,0.0,0.0,0.0,0.0,0.0,0.0,5.0,4.0,37.0,0.0,T.Lockett,TEN,team_norm & _alias_init_last,0.0,0.0,0.0,0.0,0.0,0.0,0.0,0.33999999999999986,-0.6099999999999999,4.700000000000003,0.17
2025,3,0.0,2025_03_IND_TEN,Tennessee Titans,Bryce Oliver,WR,00-0039650,1.0,0.0,0.0,0.0,0.0,0.0,0.0,0.0,0.0,0.0,0.0,0.0,0.0,72.0,43.03,25.09,241.4,91.7,1.3590870938359654,0.4390338524537747,1.0758090118577075,0.0,0.0,bryce oliver,bryceoliver,boliver,Tennessee Titans,00-0039650,,,,,,,,,,,,,,,,,,,,,,,,,
2025,3,0.0,2025_03_IND_TEN,Tennessee Titans,Chimere Dike,WR,00-0040705,1.0,0.0,0.0,0.0,0.0,0.0,0.0,0.0,0.0,0.0,0.0,0.0,0.0,72.0,43.03,25.09,241.4,91.7,1.3590870938359654,0.4390338524537747,1.0758090118577075,1.0,1.0,chimere dike,chimeredike,cdike,Tennessee Titans,00-0040705,0.0,0.0,0.0,0.0,2.0,3.0,0.0,4.0,3.0,2.0,0.0,C.Dike,TEN,team_norm & _alias_init_last,0.0,0.0,0.0,0.0,-2.0,-3.0,0.0,-4.0,-3.0,-2.0,0.0
2025,3,0.0,2025_03_IND_TEN,Tennessee Titans,Van Jefferson,WR,00-0036415,1.0,0.0,0.0,0.0,0.0,0.0,0.0,0.0,0.0,0.0,0.0,0.0,0.0,72.0,43.03,25.09,241.4,91.7,1.3590870938359654,0.4390338524537747,1.0758090118577075,1.0,1.0,van jefferson,vanjefferson,vjefferson,Tennessee Titans,00-0036415,0.0,0.0,0.0,0.0,0.0,0.0,0.0,3.0,1.0,8.0,0.0,V.Jefferson,TEN,team_norm & _alias_init_last,0.0,0.0,0.0,0.0,0.0,0.0,0.0,-3.0,-1.0,-8.0,0.0
2025,3,0.0,2025_03_KC_NYG,Kansas City Chiefs,Patrick Mahomes,QB,00-0033873,1.0,42.55,238.2,2.39,1.05,4.5,13.0,0.12,0.0,0.0,0.0,0.0,0.1148,72.0,46.3,22.8,259.8,83.3,2.643520273190759,0.6002829476282558,1.1575941026282857,1.0,1.0,patrick mahomes,patrickmahomes,pmahomes,Kansas City Chiefs,00-0033873,46.0,224.0,1.0,0.0,0.0,0.0,0.0,0.0,0.0,0.0,0.0,P.Mahomes,KC,team_norm & _alias_init_last,-3.450000000000003,14.199999999999989,1.3900000000000001,1.05,4.5,13.0,0.12,0.0,0.0,0.0,0.0
2025,3,0.0,2025_03_KC_NYG,Kansas City Chiefs,Isiah Pacheco,RB,00-0037197,1.0,0.0,0.0,0.0,0.0,11.85,36.4,0.38,5.38,3.63,19.5,0.31,0.5003,72.0,46.3,22.8,259.8,83.3,2.643520273190759,0.6002829476282558,1.1575941026282857,1.0,1.0,isiah pacheco,isiahpacheco,ipacheco,Kansas City Chiefs,00-0037197,0.0,0.0,0.0,0.0,10.0,45.0,0.0,2.0,1.0,3.0,0.0,I.Pacheco,KC,team_norm & _alias_init_last,0.0,0.0,0.0,0.0,1.8499999999999996,-8.600000000000001,0.38,3.38,2.63,16.5,0.31
2025,3,0.0,2025_03_KC_NYG,Kansas City Chiefs,Kareem Hunt,RB,00-0033923,1.0,0.0,0.0,0.0,0.0,6.45,20.1,0.14,3.35,2.03,11.7,0.2,0.2912,72.0,46.3,22.8,259.8,83.3,2.643520273190759,0.6002829476282558,1.1575941026282857,1.0,1.0,kareem hunt,kareemhunt,khunt,Kansas City Chiefs,00-0033923,0.0,0.0,0.0,0.0,10.0,34.0,1.0,1.0,1.0,10.0,0.0,K.Hunt,KC,team_norm & _alias_init_last,0.0,0.0,0.0,0.0,-3.55,-13.899999999999999,-0.86,2.35,1.0299999999999998,1.6999999999999993,0.2
2025,3,0.0,2025_03_KC_NYG,Kansas City Chiefs,Brashard Smith,RB,00-0040078,1.0,0.0,0.0,0.0,0.0,0.0,0.0,0.0,0.0,0.0,0.0,0.0,0.0,72.0,46.3,22.8,259.8,83.3,2.643520273190759,0.6002829476282558,1.1575941026282857,1.0,1.0,brashard smith,brashardsmith,bsmith,Kansas City Chiefs,00-0040078,0.0,0.0,0.0,0.0,2.0,13.0,0.0,1.0,0.0,0.0,0.0,B.Smith,KC,team_norm & _alias_init_last,0.0,0.0,0.0,0.0,-2.0,-13.0,0.0,-1.0,0.0,0.0,0.0
2025,3,0.0,2025_03_KC_NYG,Kansas City Chiefs,Travis Kelce,TE,00-0030506,1.0,0.0,0.0,0.0,0.0,0.0,0.0,0.0,7.88,4.62,26.2,0.42,0.3432,72.0,46.3,22.8,259.8,83.3,2.643520273190759,0.6002829476282558,1.1575941026282857,1.0,1.0,travis kelce,traviskelce,tkelce,Kansas City Chiefs,00-0030506,0.0,0.0,0.0,0.0,0.0,0.0,0.0,7.0,4.0,26.0,0.0,T.Kelce,KC,team_norm & _alias_init_last,0.0,0.0,0.0,0.0,0.0,0.0,0.0,0.8799999999999999,0.6200000000000001,0.1999999999999993,0.42
2025,3,0.0,2025_03_KC_NYG,Kansas City Chiefs,Noah Gray,TE,00-0036637,1.0,0.0,0.0,0.0,0.0,0.0,0.0,0.0,4.08,2.34,14.0,0.21,0.189,72.0,46.3,22.8,259.8,83.3,2.643520273190759,0.6002829476282558,1.1575941026282857,1.0,1.0,noah gray,noahgray,ngray,Kansas City Chiefs,00-0036637,0.0,0.0,0.0,0.0,0.0,0.0,0.0,8.0,3.0,17.0,0.0,N.Gray,KC,team_norm & _alias_init_last,0.0,0.0,0.0,0.0,0.0,0.0,0.0,-3.92,-0.6600000000000001,-3.0,0.21
2025,3,0.0,2025_03_KC_NYG,Kansas City Chiefs,Geor'Quarius Spivey,TE,00-0039941,1.0,0.0,0.0,0.0,0.0,0.0,0.0,0.0,0.0,0.0,0.0,0.0,0.0,72.0,46.3,22.8,259.8,83.3,2.643520273190759,0.6002829476282558,1.1575941026282857,0.0,0.0,geor'quarius spivey,georquariusspivey,gspivey,Kansas City Chiefs,00-0039941,,,,,,,,,,,,,,,,,,,,,,,,,
2025,3,0.0,2025_03_KC_NYG,Kansas City Chiefs,Jared Wiley,TE,00-0039824,1.0,0.0,0.0,0.0,0.0,0.0,0.0,0.0,0.0,0.0,0.0,0.0,0.0,72.0,46.3,22.8,259.8,83.3,2.643520273190759,0.6002829476282558,1.1575941026282857,0.0,0.0,jared wiley,jaredwiley,jwiley,Kansas City Chiefs,00-0039824,,,,,,,,,,,,,,,,,,,,,,,,,
2025,3,0.0,2025_03_KC_NYG,Kansas City Chiefs,Robert Tonyan,TE,00-0033757,1.0,0.0,0.0,0.0,0.0,0.0,0.0,0.0,0.0,0.0,0.0,0.0,0.0,72.0,46.3,22.8,259.8,83.3,2.643520273190759,0.6002829476282558,1.1575941026282857,1.0,1.0,robert tonyan,roberttonyan,rtonyan,Kansas City Chiefs,00-0033757,,,,,,,,,,,,,,,,,,,,,,,,,
2025,3,0.0,2025_03_KC_NYG,Kansas City Chiefs,Xavier Worthy,WR,00-0039894,1.0,0.0,0.0,0.0,0.0,0.0,0.0,0.0,11.36,7.14,58.6,0.63,0.4667,72.0,46.3,22.8,259.8,83.3,2.643520273190759,0.6002829476282558,1.1575941026282857,0.0,0.0,xavier worthy,xavierworthy,xworthy,Kansas City Chiefs,00-0039894,,,,,,,,,,,,,,,,,,,,,,,,,
2025,3,0.0,2025_03_KC_NYG,Kansas City Chiefs,Marquise Brown,WR,00-0035662,1.0,0.0,0.0,0.0,0.0,0.0,0.0,0.0,8.55,4.7,38.8,0.45,0.3654,72.0,46.3,22.8,259.8,83.3,2.643520273190759,0.6002829476282558,1.1575941026282857,1.0,1.0,marquise brown,marquisebrown,mbrown,Kansas City Chiefs,00-0035662,0.0,0.0,0.0,0.0,0.0,0.0,0.0,7.0,4.0,42.0,0.0,M.Brown,KC,team_norm & _alias_init_last,0.0,0.0,0.0,0.0,0.0,0.0,0.0,1.5500000000000007,0.7000000000000002,-3.200000000000003,0.45
2025,3,0.0,2025_03_KC_NYG,Kansas City Chiefs,Tyquan Thornton,WR,00-0038104,1.0,0.0,0.0,0.0,0.0,0.0,0.0,0.0,5.7,3.08,28.9,0.3,0.2597,72.0,46.3,22.8,259.8,83.3,2.643520273190759,0.6002829476282558,1.1575941026282857,1.0,1.0,tyquan thornton,tyquanthornton,tthornton,Kansas City Chiefs,00-0038104,0.0,0.0,0.0,0.0,0.0,0.0,0.0,9.0,5.0,71.0,1.0,T.Thornton,KC,team_norm & _alias_init_last,0.0,0.0,0.0,0.0,0.0,0.0,0.0,-3.3,-1.92,-42.1,-0.7
2025,3,0.0,2025_03_KC_NYG,Kansas City Chiefs,Elijhah Badger,WR,00-0040080,1.0,0.0,0.0,0.0,0.0,0.0,0.0,0.0,0.0,0.0,0.0,0.0,0.0,72.0,46.3,22.8,259.8,83.3,2.643520273190759,0.6002829476282558,1.1575941026282857,0.0,0.0,elijhah badger,elijhahbadger,ebadger,Kansas City Chiefs,00-0040080,,,,,,,,,,,,,,,,,,,,,,,,,
2025,3,0.0,2025_03_KC_NYG,Kansas City Chiefs,Jalen Royals,WR,00-0040646,1.0,0.0,0.0,0.0,0.0,0.0,0.0,0.0,0.0,0.0,0.0,0.0,0.0,72.0,46.3,22.8,259.8,83.3,2.643520273190759,0.6002829476282558,1.1575941026282857,1.0,1.0,jalen royals,jalenroyals,jroyals,Kansas City Chiefs,00-0040646,,,,,,,,,,,,,,,,,,,,,,,,,
2025,3,0.0,2025_03_KC_NYG,Kansas City Chiefs,Jason Brownlee,WR,00-0038492,1.0,0.0,0.0,0.0,0.0,0.0,0.0,0.0,0.0,0.0,0.0,0.0,0.0,72.0,46.3,22.8,259.8,83.3,2.643520273190759,0.6002829476282558,1.1575941026282857,1.0,1.0,jason brownlee,jasonbrownlee,jbrownlee,Kansas City Chiefs,00-0038492,,,,,,,,,,,,,,,,,,,,,,,,,
2025,3,0.0,2025_03_KC_NYG,Kansas City Chiefs,JuJu Smith-Schuster,WR,00-0033857,1.0,0.0,0.0,0.0,0.0,0.0,0.0,0.0,0.0,0.0,0.0,0.0,0.0,72.0,46.3,22.8,259.8,83.3,2.643520273190759,0.6002829476282558,1.1575941026282857,1.0,1.0,juju smith-schuster,jujusmithschuster,jsmithschuster,Kansas City Chiefs,00-0033857,0.0,0.0,0.0,0.0,0.0,0.0,0.0,5.0,4.0,55.0,0.0,J.Smith-Schuster,KC,team_norm & _alias_init_last,0.0,0.0,0.0,0.0,0.0,0.0,0.0,-5.0,-4.0,-55.0,0.0
2025,3,0.0,2025_03_KC_NYG,Kansas City Chiefs,Nikko Remigio,WR,00-0038519,1.0,0.0,0.0,0.0,0.0,0.0,0.0,0.0,0.0,0.0,0.0,0.0,0.0,72.0,46.3,22.8,259.8,83.3,2.643520273190759,0.6002829476282558,1.1575941026282857,1.0,1.0,nikko remigio,nikkoremigio,nremigio,Kansas City Chiefs,00-0038519,0.0,0.0,0.0,0.0,1.0,11.0,0.0,0.0,0.0,0.0,0.0,N.Remigio,KC,team_norm & _alias_init_last,0.0,0.0,0.0,0.0,-1.0,-11.0,0.0,0.0,0.0,0.0,0.0
2025,3,0.0,2025_03_KC_NYG,New York Giants,Jaxson Dart,QB,00-0040691,1.0,45.2,325.0,1.69,1.05,3.34,13.0,0.06,0.0,0.0,0.0,0.0,0.0609,72.0,46.22,22.57,350.8,111.6,1.6835862163029411,0.3785878624693206,1.155500027137042,1.0,1.0,jaxson dart,jaxsondart,jdart,New York Giants,00-0040691,,,,,,,,,,,,,,,,,,,,,,,,,
2025,3,0.0,2025_03_KC_NYG,New York Giants,Cam Skattebo,RB,00-0040715,1.0,0.0,0.0,0.0,0.0,12.36,56.6,0.26,5.27,3.38,29.9,0.19,0.3638,72.0,46.22,22.57,350.8,111.6,1.6835862163029411,0.3785878624693206,1.155500027137042,1.0,1.0,cam skattebo,camskattebo,cskattebo,New York Giants,00-0040715,0.0,0.0,0.0,0.0,11.0,60.0,1.0,8.0,6.0,61.0,0.0,C.Skattebo,NYG,team_norm & _alias_init_last,0.0,0.0,0.0,0.0,1.3599999999999994,-3.3999999999999986,-0.74,-2.7300000000000004,-2.62,-31.1,0.19
2025,3,0.0,2025_03_KC_NYG,New York Giants,Tyrone Tracy Jr.,RB,00-0039384,1.0,0.0,0.0,0.0,0.0,6.87,28.7,0.09,3.28,2.0,15.5,0.12,0.1845,72.0,46.22,22.57,350.8,111.6,1.6835862163029411,0.3785878624693206,1.155500027137042,1.0,1.0,tyrone tracy jr.,tyronetracyjr,ttracy,New York Giants,00-0039384,0.0,0.0,0.0,0.0,7.0,29.0,0.0,3.0,2.0,7.0,0.0,T.Tracy,NYG,team_norm & _alias_init_last,0.0,0.0,0.0,0.0,-0.1299999999999999,-0.3000000000000007,0.09,0.2799999999999998,0.0,8.5,0.12
2025,3,0.0,2025_03_KC_NYG,New York Giants,Devin Singletary,RB,00-0035250,1.0,0.0,0.0,0.0,0.0,0.0,0.0,0.0,0.0,0.0,0.0,0.0,0.0,72.0,46.22,22.57,350.8,111.6,1.6835862163029411,0.3785878624693206,1.155500027137042,1.0,1.0,devin singletary,devinsingletary,dsingletary,New York Giants,00-0035250,0.0,0.0,0.0,0.0,4.0,11.0,0.0,1.0,0.0,0.0,0.0,D.Singletary,NYG,team_norm & _alias_init_last,0.0,0.0,0.0,0.0,-4.0,-11.0,0.0,-1.0,0.0,0.0,0.0
2025,3,0.0,2025_03_KC_NYG,New York Giants,Theo Johnson,TE,00-0039847,1.0,0.0,0.0,0.0,0.0,0.0,0.0,0.0,7.12,3.59,40.1,0.24,0.212,72.0,46.22,22.57,350.8,111.6,1.6835862163029411,0.3785878624693206,1.155500027137042,1.0,1.0,theo johnson,theojohnson,tjohnson,New York Giants,00-0039847,0.0,0.0,0.0,0.0,0.0,0.0,0.0,2.0,1.0,10.0,0.0,T.Johnson,NYG,team_norm & _alias_init_last,0.0,0.0,0.0,0.0,0.0,0.0,0.0,5.12,2.59,30.1,0.24
2025,3,0.0,2025_03_KC_NYG,New York Giants,Daniel Bellinger,TE,00-0038115,1.0,0.0,0.0,0.0,0.0,0.0,0.0,0.0,3.68,2.35,20.0,0.12,0.1169,72.0,46.22,22.57,350.8,111.6,1.6835862163029411,0.3785878624693206,1.155500027137042,1.0,1.0,daniel bellinger,danielbellinger,dbellinger,New York Giants,00-0038115,0.0,0.0,0.0,0.0,0.0,0.0,0.0,1.0,1.0,6.0,0.0,D.Bellinger,NYG,team_norm & _alias_init_last,0.0,0.0,0.0,0.0,0.0,0.0,0.0,2.68,1.35,14.0,0.12
2025,3,0.0,2025_03_KC_NYG,New York Giants,Chris Manhertz,TE,00-0031484,1.0,0.0,0.0,0.0,0.0,0.0,0.0,0.0,0.0,0.0,0.0,0.0,0.0,72.0,46.22,22.57,350.8,111.6,1.6835862163029411,0.3785878624693206,1.155500027137042,1.0,1.0,chris manhertz,chrismanhertz,cmanhertz,New York Giants,00-0031484,0.0,0.0,0.0,0.0,0.0,0.0,0.0,1.0,1.0,7.0,0.0,C.Manhertz,NYG,team_norm & _alias_init_last,0.0,0.0,0.0,0.0,0.0,0.0,0.0,-1.0,-1.0,-7.0,0.0
2025,3,0.0,2025_03_KC_NYG,New York Giants,Jermaine Terry,TE,00-0040457,1.0,0.0,0.0,0.0,0.0,0.0,0.0,0.0,0.0,0.0,0.0,0.0,0.0,72.0,46.22,22.57,350.8,111.6,1.6835862163029411,0.3785878624693206,1.155500027137042,0.0,0.0,jermaine terry,jermaineterry,jterry,New York Giants,00-0040457,,,,,,,,,,,,,,,,,,,,,,,,,
2025,3,0.0,2025_03_KC_NYG,New York Giants,Malik Nabers,WR,00-0039337,1.0,0.0,0.0,0.0,0.0,0.0,0.0,0.0,11.81,6.99,77.4,0.4,0.328,72.0,46.22,22.57,350.8,111.6,1.6835862163029411,0.3785878624693206,1.155500027137042,1.0,1.0,malik nabers,maliknabers,mnabers,New York Giants,00-0039337,0.0,0.0,0.0,0.0,0.0,0.0,0.0,7.0,2.0,13.0,0.0,M.Nabers,NYG,team_norm & _alias_init_last,0.0,0.0,0.0,0.0,0.0,0.0,0.0,4.8100000000000005,4.99,64.4,0.4
2025,3,0.0,2025_03_KC_NYG,New York Giants,Wan'Dale Robinson,WR,00-0038117,1.0,0.0,0.0,0.0,0.0,0.0,0.0,0.0,8.89,5.97,53.4,0.29,0.2539,72.0,46.22,22.57,350.8,111.6,1.6835862163029411,0.3785878624693206,1.155500027137042,1.0,1.0,wan'dale robinson,wandalerobinson,wrobinson,New York Giants,,0.0,0.0,0.0,0.0,0.0,0.0,0.0,5.0,1.0,26.0,0.0,W.Robinson,NYG,team_norm & _alias_init_last,0.0,0.0,0.0,0.0,0.0,0.0,0.0,3.8900000000000006,4.97,27.4,0.29
2025,3,0.0,2025_03_KC_NYG,New York Giants,Darius Slayton,WR,00-0035535,1.0,0.0,0.0,0.0,0.0,0.0,0.0,0.0,5.93,3.39,34.9,0.19,0.1759,72.0,46.22,22.57,350.8,111.6,1.6835862163029411,0.3785878624693206,1.155500027137042,1.0,1.0,darius slayton,dariusslayton,dslayton,New York Giants,00-0035535,0.0,0.0,0.0,0.0,0.0,0.0,0.0,6.0,4.0,30.0,0.0,D.Slayton,NYG,team_norm & _alias_init_last,0.0,0.0,0.0,0.0,0.0,0.0,0.0,-0.07000000000000028,-0.6099999999999999,4.899999999999999,0.19
2025,3,0.0,2025_03_KC_NYG,New York Giants,Antwane Wells Jr.,WR,00-0040438,1.0,0.0,0.0,0.0,0.0,0.0,0.0,0.0,0.0,0.0,0.0,0.0,0.0,72.0,46.22,22.57,350.8,111.6,1.6835862163029411,0.3785878624693206,1.155500027137042,0.0,0.0,antwane wells jr.,antwanewellsjr,awells,New York Giants,00-0040438,,,,,,,,,,,,,,,,,,,,,,,,,
2025,3,0.0,2025_03_KC_NYG,New York Giants,Beaux Collins,WR,00-0040432,1.0,0.0,0.0,0.0,0.0,0.0,0.0,0.0,0.0,0.0,0.0,0.0,0.0,72.0,46.22,22.57,350.8,111.6,1.6835862163029411,0.3785878624693206,1.155500027137042,1.0,1.0,beaux collins,beauxcollins,bcollins,New York Giants,00-0040432,,,,,,,,,,,,,,,,,,,,,,,,,
2025,3,0.0,2025_03_KC_NYG,New York Giants,Gunner Olszewski,WR,00-0035645,1.0,0.0,0.0,0.0,0.0,0.0,0.0,0.0,0.0,0.0,0.0,0.0,0.0,72.0,46.22,22.57,350.8,111.6,1.6835862163029411,0.3785878624693206,1.155500027137042,1.0,1.0,gunner olszewski,gunnerolszewski,golszewski,New York Giants,,,,,,,,,,,,,,,,,,,,,,,,,,
2025,3,0.0,2025_03_KC_NYG,New York Giants,Jalin Hyatt,WR,00-0038938,1.0,0.0,0.0,0.0,0.0,0.0,0.0,0.0,0.0,0.0,0.0,0.0,0.0,72.0,46.22,22.57,350.8,111.6,1.6835862163029411,0.3785878624693206,1.155500027137042,1.0,1.0,jalin hyatt,jalinhyatt,jhyatt,New York Giants,00-0038938,,,,,,,,,,,,,,,,,,,,,,,,,
2025,3,0.0,2025_03_LA_PHI,Los Angeles Rams,Matthew Stafford,QB,00-0026498,1.0,38.72,272.6,1.92,0.94,3.2,12.9,0.07,0.0,0.0,0.0,0.0,0.0666,72.0,41.64,28.07,316.1,138.8,2.212372767440498,0.6077567986213559,1.0410667488443763,1.0,1.0,matthew stafford,matthewstafford,mstafford,Los Angeles Rams,,35.0,196.0,2.0,1.0,0.0,0.0,0.0,0.0,0.0,0.0,0.0,M.Stafford,LA,team_norm & _alias_init_last,3.719999999999999,76.60000000000002,-0.08000000000000007,-0.06000000000000005,3.2,12.9,0.07,0.0,0.0,0.0,0.0
2025,3,0.0,2025_03_LA_PHI,Los Angeles Rams,Kyren Williams,RB,00-0037840,1.0,0.0,0.0,0.0,0.0,15.99,67.5,0.43,5.03,3.2,24.8,0.29,0.5158,72.0,41.64,28.07,316.1,138.8,2.212372767440498,0.6077567986213559,1.0410667488443763,1.0,1.0,kyren williams,kyrenwilliams,kwilliams,Los Angeles Rams,00-0037840,0.0,0.0,0.0,0.0,20.0,94.0,0.0,3.0,2.0,18.0,1.0,K.Williams,LA,team_norm & _alias_init_last,0.0,0.0,0.0,0.0,-4.01,-26.5,0.43,2.0300000000000002,1.2000000000000002,6.800000000000001,-0.71
2025,3,0.0,2025_03_LA_PHI,Los Angeles Rams,Blake Corum,RB,00-0039738,1.0,0.0,0.0,0.0,0.0,8.88,37.6,0.15,3.13,1.92,17.3,0.16,0.2663,72.0,41.64,28.07,316.1,138.8,2.212372767440498,0.6077567986213559,1.0410667488443763,1.0,1.0,blake corum,blakecorum,bcorum,Los Angeles Rams,00-0039738,0.0,0.0,0.0,0.0,8.0,53.0,0.0,0.0,0.0,0.0,0.0,B.Corum,LA,team_norm & _alias_init_last,0.0,0.0,0.0,0.0,0.8800000000000008,-15.399999999999999,0.15,3.13,1.92,17.3,0.16
2025,3,0.0,2025_03_LA_PHI,Los Angeles Rams,Jarquez Hunter,RB,00-0040692,1.0,0.0,0.0,0.0,0.0,0.0,0.0,0.0,0.0,0.0,0.0,0.0,0.0,72.0,41.64,28.07,316.1,138.8,2.212372767440498,0.6077567986213559,1.0410667488443763,1.0,1.0,jarquez hunter,jarquezhunter,jhunter,Los Angeles Rams,00-0040692,,,,,,,,,,,,,,,,,,,,,,,,,
2025,3,0.0,2025_03_LA_PHI,Los Angeles Rams,Tyler Higbee,TE,00-0033110,1.0,0.0,0.0,0.0,0.0,0.0,0.0,0.0,7.13,4.04,34.8,0.35,0.2976,72.0,41.64,28.07,316.1,138.8,2.212372767440498,0.6077567986213559,1.0410667488443763,1.0,1.0,tyler higbee,tylerhigbee,thigbee,Los Angeles Rams,00-0033110,0.0,0.0,0.0,0.0,0.0,0.0,0.0,2.0,0.0,0.0,0.0,T.Higbee,LA,team_norm & _alias_init_last,0.0,0.0,0.0,0.0,0.0,0.0,0.0,5.13,4.04,34.8,0.35
2025,3,0.0,2025_03_LA_PHI,Los Angeles Rams,Davis Allen,TE,00-0039074,1.0,0.0,0.0,0.0,0.0,0.0,0.0,0.0,3.69,1.97,19.2,0.2,0.1782,72.0,41.64,28.07,316.1,138.8,2.212372767440498,0.6077567986213559,1.0410667488443763,1.0,1.0,davis allen,davisallen,dallen,Los Angeles Rams,00-0039074,0.0,0.0,0.0,0.0,0.0,0.0,0.0,1.0,1.0,3.0,0.0,D.Allen,LA,team_norm & _alias_init_last,0.0,0.0,0.0,0.0,0.0,0.0,0.0,2.69,0.97,16.2,0.2
2025,3,0.0,2025_03_LA_PHI,Los Angeles Rams,Colby Parkinson,TE,00-0036244,1.0,0.0,0.0,0.0,0.0,0.0,0.0,0.0,0.0,0.0,0.0,0.0,0.0,72.0,41.64,28.07,316.1,138.8,2.212372767440498,0.6077567986213559,1.0410667488443763,1.0,1.0,colby parkinson,colbyparkinson,cparkinson,Los Angeles Rams,00-0036244,,,,,,,,,,,,,,,,,,,,,,,,,
2025,3,0.0,2025_03_LA_PHI,Los Angeles Rams,Puka Nacua,WR,00-0039075,1.0,0.0,0.0,0.0,0.0,0.0,0.0,0.0,9.8,6.9,61.4,0.48,0.3812,72.0,41.64,28.07,316.1,138.8,2.212372767440498,0.6077567986213559,1.0410667488443763,1.0,1.0,puka nacua,pukanacua,pnacua,Los Angeles Rams,00-0039075,0.0,0.0,0.0,0.0,1.0,6.0,0.0,15.0,11.0,112.0,0.0,P.Nacua,LA,team_norm & _alias_init_last,0.0,0.0,0.0,0.0,-1.0,-6.0,0.0,-5.199999999999999,-4.1,-50.6,0.48
2025,3,0.0,2025_03_LA_PHI,Los Angeles Rams,Davante Adams,WR,00-0031381,1.0,0.0,0.0,0.0,0.0,0.0,0.0,0.0,7.38,4.06,42.6,0.38,0.3193,72.0,41.64,28.07,316.1,138.8,2.212372767440498,0.6077567986213559,1.0410667488443763,1.0,1.0,davante adams,davanteadams,dadams,Los Angeles Rams,00-0031381,0.0,0.0,0.0,0.0,0.0,0.0,0.0,9.0,3.0,56.0,1.0,D.Adams,LA,team_norm & _alias_init_last,0.0,0.0,0.0,0.0,0.0,0.0,0.0,-1.62,1.0599999999999996,-13.399999999999999,-0.62
2025,3,0.0,2025_03_LA_PHI,Los Angeles Rams,Jordan Whittington,WR,00-0039751,1.0,0.0,0.0,0.0,0.0,0.0,0.0,0.0,4.92,3.47,35.5,0.24,0.2166,72.0,41.64,28.07,316.1,138.8,2.212372767440498,0.6077567986213559,1.0410667488443763,1.0,1.0,jordan whittington,jordanwhittington,jwhittington,Los Angeles Rams,00-0039751,0.0,0.0,0.0,0.0,2.0,7.0,0.0,3.0,2.0,7.0,0.0,J.Whittington,LA,team_norm & _alias_init_last,0.0,0.0,0.0,0.0,-2.0,-7.0,0.0,1.92,1.4700000000000002,28.5,0.24
2025,3,0.0,2025_03_LA_PHI,Los Angeles Rams,Drake Stoops,WR,00-0039773,1.0,0.0,0.0,0.0,0.0,0.0,0.0,0.0,0.0,0.0,0.0,0.0,0.0,72.0,41.64,28.07,316.1,138.8,2.212372767440498,0.6077567986213559,1.0410667488443763,0.0,0.0,drake stoops,drakestoops,dstoops,Los Angeles Rams,00-0039773,,,,,,,,,,,,,,,,,,,,,,,,,
2025,3,0.0,2025_03_LA_PHI,Los Angeles Rams,Konata Mumpfield,WR,00-0040590,1.0,0.0,0.0,0.0,0.0,0.0,0.0,0.0,0.0,0.0,0.0,0.0,0.0,72.0,41.64,28.07,316.1,138.8,2.212372767440498,0.6077567986213559,1.0410667488443763,1.0,1.0,konata mumpfield,konatamumpfield,kmumpfield,Los Angeles Rams,00-0040590,,,,,,,,,,,,,,,,,,,,,,,,,
2025,3,0.0,2025_03_LA_PHI,Los Angeles Rams,Tutu Atwell,WR,00-0036849,1.0,0.0,0.0,0.0,0.0,0.0,0.0,0.0,0.0,0.0,0.0,0.0,0.0,72.0,41.64,28.07,316.1,138.8,2.212372767440498,0.6077567986213559,1.0410667488443763,1.0,1.0,tutu atwell,tutuatwell,tatwell,Los Angeles Rams,,0.0,0.0,0.0,0.0,0.0,0.0,0.0,1.0,0.0,0.0,0.0,T.Atwell,LA,team_norm & _alias_init_last,0.0,0.0,0.0,0.0,0.0,0.0,0.0,-1.0,0.0,0.0,0.0
2025,3,0.0,2025_03_LA_PHI,Los Angeles Rams,Xavier Smith,WR,00-0038359,1.0,0.0,0.0,0.0,0.0,0.0,0.0,0.0,0.0,0.0,0.0,0.0,0.0,72.0,41.64,28.07,316.1,138.8,2.212372767440498,0.6077567986213559,1.0410667488443763,1.0,1.0,xavier smith,xaviersmith,xsmith,Los Angeles Rams,00-0038359,,,,,,,,,,,,,,,,,,,,,,,,,
2025,3,0.0,2025_03_LA_PHI,Philadelphia Eagles,Jalen Hurts,QB,00-0036389,1.0,29.42,200.9,1.83,0.68,13.2,44.9,0.5,0.0,0.0,0.0,0.0,0.3923,72.0,30.03,39.6,221.1,190.0,2.139313353753357,1.544826171456501,0.7507750344827587,1.0,1.0,jalen hurts,jalenhurts,jhurts,Philadelphia Eagles,00-0036389,40.0,226.0,3.0,0.0,8.0,39.0,1.0,0.0,0.0,0.0,0.0,J.Hurts,PHI,team_norm & _alias_init_last,-10.579999999999998,-25.099999999999994,-1.17,0.68,5.199999999999999,5.899999999999999,-0.5,0.0,0.0,0.0,0.0
2025,3,0.0,2025_03_LA_PHI,Philadelphia Eagles,Saquon Barkley,RB,00-0034844,1.0,0.0,0.0,0.0,0.0,16.97,71.7,0.88,3.43,2.15,15.6,0.24,0.6728,72.0,30.03,39.6,221.1,190.0,2.139313353753357,1.544826171456501,0.7507750344827587,1.0,1.0,saquon barkley,saquonbarkley,sbarkley,Philadelphia Eagles,00-0034844,0.0,0.0,0.0,0.0,18.0,46.0,0.0,5.0,4.0,9.0,0.0,S.Barkley,PHI,team_norm & _alias_init_last,0.0,0.0,0.0,0.0,-1.0300000000000011,25.700000000000003,0.88,-1.5699999999999998,-1.85,6.6,0.24
2025,3,0.0,2025_03_LA_PHI,Philadelphia Eagles,Will Shipley,RB,00-0039746,1.0,0.0,0.0,0.0,0.0,9.43,42.2,0.3,2.13,1.45,12.3,0.15,0.3645,72.0,30.03,39.6,221.1,190.0,2.139313353753357,1.544826171456501,0.7507750344827587,0.0,0.0,will shipley,willshipley,wshipley,Philadelphia Eagles,00-0039746,,,,,,,,,,,,,,,,,,,,,,,,,
2025,3,0.0,2025_03_LA_PHI,Philadelphia Eagles,AJ Dillon,RB,00-0036265,1.0,0.0,0.0,0.0,0.0,0.0,0.0,0.0,0.0,0.0,0.0,0.0,0.0,72.0,30.03,39.6,221.1,190.0,2.139313353753357,1.544826171456501,0.7507750344827587,1.0,1.0,aj dillon,ajdillon,adillon,Philadelphia Eagles,00-0036265,,,,,,,,,,,,,,,,,,,,,,,,,
2025,3,0.0,2025_03_LA_PHI,Philadelphia Eagles,Tank Bigsby,RB,00-0038555,1.0,0.0,0.0,0.0,0.0,0.0,0.0,0.0,0.0,0.0,0.0,0.0,0.0,72.0,30.03,39.6,221.1,190.0,2.139313353753357,1.544826171456501,0.7507750344827587,1.0,1.0,tank bigsby,tankbigsby,tbigsby,Philadelphia Eagles,,,,,,,,,,,,,,,,,,,,,,,,,,
2025,3,0.0,2025_03_LA_PHI,Philadelphia Eagles,Dallas Goedert,TE,00-0034351,1.0,0.0,0.0,0.0,0.0,0.0,0.0,0.0,5.21,3.19,24.1,0.34,0.2877,72.0,30.03,39.6,221.1,190.0,2.139313353753357,1.544826171456501,0.7507750344827587,1.0,1.0,dallas goedert,dallasgoedert,dgoedert,Philadelphia Eagles,00-0034351,0.0,0.0,0.0,0.0,0.0,0.0,0.0,2.0,1.0,33.0,1.0,D.Goedert,PHI,team_norm & _alias_init_last,0.0,0.0,0.0,0.0,0.0,0.0,0.0,3.21,2.19,-8.899999999999999,-0.6599999999999999
2025,3,0.0,2025_03_LA_PHI,Philadelphia Eagles,Grant Calcaterra,TE,00-0037086,1.0,0.0,0.0,0.0,0.0,0.0,0.0,0.0,2.69,1.66,14.5,0.18,0.1663,72.0,30.03,39.6,221.1,190.0,2.139313353753357,1.544826171456501,0.7507750344827587,1.0,1.0,grant calcaterra,grantcalcaterra,gcalcaterra,Philadelphia Eagles,00-0037086,,,,,,,,,,,,,,,,,,,,,,,,,
2025,3,0.0,2025_03_LA_PHI,Philadelphia Eagles,Cameron Latu,TE,00-0038564,1.0,0.0,0.0,0.0,0.0,0.0,0.0,0.0,0.0,0.0,0.0,0.0,0.0,72.0,30.03,39.6,221.1,190.0,2.139313353753357,1.544826171456501,0.7507750344827587,1.0,1.0,cameron latu,cameronlatu,clatu,Philadelphia Eagles,00-0038564,,,,,,,,,,,,,,,,,,,,,,,,,
2025,3,0.0,2025_03_LA_PHI,Philadelphia Eagles,Kylen Granson,TE,00-0036876,1.0,0.0,0.0,0.0,0.0,0.0,0.0,0.0,0.0,0.0,0.0,0.0,0.0,72.0,30.03,39.6,221.1,190.0,2.139313353753357,1.544826171456501,0.7507750344827587,1.0,1.0,kylen granson,kylengranson,kgranson,Philadelphia Eagles,00-0036876,,,,,,,,,,,,,,,,,,,,,,,,,
2025,3,0.0,2025_03_LA_PHI,Philadelphia Eagles,A.J. Brown,WR,00-0035676,1.0,0.0,0.0,0.0,0.0,0.0,0.0,0.0,7.34,4.46,41.1,0.48,0.3826,72.0,30.03,39.6,221.1,190.0,2.139313353753357,1.544826171456501,0.7507750344827587,1.0,1.0,a.j. brown,ajbrown,abrown,Philadelphia Eagles,00-0035676,0.0,0.0,0.0,0.0,0.0,0.0,0.0,11.0,6.0,109.0,1.0,A.Brown,PHI,team_norm & _alias_init_last,0.0,0.0,0.0,0.0,0.0,0.0,0.0,-3.66,-1.54,-67.9,-0.52
2025,3,0.0,2025_03_LA_PHI,Philadelphia Eagles,DeVonta Smith,WR,00-0036912,1.0,0.0,0.0,0.0,0.0,0.0,0.0,0.0,5.53,3.95,30.8,0.36,0.3025,72.0,30.03,39.6,221.1,190.0,2.139313353753357,1.544826171456501,0.7507750344827587,1.0,1.0,devonta smith,devontasmith,dsmith,Philadelphia Eagles,00-0036912,0.0,0.0,0.0,0.0,0.0,0.0,0.0,11.0,8.0,60.0,1.0,D.Smith,PHI,team_norm & _alias_init_last,0.0,0.0,0.0,0.0,0.0,0.0,0.0,-5.47,-4.05,-29.2,-0.64
2025,3,0.0,2025_03_LA_PHI,Philadelphia Eagles,Jahan Dotson,WR,00-0037741,1.0,0.0,0.0,0.0,0.0,0.0,0.0,0.0,3.69,2.03,20.1,0.25,0.2216,72.0,30.03,39.6,221.1,190.0,2.139313353753357,1.544826171456501,0.7507750344827587,1.0,1.0,jahan dotson,jahandotson,jdotson,Philadelphia Eagles,00-0037741,0.0,0.0,0.0,0.0,0.0,0.0,0.0,3.0,1.0,7.0,0.0,J.Dotson,PHI,team_norm & _alias_init_last,0.0,0.0,0.0,0.0,0.0,0.0,0.0,0.69,1.0299999999999998,13.100000000000001,0.25
2025,3,0.0,2025_03_LA_PHI,Philadelphia Eagles,Danny Gray,WR,00-0037828,1.0,0.0,0.0,0.0,0.0,0.0,0.0,0.0,0.0,0.0,0.0,0.0,0.0,72.0,30.03,39.6,221.1,190.0,2.139313353753357,1.544826171456501,0.7507750344827587,0.0,0.0,danny gray,dannygray,dgray,Philadelphia Eagles,00-0037828,,,,,,,,,,,,,,,,,,,,,,,,,
2025,3,0.0,2025_03_LA_PHI,Philadelphia Eagles,Darius Cooper,WR,00-0040024,1.0,0.0,0.0,0.0,0.0,0.0,0.0,0.0,0.0,0.0,0.0,0.0,0.0,72.0,30.03,39.6,221.1,190.0,2.139313353753357,1.544826171456501,0.7507750344827587,1.0,1.0,darius cooper,dariuscooper,dcooper,Philadelphia Eagles,00-0040024,,,,,,,,,,,,,,,,,,,,,,,,,
2025,3,0.0,2025_03_LV_WAS,Las Vegas Raiders,Geno Smith,QB,00-0030565,1.0,42.38,239.7,1.33,1.07,3.81,10.7,0.04,0.0,0.0,0.0,0.0,0.0431,72.0,47.11,21.6,264.3,78.9,1.2351656482440077,0.2467083209519371,1.1778373176332058,1.0,1.0,geno smith,genosmith,gsmith,Las Vegas Raiders,,36.0,289.0,3.0,0.0,2.0,5.0,0.0,0.0,0.0,0.0,0.0,G.Smith,LV,team_norm & _alias_init_last,6.380000000000003,-49.30000000000001,-1.67,1.07,1.81,5.699999999999999,0.04,0.0,0.0,0.0,0.0
2025,3,0.0,2025_03_LV_WAS,Las Vegas Raiders,Ashton Jeanty,RB,00-0040122,1.0,0.0,0.0,0.0,0.0,11.44,36.3,0.15,5.35,3.37,19.7,0.14,0.2552,72.0,47.11,21.6,264.3,78.9,1.2351656482440077,0.2467083209519371,1.1778373176332058,1.0,1.0,ashton jeanty,ashtonjeanty,ajeanty,Las Vegas Raiders,00-0040122,0.0,0.0,0.0,0.0,19.0,63.0,0.0,0.0,0.0,0.0,0.0,A.Jeanty,LV,team_norm & _alias_init_last,0.0,0.0,0.0,0.0,-7.5600000000000005,-26.700000000000003,0.15,5.35,3.37,19.7,0.14
2025,3,0.0,2025_03_LV_WAS,Las Vegas Raiders,Zamir White,RB,00-0038040,1.0,0.0,0.0,0.0,0.0,6.35,20.3,0.05,3.33,2.18,13.5,0.09,0.1306,72.0,47.11,21.6,264.3,78.9,1.2351656482440077,0.2467083209519371,1.1778373176332058,1.0,1.0,zamir white,zamirwhite,zwhite,Las Vegas Raiders,00-0038040,0.0,0.0,0.0,0.0,5.0,19.0,0.0,2.0,1.0,4.0,0.0,Z.White,LV,team_norm & _alias_init_last,0.0,0.0,0.0,0.0,1.3499999999999996,1.3000000000000007,0.05,1.33,1.1800000000000002,9.5,0.09
2025,3,0.0,2025_03_LV_WAS,Las Vegas Raiders,Dylan Laube,RB,00-0039407,1.0,0.0,0.0,0.0,0.0,0.0,0.0,0.0,0.0,0.0,0.0,0.0,0.0,72.0,47.11,21.6,264.3,78.9,1.2351656482440077,0.2467083209519371,1.1778373176332058,1.0,1.0,dylan laube,dylanlaube,dlaube,Las Vegas Raiders,00-0039407,0.0,0.0,0.0,0.0,3.0,2.0,0.0,1.0,0.0,0.0,0.0,D.Laube,LV,team_norm & _alias_init_last,0.0,0.0,0.0,0.0,-3.0,-2.0,0.0,-1.0,0.0,0.0,0.0
2025,3,0.0,2025_03_LV_WAS,Las Vegas Raiders,Brock Bowers,TE,00-0039338,1.0,0.0,0.0,0.0,0.0,0.0,0.0,0.0,8.0,4.84,32.7,0.19,0.1744,72.0,47.11,21.6,264.3,78.9,1.2351656482440077,0.2467083209519371,1.1778373176332058,1.0,1.0,brock bowers,brockbowers,bbowers,Las Vegas Raiders,00-0039338,0.0,0.0,0.0,0.0,0.0,0.0,0.0,7.0,4.0,38.0,0.0,B.Bowers,LV,team_norm & _alias_init_last,0.0,0.0,0.0,0.0,0.0,0.0,0.0,1.0,0.8399999999999999,-5.299999999999997,0.19
2025,3,0.0,2025_03_LV_WAS,Las Vegas Raiders,Michael Mayer,TE,00-0039066,1.0,0.0,0.0,0.0,0.0,0.0,0.0,0.0,4.14,2.38,17.0,0.1,0.0964,72.0,47.11,21.6,264.3,78.9,1.2351656482440077,0.2467083209519371,1.1778373176332058,1.0,1.0,michael mayer,michaelmayer,mmayer,Las Vegas Raiders,00-0039066,0.0,0.0,0.0,0.0,0.0,0.0,0.0,1.0,0.0,0.0,0.0,M.Mayer,LV,team_norm & _alias_init_last,0.0,0.0,0.0,0.0,0.0,0.0,0.0,3.1399999999999997,2.38,17.0,0.1
2025,3,0.0,2025_03_LV_WAS,Las Vegas Raiders,Ian Thomas,TE,00-0034365,1.0,0.0,0.0,0.0,0.0,0.0,0.0,0.0,0.0,0.0,0.0,0.0,0.0,72.0,47.11,21.6,264.3,78.9,1.2351656482440077,0.2467083209519371,1.1778373176332058,1.0,1.0,ian thomas,ianthomas,ithomas,Las Vegas Raiders,00-0034365,,,,,,,,,,,,,,,,,,,,,,,,,
2025,3,0.0,2025_03_LV_WAS,Las Vegas Raiders,Jakobi Meyers,WR,,1.0,0.0,0.0,0.0,0.0,0.0,0.0,0.0,11.66,7.56,100.6,0.31,0.2633,72.0,47.11,21.6,264.3,78.9,1.2351656482440077,0.2467083209519371,1.1778373176332058,0.0,1.0,jakobi meyers,jakobimeyers,jmeyers,Las Vegas Raiders,,0.0,0.0,0.0,0.0,0.0,0.0,0.0,4.0,3.0,63.0,0.0,J.Meyers,LV,team_norm & _alias_init_last,0.0,0.0,0.0,0.0,0.0,0.0,0.0,7.66,4.56,37.599999999999994,0.31
2025,3,0.0,2025_03_LV_WAS,Las Vegas Raiders,Tre Tucker,WR,00-0038563,1.0,0.0,0.0,0.0,0.0,0.0,0.0,0.0,8.78,5.01,38.6,0.21,0.1896,72.0,47.11,21.6,264.3,78.9,1.2351656482440077,0.2467083209519371,1.1778373176332058,1.0,1.0,tre tucker,tretucker,ttucker,Las Vegas Raiders,00-0038563,0.0,0.0,0.0,0.0,1.0,4.0,0.0,9.0,8.0,145.0,3.0,T.Tucker,LV,team_norm & _alias_init_last,0.0,0.0,0.0,0.0,-1.0,-4.0,0.0,-0.22000000000000064,-2.99,-106.4,-2.79
2025,3,0.0,2025_03_LV_WAS,Las Vegas Raiders,Dont'e Thornton Jr.,WR,00-0040581,1.0,0.0,0.0,0.0,0.0,0.0,0.0,0.0,5.85,2.97,34.4,0.14,0.1347,72.0,47.11,21.6,264.3,78.9,1.2351656482440077,0.2467083209519371,1.1778373176332058,1.0,1.0,dont'e thornton jr.,dontethorntonjr,dthornton,Las Vegas Raiders,00-0040581,0.0,0.0,0.0,0.0,0.0,0.0,0.0,4.0,2.0,29.0,0.0,D.Thornton,LV,team_norm & _alias_init_last,0.0,0.0,0.0,0.0,0.0,0.0,0.0,1.8499999999999996,0.9700000000000002,5.399999999999999,0.14
2025,3,0.0,2025_03_LV_WAS,Las Vegas Raiders,Alex Bachman,WR,00-0035602,1.0,0.0,0.0,0.0,0.0,0.0,0.0,0.0,0.0,0.0,0.0,0.0,0.0,72.0,47.11,21.6,264.3,78.9,1.2351656482440077,0.2467083209519371,1.1778373176332058,1.0,1.0,alex bachman,alexbachman,abachman,Las Vegas Raiders,00-0035602,,,,,,,,,,,,,,,,,,,,,,,,,
2025,3,0.0,2025_03_LV_WAS,Las Vegas Raiders,Amari Cooper,WR,00-0031544,1.0,0.0,0.0,0.0,0.0,0.0,0.0,0.0,0.0,0.0,0.0,0.0,0.0,72.0,47.11,21.6,264.3,78.9,1.2351656482440077,0.2467083209519371,1.1778373176332058,1.0,1.0,amari cooper,amaricooper,acooper,Las Vegas Raiders,00-0031544,,,,,,,,,,,,,,,,,,,,,,,,,
2025,3,0.0,2025_03_LV_WAS,Las Vegas Raiders,Brenden Rice,WR,00-0039415,1.0,0.0,0.0,0.0,0.0,0.0,0.0,0.0,0.0,0.0,0.0,0.0,0.0,72.0,47.11,21.6,264.3,78.9,1.2351656482440077,0.2467083209519371,1.1778373176332058,0.0,0.0,brenden rice,brendenrice,brice,Las Vegas Raiders,00-0039415,,,,,,,,,,,,,,,,,,,,,,,,,
2025,3,0.0,2025_03_LV_WAS,Las Vegas Raiders,Jack Bech,WR,00-0040729,1.0,0.0,0.0,0.0,0.0,0.0,0.0,0.0,0.0,0.0,0.0,0.0,0.0,72.0,47.11,21.6,264.3,78.9,1.2351656482440077,0.2467083209519371,1.1778373176332058,1.0,1.0,jack bech,jackbech,jbech,Las Vegas Raiders,00-0040729,0.0,0.0,0.0,0.0,0.0,0.0,0.0,1.0,1.0,10.0,0.0,J.Bech,LV,team_norm & _alias_init_last,0.0,0.0,0.0,0.0,0.0,0.0,0.0,-1.0,-1.0,-10.0,0.0
2025,3,0.0,2025_03_LV_WAS,Las Vegas Raiders,Justin Shorter,WR,00-0038590,1.0,0.0,0.0,0.0,0.0,0.0,0.0,0.0,0.0,0.0,0.0,0.0,0.0,72.0,47.11,21.6,264.3,78.9,1.2351656482440077,0.2467083209519371,1.1778373176332058,1.0,1.0,justin shorter,justinshorter,jshorter,Las Vegas Raiders,00-0038590,,,,,,,,,,,,,,,,,,,,,,,,,
2025,3,0.0,2025_03_LV_WAS,Washington Commanders,Jayden Daniels,QB,00-0039910,1.0,33.86,218.7,3.1,0.81,5.5,18.0,0.11,0.0,0.0,0.0,0.0,0.1063,55.0,35.78,16.5,245.1,73.6,3.9559216989105783,0.3540679683654733,0.8945088970588236,0.0,0.0,jayden daniels,jaydendaniels,jdaniels,Washington Commanders,00-0039910,,,,,,,,,,,,,,,,,,,,,,,,,
2025,3,0.0,2025_03_LV_WAS,Washington Commanders,Jacory Croskey-Merritt,RB,00-0040242,1.0,0.0,0.0,0.0,0.0,7.07,29.0,0.2,4.38,2.67,24.5,0.48,0.4943,55.0,35.78,16.5,245.1,73.6,3.9559216989105783,0.3540679683654733,0.8945088970588236,1.0,1.0,jacory croskey-merritt,jacorycroskeymerritt,jcroskeymerritt,Washington Commanders,00-0040242,0.0,0.0,0.0,0.0,9.0,26.0,1.0,1.0,1.0,5.0,0.0,J.Croskey-Merritt,WAS,team_norm & _alias_init_last,0.0,0.0,0.0,0.0,-1.9299999999999997,3.0,-0.8,3.38,1.67,19.5,0.48
2025,3,0.0,2025_03_LV_WAS,Washington Commanders,Chris Rodriguez Jr.,RB,00-0038611,1.0,0.0,0.0,0.0,0.0,3.93,15.4,0.08,2.72,1.78,15.4,0.3,0.3153,55.0,35.78,16.5,245.1,73.6,3.9559216989105783,0.3540679683654733,0.8945088970588236,1.0,1.0,chris rodriguez jr.,chrisrodriguezjr,crodriguez,Washington Commanders,00-0038611,0.0,0.0,0.0,0.0,11.0,39.0,0.0,0.0,0.0,0.0,0.0,C.Rodriguez,WAS,team_norm & _alias_init_last,0.0,0.0,0.0,0.0,-7.07,-23.6,0.08,2.72,1.78,15.4,0.3
2025,3,0.0,2025_03_LV_WAS,Washington Commanders,Jeremy McNichols,RB,00-0033955,1.0,0.0,0.0,0.0,0.0,0.0,0.0,0.0,0.0,0.0,0.0,0.0,0.0,55.0,35.78,16.5,245.1,73.6,3.9559216989105783,0.3540679683654733,0.8945088970588236,1.0,1.0,jeremy mcnichols,jeremymcnichols,jmcnichols,Washington Commanders,00-0033955,0.0,0.0,0.0,0.0,4.0,78.0,1.0,0.0,0.0,0.0,0.0,J.McNichols,WAS,team_norm & _alias_init_last,0.0,0.0,0.0,0.0,-4.0,-78.0,-1.0,0.0,0.0,0.0,0.0
2025,3,0.0,2025_03_LV_WAS,Washington Commanders,Zach Ertz,TE,00-0030061,1.0,0.0,0.0,0.0,0.0,0.0,0.0,0.0,5.66,3.1,26.7,0.6,0.4487,55.0,35.78,16.5,245.1,73.6,3.9559216989105783,0.3540679683654733,0.8945088970588236,1.0,1.0,zach ertz,zachertz,zertz,Washington Commanders,00-0030061,0.0,0.0,0.0,0.0,0.0,0.0,0.0,4.0,3.0,38.0,0.0,Z.Ertz,WAS,team_norm & _alias_init_last,0.0,0.0,0.0,0.0,0.0,0.0,0.0,1.6600000000000001,0.10000000000000009,-11.3,0.6
2025,3,0.0,2025_03_LV_WAS,Washington Commanders,John Bates,TE,00-0036628,1.0,0.0,0.0,0.0,0.0,0.0,0.0,0.0,2.93,1.6,15.2,0.3,0.2576,55.0,35.78,16.5,245.1,73.6,3.9559216989105783,0.3540679683654733,0.8945088970588236,0.0,0.0,john bates,johnbates,jbates,Washington Commanders,00-0036628,,,,,,,,,,,,,,,,,,,,,,,,,
2025,3,0.0,2025_03_LV_WAS,Washington Commanders,Ben Sinnott,TE,00-0039912,1.0,0.0,0.0,0.0,0.0,0.0,0.0,0.0,0.0,0.0,0.0,0.0,0.0,55.0,35.78,16.5,245.1,73.6,3.9559216989105783,0.3540679683654733,0.8945088970588236,1.0,1.0,ben sinnott,bensinnott,bsinnott,Washington Commanders,00-0039912,,,,,,,,,,,,,,,,,,,,,,,,,
2025,3,0.0,2025_03_LV_WAS,Washington Commanders,Colson Yankoff,TE,00-0039686,1.0,0.0,0.0,0.0,0.0,0.0,0.0,0.0,0.0,0.0,0.0,0.0,0.0,55.0,35.78,16.5,245.1,73.6,3.9559216989105783,0.3540679683654733,0.8945088970588236,1.0,1.0,colson yankoff,colsonyankoff,cyankoff,Washington Commanders,00-0039686,,,,,,,,,,,,,,,,,,,,,,,,,
2025,3,0.0,2025_03_LV_WAS,Washington Commanders,Gee Scott Jr.,TE,00-0040571,1.0,0.0,0.0,0.0,0.0,0.0,0.0,0.0,0.0,0.0,0.0,0.0,0.0,55.0,35.78,16.5,245.1,73.6,3.9559216989105783,0.3540679683654733,0.8945088970588236,0.0,0.0,gee scott jr.,geescottjr,gscott,Washington Commanders,00-0040571,,,,,,,,,,,,,,,,,,,,,,,,,
2025,3,0.0,2025_03_LV_WAS,Washington Commanders,Terry McLaurin,WR,00-0035659,1.0,0.0,0.0,0.0,0.0,0.0,0.0,0.0,8.84,5.53,51.1,0.91,0.597,55.0,35.78,16.5,245.1,73.6,3.9559216989105783,0.3540679683654733,0.8945088970588236,1.0,1.0,terry mclaurin,terrymclaurin,tmclaurin,Washington Commanders,00-0035659,0.0,0.0,0.0,0.0,0.0,0.0,0.0,4.0,3.0,74.0,0.0,T.McLaurin,WAS,team_norm & _alias_init_last,0.0,0.0,0.0,0.0,0.0,0.0,0.0,4.84,2.5300000000000002,-22.9,0.91
2025,3,0.0,2025_03_LV_WAS,Washington Commanders,Deebo Samuel,WR,,1.0,0.0,0.0,0.0,0.0,0.0,0.0,0.0,6.66,4.29,72.4,0.74,0.521,55.0,35.78,16.5,245.1,73.6,3.9559216989105783,0.3540679683654733,0.8945088970588236,0.0,0.0,deebo samuel,deebosamuel,dsamuel,Washington Commanders,,0.0,0.0,0.0,0.0,3.0,18.0,0.0,3.0,2.0,11.0,0.0,D.Samuel,WAS,team_norm & _alias_init_last,0.0,0.0,0.0,0.0,-3.0,-18.0,0.0,3.66,2.29,61.400000000000006,0.74
2025,3,0.0,2025_03_LV_WAS,Washington Commanders,Noah Brown,WR,00-0033591,1.0,0.0,0.0,0.0,0.0,0.0,0.0,0.0,4.44,2.39,24.3,0.46,0.3706,55.0,35.78,16.5,245.1,73.6,3.9559216989105783,0.3540679683654733,0.8945088970588236,0.0,0.0,noah brown,noahbrown,nbrown,Washington Commanders,00-0033591,,,,,,,,,,,,,,,,,,,,,,,,,
2025,3,0.0,2025_03_LV_WAS,Washington Commanders,Braylon Sanders,WR,00-0037355,1.0,0.0,0.0,0.0,0.0,0.0,0.0,0.0,0.0,0.0,0.0,0.0,0.0,55.0,35.78,16.5,245.1,73.6,3.9559216989105783,0.3540679683654733,0.8945088970588236,0.0,0.0,braylon sanders,braylonsanders,bsanders,Washington Commanders,00-0037355,,,,,,,,,,,,,,,,,,,,,,,,,
2025,3,0.0,2025_03_LV_WAS,Washington Commanders,Chris Moore,WR,00-0032398,1.0,0.0,0.0,0.0,0.0,0.0,0.0,0.0,0.0,0.0,0.0,0.0,0.0,55.0,35.78,16.5,245.1,73.6,3.9559216989105783,0.3540679683654733,0.8945088970588236,1.0,1.0,chris moore,chrismoore,cmoore,Washington Commanders,00-0032398,0.0,0.0,0.0,0.0,0.0,0.0,0.0,2.0,2.0,25.0,0.0,C.Moore,WAS,team_norm & _alias_init_last,0.0,0.0,0.0,0.0,0.0,0.0,0.0,-2.0,-2.0,-25.0,0.0
2025,3,0.0,2025_03_LV_WAS,Washington Commanders,Jaylin Lane,WR,00-0040164,1.0,0.0,0.0,0.0,0.0,0.0,0.0,0.0,0.0,0.0,0.0,0.0,0.0,55.0,35.78,16.5,245.1,73.6,3.9559216989105783,0.3540679683654733,0.8945088970588236,1.0,1.0,jaylin lane,jaylinlane,jlane,Washington Commanders,00-0040164,0.0,0.0,0.0,0.0,0.0,0.0,0.0,2.0,1.0,-2.0,0.0,J.Lane,WAS,team_norm & _alias_init_last,0.0,0.0,0.0,0.0,0.0,0.0,0.0,-2.0,-1.0,2.0,0.0
2025,3,0.0,2025_03_LV_WAS,Washington Commanders,Luke McCaffrey,WR,00-0039355,1.0,0.0,0.0,0.0,0.0,0.0,0.0,0.0,0.0,0.0,0.0,0.0,0.0,55.0,35.78,16.5,245.1,73.6,3.9559216989105783,0.3540679683654733,0.8945088970588236,1.0,1.0,luke mccaffrey,lukemccaffrey,lmccaffrey,Washington Commanders,00-0039355,0.0,0.0,0.0,0.0,0.0,0.0,0.0,3.0,3.0,56.0,1.0,L.McCaffrey,WAS,team_norm & _alias_init_last,0.0,0.0,0.0,0.0,0.0,0.0,0.0,-3.0,-3.0,-56.0,-1.0
2025,3,0.0,2025_03_MIA_BUF,Buffalo Bills,Josh Allen,QB,00-0034857,1.0,32.17,205.7,2.51,0.74,11.43,34.3,0.58,0.0,0.0,0.0,0.0,0.4415,72.0,32.7,37.52,213.2,159.4,2.994274522595811,1.7545635777201696,0.8174023340040242,1.0,1.0,josh allen,joshallen,jallen,Buffalo Bills,00-0034857,34.0,213.0,3.0,0.0,2.0,2.0,0.0,0.0,0.0,0.0,0.0,J.Allen,BUF,team_norm & _alias_init_last,-1.8299999999999983,-7.300000000000011,-0.4900000000000002,0.74,9.43,32.3,0.58,0.0,0.0,0.0,0.0
2025,3,0.0,2025_03_MIA_BUF,Buffalo Bills,James Cook,RB,00-0037248,1.0,0.0,0.0,0.0,0.0,16.78,61.1,1.01,4.1,2.77,18.4,0.37,0.7504,72.0,32.7,37.52,213.2,159.4,2.994274522595811,1.7545635777201696,0.8174023340040242,1.0,1.0,james cook,jamescook,jcook,Buffalo Bills,00-0037248,0.0,0.0,0.0,0.0,19.0,108.0,1.0,3.0,3.0,10.0,0.0,J.Cook,BUF,team_norm & _alias_init_last,0.0,0.0,0.0,0.0,-2.219999999999999,-46.9,0.010000000000000009,1.0999999999999996,-0.22999999999999998,8.399999999999999,0.37
2025,3,0.0,2025_03_MIA_BUF,Buffalo Bills,Ray Davis,RB,00-0039875,1.0,0.0,0.0,0.0,0.0,9.32,35.1,0.35,2.55,1.7,13.1,0.24,0.4454,72.0,32.7,37.52,213.2,159.4,2.994274522595811,1.7545635777201696,0.8174023340040242,1.0,1.0,ray davis,raydavis,rdavis,Buffalo Bills,00-0039875,0.0,0.0,0.0,0.0,0.0,0.0,0.0,1.0,0.0,0.0,0.0,R.Davis,BUF,team_norm & _alias_init_last,0.0,0.0,0.0,0.0,9.32,35.1,0.35,1.5499999999999998,1.7,13.1,0.24
2025,3,0.0,2025_03_MIA_BUF,Buffalo Bills,Ty Johnson,RB,00-0035537,1.0,0.0,0.0,0.0,0.0,0.0,0.0,0.0,0.0,0.0,0.0,0.0,0.0,72.0,32.7,37.52,213.2,159.4,2.994274522595811,1.7545635777201696,0.8174023340040242,1.0,1.0,ty johnson,tyjohnson,tjohnson,Buffalo Bills,00-0034376,0.0,0.0,0.0,0.0,3.0,13.0,0.0,2.0,1.0,8.0,0.0,Ty.Johnson,BUF,team_norm & _name_norm_loose,0.0,0.0,0.0,0.0,-3.0,-13.0,0.0,-2.0,-1.0,-8.0,0.0
2025,3,0.0,2025_03_MIA_BUF,Buffalo Bills,Dalton Kincaid,TE,00-0038933,1.0,0.0,0.0,0.0,0.0,0.0,0.0,0.0,5.7,3.29,25.7,0.47,0.374,72.0,32.7,37.52,213.2,159.4,2.994274522595811,1.7545635777201696,0.8174023340040242,1.0,1.0,dalton kincaid,daltonkincaid,dkincaid,Buffalo Bills,00-0038933,0.0,0.0,0.0,0.0,0.0,0.0,0.0,6.0,5.0,66.0,1.0,D.Kincaid,BUF,team_norm & _alias_init_last,0.0,0.0,0.0,0.0,0.0,0.0,0.0,-0.2999999999999998,-1.71,-40.3,-0.53
2025,3,0.0,2025_03_MIA_BUF,Buffalo Bills,Dawson Knox,TE,00-0035689,1.0,0.0,0.0,0.0,0.0,0.0,0.0,0.0,2.94,1.69,13.1,0.26,0.2321,72.0,32.7,37.52,213.2,159.4,2.994274522595811,1.7545635777201696,0.8174023340040242,1.0,1.0,dawson knox,dawsonknox,dknox,Buffalo Bills,00-0035689,,,,,,,,,,,,,,,,,,,,,,,,,
2025,3,0.0,2025_03_MIA_BUF,Buffalo Bills,Jackson Hawes,TE,00-0040194,1.0,0.0,0.0,0.0,0.0,0.0,0.0,0.0,0.0,0.0,0.0,0.0,0.0,72.0,32.7,37.52,213.2,159.4,2.994274522595811,1.7545635777201696,0.8174023340040242,1.0,1.0,jackson hawes,jacksonhawes,jhawes,Buffalo Bills,00-0040194,0.0,0.0,0.0,0.0,0.0,0.0,0.0,1.0,1.0,5.0,1.0,J.Hawes,BUF,team_norm & _alias_init_last,0.0,0.0,0.0,0.0,0.0,0.0,0.0,-1.0,-1.0,-5.0,-1.0
2025,3,0.0,2025_03_MIA_BUF,Buffalo Bills,Keon Coleman,WR,00-0039901,1.0,0.0,0.0,0.0,0.0,0.0,0.0,0.0,7.25,3.66,44.1,0.66,0.4845,72.0,32.7,37.52,213.2,159.4,2.994274522595811,1.7545635777201696,0.8174023340040242,1.0,1.0,keon coleman,keoncoleman,kcoleman,Buffalo Bills,00-0039901,0.0,0.0,0.0,0.0,0.0,0.0,0.0,5.0,3.0,20.0,0.0,K.Coleman,BUF,team_norm & _alias_init_last,0.0,0.0,0.0,0.0,0.0,0.0,0.0,2.25,0.6600000000000001,24.1,0.66
2025,3,0.0,2025_03_MIA_BUF,Buffalo Bills,Khalil Shakir,WR,00-0037261,1.0,0.0,0.0,0.0,0.0,0.0,0.0,0.0,5.46,4.03,29.5,0.47,0.3724,72.0,32.7,37.52,213.2,159.4,2.994274522595811,1.7545635777201696,0.8174023340040242,1.0,1.0,khalil shakir,khalilshakir,kshakir,Buffalo Bills,00-0037261,0.0,0.0,0.0,0.0,0.0,0.0,0.0,4.0,4.0,45.0,1.0,K.Shakir,BUF,team_norm & _alias_init_last,0.0,0.0,0.0,0.0,0.0,0.0,0.0,1.46,0.03000000000000025,-15.5,-0.53
2025,3,0.0,2025_03_MIA_BUF,Buffalo Bills,Joshua Palmer,WR,,1.0,0.0,0.0,0.0,0.0,0.0,0.0,0.0,3.64,2.36,37.3,0.33,0.2835,72.0,32.7,37.52,213.2,159.4,2.994274522595811,1.7545635777201696,0.8174023340040242,0.0,0.0,joshua palmer,joshuapalmer,jpalmer,Buffalo Bills,00-0036988,0.0,0.0,0.0,0.0,0.0,0.0,0.0,2.0,1.0,5.0,0.0,J.Palmer,BUF,team_norm & _alias_init_last,0.0,0.0,0.0,0.0,0.0,0.0,0.0,1.6400000000000001,1.3599999999999999,32.3,0.33
2025,3,0.0,2025_03_MIA_BUF,Buffalo Bills,Brandin Cooks,WR,00-0031236,1.0,0.0,0.0,0.0,0.0,0.0,0.0,0.0,0.0,0.0,0.0,0.0,0.0,72.0,32.7,37.52,213.2,159.4,2.994274522595811,1.7545635777201696,0.8174023340040242,0.0,0.0,brandin cooks,brandincooks,bcooks,Buffalo Bills,00-0031236,0.0,0.0,0.0,0.0,0.0,0.0,0.0,5.0,3.0,24.0,0.0,B.Cooks,NO,_alias_init_last,0.0,0.0,0.0,0.0,0.0,0.0,0.0,-5.0,-3.0,-24.0,0.0
2025,3,0.0,2025_03_MIA_BUF,Buffalo Bills,Curtis Samuel,WR,00-0033282,1.0,0.0,0.0,0.0,0.0,0.0,0.0,0.0,0.0,0.0,0.0,0.0,0.0,72.0,32.7,37.52,213.2,159.4,2.994274522595811,1.7545635777201696,0.8174023340040242,0.0,0.0,curtis samuel,curtissamuel,csamuel,Buffalo Bills,00-0033282,,,,,,,,,,,,,,,,,,,,,,,,,
2025,3,0.0,2025_03_MIA_BUF,Buffalo Bills,David White,WR,00-0039562,1.0,0.0,0.0,0.0,0.0,0.0,0.0,0.0,0.0,0.0,0.0,0.0,0.0,72.0,32.7,37.52,213.2,159.4,2.994274522595811,1.7545635777201696,0.8174023340040242,1.0,1.0,david white,davidwhite,dwhite,Buffalo Bills,00-0039562,,,,,,,,,,,,,,,,,,,,,,,,,
2025,3,0.0,2025_03_MIA_BUF,Buffalo Bills,Tyrell Shavers,WR,00-0038679,1.0,0.0,0.0,0.0,0.0,0.0,0.0,0.0,0.0,0.0,0.0,0.0,0.0,72.0,32.7,37.52,213.2,159.4,2.994274522595811,1.7545635777201696,0.8174023340040242,1.0,1.0,tyrell shavers,tyrellshavers,tshavers,Buffalo Bills,00-0038679,0.0,0.0,0.0,0.0,0.0,0.0,0.0,2.0,2.0,24.0,0.0,T.Shavers,BUF,team_norm & _alias_init_last,0.0,0.0,0.0,0.0,0.0,0.0,0.0,-2.0,-2.0,-24.0,0.0
2025,3,0.0,2025_03_MIA_BUF,Miami Dolphins,Tua Tagovailoa,QB,00-0036212,1.0,39.3,279.1,1.95,0.96,1.91,7.5,0.03,0.0,0.0,0.0,0.0,0.0285,66.47,42.25,19.94,320.7,98.6,1.9057992899923184,0.3132428520510208,1.0562100095134292,1.0,1.0,tua tagovailoa,tuatagovailoa,ttagovailoa,Miami Dolphins,00-0036212,37.0,146.0,2.0,1.0,1.0,2.0,0.0,0.0,0.0,0.0,0.0,T.Tagovailoa,MIA,team_norm & _alias_init_last,2.299999999999997,133.10000000000002,-0.050000000000000044,-0.040000000000000036,0.9099999999999999,5.5,0.03,0.0,0.0,0.0,0.0
2025,3,0.0,2025_03_MIA_BUF,Miami Dolphins,De'Von Achane,RB,00-0039040,1.0,0.0,0.0,0.0,0.0,11.59,49.8,0.22,5.04,3.44,24.1,0.23,0.3634,66.47,42.25,19.94,320.7,98.6,1.9057992899923184,0.3132428520510208,1.0562100095134292,1.0,1.0,de'von achane,devonachane,dachane,Miami Dolphins,00-0039040,0.0,0.0,0.0,0.0,12.0,62.0,0.0,9.0,7.0,22.0,0.0,D.Achane,MIA,team_norm & _alias_init_last,0.0,0.0,0.0,0.0,-0.41000000000000014,-12.200000000000003,0.22,-3.96,-3.56,2.1000000000000014,0.23
2025,3,0.0,2025_03_MIA_BUF,Miami Dolphins,Ollie Gordon II,RB,00-0040198,1.0,0.0,0.0,0.0,0.0,6.44,29.3,0.08,3.14,2.08,19.8,0.14,0.2023,66.47,42.25,19.94,320.7,98.6,1.9057992899923184,0.3132428520510208,1.0562100095134292,1.0,1.0,ollie gordon ii,olliegordonii,ogordon,Miami Dolphins,00-0040198,0.0,0.0,0.0,0.0,9.0,38.0,1.0,0.0,0.0,0.0,0.0,O.Gordon,MIA,team_norm & _alias_init_last,0.0,0.0,0.0,0.0,-2.5599999999999996,-8.7,-0.92,3.14,2.08,19.8,0.14
2025,3,0.0,2025_03_MIA_BUF,Miami Dolphins,Jaylen Wright,RB,00-0039874,1.0,0.0,0.0,0.0,0.0,0.0,0.0,0.0,0.0,0.0,0.0,0.0,0.0,66.47,42.25,19.94,320.7,98.6,1.9057992899923184,0.3132428520510208,1.0562100095134292,1.0,1.0,jaylen wright,jaylenwright,jwright,Miami Dolphins,00-0039874,0.0,0.0,0.0,0.0,5.0,20.0,0.0,0.0,0.0,0.0,0.0,J.Wright,SEA,_alias_init_last,0.0,0.0,0.0,0.0,-5.0,-20.0,0.0,0.0,0.0,0.0,0.0
2025,3,0.0,2025_03_MIA_BUF,Miami Dolphins,Darren Waller,TE,00-0031610,1.0,0.0,0.0,0.0,0.0,0.0,0.0,0.0,6.72,3.76,34.5,0.29,0.2482,66.47,42.25,19.94,320.7,98.6,1.9057992899923184,0.3132428520510208,1.0562100095134292,0.0,0.0,darren waller,darrenwaller,dwaller,Miami Dolphins,00-0031610,,,,,,,,,,,,,,,,,,,,,,,,,
2025,3,0.0,2025_03_MIA_BUF,Miami Dolphins,Julian Hill,TE,00-0038720,1.0,0.0,0.0,0.0,0.0,0.0,0.0,0.0,3.47,1.87,18.8,0.16,0.1437,66.47,42.25,19.94,320.7,98.6,1.9057992899923184,0.3132428520510208,1.0562100095134292,1.0,1.0,julian hill,julianhill,jhill,Miami Dolphins,00-0038720,0.0,0.0,0.0,0.0,0.0,0.0,0.0,2.0,1.0,4.0,0.0,J.Hill,MIA,team_norm & _alias_init_last,0.0,0.0,0.0,0.0,0.0,0.0,0.0,1.4700000000000002,0.8700000000000001,14.8,0.16
2025,3,0.0,2025_03_MIA_BUF,Miami Dolphins,Chris Myarick,TE,00-0035345,1.0,0.0,0.0,0.0,0.0,0.0,0.0,0.0,0.0,0.0,0.0,0.0,0.0,66.47,42.25,19.94,320.7,98.6,1.9057992899923184,0.3132428520510208,1.0562100095134292,0.0,0.0,chris myarick,chrismyarick,cmyarick,Miami Dolphins,00-0035345,,,,,,,,,,,,,,,,,,,,,,,,,
2025,3,0.0,2025_03_MIA_BUF,Miami Dolphins,Tyreek Hill,WR,00-0033040,1.0,0.0,0.0,0.0,0.0,0.0,0.0,0.0,10.59,6.96,67.3,0.44,0.3569,66.47,42.25,19.94,320.7,98.6,1.9057992899923184,0.3132428520510208,1.0562100095134292,1.0,1.0,tyreek hill,tyreekhill,thill,Miami Dolphins,00-0033040,0.0,0.0,0.0,0.0,0.0,0.0,0.0,10.0,5.0,49.0,1.0,T.Hill,MIA,team_norm & _alias_init_last,0.0,0.0,0.0,0.0,0.0,0.0,0.0,0.5899999999999999,1.96,18.299999999999997,-0.56
2025,3,0.0,2025_03_MIA_BUF,Miami Dolphins,Jaylen Waddle,WR,00-0036613,1.0,0.0,0.0,0.0,0.0,0.0,0.0,0.0,7.97,5.01,48.8,0.33,0.2797,66.47,42.25,19.94,320.7,98.6,1.9057992899923184,0.3132428520510208,1.0562100095134292,1.0,1.0,jaylen waddle,jaylenwaddle,jwaddle,Miami Dolphins,00-0036613,0.0,0.0,0.0,0.0,0.0,0.0,0.0,6.0,5.0,39.0,1.0,J.Waddle,MIA,team_norm & _alias_init_last,0.0,0.0,0.0,0.0,0.0,0.0,0.0,1.9699999999999998,0.009999999999999787,9.799999999999997,-0.6699999999999999
2025,3,0.0,2025_03_MIA_BUF,Miami Dolphins,Malik Washington,WR,00-0039880,1.0,0.0,0.0,0.0,0.0,0.0,0.0,0.0,5.31,3.72,37.7,0.23,0.2056,66.47,42.25,19.94,320.7,98.6,1.9057992899923184,0.3132428520510208,1.0562100095134292,1.0,1.0,malik washington,malikwashington,mwashington,Miami Dolphins,00-0039880,0.0,0.0,0.0,0.0,2.0,20.0,0.0,6.0,3.0,12.0,0.0,M.Washington,MIA,team_norm & _alias_init_last,0.0,0.0,0.0,0.0,-2.0,-20.0,0.0,-0.6900000000000004,0.7200000000000002,25.700000000000003,0.23
2025,3,0.0,2025_03_MIA_BUF,Miami Dolphins,Cedrick Wilson Jr.,WR,00-0034418,1.0,0.0,0.0,0.0,0.0,0.0,0.0,0.0,0.0,0.0,0.0,0.0,0.0,66.47,42.25,19.94,320.7,98.6,1.9057992899923184,0.3132428520510208,1.0562100095134292,0.0,0.0,cedrick wilson jr.,cedrickwilsonjr,cwilson,Miami Dolphins,00-0034418,,,,,,,,,,,,,,,,,,,,,,,,,
2025,3,0.0,2025_03_MIA_BUF,Miami Dolphins,Dee Eskridge,WR,00-0036620,1.0,0.0,0.0,0.0,0.0,0.0,0.0,0.0,0.0,0.0,0.0,0.0,0.0,66.47,42.25,19.94,320.7,98.6,1.9057992899923184,0.3132428520510208,1.0562100095134292,1.0,1.0,dee eskridge,deeeskridge,deskridge,Miami Dolphins,00-0036620,,,,,,,,,,,,,,,,,,,,,,,,,
2025,3,0.0,2025_03_MIA_BUF,Miami Dolphins,Nick Westbrook-Ikhine,WR,00-0036182,1.0,0.0,0.0,0.0,0.0,0.0,0.0,0.0,0.0,0.0,0.0,0.0,0.0,66.47,42.25,19.94,320.7,98.6,1.9057992899923184,0.3132428520510208,1.0562100095134292,1.0,1.0,nick westbrook-ikhine,nickwestbrookikhine,nwestbrookikhine,Miami Dolphins,00-0036182,,,,,,,,,,,,,,,,,,,,,,,,,
2025,3,0.0,2025_03_NO_SEA,New Orleans Saints,Spencer Rattler,QB,00-0039376,1.0,38.04,257.4,2.4,0.92,3.95,15.4,0.11,0.0,0.0,0.0,0.0,0.107,69.21,40.55,26.32,307.8,130.1,2.973187602793621,0.7868760882875461,1.0137022534547382,1.0,1.0,spencer rattler,spencerrattler,srattler,New Orleans Saints,00-0039376,46.0,218.0,1.0,1.0,0.0,0.0,0.0,0.0,0.0,0.0,0.0,S.Rattler,NO,team_norm & _alias_init_last,-7.960000000000001,39.39999999999998,1.4,-0.07999999999999996,3.95,15.4,0.11,0.0,0.0,0.0,0.0
2025,3,0.0,2025_03_NO_SEA,New Orleans Saints,Alvin Kamara,RB,00-0033906,1.0,0.0,0.0,0.0,0.0,14.38,61.3,0.51,5.21,3.53,26.6,0.38,0.5901,69.21,40.55,26.32,307.8,130.1,2.973187602793621,0.7868760882875461,1.0137022534547382,1.0,1.0,alvin kamara,alvinkamara,akamara,New Orleans Saints,00-0033906,0.0,0.0,0.0,0.0,18.0,42.0,0.0,3.0,1.0,14.0,0.0,A.Kamara,NO,team_norm & _alias_init_last,0.0,0.0,0.0,0.0,-3.619999999999999,19.299999999999997,0.51,2.21,2.53,12.600000000000001,0.38
2025,3,0.0,2025_03_NO_SEA,New Orleans Saints,Kendre Miller,RB,00-0038551,1.0,0.0,0.0,0.0,0.0,7.99,36.4,0.17,3.24,2.13,19.9,0.23,0.3304,69.21,40.55,26.32,307.8,130.1,2.973187602793621,0.7868760882875461,1.0137022534547382,1.0,1.0,kendre miller,kendremiller,kmiller,New Orleans Saints,00-0038551,0.0,0.0,0.0,0.0,7.0,27.0,0.0,2.0,2.0,9.0,0.0,K.Miller,NO,team_norm & _alias_init_last,0.0,0.0,0.0,0.0,0.9900000000000002,9.399999999999999,0.17,1.2400000000000002,0.1299999999999999,10.899999999999999,0.23
2025,3,0.0,2025_03_NO_SEA,New Orleans Saints,Juwan Johnson,TE,00-0036040,1.0,0.0,0.0,0.0,0.0,0.0,0.0,0.0,7.18,3.96,33.5,0.47,0.3735,69.21,40.55,26.32,307.8,130.1,2.973187602793621,0.7868760882875461,1.0137022534547382,1.0,1.0,juwan johnson,juwanjohnson,jjohnson,New Orleans Saints,00-0036040,0.0,0.0,0.0,0.0,0.0,0.0,0.0,8.0,6.0,51.0,0.0,J.Johnson,NO,team_norm & _alias_init_last,0.0,0.0,0.0,0.0,0.0,0.0,0.0,-0.8200000000000003,-2.04,-17.5,0.47
2025,3,0.0,2025_03_NO_SEA,New Orleans Saints,Jack Stoll,TE,00-0036741,1.0,0.0,0.0,0.0,0.0,0.0,0.0,0.0,3.71,2.0,21.2,0.25,0.2248,69.21,40.55,26.32,307.8,130.1,2.973187602793621,0.7868760882875461,1.0137022534547382,1.0,1.0,jack stoll,jackstoll,jstoll,New Orleans Saints,00-0036741,0.0,0.0,0.0,0.0,0.0,0.0,0.0,3.0,2.0,21.0,1.0,J.Stoll,NO,team_norm & _alias_init_last,0.0,0.0,0.0,0.0,0.0,0.0,0.0,0.71,0.0,0.1999999999999993,-0.75
2025,3,0.0,2025_03_NO_SEA,New Orleans Saints,Treyton Welch,TE,00-0039518,1.0,0.0,0.0,0.0,0.0,0.0,0.0,0.0,0.0,0.0,0.0,0.0,0.0,69.21,40.55,26.32,307.8,130.1,2.973187602793621,0.7868760882875461,1.0137022534547382,1.0,1.0,treyton welch,treytonwelch,twelch,New Orleans Saints,00-0039518,,,,,,,,,,,,,,,,,,,,,,,,,
2025,3,0.0,2025_03_NO_SEA,New Orleans Saints,Chris Olave,WR,00-0037239,1.0,0.0,0.0,0.0,0.0,0.0,0.0,0.0,9.05,5.66,55.5,0.6,0.4527,69.21,40.55,26.32,307.8,130.1,2.973187602793621,0.7868760882875461,1.0137022534547382,1.0,1.0,chris olave,chrisolave,colave,New Orleans Saints,00-0037239,0.0,0.0,0.0,0.0,0.0,0.0,0.0,15.0,10.0,57.0,0.0,C.Olave,NO,team_norm & _alias_init_last,0.0,0.0,0.0,0.0,0.0,0.0,0.0,-5.949999999999999,-4.34,-1.5,0.6
2025,3,0.0,2025_03_NO_SEA,New Orleans Saints,Rashid Shaheed,WR,,1.0,0.0,0.0,0.0,0.0,0.0,0.0,0.0,6.82,4.52,80.4,0.5,0.3934,69.21,40.55,26.32,307.8,130.1,2.973187602793621,0.7868760882875461,1.0137022534547382,0.0,1.0,rashid shaheed,rashidshaheed,rshaheed,New Orleans Saints,,0.0,0.0,0.0,0.0,0.0,0.0,0.0,6.0,4.0,42.0,0.0,R.Shaheed,NO,team_norm & _alias_init_last,0.0,0.0,0.0,0.0,0.0,0.0,0.0,0.8200000000000003,0.5199999999999996,38.400000000000006,0.5
2025,3,0.0,2025_03_NO_SEA,New Orleans Saints,Brandin Cooks,WR,,1.0,0.0,0.0,0.0,0.0,0.0,0.0,0.0,4.54,3.0,51.4,0.33,0.2834,69.21,40.55,26.32,307.8,130.1,2.973187602793621,0.7868760882875461,1.0137022534547382,0.0,1.0,brandin cooks,brandincooks,bcooks,New Orleans Saints,,0.0,0.0,0.0,0.0,0.0,0.0,0.0,5.0,3.0,24.0,0.0,B.Cooks,NO,team_norm & _alias_init_last,0.0,0.0,0.0,0.0,0.0,0.0,0.0,-0.45999999999999996,0.0,27.4,0.33
2025,3,0.0,2025_03_NO_SEA,New Orleans Saints,Dante Pettis,WR,00-0034860,1.0,0.0,0.0,0.0,0.0,0.0,0.0,0.0,0.0,0.0,0.0,0.0,0.0,69.21,40.55,26.32,307.8,130.1,2.973187602793621,0.7868760882875461,1.0137022534547382,0.0,0.0,dante pettis,dantepettis,dpettis,New Orleans Saints,00-0034860,,,,,,,,,,,,,,,,,,,,,,,,,
2025,3,0.0,2025_03_NO_SEA,New Orleans Saints,Kevin Austin Jr.,WR,00-0037231,1.0,0.0,0.0,0.0,0.0,0.0,0.0,0.0,0.0,0.0,0.0,0.0,0.0,69.21,40.55,26.32,307.8,130.1,2.973187602793621,0.7868760882875461,1.0137022534547382,1.0,1.0,kevin austin jr.,kevinaustinjr,kaustin,New Orleans Saints,00-0037231,0.0,0.0,0.0,0.0,0.0,0.0,0.0,1.0,0.0,0.0,0.0,K.Austin,NO,team_norm & _alias_init_last,0.0,0.0,0.0,0.0,0.0,0.0,0.0,-1.0,0.0,0.0,0.0
2025,3,0.0,2025_03_NO_SEA,New Orleans Saints,Mason Tipton,WR,00-0039623,1.0,0.0,0.0,0.0,0.0,0.0,0.0,0.0,0.0,0.0,0.0,0.0,0.0,69.21,40.55,26.32,307.8,130.1,2.973187602793621,0.7868760882875461,1.0137022534547382,1.0,1.0,mason tipton,masontipton,mtipton,New Orleans Saints,00-0039623,,,,,,,,,,,,,,,,,,,,,,,,,
2025,3,0.0,2025_03_NO_SEA,Seattle Seahawks,Sam Darnold,QB,00-0034869,1.0,33.46,213.1,2.23,0.84,6.84,22.0,0.23,0.0,0.0,0.0,0.0,0.2058,72.0,37.04,32.12,244.8,138.3,2.6893807041887565,1.0449162273709036,0.9259082742891094,1.0,1.0,sam darnold,samdarnold,sdarnold,Seattle Seahawks,00-0034869,18.0,218.0,2.0,0.0,0.0,0.0,0.0,0.0,0.0,0.0,0.0,S.Darnold,SEA,team_norm & _alias_init_last,15.46,-4.900000000000006,0.22999999999999998,0.84,6.84,22.0,0.23,0.0,0.0,0.0,0.0
2025,3,0.0,2025_03_NO_SEA,Seattle Seahawks,Kenneth Walker III,RB,00-0038134,1.0,0.0,0.0,0.0,0.0,16.25,61.9,0.65,4.63,3.13,18.9,0.33,0.627,72.0,37.04,32.12,244.8,138.3,2.6893807041887565,1.0449162273709036,0.9259082742891094,1.0,1.0,kenneth walker iii,kennethwalkeriii,kwalker,Seattle Seahawks,00-0038134,0.0,0.0,0.0,0.0,18.0,38.0,2.0,1.0,1.0,12.0,0.0,K.Walker,SEA,team_norm & _alias_init_last,0.0,0.0,0.0,0.0,-1.75,23.9,-1.35,3.63,2.13,6.899999999999999,0.33
2025,3,0.0,2025_03_NO_SEA,Seattle Seahawks,Zach Charbonnet,RB,00-0039165,1.0,0.0,0.0,0.0,0.0,9.03,34.2,0.24,2.88,1.94,11.7,0.2,0.3559,72.0,37.04,32.12,244.8,138.3,2.6893807041887565,1.0449162273709036,0.9259082742891094,0.0,0.0,zach charbonnet,zachcharbonnet,zcharbonnet,Seattle Seahawks,00-0039165,,,,,,,,,,,,,,,,,,,,,,,,,
2025,3,0.0,2025_03_NO_SEA,Seattle Seahawks,George Holani,RB,00-0039299,1.0,0.0,0.0,0.0,0.0,0.0,0.0,0.0,0.0,0.0,0.0,0.0,0.0,72.0,37.04,32.12,244.8,138.3,2.6893807041887565,1.0449162273709036,0.9259082742891094,1.0,1.0,george holani,georgeholani,gholani,Seattle Seahawks,00-0039299,0.0,0.0,0.0,0.0,10.0,27.0,0.0,2.0,2.0,15.0,0.0,G.Holani,SEA,team_norm & _alias_init_last,0.0,0.0,0.0,0.0,-10.0,-27.0,0.0,-2.0,-2.0,-15.0,0.0
2025,3,0.0,2025_03_NO_SEA,Seattle Seahawks,Jacardia Wright,RB,00-0040067,1.0,0.0,0.0,0.0,0.0,0.0,0.0,0.0,0.0,0.0,0.0,0.0,0.0,72.0,37.04,32.12,244.8,138.3,2.6893807041887565,1.0449162273709036,0.9259082742891094,1.0,1.0,jacardia wright,jacardiawright,jwright,Seattle Seahawks,00-0040067,0.0,0.0,0.0,0.0,5.0,20.0,0.0,0.0,0.0,0.0,0.0,J.Wright,SEA,team_norm & _alias_init_last,0.0,0.0,0.0,0.0,-5.0,-20.0,0.0,0.0,0.0,0.0,0.0
2025,3,0.0,2025_03_NO_SEA,Seattle Seahawks,AJ Barner,TE,00-0039793,1.0,0.0,0.0,0.0,0.0,0.0,0.0,0.0,6.34,4.07,30.4,0.44,0.3554,72.0,37.04,32.12,244.8,138.3,2.6893807041887565,1.0449162273709036,0.9259082742891094,1.0,1.0,aj barner,ajbarner,abarner,Seattle Seahawks,00-0039793,0.0,0.0,0.0,0.0,1.0,0.0,0.0,1.0,1.0,23.0,0.0,A.Barner,SEA,team_norm & _alias_init_last,0.0,0.0,0.0,0.0,-1.0,0.0,0.0,5.34,3.0700000000000003,7.399999999999999,0.44
2025,3,0.0,2025_03_NO_SEA,Seattle Seahawks,Elijah Arroyo,TE,00-0040739,1.0,0.0,0.0,0.0,0.0,0.0,0.0,0.0,3.28,1.68,17.7,0.23,0.2093,72.0,37.04,32.12,244.8,138.3,2.6893807041887565,1.0449162273709036,0.9259082742891094,1.0,1.0,elijah arroyo,elijaharroyo,earroyo,Seattle Seahawks,00-0040739,0.0,0.0,0.0,0.0,0.0,0.0,0.0,1.0,0.0,0.0,0.0,E.Arroyo,SEA,team_norm & _alias_init_last,0.0,0.0,0.0,0.0,0.0,0.0,0.0,2.28,1.68,17.7,0.23
2025,3,0.0,2025_03_NO_SEA,Seattle Seahawks,Eric Saubert,TE,00-0033576,1.0,0.0,0.0,0.0,0.0,0.0,0.0,0.0,0.0,0.0,0.0,0.0,0.0,72.0,37.04,32.12,244.8,138.3,2.6893807041887565,1.0449162273709036,0.9259082742891094,1.0,1.0,eric saubert,ericsaubert,esaubert,Seattle Seahawks,00-0033576,0.0,0.0,0.0,0.0,0.0,0.0,0.0,1.0,1.0,12.0,0.0,E.Saubert,SEA,team_norm & _alias_init_last,0.0,0.0,0.0,0.0,0.0,0.0,0.0,-1.0,-1.0,-12.0,0.0
2025,3,0.0,2025_03_NO_SEA,Seattle Seahawks,Jaxon Smith-Njigba,WR,00-0038543,1.0,0.0,0.0,0.0,0.0,0.0,0.0,0.0,8.41,6.01,46.8,0.57,0.4321,72.0,37.04,32.12,244.8,138.3,2.6893807041887565,1.0449162273709036,0.9259082742891094,1.0,1.0,jaxon smith-njigba,jaxonsmithnjigba,jsmithnjigba,Seattle Seahawks,00-0038543,0.0,0.0,0.0,0.0,0.0,0.0,0.0,6.0,5.0,96.0,1.0,J.Smith-Njigba,SEA,team_norm & _alias_init_last,0.0,0.0,0.0,0.0,0.0,0.0,0.0,2.41,1.0099999999999998,-49.2,-0.43000000000000005
2025,3,0.0,2025_03_NO_SEA,Seattle Seahawks,Cooper Kupp,WR,00-0033908,1.0,0.0,0.0,0.0,0.0,0.0,0.0,0.0,6.33,4.22,32.8,0.45,0.3594,72.0,37.04,32.12,244.8,138.3,2.6893807041887565,1.0449162273709036,0.9259082742891094,1.0,1.0,cooper kupp,cooperkupp,ckupp,Seattle Seahawks,00-0033908,0.0,0.0,0.0,0.0,0.0,0.0,0.0,3.0,2.0,31.0,0.0,C.Kupp,SEA,team_norm & _alias_init_last,0.0,0.0,0.0,0.0,0.0,0.0,0.0,3.33,2.2199999999999998,1.7999999999999972,0.45
2025,3,0.0,2025_03_NO_SEA,Seattle Seahawks,Tory Horton,WR,00-0040648,1.0,0.0,0.0,0.0,0.0,0.0,0.0,0.0,4.22,2.51,31.2,0.3,0.261,72.0,37.04,32.12,244.8,138.3,2.6893807041887565,1.0449162273709036,0.9259082742891094,1.0,1.0,tory horton,toryhorton,thorton,Seattle Seahawks,00-0040648,0.0,0.0,0.0,0.0,0.0,0.0,0.0,4.0,3.0,32.0,1.0,T.Horton,SEA,team_norm & _alias_init_last,0.0,0.0,0.0,0.0,0.0,0.0,0.0,0.21999999999999975,-0.4900000000000002,-0.8000000000000007,-0.7
2025,3,0.0,2025_03_NO_SEA,Seattle Seahawks,Dareke Young,WR,00-0037093,1.0,0.0,0.0,0.0,0.0,0.0,0.0,0.0,0.0,0.0,0.0,0.0,0.0,72.0,37.04,32.12,244.8,138.3,2.6893807041887565,1.0449162273709036,0.9259082742891094,1.0,1.0,dareke young,darekeyoung,dyoung,Seattle Seahawks,00-0037093,0.0,0.0,0.0,0.0,0.0,0.0,0.0,1.0,1.0,12.0,0.0,D.Young,SEA,team_norm & _alias_init_last,0.0,0.0,0.0,0.0,0.0,0.0,0.0,-1.0,-1.0,-12.0,0.0
2025,3,0.0,2025_03_NO_SEA,Seattle Seahawks,Jake Bobo,WR,00-0038752,1.0,0.0,0.0,0.0,0.0,0.0,0.0,0.0,0.0,0.0,0.0,0.0,0.0,72.0,37.04,32.12,244.8,138.3,2.6893807041887565,1.0449162273709036,0.9259082742891094,1.0,1.0,jake bobo,jakebobo,jbobo,Seattle Seahawks,00-0038752,,,,,,,,,,,,,,,,,,,,,,,,,
2025,3,0.0,2025_03_NYJ_TB,New York Jets,Justin Fields,QB,00-0036945,1.0,31.2,171.3,1.31,0.77,5.59,14.4,0.12,0.0,0.0,0.0,0.0,0.111,55.0,33.84,18.72,189.8,68.4,1.5210292898654334,0.4215224011056269,0.845879154104574,0.0,0.0,justin fields,justinfields,jfields,New York Jets,00-0036945,,,,,,,,,,,,,,,,,,,,,,,,,
2025,3,0.0,2025_03_NYJ_TB,New York Jets,Breece Hall,RB,00-0038120,1.0,0.0,0.0,0.0,0.0,8.44,26.2,0.23,4.13,2.5,15.9,0.19,0.3404,55.0,33.84,18.72,189.8,68.4,1.5210292898654334,0.4215224011056269,0.845879154104574,1.0,1.0,breece hall,breecehall,bhall,New York Jets,00-0038120,0.0,0.0,0.0,0.0,10.0,21.0,0.0,6.0,4.0,31.0,0.0,B.Hall,NYJ,team_norm & _alias_init_last,0.0,0.0,0.0,0.0,-1.5600000000000005,5.199999999999999,0.23,-1.87,-1.5,-15.1,0.19
2025,3,0.0,2025_03_NYJ_TB,New York Jets,Braelon Allen,RB,00-0039794,1.0,0.0,0.0,0.0,0.0,4.69,15.8,0.09,2.57,1.58,11.4,0.11,0.1811,55.0,33.84,18.72,189.8,68.4,1.5210292898654334,0.4215224011056269,0.845879154104574,1.0,1.0,braelon allen,braelonallen,ballen,New York Jets,00-0039794,0.0,0.0,0.0,0.0,7.0,30.0,0.0,2.0,2.0,17.0,0.0,B.Allen,NYJ,team_norm & _alias_init_last,0.0,0.0,0.0,0.0,-2.3099999999999996,-14.2,0.09,0.5699999999999998,-0.41999999999999993,-5.6,0.11
2025,3,0.0,2025_03_NYJ_TB,New York Jets,Isaiah Davis,RB,00-0039798,1.0,0.0,0.0,0.0,0.0,0.0,0.0,0.0,0.0,0.0,0.0,0.0,0.0,55.0,33.84,18.72,189.8,68.4,1.5210292898654334,0.4215224011056269,0.845879154104574,1.0,1.0,isaiah davis,isaiahdavis,idavis,New York Jets,00-0039798,,,,,,,,,,,,,,,,,,,,,,,,,
2025,3,0.0,2025_03_NYJ_TB,New York Jets,Mason Taylor,TE,00-0040736,1.0,0.0,0.0,0.0,0.0,0.0,0.0,0.0,5.54,3.02,23.7,0.23,0.2071,55.0,33.84,18.72,189.8,68.4,1.5210292898654334,0.4215224011056269,0.845879154104574,1.0,1.0,mason taylor,masontaylor,mtaylor,New York Jets,00-0040736,0.0,0.0,0.0,0.0,0.0,0.0,0.0,7.0,4.0,18.0,0.0,M.Taylor,NYJ,team_norm & _alias_init_last,0.0,0.0,0.0,0.0,0.0,0.0,0.0,-1.46,-0.98,5.699999999999999,0.23
2025,3,0.0,2025_03_NYJ_TB,New York Jets,Jeremy Ruckert,TE,00-0037805,1.0,0.0,0.0,0.0,0.0,0.0,0.0,0.0,2.86,1.69,11.4,0.12,0.1092,55.0,33.84,18.72,189.8,68.4,1.5210292898654334,0.4215224011056269,0.845879154104574,1.0,1.0,jeremy ruckert,jeremyruckert,jruckert,New York Jets,00-0037805,,,,,,,,,,,,,,,,,,,,,,,,,
2025,3,0.0,2025_03_NYJ_TB,New York Jets,Jelani Woods,TE,00-0037755,1.0,0.0,0.0,0.0,0.0,0.0,0.0,0.0,0.0,0.0,0.0,0.0,0.0,55.0,33.84,18.72,189.8,68.4,1.5210292898654334,0.4215224011056269,0.845879154104574,1.0,1.0,jelani woods,jelaniwoods,jwoods,New York Jets,00-0037755,,,,,,,,,,,,,,,,,,,,,,,,,
2025,3,0.0,2025_03_NYJ_TB,New York Jets,Stone Smartt,TE,00-0037475,1.0,0.0,0.0,0.0,0.0,0.0,0.0,0.0,0.0,0.0,0.0,0.0,0.0,55.0,33.84,18.72,189.8,68.4,1.5210292898654334,0.4215224011056269,0.845879154104574,1.0,1.0,stone smartt,stonesmartt,ssmartt,New York Jets,00-0037475,,,,,,,,,,,,,,,,,,,,,,,,,
2025,3,0.0,2025_03_NYJ_TB,New York Jets,Garrett Wilson,WR,00-0037740,1.0,0.0,0.0,0.0,0.0,0.0,0.0,0.0,8.19,4.74,35.2,0.34,0.2918,55.0,33.84,18.72,189.8,68.4,1.5210292898654334,0.4215224011056269,0.845879154104574,1.0,1.0,garrett wilson,garrettwilson,gwilson,New York Jets,00-0037740,0.0,0.0,0.0,0.0,0.0,0.0,0.0,14.0,10.0,84.0,1.0,G.Wilson,NYJ,team_norm & _alias_init_last,0.0,0.0,0.0,0.0,0.0,0.0,0.0,-5.8100000000000005,-5.26,-48.8,-0.6599999999999999
2025,3,0.0,2025_03_NYJ_TB,New York Jets,Josh Reynolds,WR,00-0033943,1.0,0.0,0.0,0.0,0.0,0.0,0.0,0.0,6.16,3.76,28.7,0.28,0.2405,55.0,33.84,18.72,189.8,68.4,1.5210292898654334,0.4215224011056269,0.845879154104574,0.0,0.0,josh reynolds,joshreynolds,jreynolds,New York Jets,00-0033943,,,,,,,,,,,,,,,,,,,,,,,,,
2025,3,0.0,2025_03_NYJ_TB,New York Jets,Tyler Johnson,WR,00-0036427,1.0,0.0,0.0,0.0,0.0,0.0,0.0,0.0,4.11,2.55,20.5,0.19,0.1724,55.0,33.84,18.72,189.8,68.4,1.5210292898654334,0.4215224011056269,0.845879154104574,1.0,1.0,tyler johnson,tylerjohnson,tjohnson,New York Jets,00-0036427,0.0,0.0,0.0,0.0,0.0,0.0,0.0,4.0,2.0,32.0,0.0,T.Johnson,NYJ,team_norm & _alias_init_last,0.0,0.0,0.0,0.0,0.0,0.0,0.0,0.11000000000000032,0.5499999999999998,-11.5,0.19
2025,3,0.0,2025_03_NYJ_TB,New York Jets,Adonai Mitchell,WR,00-0039890,1.0,0.0,0.0,0.0,0.0,0.0,0.0,0.0,0.0,0.0,0.0,0.0,0.0,55.0,33.84,18.72,189.8,68.4,1.5210292898654334,0.4215224011056269,0.845879154104574,0.0,0.0,adonai mitchell,adonaimitchell,amitchell,New York Jets,00-0039890,0.0,0.0,0.0,0.0,0.0,0.0,0.0,3.0,0.0,0.0,0.0,A.Mitchell,IND,_alias_init_last,0.0,0.0,0.0,0.0,0.0,0.0,0.0,-3.0,0.0,0.0,0.0
2025,3,0.0,2025_03_NYJ_TB,New York Jets,Allen Lazard,WR,00-0034521,1.0,0.0,0.0,0.0,0.0,0.0,0.0,0.0,0.0,0.0,0.0,0.0,0.0,55.0,33.84,18.72,189.8,68.4,1.5210292898654334,0.4215224011056269,0.845879154104574,1.0,1.0,allen lazard,allenlazard,alazard,New York Jets,00-0034521,0.0,0.0,0.0,0.0,0.0,0.0,0.0,3.0,2.0,13.0,1.0,A.Lazard,NYJ,team_norm & _alias_init_last,0.0,0.0,0.0,0.0,0.0,0.0,0.0,-3.0,-2.0,-13.0,-1.0
2025,3,0.0,2025_03_NYJ_TB,New York Jets,Arian Smith,WR,00-0040582,1.0,0.0,0.0,0.0,0.0,0.0,0.0,0.0,0.0,0.0,0.0,0.0,0.0,55.0,33.84,18.72,189.8,68.4,1.5210292898654334,0.4215224011056269,0.845879154104574,1.0,1.0,arian smith,ariansmith,asmith,New York Jets,00-0040407,0.0,0.0,0.0,0.0,0.0,0.0,0.0,2.0,2.0,2.0,0.0,A.Smith,NYJ,team_norm & _alias_init_last,0.0,0.0,0.0,0.0,0.0,0.0,0.0,-2.0,-2.0,-2.0,0.0
2025,3,0.0,2025_03_NYJ_TB,New York Jets,Isaiah Williams,WR,00-0039451,1.0,0.0,0.0,0.0,0.0,0.0,0.0,0.0,0.0,0.0,0.0,0.0,0.0,55.0,33.84,18.72,189.8,68.4,1.5210292898654334,0.4215224011056269,0.845879154104574,1.0,1.0,isaiah williams,isaiahwilliams,iwilliams,New York Jets,00-0039451,,,,,,,,,,,,,,,,,,,,,,,,,
2025,3,0.0,2025_03_NYJ_TB,Tampa Bay Buccaneers,Baker Mayfield,QB,00-0034855,1.0,40.04,230.1,2.94,0.99,4.92,14.0,0.19,0.0,0.0,0.0,0.0,0.1754,72.0,43.68,25.2,245.0,92.1,3.2853579905811947,0.9744670892264576,1.0919034216867471,1.0,1.0,baker mayfield,bakermayfield,bmayfield,Tampa Bay Buccaneers,00-0034855,38.0,233.0,1.0,0.0,0.0,0.0,0.0,0.0,0.0,0.0,0.0,B.Mayfield,TB,team_norm & _alias_init_last,2.039999999999999,-2.9000000000000057,1.94,0.99,4.92,14.0,0.19,0.0,0.0,0.0,0.0
2025,3,0.0,2025_03_NYJ_TB,Tampa Bay Buccaneers,Bucky Irving,RB,00-0039361,1.0,0.0,0.0,0.0,0.0,13.04,42.7,0.6,5.16,3.71,19.5,0.4,0.6314,72.0,43.68,25.2,245.0,92.1,3.2853579905811947,0.9744670892264576,1.0919034216867471,1.0,1.0,bucky irving,buckyirving,birving,Tampa Bay Buccaneers,,0.0,0.0,0.0,0.0,26.0,66.0,0.0,4.0,4.0,33.0,0.0,B.Irving,TB,team_norm & _alias_init_last,0.0,0.0,0.0,0.0,-12.96,-23.299999999999997,0.6,1.1600000000000001,-0.29000000000000004,-13.5,0.4
2025,3,0.0,2025_03_NYJ_TB,Tampa Bay Buccaneers,Rachaad White,RB,00-0037256,1.0,0.0,0.0,0.0,0.0,7.24,22.9,0.21,3.21,2.36,10.7,0.25,0.3684,72.0,43.68,25.2,245.0,92.1,3.2853579905811947,0.9744670892264576,1.0919034216867471,1.0,1.0,rachaad white,rachaadwhite,rwhite,Tampa Bay Buccaneers,00-0037256,0.0,0.0,0.0,0.0,7.0,12.0,0.0,3.0,1.0,2.0,0.0,R.White,TB,team_norm & _alias_init_last,0.0,0.0,0.0,0.0,0.2400000000000002,10.899999999999999,0.21,0.20999999999999996,1.3599999999999999,8.7,0.25
2025,3,0.0,2025_03_NYJ_TB,Tampa Bay Buccaneers,Sean Tucker,RB,00-0038951,1.0,0.0,0.0,0.0,0.0,0.0,0.0,0.0,0.0,0.0,0.0,0.0,0.0,72.0,43.68,25.2,245.0,92.1,3.2853579905811947,0.9744670892264576,1.0919034216867471,1.0,1.0,sean tucker,seantucker,stucker,Tampa Bay Buccaneers,00-0038951,,,,,,,,,,,,,,,,,,,,,,,,,
2025,3,0.0,2025_03_NYJ_TB,Tampa Bay Buccaneers,Cade Otton,TE,00-0038129,1.0,0.0,0.0,0.0,0.0,0.0,0.0,0.0,8.01,4.47,28.5,0.56,0.4279,72.0,43.68,25.2,245.0,92.1,3.2853579905811947,0.9744670892264576,1.0919034216867471,1.0,1.0,cade otton,cadeotton,cotton,Tampa Bay Buccaneers,00-0038129,,,,,,,,,,,,,,,,,,,,,,,,,
2025,3,0.0,2025_03_NYJ_TB,Tampa Bay Buccaneers,Payne Durham,TE,00-0039050,1.0,0.0,0.0,0.0,0.0,0.0,0.0,0.0,4.14,2.38,19.0,0.3,0.2602,72.0,43.68,25.2,245.0,92.1,3.2853579905811947,0.9744670892264576,1.0919034216867471,1.0,1.0,payne durham,paynedurham,pdurham,Tampa Bay Buccaneers,00-0039050,,,,,,,,,,,,,,,,,,,,,,,,,
2025,3,0.0,2025_03_NYJ_TB,Tampa Bay Buccaneers,Devin Culp,TE,00-0039754,1.0,0.0,0.0,0.0,0.0,0.0,0.0,0.0,0.0,0.0,0.0,0.0,0.0,72.0,43.68,25.2,245.0,92.1,3.2853579905811947,0.9744670892264576,1.0919034216867471,0.0,0.0,devin culp,devinculp,dculp,Tampa Bay Buccaneers,00-0039754,,,,,,,,,,,,,,,,,,,,,,,,,
2025,3,0.0,2025_03_NYJ_TB,Tampa Bay Buccaneers,Ko Kieft,TE,00-0037311,1.0,0.0,0.0,0.0,0.0,0.0,0.0,0.0,0.0,0.0,0.0,0.0,0.0,72.0,43.68,25.2,245.0,92.1,3.2853579905811947,0.9744670892264576,1.0919034216867471,1.0,1.0,ko kieft,kokieft,kkieft,Tampa Bay Buccaneers,00-0037311,,,,,,,,,,,,,,,,,,,,,,,,,
2025,3,0.0,2025_03_NYJ_TB,Tampa Bay Buccaneers,Mike Evans,WR,00-0031408,1.0,0.0,0.0,0.0,0.0,0.0,0.0,0.0,10.0,5.64,47.2,0.71,0.5087,72.0,43.68,25.2,245.0,92.1,3.2853579905811947,0.9744670892264576,1.0919034216867471,1.0,1.0,mike evans,mikeevans,mevans,Tampa Bay Buccaneers,00-0031408,0.0,0.0,0.0,0.0,0.0,0.0,0.0,10.0,4.0,33.0,1.0,M.Evans,TB,team_norm & _alias_init_last,0.0,0.0,0.0,0.0,0.0,0.0,0.0,0.0,1.6399999999999997,14.200000000000003,-0.29000000000000004
2025,3,0.0,2025_03_NYJ_TB,Tampa Bay Buccaneers,Chris Godwin Jr.,WR,00-0033921,1.0,0.0,0.0,0.0,0.0,0.0,0.0,0.0,7.53,5.08,34.8,0.53,0.4128,72.0,43.68,25.2,245.0,92.1,3.2853579905811947,0.9744670892264576,1.0919034216867471,0.0,0.0,chris godwin jr.,chrisgodwinjr,cgodwin,Tampa Bay Buccaneers,,,,,,,,,,,,,,,,,,,,,,,,,,
2025,3,0.0,2025_03_NYJ_TB,Tampa Bay Buccaneers,Emeka Egbuka,WR,00-0040129,1.0,0.0,0.0,0.0,0.0,0.0,0.0,0.0,5.02,2.56,25.1,0.36,0.3004,72.0,43.68,25.2,245.0,92.1,3.2853579905811947,0.9744670892264576,1.0919034216867471,1.0,1.0,emeka egbuka,emekaegbuka,eegbuka,Tampa Bay Buccaneers,00-0040129,0.0,0.0,0.0,0.0,0.0,0.0,0.0,8.0,6.0,85.0,0.0,E.Egbuka,TB,team_norm & _alias_init_last,0.0,0.0,0.0,0.0,0.0,0.0,0.0,-2.9800000000000004,-3.44,-59.9,0.36
2025,3,0.0,2025_03_NYJ_TB,Tampa Bay Buccaneers,Kameron Johnson,WR,00-0039589,1.0,0.0,0.0,0.0,0.0,0.0,0.0,0.0,0.0,0.0,0.0,0.0,0.0,72.0,43.68,25.2,245.0,92.1,3.2853579905811947,0.9744670892264576,1.0919034216867471,1.0,1.0,kameron johnson,kameronjohnson,kjohnson,Tampa Bay Buccaneers,00-0039589,,,,,,,,,,,,,,,,,,,,,,,,,
2025,3,0.0,2025_03_NYJ_TB,Tampa Bay Buccaneers,Sterling Shepard,WR,00-0032385,1.0,0.0,0.0,0.0,0.0,0.0,0.0,0.0,0.0,0.0,0.0,0.0,0.0,72.0,43.68,25.2,245.0,92.1,3.2853579905811947,0.9744670892264576,1.0919034216867471,1.0,1.0,sterling shepard,sterlingshepard,sshepard,Tampa Bay Buccaneers,00-0032385,0.0,0.0,0.0,0.0,0.0,0.0,0.0,6.0,4.0,80.0,0.0,S.Shepard,TB,team_norm & _alias_init_last,0.0,0.0,0.0,0.0,0.0,0.0,0.0,-6.0,-4.0,-80.0,0.0
2025,3,0.0,2025_03_NYJ_TB,Tampa Bay Buccaneers,Tez Johnson,WR,00-0040237,1.0,0.0,0.0,0.0,0.0,0.0,0.0,0.0,0.0,0.0,0.0,0.0,0.0,72.0,43.68,25.2,245.0,92.1,3.2853579905811947,0.9744670892264576,1.0919034216867471,1.0,1.0,tez johnson,tezjohnson,tjohnson,Tampa Bay Buccaneers,00-0040237,0.0,0.0,0.0,0.0,0.0,0.0,0.0,1.0,0.0,0.0,0.0,T.Johnson,TB,team_norm & _alias_init_last,0.0,0.0,0.0,0.0,0.0,0.0,0.0,-1.0,0.0,0.0,0.0
2025,3,0.0,2025_03_PIT_NE,New England Patriots,Drake Maye,QB,00-0039851,1.0,33.88,230.6,1.11,0.86,7.01,26.4,0.11,0.0,0.0,0.0,0.0,0.0997,72.0,37.77,31.58,286.7,156.2,1.113227870887835,0.4683049937629113,0.9441799041550152,1.0,1.0,drake maye,drakemaye,dmaye,New England Patriots,00-0039851,50.0,268.0,2.0,1.0,2.0,3.0,0.0,0.0,0.0,0.0,0.0,D.Maye,NE,team_norm & _alias_init_last,-16.119999999999997,-37.400000000000006,-0.8899999999999999,-0.14,5.01,23.4,0.11,0.0,0.0,0.0,0.0
2025,3,0.0,2025_03_PIT_NE,New England Patriots,Rhamondre Stevenson,RB,00-0036875,1.0,0.0,0.0,0.0,0.0,15.79,68.0,0.29,4.4,2.83,22.6,0.13,0.3414,72.0,37.77,31.58,286.7,156.2,1.113227870887835,0.4683049937629113,0.9441799041550152,1.0,1.0,rhamondre stevenson,rhamondrestevenson,rstevenson,New England Patriots,00-0036875,0.0,0.0,0.0,0.0,4.0,18.0,0.0,3.0,3.0,38.0,0.0,R.Stevenson,NE,team_norm & _alias_init_last,0.0,0.0,0.0,0.0,11.79,50.0,0.29,1.4000000000000004,-0.16999999999999993,-15.399999999999999,0.13
2025,3,0.0,2025_03_PIT_NE,New England Patriots,TreVeyon Henderson,RB,00-0040734,1.0,0.0,0.0,0.0,0.0,8.77,39.1,0.1,2.74,1.89,15.9,0.08,0.1669,72.0,37.77,31.58,286.7,156.2,1.113227870887835,0.4683049937629113,0.9441799041550152,1.0,1.0,treveyon henderson,treveyonhenderson,thenderson,New England Patriots,00-0040734,0.0,0.0,0.0,0.0,11.0,28.0,0.0,3.0,3.0,19.0,0.0,T.Henderson,NE,team_norm & _alias_init_last,0.0,0.0,0.0,0.0,-2.2300000000000004,11.100000000000001,0.1,-0.2599999999999998,-1.11,-3.0999999999999996,0.08
2025,3,0.0,2025_03_PIT_NE,New England Patriots,Antonio Gibson,RB,00-0036328,1.0,0.0,0.0,0.0,0.0,0.0,0.0,0.0,0.0,0.0,0.0,0.0,0.0,72.0,37.77,31.58,286.7,156.2,1.113227870887835,0.4683049937629113,0.9441799041550152,1.0,1.0,antonio gibson,antoniogibson,agibson,New England Patriots,00-0036328,0.0,0.0,0.0,0.0,7.0,28.0,0.0,0.0,0.0,0.0,0.0,A.Gibson,NE,team_norm & _alias_init_last,0.0,0.0,0.0,0.0,-7.0,-28.0,0.0,0.0,0.0,0.0,0.0
2025,3,0.0,2025_03_PIT_NE,New England Patriots,Hunter Henry,TE,00-0033090,1.0,0.0,0.0,0.0,0.0,0.0,0.0,0.0,5.93,3.42,32.4,0.16,0.151,72.0,37.77,31.58,286.7,156.2,1.113227870887835,0.4683049937629113,0.9441799041550152,1.0,1.0,hunter henry,hunterhenry,hhenry,New England Patriots,00-0033090,0.0,0.0,0.0,0.0,0.0,0.0,0.0,12.0,8.0,90.0,2.0,H.Henry,NE,team_norm & _alias_init_last,0.0,0.0,0.0,0.0,0.0,0.0,0.0,-6.07,-4.58,-57.6,-1.84
2025,3,0.0,2025_03_PIT_NE,New England Patriots,Austin Hooper,TE,00-0032392,1.0,0.0,0.0,0.0,0.0,0.0,0.0,0.0,3.07,1.79,15.8,0.08,0.0798,72.0,37.77,31.58,286.7,156.2,1.113227870887835,0.4683049937629113,0.9441799041550152,1.0,1.0,austin hooper,austinhooper,ahooper,New England Patriots,00-0032392,0.0,0.0,0.0,0.0,0.0,0.0,0.0,3.0,2.0,28.0,0.0,A.Hooper,NE,team_norm & _alias_init_last,0.0,0.0,0.0,0.0,0.0,0.0,0.0,0.06999999999999984,-0.20999999999999996,-12.2,0.08
2025,3,0.0,2025_03_PIT_NE,New England Patriots,Cole Fotheringham,TE,00-0037506,1.0,0.0,0.0,0.0,0.0,0.0,0.0,0.0,0.0,0.0,0.0,0.0,0.0,72.0,37.77,31.58,286.7,156.2,1.113227870887835,0.4683049937629113,0.9441799041550152,0.0,0.0,cole fotheringham,colefotheringham,cfotheringham,New England Patriots,00-0037506,,,,,,,,,,,,,,,,,,,,,,,,,
2025,3,0.0,2025_03_PIT_NE,New England Patriots,Stefon Diggs,WR,00-0031588,1.0,0.0,0.0,0.0,0.0,0.0,0.0,0.0,9.39,6.65,62.5,0.26,0.2258,72.0,37.77,31.58,286.7,156.2,1.113227870887835,0.4683049937629113,0.9441799041550152,1.0,1.0,stefon diggs,stefondiggs,sdiggs,New England Patriots,00-0031588,0.0,0.0,0.0,0.0,0.0,0.0,0.0,3.0,3.0,23.0,0.0,S.Diggs,NE,team_norm & _alias_init_last,0.0,0.0,0.0,0.0,0.0,0.0,0.0,6.390000000000001,3.6500000000000004,39.5,0.26
2025,3,0.0,2025_03_PIT_NE,New England Patriots,Kayshon Boutte,WR,00-0038608,1.0,0.0,0.0,0.0,0.0,0.0,0.0,0.0,7.07,4.29,48.7,0.19,0.175,72.0,37.77,31.58,286.7,156.2,1.113227870887835,0.4683049937629113,0.9441799041550152,1.0,1.0,kayshon boutte,kayshonboutte,kboutte,New England Patriots,00-0038608,0.0,0.0,0.0,0.0,0.0,0.0,0.0,4.0,2.0,28.0,0.0,K.Boutte,NE,team_norm & _alias_init_last,0.0,0.0,0.0,0.0,0.0,0.0,0.0,3.0700000000000003,2.29,20.700000000000003,0.19
2025,3,0.0,2025_03_PIT_NE,New England Patriots,Mack Hollins,WR,00-0033555,1.0,0.0,0.0,0.0,0.0,0.0,0.0,0.0,4.71,2.93,29.5,0.13,0.1208,72.0,37.77,31.58,286.7,156.2,1.113227870887835,0.4683049937629113,0.9441799041550152,1.0,1.0,mack hollins,mackhollins,mhollins,New England Patriots,00-0033555,0.0,0.0,0.0,0.0,0.0,0.0,0.0,4.0,4.0,27.0,0.0,M.Hollins,NE,team_norm & _alias_init_last,0.0,0.0,0.0,0.0,0.0,0.0,0.0,0.71,-1.0699999999999998,2.5,0.13
2025,3,0.0,2025_03_PIT_NE,New England Patriots,Brandon Smith,WR,00-0036775,1.0,0.0,0.0,0.0,0.0,0.0,0.0,0.0,0.0,0.0,0.0,0.0,0.0,72.0,37.77,31.58,286.7,156.2,1.113227870887835,0.4683049937629113,0.9441799041550152,0.0,0.0,brandon smith,brandonsmith,bsmith,New England Patriots,00-0036775,0.0,0.0,0.0,0.0,2.0,13.0,0.0,1.0,0.0,0.0,0.0,B.Smith,KC,_alias_init_last,0.0,0.0,0.0,0.0,-2.0,-13.0,0.0,-1.0,0.0,0.0,0.0
2025,3,0.0,2025_03_PIT_NE,New England Patriots,DeMario Douglas,WR,00-0038621,1.0,0.0,0.0,0.0,0.0,0.0,0.0,0.0,0.0,0.0,0.0,0.0,0.0,72.0,37.77,31.58,286.7,156.2,1.113227870887835,0.4683049937629113,0.9441799041550152,1.0,1.0,demario douglas,demariodouglas,ddouglas,New England Patriots,00-0038621,0.0,0.0,0.0,0.0,0.0,0.0,0.0,6.0,2.0,7.0,0.0,D.Douglas,NE,team_norm & _alias_init_last,0.0,0.0,0.0,0.0,0.0,0.0,0.0,-6.0,-2.0,-7.0,0.0
2025,3,0.0,2025_03_PIT_NE,New England Patriots,Efton Chism III,WR,00-0040563,1.0,0.0,0.0,0.0,0.0,0.0,0.0,0.0,0.0,0.0,0.0,0.0,0.0,72.0,37.77,31.58,286.7,156.2,1.113227870887835,0.4683049937629113,0.9441799041550152,0.0,0.0,efton chism iii,eftonchismiii,echism,New England Patriots,00-0040563,,,,,,,,,,,,,,,,,,,,,,,,,
2025,3,0.0,2025_03_PIT_NE,New England Patriots,Kyle Williams,WR,00-0040131,1.0,0.0,0.0,0.0,0.0,0.0,0.0,0.0,0.0,0.0,0.0,0.0,0.0,72.0,37.77,31.58,286.7,156.2,1.113227870887835,0.4683049937629113,0.9441799041550152,1.0,1.0,kyle williams,kylewilliams,kwilliams,New England Patriots,00-0040131,0.0,0.0,0.0,0.0,0.0,0.0,0.0,1.0,1.0,8.0,0.0,K.Williams,NE,team_norm & _alias_init_last,0.0,0.0,0.0,0.0,0.0,0.0,0.0,-1.0,-1.0,-8.0,0.0
2025,3,0.0,2025_03_PIT_NE,Pittsburgh Steelers,Aaron Rodgers,QB,00-0023459,1.0,40.17,220.2,1.41,1.01,1.9,5.8,0.02,0.0,0.0,0.0,0.0,0.0221,72.0,44.39,23.23,249.0,84.9,1.3264155253878944,0.2976488617085895,1.1096392676547515,1.0,1.0,aaron rodgers,aaronrodgers,arodgers,Pittsburgh Steelers,00-0023459,27.0,139.0,2.0,1.0,0.0,0.0,0.0,0.0,0.0,0.0,0.0,A.Rodgers,PIT,team_norm & _alias_init_last,13.170000000000002,81.19999999999999,-0.5900000000000001,0.010000000000000009,1.9,5.8,0.02,0.0,0.0,0.0,0.0
2025,3,0.0,2025_03_PIT_NE,Pittsburgh Steelers,Jaylen Warren,RB,00-0037228,1.0,0.0,0.0,0.0,0.0,13.71,43.6,0.21,5.49,3.9,21.2,0.16,0.3105,72.0,44.39,23.23,249.0,84.9,1.3264155253878944,0.2976488617085895,1.1096392676547515,1.0,1.0,jaylen warren,jaylenwarren,jwarren,Pittsburgh Steelers,00-0037228,0.0,0.0,0.0,0.0,20.0,47.0,0.0,6.0,5.0,34.0,0.0,J.Warren,PIT,team_norm & _alias_init_last,0.0,0.0,0.0,0.0,-6.289999999999999,-3.3999999999999986,0.21,-0.5099999999999998,-1.1,-12.8,0.16
2025,3,0.0,2025_03_PIT_NE,Pittsburgh Steelers,Kenneth Gainwell,RB,00-0036919,1.0,0.0,0.0,0.0,0.0,7.62,24.0,0.08,3.42,2.3,12.5,0.1,0.1688,72.0,44.39,23.23,249.0,84.9,1.3264155253878944,0.2976488617085895,1.1096392676547515,1.0,1.0,kenneth gainwell,kennethgainwell,kgainwell,Pittsburgh Steelers,00-0036919,0.0,0.0,0.0,0.0,4.0,16.0,1.0,1.0,1.0,10.0,0.0,K.Gainwell,PIT,team_norm & _alias_init_last,0.0,0.0,0.0,0.0,3.62,8.0,-0.92,2.42,1.2999999999999998,2.5,0.1
2025,3,0.0,2025_03_PIT_NE,Pittsburgh Steelers,Kaleb Johnson,RB,00-0040142,1.0,0.0,0.0,0.0,0.0,0.0,0.0,0.0,0.0,0.0,0.0,0.0,0.0,72.0,44.39,23.23,249.0,84.9,1.3264155253878944,0.2976488617085895,1.1096392676547515,1.0,1.0,kaleb johnson,kalebjohnson,kjohnson,Pittsburgh Steelers,00-0040142,,,,,,,,,,,,,,,,,,,,,,,,,
2025,3,0.0,2025_03_PIT_NE,Pittsburgh Steelers,Trey Sermon,RB,00-0036984,1.0,0.0,0.0,0.0,0.0,0.0,0.0,0.0,0.0,0.0,0.0,0.0,0.0,72.0,44.39,23.23,249.0,84.9,1.3264155253878944,0.2976488617085895,1.1096392676547515,1.0,1.0,trey sermon,treysermon,tsermon,Pittsburgh Steelers,00-0036984,,,,,,,,,,,,,,,,,,,,,,,,,
2025,3,0.0,2025_03_PIT_NE,Pittsburgh Steelers,Jonnu Smith,TE,00-0033858,1.0,0.0,0.0,0.0,0.0,0.0,0.0,0.0,7.29,4.54,29.2,0.2,0.1793,72.0,44.39,23.23,249.0,84.9,1.3264155253878944,0.2976488617085895,1.1096392676547515,1.0,1.0,jonnu smith,jonnusmith,jsmith,Pittsburgh Steelers,00-0033858,0.0,0.0,0.0,0.0,0.0,0.0,0.0,3.0,3.0,23.0,0.0,J.Smith,PIT,team_norm & _alias_init_last,0.0,0.0,0.0,0.0,0.0,0.0,0.0,4.29,1.54,6.199999999999999,0.2
2025,3,0.0,2025_03_PIT_NE,Pittsburgh Steelers,Pat Freiermuth,TE,00-0036894,1.0,0.0,0.0,0.0,0.0,0.0,0.0,0.0,3.77,2.12,13.4,0.1,0.098,72.0,44.39,23.23,249.0,84.9,1.3264155253878944,0.2976488617085895,1.1096392676547515,1.0,1.0,pat freiermuth,patfreiermuth,pfreiermuth,Pittsburgh Steelers,00-0036894,0.0,0.0,0.0,0.0,0.0,0.0,0.0,3.0,1.0,6.0,0.0,P.Freiermuth,PIT,team_norm & _alias_init_last,0.0,0.0,0.0,0.0,0.0,0.0,0.0,0.77,1.12,7.4,0.1
2025,3,0.0,2025_03_PIT_NE,Pittsburgh Steelers,Connor Heyward,TE,00-0037304,1.0,0.0,0.0,0.0,0.0,0.0,0.0,0.0,0.0,0.0,0.0,0.0,0.0,72.0,44.39,23.23,249.0,84.9,1.3264155253878944,0.2976488617085895,1.1096392676547515,1.0,1.0,connor heyward,connorheyward,cheyward,Pittsburgh Steelers,00-0027969,,,,,,,,,,,,,,,,,,,,,,,,,
2025,3,0.0,2025_03_PIT_NE,Pittsburgh Steelers,Darnell Washington,TE,00-0038558,1.0,0.0,0.0,0.0,0.0,0.0,0.0,0.0,0.0,0.0,0.0,0.0,0.0,72.0,44.39,23.23,249.0,84.9,1.3264155253878944,0.2976488617085895,1.1096392676547515,1.0,1.0,darnell washington,darnellwashington,dwashington,Pittsburgh Steelers,00-0038558,0.0,0.0,0.0,0.0,0.0,0.0,0.0,1.0,0.0,0.0,0.0,D.Washington,PIT,team_norm & _alias_init_last,0.0,0.0,0.0,0.0,0.0,0.0,0.0,-1.0,0.0,0.0,0.0
2025,3,0.0,2025_03_PIT_NE,Pittsburgh Steelers,DK Metcalf,WR,00-0035640,1.0,0.0,0.0,0.0,0.0,0.0,0.0,0.0,10.83,6.27,52.3,0.31,0.2672,72.0,44.39,23.23,249.0,84.9,1.3264155253878944,0.2976488617085895,1.1096392676547515,1.0,1.0,dk metcalf,dkmetcalf,dmetcalf,Pittsburgh Steelers,00-0035640,0.0,0.0,0.0,0.0,0.0,0.0,0.0,5.0,3.0,32.0,1.0,D.Metcalf,PIT,team_norm & _alias_init_last,0.0,0.0,0.0,0.0,0.0,0.0,0.0,5.83,3.2699999999999996,20.299999999999997,-0.69
2025,3,0.0,2025_03_PIT_NE,Pittsburgh Steelers,Calvin Austin III,WR,00-0037837,1.0,0.0,0.0,0.0,0.0,0.0,0.0,0.0,8.15,4.55,40.3,0.22,0.1955,72.0,44.39,23.23,249.0,84.9,1.3264155253878944,0.2976488617085895,1.1096392676547515,1.0,1.0,calvin austin iii,calvinaustiniii,caustin,Pittsburgh Steelers,00-0037837,0.0,0.0,0.0,0.0,0.0,0.0,0.0,5.0,3.0,34.0,1.0,C.Austin,PIT,team_norm & _alias_init_last,0.0,0.0,0.0,0.0,0.0,0.0,0.0,3.1500000000000004,1.5499999999999998,6.299999999999997,-0.78
2025,3,0.0,2025_03_PIT_NE,Pittsburgh Steelers,Roman Wilson,WR,00-0039739,1.0,0.0,0.0,0.0,0.0,0.0,0.0,0.0,5.44,3.38,37.1,0.16,0.1437,72.0,44.39,23.23,249.0,84.9,1.3264155253878944,0.2976488617085895,1.1096392676547515,1.0,1.0,roman wilson,romanwilson,rwilson,Pittsburgh Steelers,00-0039739,41.0,160.0,0.0,2.0,2.0,3.0,0.0,0.0,0.0,0.0,0.0,R.Wilson,NYG,_alias_init_last,-41.0,-160.0,0.0,-2.0,-2.0,-3.0,0.0,5.44,3.38,37.1,0.16
2025,3,0.0,2025_03_PIT_NE,Pittsburgh Steelers,Adam Thielen,WR,00-0030035,1.0,0.0,0.0,0.0,0.0,0.0,0.0,0.0,0.0,0.0,0.0,0.0,0.0,72.0,44.39,23.23,249.0,84.9,1.3264155253878944,0.2976488617085895,1.1096392676547515,0.0,0.0,adam thielen,adamthielen,athielen,Pittsburgh Steelers,00-0030035,0.0,0.0,0.0,0.0,0.0,0.0,0.0,2.0,0.0,0.0,0.0,A.Thielen,MIN,_alias_init_last,0.0,0.0,0.0,0.0,0.0,0.0,0.0,-2.0,0.0,0.0,0.0
2025,3,0.0,2025_03_PIT_NE,Pittsburgh Steelers,Ben Skowronek,WR,00-0036862,1.0,0.0,0.0,0.0,0.0,0.0,0.0,0.0,0.0,0.0,0.0,0.0,0.0,72.0,44.39,23.23,249.0,84.9,1.3264155253878944,0.2976488617085895,1.1096392676547515,1.0,1.0,ben skowronek,benskowronek,bskowronek,Pittsburgh Steelers,00-0036862,,,,,,,,,,,,,,,,,,,,,,,,,
2025,3,0.0,2025_03_PIT_NE,Pittsburgh Steelers,Brandon Johnson,WR,00-0037382,1.0,0.0,0.0,0.0,0.0,0.0,0.0,0.0,0.0,0.0,0.0,0.0,0.0,72.0,44.39,23.23,249.0,84.9,1.3264155253878944,0.2976488617085895,1.1096392676547515,0.0,0.0,brandon johnson,brandonjohnson,bjohnson,Pittsburgh Steelers,00-0037382,,,,,,,,,,,,,,,,,,,,,,,,,
2025,3,0.0,2025_03_PIT_NE,Pittsburgh Steelers,Scott Miller,WR,00-0035298,1.0,0.0,0.0,0.0,0.0,0.0,0.0,0.0,0.0,0.0,0.0,0.0,0.0,72.0,44.39,23.23,249.0,84.9,1.3264155253878944,0.2976488617085895,1.1096392676547515,1.0,1.0,scott miller,scottmiller,smiller,Pittsburgh Steelers,00-0035298,,,,,,,,,,,,,,,,,,,,,,,,,
