season,week,date,game_id,team,player,position,player_id_x,is_active,pass_attempts,pass_yards,pass_tds,interceptions,rush_attempts,rush_yards,rush_tds,targets,receptions,rec_yards,rec_tds,any_td_prob,team_plays,team_pass_attempts,team_rush_attempts,team_pass_yards,team_rush_yards,team_exp_pass_tds,team_exp_rush_tds,team_exp_int,is_active_pid,is_active_nm,_name_norm,_name_norm_loose,_alias_init_last,team_norm,player_id_y,pass_attempts_act,pass_yards_act,pass_tds_act,interceptions_act,rush_attempts_act,rush_yards_act,rush_tds_act,targets_act,receptions_act,rec_yards_act,rec_tds_act,player_act,team_act,match_strategy,pass_attempts_err,pass_yards_err,pass_tds_err,interceptions_err,rush_attempts_err,rush_yards_err,rush_tds_err,targets_err,receptions_err,rec_yards_err,rec_tds_err
2025,1,0.0,2025_01_ARI_NO,Arizona Cardinals,Kyler Murray,QB,00-0035228,1.0,33.48,207.2,2.09,0.82,6.9,25.3,0.24,0.0,0.0,0.0,0.0,0.2123,64.0,32.95,28.8,217.5,123.8,2.3694130101667827,0.9238825265106554,0.8236800000000001,1.0,1.0,kyler murray,kylermurray,kmurray,Arizona Cardinals,00-0035228,41.0,163.0,2.0,0.0,4.0,10.0,0.0,0.0,0.0,0.0,0.0,K.Murray,ARI,team_norm & _alias_init_last,-7.520000000000003,44.19999999999999,0.08999999999999986,0.82,2.9000000000000004,15.3,0.24,0.0,0.0,0.0,0.0
2025,1,0.0,2025_01_ARI_NO,Arizona Cardinals,James Conner,RB,00-0033553,1.0,0.0,0.0,0.0,0.0,14.08,47.3,0.56,3.23,2.53,14.6,0.23,0.5437,64.0,32.95,28.8,217.5,123.8,2.3694130101667827,0.9238825265106554,0.8236800000000001,1.0,1.0,james conner,jamesconner,jconner,Arizona Cardinals,00-0033553,0.0,0.0,0.0,0.0,13.0,39.0,0.0,4.0,4.0,5.0,1.0,J.Conner,ARI,team_norm & _alias_init_last,0.0,0.0,0.0,0.0,1.08,8.299999999999997,0.56,-0.77,-1.4700000000000002,9.6,-0.77
2025,1,0.0,2025_01_ARI_NO,Arizona Cardinals,Trey Benson,RB,00-0039921,1.0,0.0,0.0,0.0,0.0,7.82,28.5,0.18,2.01,1.59,10.8,0.14,0.2775,64.0,32.95,28.8,217.5,123.8,2.3694130101667827,0.9238825265106554,0.8236800000000001,1.0,1.0,trey benson,treybenson,tbenson,Arizona Cardinals,00-0039921,0.0,0.0,0.0,0.0,8.0,69.0,0.0,1.0,1.0,6.0,0.0,T.Benson,ARI,team_norm & _alias_init_last,0.0,0.0,0.0,0.0,-0.17999999999999972,-40.5,0.18,1.0099999999999998,0.5900000000000001,4.800000000000001,0.14
2025,1,0.0,2025_01_ARI_NO,Arizona Cardinals,Emari Demercado,RB,00-0038705,1.0,0.0,0.0,0.0,0.0,0.0,0.0,0.0,0.0,0.0,0.0,0.0,0.0,64.0,32.95,28.8,217.5,123.8,2.3694130101667827,0.9238825265106554,0.8236800000000001,1.0,1.0,emari demercado,emaridemercado,edemercado,Arizona Cardinals,00-0038705,,,,,,,,,,,,,,,,,,,,,,,,,
2025,1,0.0,2025_01_ARI_NO,Arizona Cardinals,Trey McBride,TE,00-0037744,1.0,0.0,0.0,0.0,0.0,0.0,0.0,0.0,3.34,2.41,14.6,0.22,0.1965,64.0,32.95,28.8,217.5,123.8,2.3694130101667827,0.9238825265106554,0.8236800000000001,1.0,1.0,trey mcbride,treymcbride,tmcbride,Arizona Cardinals,00-0037744,0.0,0.0,0.0,0.0,0.0,0.0,0.0,9.0,6.0,61.0,0.0,T.McBride,ARI,team_norm & _alias_init_last,0.0,0.0,0.0,0.0,0.0,0.0,0.0,-5.66,-3.59,-46.4,0.22
2025,1,0.0,2025_01_ARI_NO,Arizona Cardinals,Elijah Higgins,TE,00-0039041,1.0,0.0,0.0,0.0,0.0,0.0,0.0,0.0,0.0,0.0,0.0,0.0,0.0,64.0,32.95,28.8,217.5,123.8,2.3694130101667827,0.9238825265106554,0.8236800000000001,1.0,1.0,elijah higgins,elijahhiggins,ehiggins,Arizona Cardinals,00-0039041,0.0,0.0,0.0,0.0,0.0,0.0,0.0,2.0,1.0,3.0,0.0,E.Higgins,ARI,team_norm & _alias_init_last,0.0,0.0,0.0,0.0,0.0,0.0,0.0,-2.0,-1.0,-3.0,0.0
2025,1,0.0,2025_01_ARI_NO,Arizona Cardinals,Josiah Deguara,TE,00-0036332,0.0,0.0,0.0,0.0,0.0,0.0,0.0,0.0,0.0,0.0,0.0,0.0,0.0,64.0,32.95,28.8,217.5,123.8,2.3694130101667827,0.9238825265106554,0.8236800000000001,0.0,0.0,josiah deguara,josiahdeguara,jdeguara,Arizona Cardinals,00-0036332,,,,,,,,,,,,,,,,,,,,,,,,,
2025,1,0.0,2025_01_ARI_NO,Arizona Cardinals,Oscar Cardenas,TE,00-0040381,0.0,0.0,0.0,0.0,0.0,0.0,0.0,0.0,0.0,0.0,0.0,0.0,0.0,64.0,32.95,28.8,217.5,123.8,2.3694130101667827,0.9238825265106554,0.8236800000000001,0.0,0.0,oscar cardenas,oscarcardenas,ocardenas,Arizona Cardinals,00-0040381,,,,,,,,,,,,,,,,,,,,,,,,,
2025,1,0.0,2025_01_ARI_NO,Arizona Cardinals,Tip Reiman,TE,00-0039737,1.0,0.0,0.0,0.0,0.0,0.0,0.0,0.0,0.0,0.0,0.0,0.0,0.0,64.0,32.95,28.8,217.5,123.8,2.3694130101667827,0.9238825265106554,0.8236800000000001,1.0,1.0,tip reiman,tipreiman,treiman,Arizona Cardinals,00-0039737,0.0,0.0,0.0,0.0,0.0,0.0,0.0,1.0,1.0,10.0,0.0,T.Reiman,ARI,team_norm & _alias_init_last,0.0,0.0,0.0,0.0,0.0,0.0,0.0,-1.0,-1.0,-10.0,0.0
2025,1,0.0,2025_01_ARI_NO,Arizona Cardinals,Travis Vokolek,TE,00-0038456,1.0,0.0,0.0,0.0,0.0,0.0,0.0,0.0,0.0,0.0,0.0,0.0,0.0,64.0,32.95,28.8,217.5,123.8,2.3694130101667827,0.9238825265106554,0.8236800000000001,1.0,1.0,travis vokolek,travisvokolek,tvokolek,Arizona Cardinals,00-0038456,,,,,,,,,,,,,,,,,,,,,,,,,
2025,1,0.0,2025_01_ARI_NO,Arizona Cardinals,Marvin Harrison Jr.,WR,00-0039849,1.0,0.0,0.0,0.0,0.0,0.0,0.0,0.0,10.5,5.31,52.6,0.71,0.5099,64.0,32.95,28.8,217.5,123.8,2.3694130101667827,0.9238825265106554,0.8236800000000001,1.0,1.0,marvin harrison jr.,marvinharrisonjr,mharrison,Arizona Cardinals,00-0039849,0.0,0.0,0.0,0.0,0.0,0.0,0.0,8.0,5.0,71.0,1.0,M.Harrison,ARI,team_norm & _alias_init_last,0.0,0.0,0.0,0.0,0.0,0.0,0.0,2.5,0.3099999999999996,-18.4,-0.29000000000000004
2025,1,0.0,2025_01_ARI_NO,Arizona Cardinals,Michael Wilson,WR,00-0038559,1.0,0.0,0.0,0.0,0.0,0.0,0.0,0.0,7.91,4.47,45.4,0.56,0.429,64.0,32.95,28.8,217.5,123.8,2.3694130101667827,0.9238825265106554,0.8236800000000001,1.0,1.0,michael wilson,michaelwilson,mwilson,Arizona Cardinals,00-0035144,0.0,0.0,0.0,0.0,0.0,0.0,0.0,4.0,1.0,5.0,0.0,Mi.Wilson,ARI,team_norm & _alias_init_last,0.0,0.0,0.0,0.0,0.0,0.0,0.0,3.91,3.4699999999999998,40.4,0.56
2025,1,0.0,2025_01_ARI_NO,Arizona Cardinals,Zay Jones,WR,00-0033891,1.0,0.0,0.0,0.0,0.0,0.0,0.0,0.0,5.27,3.26,24.7,0.37,0.3068,64.0,32.95,28.8,217.5,123.8,2.3694130101667827,0.9238825265106554,0.8236800000000001,1.0,1.0,zay jones,zayjones,zjones,Arizona Cardinals,,0.0,0.0,0.0,0.0,0.0,0.0,0.0,1.0,1.0,4.0,0.0,Z.Jones,ARI,team_norm & _alias_init_last,0.0,0.0,0.0,0.0,0.0,0.0,0.0,4.27,2.26,20.7,0.37
2025,1,0.0,2025_01_ARI_NO,Arizona Cardinals,Greg Dortch,WR,00-0035500,1.0,0.0,0.0,0.0,0.0,0.0,0.0,0.0,0.65,0.47,3.4,0.04,0.0433,64.0,32.95,28.8,217.5,123.8,2.3694130101667827,0.9238825265106554,0.8236800000000001,1.0,1.0,greg dortch,gregdortch,gdortch,Arizona Cardinals,00-0035500,0.0,0.0,0.0,0.0,0.0,0.0,0.0,1.0,1.0,-2.0,0.0,G.Dortch,ARI,team_norm & _alias_init_last,0.0,0.0,0.0,0.0,0.0,0.0,0.0,-0.35,-0.53,5.4,0.04
2025,1,0.0,2025_01_ARI_NO,Arizona Cardinals,Andre Baccellia,WR,00-0035876,0.0,0.0,0.0,0.0,0.0,0.0,0.0,0.0,0.0,0.0,0.0,0.0,0.0,64.0,32.95,28.8,217.5,123.8,2.3694130101667827,0.9238825265106554,0.8236800000000001,0.0,0.0,andre baccellia,andrebaccellia,abaccellia,Arizona Cardinals,00-0035876,,,,,,,,,,,,,,,,,,,,,,,,,
2025,1,0.0,2025_01_ARI_NO,Arizona Cardinals,Bryson Green,WR,00-0040383,0.0,0.0,0.0,0.0,0.0,0.0,0.0,0.0,0.0,0.0,0.0,0.0,0.0,64.0,32.95,28.8,217.5,123.8,2.3694130101667827,0.9238825265106554,0.8236800000000001,0.0,0.0,bryson green,brysongreen,bgreen,Arizona Cardinals,00-0040383,,,,,,,,,,,,,,,,,,,,,,,,,
2025,1,0.0,2025_01_ARI_NO,Arizona Cardinals,Xavier Weaver,WR,00-0039521,1.0,0.0,0.0,0.0,0.0,0.0,0.0,0.0,0.0,0.0,0.0,0.0,0.0,64.0,32.95,28.8,217.5,123.8,2.3694130101667827,0.9238825265106554,0.8236800000000001,1.0,1.0,xavier weaver,xavierweaver,xweaver,Arizona Cardinals,00-0039521,,,,,,,,,,,,,,,,,,,,,,,,,
2025,1,0.0,2025_01_ARI_NO,New Orleans Saints,Spencer Rattler,QB,00-0039376,1.0,33.97,206.0,1.93,0.82,4.02,16.0,0.12,0.0,0.0,0.0,0.0,0.1112,64.0,32.95,28.8,217.5,123.8,2.227760974931836,0.8686495048142704,0.8236800000000001,1.0,1.0,spencer rattler,spencerrattler,srattler,New Orleans Saints,00-0039376,51.0,214.0,0.0,0.0,3.0,8.0,0.0,0.0,0.0,0.0,0.0,S.Rattler,NO,team_norm & _alias_init_last,-17.03,-8.0,1.93,0.82,1.0199999999999996,8.0,0.12,0.0,0.0,0.0,0.0
2025,1,0.0,2025_01_ARI_NO,New Orleans Saints,Alvin Kamara,RB,00-0033906,1.0,0.0,0.0,0.0,0.0,14.62,50.6,0.53,2.97,2.3,13.0,0.2,0.5197,64.0,32.95,28.8,217.5,123.8,2.227760974931836,0.8686495048142704,0.8236800000000001,1.0,1.0,alvin kamara,alvinkamara,akamara,New Orleans Saints,00-0033906,0.0,0.0,0.0,0.0,12.0,45.0,1.0,3.0,2.0,12.0,0.0,A.Kamara,NO,team_norm & _alias_init_last,0.0,0.0,0.0,0.0,2.619999999999999,5.600000000000001,-0.47,-0.029999999999999805,0.2999999999999998,1.0,0.2
2025,1,0.0,2025_01_ARI_NO,New Orleans Saints,Kendre Miller,RB,00-0038551,1.0,0.0,0.0,0.0,0.0,8.12,30.0,0.18,1.85,1.38,9.7,0.12,0.259,64.0,32.95,28.8,217.5,123.8,2.227760974931836,0.8686495048142704,0.8236800000000001,1.0,1.0,kendre miller,kendremiller,kmiller,New Orleans Saints,00-0038551,0.0,0.0,0.0,0.0,5.0,24.0,0.0,0.0,0.0,0.0,0.0,K.Miller,NO,team_norm & _alias_init_last,0.0,0.0,0.0,0.0,3.119999999999999,6.0,0.18,1.85,1.38,9.7,0.12
2025,1,0.0,2025_01_ARI_NO,New Orleans Saints,Devin Neal,RB,00-0040202,1.0,0.0,0.0,0.0,0.0,2.04,7.7,0.05,0.0,0.0,0.0,0.0,0.0474,64.0,32.95,28.8,217.5,123.8,2.227760974931836,0.8686495048142704,0.8236800000000001,1.0,1.0,devin neal,devinneal,dneal,New Orleans Saints,00-0040202,0.0,0.0,0.0,0.0,2.0,9.0,0.0,0.0,0.0,0.0,0.0,D.Neal,NO,team_norm & _alias_init_last,0.0,0.0,0.0,0.0,0.040000000000000036,-1.2999999999999998,0.05,0.0,0.0,0.0,0.0
2025,1,0.0,2025_01_ARI_NO,New Orleans Saints,Juwan Johnson,TE,00-0036040,1.0,0.0,0.0,0.0,0.0,0.0,0.0,0.0,3.35,2.17,15.2,0.2,0.182,64.0,32.95,28.8,217.5,123.8,2.227760974931836,0.8686495048142704,0.8236800000000001,1.0,1.0,juwan johnson,juwanjohnson,jjohnson,New Orleans Saints,00-0036040,0.0,0.0,0.0,0.0,0.0,0.0,0.0,11.0,8.0,76.0,0.0,J.Johnson,NO,team_norm & _alias_init_last,0.0,0.0,0.0,0.0,0.0,0.0,0.0,-7.65,-5.83,-60.8,0.2
2025,1,0.0,2025_01_ARI_NO,New Orleans Saints,Foster Moreau,TE,00-0034981,0.0,0.0,0.0,0.0,0.0,0.0,0.0,0.0,0.0,0.0,0.0,0.0,0.0,64.0,32.95,28.8,217.5,123.8,2.227760974931836,0.8686495048142704,0.8236800000000001,0.0,0.0,foster moreau,fostermoreau,fmoreau,New Orleans Saints,00-0034981,,,,,,,,,,,,,,,,,,,,,,,,,
2025,1,0.0,2025_01_ARI_NO,New Orleans Saints,Jack Stoll,TE,00-0036741,1.0,0.0,0.0,0.0,0.0,0.0,0.0,0.0,0.0,0.0,0.0,0.0,0.0,64.0,32.95,28.8,217.5,123.8,2.227760974931836,0.8686495048142704,0.8236800000000001,1.0,1.0,jack stoll,jackstoll,jstoll,New Orleans Saints,00-0036741,,,,,,,,,,,,,,,,,,,,,,,,,
2025,1,0.0,2025_01_ARI_NO,New Orleans Saints,Moliki Matavao,TE,00-0040244,1.0,0.0,0.0,0.0,0.0,0.0,0.0,0.0,0.0,0.0,0.0,0.0,0.0,64.0,32.95,28.8,217.5,123.8,2.227760974931836,0.8686495048142704,0.8236800000000001,1.0,1.0,moliki matavao,molikimatavao,mmatavao,New Orleans Saints,00-0040244,,,,,,,,,,,,,,,,,,,,,,,,,
2025,1,0.0,2025_01_ARI_NO,New Orleans Saints,Chris Olave,WR,00-0037239,1.0,0.0,0.0,0.0,0.0,0.0,0.0,0.0,8.38,5.07,40.5,0.51,0.4022,64.0,32.95,28.8,217.5,123.8,2.227760974931836,0.8686495048142704,0.8236800000000001,1.0,1.0,chris olave,chrisolave,colave,New Orleans Saints,00-0037239,0.0,0.0,0.0,0.0,0.0,0.0,0.0,13.0,7.0,54.0,0.0,C.Olave,NO,team_norm & _alias_init_last,0.0,0.0,0.0,0.0,0.0,0.0,0.0,-4.619999999999999,-1.9299999999999997,-13.5,0.51
2025,1,0.0,2025_01_ARI_NO,New Orleans Saints,Rashid Shaheed,WR,,1.0,0.0,0.0,0.0,0.0,0.0,0.0,0.0,6.31,4.05,58.6,0.43,0.3474,64.0,32.95,28.8,217.5,123.8,2.227760974931836,0.8686495048142704,0.8236800000000001,0.0,1.0,rashid shaheed,rashidshaheed,rshaheed,New Orleans Saints,,0.0,0.0,0.0,0.0,0.0,0.0,0.0,10.0,6.0,33.0,0.0,R.Shaheed,NO,team_norm & _alias_init_last,0.0,0.0,0.0,0.0,0.0,0.0,0.0,-3.6900000000000004,-1.9500000000000002,25.6,0.43
2025,1,0.0,2025_01_ARI_NO,New Orleans Saints,Brandin Cooks,WR,,1.0,0.0,0.0,0.0,0.0,0.0,0.0,0.0,4.21,2.69,37.4,0.28,0.2476,64.0,32.95,28.8,217.5,123.8,2.227760974931836,0.8686495048142704,0.8236800000000001,0.0,1.0,brandin cooks,brandincooks,bcooks,New Orleans Saints,,0.0,0.0,0.0,0.0,0.0,0.0,0.0,4.0,3.0,26.0,0.0,B.Cooks,NO,team_norm & _alias_init_last,0.0,0.0,0.0,0.0,0.0,0.0,0.0,0.20999999999999996,-0.31000000000000005,11.399999999999999,0.28
2025,1,0.0,2025_01_ARI_NO,New Orleans Saints,R.Shaheed,WR,,0.0,0.0,0.0,0.0,0.0,0.0,0.0,0.0,3.31,2.12,31.9,0.22,0.2006,64.0,32.95,28.8,217.5,123.8,2.227760974931836,0.8686495048142704,0.8236800000000001,0.0,0.0,r.shaheed,rshaheed,rshaheed,New Orleans Saints,,0.0,0.0,0.0,0.0,0.0,0.0,0.0,10.0,6.0,33.0,0.0,R.Shaheed,NO,team_norm & _name_norm_loose,0.0,0.0,0.0,0.0,0.0,0.0,0.0,-6.6899999999999995,-3.88,-1.1000000000000014,0.22
2025,1,0.0,2025_01_ARI_NO,New Orleans Saints,B.Cooks,WR,,0.0,0.0,0.0,0.0,0.0,0.0,0.0,0.0,1.47,0.91,13.7,0.1,0.0947,64.0,32.95,28.8,217.5,123.8,2.227760974931836,0.8686495048142704,0.8236800000000001,0.0,0.0,b.cooks,bcooks,bcooks,New Orleans Saints,,0.0,0.0,0.0,0.0,0.0,0.0,0.0,4.0,3.0,26.0,0.0,B.Cooks,NO,team_norm & _name_norm_loose,0.0,0.0,0.0,0.0,0.0,0.0,0.0,-2.5300000000000002,-2.09,-12.3,0.1
2025,1,0.0,2025_01_ARI_NO,New Orleans Saints,Devaughn Vele,WR,00-0039424,1.0,0.0,0.0,0.0,0.0,0.0,0.0,0.0,0.74,0.45,4.1,0.05,0.0457,64.0,32.95,28.8,217.5,123.8,2.227760974931836,0.8686495048142704,0.8236800000000001,1.0,1.0,devaughn vele,devaughnvele,dvele,New Orleans Saints,00-0039424,0.0,0.0,0.0,0.0,0.0,0.0,0.0,3.0,1.0,13.0,0.0,D.Vele,NO,team_norm & _alias_init_last,0.0,0.0,0.0,0.0,0.0,0.0,0.0,-2.26,-0.55,-8.9,0.05
2025,1,0.0,2025_01_ARI_NO,New Orleans Saints,Bub Means,WR,00-0039386,1.0,0.0,0.0,0.0,0.0,0.0,0.0,0.0,0.0,0.0,0.0,0.0,0.0,64.0,32.95,28.8,217.5,123.8,2.227760974931836,0.8686495048142704,0.8236800000000001,0.0,0.0,bub means,bubmeans,bmeans,New Orleans Saints,,,,,,,,,,,,,,,,,,,,,,,,,,
2025,1,0.0,2025_01_ARI_NO,New Orleans Saints,Dante Pettis,WR,00-0034860,0.0,0.0,0.0,0.0,0.0,0.0,0.0,0.0,0.0,0.0,0.0,0.0,0.0,64.0,32.95,28.8,217.5,123.8,2.227760974931836,0.8686495048142704,0.8236800000000001,0.0,0.0,dante pettis,dantepettis,dpettis,New Orleans Saints,00-0034860,,,,,,,,,,,,,,,,,,,,,,,,,
2025,1,0.0,2025_01_ARI_NO,New Orleans Saints,Mason Tipton,WR,00-0039623,1.0,0.0,0.0,0.0,0.0,0.0,0.0,0.0,0.0,0.0,0.0,0.0,0.0,64.0,32.95,28.8,217.5,123.8,2.227760974931836,0.8686495048142704,0.8236800000000001,1.0,1.0,mason tipton,masontipton,mtipton,New Orleans Saints,00-0039623,,,,,,,,,,,,,,,,,,,,,,,,,
2025,1,0.0,2025_01_BAL_BUF,Baltimore Ravens,Lamar Jackson,QB,00-0034796,1.0,31.93,210.2,1.78,0.82,9.39,33.0,0.17,0.0,0.0,0.0,0.0,0.1554,64.0,32.95,28.8,217.5,123.8,1.5420316938569112,0.6012696525118462,0.8236800000000001,1.0,1.0,lamar jackson,lamarjackson,ljackson,Baltimore Ravens,00-0034796,23.0,209.0,2.0,0.0,5.0,51.0,1.0,0.0,0.0,0.0,0.0,L.Jackson,BAL,team_norm & _alias_init_last,8.93,1.1999999999999886,-0.21999999999999997,0.82,4.390000000000001,-18.0,-0.83,0.0,0.0,0.0,0.0
2025,1,0.0,2025_01_BAL_BUF,Baltimore Ravens,Derrick Henry,RB,00-0032764,1.0,0.0,0.0,0.0,0.0,12.07,40.5,0.33,3.47,2.5,14.8,0.16,0.3915,64.0,32.95,28.8,217.5,123.8,1.5420316938569112,0.6012696525118462,0.8236800000000001,1.0,1.0,derrick henry,derrickhenry,dhenry,Baltimore Ravens,00-0032764,0.0,0.0,0.0,0.0,18.0,169.0,2.0,1.0,1.0,13.0,0.0,D.Henry,BAL,team_norm & _alias_init_last,0.0,0.0,0.0,0.0,-5.93,-128.5,-1.67,2.47,1.5,1.8000000000000007,0.16
2025,1,0.0,2025_01_BAL_BUF,Baltimore Ravens,Justice Hill,RB,00-0034975,1.0,0.0,0.0,0.0,0.0,6.71,23.5,0.12,2.16,1.59,8.7,0.1,0.1974,64.0,32.95,28.8,217.5,123.8,1.5420316938569112,0.6012696525118462,0.8236800000000001,1.0,1.0,justice hill,justicehill,jhill,Baltimore Ravens,00-0034975,0.0,0.0,0.0,0.0,2.0,-14.0,0.0,2.0,1.0,3.0,0.0,J.Hill,BAL,team_norm & _alias_init_last,0.0,0.0,0.0,0.0,4.71,37.5,0.12,0.16000000000000014,0.5900000000000001,5.699999999999999,0.1
2025,1,0.0,2025_01_BAL_BUF,Baltimore Ravens,Rasheen Ali,RB,00-0039796,1.0,0.0,0.0,0.0,0.0,0.64,2.5,0.01,0.0,0.0,0.0,0.0,0.0122,64.0,32.95,28.8,217.5,123.8,1.5420316938569112,0.6012696525118462,0.8236800000000001,1.0,1.0,rasheen ali,rasheenali,rali,Baltimore Ravens,00-0039796,0.0,0.0,0.0,0.0,1.0,5.0,0.0,0.0,0.0,0.0,0.0,R.Ali,BAL,team_norm & _alias_init_last,0.0,0.0,0.0,0.0,-0.36,-2.5,0.01,0.0,0.0,0.0,0.0
2025,1,0.0,2025_01_BAL_BUF,Baltimore Ravens,Mark Andrews,TE,00-0034753,1.0,0.0,0.0,0.0,0.0,0.0,0.0,0.0,3.17,2.05,13.6,0.14,0.1326,64.0,32.95,28.8,217.5,123.8,1.5420316938569112,0.6012696525118462,0.8236800000000001,1.0,1.0,mark andrews,markandrews,mandrews,Baltimore Ravens,00-0034753,0.0,0.0,0.0,0.0,0.0,0.0,0.0,1.0,1.0,5.0,0.0,M.Andrews,BAL,team_norm & _alias_init_last,0.0,0.0,0.0,0.0,0.0,0.0,0.0,2.17,1.0499999999999998,8.6,0.14
2025,1,0.0,2025_01_BAL_BUF,Baltimore Ravens,Baylor Cupp,TE,00-0039316,0.0,0.0,0.0,0.0,0.0,0.0,0.0,0.0,0.0,0.0,0.0,0.0,0.0,64.0,32.95,28.8,217.5,123.8,1.5420316938569112,0.6012696525118462,0.8236800000000001,0.0,0.0,baylor cupp,baylorcupp,bcupp,Baltimore Ravens,00-0039316,,,,,,,,,,,,,,,,,,,,,,,,,
2025,1,0.0,2025_01_BAL_BUF,Baltimore Ravens,Charlie Kolar,TE,00-0038046,1.0,0.0,0.0,0.0,0.0,0.0,0.0,0.0,0.0,0.0,0.0,0.0,0.0,64.0,32.95,28.8,217.5,123.8,1.5420316938569112,0.6012696525118462,0.8236800000000001,1.0,1.0,charlie kolar,charliekolar,ckolar,Baltimore Ravens,00-0038046,,,,,,,,,,,,,,,,,,,,,,,,,
2025,1,0.0,2025_01_BAL_BUF,Baltimore Ravens,Isaiah Likely,TE,00-0037838,1.0,0.0,0.0,0.0,0.0,0.0,0.0,0.0,0.0,0.0,0.0,0.0,0.0,64.0,32.95,28.8,217.5,123.8,1.5420316938569112,0.6012696525118462,0.8236800000000001,0.0,0.0,isaiah likely,isaiahlikely,ilikely,Baltimore Ravens,00-0037838,,,,,,,,,,,,,,,,,,,,,,,,,
2025,1,0.0,2025_01_BAL_BUF,Baltimore Ravens,Zay Flowers,WR,00-0039064,1.0,0.0,0.0,0.0,0.0,0.0,0.0,0.0,10.71,7.22,53.0,0.46,0.3687,64.0,32.95,28.8,217.5,123.8,1.5420316938569112,0.6012696525118462,0.8236800000000001,1.0,1.0,zay flowers,zayflowers,zflowers,Baltimore Ravens,,0.0,0.0,0.0,0.0,2.0,8.0,0.0,9.0,7.0,143.0,1.0,Z.Flowers,BAL,team_norm & _alias_init_last,0.0,0.0,0.0,0.0,-2.0,-8.0,0.0,1.7100000000000009,0.21999999999999975,-90.0,-0.54
2025,1,0.0,2025_01_BAL_BUF,Baltimore Ravens,Rashod Bateman,WR,00-0036550,1.0,0.0,0.0,0.0,0.0,0.0,0.0,0.0,8.06,4.71,40.0,0.35,0.2986,64.0,32.95,28.8,217.5,123.8,1.5420316938569112,0.6012696525118462,0.8236800000000001,1.0,1.0,rashod bateman,rashodbateman,rbateman,Baltimore Ravens,00-0036550,0.0,0.0,0.0,0.0,0.0,0.0,0.0,4.0,2.0,10.0,0.0,R.Bateman,BAL,team_norm & _alias_init_last,0.0,0.0,0.0,0.0,0.0,0.0,0.0,4.0600000000000005,2.71,30.0,0.35
2025,1,0.0,2025_01_BAL_BUF,Baltimore Ravens,DeAndre Hopkins,WR,00-0030564,1.0,0.0,0.0,0.0,0.0,0.0,0.0,0.0,5.38,3.15,24.4,0.23,0.2077,64.0,32.95,28.8,217.5,123.8,1.5420316938569112,0.6012696525118462,0.8236800000000001,1.0,1.0,deandre hopkins,deandrehopkins,dhopkins,Baltimore Ravens,00-0030564,0.0,0.0,0.0,0.0,0.0,0.0,0.0,2.0,2.0,35.0,1.0,D.Hopkins,BAL,team_norm & _alias_init_last,0.0,0.0,0.0,0.0,0.0,0.0,0.0,3.38,1.15,-10.600000000000001,-0.77
2025,1,0.0,2025_01_BAL_BUF,Baltimore Ravens,Anthony Miller,WR,00-0034353,0.0,0.0,0.0,0.0,0.0,0.0,0.0,0.0,0.0,0.0,0.0,0.0,0.0,64.0,32.95,28.8,217.5,123.8,1.5420316938569112,0.6012696525118462,0.8236800000000001,0.0,0.0,anthony miller,anthonymiller,amiller,Baltimore Ravens,00-0034353,,,,,,,,,,,,,,,,,,,,,,,,,
2025,1,0.0,2025_01_BAL_BUF,Baltimore Ravens,Cornelius Johnson,WR,00-0039437,0.0,0.0,0.0,0.0,0.0,0.0,0.0,0.0,0.0,0.0,0.0,0.0,0.0,64.0,32.95,28.8,217.5,123.8,1.5420316938569112,0.6012696525118462,0.8236800000000001,0.0,0.0,cornelius johnson,corneliusjohnson,cjohnson,Baltimore Ravens,00-0039437,,,,,,,,,,,,,,,,,,,,,,,,,
2025,1,0.0,2025_01_BAL_BUF,Baltimore Ravens,Dayton Wade,WR,00-0039259,1.0,0.0,0.0,0.0,0.0,0.0,0.0,0.0,0.0,0.0,0.0,0.0,0.0,64.0,32.95,28.8,217.5,123.8,1.5420316938569112,0.6012696525118462,0.8236800000000001,0.0,0.0,dayton wade,daytonwade,dwade,Baltimore Ravens,00-0039259,,,,,,,,,,,,,,,,,,,,,,,,,
2025,1,0.0,2025_01_BAL_BUF,Baltimore Ravens,Devontez Walker,WR,00-0039792,1.0,0.0,0.0,0.0,0.0,0.0,0.0,0.0,0.0,0.0,0.0,0.0,0.0,64.0,32.95,28.8,217.5,123.8,1.5420316938569112,0.6012696525118462,0.8236800000000001,1.0,1.0,devontez walker,devontezwalker,dwalker,Baltimore Ravens,00-0039792,,,,,,,,,,,,,,,,,,,,,,,,,
2025,1,0.0,2025_01_BAL_BUF,Baltimore Ravens,LaJohntay Wester,WR,00-0040075,1.0,0.0,0.0,0.0,0.0,0.0,0.0,0.0,0.0,0.0,0.0,0.0,0.0,64.0,32.95,28.8,217.5,123.8,1.5420316938569112,0.6012696525118462,0.8236800000000001,1.0,1.0,lajohntay wester,lajohntaywester,lwester,Baltimore Ravens,00-0040075,,,,,,,,,,,,,,,,,,,,,,,,,
2025,1,0.0,2025_01_BAL_BUF,Baltimore Ravens,Tylan Wallace,WR,00-0036630,1.0,0.0,0.0,0.0,0.0,0.0,0.0,0.0,0.0,0.0,0.0,0.0,0.0,64.0,32.95,28.8,217.5,123.8,1.5420316938569112,0.6012696525118462,0.8236800000000001,1.0,1.0,tylan wallace,tylanwallace,twallace,Baltimore Ravens,00-0036630,,,,,,,,,,,,,,,,,,,,,,,,,
2025,1,0.0,2025_01_BAL_BUF,Buffalo Bills,Josh Allen,QB,00-0034857,1.0,33.07,211.3,1.89,0.82,8.23,29.4,0.22,0.0,0.0,0.0,0.0,0.2002,64.0,32.95,28.8,217.5,123.8,1.820330372288528,0.709783991316747,0.8236800000000001,1.0,1.0,josh allen,joshallen,jallen,Buffalo Bills,00-0034857,57.0,394.0,2.0,0.0,6.0,8.0,1.0,0.0,0.0,0.0,0.0,J.Allen,BUF,team_norm & _alias_init_last,-23.93,-182.7,-0.1100000000000001,0.82,2.2300000000000004,21.4,-0.78,0.0,0.0,0.0,0.0
2025,1,0.0,2025_01_BAL_BUF,Buffalo Bills,James Cook,RB,00-0037248,1.0,0.0,0.0,0.0,0.0,12.09,41.6,0.39,3.04,2.34,13.7,0.17,0.4265,64.0,32.95,28.8,217.5,123.8,1.820330372288528,0.709783991316747,0.8236800000000001,1.0,1.0,james cook,jamescook,jcook,Buffalo Bills,00-0037248,0.0,0.0,0.0,0.0,13.0,44.0,1.0,5.0,5.0,58.0,0.0,J.Cook,BUF,team_norm & _alias_init_last,0.0,0.0,0.0,0.0,-0.9100000000000001,-2.3999999999999986,-0.61,-1.96,-2.66,-44.3,0.17
2025,1,0.0,2025_01_BAL_BUF,Buffalo Bills,Ray Davis,RB,00-0039875,1.0,0.0,0.0,0.0,0.0,6.71,23.9,0.13,1.89,1.44,9.7,0.11,0.2144,64.0,32.95,28.8,217.5,123.8,1.820330372288528,0.709783991316747,0.8236800000000001,1.0,1.0,ray davis,raydavis,rdavis,Buffalo Bills,00-0039875,0.0,0.0,0.0,0.0,2.0,2.0,0.0,1.0,1.0,-1.0,0.0,R.Davis,BUF,team_norm & _alias_init_last,0.0,0.0,0.0,0.0,4.71,21.9,0.13,0.8899999999999999,0.43999999999999995,10.7,0.11
2025,1,0.0,2025_01_BAL_BUF,Buffalo Bills,Ty Johnson,RB,00-0035537,1.0,0.0,0.0,0.0,0.0,1.2,4.4,0.03,0.56,0.35,2.9,0.03,0.0543,64.0,32.95,28.8,217.5,123.8,1.820330372288528,0.709783991316747,0.8236800000000001,1.0,1.0,ty johnson,tyjohnson,tjohnson,Buffalo Bills,00-0034376,0.0,0.0,0.0,0.0,2.0,24.0,0.0,2.0,0.0,0.0,0.0,Ty.Johnson,BUF,team_norm & _name_norm_loose,0.0,0.0,0.0,0.0,-0.8,-19.6,0.03,-1.44,0.35,2.9,0.03
2025,1,0.0,2025_01_BAL_BUF,Buffalo Bills,E.Moore,RB,,0.0,0.0,0.0,0.0,0.0,0.57,2.3,0.01,0.45,0.33,3.1,0.02,0.0359,64.0,32.95,28.8,217.5,123.8,1.820330372288528,0.709783991316747,0.8236800000000001,0.0,0.0,e.moore,emoore,emoore,Buffalo Bills,,0.0,0.0,0.0,0.0,1.0,8.0,0.0,1.0,1.0,3.0,0.0,E.Moore,BUF,team_norm & _name_norm_loose,0.0,0.0,0.0,0.0,-0.43000000000000005,-5.7,0.01,-0.55,-0.6699999999999999,0.10000000000000009,0.02
2025,1,0.0,2025_01_BAL_BUF,Buffalo Bills,Dalton Kincaid,TE,00-0038933,1.0,0.0,0.0,0.0,0.0,0.0,0.0,0.0,3.19,2.17,14.2,0.16,0.1464,64.0,32.95,28.8,217.5,123.8,1.820330372288528,0.709783991316747,0.8236800000000001,1.0,1.0,dalton kincaid,daltonkincaid,dkincaid,Buffalo Bills,00-0038933,0.0,0.0,0.0,0.0,0.0,0.0,0.0,5.0,4.0,48.0,1.0,D.Kincaid,BUF,team_norm & _alias_init_last,0.0,0.0,0.0,0.0,0.0,0.0,0.0,-1.81,-1.83,-33.8,-0.84
2025,1,0.0,2025_01_BAL_BUF,Buffalo Bills,Dawson Knox,TE,00-0035689,1.0,0.0,0.0,0.0,0.0,0.0,0.0,0.0,0.0,0.0,0.0,0.0,0.0,64.0,32.95,28.8,217.5,123.8,1.820330372288528,0.709783991316747,0.8236800000000001,1.0,1.0,dawson knox,dawsonknox,dknox,Buffalo Bills,00-0035689,0.0,0.0,0.0,0.0,0.0,0.0,0.0,2.0,2.0,20.0,0.0,D.Knox,BUF,team_norm & _alias_init_last,0.0,0.0,0.0,0.0,0.0,0.0,0.0,-2.0,-2.0,-20.0,0.0
2025,1,0.0,2025_01_BAL_BUF,Buffalo Bills,Jackson Hawes,TE,00-0040194,1.0,0.0,0.0,0.0,0.0,0.0,0.0,0.0,0.0,0.0,0.0,0.0,0.0,64.0,32.95,28.8,217.5,123.8,1.820330372288528,0.709783991316747,0.8236800000000001,1.0,1.0,jackson hawes,jacksonhawes,jhawes,Buffalo Bills,00-0040194,0.0,0.0,0.0,0.0,0.0,0.0,0.0,1.0,1.0,29.0,0.0,J.Hawes,BUF,team_norm & _alias_init_last,0.0,0.0,0.0,0.0,0.0,0.0,0.0,-1.0,-1.0,-29.0,0.0
2025,1,0.0,2025_01_BAL_BUF,Buffalo Bills,Keon Coleman,WR,00-0039901,1.0,0.0,0.0,0.0,0.0,0.0,0.0,0.0,9.19,4.48,47.9,0.51,0.3975,64.0,32.95,28.8,217.5,123.8,1.820330372288528,0.709783991316747,0.8236800000000001,1.0,1.0,keon coleman,keoncoleman,kcoleman,Buffalo Bills,00-0039901,0.0,0.0,0.0,0.0,0.0,0.0,0.0,14.0,8.0,112.0,1.0,K.Coleman,BUF,team_norm & _alias_init_last,0.0,0.0,0.0,0.0,0.0,0.0,0.0,-4.8100000000000005,-3.5199999999999996,-64.1,-0.49
2025,1,0.0,2025_01_BAL_BUF,Buffalo Bills,Khalil Shakir,WR,00-0037261,1.0,0.0,0.0,0.0,0.0,0.0,0.0,0.0,6.92,4.94,32.1,0.36,0.2997,64.0,32.95,28.8,217.5,123.8,1.820330372288528,0.709783991316747,0.8236800000000001,1.0,1.0,khalil shakir,khalilshakir,kshakir,Buffalo Bills,00-0037261,0.0,0.0,0.0,0.0,0.0,0.0,0.0,9.0,6.0,64.0,0.0,K.Shakir,BUF,team_norm & _alias_init_last,0.0,0.0,0.0,0.0,0.0,0.0,0.0,-2.08,-1.0599999999999996,-31.9,0.36
2025,1,0.0,2025_01_BAL_BUF,Buffalo Bills,Joshua Palmer,WR,,0.0,0.0,0.0,0.0,0.0,0.0,0.0,0.0,4.61,2.9,40.5,0.25,0.225,64.0,32.95,28.8,217.5,123.8,1.820330372288528,0.709783991316747,0.8236800000000001,0.0,0.0,joshua palmer,joshuapalmer,jpalmer,Buffalo Bills,00-0036988,0.0,0.0,0.0,0.0,0.0,0.0,0.0,10.0,5.0,61.0,0.0,J.Palmer,BUF,team_norm & _alias_init_last,0.0,0.0,0.0,0.0,0.0,0.0,0.0,-5.39,-2.1,-20.5,0.25
2025,1,0.0,2025_01_BAL_BUF,Buffalo Bills,Josh Palmer,WR,00-0036988,1.0,0.0,0.0,0.0,0.0,0.0,0.0,0.0,3.1,1.76,15.3,0.16,0.1481,64.0,32.95,28.8,217.5,123.8,1.820330372288528,0.709783991316747,0.8236800000000001,1.0,1.0,josh palmer,joshpalmer,jpalmer,Buffalo Bills,00-0036988,0.0,0.0,0.0,0.0,0.0,0.0,0.0,10.0,5.0,61.0,0.0,J.Palmer,BUF,team_norm & _alias_init_last,0.0,0.0,0.0,0.0,0.0,0.0,0.0,-6.9,-3.24,-45.7,0.16
2025,1,0.0,2025_01_BAL_BUF,Buffalo Bills,Brandin Cooks,WR,00-0031236,0.0,0.0,0.0,0.0,0.0,0.0,0.0,0.0,0.0,0.0,0.0,0.0,0.0,64.0,32.95,28.8,217.5,123.8,1.820330372288528,0.709783991316747,0.8236800000000001,0.0,0.0,brandin cooks,brandincooks,bcooks,Buffalo Bills,00-0031236,0.0,0.0,0.0,0.0,0.0,0.0,0.0,4.0,3.0,26.0,0.0,B.Cooks,NO,_alias_init_last,0.0,0.0,0.0,0.0,0.0,0.0,0.0,-4.0,-3.0,-26.0,0.0
2025,1,0.0,2025_01_BAL_BUF,Buffalo Bills,Curtis Samuel,WR,00-0033282,1.0,0.0,0.0,0.0,0.0,0.0,0.0,0.0,0.0,0.0,0.0,0.0,0.0,64.0,32.95,28.8,217.5,123.8,1.820330372288528,0.709783991316747,0.8236800000000001,0.0,0.0,curtis samuel,curtissamuel,csamuel,Buffalo Bills,00-0033282,,,,,,,,,,,,,,,,,,,,,,,,,
2025,1,0.0,2025_01_BAL_BUF,Buffalo Bills,David White,WR,00-0039562,1.0,0.0,0.0,0.0,0.0,0.0,0.0,0.0,0.0,0.0,0.0,0.0,0.0,64.0,32.95,28.8,217.5,123.8,1.820330372288528,0.709783991316747,0.8236800000000001,1.0,1.0,david white,davidwhite,dwhite,Buffalo Bills,00-0039562,,,,,,,,,,,,,,,,,,,,,,,,,
2025,1,0.0,2025_01_BAL_BUF,Buffalo Bills,Tyrell Shavers,WR,00-0038679,1.0,0.0,0.0,0.0,0.0,0.0,0.0,0.0,0.0,0.0,0.0,0.0,0.0,64.0,32.95,28.8,217.5,123.8,1.820330372288528,0.709783991316747,0.8236800000000001,1.0,1.0,tyrell shavers,tyrellshavers,tshavers,Buffalo Bills,00-0038679,,,,,,,,,,,,,,,,,,,,,,,,,
2025,1,0.0,2025_01_CAR_JAX,Carolina Panthers,Bryce Young,QB,00-0039150,1.0,33.13,201.1,1.6,0.82,4.86,19.6,0.12,0.0,0.0,0.0,0.0,0.1102,64.0,32.95,28.8,217.5,123.8,1.7765717036960702,0.6927215926878578,0.8236800000000001,1.0,1.0,bryce young,bryceyoung,byoung,Carolina Panthers,00-0039150,43.0,154.0,1.0,2.0,0.0,0.0,0.0,0.0,0.0,0.0,0.0,B.Young,CAR,team_norm & _alias_init_last,-9.869999999999997,47.099999999999994,0.6000000000000001,-1.1800000000000002,4.86,19.6,0.12,0.0,0.0,0.0,0.0
2025,1,0.0,2025_01_CAR_JAX,Carolina Panthers,Chuba Hubbard,RB,00-0036555,1.0,0.0,0.0,0.0,0.0,14.81,52.2,0.43,3.43,2.55,14.8,0.18,0.4613,64.0,32.95,28.8,217.5,123.8,1.7765717036960702,0.6927215926878578,0.8236800000000001,1.0,1.0,chuba hubbard,chubahubbard,chubbard,Carolina Panthers,00-0036555,0.0,0.0,0.0,0.0,16.0,57.0,0.0,5.0,3.0,32.0,1.0,C.Hubbard,CAR,team_norm & _alias_init_last,0.0,0.0,0.0,0.0,-1.1899999999999995,-4.799999999999997,0.43,-1.5699999999999998,-0.4500000000000002,-17.2,-0.8200000000000001
2025,1,0.0,2025_01_CAR_JAX,Carolina Panthers,Rico Dowdle,RB,00-0036139,1.0,0.0,0.0,0.0,0.0,8.23,27.7,0.15,2.13,1.62,9.3,0.12,0.2361,64.0,32.95,28.8,217.5,123.8,1.7765717036960702,0.6927215926878578,0.8236800000000001,1.0,1.0,rico dowdle,ricodowdle,rdowdle,Carolina Panthers,00-0036139,0.0,0.0,0.0,0.0,3.0,12.0,0.0,3.0,2.0,4.0,0.0,R.Dowdle,CAR,team_norm & _alias_init_last,0.0,0.0,0.0,0.0,5.23,15.7,0.15,-0.8700000000000001,-0.3799999999999999,5.300000000000001,0.12
2025,1,0.0,2025_01_CAR_JAX,Carolina Panthers,Trevor Etienne,RB,00-0040644,1.0,0.0,0.0,0.0,0.0,0.91,3.4,0.02,0.0,0.0,0.0,0.0,0.0177,64.0,32.95,28.8,217.5,123.8,1.7765717036960702,0.6927215926878578,0.8236800000000001,1.0,1.0,trevor etienne,trevoretienne,tetienne,Carolina Panthers,00-0040644,0.0,0.0,0.0,0.0,1.0,4.0,0.0,0.0,0.0,0.0,0.0,T.Etienne,CAR,team_norm & _alias_init_last,0.0,0.0,0.0,0.0,-0.08999999999999997,-0.6000000000000001,0.02,0.0,0.0,0.0,0.0
2025,1,0.0,2025_01_CAR_JAX,Carolina Panthers,Ja'Tavion Sanders,TE,00-0039356,1.0,0.0,0.0,0.0,0.0,0.0,0.0,0.0,3.29,2.36,16.6,0.17,0.1572,64.0,32.95,28.8,217.5,123.8,1.7765717036960702,0.6927215926878578,0.8236800000000001,1.0,1.0,ja'tavion sanders,jatavionsanders,jsanders,Carolina Panthers,00-0039356,0.0,0.0,0.0,0.0,0.0,0.0,0.0,4.0,2.0,27.0,0.0,J.Sanders,CAR,team_norm & _alias_init_last,0.0,0.0,0.0,0.0,0.0,0.0,0.0,-0.71,0.3599999999999999,-10.399999999999999,0.17
2025,1,0.0,2025_01_CAR_JAX,Carolina Panthers,Bryce Pierre,TE,00-0040292,0.0,0.0,0.0,0.0,0.0,0.0,0.0,0.0,0.0,0.0,0.0,0.0,0.0,64.0,32.95,28.8,217.5,123.8,1.7765717036960702,0.6927215926878578,0.8236800000000001,0.0,0.0,bryce pierre,brycepierre,bpierre,Carolina Panthers,00-0040292,,,,,,,,,,,,,,,,,,,,,,,,,
2025,1,0.0,2025_01_CAR_JAX,Carolina Panthers,Dominique Dafney,TE,00-0036456,0.0,0.0,0.0,0.0,0.0,0.0,0.0,0.0,0.0,0.0,0.0,0.0,0.0,64.0,32.95,28.8,217.5,123.8,1.7765717036960702,0.6927215926878578,0.8236800000000001,0.0,0.0,dominique dafney,dominiquedafney,ddafney,Carolina Panthers,00-0036456,,,,,,,,,,,,,,,,,,,,,,,,,
2025,1,0.0,2025_01_CAR_JAX,Carolina Panthers,Mitchell Evans,TE,00-0040187,1.0,0.0,0.0,0.0,0.0,0.0,0.0,0.0,0.0,0.0,0.0,0.0,0.0,64.0,32.95,28.8,217.5,123.8,1.7765717036960702,0.6927215926878578,0.8236800000000001,1.0,1.0,mitchell evans,mitchellevans,mevans,Carolina Panthers,00-0040187,0.0,0.0,0.0,0.0,0.0,0.0,0.0,8.0,5.0,51.0,0.0,M.Evans,TB,_alias_init_last,0.0,0.0,0.0,0.0,0.0,0.0,0.0,-8.0,-5.0,-51.0,0.0
2025,1,0.0,2025_01_CAR_JAX,Carolina Panthers,Tommy Tremble,TE,00-0037005,1.0,0.0,0.0,0.0,0.0,0.0,0.0,0.0,0.0,0.0,0.0,0.0,0.0,64.0,32.95,28.8,217.5,123.8,1.7765717036960702,0.6927215926878578,0.8236800000000001,1.0,1.0,tommy tremble,tommytremble,ttremble,Carolina Panthers,00-0037005,0.0,0.0,0.0,0.0,0.0,0.0,0.0,1.0,1.0,2.0,0.0,T.Tremble,CAR,team_norm & _alias_init_last,0.0,0.0,0.0,0.0,0.0,0.0,0.0,-1.0,-1.0,-2.0,0.0
2025,1,0.0,2025_01_CAR_JAX,Carolina Panthers,Tetairoa McMillan,WR,00-0040124,1.0,0.0,0.0,0.0,0.0,0.0,0.0,0.0,10.69,5.97,54.5,0.54,0.4194,64.0,32.95,28.8,217.5,123.8,1.7765717036960702,0.6927215926878578,0.8236800000000001,1.0,1.0,tetairoa mcmillan,tetairoamcmillan,tmcmillan,Carolina Panthers,00-0040124,0.0,0.0,0.0,0.0,0.0,0.0,0.0,11.0,5.0,68.0,0.0,T.McMillan,CAR,team_norm & _alias_init_last,0.0,0.0,0.0,0.0,0.0,0.0,0.0,-0.3100000000000005,0.9699999999999998,-13.5,0.54
2025,1,0.0,2025_01_CAR_JAX,Carolina Panthers,Xavier Legette,WR,00-0039342,1.0,0.0,0.0,0.0,0.0,0.0,0.0,0.0,8.05,4.28,38.3,0.43,0.3486,64.0,32.95,28.8,217.5,123.8,1.7765717036960702,0.6927215926878578,0.8236800000000001,1.0,1.0,xavier legette,xavierlegette,xlegette,Carolina Panthers,00-0039342,0.0,0.0,0.0,0.0,0.0,0.0,0.0,7.0,3.0,10.0,0.0,X.Legette,CAR,team_norm & _alias_init_last,0.0,0.0,0.0,0.0,0.0,0.0,0.0,1.0500000000000007,1.2800000000000002,28.299999999999997,0.43
2025,1,0.0,2025_01_CAR_JAX,Carolina Panthers,Hunter Renfrow,WR,00-0034983,1.0,0.0,0.0,0.0,0.0,0.0,0.0,0.0,5.36,3.28,25.0,0.28,0.2435,64.0,32.95,28.8,217.5,123.8,1.7765717036960702,0.6927215926878578,0.8236800000000001,1.0,1.0,hunter renfrow,hunterrenfrow,hrenfrow,Carolina Panthers,00-0034983,0.0,0.0,0.0,0.0,0.0,0.0,0.0,6.0,2.0,11.0,0.0,H.Renfrow,CAR,team_norm & _alias_init_last,0.0,0.0,0.0,0.0,0.0,0.0,0.0,-0.6399999999999997,1.2799999999999998,14.0,0.28
2025,1,0.0,2025_01_CAR_JAX,Carolina Panthers,Ainias Smith,WR,00-0039747,0.0,0.0,0.0,0.0,0.0,0.0,0.0,0.0,0.0,0.0,0.0,0.0,0.0,64.0,32.95,28.8,217.5,123.8,1.7765717036960702,0.6927215926878578,0.8236800000000001,0.0,0.0,ainias smith,ainiassmith,asmith,Carolina Panthers,00-0039747,,,,,,,,,,,,,,,,,,,,,,,,,
2025,1,0.0,2025_01_CAR_JAX,Carolina Panthers,Brycen Tremayne,WR,00-0038840,1.0,0.0,0.0,0.0,0.0,0.0,0.0,0.0,0.0,0.0,0.0,0.0,0.0,64.0,32.95,28.8,217.5,123.8,1.7765717036960702,0.6927215926878578,0.8236800000000001,1.0,1.0,brycen tremayne,brycentremayne,btremayne,Carolina Panthers,00-0038840,,,,,,,,,,,,,,,,,,,,,,,,,
2025,1,0.0,2025_01_CAR_JAX,Carolina Panthers,Dan Chisena,WR,00-0035976,0.0,0.0,0.0,0.0,0.0,0.0,0.0,0.0,0.0,0.0,0.0,0.0,0.0,64.0,32.95,28.8,217.5,123.8,1.7765717036960702,0.6927215926878578,0.8236800000000001,0.0,0.0,dan chisena,danchisena,dchisena,Carolina Panthers,00-0035976,,,,,,,,,,,,,,,,,,,,,,,,,
2025,1,0.0,2025_01_CAR_JAX,Carolina Panthers,David Moore,WR,00-0033589,1.0,0.0,0.0,0.0,0.0,0.0,0.0,0.0,0.0,0.0,0.0,0.0,0.0,64.0,32.95,28.8,217.5,123.8,1.7765717036960702,0.6927215926878578,0.8236800000000001,1.0,1.0,david moore,davidmoore,dmoore,Carolina Panthers,00-0033589,0.0,0.0,0.0,0.0,3.0,8.0,0.0,6.0,3.0,57.0,0.0,D.Moore,CHI,_alias_init_last,0.0,0.0,0.0,0.0,-3.0,-8.0,0.0,-6.0,-3.0,-57.0,0.0
2025,1,0.0,2025_01_CAR_JAX,Jacksonville Jaguars,Trevor Lawrence,QB,00-0036971,1.0,33.64,209.6,2.0,0.82,3.21,11.8,0.12,0.0,0.0,0.0,0.0,0.1114,64.0,32.95,28.8,217.5,123.8,2.2406317141394982,0.8736680689085046,0.8236800000000001,1.0,1.0,trevor lawrence,trevorlawrence,tlawrence,Jacksonville Jaguars,00-0036971,33.0,178.0,1.0,1.0,0.0,0.0,0.0,0.0,0.0,0.0,0.0,T.Lawrence,JAX,team_norm & _alias_init_last,0.6400000000000006,31.599999999999994,1.0,-0.18000000000000005,3.21,11.8,0.12,0.0,0.0,0.0,0.0
2025,1,0.0,2025_01_CAR_JAX,Jacksonville Jaguars,Travis Etienne Jr.,RB,,0.0,0.0,0.0,0.0,0.0,11.56,53.2,0.43,3.21,2.24,19.7,0.22,0.4766,64.0,32.95,28.8,217.5,123.8,2.2406317141394982,0.8736680689085046,0.8236800000000001,0.0,0.0,travis etienne jr.,travisetiennejr,tetienne,Jacksonville Jaguars,00-0036973,0.0,0.0,0.0,0.0,17.0,143.0,0.0,3.0,3.0,13.0,0.0,T.Etienne,JAX,team_norm & _alias_init_last,0.0,0.0,0.0,0.0,-5.4399999999999995,-89.8,0.43,0.20999999999999996,-0.7599999999999998,6.699999999999999,0.22
2025,1,0.0,2025_01_CAR_JAX,Jacksonville Jaguars,Bhayshul Tuten,RB,00-0040719,1.0,0.0,0.0,0.0,0.0,6.42,22.8,0.17,2.0,1.43,10.9,0.14,0.2657,64.0,32.95,28.8,217.5,123.8,2.2406317141394982,0.8736680689085046,0.8236800000000001,1.0,1.0,bhayshul tuten,bhayshultuten,btuten,Jacksonville Jaguars,00-0040719,0.0,0.0,0.0,0.0,3.0,11.0,0.0,0.0,0.0,0.0,0.0,B.Tuten,JAX,team_norm & _alias_init_last,0.0,0.0,0.0,0.0,3.42,11.8,0.17,2.0,1.43,10.9,0.14
2025,1,0.0,2025_01_CAR_JAX,Jacksonville Jaguars,Travis Etienne,RB,00-0036973,1.0,0.0,0.0,0.0,0.0,4.43,15.1,0.12,1.46,1.07,6.2,0.1,0.1955,64.0,32.95,28.8,217.5,123.8,2.2406317141394982,0.8736680689085046,0.8236800000000001,1.0,1.0,travis etienne,travisetienne,tetienne,Jacksonville Jaguars,00-0036973,0.0,0.0,0.0,0.0,17.0,143.0,0.0,3.0,3.0,13.0,0.0,T.Etienne,JAX,team_norm & _alias_init_last,0.0,0.0,0.0,0.0,-12.57,-127.9,0.12,-1.54,-1.93,-6.8,0.1
2025,1,0.0,2025_01_CAR_JAX,Jacksonville Jaguars,T.Bigsby,RB,,0.0,0.0,0.0,0.0,0.0,2.65,10.4,0.07,0.0,0.0,0.0,0.0,0.0652,64.0,32.95,28.8,217.5,123.8,2.2406317141394982,0.8736680689085046,0.8236800000000001,0.0,0.0,t.bigsby,tbigsby,tbigsby,Jacksonville Jaguars,,0.0,0.0,0.0,0.0,6.0,12.0,0.0,0.0,0.0,0.0,0.0,T.Bigsby,JAX,team_norm & _name_norm_loose,0.0,0.0,0.0,0.0,-3.35,-1.5999999999999996,0.07,0.0,0.0,0.0,0.0
2025,1,0.0,2025_01_CAR_JAX,Jacksonville Jaguars,LeQuint Allen Jr.,RB,00-0040238,1.0,0.0,0.0,0.0,0.0,0.53,2.0,0.01,0.49,0.38,2.8,0.03,0.0466,64.0,32.95,28.8,217.5,123.8,2.2406317141394982,0.8736680689085046,0.8236800000000001,1.0,1.0,lequint allen jr.,lequintallenjr,lallen,Jacksonville Jaguars,00-0040238,0.0,0.0,0.0,0.0,1.0,7.0,0.0,1.0,1.0,4.0,0.0,L.Allen,JAX,team_norm & _alias_init_last,0.0,0.0,0.0,0.0,-0.47,-5.0,0.01,-0.51,-0.62,-1.2000000000000002,0.03
2025,1,0.0,2025_01_CAR_JAX,Jacksonville Jaguars,Brenton Strange,TE,00-0038935,1.0,0.0,0.0,0.0,0.0,0.0,0.0,0.0,3.29,2.22,16.9,0.21,0.1894,64.0,32.95,28.8,217.5,123.8,2.2406317141394982,0.8736680689085046,0.8236800000000001,1.0,1.0,brenton strange,brentonstrange,bstrange,Jacksonville Jaguars,00-0038935,0.0,0.0,0.0,0.0,0.0,0.0,0.0,4.0,4.0,59.0,0.0,B.Strange,JAX,team_norm & _alias_init_last,0.0,0.0,0.0,0.0,0.0,0.0,0.0,-0.71,-1.7799999999999998,-42.1,0.21
2025,1,0.0,2025_01_CAR_JAX,Jacksonville Jaguars,Hunter Long,TE,00-0037004,1.0,0.0,0.0,0.0,0.0,0.0,0.0,0.0,0.0,0.0,0.0,0.0,0.0,64.0,32.95,28.8,217.5,123.8,2.2406317141394982,0.8736680689085046,0.8236800000000001,1.0,1.0,hunter long,hunterlong,hlong,Jacksonville Jaguars,00-0037004,0.0,0.0,0.0,0.0,0.0,0.0,0.0,1.0,1.0,6.0,1.0,H.Long,JAX,team_norm & _alias_init_last,0.0,0.0,0.0,0.0,0.0,0.0,0.0,-1.0,-1.0,-6.0,-1.0
2025,1,0.0,2025_01_CAR_JAX,Jacksonville Jaguars,John Copenhaver,TE,00-0040327,0.0,0.0,0.0,0.0,0.0,0.0,0.0,0.0,0.0,0.0,0.0,0.0,0.0,64.0,32.95,28.8,217.5,123.8,2.2406317141394982,0.8736680689085046,0.8236800000000001,0.0,0.0,john copenhaver,johncopenhaver,jcopenhaver,Jacksonville Jaguars,00-0040327,,,,,,,,,,,,,,,,,,,,,,,,,
2025,1,0.0,2025_01_CAR_JAX,Jacksonville Jaguars,Johnny Mundt,TE,00-0033246,1.0,0.0,0.0,0.0,0.0,0.0,0.0,0.0,0.0,0.0,0.0,0.0,0.0,64.0,32.95,28.8,217.5,123.8,2.2406317141394982,0.8736680689085046,0.8236800000000001,1.0,1.0,johnny mundt,johnnymundt,jmundt,Jacksonville Jaguars,00-0033246,0.0,0.0,0.0,0.0,0.0,0.0,0.0,1.0,0.0,0.0,0.0,J.Mundt,JAX,team_norm & _alias_init_last,0.0,0.0,0.0,0.0,0.0,0.0,0.0,-1.0,0.0,0.0,0.0
2025,1,0.0,2025_01_CAR_JAX,Jacksonville Jaguars,Brian Thomas Jr.,WR,00-0039893,1.0,0.0,0.0,0.0,0.0,0.0,0.0,0.0,9.94,5.53,48.7,0.63,0.4655,64.0,32.95,28.8,217.5,123.8,2.2406317141394982,0.8736680689085046,0.8236800000000001,1.0,1.0,brian thomas jr.,brianthomasjr,bthomas,Jacksonville Jaguars,00-0039893,0.0,0.0,0.0,0.0,1.0,9.0,1.0,7.0,1.0,11.0,0.0,B.Thomas,JAX,team_norm & _alias_init_last,0.0,0.0,0.0,0.0,-1.0,-9.0,-1.0,2.9399999999999995,4.53,37.7,0.63
2025,1,0.0,2025_01_CAR_JAX,Jacksonville Jaguars,Travis Hunter,WR,00-0040718,1.0,0.0,0.0,0.0,0.0,0.0,0.0,0.0,7.48,4.58,46.5,0.49,0.3849,64.0,32.95,28.8,217.5,123.8,2.2406317141394982,0.8736680689085046,0.8236800000000001,1.0,1.0,travis hunter,travishunter,thunter,Jacksonville Jaguars,00-0040718,0.0,0.0,0.0,0.0,0.0,0.0,0.0,8.0,6.0,33.0,0.0,T.Hunter,JAX,team_norm & _alias_init_last,0.0,0.0,0.0,0.0,0.0,0.0,0.0,-0.5199999999999996,-1.42,13.5,0.49
2025,1,0.0,2025_01_CAR_JAX,Jacksonville Jaguars,Dyami Brown,WR,00-0036626,1.0,0.0,0.0,0.0,0.0,0.0,0.0,0.0,4.99,2.85,24.5,0.32,0.2754,64.0,32.95,28.8,217.5,123.8,2.2406317141394982,0.8736680689085046,0.8236800000000001,1.0,1.0,dyami brown,dyamibrown,dbrown,Jacksonville Jaguars,00-0036626,0.0,0.0,0.0,0.0,2.0,6.0,0.0,4.0,3.0,52.0,0.0,D.Brown,JAX,team_norm & _alias_init_last,0.0,0.0,0.0,0.0,-2.0,-6.0,0.0,0.9900000000000002,-0.1499999999999999,-27.5,0.32
2025,1,0.0,2025_01_CAR_JAX,Jacksonville Jaguars,Austin Trammell,WR,00-0036841,0.0,0.0,0.0,0.0,0.0,0.0,0.0,0.0,0.0,0.0,0.0,0.0,0.0,64.0,32.95,28.8,217.5,123.8,2.2406317141394982,0.8736680689085046,0.8236800000000001,0.0,0.0,austin trammell,austintrammell,atrammell,Jacksonville Jaguars,00-0036841,,,,,,,,,,,,,,,,,,,,,,,,,
2025,1,0.0,2025_01_CAR_JAX,Jacksonville Jaguars,Cam Camper,WR,00-0040324,0.0,0.0,0.0,0.0,0.0,0.0,0.0,0.0,0.0,0.0,0.0,0.0,0.0,64.0,32.95,28.8,217.5,123.8,2.2406317141394982,0.8736680689085046,0.8236800000000001,0.0,0.0,cam camper,camcamper,ccamper,Jacksonville Jaguars,00-0040324,,,,,,,,,,,,,,,,,,,,,,,,,
2025,1,0.0,2025_01_CAR_JAX,Jacksonville Jaguars,Parker Washington,WR,00-0038606,1.0,0.0,0.0,0.0,0.0,0.0,0.0,0.0,0.0,0.0,0.0,0.0,0.0,64.0,32.95,28.8,217.5,123.8,2.2406317141394982,0.8736680689085046,0.8236800000000001,1.0,1.0,parker washington,parkerwashington,pwashington,Jacksonville Jaguars,,,,,,,,,,,,,,,,,,,,,,,,,,
2025,1,0.0,2025_01_CAR_JAX,Jacksonville Jaguars,Tim Patrick,WR,00-0033375,1.0,0.0,0.0,0.0,0.0,0.0,0.0,0.0,0.0,0.0,0.0,0.0,0.0,64.0,32.95,28.8,217.5,123.8,2.2406317141394982,0.8736680689085046,0.8236800000000001,1.0,1.0,tim patrick,timpatrick,tpatrick,Jacksonville Jaguars,00-0033375,,,,,,,,,,,,,,,,,,,,,,,,,
2025,1,0.0,2025_01_CIN_CLE,Cincinnati Bengals,Joe Burrow,QB,00-0036442,1.0,35.56,220.9,2.55,0.82,4.18,16.0,0.16,0.0,0.0,0.0,0.0,0.149,64.0,32.95,28.8,217.5,123.8,2.538488908325556,0.9898086724770736,0.8236800000000001,1.0,1.0,joe burrow,joeburrow,jburrow,Cincinnati Bengals,00-0036442,29.0,113.0,1.0,0.0,0.0,0.0,0.0,0.0,0.0,0.0,0.0,J.Burrow,CIN,team_norm & _alias_init_last,6.560000000000002,107.9,1.5499999999999998,0.82,4.18,16.0,0.16,0.0,0.0,0.0,0.0
2025,1,0.0,2025_01_CIN_CLE,Cincinnati Bengals,Chase Brown,RB,00-0038597,1.0,0.0,0.0,0.0,0.0,15.83,53.5,0.66,3.32,2.57,14.5,0.26,0.604,64.0,32.95,28.8,217.5,123.8,2.538488908325556,0.9898086724770736,0.8236800000000001,1.0,1.0,chase brown,chasebrown,cbrown,Cincinnati Bengals,00-0038597,0.0,0.0,0.0,0.0,23.0,43.0,1.0,3.0,2.0,8.0,0.0,C.Brown,CIN,team_norm & _alias_init_last,0.0,0.0,0.0,0.0,-7.17,10.5,-0.33999999999999997,0.31999999999999984,0.5699999999999998,6.5,0.26
2025,1,0.0,2025_01_CIN_CLE,Cincinnati Bengals,Samaje Perine,RB,00-0033526,1.0,0.0,0.0,0.0,0.0,8.79,31.1,0.24,2.06,1.59,8.5,0.16,0.3252,64.0,32.95,28.8,217.5,123.8,2.538488908325556,0.9898086724770736,0.8236800000000001,1.0,1.0,samaje perine,samajeperine,sperine,Cincinnati Bengals,00-0033526,0.0,0.0,0.0,0.0,0.0,0.0,0.0,2.0,2.0,6.0,0.0,S.Perine,CIN,team_norm & _alias_init_last,0.0,0.0,0.0,0.0,8.79,31.1,0.24,0.06000000000000005,-0.4099999999999999,2.5,0.16
2025,1,0.0,2025_01_CIN_CLE,Cincinnati Bengals,Tahj Brooks,RB,00-0040208,1.0,0.0,0.0,0.0,0.0,0.0,0.0,0.0,0.0,0.0,0.0,0.0,0.0,64.0,32.95,28.8,217.5,123.8,2.538488908325556,0.9898086724770736,0.8236800000000001,1.0,1.0,tahj brooks,tahjbrooks,tbrooks,Cincinnati Bengals,00-0040208,,,,,,,,,,,,,,,,,,,,,,,,,
2025,1,0.0,2025_01_CIN_CLE,Cincinnati Bengals,Noah Fant,TE,00-0035644,1.0,0.0,0.0,0.0,0.0,0.0,0.0,0.0,3.33,2.39,14.5,0.23,0.2017,64.0,32.95,28.8,217.5,123.8,2.538488908325556,0.9898086724770736,0.8236800000000001,1.0,1.0,noah fant,noahfant,nfant,Cincinnati Bengals,00-0035644,0.0,0.0,0.0,0.0,0.0,0.0,0.0,5.0,4.0,26.0,1.0,N.Fant,CIN,team_norm & _alias_init_last,0.0,0.0,0.0,0.0,0.0,0.0,0.0,-1.67,-1.6099999999999999,-11.5,-0.77
2025,1,0.0,2025_01_CIN_CLE,Cincinnati Bengals,Mike Gesicki,TE,00-0034829,1.0,0.0,0.0,0.0,0.0,0.0,0.0,0.0,1.65,1.06,7.6,0.12,0.1128,64.0,32.95,28.8,217.5,123.8,2.538488908325556,0.9898086724770736,0.8236800000000001,1.0,1.0,mike gesicki,mikegesicki,mgesicki,Cincinnati Bengals,00-0034829,0.0,0.0,0.0,0.0,0.0,0.0,0.0,3.0,1.0,14.0,0.0,M.Gesicki,CIN,team_norm & _alias_init_last,0.0,0.0,0.0,0.0,0.0,0.0,0.0,-1.35,0.06000000000000005,-6.4,0.12
2025,1,0.0,2025_01_CIN_CLE,Cincinnati Bengals,Cam Grandy,TE,00-0039631,0.0,0.0,0.0,0.0,0.0,0.0,0.0,0.0,0.0,0.0,0.0,0.0,0.0,64.0,32.95,28.8,217.5,123.8,2.538488908325556,0.9898086724770736,0.8236800000000001,0.0,0.0,cam grandy,camgrandy,cgrandy,Cincinnati Bengals,00-0039631,,,,,,,,,,,,,,,,,,,,,,,,,
2025,1,0.0,2025_01_CIN_CLE,Cincinnati Bengals,Drew Sample,TE,00-0035631,1.0,0.0,0.0,0.0,0.0,0.0,0.0,0.0,0.0,0.0,0.0,0.0,0.0,64.0,32.95,28.8,217.5,123.8,2.538488908325556,0.9898086724770736,0.8236800000000001,1.0,1.0,drew sample,drewsample,dsample,Cincinnati Bengals,00-0035631,0.0,0.0,0.0,0.0,0.0,0.0,0.0,1.0,0.0,0.0,0.0,D.Sample,CIN,team_norm & _alias_init_last,0.0,0.0,0.0,0.0,0.0,0.0,0.0,-1.0,0.0,0.0,0.0
2025,1,0.0,2025_01_CIN_CLE,Cincinnati Bengals,Erick All,TE,00-0039814,0.0,0.0,0.0,0.0,0.0,0.0,0.0,0.0,0.0,0.0,0.0,0.0,0.0,64.0,32.95,28.8,217.5,123.8,2.538488908325556,0.9898086724770736,0.8236800000000001,0.0,0.0,erick all,erickall,eall,Cincinnati Bengals,00-0039814,,,,,,,,,,,,,,,,,,,,,,,,,
2025,1,0.0,2025_01_CIN_CLE,Cincinnati Bengals,Tanner Hudson,TE,00-0034613,1.0,0.0,0.0,0.0,0.0,0.0,0.0,0.0,0.0,0.0,0.0,0.0,0.0,64.0,32.95,28.8,217.5,123.8,2.538488908325556,0.9898086724770736,0.8236800000000001,1.0,1.0,tanner hudson,tannerhudson,thudson,Cincinnati Bengals,00-0034613,,,,,,,,,,,,,,,,,,,,,,,,,
2025,1,0.0,2025_01_CIN_CLE,Cincinnati Bengals,Ja'Marr Chase,WR,00-0036900,1.0,0.0,0.0,0.0,0.0,0.0,0.0,0.0,9.9,6.38,45.0,0.74,0.5209,64.0,32.95,28.8,217.5,123.8,2.538488908325556,0.9898086724770736,0.8236800000000001,1.0,1.0,ja'marr chase,jamarrchase,jchase,Cincinnati Bengals,00-0036900,0.0,0.0,0.0,0.0,0.0,0.0,0.0,6.0,2.0,26.0,0.0,J.Chase,CIN,team_norm & _alias_init_last,0.0,0.0,0.0,0.0,0.0,0.0,0.0,3.9000000000000004,4.38,19.0,0.74
2025,1,0.0,2025_01_CIN_CLE,Cincinnati Bengals,Tee Higgins,WR,00-0036410,1.0,0.0,0.0,0.0,0.0,0.0,0.0,0.0,7.46,4.48,34.3,0.56,0.4287,64.0,32.95,28.8,217.5,123.8,2.538488908325556,0.9898086724770736,0.8236800000000001,1.0,1.0,tee higgins,teehiggins,thiggins,Cincinnati Bengals,00-0036410,0.0,0.0,0.0,0.0,0.0,0.0,0.0,4.0,3.0,33.0,0.0,T.Higgins,CIN,team_norm & _alias_init_last,0.0,0.0,0.0,0.0,0.0,0.0,0.0,3.46,1.4800000000000004,1.2999999999999972,0.56
2025,1,0.0,2025_01_CIN_CLE,Cincinnati Bengals,Andrei Iosivas,WR,00-0038619,1.0,0.0,0.0,0.0,0.0,0.0,0.0,0.0,4.97,2.69,23.1,0.37,0.3106,64.0,32.95,28.8,217.5,123.8,2.538488908325556,0.9898086724770736,0.8236800000000001,1.0,1.0,andrei iosivas,andreiiosivas,aiosivas,Cincinnati Bengals,00-0038619,,,,,,,,,,,,,,,,,,,,,,,,,
2025,1,0.0,2025_01_CIN_CLE,Cincinnati Bengals,Charlie Jones,WR,00-0038576,1.0,0.0,0.0,0.0,0.0,0.0,0.0,0.0,0.0,0.0,0.0,0.0,0.0,64.0,32.95,28.8,217.5,123.8,2.538488908325556,0.9898086724770736,0.8236800000000001,1.0,1.0,charlie jones,charliejones,cjones,Cincinnati Bengals,00-0038576,,,,,,,,,,,,,,,,,,,,,,,,,
2025,1,0.0,2025_01_CIN_CLE,Cincinnati Bengals,Cole Burgess,WR,00-0039626,0.0,0.0,0.0,0.0,0.0,0.0,0.0,0.0,0.0,0.0,0.0,0.0,0.0,64.0,32.95,28.8,217.5,123.8,2.538488908325556,0.9898086724770736,0.8236800000000001,0.0,0.0,cole burgess,coleburgess,cburgess,Cincinnati Bengals,00-0039626,,,,,,,,,,,,,,,,,,,,,,,,,
2025,1,0.0,2025_01_CIN_CLE,Cincinnati Bengals,Mitchell Tinsley,WR,00-0038839,1.0,0.0,0.0,0.0,0.0,0.0,0.0,0.0,0.0,0.0,0.0,0.0,0.0,64.0,32.95,28.8,217.5,123.8,2.538488908325556,0.9898086724770736,0.8236800000000001,1.0,1.0,mitchell tinsley,mitchelltinsley,mtinsley,Cincinnati Bengals,00-0038839,,,,,,,,,,,,,,,,,,,,,,,,,
2025,1,0.0,2025_01_CIN_CLE,Cleveland Browns,Bailey Zappe,QB,00-0038108,1.0,29.97,182.7,1.62,0.82,2.5,10.5,0.07,0.0,0.0,0.0,0.0,0.0643,64.0,32.95,28.8,217.5,123.8,1.958101648238018,0.7635038257055404,0.8236800000000001,0.0,0.0,bailey zappe,baileyzappe,bzappe,Cleveland Browns,00-0038108,,,,,,,,,,,,,,,,,,,,,,,,,
2025,1,0.0,2025_01_CIN_CLE,Cleveland Browns,Quinshon Judkins,RB,00-0040784,1.0,0.0,0.0,0.0,0.0,11.72,41.1,0.39,3.08,2.16,16.9,0.18,0.4308,64.0,32.95,28.8,217.5,123.8,1.958101648238018,0.7635038257055404,0.8236800000000001,0.0,0.0,quinshon judkins,quinshonjudkins,qjudkins,Cleveland Browns,00-0040784,,,,,,,,,,,,,,,,,,,,,,,,,
2025,1,0.0,2025_01_CIN_CLE,Cleveland Browns,Dylan Sampson,RB,00-0040162,1.0,0.0,0.0,0.0,0.0,4.49,16.8,0.1,2.59,1.96,13.6,0.16,0.2252,64.0,32.95,28.8,217.5,123.8,1.958101648238018,0.7635038257055404,0.8236800000000001,1.0,1.0,dylan sampson,dylansampson,dsampson,Cleveland Browns,00-0040162,0.0,0.0,0.0,0.0,12.0,29.0,0.0,8.0,8.0,64.0,0.0,D.Sampson,CLE,team_norm & _alias_init_last,0.0,0.0,0.0,0.0,-7.51,-12.2,0.1,-5.41,-6.04,-50.4,0.16
2025,1,0.0,2025_01_CIN_CLE,Cleveland Browns,Jerome Ford,RB,00-0037267,1.0,0.0,0.0,0.0,0.0,6.51,22.9,0.13,1.92,1.4,8.4,0.11,0.2162,64.0,32.95,28.8,217.5,123.8,1.958101648238018,0.7635038257055404,0.8236800000000001,1.0,1.0,jerome ford,jeromeford,jford,Cleveland Browns,00-0037267,0.0,0.0,0.0,0.0,6.0,8.0,0.0,1.0,1.0,-3.0,0.0,J.Ford,CLE,team_norm & _alias_init_last,0.0,0.0,0.0,0.0,0.5099999999999998,14.899999999999999,0.13,0.9199999999999999,0.3999999999999999,11.4,0.11
2025,1,0.0,2025_01_CIN_CLE,Cleveland Browns,Raheim Sanders,RB,00-0040466,1.0,0.0,0.0,0.0,0.0,2.15,8.2,0.05,0.0,0.0,0.0,0.0,0.0492,64.0,32.95,28.8,217.5,123.8,1.958101648238018,0.7635038257055404,0.8236800000000001,1.0,1.0,raheim sanders,raheimsanders,rsanders,Cleveland Browns,00-0040466,0.0,0.0,0.0,0.0,3.0,3.0,1.0,0.0,0.0,0.0,0.0,R.Sanders,CLE,team_norm & _alias_init_last,0.0,0.0,0.0,0.0,-0.8500000000000001,5.199999999999999,-0.95,0.0,0.0,0.0,0.0
2025,1,0.0,2025_01_CIN_CLE,Cleveland Browns,J.Flacco,RB,,0.0,0.0,0.0,0.0,0.0,1.43,5.8,0.03,0.0,0.0,0.0,0.0,0.0314,64.0,32.95,28.8,217.5,123.8,1.958101648238018,0.7635038257055404,0.8236800000000001,0.0,0.0,j.flacco,jflacco,jflacco,Cleveland Browns,,53.0,290.0,1.0,2.0,1.0,2.0,0.0,0.0,0.0,0.0,0.0,J.Flacco,CLE,team_norm & _name_norm_loose,-53.0,-290.0,-1.0,-2.0,0.42999999999999994,3.8,0.03,0.0,0.0,0.0,0.0
2025,1,0.0,2025_01_CIN_CLE,Cleveland Browns,Harold Fannin Jr.,TE,00-0040663,1.0,0.0,0.0,0.0,0.0,0.0,0.0,0.0,3.44,2.14,16.6,0.18,0.1671,64.0,32.95,28.8,217.5,123.8,1.958101648238018,0.7635038257055404,0.8236800000000001,1.0,1.0,harold fannin jr.,haroldfanninjr,hfannin,Cleveland Browns,00-0040663,0.0,0.0,0.0,0.0,1.0,3.0,0.0,11.0,7.0,63.0,0.0,H.Fannin,CLE,team_norm & _alias_init_last,0.0,0.0,0.0,0.0,-1.0,-3.0,0.0,-7.5600000000000005,-4.859999999999999,-46.4,0.18
2025,1,0.0,2025_01_CIN_CLE,Cleveland Browns,David Njoku,TE,00-0033885,1.0,0.0,0.0,0.0,0.0,0.0,0.0,0.0,1.45,0.91,6.7,0.08,0.0777,64.0,32.95,28.8,217.5,123.8,1.958101648238018,0.7635038257055404,0.8236800000000001,1.0,1.0,david njoku,davidnjoku,dnjoku,Cleveland Browns,00-0033885,0.0,0.0,0.0,0.0,0.0,0.0,0.0,7.0,3.0,37.0,0.0,D.Njoku,CLE,team_norm & _alias_init_last,0.0,0.0,0.0,0.0,0.0,0.0,0.0,-5.55,-2.09,-30.3,0.08
2025,1,0.0,2025_01_CIN_CLE,Cleveland Browns,Blake Whiteheart,TE,00-0038710,1.0,0.0,0.0,0.0,0.0,0.0,0.0,0.0,0.0,0.0,0.0,0.0,0.0,64.0,32.95,28.8,217.5,123.8,1.958101648238018,0.7635038257055404,0.8236800000000001,1.0,1.0,blake whiteheart,blakewhiteheart,bwhiteheart,Cleveland Browns,00-0038710,,,,,,,,,,,,,,,,,,,,,,,,,
2025,1,0.0,2025_01_CIN_CLE,Cleveland Browns,Brenden Bates,TE,00-0039458,0.0,0.0,0.0,0.0,0.0,0.0,0.0,0.0,0.0,0.0,0.0,0.0,0.0,64.0,32.95,28.8,217.5,123.8,1.958101648238018,0.7635038257055404,0.8236800000000001,0.0,0.0,brenden bates,brendenbates,bbates,Cleveland Browns,00-0039458,,,,,,,,,,,,,,,,,,,,,,,,,
2025,1,0.0,2025_01_CIN_CLE,Cleveland Browns,Caden Prieskorn,TE,00-0040392,0.0,0.0,0.0,0.0,0.0,0.0,0.0,0.0,0.0,0.0,0.0,0.0,0.0,64.0,32.95,28.8,217.5,123.8,1.958101648238018,0.7635038257055404,0.8236800000000001,0.0,0.0,caden prieskorn,cadenprieskorn,cprieskorn,Cleveland Browns,00-0040392,,,,,,,,,,,,,,,,,,,,,,,,,
2025,1,0.0,2025_01_CIN_CLE,Cleveland Browns,Jerry Jeudy,WR,00-0036407,1.0,0.0,0.0,0.0,0.0,0.0,0.0,0.0,8.46,4.91,42.7,0.46,0.3707,64.0,32.95,28.8,217.5,123.8,1.958101648238018,0.7635038257055404,0.8236800000000001,1.0,1.0,jerry jeudy,jerryjeudy,jjeudy,Cleveland Browns,00-0036407,0.0,0.0,0.0,0.0,0.0,0.0,0.0,10.0,5.0,66.0,0.0,J.Jeudy,CLE,team_norm & _alias_init_last,0.0,0.0,0.0,0.0,0.0,0.0,0.0,-1.5399999999999991,-0.08999999999999986,-23.299999999999997,0.46
2025,1,0.0,2025_01_CIN_CLE,Cleveland Browns,Cedric Tillman,WR,00-0038979,1.0,0.0,0.0,0.0,0.0,0.0,0.0,0.0,6.37,3.23,32.6,0.36,0.3034,64.0,32.95,28.8,217.5,123.8,1.958101648238018,0.7635038257055404,0.8236800000000001,1.0,1.0,cedric tillman,cedrictillman,ctillman,Cleveland Browns,00-0038979,0.0,0.0,0.0,0.0,0.0,0.0,0.0,8.0,5.0,52.0,1.0,C.Tillman,CLE,team_norm & _alias_init_last,0.0,0.0,0.0,0.0,0.0,0.0,0.0,-1.63,-1.77,-19.4,-0.64
2025,1,0.0,2025_01_CIN_CLE,Cleveland Browns,Isaiah Bond,WR,00-0040782,1.0,0.0,0.0,0.0,0.0,0.0,0.0,0.0,4.25,2.03,25.7,0.24,0.212,64.0,32.95,28.8,217.5,123.8,1.958101648238018,0.7635038257055404,0.8236800000000001,1.0,1.0,isaiah bond,isaiahbond,ibond,Cleveland Browns,00-0040782,0.0,0.0,0.0,0.0,0.0,0.0,0.0,1.0,1.0,5.0,0.0,I.Bond,CLE,team_norm & _alias_init_last,0.0,0.0,0.0,0.0,0.0,0.0,0.0,3.25,1.0299999999999998,20.7,0.24
2025,1,0.0,2025_01_CIN_CLE,Cleveland Browns,Jamari Thrash,WR,00-0039379,1.0,0.0,0.0,0.0,0.0,0.0,0.0,0.0,0.51,0.29,3.6,0.03,0.0283,64.0,32.95,28.8,217.5,123.8,1.958101648238018,0.7635038257055404,0.8236800000000001,1.0,1.0,jamari thrash,jamarithrash,jthrash,Cleveland Browns,00-0039379,0.0,0.0,0.0,0.0,0.0,0.0,0.0,1.0,1.0,6.0,0.0,J.Thrash,CLE,team_norm & _alias_init_last,0.0,0.0,0.0,0.0,0.0,0.0,0.0,-0.49,-0.71,-2.4,0.03
2025,1,0.0,2025_01_CIN_CLE,Cleveland Browns,Cade McDonald,WR,00-0040615,1.0,0.0,0.0,0.0,0.0,0.0,0.0,0.0,0.0,0.0,0.0,0.0,0.0,64.0,32.95,28.8,217.5,123.8,1.958101648238018,0.7635038257055404,0.8236800000000001,0.0,0.0,cade mcdonald,cademcdonald,cmcdonald,Cleveland Browns,00-0040615,,,,,,,,,,,,,,,,,,,,,,,,,
2025,1,0.0,2025_01_CIN_CLE,Cleveland Browns,Chase Cota,WR,00-0038651,0.0,0.0,0.0,0.0,0.0,0.0,0.0,0.0,0.0,0.0,0.0,0.0,0.0,64.0,32.95,28.8,217.5,123.8,1.958101648238018,0.7635038257055404,0.8236800000000001,0.0,0.0,chase cota,chasecota,ccota,Cleveland Browns,00-0038651,,,,,,,,,,,,,,,,,,,,,,,,,
2025,1,0.0,2025_01_CIN_CLE,Cleveland Browns,DeAndre Carter,WR,00-0031763,1.0,0.0,0.0,0.0,0.0,0.0,0.0,0.0,0.0,0.0,0.0,0.0,0.0,64.0,32.95,28.8,217.5,123.8,1.958101648238018,0.7635038257055404,0.8236800000000001,1.0,1.0,deandre carter,deandrecarter,dcarter,Cleveland Browns,00-0031763,,,,,,,,,,,,,,,,,,,,,,,,,
2025,1,0.0,2025_01_DAL_PHI,Dallas Cowboys,Dak Prescott,QB,00-0033077,1.0,34.93,220.1,2.18,0.82,2.89,10.7,0.09,0.0,0.0,0.0,0.0,0.0881,64.0,32.95,28.8,217.5,123.8,2.125262512565375,0.828683260867666,0.8236800000000001,1.0,1.0,dak prescott,dakprescott,dprescott,Dallas Cowboys,,39.0,188.0,0.0,0.0,0.0,0.0,0.0,0.0,0.0,0.0,0.0,D.Prescott,DAL,team_norm & _alias_init_last,-4.07,32.099999999999994,2.18,0.82,2.89,10.7,0.09,0.0,0.0,0.0,0.0
2025,1,0.0,2025_01_DAL_PHI,Dallas Cowboys,Javonte Williams,RB,00-0036997,1.0,0.0,0.0,0.0,0.0,16.66,56.6,0.59,3.25,2.31,14.8,0.21,0.5534,64.0,32.95,28.8,217.5,123.8,2.125262512565375,0.828683260867666,0.8236800000000001,1.0,1.0,javonte williams,javontewilliams,jwilliams,Dallas Cowboys,00-0036997,0.0,0.0,0.0,0.0,15.0,54.0,2.0,3.0,2.0,10.0,0.0,J.Williams,DAL,team_norm & _alias_init_last,0.0,0.0,0.0,0.0,1.6600000000000001,2.6000000000000014,-1.4100000000000001,0.25,0.31000000000000005,4.800000000000001,0.21
2025,1,0.0,2025_01_DAL_PHI,Dallas Cowboys,Miles Sanders,RB,00-0035243,1.0,0.0,0.0,0.0,0.0,9.25,31.2,0.2,2.02,1.41,9.2,0.13,0.2814,64.0,32.95,28.8,217.5,123.8,2.125262512565375,0.828683260867666,0.8236800000000001,1.0,1.0,miles sanders,milessanders,msanders,Dallas Cowboys,00-0035243,0.0,0.0,0.0,0.0,4.0,53.0,0.0,2.0,1.0,-3.0,0.0,M.Sanders,DAL,team_norm & _alias_init_last,0.0,0.0,0.0,0.0,5.25,-21.8,0.2,0.020000000000000018,0.4099999999999999,12.2,0.13
2025,1,0.0,2025_01_DAL_PHI,Dallas Cowboys,Jake Ferguson,TE,00-0038041,1.0,0.0,0.0,0.0,0.0,0.0,0.0,0.0,3.19,2.33,14.1,0.2,0.1789,64.0,32.95,28.8,217.5,123.8,2.125262512565375,0.828683260867666,0.8236800000000001,1.0,1.0,jake ferguson,jakeferguson,jferguson,Dallas Cowboys,00-0038041,0.0,0.0,0.0,0.0,0.0,0.0,0.0,7.0,5.0,23.0,0.0,J.Ferguson,DAL,team_norm & _alias_init_last,0.0,0.0,0.0,0.0,0.0,0.0,0.0,-3.81,-2.67,-8.9,0.2
2025,1,0.0,2025_01_DAL_PHI,Dallas Cowboys,Brevyn Spann-Ford,TE,00-0039530,1.0,0.0,0.0,0.0,0.0,0.0,0.0,0.0,0.0,0.0,0.0,0.0,0.0,64.0,32.95,28.8,217.5,123.8,2.125262512565375,0.828683260867666,0.8236800000000001,1.0,1.0,brevyn spann-ford,brevynspannford,bspannford,Dallas Cowboys,00-0039530,0.0,0.0,0.0,0.0,0.0,0.0,0.0,1.0,0.0,0.0,0.0,B.Spann-Ford,DAL,team_norm & _alias_init_last,0.0,0.0,0.0,0.0,0.0,0.0,0.0,-1.0,0.0,0.0,0.0
2025,1,0.0,2025_01_DAL_PHI,Dallas Cowboys,John Stephens Jr.,TE,00-0038741,1.0,0.0,0.0,0.0,0.0,0.0,0.0,0.0,0.0,0.0,0.0,0.0,0.0,64.0,32.95,28.8,217.5,123.8,2.125262512565375,0.828683260867666,0.8236800000000001,0.0,0.0,john stephens jr.,johnstephensjr,jstephens,Dallas Cowboys,00-0038741,,,,,,,,,,,,,,,,,,,,,,,,,
2025,1,0.0,2025_01_DAL_PHI,Dallas Cowboys,Luke Schoonmaker,TE,00-0038547,1.0,0.0,0.0,0.0,0.0,0.0,0.0,0.0,0.0,0.0,0.0,0.0,0.0,64.0,32.95,28.8,217.5,123.8,2.125262512565375,0.828683260867666,0.8236800000000001,1.0,1.0,luke schoonmaker,lukeschoonmaker,lschoonmaker,Dallas Cowboys,00-0038547,0.0,0.0,0.0,0.0,0.0,0.0,0.0,1.0,0.0,0.0,0.0,L.Schoonmaker,DAL,team_norm & _alias_init_last,0.0,0.0,0.0,0.0,0.0,0.0,0.0,-1.0,0.0,0.0,0.0
2025,1,0.0,2025_01_DAL_PHI,Dallas Cowboys,CeeDee Lamb,WR,00-0036358,1.0,0.0,0.0,0.0,0.0,0.0,0.0,0.0,10.36,6.38,45.9,0.63,0.4682,64.0,32.95,28.8,217.5,123.8,2.125262512565375,0.828683260867666,0.8236800000000001,1.0,1.0,ceedee lamb,ceedeelamb,clamb,Dallas Cowboys,00-0036358,0.0,0.0,0.0,0.0,0.0,0.0,0.0,15.0,7.0,110.0,0.0,C.Lamb,DAL,team_norm & _alias_init_last,0.0,0.0,0.0,0.0,0.0,0.0,0.0,-4.640000000000001,-0.6200000000000001,-64.1,0.63
2025,1,0.0,2025_01_DAL_PHI,Dallas Cowboys,George Pickens,WR,00-0037247,1.0,0.0,0.0,0.0,0.0,0.0,0.0,0.0,7.8,4.3,33.7,0.47,0.3767,64.0,32.95,28.8,217.5,123.8,2.125262512565375,0.828683260867666,0.8236800000000001,1.0,1.0,george pickens,georgepickens,gpickens,Dallas Cowboys,00-0037247,0.0,0.0,0.0,0.0,0.0,0.0,0.0,5.0,3.0,30.0,0.0,G.Pickens,DAL,team_norm & _alias_init_last,0.0,0.0,0.0,0.0,0.0,0.0,0.0,2.8,1.2999999999999998,3.700000000000003,0.47
2025,1,0.0,2025_01_DAL_PHI,Dallas Cowboys,Jalen Tolbert,WR,00-0037666,1.0,0.0,0.0,0.0,0.0,0.0,0.0,0.0,5.2,2.95,24.7,0.32,0.276,64.0,32.95,28.8,217.5,123.8,2.125262512565375,0.828683260867666,0.8236800000000001,1.0,1.0,jalen tolbert,jalentolbert,jtolbert,Dallas Cowboys,00-0037666,0.0,0.0,0.0,0.0,0.0,0.0,0.0,2.0,1.0,0.0,0.0,J.Tolbert,DAL,team_norm & _alias_init_last,0.0,0.0,0.0,0.0,0.0,0.0,0.0,3.2,1.9500000000000002,24.7,0.32
2025,1,0.0,2025_01_DAL_PHI,Dallas Cowboys,KaVontae Turpin,WR,00-0037801,1.0,0.0,0.0,0.0,0.0,0.0,0.0,0.0,1.13,0.67,5.9,0.07,0.0684,64.0,32.95,28.8,217.5,123.8,2.125262512565375,0.828683260867666,0.8236800000000001,1.0,1.0,kavontae turpin,kavontaeturpin,kturpin,Dallas Cowboys,00-0037801,0.0,0.0,0.0,0.0,2.0,9.0,0.0,2.0,2.0,18.0,0.0,K.Turpin,DAL,team_norm & _alias_init_last,0.0,0.0,0.0,0.0,-2.0,-9.0,0.0,-0.8700000000000001,-1.33,-12.1,0.07
2025,1,0.0,2025_01_DAL_PHI,Dallas Cowboys,Jalen Cropper,WR,00-0038740,0.0,0.0,0.0,0.0,0.0,0.0,0.0,0.0,0.0,0.0,0.0,0.0,0.0,64.0,32.95,28.8,217.5,123.8,2.125262512565375,0.828683260867666,0.8236800000000001,0.0,0.0,jalen cropper,jalencropper,jcropper,Dallas Cowboys,,,,,,,,,,,,,,,,,,,,,,,,,,
2025,1,0.0,2025_01_DAL_PHI,Dallas Cowboys,Ryan Flournoy,WR,00-0039410,1.0,0.0,0.0,0.0,0.0,0.0,0.0,0.0,0.0,0.0,0.0,0.0,0.0,64.0,32.95,28.8,217.5,123.8,2.125262512565375,0.828683260867666,0.8236800000000001,1.0,1.0,ryan flournoy,ryanflournoy,rflournoy,Dallas Cowboys,00-0039410,,,,,,,,,,,,,,,,,,,,,,,,,
2025,1,0.0,2025_01_DAL_PHI,Philadelphia Eagles,Jalen Hurts,QB,00-0036389,1.0,31.98,201.7,2.58,0.82,9.13,32.8,0.37,0.0,0.0,0.0,0.0,0.3073,64.0,32.95,28.8,217.5,123.8,3.0534468156539027,1.1906012782523177,0.8236800000000001,1.0,1.0,jalen hurts,jalenhurts,jhurts,Philadelphia Eagles,00-0036389,33.0,152.0,0.0,0.0,2.0,2.0,0.0,0.0,0.0,0.0,0.0,J.Hurts,PHI,team_norm & _alias_init_last,-1.0199999999999996,49.69999999999999,2.58,0.82,7.130000000000001,30.799999999999997,0.37,0.0,0.0,0.0,0.0
2025,1,0.0,2025_01_DAL_PHI,Philadelphia Eagles,Saquon Barkley,RB,00-0034844,1.0,0.0,0.0,0.0,0.0,11.73,41.4,0.65,3.31,2.38,15.2,0.3,0.6129,64.0,32.95,28.8,217.5,123.8,3.0534468156539027,1.1906012782523177,0.8236800000000001,1.0,1.0,saquon barkley,saquonbarkley,sbarkley,Philadelphia Eagles,00-0034844,0.0,0.0,0.0,0.0,18.0,60.0,1.0,5.0,4.0,24.0,0.0,S.Barkley,PHI,team_norm & _alias_init_last,0.0,0.0,0.0,0.0,-6.27,-18.6,-0.35,-1.69,-1.62,-8.8,0.3
2025,1,0.0,2025_01_DAL_PHI,Philadelphia Eagles,Will Shipley,RB,00-0039746,1.0,0.0,0.0,0.0,0.0,6.52,24.4,0.22,2.06,1.6,12.0,0.19,0.3385,64.0,32.95,28.8,217.5,123.8,3.0534468156539027,1.1906012782523177,0.8236800000000001,1.0,1.0,will shipley,willshipley,wshipley,Philadelphia Eagles,00-0039746,0.0,0.0,0.0,0.0,3.0,26.0,0.0,0.0,0.0,0.0,0.0,W.Shipley,PHI,team_norm & _alias_init_last,0.0,0.0,0.0,0.0,3.5199999999999996,-1.6000000000000014,0.22,2.06,1.6,12.0,0.19
2025,1,0.0,2025_01_DAL_PHI,Philadelphia Eagles,AJ Dillon,RB,00-0036265,1.0,0.0,0.0,0.0,0.0,1.42,5.0,0.05,0.0,0.0,0.0,0.0,0.0527,64.0,32.95,28.8,217.5,123.8,3.0534468156539027,1.1906012782523177,0.8236800000000001,1.0,1.0,aj dillon,ajdillon,adillon,Philadelphia Eagles,00-0036265,0.0,0.0,0.0,0.0,3.0,10.0,0.0,0.0,0.0,0.0,0.0,A.Dillon,PHI,team_norm & _alias_init_last,0.0,0.0,0.0,0.0,-1.58,-5.0,0.05,0.0,0.0,0.0,0.0
2025,1,0.0,2025_01_DAL_PHI,Philadelphia Eagles,Dallas Goedert,TE,00-0034351,1.0,0.0,0.0,0.0,0.0,0.0,0.0,0.0,3.27,2.36,14.8,0.28,0.242,64.0,32.95,28.8,217.5,123.8,3.0534468156539027,1.1906012782523177,0.8236800000000001,1.0,1.0,dallas goedert,dallasgoedert,dgoedert,Philadelphia Eagles,00-0034351,0.0,0.0,0.0,0.0,0.0,0.0,0.0,7.0,7.0,44.0,0.0,D.Goedert,PHI,team_norm & _alias_init_last,0.0,0.0,0.0,0.0,0.0,0.0,0.0,-3.73,-4.640000000000001,-29.2,0.28
2025,1,0.0,2025_01_DAL_PHI,Philadelphia Eagles,Cameron Latu,TE,00-0038564,1.0,0.0,0.0,0.0,0.0,0.0,0.0,0.0,0.0,0.0,0.0,0.0,0.0,64.0,32.95,28.8,217.5,123.8,3.0534468156539027,1.1906012782523177,0.8236800000000001,0.0,0.0,cameron latu,cameronlatu,clatu,Philadelphia Eagles,00-0038564,,,,,,,,,,,,,,,,,,,,,,,,,
2025,1,0.0,2025_01_DAL_PHI,Philadelphia Eagles,E.J. Jenkins,TE,00-0038498,0.0,0.0,0.0,0.0,0.0,0.0,0.0,0.0,0.0,0.0,0.0,0.0,0.0,64.0,32.95,28.8,217.5,123.8,3.0534468156539027,1.1906012782523177,0.8236800000000001,0.0,0.0,e.j. jenkins,ejjenkins,ejenkins,Philadelphia Eagles,00-0038498,,,,,,,,,,,,,,,,,,,,,,,,,
2025,1,0.0,2025_01_DAL_PHI,Philadelphia Eagles,Grant Calcaterra,TE,00-0037086,1.0,0.0,0.0,0.0,0.0,0.0,0.0,0.0,0.0,0.0,0.0,0.0,0.0,64.0,32.95,28.8,217.5,123.8,3.0534468156539027,1.1906012782523177,0.8236800000000001,1.0,1.0,grant calcaterra,grantcalcaterra,gcalcaterra,Philadelphia Eagles,00-0037086,,,,,,,,,,,,,,,,,,,,,,,,,
2025,1,0.0,2025_01_DAL_PHI,Philadelphia Eagles,Kylen Granson,TE,00-0036876,1.0,0.0,0.0,0.0,0.0,0.0,0.0,0.0,0.0,0.0,0.0,0.0,0.0,64.0,32.95,28.8,217.5,123.8,3.0534468156539027,1.1906012782523177,0.8236800000000001,1.0,1.0,kylen granson,kylengranson,kgranson,Philadelphia Eagles,00-0036876,0.0,0.0,0.0,0.0,0.0,0.0,0.0,1.0,1.0,1.0,0.0,K.Granson,PHI,team_norm & _alias_init_last,0.0,0.0,0.0,0.0,0.0,0.0,0.0,-1.0,-1.0,-1.0,0.0
2025,1,0.0,2025_01_DAL_PHI,Philadelphia Eagles,A.J. Brown,WR,00-0035676,1.0,0.0,0.0,0.0,0.0,0.0,0.0,0.0,10.77,6.33,52.5,0.92,0.6017,64.0,32.95,28.8,217.5,123.8,3.0534468156539027,1.1906012782523177,0.8236800000000001,1.0,1.0,a.j. brown,ajbrown,abrown,Philadelphia Eagles,00-0035676,0.0,0.0,0.0,0.0,0.0,0.0,0.0,1.0,1.0,8.0,0.0,A.Brown,PHI,team_norm & _alias_init_last,0.0,0.0,0.0,0.0,0.0,0.0,0.0,9.77,5.33,44.5,0.92
2025,1,0.0,2025_01_DAL_PHI,Philadelphia Eagles,DeVonta Smith,WR,00-0036912,1.0,0.0,0.0,0.0,0.0,0.0,0.0,0.0,8.11,5.61,39.4,0.69,0.4973,64.0,32.95,28.8,217.5,123.8,3.0534468156539027,1.1906012782523177,0.8236800000000001,1.0,1.0,devonta smith,devontasmith,dsmith,Philadelphia Eagles,00-0036912,0.0,0.0,0.0,0.0,0.0,0.0,0.0,3.0,3.0,16.0,0.0,D.Smith,PHI,team_norm & _alias_init_last,0.0,0.0,0.0,0.0,0.0,0.0,0.0,5.109999999999999,2.6100000000000003,23.4,0.69
2025,1,0.0,2025_01_DAL_PHI,Philadelphia Eagles,Jahan Dotson,WR,00-0037741,1.0,0.0,0.0,0.0,0.0,0.0,0.0,0.0,5.41,2.89,25.7,0.48,0.3802,64.0,32.95,28.8,217.5,123.8,3.0534468156539027,1.1906012782523177,0.8236800000000001,1.0,1.0,jahan dotson,jahandotson,jdotson,Philadelphia Eagles,00-0037741,0.0,0.0,0.0,0.0,0.0,0.0,0.0,3.0,3.0,59.0,0.0,J.Dotson,PHI,team_norm & _alias_init_last,0.0,0.0,0.0,0.0,0.0,0.0,0.0,2.41,-0.10999999999999988,-33.3,0.48
2025,1,0.0,2025_01_DAL_PHI,Philadelphia Eagles,Britain Covey,WR,00-0037132,0.0,0.0,0.0,0.0,0.0,0.0,0.0,0.0,0.0,0.0,0.0,0.0,0.0,64.0,32.95,28.8,217.5,123.8,3.0534468156539027,1.1906012782523177,0.8236800000000001,0.0,0.0,britain covey,britaincovey,bcovey,Philadelphia Eagles,00-0037132,,,,,,,,,,,,,,,,,,,,,,,,,
2025,1,0.0,2025_01_DAL_PHI,Philadelphia Eagles,Danny Gray,WR,00-0037828,0.0,0.0,0.0,0.0,0.0,0.0,0.0,0.0,0.0,0.0,0.0,0.0,0.0,64.0,32.95,28.8,217.5,123.8,3.0534468156539027,1.1906012782523177,0.8236800000000001,0.0,0.0,danny gray,dannygray,dgray,Philadelphia Eagles,00-0037828,,,,,,,,,,,,,,,,,,,,,,,,,
2025,1,0.0,2025_01_DAL_PHI,Philadelphia Eagles,Darius Cooper,WR,00-0040024,1.0,0.0,0.0,0.0,0.0,0.0,0.0,0.0,0.0,0.0,0.0,0.0,0.0,64.0,32.95,28.8,217.5,123.8,3.0534468156539027,1.1906012782523177,0.8236800000000001,1.0,1.0,darius cooper,dariuscooper,dcooper,Philadelphia Eagles,00-0040024,,,,,,,,,,,,,,,,,,,,,,,,,
2025,1,0.0,2025_01_DET_GB,Detroit Lions,Jared Goff,QB,00-0033106,1.0,34.04,222.5,2.41,0.82,3.57,14.5,0.13,0.0,0.0,0.0,0.0,0.1192,64.0,32.95,28.8,217.5,123.8,2.476666361783665,0.965702798891774,0.8236800000000001,1.0,1.0,jared goff,jaredgoff,jgoff,Detroit Lions,00-0033106,44.0,225.0,1.0,1.0,0.0,0.0,0.0,0.0,0.0,0.0,0.0,J.Goff,DET,team_norm & _alias_init_last,-9.96,-2.5,1.4100000000000001,-0.18000000000000005,3.57,14.5,0.13,0.0,0.0,0.0,0.0
2025,1,0.0,2025_01_DET_GB,Detroit Lions,Jahmyr Gibbs,RB,00-0039139,1.0,0.0,0.0,0.0,0.0,16.22,56.6,0.69,3.42,2.57,13.9,0.27,0.6144,64.0,32.95,28.8,217.5,123.8,2.476666361783665,0.965702798891774,0.8236800000000001,1.0,1.0,jahmyr gibbs,jahmyrgibbs,jgibbs,Detroit Lions,00-0039139,0.0,0.0,0.0,0.0,10.0,19.0,0.0,10.0,10.0,31.0,0.0,J.Gibbs,DET,team_norm & _alias_init_last,0.0,0.0,0.0,0.0,6.219999999999999,37.6,0.69,-6.58,-7.43,-17.1,0.27
2025,1,0.0,2025_01_DET_GB,Detroit Lions,David Montgomery,RB,00-0035685,1.0,0.0,0.0,0.0,0.0,9.01,30.8,0.25,2.13,1.66,8.7,0.15,0.3318,64.0,32.95,28.8,217.5,123.8,2.476666361783665,0.965702798891774,0.8236800000000001,1.0,1.0,david montgomery,davidmontgomery,dmontgomery,Detroit Lions,00-0035685,0.0,0.0,0.0,0.0,11.0,25.0,0.0,4.0,4.0,18.0,0.0,D.Montgomery,DET,team_norm & _alias_init_last,0.0,0.0,0.0,0.0,-1.9900000000000002,5.800000000000001,0.25,-1.87,-2.34,-9.3,0.15
2025,1,0.0,2025_01_DET_GB,Detroit Lions,Jacob Saylors,RB,00-0038896,1.0,0.0,0.0,0.0,0.0,0.0,0.0,0.0,0.0,0.0,0.0,0.0,0.0,64.0,32.95,28.8,217.5,123.8,2.476666361783665,0.965702798891774,0.8236800000000001,1.0,1.0,jacob saylors,jacobsaylors,jsaylors,Detroit Lions,00-0038896,,,,,,,,,,,,,,,,,,,,,,,,,
2025,1,0.0,2025_01_DET_GB,Detroit Lions,Sam LaPorta,TE,00-0039065,1.0,0.0,0.0,0.0,0.0,0.0,0.0,0.0,3.32,2.36,14.3,0.23,0.2093,64.0,32.95,28.8,217.5,123.8,2.476666361783665,0.965702798891774,0.8236800000000001,1.0,1.0,sam laporta,samlaporta,slaporta,Detroit Lions,00-0039065,0.0,0.0,0.0,0.0,0.0,0.0,0.0,9.0,6.0,79.0,0.0,S.LaPorta,DET,team_norm & _alias_init_last,0.0,0.0,0.0,0.0,0.0,0.0,0.0,-5.68,-3.64,-64.7,0.23
2025,1,0.0,2025_01_DET_GB,Detroit Lions,Anthony Firkser,TE,00-0033455,0.0,0.0,0.0,0.0,0.0,0.0,0.0,0.0,0.0,0.0,0.0,0.0,0.0,64.0,32.95,28.8,217.5,123.8,2.476666361783665,0.965702798891774,0.8236800000000001,0.0,0.0,anthony firkser,anthonyfirkser,afirkser,Detroit Lions,00-0033455,,,,,,,,,,,,,,,,,,,,,,,,,
2025,1,0.0,2025_01_DET_GB,Detroit Lions,Brock Wright,TE,00-0036754,1.0,0.0,0.0,0.0,0.0,0.0,0.0,0.0,0.0,0.0,0.0,0.0,0.0,64.0,32.95,28.8,217.5,123.8,2.476666361783665,0.965702798891774,0.8236800000000001,1.0,1.0,brock wright,brockwright,bwright,Detroit Lions,00-0036754,,,,,,,,,,,,,,,,,,,,,,,,,
2025,1,0.0,2025_01_DET_GB,Detroit Lions,Giovanni Ricci,TE,00-0035956,0.0,0.0,0.0,0.0,0.0,0.0,0.0,0.0,0.0,0.0,0.0,0.0,0.0,64.0,32.95,28.8,217.5,123.8,2.476666361783665,0.965702798891774,0.8236800000000001,0.0,0.0,giovanni ricci,giovanniricci,gricci,Detroit Lions,00-0035956,,,,,,,,,,,,,,,,,,,,,,,,,
2025,1,0.0,2025_01_DET_GB,Detroit Lions,Shane Zylstra,TE,00-0036534,1.0,0.0,0.0,0.0,0.0,0.0,0.0,0.0,0.0,0.0,0.0,0.0,0.0,64.0,32.95,28.8,217.5,123.8,2.476666361783665,0.965702798891774,0.8236800000000001,1.0,1.0,shane zylstra,shanezylstra,szylstra,Detroit Lions,00-0036534,,,,,,,,,,,,,,,,,,,,,,,,,
2025,1,0.0,2025_01_DET_GB,Detroit Lions,Amon-Ra St. Brown,WR,00-0036963,1.0,0.0,0.0,0.0,0.0,0.0,0.0,0.0,10.28,7.26,47.6,0.76,0.5323,64.0,32.95,28.8,217.5,123.8,2.476666361783665,0.965702798891774,0.8236800000000001,1.0,1.0,amon-ra st. brown,amonrastbrown,astbrown,Detroit Lions,00-0036963,0.0,0.0,0.0,0.0,0.0,0.0,0.0,6.0,4.0,45.0,0.0,A.St. Brown,DET,team_norm & _alias_init_last,0.0,0.0,0.0,0.0,0.0,0.0,0.0,4.279999999999999,3.26,2.6000000000000014,0.76
2025,1,0.0,2025_01_DET_GB,Detroit Lions,Jameson Williams,WR,00-0037240,1.0,0.0,0.0,0.0,0.0,0.0,0.0,0.0,7.74,4.45,38.0,0.54,0.4152,64.0,32.95,28.8,217.5,123.8,2.476666361783665,0.965702798891774,0.8236800000000001,1.0,1.0,jameson williams,jamesonwilliams,jwilliams,Detroit Lions,00-0037240,0.0,0.0,0.0,0.0,1.0,3.0,0.0,5.0,4.0,23.0,0.0,J.Williams,DET,team_norm & _alias_init_last,0.0,0.0,0.0,0.0,-1.0,-3.0,0.0,2.74,0.4500000000000002,15.0,0.54
2025,1,0.0,2025_01_DET_GB,Detroit Lions,Kalif Raymond,WR,00-0032464,1.0,0.0,0.0,0.0,0.0,0.0,0.0,0.0,5.16,3.61,24.3,0.36,0.302,64.0,32.95,28.8,217.5,123.8,2.476666361783665,0.965702798891774,0.8236800000000001,1.0,1.0,kalif raymond,kalifraymond,kraymond,Detroit Lions,00-0032464,0.0,0.0,0.0,0.0,0.0,0.0,0.0,3.0,2.0,16.0,0.0,K.Raymond,DET,team_norm & _alias_init_last,0.0,0.0,0.0,0.0,0.0,0.0,0.0,2.16,1.6099999999999999,8.3,0.36
2025,1,0.0,2025_01_DET_GB,Detroit Lions,Isaac TeSlaa,WR,00-0040669,1.0,0.0,0.0,0.0,0.0,0.0,0.0,0.0,0.62,0.37,4.4,0.05,0.0488,64.0,32.95,28.8,217.5,123.8,2.476666361783665,0.965702798891774,0.8236800000000001,1.0,1.0,isaac teslaa,isaacteslaa,iteslaa,Detroit Lions,00-0040669,0.0,0.0,0.0,0.0,0.0,0.0,0.0,1.0,1.0,13.0,1.0,I.TeSlaa,DET,team_norm & _alias_init_last,0.0,0.0,0.0,0.0,0.0,0.0,0.0,-0.38,-0.63,-8.6,-0.95
2025,1,0.0,2025_01_DET_GB,Detroit Lions,Andrew Armstrong,WR,00-0040298,0.0,0.0,0.0,0.0,0.0,0.0,0.0,0.0,0.0,0.0,0.0,0.0,0.0,64.0,32.95,28.8,217.5,123.8,2.476666361783665,0.965702798891774,0.8236800000000001,0.0,0.0,andrew armstrong,andrewarmstrong,aarmstrong,Detroit Lions,00-0040298,,,,,,,,,,,,,,,,,,,,,,,,,
2025,1,0.0,2025_01_DET_GB,Detroit Lions,Dominic Lovett,WR,00-0040241,1.0,0.0,0.0,0.0,0.0,0.0,0.0,0.0,0.0,0.0,0.0,0.0,0.0,64.0,32.95,28.8,217.5,123.8,2.476666361783665,0.965702798891774,0.8236800000000001,1.0,1.0,dominic lovett,dominiclovett,dlovett,Detroit Lions,00-0040241,,,,,,,,,,,,,,,,,,,,,,,,,
2025,1,0.0,2025_01_DET_GB,Green Bay Packers,Jordan Love,QB,00-0036264,1.0,32.86,210.2,1.56,0.82,2.86,11.1,0.05,0.0,0.0,0.0,0.0,0.0525,64.0,32.95,28.8,217.5,123.8,1.3170380574892795,0.5135400383313637,0.8236800000000001,1.0,1.0,jordan love,jordanlove,jlove,Green Bay Packers,00-0036264,24.0,188.0,2.0,0.0,1.0,2.0,0.0,0.0,0.0,0.0,0.0,J.Love,GB,team_norm & _alias_init_last,8.86,22.19999999999999,-0.43999999999999995,0.82,1.8599999999999999,9.1,0.05,0.0,0.0,0.0,0.0
2025,1,0.0,2025_01_DET_GB,Green Bay Packers,Josh Jacobs,RB,00-0035700,1.0,0.0,0.0,0.0,0.0,16.05,55.5,0.35,2.95,2.23,12.9,0.12,0.3742,64.0,32.95,28.8,217.5,123.8,1.3170380574892795,0.5135400383313637,0.8236800000000001,1.0,1.0,josh jacobs,joshjacobs,jjacobs,Green Bay Packers,00-0035700,0.0,0.0,0.0,0.0,19.0,66.0,1.0,1.0,1.0,4.0,0.0,J.Jacobs,GB,team_norm & _alias_init_last,0.0,0.0,0.0,0.0,-2.9499999999999993,-10.5,-0.65,1.9500000000000002,1.23,8.9,0.12
2025,1,0.0,2025_01_DET_GB,Green Bay Packers,Chris Brooks,RB,00-0038685,1.0,0.0,0.0,0.0,0.0,8.91,33.7,0.12,1.83,1.31,8.6,0.08,0.1797,64.0,32.95,28.8,217.5,123.8,1.3170380574892795,0.5135400383313637,0.8236800000000001,1.0,1.0,chris brooks,chrisbrooks,cbrooks,Green Bay Packers,00-0038685,0.0,0.0,0.0,0.0,1.0,1.0,0.0,1.0,1.0,2.0,0.0,C.Brooks,GB,team_norm & _alias_init_last,0.0,0.0,0.0,0.0,7.91,32.7,0.12,0.8300000000000001,0.31000000000000005,6.6,0.08
2025,1,0.0,2025_01_DET_GB,Green Bay Packers,Emanuel Wilson,RB,00-0038797,1.0,0.0,0.0,0.0,0.0,0.98,3.5,0.02,0.0,0.0,0.0,0.0,0.0149,64.0,32.95,28.8,217.5,123.8,1.3170380574892795,0.5135400383313637,0.8236800000000001,1.0,1.0,emanuel wilson,emanuelwilson,ewilson,Green Bay Packers,00-0038797,0.0,0.0,0.0,0.0,1.0,4.0,0.0,0.0,0.0,0.0,0.0,E.Wilson,GB,team_norm & _alias_init_last,0.0,0.0,0.0,0.0,-0.020000000000000018,-0.5,0.02,0.0,0.0,0.0,0.0
2025,1,0.0,2025_01_DET_GB,Green Bay Packers,Tucker Kraft,TE,00-0038996,1.0,0.0,0.0,0.0,0.0,0.0,0.0,0.0,3.29,2.22,15.1,0.13,0.1224,64.0,32.95,28.8,217.5,123.8,1.3170380574892795,0.5135400383313637,0.8236800000000001,1.0,1.0,tucker kraft,tuckerkraft,tkraft,Green Bay Packers,00-0038996,0.0,0.0,0.0,0.0,1.0,3.0,0.0,5.0,2.0,16.0,1.0,T.Kraft,GB,team_norm & _alias_init_last,0.0,0.0,0.0,0.0,-1.0,-3.0,0.0,-1.71,0.2200000000000002,-0.9000000000000004,-0.87
2025,1,0.0,2025_01_DET_GB,Green Bay Packers,Drake Dabney,TE,00-0040628,0.0,0.0,0.0,0.0,0.0,0.0,0.0,0.0,0.0,0.0,0.0,0.0,0.0,64.0,32.95,28.8,217.5,123.8,1.3170380574892795,0.5135400383313637,0.8236800000000001,0.0,0.0,drake dabney,drakedabney,ddabney,Green Bay Packers,00-0040628,,,,,,,,,,,,,,,,,,,,,,,,,
2025,1,0.0,2025_01_DET_GB,Green Bay Packers,John FitzPatrick,TE,00-0037306,1.0,0.0,0.0,0.0,0.0,0.0,0.0,0.0,0.0,0.0,0.0,0.0,0.0,64.0,32.95,28.8,217.5,123.8,1.3170380574892795,0.5135400383313637,0.8236800000000001,1.0,1.0,john fitzpatrick,johnfitzpatrick,jfitzpatrick,Green Bay Packers,00-0037306,0.0,0.0,0.0,0.0,0.0,0.0,0.0,1.0,1.0,2.0,0.0,J.FitzPatrick,GB,team_norm & _alias_init_last,0.0,0.0,0.0,0.0,0.0,0.0,0.0,-1.0,-1.0,-2.0,0.0
2025,1,0.0,2025_01_DET_GB,Green Bay Packers,Johnny Lumpkin,TE,00-0038913,0.0,0.0,0.0,0.0,0.0,0.0,0.0,0.0,0.0,0.0,0.0,0.0,0.0,64.0,32.95,28.8,217.5,123.8,1.3170380574892795,0.5135400383313637,0.8236800000000001,0.0,0.0,johnny lumpkin,johnnylumpkin,jlumpkin,Green Bay Packers,00-0038913,,,,,,,,,,,,,,,,,,,,,,,,,
2025,1,0.0,2025_01_DET_GB,Green Bay Packers,Luke Musgrave,TE,00-0039144,1.0,0.0,0.0,0.0,0.0,0.0,0.0,0.0,0.0,0.0,0.0,0.0,0.0,64.0,32.95,28.8,217.5,123.8,1.3170380574892795,0.5135400383313637,0.8236800000000001,1.0,1.0,luke musgrave,lukemusgrave,lmusgrave,Green Bay Packers,00-0039144,0.0,0.0,0.0,0.0,0.0,0.0,0.0,1.0,1.0,4.0,0.0,L.Musgrave,GB,team_norm & _alias_init_last,0.0,0.0,0.0,0.0,0.0,0.0,0.0,-1.0,-1.0,-4.0,0.0
2025,1,0.0,2025_01_DET_GB,Green Bay Packers,Matthew Golden,WR,00-0040667,1.0,0.0,0.0,0.0,0.0,0.0,0.0,0.0,9.06,5.78,57.5,0.33,0.283,64.0,32.95,28.8,217.5,123.8,1.3170380574892795,0.5135400383313637,0.8236800000000001,1.0,1.0,matthew golden,matthewgolden,mgolden,Green Bay Packers,00-0040667,0.0,0.0,0.0,0.0,0.0,0.0,0.0,2.0,2.0,16.0,0.0,M.Golden,GB,team_norm & _alias_init_last,0.0,0.0,0.0,0.0,0.0,0.0,0.0,7.0600000000000005,3.7800000000000002,41.5,0.33
2025,1,0.0,2025_01_DET_GB,Green Bay Packers,Romeo Doubs,WR,00-0037816,1.0,0.0,0.0,0.0,0.0,0.0,0.0,0.0,6.82,4.1,32.0,0.27,0.2348,64.0,32.95,28.8,217.5,123.8,1.3170380574892795,0.5135400383313637,0.8236800000000001,1.0,1.0,romeo doubs,romeodoubs,rdoubs,Green Bay Packers,00-0037816,0.0,0.0,0.0,0.0,0.0,0.0,0.0,4.0,2.0,68.0,0.0,R.Doubs,GB,team_norm & _alias_init_last,0.0,0.0,0.0,0.0,0.0,0.0,0.0,2.8200000000000003,2.0999999999999996,-36.0,0.27
2025,1,0.0,2025_01_DET_GB,Green Bay Packers,Dontayvion Wicks,WR,00-0038393,1.0,0.0,0.0,0.0,0.0,0.0,0.0,0.0,4.55,2.53,21.2,0.17,0.159,64.0,32.95,28.8,217.5,123.8,1.3170380574892795,0.5135400383313637,0.8236800000000001,1.0,1.0,dontayvion wicks,dontayvionwicks,dwicks,Green Bay Packers,00-0038393,0.0,0.0,0.0,0.0,0.0,0.0,0.0,2.0,2.0,30.0,0.0,D.Wicks,GB,team_norm & _alias_init_last,0.0,0.0,0.0,0.0,0.0,0.0,0.0,2.55,0.5299999999999998,-8.8,0.17
2025,1,0.0,2025_01_DET_GB,Green Bay Packers,Jayden Reed,WR,00-0039146,1.0,0.0,0.0,0.0,0.0,0.0,0.0,0.0,3.71,2.43,18.8,0.14,0.1344,64.0,32.95,28.8,217.5,123.8,1.3170380574892795,0.5135400383313637,0.8236800000000001,1.0,1.0,jayden reed,jaydenreed,jreed,Green Bay Packers,00-0039146,0.0,0.0,0.0,0.0,0.0,0.0,0.0,5.0,3.0,45.0,1.0,J.Reed,GB,team_norm & _alias_init_last,0.0,0.0,0.0,0.0,0.0,0.0,0.0,-1.29,-0.5699999999999998,-26.2,-0.86
2025,1,0.0,2025_01_DET_GB,Green Bay Packers,Savion Williams,WR,00-0040009,1.0,0.0,0.0,0.0,0.0,0.0,0.0,0.0,0.74,0.53,6.2,0.03,0.0302,64.0,32.95,28.8,217.5,123.8,1.3170380574892795,0.5135400383313637,0.8236800000000001,1.0,1.0,savion williams,savionwilliams,swilliams,Green Bay Packers,00-0040009,0.0,0.0,0.0,0.0,0.0,0.0,0.0,1.0,1.0,1.0,0.0,S.Williams,GB,team_norm & _alias_init_last,0.0,0.0,0.0,0.0,0.0,0.0,0.0,-0.26,-0.47,5.2,0.03
2025,1,0.0,2025_01_DET_GB,Green Bay Packers,Christian Watson,WR,00-0038124,1.0,0.0,0.0,0.0,0.0,0.0,0.0,0.0,0.0,0.0,0.0,0.0,0.0,64.0,32.95,28.8,217.5,123.8,1.3170380574892795,0.5135400383313637,0.8236800000000001,0.0,0.0,christian watson,christianwatson,cwatson,Green Bay Packers,00-0038124,,,,,,,,,,,,,,,,,,,,,,,,,
2025,1,0.0,2025_01_DET_GB,Green Bay Packers,Isaiah Neyor,WR,00-0040558,0.0,0.0,0.0,0.0,0.0,0.0,0.0,0.0,0.0,0.0,0.0,0.0,0.0,64.0,32.95,28.8,217.5,123.8,1.3170380574892795,0.5135400383313637,0.8236800000000001,0.0,0.0,isaiah neyor,isaiahneyor,ineyor,Green Bay Packers,00-0040558,,,,,,,,,,,,,,,,,,,,,,,,,
2025,1,0.0,2025_01_HOU_LA,Houston Texans,C.J. Stroud,QB,00-0039163,1.0,33.58,213.4,2.05,0.82,4.05,16.4,0.14,0.0,0.0,0.0,0.0,0.1284,64.0,32.95,28.8,217.5,123.8,2.27892357614887,0.8885988479943872,0.8236800000000001,1.0,1.0,c.j. stroud,cjstroud,cstroud,Houston Texans,00-0039163,38.0,188.0,0.0,1.0,1.0,2.0,0.0,0.0,0.0,0.0,0.0,C.Stroud,HOU,team_norm & _alias_init_last,-4.420000000000002,25.400000000000006,2.05,-0.18000000000000005,3.05,14.399999999999999,0.14,0.0,0.0,0.0,0.0
2025,1,0.0,2025_01_HOU_LA,Houston Texans,Nick Chubb,RB,00-0034791,1.0,0.0,0.0,0.0,0.0,12.39,42.1,0.47,2.84,1.92,13.7,0.19,0.4815,64.0,32.95,28.8,217.5,123.8,2.27892357614887,0.8885988479943872,0.8236800000000001,1.0,1.0,nick chubb,nickchubb,nchubb,Houston Texans,00-0034791,0.0,0.0,0.0,0.0,15.0,60.0,0.0,1.0,0.0,0.0,0.0,N.Chubb,HOU,team_norm & _alias_init_last,0.0,0.0,0.0,0.0,-2.6099999999999994,-17.9,0.47,1.8399999999999999,1.92,13.7,0.19
2025,1,0.0,2025_01_HOU_LA,Houston Texans,Dameon Pierce,RB,,1.0,0.0,0.0,0.0,0.0,6.88,28.7,0.16,1.77,1.29,11.4,0.12,0.2495,64.0,32.95,28.8,217.5,123.8,2.27892357614887,0.8885988479943872,0.8236800000000001,0.0,1.0,dameon pierce,dameonpierce,dpierce,Houston Texans,,0.0,0.0,0.0,0.0,3.0,5.0,0.0,1.0,0.0,0.0,0.0,D.Pierce,HOU,team_norm & _alias_init_last,0.0,0.0,0.0,0.0,3.88,23.7,0.16,0.77,1.29,11.4,0.12
2025,1,0.0,2025_01_HOU_LA,Houston Texans,Dare Ogunbowale,RB,00-0033854,1.0,0.0,0.0,0.0,0.0,1.35,4.8,0.04,0.93,0.62,4.4,0.06,0.0968,64.0,32.95,28.8,217.5,123.8,2.27892357614887,0.8885988479943872,0.8236800000000001,1.0,1.0,dare ogunbowale,dareogunbowale,dogunbowale,Houston Texans,,0.0,0.0,0.0,0.0,2.0,9.0,0.0,2.0,2.0,17.0,0.0,D.Ogunbowale,HOU,team_norm & _alias_init_last,0.0,0.0,0.0,0.0,-0.6499999999999999,-4.2,0.04,-1.0699999999999998,-1.38,-12.6,0.06
2025,1,0.0,2025_01_HOU_LA,Houston Texans,D.Pierce,RB,,0.0,0.0,0.0,0.0,0.0,2.11,8.5,0.05,0.46,0.34,3.1,0.03,0.0824,64.0,32.95,28.8,217.5,123.8,2.27892357614887,0.8885988479943872,0.8236800000000001,0.0,0.0,d.pierce,dpierce,dpierce,Houston Texans,,0.0,0.0,0.0,0.0,3.0,5.0,0.0,1.0,0.0,0.0,0.0,D.Pierce,HOU,team_norm & _name_norm_loose,0.0,0.0,0.0,0.0,-0.8900000000000001,3.5,0.05,-0.54,0.34,3.1,0.03
2025,1,0.0,2025_01_HOU_LA,Houston Texans,Woody Marks,RB,00-0040583,1.0,0.0,0.0,0.0,0.0,2.02,7.0,0.05,0.0,0.0,0.0,0.0,0.0521,64.0,32.95,28.8,217.5,123.8,2.27892357614887,0.8885988479943872,0.8236800000000001,1.0,1.0,woody marks,woodymarks,wmarks,Houston Texans,,0.0,0.0,0.0,0.0,3.0,3.0,0.0,0.0,0.0,0.0,0.0,W.Marks,HOU,team_norm & _alias_init_last,0.0,0.0,0.0,0.0,-0.98,4.0,0.05,0.0,0.0,0.0,0.0
2025,1,0.0,2025_01_HOU_LA,Houston Texans,Dalton Schultz,TE,00-0034383,1.0,0.0,0.0,0.0,0.0,0.0,0.0,0.0,3.28,2.2,14.2,0.2,0.1848,64.0,32.95,28.8,217.5,123.8,2.27892357614887,0.8885988479943872,0.8236800000000001,1.0,1.0,dalton schultz,daltonschultz,dschultz,Houston Texans,00-0034383,0.0,0.0,0.0,0.0,0.0,0.0,0.0,7.0,3.0,28.0,0.0,D.Schultz,HOU,team_norm & _alias_init_last,0.0,0.0,0.0,0.0,0.0,0.0,0.0,-3.72,-0.7999999999999998,-13.8,0.2
2025,1,0.0,2025_01_HOU_LA,Houston Texans,Harrison Bryant,TE,00-0036232,1.0,0.0,0.0,0.0,0.0,0.0,0.0,0.0,1.42,0.9,6.4,0.09,0.089,64.0,32.95,28.8,217.5,123.8,2.27892357614887,0.8885988479943872,0.8236800000000001,0.0,0.0,harrison bryant,harrisonbryant,hbryant,Houston Texans,00-0036232,,,,,,,,,,,,,,,,,,,,,,,,,
2025,1,0.0,2025_01_HOU_LA,Houston Texans,Brevin Jordan,TE,00-0036556,1.0,0.0,0.0,0.0,0.0,0.0,0.0,0.0,0.0,0.0,0.0,0.0,0.0,64.0,32.95,28.8,217.5,123.8,2.27892357614887,0.8885988479943872,0.8236800000000001,0.0,0.0,brevin jordan,brevinjordan,bjordan,Houston Texans,00-0036556,,,,,,,,,,,,,,,,,,,,,,,,,
2025,1,0.0,2025_01_HOU_LA,Houston Texans,Cade Stover,TE,00-0039359,1.0,0.0,0.0,0.0,0.0,0.0,0.0,0.0,0.0,0.0,0.0,0.0,0.0,64.0,32.95,28.8,217.5,123.8,2.27892357614887,0.8885988479943872,0.8236800000000001,1.0,1.0,cade stover,cadestover,cstover,Houston Texans,00-0039359,0.0,0.0,0.0,0.0,0.0,0.0,0.0,4.0,4.0,22.0,0.0,C.Stover,HOU,team_norm & _alias_init_last,0.0,0.0,0.0,0.0,0.0,0.0,0.0,-4.0,-4.0,-22.0,0.0
2025,1,0.0,2025_01_HOU_LA,Houston Texans,Dalton Keene,TE,00-0036225,0.0,0.0,0.0,0.0,0.0,0.0,0.0,0.0,0.0,0.0,0.0,0.0,0.0,64.0,32.95,28.8,217.5,123.8,2.27892357614887,0.8885988479943872,0.8236800000000001,0.0,0.0,dalton keene,daltonkeene,dkeene,Houston Texans,00-0036225,,,,,,,,,,,,,,,,,,,,,,,,,
2025,1,0.0,2025_01_HOU_LA,Houston Texans,Nico Collins,WR,00-0036554,1.0,0.0,0.0,0.0,0.0,0.0,0.0,0.0,8.36,5.01,39.2,0.55,0.4219,64.0,32.95,28.8,217.5,123.8,2.27892357614887,0.8885988479943872,0.8236800000000001,1.0,1.0,nico collins,nicocollins,ncollins,Houston Texans,00-0036554,0.0,0.0,0.0,0.0,0.0,0.0,0.0,5.0,3.0,25.0,0.0,N.Collins,HOU,team_norm & _alias_init_last,0.0,0.0,0.0,0.0,0.0,0.0,0.0,3.3599999999999994,2.01,14.200000000000003,0.55
2025,1,0.0,2025_01_HOU_LA,Houston Texans,Christian Kirk,WR,00-0034775,1.0,0.0,0.0,0.0,0.0,0.0,0.0,0.0,6.3,3.77,29.6,0.41,0.3364,64.0,32.95,28.8,217.5,123.8,2.27892357614887,0.8885988479943872,0.8236800000000001,0.0,0.0,christian kirk,christiankirk,ckirk,Houston Texans,00-0034775,,,,,,,,,,,,,,,,,,,,,,,,,
2025,1,0.0,2025_01_HOU_LA,Houston Texans,Jayden Higgins,WR,00-0040130,1.0,0.0,0.0,0.0,0.0,0.0,0.0,0.0,4.2,2.47,22.5,0.28,0.2416,64.0,32.95,28.8,217.5,123.8,2.27892357614887,0.8885988479943872,0.8236800000000001,1.0,1.0,jayden higgins,jaydenhiggins,jhiggins,Houston Texans,00-0040130,0.0,0.0,0.0,0.0,0.0,0.0,0.0,3.0,2.0,32.0,0.0,J.Higgins,HOU,team_norm & _alias_init_last,0.0,0.0,0.0,0.0,0.0,0.0,0.0,1.2000000000000002,0.4700000000000002,-9.5,0.28
2025,1,0.0,2025_01_HOU_LA,Houston Texans,Justin Watson,WR,00-0034386,1.0,0.0,0.0,0.0,0.0,0.0,0.0,0.0,1.12,0.69,9.7,0.08,0.0755,64.0,32.95,28.8,217.5,123.8,2.27892357614887,0.8885988479943872,0.8236800000000001,1.0,1.0,justin watson,justinwatson,jwatson,Houston Texans,00-0034386,0.0,0.0,0.0,0.0,0.0,0.0,0.0,3.0,2.0,27.0,0.0,J.Watson,HOU,team_norm & _alias_init_last,0.0,0.0,0.0,0.0,0.0,0.0,0.0,-1.88,-1.31,-17.3,0.08
2025,1,0.0,2025_01_HOU_LA,Houston Texans,Jaylin Noel,WR,00-0040138,1.0,0.0,0.0,0.0,0.0,0.0,0.0,0.0,1.12,0.74,7.5,0.07,0.0721,64.0,32.95,28.8,217.5,123.8,2.27892357614887,0.8885988479943872,0.8236800000000001,1.0,1.0,jaylin noel,jaylinnoel,jnoel,Houston Texans,00-0040138,0.0,0.0,0.0,0.0,0.0,0.0,0.0,3.0,1.0,7.0,0.0,J.Noel,HOU,team_norm & _alias_init_last,0.0,0.0,0.0,0.0,0.0,0.0,0.0,-1.88,-0.26,0.5,0.07
2025,1,0.0,2025_01_HOU_LA,Houston Texans,Xavier Hutchinson,WR,00-0038618,1.0,0.0,0.0,0.0,0.0,0.0,0.0,0.0,1.12,0.59,6.1,0.07,0.069,64.0,32.95,28.8,217.5,123.8,2.27892357614887,0.8885988479943872,0.8236800000000001,1.0,1.0,xavier hutchinson,xavierhutchinson,xhutchinson,Houston Texans,00-0038618,0.0,0.0,0.0,0.0,1.0,5.0,0.0,2.0,2.0,30.0,0.0,X.Hutchinson,HOU,team_norm & _alias_init_last,0.0,0.0,0.0,0.0,-1.0,-5.0,0.0,-0.8799999999999999,-1.4100000000000001,-23.9,0.07
2025,1,0.0,2025_01_HOU_LA,Houston Texans,Braxton Berrios,WR,00-0034419,1.0,0.0,0.0,0.0,0.0,0.0,0.0,0.0,0.0,0.0,0.0,0.0,0.0,64.0,32.95,28.8,217.5,123.8,2.27892357614887,0.8885988479943872,0.8236800000000001,0.0,0.0,braxton berrios,braxtonberrios,bberrios,Houston Texans,00-0034419,,,,,,,,,,,,,,,,,,,,,,,,,
2025,1,0.0,2025_01_HOU_LA,Houston Texans,Daniel Jackson,WR,00-0040412,0.0,0.0,0.0,0.0,0.0,0.0,0.0,0.0,0.0,0.0,0.0,0.0,0.0,64.0,32.95,28.8,217.5,123.8,2.27892357614887,0.8885988479943872,0.8236800000000001,0.0,0.0,daniel jackson,danieljackson,djackson,Houston Texans,00-0040412,,,,,,,,,,,,,,,,,,,,,,,,,
2025,1,0.0,2025_01_HOU_LA,Los Angeles Rams,Matthew Stafford,QB,00-0026498,1.0,33.94,216.3,2.03,0.82,3.29,13.6,0.1,0.0,0.0,0.0,0.0,0.0907,64.0,32.95,28.8,217.5,123.8,2.1519825586135144,0.8391019525628294,0.8236800000000001,1.0,1.0,matthew stafford,matthewstafford,mstafford,Los Angeles Rams,,34.0,245.0,1.0,0.0,2.0,0.0,0.0,0.0,0.0,0.0,0.0,M.Stafford,LA,team_norm & _alias_init_last,-0.060000000000002274,-28.69999999999999,1.0299999999999998,0.82,1.29,13.6,0.1,0.0,0.0,0.0,0.0
2025,1,0.0,2025_01_HOU_LA,Los Angeles Rams,Kyren Williams,RB,00-0037840,1.0,0.0,0.0,0.0,0.0,16.4,56.2,0.6,3.29,2.39,15.1,0.23,0.5654,64.0,32.95,28.8,217.5,123.8,2.1519825586135144,0.8391019525628294,0.8236800000000001,1.0,1.0,kyren williams,kyrenwilliams,kwilliams,Los Angeles Rams,00-0037840,0.0,0.0,0.0,0.0,19.0,66.0,1.0,2.0,1.0,3.0,0.0,K.Williams,LA,team_norm & _alias_init_last,0.0,0.0,0.0,0.0,-2.6000000000000014,-9.799999999999997,-0.4,1.29,1.3900000000000001,12.1,0.23
2025,1,0.0,2025_01_HOU_LA,Los Angeles Rams,Blake Corum,RB,00-0039738,1.0,0.0,0.0,0.0,0.0,9.11,31.3,0.2,2.05,1.44,10.6,0.13,0.2841,64.0,32.95,28.8,217.5,123.8,2.1519825586135144,0.8391019525628294,0.8236800000000001,1.0,1.0,blake corum,blakecorum,bcorum,Los Angeles Rams,00-0039738,0.0,0.0,0.0,0.0,1.0,2.0,0.0,1.0,1.0,14.0,0.0,B.Corum,LA,team_norm & _alias_init_last,0.0,0.0,0.0,0.0,8.11,29.3,0.2,1.0499999999999998,0.43999999999999995,-3.4000000000000004,0.13
2025,1,0.0,2025_01_HOU_LA,Los Angeles Rams,Colby Parkinson,TE,00-0036244,1.0,0.0,0.0,0.0,0.0,0.0,0.0,0.0,3.28,2.17,13.7,0.22,0.1949,64.0,32.95,28.8,217.5,123.8,2.1519825586135144,0.8391019525628294,0.8236800000000001,1.0,1.0,colby parkinson,colbyparkinson,cparkinson,Los Angeles Rams,00-0036244,0.0,0.0,0.0,0.0,0.0,0.0,0.0,2.0,2.0,-6.0,0.0,C.Parkinson,LA,team_norm & _alias_init_last,0.0,0.0,0.0,0.0,0.0,0.0,0.0,1.2799999999999998,0.16999999999999993,19.7,0.22
2025,1,0.0,2025_01_HOU_LA,Los Angeles Rams,Davis Allen,TE,00-0039074,1.0,0.0,0.0,0.0,0.0,0.0,0.0,0.0,0.0,0.0,0.0,0.0,0.0,64.0,32.95,28.8,217.5,123.8,2.1519825586135144,0.8391019525628294,0.8236800000000001,1.0,1.0,davis allen,davisallen,dallen,Los Angeles Rams,00-0039074,0.0,0.0,0.0,0.0,0.0,0.0,0.0,2.0,1.0,13.0,1.0,D.Allen,LA,team_norm & _alias_init_last,0.0,0.0,0.0,0.0,0.0,0.0,0.0,-2.0,-1.0,-13.0,-1.0
2025,1,0.0,2025_01_HOU_LA,Los Angeles Rams,Mark Redman,TE,00-0040598,0.0,0.0,0.0,0.0,0.0,0.0,0.0,0.0,0.0,0.0,0.0,0.0,0.0,64.0,32.95,28.8,217.5,123.8,2.1519825586135144,0.8391019525628294,0.8236800000000001,0.0,0.0,mark redman,markredman,mredman,Los Angeles Rams,00-0040598,,,,,,,,,,,,,,,,,,,,,,,,,
2025,1,0.0,2025_01_HOU_LA,Los Angeles Rams,Terrance Ferguson,TE,00-0040737,1.0,0.0,0.0,0.0,0.0,0.0,0.0,0.0,0.0,0.0,0.0,0.0,0.0,64.0,32.95,28.8,217.5,123.8,2.1519825586135144,0.8391019525628294,0.8236800000000001,1.0,1.0,terrance ferguson,terranceferguson,tferguson,Los Angeles Rams,00-0040737,,,,,,,,,,,,,,,,,,,,,,,,,
2025,1,0.0,2025_01_HOU_LA,Los Angeles Rams,Tyler Higbee,TE,00-0033110,1.0,0.0,0.0,0.0,0.0,0.0,0.0,0.0,0.0,0.0,0.0,0.0,0.0,64.0,32.95,28.8,217.5,123.8,2.1519825586135144,0.8391019525628294,0.8236800000000001,1.0,1.0,tyler higbee,tylerhigbee,thigbee,Los Angeles Rams,00-0033110,,,,,,,,,,,,,,,,,,,,,,,,,
2025,1,0.0,2025_01_HOU_LA,Los Angeles Rams,Puka Nacua,WR,00-0039075,1.0,0.0,0.0,0.0,0.0,0.0,0.0,0.0,10.49,7.14,49.8,0.63,0.468,64.0,32.95,28.8,217.5,123.8,2.1519825586135144,0.8391019525628294,0.8236800000000001,1.0,1.0,puka nacua,pukanacua,pnacua,Los Angeles Rams,00-0039075,0.0,0.0,0.0,0.0,1.0,1.0,0.0,11.0,10.0,130.0,0.0,P.Nacua,LA,team_norm & _alias_init_last,0.0,0.0,0.0,0.0,-1.0,-1.0,0.0,-0.5099999999999998,-2.8600000000000003,-80.2,0.63
2025,1,0.0,2025_01_HOU_LA,Los Angeles Rams,Davante Adams,WR,00-0031381,1.0,0.0,0.0,0.0,0.0,0.0,0.0,0.0,7.9,4.2,34.5,0.51,0.397,64.0,32.95,28.8,217.5,123.8,2.1519825586135144,0.8391019525628294,0.8236800000000001,1.0,1.0,davante adams,davanteadams,dadams,Los Angeles Rams,00-0031381,0.0,0.0,0.0,0.0,0.0,0.0,0.0,9.0,4.0,51.0,0.0,D.Adams,LA,team_norm & _alias_init_last,0.0,0.0,0.0,0.0,0.0,0.0,0.0,-1.0999999999999996,0.20000000000000018,-16.5,0.51
2025,1,0.0,2025_01_HOU_LA,Los Angeles Rams,Tutu Atwell,WR,00-0036849,1.0,0.0,0.0,0.0,0.0,0.0,0.0,0.0,5.26,3.02,25.3,0.31,0.2646,64.0,32.95,28.8,217.5,123.8,2.1519825586135144,0.8391019525628294,0.8236800000000001,1.0,1.0,tutu atwell,tutuatwell,tatwell,Los Angeles Rams,,0.0,0.0,0.0,0.0,0.0,0.0,0.0,1.0,1.0,4.0,0.0,T.Atwell,LA,team_norm & _alias_init_last,0.0,0.0,0.0,0.0,0.0,0.0,0.0,4.26,2.02,21.3,0.31
2025,1,0.0,2025_01_HOU_LA,Los Angeles Rams,Xavier Smith,WR,00-0038359,1.0,0.0,0.0,0.0,0.0,0.0,0.0,0.0,0.67,0.46,4.7,0.04,0.0418,64.0,32.95,28.8,217.5,123.8,2.1519825586135144,0.8391019525628294,0.8236800000000001,1.0,1.0,xavier smith,xaviersmith,xsmith,Los Angeles Rams,00-0038359,0.0,0.0,0.0,0.0,0.0,0.0,0.0,1.0,1.0,36.0,0.0,X.Smith,LA,team_norm & _alias_init_last,0.0,0.0,0.0,0.0,0.0,0.0,0.0,-0.32999999999999996,-0.54,-31.3,0.04
2025,1,0.0,2025_01_HOU_LA,Los Angeles Rams,Brennan Presley,WR,00-0040597,0.0,0.0,0.0,0.0,0.0,0.0,0.0,0.0,0.0,0.0,0.0,0.0,0.0,64.0,32.95,28.8,217.5,123.8,2.1519825586135144,0.8391019525628294,0.8236800000000001,0.0,0.0,brennan presley,brennanpresley,bpresley,Los Angeles Rams,00-0040597,,,,,,,,,,,,,,,,,,,,,,,,,
2025,1,0.0,2025_01_HOU_LA,Los Angeles Rams,Drake Stoops,WR,00-0039773,0.0,0.0,0.0,0.0,0.0,0.0,0.0,0.0,0.0,0.0,0.0,0.0,0.0,64.0,32.95,28.8,217.5,123.8,2.1519825586135144,0.8391019525628294,0.8236800000000001,0.0,0.0,drake stoops,drakestoops,dstoops,Los Angeles Rams,00-0039773,,,,,,,,,,,,,,,,,,,,,,,,,
2025,1,0.0,2025_01_HOU_LA,Los Angeles Rams,Jordan Whittington,WR,00-0039751,1.0,0.0,0.0,0.0,0.0,0.0,0.0,0.0,0.0,0.0,0.0,0.0,0.0,64.0,32.95,28.8,217.5,123.8,2.1519825586135144,0.8391019525628294,0.8236800000000001,1.0,1.0,jordan whittington,jordanwhittington,jwhittington,Los Angeles Rams,00-0039751,0.0,0.0,0.0,0.0,1.0,5.0,0.0,0.0,0.0,0.0,0.0,J.Whittington,LA,team_norm & _alias_init_last,0.0,0.0,0.0,0.0,-1.0,-5.0,0.0,0.0,0.0,0.0,0.0
2025,1,0.0,2025_01_HOU_LA,Los Angeles Rams,Konata Mumpfield,WR,00-0040590,1.0,0.0,0.0,0.0,0.0,0.0,0.0,0.0,0.0,0.0,0.0,0.0,0.0,64.0,32.95,28.8,217.5,123.8,2.1519825586135144,0.8391019525628294,0.8236800000000001,1.0,1.0,konata mumpfield,konatamumpfield,kmumpfield,Los Angeles Rams,00-0040590,,,,,,,,,,,,,,,,,,,,,,,,,
2025,1,0.0,2025_01_KC_LAC,Kansas City Chiefs,Patrick Mahomes,QB,00-0033873,1.0,34.83,215.9,1.9,0.82,5.68,22.8,0.15,0.0,0.0,0.0,0.0,0.1376,64.0,32.95,28.8,217.5,123.8,1.8681733392169388,0.7284389412861805,0.8236800000000001,1.0,1.0,patrick mahomes,patrickmahomes,pmahomes,Kansas City Chiefs,00-0033873,48.0,258.0,1.0,0.0,0.0,0.0,0.0,0.0,0.0,0.0,0.0,P.Mahomes,KC,team_norm & _alias_init_last,-13.170000000000002,-42.099999999999994,0.8999999999999999,0.82,5.68,22.8,0.15,0.0,0.0,0.0,0.0
2025,1,0.0,2025_01_KC_LAC,Kansas City Chiefs,Isiah Pacheco,RB,00-0037197,1.0,0.0,0.0,0.0,0.0,14.97,50.5,0.47,3.17,2.44,13.4,0.18,0.4762,64.0,32.95,28.8,217.5,123.8,1.8681733392169388,0.7284389412861805,0.8236800000000001,1.0,1.0,isiah pacheco,isiahpacheco,ipacheco,Kansas City Chiefs,00-0037197,0.0,0.0,0.0,0.0,6.0,25.0,0.0,3.0,2.0,3.0,0.0,I.Pacheco,KC,team_norm & _alias_init_last,0.0,0.0,0.0,0.0,8.97,25.5,0.47,0.16999999999999993,0.43999999999999995,10.4,0.18
2025,1,0.0,2025_01_KC_LAC,Kansas City Chiefs,Kareem Hunt,RB,00-0033923,1.0,0.0,0.0,0.0,0.0,8.15,27.8,0.17,1.97,1.36,8.1,0.12,0.2516,64.0,32.95,28.8,217.5,123.8,1.8681733392169388,0.7284389412861805,0.8236800000000001,1.0,1.0,kareem hunt,kareemhunt,khunt,Kansas City Chiefs,00-0033923,0.0,0.0,0.0,0.0,5.0,16.0,0.0,3.0,2.0,10.0,0.0,K.Hunt,KC,team_norm & _alias_init_last,0.0,0.0,0.0,0.0,3.1500000000000004,11.8,0.17,-1.03,-0.6399999999999999,-1.9000000000000004,0.12
2025,1,0.0,2025_01_KC_LAC,Kansas City Chiefs,Brashard Smith,RB,00-0040078,1.0,0.0,0.0,0.0,0.0,0.0,0.0,0.0,0.0,0.0,0.0,0.0,0.0,64.0,32.95,28.8,217.5,123.8,1.8681733392169388,0.7284389412861805,0.8236800000000001,1.0,1.0,brashard smith,brashardsmith,bsmith,Kansas City Chiefs,00-0040078,,,,,,,,,,,,,,,,,,,,,,,,,
2025,1,0.0,2025_01_KC_LAC,Kansas City Chiefs,Travis Kelce,TE,00-0030506,1.0,0.0,0.0,0.0,0.0,0.0,0.0,0.0,3.17,2.19,13.8,0.17,0.1547,64.0,32.95,28.8,217.5,123.8,1.8681733392169388,0.7284389412861805,0.8236800000000001,1.0,1.0,travis kelce,traviskelce,tkelce,Kansas City Chiefs,00-0030506,0.0,0.0,0.0,0.0,0.0,0.0,0.0,4.0,2.0,47.0,1.0,T.Kelce,KC,team_norm & _alias_init_last,0.0,0.0,0.0,0.0,0.0,0.0,0.0,-0.8300000000000001,0.18999999999999995,-33.2,-0.83
2025,1,0.0,2025_01_KC_LAC,Kansas City Chiefs,Geor'Quarius Spivey,TE,00-0039941,0.0,0.0,0.0,0.0,0.0,0.0,0.0,0.0,0.0,0.0,0.0,0.0,0.0,64.0,32.95,28.8,217.5,123.8,1.8681733392169388,0.7284389412861805,0.8236800000000001,0.0,0.0,geor'quarius spivey,georquariusspivey,gspivey,Kansas City Chiefs,00-0039941,,,,,,,,,,,,,,,,,,,,,,,,,
2025,1,0.0,2025_01_KC_LAC,Kansas City Chiefs,Jake Briningstool,TE,00-0040081,0.0,0.0,0.0,0.0,0.0,0.0,0.0,0.0,0.0,0.0,0.0,0.0,0.0,64.0,32.95,28.8,217.5,123.8,1.8681733392169388,0.7284389412861805,0.8236800000000001,0.0,0.0,jake briningstool,jakebriningstool,jbriningstool,Kansas City Chiefs,00-0040081,,,,,,,,,,,,,,,,,,,,,,,,,
2025,1,0.0,2025_01_KC_LAC,Kansas City Chiefs,Jared Wiley,TE,00-0039824,1.0,0.0,0.0,0.0,0.0,0.0,0.0,0.0,0.0,0.0,0.0,0.0,0.0,64.0,32.95,28.8,217.5,123.8,1.8681733392169388,0.7284389412861805,0.8236800000000001,0.0,0.0,jared wiley,jaredwiley,jwiley,Kansas City Chiefs,00-0039824,,,,,,,,,,,,,,,,,,,,,,,,,
2025,1,0.0,2025_01_KC_LAC,Kansas City Chiefs,Noah Gray,TE,00-0036637,1.0,0.0,0.0,0.0,0.0,0.0,0.0,0.0,0.0,0.0,0.0,0.0,0.0,64.0,32.95,28.8,217.5,123.8,1.8681733392169388,0.7284389412861805,0.8236800000000001,1.0,1.0,noah gray,noahgray,ngray,Kansas City Chiefs,00-0036637,0.0,0.0,0.0,0.0,0.0,0.0,0.0,2.0,1.0,3.0,0.0,N.Gray,KC,team_norm & _alias_init_last,0.0,0.0,0.0,0.0,0.0,0.0,0.0,-2.0,-1.0,-3.0,0.0
2025,1,0.0,2025_01_KC_LAC,Kansas City Chiefs,Robert Tonyan,TE,00-0033757,1.0,0.0,0.0,0.0,0.0,0.0,0.0,0.0,0.0,0.0,0.0,0.0,0.0,64.0,32.95,28.8,217.5,123.8,1.8681733392169388,0.7284389412861805,0.8236800000000001,1.0,1.0,robert tonyan,roberttonyan,rtonyan,Kansas City Chiefs,00-0033757,,,,,,,,,,,,,,,,,,,,,,,,,
2025,1,0.0,2025_01_KC_LAC,Kansas City Chiefs,Xavier Worthy,WR,00-0039894,1.0,0.0,0.0,0.0,0.0,0.0,0.0,0.0,9.68,5.89,49.5,0.53,0.4125,64.0,32.95,28.8,217.5,123.8,1.8681733392169388,0.7284389412861805,0.8236800000000001,1.0,1.0,xavier worthy,xavierworthy,xworthy,Kansas City Chiefs,00-0039894,0.0,0.0,0.0,0.0,1.0,0.0,0.0,1.0,0.0,0.0,0.0,X.Worthy,KC,team_norm & _alias_init_last,0.0,0.0,0.0,0.0,-1.0,0.0,0.0,8.68,5.89,49.5,0.53
2025,1,0.0,2025_01_KC_LAC,Kansas City Chiefs,Marquise Brown,WR,00-0035662,1.0,0.0,0.0,0.0,0.0,0.0,0.0,0.0,7.29,3.87,32.8,0.38,0.3194,64.0,32.95,28.8,217.5,123.8,1.8681733392169388,0.7284389412861805,0.8236800000000001,1.0,1.0,marquise brown,marquisebrown,mbrown,Kansas City Chiefs,00-0035662,0.0,0.0,0.0,0.0,0.0,0.0,0.0,16.0,10.0,99.0,0.0,M.Brown,KC,team_norm & _alias_init_last,0.0,0.0,0.0,0.0,0.0,0.0,0.0,-8.71,-6.13,-66.2,0.38
2025,1,0.0,2025_01_KC_LAC,Kansas City Chiefs,Tyquan Thornton,WR,00-0038104,1.0,0.0,0.0,0.0,0.0,0.0,0.0,0.0,4.86,2.54,24.4,0.25,0.2246,64.0,32.95,28.8,217.5,123.8,1.8681733392169388,0.7284389412861805,0.8236800000000001,1.0,1.0,tyquan thornton,tyquanthornton,tthornton,Kansas City Chiefs,00-0038104,0.0,0.0,0.0,0.0,0.0,0.0,0.0,4.0,2.0,41.0,0.0,T.Thornton,KC,team_norm & _alias_init_last,0.0,0.0,0.0,0.0,0.0,0.0,0.0,0.8600000000000003,0.54,-16.6,0.25
2025,1,0.0,2025_01_KC_LAC,Kansas City Chiefs,JuJu Smith-Schuster,WR,00-0033857,1.0,0.0,0.0,0.0,0.0,0.0,0.0,0.0,2.23,1.5,10.7,0.12,0.1156,64.0,32.95,28.8,217.5,123.8,1.8681733392169388,0.7284389412861805,0.8236800000000001,1.0,1.0,juju smith-schuster,jujusmithschuster,jsmithschuster,Kansas City Chiefs,00-0033857,0.0,0.0,0.0,0.0,0.0,0.0,0.0,5.0,5.0,55.0,0.0,J.Smith-Schuster,KC,team_norm & _alias_init_last,0.0,0.0,0.0,0.0,0.0,0.0,0.0,-2.77,-3.5,-44.3,0.12
2025,1,0.0,2025_01_KC_LAC,Kansas City Chiefs,Jason Brownlee,WR,00-0038492,1.0,0.0,0.0,0.0,0.0,0.0,0.0,0.0,0.58,0.35,4.7,0.03,0.0329,64.0,32.95,28.8,217.5,123.8,1.8681733392169388,0.7284389412861805,0.8236800000000001,1.0,1.0,jason brownlee,jasonbrownlee,jbrownlee,Kansas City Chiefs,00-0038492,0.0,0.0,0.0,0.0,0.0,0.0,0.0,1.0,0.0,0.0,0.0,J.Brownlee,KC,team_norm & _alias_init_last,0.0,0.0,0.0,0.0,0.0,0.0,0.0,-0.42000000000000004,0.35,4.7,0.03
2025,1,0.0,2025_01_KC_LAC,Kansas City Chiefs,Elijhah Badger,WR,00-0040080,0.0,0.0,0.0,0.0,0.0,0.0,0.0,0.0,0.0,0.0,0.0,0.0,0.0,64.0,32.95,28.8,217.5,123.8,1.8681733392169388,0.7284389412861805,0.8236800000000001,0.0,0.0,elijhah badger,elijhahbadger,ebadger,Kansas City Chiefs,00-0040080,,,,,,,,,,,,,,,,,,,,,,,,,
2025,1,0.0,2025_01_KC_LAC,Kansas City Chiefs,Jalen Royals,WR,00-0040646,1.0,0.0,0.0,0.0,0.0,0.0,0.0,0.0,0.0,0.0,0.0,0.0,0.0,64.0,32.95,28.8,217.5,123.8,1.8681733392169388,0.7284389412861805,0.8236800000000001,0.0,0.0,jalen royals,jalenroyals,jroyals,Kansas City Chiefs,00-0040646,,,,,,,,,,,,,,,,,,,,,,,,,
2025,1,0.0,2025_01_KC_LAC,Kansas City Chiefs,Nikko Remigio,WR,00-0038519,1.0,0.0,0.0,0.0,0.0,0.0,0.0,0.0,0.0,0.0,0.0,0.0,0.0,64.0,32.95,28.8,217.5,123.8,1.8681733392169388,0.7284389412861805,0.8236800000000001,1.0,1.0,nikko remigio,nikkoremigio,nremigio,Kansas City Chiefs,00-0038519,,,,,,,,,,,,,,,,,,,,,,,,,
2025,1,0.0,2025_01_KC_LAC,Los Angeles Chargers,Justin Herbert,QB,00-0036355,1.0,33.5,209.8,2.11,0.82,6.28,23.7,0.2,0.0,0.0,0.0,0.0,0.183,64.0,32.95,28.8,217.5,123.8,2.2930626573812845,0.894111964549201,0.8236800000000001,1.0,1.0,justin herbert,justinherbert,jherbert,Los Angeles Chargers,00-0036355,43.0,318.0,3.0,0.0,0.0,0.0,0.0,0.0,0.0,0.0,0.0,J.Herbert,LAC,team_norm & _alias_init_last,-9.5,-108.19999999999999,-0.8900000000000001,0.82,6.28,23.7,0.2,0.0,0.0,0.0,0.0
2025,1,0.0,2025_01_KC_LAC,Los Angeles Chargers,Omarion Hampton,RB,00-0040666,1.0,0.0,0.0,0.0,0.0,14.48,52.5,0.56,3.3,2.77,17.8,0.22,0.5443,64.0,32.95,28.8,217.5,123.8,2.2930626573812845,0.894111964549201,0.8236800000000001,1.0,1.0,omarion hampton,omarionhampton,ohampton,Los Angeles Chargers,00-0040666,0.0,0.0,0.0,0.0,16.0,48.0,0.0,2.0,2.0,13.0,0.0,O.Hampton,LAC,team_norm & _alias_init_last,0.0,0.0,0.0,0.0,-1.5199999999999996,4.5,0.56,1.2999999999999998,0.77,4.800000000000001,0.22
2025,1,0.0,2025_01_KC_LAC,Los Angeles Chargers,Najee Harris,RB,00-0036893,1.0,0.0,0.0,0.0,0.0,8.04,27.6,0.2,2.06,1.49,8.6,0.14,0.2853,64.0,32.95,28.8,217.5,123.8,2.2930626573812845,0.894111964549201,0.8236800000000001,1.0,1.0,najee harris,najeeharris,nharris,Los Angeles Chargers,00-0036893,0.0,0.0,0.0,0.0,1.0,5.0,0.0,1.0,1.0,5.0,0.0,N.Harris,LAC,team_norm & _alias_init_last,0.0,0.0,0.0,0.0,7.039999999999999,22.6,0.2,1.06,0.49,3.5999999999999996,0.14
2025,1,0.0,2025_01_KC_LAC,Los Angeles Chargers,Hassan Haskins,RB,00-0037617,1.0,0.0,0.0,0.0,0.0,0.0,0.0,0.0,0.0,0.0,0.0,0.0,0.0,64.0,32.95,28.8,217.5,123.8,2.2930626573812845,0.894111964549201,0.8236800000000001,1.0,1.0,hassan haskins,hassanhaskins,hhaskins,Los Angeles Chargers,00-0037617,,,,,,,,,,,,,,,,,,,,,,,,,
2025,1,0.0,2025_01_KC_LAC,Los Angeles Chargers,Tyler Conklin,TE,00-0034270,1.0,0.0,0.0,0.0,0.0,0.0,0.0,0.0,3.21,2.06,13.8,0.19,0.1761,64.0,32.95,28.8,217.5,123.8,2.2930626573812845,0.894111964549201,0.8236800000000001,1.0,1.0,tyler conklin,tylerconklin,tconklin,Los Angeles Chargers,00-0034270,0.0,0.0,0.0,0.0,1.0,2.0,0.0,3.0,2.0,50.0,0.0,T.Conklin,LAC,team_norm & _alias_init_last,0.0,0.0,0.0,0.0,-1.0,-2.0,0.0,0.20999999999999996,0.06000000000000005,-36.2,0.19
2025,1,0.0,2025_01_KC_LAC,Los Angeles Chargers,Oronde Gadsden II,TE,00-0040189,1.0,0.0,0.0,0.0,0.0,0.0,0.0,0.0,0.0,0.0,0.0,0.0,0.0,64.0,32.95,28.8,217.5,123.8,2.2930626573812845,0.894111964549201,0.8236800000000001,0.0,0.0,oronde gadsden ii,orondegadsdenii,ogadsden,Los Angeles Chargers,00-0040189,,,,,,,,,,,,,,,,,,,,,,,,,
2025,1,0.0,2025_01_KC_LAC,Los Angeles Chargers,Stevo Klotz,TE,00-0040469,0.0,0.0,0.0,0.0,0.0,0.0,0.0,0.0,0.0,0.0,0.0,0.0,0.0,64.0,32.95,28.8,217.5,123.8,2.2930626573812845,0.894111964549201,0.8236800000000001,0.0,0.0,stevo klotz,stevoklotz,sklotz,Los Angeles Chargers,00-0040469,,,,,,,,,,,,,,,,,,,,,,,,,
2025,1,0.0,2025_01_KC_LAC,Los Angeles Chargers,Tanner McLachlan,TE,00-0039399,0.0,0.0,0.0,0.0,0.0,0.0,0.0,0.0,0.0,0.0,0.0,0.0,0.0,64.0,32.95,28.8,217.5,123.8,2.2930626573812845,0.894111964549201,0.8236800000000001,0.0,0.0,tanner mclachlan,tannermclachlan,tmclachlan,Los Angeles Chargers,00-0039399,,,,,,,,,,,,,,,,,,,,,,,,,
2025,1,0.0,2025_01_KC_LAC,Los Angeles Chargers,Will Dissly,TE,00-0034159,1.0,0.0,0.0,0.0,0.0,0.0,0.0,0.0,0.0,0.0,0.0,0.0,0.0,64.0,32.95,28.8,217.5,123.8,2.2930626573812845,0.894111964549201,0.8236800000000001,1.0,1.0,will dissly,willdissly,wdissly,Los Angeles Chargers,00-0034159,0.0,0.0,0.0,0.0,0.0,0.0,0.0,1.0,1.0,18.0,0.0,W.Dissly,LAC,team_norm & _alias_init_last,0.0,0.0,0.0,0.0,0.0,0.0,0.0,-1.0,-1.0,-18.0,0.0
2025,1,0.0,2025_01_KC_LAC,Los Angeles Chargers,Ladd McConkey,WR,00-0039915,1.0,0.0,0.0,0.0,0.0,0.0,0.0,0.0,10.26,6.65,51.0,0.66,0.4819,64.0,32.95,28.8,217.5,123.8,2.2930626573812845,0.894111964549201,0.8236800000000001,1.0,1.0,ladd mcconkey,laddmcconkey,lmcconkey,Los Angeles Chargers,,0.0,0.0,0.0,0.0,0.0,0.0,0.0,9.0,6.0,74.0,0.0,L.McConkey,LAC,team_norm & _alias_init_last,0.0,0.0,0.0,0.0,0.0,0.0,0.0,1.2599999999999998,0.6500000000000004,-23.0,0.66
2025,1,0.0,2025_01_KC_LAC,Los Angeles Chargers,Quentin Johnston,WR,00-0038544,1.0,0.0,0.0,0.0,0.0,0.0,0.0,0.0,7.73,4.17,35.3,0.51,0.3993,64.0,32.95,28.8,217.5,123.8,2.2930626573812845,0.894111964549201,0.8236800000000001,1.0,1.0,quentin johnston,quentinjohnston,qjohnston,Los Angeles Chargers,00-0038544,0.0,0.0,0.0,0.0,0.0,0.0,0.0,7.0,5.0,79.0,2.0,Q.Johnston,LAC,team_norm & _alias_init_last,0.0,0.0,0.0,0.0,0.0,0.0,0.0,0.7300000000000004,-0.8300000000000001,-43.7,-1.49
2025,1,0.0,2025_01_KC_LAC,Los Angeles Chargers,Keenan Allen,WR,00-0030279,1.0,0.0,0.0,0.0,0.0,0.0,0.0,0.0,5.15,3.28,22.5,0.34,0.2881,64.0,32.95,28.8,217.5,123.8,2.2930626573812845,0.894111964549201,0.8236800000000001,1.0,1.0,keenan allen,keenanallen,kallen,Los Angeles Chargers,00-0030279,0.0,0.0,0.0,0.0,0.0,0.0,0.0,10.0,7.0,68.0,1.0,K.Allen,LAC,team_norm & _alias_init_last,0.0,0.0,0.0,0.0,0.0,0.0,0.0,-4.85,-3.72,-45.5,-0.6599999999999999
2025,1,0.0,2025_01_KC_LAC,Los Angeles Chargers,KeAndre Lambert-Smith,WR,00-0040184,1.0,0.0,0.0,0.0,0.0,0.0,0.0,0.0,0.62,0.33,4.7,0.04,0.0416,64.0,32.95,28.8,217.5,123.8,2.2930626573812845,0.894111964549201,0.8236800000000001,1.0,1.0,keandre lambert-smith,keandrelambertsmith,klambertsmith,Los Angeles Chargers,00-0040184,0.0,0.0,0.0,0.0,0.0,0.0,0.0,1.0,0.0,0.0,0.0,K.Lambert-Smith,LAC,team_norm & _alias_init_last,0.0,0.0,0.0,0.0,0.0,0.0,0.0,-0.38,0.33,4.7,0.04
2025,1,0.0,2025_01_KC_LAC,Los Angeles Chargers,Tre Harris,WR,00-0040727,1.0,0.0,0.0,0.0,0.0,0.0,0.0,0.0,0.62,0.42,4.0,0.04,0.0402,64.0,32.95,28.8,217.5,123.8,2.2930626573812845,0.894111964549201,0.8236800000000001,1.0,1.0,tre harris,treharris,tharris,Los Angeles Chargers,,0.0,0.0,0.0,0.0,0.0,0.0,0.0,1.0,1.0,11.0,0.0,T.Harris,LAC,team_norm & _alias_init_last,0.0,0.0,0.0,0.0,0.0,0.0,0.0,-0.38,-0.5800000000000001,-7.0,0.04
2025,1,0.0,2025_01_KC_LAC,Los Angeles Chargers,Dalevon Campbell,WR,00-0040629,0.0,0.0,0.0,0.0,0.0,0.0,0.0,0.0,0.0,0.0,0.0,0.0,0.0,64.0,32.95,28.8,217.5,123.8,2.2930626573812845,0.894111964549201,0.8236800000000001,0.0,0.0,dalevon campbell,dalevoncampbell,dcampbell,Los Angeles Chargers,00-0040629,,,,,,,,,,,,,,,,,,,,,,,,,
2025,1,0.0,2025_01_KC_LAC,Los Angeles Chargers,Derius Davis,WR,00-0038573,1.0,0.0,0.0,0.0,0.0,0.0,0.0,0.0,0.0,0.0,0.0,0.0,0.0,64.0,32.95,28.8,217.5,123.8,2.2930626573812845,0.894111964549201,0.8236800000000001,1.0,1.0,derius davis,deriusdavis,ddavis,Los Angeles Chargers,00-0038573,0.0,0.0,0.0,0.0,1.0,3.0,0.0,0.0,0.0,0.0,0.0,D.Davis,LAC,team_norm & _alias_init_last,0.0,0.0,0.0,0.0,-1.0,-3.0,0.0,0.0,0.0,0.0,0.0
2025,1,0.0,2025_01_KC_LAC,Los Angeles Chargers,JaQuae Jackson,WR,00-0039722,0.0,0.0,0.0,0.0,0.0,0.0,0.0,0.0,0.0,0.0,0.0,0.0,0.0,64.0,32.95,28.8,217.5,123.8,2.2930626573812845,0.894111964549201,0.8236800000000001,0.0,0.0,jaquae jackson,jaquaejackson,jjackson,Los Angeles Chargers,00-0039722,,,,,,,,,,,,,,,,,,,,,,,,,
2025,1,0.0,2025_01_LV_NE,Las Vegas Raiders,Geno Smith,QB,00-0030565,1.0,34.14,214.5,1.88,0.82,5.08,19.7,0.14,0.0,0.0,0.0,0.0,0.1327,64.0,32.95,28.8,217.5,123.8,2.045566909083912,0.7976083173351061,0.8236800000000001,1.0,1.0,geno smith,genosmith,gsmith,Las Vegas Raiders,,38.0,362.0,1.0,1.0,0.0,0.0,0.0,0.0,0.0,0.0,0.0,G.Smith,LV,team_norm & _alias_init_last,-3.8599999999999994,-147.5,0.8799999999999999,-0.18000000000000005,5.08,19.7,0.14,0.0,0.0,0.0,0.0
2025,1,0.0,2025_01_LV_NE,Las Vegas Raiders,Ashton Jeanty,RB,00-0040122,1.0,0.0,0.0,0.0,0.0,15.25,53.1,0.49,3.0,2.15,13.3,0.19,0.4945,64.0,32.95,28.8,217.5,123.8,2.045566909083912,0.7976083173351061,0.8236800000000001,1.0,1.0,ashton jeanty,ashtonjeanty,ajeanty,Las Vegas Raiders,00-0040122,0.0,0.0,0.0,0.0,20.0,38.0,1.0,2.0,2.0,2.0,0.0,A.Jeanty,LV,team_norm & _alias_init_last,0.0,0.0,0.0,0.0,-4.75,15.100000000000001,-0.51,1.0,0.1499999999999999,11.3,0.19
2025,1,0.0,2025_01_LV_NE,Las Vegas Raiders,Zamir White,RB,00-0038040,1.0,0.0,0.0,0.0,0.0,8.47,29.7,0.18,1.86,1.39,9.1,0.11,0.2517,64.0,32.95,28.8,217.5,123.8,2.045566909083912,0.7976083173351061,0.8236800000000001,1.0,1.0,zamir white,zamirwhite,zwhite,Las Vegas Raiders,00-0038040,0.0,0.0,0.0,0.0,3.0,8.0,0.0,0.0,0.0,0.0,0.0,Z.White,LV,team_norm & _alias_init_last,0.0,0.0,0.0,0.0,5.470000000000001,21.7,0.18,1.86,1.39,9.1,0.11
2025,1,0.0,2025_01_LV_NE,Las Vegas Raiders,Dylan Laube,RB,00-0039407,1.0,0.0,0.0,0.0,0.0,0.0,0.0,0.0,0.0,0.0,0.0,0.0,0.0,64.0,32.95,28.8,217.5,123.8,2.045566909083912,0.7976083173351061,0.8236800000000001,1.0,1.0,dylan laube,dylanlaube,dlaube,Las Vegas Raiders,00-0039407,,,,,,,,,,,,,,,,,,,,,,,,,
2025,1,0.0,2025_01_LV_NE,Las Vegas Raiders,Brock Bowers,TE,00-0039338,1.0,0.0,0.0,0.0,0.0,0.0,0.0,0.0,3.34,2.38,15.8,0.19,0.1726,64.0,32.95,28.8,217.5,123.8,2.045566909083912,0.7976083173351061,0.8236800000000001,1.0,1.0,brock bowers,brockbowers,bbowers,Las Vegas Raiders,00-0039338,0.0,0.0,0.0,0.0,0.0,0.0,0.0,8.0,5.0,103.0,0.0,B.Bowers,LV,team_norm & _alias_init_last,0.0,0.0,0.0,0.0,0.0,0.0,0.0,-4.66,-2.62,-87.2,0.19
2025,1,0.0,2025_01_LV_NE,Las Vegas Raiders,Michael Mayer,TE,00-0039066,1.0,0.0,0.0,0.0,0.0,0.0,0.0,0.0,1.14,0.77,5.4,0.07,0.0638,64.0,32.95,28.8,217.5,123.8,2.045566909083912,0.7976083173351061,0.8236800000000001,1.0,1.0,michael mayer,michaelmayer,mmayer,Las Vegas Raiders,00-0039066,0.0,0.0,0.0,0.0,0.0,0.0,0.0,4.0,4.0,38.0,0.0,M.Mayer,LV,team_norm & _alias_init_last,0.0,0.0,0.0,0.0,0.0,0.0,0.0,-2.8600000000000003,-3.23,-32.6,0.07
2025,1,0.0,2025_01_LV_NE,Las Vegas Raiders,Albert Okwuegbunam,TE,00-0036423,0.0,0.0,0.0,0.0,0.0,0.0,0.0,0.0,0.0,0.0,0.0,0.0,0.0,64.0,32.95,28.8,217.5,123.8,2.045566909083912,0.7976083173351061,0.8236800000000001,0.0,0.0,albert okwuegbunam,albertokwuegbunam,aokwuegbunam,Las Vegas Raiders,00-0036423,,,,,,,,,,,,,,,,,,,,,,,,,
2025,1,0.0,2025_01_LV_NE,Las Vegas Raiders,Carter Runyon,TE,00-0040488,0.0,0.0,0.0,0.0,0.0,0.0,0.0,0.0,0.0,0.0,0.0,0.0,0.0,64.0,32.95,28.8,217.5,123.8,2.045566909083912,0.7976083173351061,0.8236800000000001,0.0,0.0,carter runyon,carterrunyon,crunyon,Las Vegas Raiders,00-0040488,,,,,,,,,,,,,,,,,,,,,,,,,
2025,1,0.0,2025_01_LV_NE,Las Vegas Raiders,Ian Thomas,TE,00-0034365,1.0,0.0,0.0,0.0,0.0,0.0,0.0,0.0,0.0,0.0,0.0,0.0,0.0,64.0,32.95,28.8,217.5,123.8,2.045566909083912,0.7976083173351061,0.8236800000000001,1.0,1.0,ian thomas,ianthomas,ithomas,Las Vegas Raiders,00-0034365,,,,,,,,,,,,,,,,,,,,,,,,,
2025,1,0.0,2025_01_LV_NE,Las Vegas Raiders,Jakobi Meyers,WR,,1.0,0.0,0.0,0.0,0.0,0.0,0.0,0.0,7.91,4.96,74.0,0.49,0.3882,64.0,32.95,28.8,217.5,123.8,2.045566909083912,0.7976083173351061,0.8236800000000001,0.0,1.0,jakobi meyers,jakobimeyers,jmeyers,Las Vegas Raiders,,0.0,0.0,0.0,0.0,0.0,0.0,0.0,10.0,8.0,97.0,0.0,J.Meyers,LV,team_norm & _alias_init_last,0.0,0.0,0.0,0.0,0.0,0.0,0.0,-2.09,-3.04,-23.0,0.49
2025,1,0.0,2025_01_LV_NE,Las Vegas Raiders,Tre Tucker,WR,00-0038563,1.0,0.0,0.0,0.0,0.0,0.0,0.0,0.0,5.96,3.29,28.4,0.34,0.2868,64.0,32.95,28.8,217.5,123.8,2.045566909083912,0.7976083173351061,0.8236800000000001,1.0,1.0,tre tucker,tretucker,ttucker,Las Vegas Raiders,00-0038563,0.0,0.0,0.0,0.0,0.0,0.0,0.0,3.0,2.0,54.0,1.0,T.Tucker,LV,team_norm & _alias_init_last,0.0,0.0,0.0,0.0,0.0,0.0,0.0,2.96,1.29,-25.6,-0.6599999999999999
2025,1,0.0,2025_01_LV_NE,Las Vegas Raiders,J.Meyers,WR,,0.0,0.0,0.0,0.0,0.0,0.0,0.0,0.0,4.32,2.61,38.8,0.27,0.2351,64.0,32.95,28.8,217.5,123.8,2.045566909083912,0.7976083173351061,0.8236800000000001,0.0,0.0,j.meyers,jmeyers,jmeyers,Las Vegas Raiders,,0.0,0.0,0.0,0.0,0.0,0.0,0.0,10.0,8.0,97.0,0.0,J.Meyers,LV,team_norm & _name_norm_loose,0.0,0.0,0.0,0.0,0.0,0.0,0.0,-5.68,-5.390000000000001,-58.2,0.27
2025,1,0.0,2025_01_LV_NE,Las Vegas Raiders,Dont'e Thornton Jr.,WR,00-0040581,1.0,0.0,0.0,0.0,0.0,0.0,0.0,0.0,3.97,1.95,25.3,0.23,0.2075,64.0,32.95,28.8,217.5,123.8,2.045566909083912,0.7976083173351061,0.8236800000000001,1.0,1.0,dont'e thornton jr.,dontethorntonjr,dthornton,Las Vegas Raiders,00-0040581,0.0,0.0,0.0,0.0,0.0,0.0,0.0,4.0,2.0,45.0,0.0,D.Thornton,LV,team_norm & _alias_init_last,0.0,0.0,0.0,0.0,0.0,0.0,0.0,-0.029999999999999805,-0.050000000000000044,-19.7,0.23
2025,1,0.0,2025_01_LV_NE,Las Vegas Raiders,Alex Bachman,WR,00-0035602,1.0,0.0,0.0,0.0,0.0,0.0,0.0,0.0,0.47,0.31,4.0,0.03,0.0288,64.0,32.95,28.8,217.5,123.8,2.045566909083912,0.7976083173351061,0.8236800000000001,1.0,1.0,alex bachman,alexbachman,abachman,Las Vegas Raiders,00-0035602,0.0,0.0,0.0,0.0,0.0,0.0,0.0,1.0,0.0,0.0,0.0,A.Bachman,LV,team_norm & _alias_init_last,0.0,0.0,0.0,0.0,0.0,0.0,0.0,-0.53,0.31,4.0,0.03
2025,1,0.0,2025_01_LV_NE,Las Vegas Raiders,Jack Bech,WR,00-0040729,1.0,0.0,0.0,0.0,0.0,0.0,0.0,0.0,0.47,0.31,3.3,0.03,0.0283,64.0,32.95,28.8,217.5,123.8,2.045566909083912,0.7976083173351061,0.8236800000000001,1.0,1.0,jack bech,jackbech,jbech,Las Vegas Raiders,00-0040729,0.0,0.0,0.0,0.0,0.0,0.0,0.0,1.0,1.0,23.0,0.0,J.Bech,LV,team_norm & _alias_init_last,0.0,0.0,0.0,0.0,0.0,0.0,0.0,-0.53,-0.69,-19.7,0.03
2025,1,0.0,2025_01_LV_NE,Las Vegas Raiders,Amari Cooper,WR,00-0031544,1.0,0.0,0.0,0.0,0.0,0.0,0.0,0.0,0.0,0.0,0.0,0.0,0.0,64.0,32.95,28.8,217.5,123.8,2.045566909083912,0.7976083173351061,0.8236800000000001,1.0,1.0,amari cooper,amaricooper,acooper,Las Vegas Raiders,00-0031544,,,,,,,,,,,,,,,,,,,,,,,,,
2025,1,0.0,2025_01_LV_NE,Las Vegas Raiders,Brenden Rice,WR,00-0039415,0.0,0.0,0.0,0.0,0.0,0.0,0.0,0.0,0.0,0.0,0.0,0.0,0.0,64.0,32.95,28.8,217.5,123.8,2.045566909083912,0.7976083173351061,0.8236800000000001,0.0,0.0,brenden rice,brendenrice,brice,Las Vegas Raiders,00-0039415,,,,,,,,,,,,,,,,,,,,,,,,,
2025,1,0.0,2025_01_LV_NE,Las Vegas Raiders,Justin Shorter,WR,00-0038590,1.0,0.0,0.0,0.0,0.0,0.0,0.0,0.0,0.0,0.0,0.0,0.0,0.0,64.0,32.95,28.8,217.5,123.8,2.045566909083912,0.7976083173351061,0.8236800000000001,1.0,1.0,justin shorter,justinshorter,jshorter,Las Vegas Raiders,00-0038590,,,,,,,,,,,,,,,,,,,,,,,,,
2025,1,0.0,2025_01_LV_NE,New England Patriots,Drake Maye,QB,00-0039851,1.0,31.51,191.7,1.68,0.82,6.13,23.6,0.15,0.0,0.0,0.0,0.0,0.1428,64.0,32.95,28.8,217.5,123.8,1.8218214605443783,0.710365397082291,0.8236800000000001,1.0,1.0,drake maye,drakemaye,dmaye,New England Patriots,00-0039851,54.0,287.0,1.0,1.0,1.0,4.0,0.0,1.0,1.0,2.0,0.0,D.Maye,NE,team_norm & _alias_init_last,-22.49,-95.30000000000001,0.6799999999999999,-0.18000000000000005,5.13,19.6,0.15,-1.0,-1.0,-2.0,0.0
2025,1,0.0,2025_01_LV_NE,New England Patriots,Rhamondre Stevenson,RB,00-0036875,1.0,0.0,0.0,0.0,0.0,13.82,48.3,0.42,3.11,2.28,12.9,0.17,0.448,64.0,32.95,28.8,217.5,123.8,1.8218214605443783,0.710365397082291,0.8236800000000001,1.0,1.0,rhamondre stevenson,rhamondrestevenson,rstevenson,New England Patriots,00-0036875,0.0,0.0,0.0,0.0,7.0,15.0,0.0,3.0,2.0,12.0,0.0,R.Stevenson,NE,team_norm & _alias_init_last,0.0,0.0,0.0,0.0,6.82,33.3,0.42,0.10999999999999988,0.2799999999999998,0.9000000000000004,0.17
2025,1,0.0,2025_01_LV_NE,New England Patriots,TreVeyon Henderson,RB,00-0040734,1.0,0.0,0.0,0.0,0.0,7.68,27.8,0.15,1.94,1.53,9.1,0.11,0.2264,64.0,32.95,28.8,217.5,123.8,1.8218214605443783,0.710365397082291,0.8236800000000001,1.0,1.0,treveyon henderson,treveyonhenderson,thenderson,New England Patriots,00-0040734,0.0,0.0,0.0,0.0,7.0,27.0,0.0,6.0,6.0,24.0,0.0,T.Henderson,NE,team_norm & _alias_init_last,0.0,0.0,0.0,0.0,0.6799999999999997,0.8000000000000007,0.15,-4.0600000000000005,-4.47,-14.9,0.11
2025,1,0.0,2025_01_LV_NE,New England Patriots,Antonio Gibson,RB,00-0036328,1.0,0.0,0.0,0.0,0.0,1.18,4.0,0.02,0.46,0.34,1.9,0.02,0.0474,64.0,32.95,28.8,217.5,123.8,1.8218214605443783,0.710365397082291,0.8236800000000001,1.0,1.0,antonio gibson,antoniogibson,agibson,New England Patriots,00-0036328,0.0,0.0,0.0,0.0,1.0,3.0,0.0,1.0,0.0,0.0,0.0,A.Gibson,NE,team_norm & _alias_init_last,0.0,0.0,0.0,0.0,0.17999999999999994,1.0,0.02,-0.54,0.34,1.9,0.02
2025,1,0.0,2025_01_LV_NE,New England Patriots,Hunter Henry,TE,00-0033090,1.0,0.0,0.0,0.0,0.0,0.0,0.0,0.0,3.19,2.16,14.5,0.16,0.152,64.0,32.95,28.8,217.5,123.8,1.8218214605443783,0.710365397082291,0.8236800000000001,1.0,1.0,hunter henry,hunterhenry,hhenry,New England Patriots,00-0033090,0.0,0.0,0.0,0.0,0.0,0.0,0.0,8.0,4.0,66.0,0.0,H.Henry,NE,team_norm & _alias_init_last,0.0,0.0,0.0,0.0,0.0,0.0,0.0,-4.8100000000000005,-1.8399999999999999,-51.5,0.16
2025,1,0.0,2025_01_LV_NE,New England Patriots,Austin Hooper,TE,00-0032392,1.0,0.0,0.0,0.0,0.0,0.0,0.0,0.0,0.0,0.0,0.0,0.0,0.0,64.0,32.95,28.8,217.5,123.8,1.8218214605443783,0.710365397082291,0.8236800000000001,1.0,1.0,austin hooper,austinhooper,ahooper,New England Patriots,00-0032392,0.0,0.0,0.0,0.0,0.0,0.0,0.0,1.0,1.0,10.0,0.0,A.Hooper,NE,team_norm & _alias_init_last,0.0,0.0,0.0,0.0,0.0,0.0,0.0,-1.0,-1.0,-10.0,0.0
2025,1,0.0,2025_01_LV_NE,New England Patriots,CJ Dippre,TE,00-0040566,0.0,0.0,0.0,0.0,0.0,0.0,0.0,0.0,0.0,0.0,0.0,0.0,0.0,64.0,32.95,28.8,217.5,123.8,1.8218214605443783,0.710365397082291,0.8236800000000001,0.0,0.0,cj dippre,cjdippre,cdippre,New England Patriots,00-0040566,,,,,,,,,,,,,,,,,,,,,,,,,
2025,1,0.0,2025_01_LV_NE,New England Patriots,Cole Fotheringham,TE,00-0037506,0.0,0.0,0.0,0.0,0.0,0.0,0.0,0.0,0.0,0.0,0.0,0.0,0.0,64.0,32.95,28.8,217.5,123.8,1.8218214605443783,0.710365397082291,0.8236800000000001,0.0,0.0,cole fotheringham,colefotheringham,cfotheringham,New England Patriots,00-0037506,,,,,,,,,,,,,,,,,,,,,,,,,
2025,1,0.0,2025_01_LV_NE,New England Patriots,Stefon Diggs,WR,00-0031588,1.0,0.0,0.0,0.0,0.0,0.0,0.0,0.0,9.35,6.4,45.8,0.48,0.3799,64.0,32.95,28.8,217.5,123.8,1.8218214605443783,0.710365397082291,0.8236800000000001,1.0,1.0,stefon diggs,stefondiggs,sdiggs,New England Patriots,00-0031588,0.0,0.0,0.0,0.0,0.0,0.0,0.0,7.0,6.0,57.0,0.0,S.Diggs,NE,team_norm & _alias_init_last,0.0,0.0,0.0,0.0,0.0,0.0,0.0,2.3499999999999996,0.40000000000000036,-11.200000000000003,0.48
2025,1,0.0,2025_01_LV_NE,New England Patriots,Kayshon Boutte,WR,00-0038608,1.0,0.0,0.0,0.0,0.0,0.0,0.0,0.0,7.04,4.14,35.7,0.36,0.3018,64.0,32.95,28.8,217.5,123.8,1.8218214605443783,0.710365397082291,0.8236800000000001,1.0,1.0,kayshon boutte,kayshonboutte,kboutte,New England Patriots,00-0038608,0.0,0.0,0.0,0.0,0.0,0.0,0.0,8.0,6.0,103.0,0.0,K.Boutte,NE,team_norm & _alias_init_last,0.0,0.0,0.0,0.0,0.0,0.0,0.0,-0.96,-1.8600000000000003,-67.3,0.36
2025,1,0.0,2025_01_LV_NE,New England Patriots,Mack Hollins,WR,00-0033555,1.0,0.0,0.0,0.0,0.0,0.0,0.0,0.0,4.69,2.82,21.6,0.24,0.2137,64.0,32.95,28.8,217.5,123.8,1.8218214605443783,0.710365397082291,0.8236800000000001,1.0,1.0,mack hollins,mackhollins,mhollins,New England Patriots,00-0033555,0.0,0.0,0.0,0.0,0.0,0.0,0.0,3.0,1.0,3.0,0.0,M.Hollins,NE,team_norm & _alias_init_last,0.0,0.0,0.0,0.0,0.0,0.0,0.0,1.6900000000000004,1.8199999999999998,18.6,0.24
2025,1,0.0,2025_01_LV_NE,New England Patriots,DeMario Douglas,WR,00-0038621,1.0,0.0,0.0,0.0,0.0,0.0,0.0,0.0,2.62,1.67,13.5,0.13,0.1237,64.0,32.95,28.8,217.5,123.8,1.8218214605443783,0.710365397082291,0.8236800000000001,1.0,1.0,demario douglas,demariodouglas,ddouglas,New England Patriots,00-0038621,0.0,0.0,0.0,0.0,1.0,4.0,0.0,7.0,2.0,-2.0,1.0,D.Douglas,NE,team_norm & _alias_init_last,0.0,0.0,0.0,0.0,-1.0,-4.0,0.0,-4.38,-0.33000000000000007,15.5,-0.87
2025,1,0.0,2025_01_LV_NE,New England Patriots,Kyle Williams,WR,00-0040131,1.0,0.0,0.0,0.0,0.0,0.0,0.0,0.0,0.56,0.31,4.1,0.03,0.0289,64.0,32.95,28.8,217.5,123.8,1.8218214605443783,0.710365397082291,0.8236800000000001,1.0,1.0,kyle williams,kylewilliams,kwilliams,New England Patriots,00-0040131,0.0,0.0,0.0,0.0,0.0,0.0,0.0,1.0,1.0,12.0,0.0,K.Williams,NE,team_norm & _alias_init_last,0.0,0.0,0.0,0.0,0.0,0.0,0.0,-0.43999999999999995,-0.69,-7.9,0.03
2025,1,0.0,2025_01_LV_NE,New England Patriots,Brandon Smith,WR,00-0036775,0.0,0.0,0.0,0.0,0.0,0.0,0.0,0.0,0.0,0.0,0.0,0.0,0.0,64.0,32.95,28.8,217.5,123.8,1.8218214605443783,0.710365397082291,0.8236800000000001,0.0,0.0,brandon smith,brandonsmith,bsmith,New England Patriots,00-0036775,,,,,,,,,,,,,,,,,,,,,,,,,
2025,1,0.0,2025_01_LV_NE,New England Patriots,Efton Chism III,WR,00-0040563,1.0,0.0,0.0,0.0,0.0,0.0,0.0,0.0,0.0,0.0,0.0,0.0,0.0,64.0,32.95,28.8,217.5,123.8,1.8218214605443783,0.710365397082291,0.8236800000000001,0.0,0.0,efton chism iii,eftonchismiii,echism,New England Patriots,00-0040563,,,,,,,,,,,,,,,,,,,,,,,,,
2025,1,0.0,2025_01_MIA_IND,Indianapolis Colts,Daniel Jones,QB,00-0035710,1.0,33.8,205.0,1.46,0.82,8.93,32.1,0.18,0.0,0.0,0.0,0.0,0.1652,64.0,32.95,28.8,217.5,123.8,1.5529778501636755,0.6055377824245631,0.8236800000000001,1.0,1.0,daniel jones,danieljones,djones,Indianapolis Colts,00-0035710,34.0,272.0,1.0,0.0,4.0,6.0,2.0,0.0,0.0,0.0,0.0,D.Jones,IND,team_norm & _alias_init_last,-0.20000000000000284,-67.0,0.45999999999999996,0.82,4.93,26.1,-1.82,0.0,0.0,0.0,0.0
2025,1,0.0,2025_01_MIA_IND,Indianapolis Colts,Jonathan Taylor,RB,00-0036223,1.0,0.0,0.0,0.0,0.0,12.47,43.1,0.35,2.99,2.06,13.7,0.14,0.3879,64.0,32.95,28.8,217.5,123.8,1.5529778501636755,0.6055377824245631,0.8236800000000001,1.0,1.0,jonathan taylor,jonathantaylor,jtaylor,Indianapolis Colts,00-0036223,0.0,0.0,0.0,0.0,19.0,71.0,0.0,3.0,3.0,27.0,0.0,J.Taylor,IND,team_norm & _alias_init_last,0.0,0.0,0.0,0.0,-6.529999999999999,-27.9,0.35,-0.009999999999999787,-0.94,-13.3,0.14
2025,1,0.0,2025_01_MIA_IND,Indianapolis Colts,DJ Giddens,RB,00-0040179,1.0,0.0,0.0,0.0,0.0,6.93,27.9,0.12,1.86,1.34,12.2,0.09,0.188,64.0,32.95,28.8,217.5,123.8,1.5529778501636755,0.6055377824245631,0.8236800000000001,1.0,1.0,dj giddens,djgiddens,dgiddens,Indianapolis Colts,00-0040179,0.0,0.0,0.0,0.0,13.0,41.0,0.0,0.0,0.0,0.0,0.0,D.Giddens,IND,team_norm & _alias_init_last,0.0,0.0,0.0,0.0,-6.07,-13.100000000000001,0.12,1.86,1.34,12.2,0.09
2025,1,0.0,2025_01_MIA_IND,Indianapolis Colts,Ulysses Bentley IV,RB,00-0040476,1.0,0.0,0.0,0.0,0.0,0.48,2.0,0.01,0.0,0.0,0.0,0.0,0.0,64.0,32.95,28.8,217.5,123.8,1.5529778501636755,0.6055377824245631,0.8236800000000001,1.0,1.0,ulysses bentley iv,ulyssesbentleyiv,ubentley,Indianapolis Colts,00-0040476,0.0,0.0,0.0,0.0,1.0,0.0,0.0,0.0,0.0,0.0,0.0,U.Bentley,IND,team_norm & _alias_init_last,0.0,0.0,0.0,0.0,-0.52,2.0,0.01,0.0,0.0,0.0,0.0
2025,1,0.0,2025_01_MIA_IND,Indianapolis Colts,Tyler Warren,TE,00-0040128,1.0,0.0,0.0,0.0,0.0,0.0,0.0,0.0,3.36,2.11,17.0,0.15,0.1423,64.0,32.95,28.8,217.5,123.8,1.5529778501636755,0.6055377824245631,0.8236800000000001,1.0,1.0,tyler warren,tylerwarren,twarren,Indianapolis Colts,00-0040128,0.0,0.0,0.0,0.0,1.0,3.0,0.0,10.0,7.0,76.0,0.0,T.Warren,IND,team_norm & _alias_init_last,0.0,0.0,0.0,0.0,-1.0,-3.0,0.0,-6.640000000000001,-4.890000000000001,-59.0,0.15
2025,1,0.0,2025_01_MIA_IND,Indianapolis Colts,Andrew Ogletree,TE,00-0037292,1.0,0.0,0.0,0.0,0.0,0.0,0.0,0.0,0.0,0.0,0.0,0.0,0.0,64.0,32.95,28.8,217.5,123.8,1.5529778501636755,0.6055377824245631,0.8236800000000001,1.0,1.0,andrew ogletree,andrewogletree,aogletree,Indianapolis Colts,00-0037292,,,,,,,,,,,,,,,,,,,,,,,,,
2025,1,0.0,2025_01_MIA_IND,Indianapolis Colts,Mo Alie-Cox,TE,00-0033217,1.0,0.0,0.0,0.0,0.0,0.0,0.0,0.0,0.0,0.0,0.0,0.0,0.0,64.0,32.95,28.8,217.5,123.8,1.5529778501636755,0.6055377824245631,0.8236800000000001,1.0,1.0,mo alie-cox,moaliecox,maliecox,Indianapolis Colts,00-0033217,0.0,0.0,0.0,0.0,0.0,0.0,0.0,1.0,1.0,20.0,0.0,M.Alie-Cox,IND,team_norm & _alias_init_last,0.0,0.0,0.0,0.0,0.0,0.0,0.0,-1.0,-1.0,-20.0,0.0
2025,1,0.0,2025_01_MIA_IND,Indianapolis Colts,Sean McKeon,TE,00-0036032,0.0,0.0,0.0,0.0,0.0,0.0,0.0,0.0,0.0,0.0,0.0,0.0,0.0,64.0,32.95,28.8,217.5,123.8,1.5529778501636755,0.6055377824245631,0.8236800000000001,0.0,0.0,sean mckeon,seanmckeon,smckeon,Indianapolis Colts,00-0036032,,,,,,,,,,,,,,,,,,,,,,,,,
2025,1,0.0,2025_01_MIA_IND,Indianapolis Colts,Michael Pittman Jr.,WR,,0.0,0.0,0.0,0.0,0.0,0.0,0.0,0.0,8.43,5.18,78.8,0.4,0.328,64.0,32.95,28.8,217.5,123.8,1.5529778501636755,0.6055377824245631,0.8236800000000001,0.0,0.0,michael pittman jr.,michaelpittmanjr,mpittman,Indianapolis Colts,00-0036252,0.0,0.0,0.0,0.0,0.0,0.0,0.0,8.0,6.0,80.0,1.0,M.Pittman,IND,team_norm & _alias_init_last,0.0,0.0,0.0,0.0,0.0,0.0,0.0,0.4299999999999997,-0.8200000000000003,-1.2000000000000028,-0.6
2025,1,0.0,2025_01_MIA_IND,Indianapolis Colts,Alec Pierce,WR,00-0037664,1.0,0.0,0.0,0.0,0.0,0.0,0.0,0.0,6.35,3.2,30.9,0.27,0.2382,64.0,32.95,28.8,217.5,123.8,1.5529778501636755,0.6055377824245631,0.8236800000000001,1.0,1.0,alec pierce,alecpierce,apierce,Indianapolis Colts,00-0037664,0.0,0.0,0.0,0.0,0.0,0.0,0.0,3.0,1.0,36.0,0.0,A.Pierce,IND,team_norm & _alias_init_last,0.0,0.0,0.0,0.0,0.0,0.0,0.0,3.3499999999999996,2.2,-5.100000000000001,0.27
2025,1,0.0,2025_01_MIA_IND,Indianapolis Colts,Josh Downs,WR,00-0038997,1.0,0.0,0.0,0.0,0.0,0.0,0.0,0.0,4.23,2.65,18.9,0.19,0.171,64.0,32.95,28.8,217.5,123.8,1.5529778501636755,0.6055377824245631,0.8236800000000001,1.0,1.0,josh downs,joshdowns,jdowns,Indianapolis Colts,00-0038997,0.0,0.0,0.0,0.0,0.0,0.0,0.0,3.0,2.0,12.0,0.0,J.Downs,IND,team_norm & _alias_init_last,0.0,0.0,0.0,0.0,0.0,0.0,0.0,1.2300000000000004,0.6499999999999999,6.899999999999999,0.19
2025,1,0.0,2025_01_MIA_IND,Indianapolis Colts,Michael Pittman,WR,00-0036252,1.0,0.0,0.0,0.0,0.0,0.0,0.0,0.0,4.19,2.8,20.6,0.18,0.1683,64.0,32.95,28.8,217.5,123.8,1.5529778501636755,0.6055377824245631,0.8236800000000001,1.0,1.0,michael pittman,michaelpittman,mpittman,Indianapolis Colts,00-0036252,0.0,0.0,0.0,0.0,0.0,0.0,0.0,8.0,6.0,80.0,1.0,M.Pittman,IND,team_norm & _alias_init_last,0.0,0.0,0.0,0.0,0.0,0.0,0.0,-3.8099999999999996,-3.2,-59.4,-0.8200000000000001
2025,1,0.0,2025_01_MIA_IND,Indianapolis Colts,A.Mitchell,WR,,0.0,0.0,0.0,0.0,0.0,0.0,0.0,0.0,1.05,0.64,9.8,0.05,0.0481,64.0,32.95,28.8,217.5,123.8,1.5529778501636755,0.6055377824245631,0.8236800000000001,0.0,0.0,a.mitchell,amitchell,amitchell,Indianapolis Colts,,0.0,0.0,0.0,0.0,0.0,0.0,0.0,2.0,2.0,21.0,0.0,A.Mitchell,IND,team_norm & _name_norm_loose,0.0,0.0,0.0,0.0,0.0,0.0,0.0,-0.95,-1.3599999999999999,-11.2,0.05
2025,1,0.0,2025_01_MIA_IND,Indianapolis Colts,Ajou Ajou,WR,00-0039957,0.0,0.0,0.0,0.0,0.0,0.0,0.0,0.0,0.0,0.0,0.0,0.0,0.0,64.0,32.95,28.8,217.5,123.8,1.5529778501636755,0.6055377824245631,0.8236800000000001,0.0,0.0,ajou ajou,ajouajou,aajou,Indianapolis Colts,00-0039957,,,,,,,,,,,,,,,,,,,,,,,,,
2025,1,0.0,2025_01_MIA_IND,Indianapolis Colts,Anthony Gould,WR,00-0039816,1.0,0.0,0.0,0.0,0.0,0.0,0.0,0.0,0.0,0.0,0.0,0.0,0.0,64.0,32.95,28.8,217.5,123.8,1.5529778501636755,0.6055377824245631,0.8236800000000001,1.0,1.0,anthony gould,anthonygould,agould,Indianapolis Colts,00-0039816,,,,,,,,,,,,,,,,,,,,,,,,,
2025,1,0.0,2025_01_MIA_IND,Indianapolis Colts,Ashton Dulin,WR,00-0035021,1.0,0.0,0.0,0.0,0.0,0.0,0.0,0.0,0.0,0.0,0.0,0.0,0.0,64.0,32.95,28.8,217.5,123.8,1.5529778501636755,0.6055377824245631,0.8236800000000001,1.0,1.0,ashton dulin,ashtondulin,adulin,Indianapolis Colts,00-0035021,0.0,0.0,0.0,0.0,1.0,15.0,0.0,0.0,0.0,0.0,0.0,A.Dulin,IND,team_norm & _alias_init_last,0.0,0.0,0.0,0.0,-1.0,-15.0,0.0,0.0,0.0,0.0,0.0
2025,1,0.0,2025_01_MIA_IND,Miami Dolphins,Alec Ingold,FB,00-0035125,1.0,0.0,0.0,0.0,0.0,0.0,0.0,0.0,0.0,0.0,0.0,0.0,0.0,64.0,32.95,28.8,217.5,123.8,2.709679277003905,1.056559293685873,0.8236800000000001,1.0,1.0,alec ingold,alecingold,aingold,Miami Dolphins,00-0035125,0.0,0.0,0.0,0.0,0.0,0.0,0.0,2.0,1.0,1.0,0.0,A.Ingold,MIA,team_norm & _alias_init_last,0.0,0.0,0.0,0.0,0.0,0.0,0.0,-2.0,-1.0,-1.0,0.0
2025,1,0.0,2025_01_MIA_IND,Miami Dolphins,Tua Tagovailoa,QB,00-0036212,1.0,34.15,220.1,2.49,0.82,2.41,9.6,0.09,0.0,0.0,0.0,0.0,0.0835,64.0,32.95,28.8,217.5,123.8,2.709679277003905,1.056559293685873,0.8236800000000001,1.0,1.0,tua tagovailoa,tuatagovailoa,ttagovailoa,Miami Dolphins,00-0036212,28.0,114.0,1.0,2.0,0.0,0.0,0.0,0.0,0.0,0.0,0.0,T.Tagovailoa,MIA,team_norm & _alias_init_last,6.149999999999999,106.1,1.4900000000000002,-1.1800000000000002,2.41,9.6,0.09,0.0,0.0,0.0,0.0
2025,1,0.0,2025_01_MIA_IND,Miami Dolphins,De'Von Achane,RB,00-0039040,1.0,0.0,0.0,0.0,0.0,14.57,50.7,0.66,3.0,2.34,12.8,0.25,0.5994,64.0,32.95,28.8,217.5,123.8,2.709679277003905,1.056559293685873,0.8236800000000001,1.0,1.0,de'von achane,devonachane,dachane,Miami Dolphins,00-0039040,0.0,0.0,0.0,0.0,7.0,55.0,0.0,4.0,3.0,20.0,1.0,D.Achane,MIA,team_norm & _alias_init_last,0.0,0.0,0.0,0.0,7.57,-4.299999999999997,0.66,-1.0,-0.6600000000000001,-7.199999999999999,-0.75
2025,1,0.0,2025_01_MIA_IND,Miami Dolphins,Jaylen Wright,RB,00-0039874,1.0,0.0,0.0,0.0,0.0,8.1,29.9,0.23,1.87,1.18,9.5,0.15,0.3163,64.0,32.95,28.8,217.5,123.8,2.709679277003905,1.056559293685873,0.8236800000000001,0.0,0.0,jaylen wright,jaylenwright,jwright,Miami Dolphins,00-0039874,,,,,,,,,,,,,,,,,,,,,,,,,
2025,1,0.0,2025_01_MIA_IND,Miami Dolphins,Ollie Gordon II,RB,00-0040198,1.0,0.0,0.0,0.0,0.0,3.72,13.6,0.12,0.44,0.33,2.6,0.04,0.1467,64.0,32.95,28.8,217.5,123.8,2.709679277003905,1.056559293685873,0.8236800000000001,1.0,1.0,ollie gordon ii,olliegordonii,ogordon,Miami Dolphins,00-0040198,0.0,0.0,0.0,0.0,2.0,4.0,0.0,1.0,1.0,-1.0,0.0,O.Gordon,MIA,team_norm & _alias_init_last,0.0,0.0,0.0,0.0,1.7200000000000002,9.6,0.12,-0.56,-0.6699999999999999,3.6,0.04
2025,1,0.0,2025_01_MIA_IND,Miami Dolphins,Jeff Wilson,RB,00-0034115,1.0,0.0,0.0,0.0,0.0,0.0,0.0,0.0,0.0,0.0,0.0,0.0,0.0,64.0,32.95,28.8,217.5,123.8,2.709679277003905,1.056559293685873,0.8236800000000001,1.0,1.0,jeff wilson,jeffwilson,jwilson,Miami Dolphins,00-0034115,,,,,,,,,,,,,,,,,,,,,,,,,
2025,1,0.0,2025_01_MIA_IND,Miami Dolphins,Julian Hill,TE,00-0038720,1.0,0.0,0.0,0.0,0.0,0.0,0.0,0.0,3.28,2.07,17.5,0.27,0.2346,64.0,32.95,28.8,217.5,123.8,2.709679277003905,1.056559293685873,0.8236800000000001,1.0,1.0,julian hill,julianhill,jhill,Miami Dolphins,00-0038720,0.0,0.0,0.0,0.0,0.0,0.0,0.0,1.0,0.0,0.0,0.0,J.Hill,MIA,team_norm & _alias_init_last,0.0,0.0,0.0,0.0,0.0,0.0,0.0,2.28,2.07,17.5,0.27
2025,1,0.0,2025_01_MIA_IND,Miami Dolphins,Chris Myarick,TE,00-0035345,0.0,0.0,0.0,0.0,0.0,0.0,0.0,0.0,0.0,0.0,0.0,0.0,0.0,64.0,32.95,28.8,217.5,123.8,2.709679277003905,1.056559293685873,0.8236800000000001,0.0,0.0,chris myarick,chrismyarick,cmyarick,Miami Dolphins,00-0035345,,,,,,,,,,,,,,,,,,,,,,,,,
2025,1,0.0,2025_01_MIA_IND,Miami Dolphins,Darren Waller,TE,00-0031610,1.0,0.0,0.0,0.0,0.0,0.0,0.0,0.0,0.0,0.0,0.0,0.0,0.0,64.0,32.95,28.8,217.5,123.8,2.709679277003905,1.056559293685873,0.8236800000000001,0.0,0.0,darren waller,darrenwaller,dwaller,Miami Dolphins,00-0031610,,,,,,,,,,,,,,,,,,,,,,,,,
2025,1,0.0,2025_01_MIA_IND,Miami Dolphins,Greg Dulcich,TE,00-0037252,0.0,0.0,0.0,0.0,0.0,0.0,0.0,0.0,0.0,0.0,0.0,0.0,0.0,64.0,32.95,28.8,217.5,123.8,2.709679277003905,1.056559293685873,0.8236800000000001,0.0,0.0,greg dulcich,gregdulcich,gdulcich,Miami Dolphins,00-0037252,,,,,,,,,,,,,,,,,,,,,,,,,
2025,1,0.0,2025_01_MIA_IND,Miami Dolphins,Tyreek Hill,WR,00-0033040,1.0,0.0,0.0,0.0,0.0,0.0,0.0,0.0,9.0,5.73,42.3,0.68,0.4955,64.0,32.95,28.8,217.5,123.8,2.709679277003905,1.056559293685873,0.8236800000000001,1.0,1.0,tyreek hill,tyreekhill,thill,Miami Dolphins,00-0033040,0.0,0.0,0.0,0.0,0.0,0.0,0.0,6.0,4.0,40.0,0.0,T.Hill,MIA,team_norm & _alias_init_last,0.0,0.0,0.0,0.0,0.0,0.0,0.0,3.0,1.7300000000000004,2.299999999999997,0.68
2025,1,0.0,2025_01_MIA_IND,Miami Dolphins,Jaylen Waddle,WR,00-0036613,1.0,0.0,0.0,0.0,0.0,0.0,0.0,0.0,6.78,4.12,30.7,0.51,0.3986,64.0,32.95,28.8,217.5,123.8,2.709679277003905,1.056559293685873,0.8236800000000001,1.0,1.0,jaylen waddle,jaylenwaddle,jwaddle,Miami Dolphins,00-0036613,0.0,0.0,0.0,0.0,0.0,0.0,0.0,5.0,4.0,30.0,0.0,J.Waddle,MIA,team_norm & _alias_init_last,0.0,0.0,0.0,0.0,0.0,0.0,0.0,1.7800000000000002,0.1200000000000001,0.6999999999999993,0.51
2025,1,0.0,2025_01_MIA_IND,Miami Dolphins,Malik Washington,WR,00-0039880,1.0,0.0,0.0,0.0,0.0,0.0,0.0,0.0,4.52,3.06,23.7,0.36,0.3001,64.0,32.95,28.8,217.5,123.8,2.709679277003905,1.056559293685873,0.8236800000000001,1.0,1.0,malik washington,malikwashington,mwashington,Miami Dolphins,00-0039880,0.0,0.0,0.0,0.0,1.0,9.0,0.0,5.0,2.0,20.0,0.0,M.Washington,MIA,team_norm & _alias_init_last,0.0,0.0,0.0,0.0,-1.0,-9.0,0.0,-0.4800000000000004,1.06,3.6999999999999993,0.36
2025,1,0.0,2025_01_MIA_IND,Miami Dolphins,T.Conner,WR,,0.0,0.0,0.0,0.0,0.0,0.0,0.0,0.0,2.03,1.29,19.4,0.17,0.1534,64.0,32.95,28.8,217.5,123.8,2.709679277003905,1.056559293685873,0.8236800000000001,0.0,0.0,t.conner,tconner,tconner,Miami Dolphins,,0.0,0.0,0.0,0.0,0.0,0.0,0.0,4.0,2.0,20.0,0.0,T.Conner,MIA,team_norm & _name_norm_loose,0.0,0.0,0.0,0.0,0.0,0.0,0.0,-1.9700000000000002,-0.71,-0.6000000000000014,0.17
2025,1,0.0,2025_01_MIA_IND,Miami Dolphins,Dee Eskridge,WR,00-0036620,1.0,0.0,0.0,0.0,0.0,0.0,0.0,0.0,1.01,0.6,7.2,0.08,0.0768,64.0,32.95,28.8,217.5,123.8,2.709679277003905,1.056559293685873,0.8236800000000001,1.0,1.0,dee eskridge,deeeskridge,deskridge,Miami Dolphins,00-0036620,0.0,0.0,0.0,0.0,0.0,0.0,0.0,2.0,1.0,9.0,0.0,D.Eskridge,MIA,team_norm & _alias_init_last,0.0,0.0,0.0,0.0,0.0,0.0,0.0,-0.99,-0.4,-1.7999999999999998,0.08
2025,1,0.0,2025_01_MIA_IND,Miami Dolphins,Nick Westbrook-Ikhine,WR,00-0036182,1.0,0.0,0.0,0.0,0.0,0.0,0.0,0.0,1.01,0.52,5.2,0.08,0.0763,64.0,32.95,28.8,217.5,123.8,2.709679277003905,1.056559293685873,0.8236800000000001,1.0,1.0,nick westbrook-ikhine,nickwestbrookikhine,nwestbrookikhine,Miami Dolphins,00-0036182,0.0,0.0,0.0,0.0,0.0,0.0,0.0,2.0,1.0,7.0,0.0,N.Westbrook-Ikhine,MIA,team_norm & _alias_init_last,0.0,0.0,0.0,0.0,0.0,0.0,0.0,-0.99,-0.48,-1.7999999999999998,0.08
2025,1,0.0,2025_01_MIA_IND,Miami Dolphins,A.J. Henning,WR,00-0040302,0.0,0.0,0.0,0.0,0.0,0.0,0.0,0.0,0.0,0.0,0.0,0.0,0.0,64.0,32.95,28.8,217.5,123.8,2.709679277003905,1.056559293685873,0.8236800000000001,0.0,0.0,a.j. henning,ajhenning,ahenning,Miami Dolphins,00-0040302,,,,,,,,,,,,,,,,,,,,,,,,,
2025,1,0.0,2025_01_MIA_IND,Miami Dolphins,Cedrick Wilson Jr.,WR,00-0034418,0.0,0.0,0.0,0.0,0.0,0.0,0.0,0.0,0.0,0.0,0.0,0.0,0.0,64.0,32.95,28.8,217.5,123.8,2.709679277003905,1.056559293685873,0.8236800000000001,0.0,0.0,cedrick wilson jr.,cedrickwilsonjr,cwilson,Miami Dolphins,00-0034418,,,,,,,,,,,,,,,,,,,,,,,,,
2025,1,0.0,2025_01_MIN_CHI,Chicago Bears,Caleb Williams,QB,00-0039918,1.0,34.59,209.7,1.79,0.82,7.1,28.1,0.2,0.0,0.0,0.0,0.0,0.1809,64.0,32.95,28.8,217.5,123.8,1.9642014489709612,0.7658822625961044,0.8236800000000001,1.0,1.0,caleb williams,calebwilliams,cwilliams,Chicago Bears,00-0035857,46.0,210.0,1.0,0.0,0.0,0.0,0.0,0.0,0.0,0.0,0.0,C.Williams,CHI,team_norm & _alias_init_last,-11.409999999999997,-0.30000000000001137,0.79,0.82,7.1,28.1,0.2,0.0,0.0,0.0,0.0
2025,1,0.0,2025_01_MIN_CHI,Chicago Bears,D'Andre Swift,RB,00-0036275,1.0,0.0,0.0,0.0,0.0,13.95,49.5,0.45,3.39,2.45,14.3,0.2,0.4782,64.0,32.95,28.8,217.5,123.8,1.9642014489709612,0.7658822625961044,0.8236800000000001,1.0,1.0,d'andre swift,dandreswift,dswift,Chicago Bears,00-0036275,0.0,0.0,0.0,0.0,17.0,53.0,0.0,6.0,3.0,12.0,0.0,D.Swift,CHI,team_norm & _alias_init_last,0.0,0.0,0.0,0.0,-3.0500000000000007,-3.5,0.45,-2.61,-0.5499999999999998,2.3000000000000007,0.2
2025,1,0.0,2025_01_MIN_CHI,Chicago Bears,Kyle Monangai,RB,00-0040236,1.0,0.0,0.0,0.0,0.0,7.75,27.0,0.17,2.11,1.29,9.9,0.13,0.2529,64.0,32.95,28.8,217.5,123.8,1.9642014489709612,0.7658822625961044,0.8236800000000001,1.0,1.0,kyle monangai,kylemonangai,kmonangai,Chicago Bears,00-0040236,0.0,0.0,0.0,0.0,0.0,0.0,0.0,1.0,1.0,11.0,0.0,K.Monangai,CHI,team_norm & _alias_init_last,0.0,0.0,0.0,0.0,7.75,27.0,0.17,1.1099999999999999,0.29000000000000004,-1.0999999999999996,0.13
2025,1,0.0,2025_01_MIN_CHI,Chicago Bears,Cole Kmet,TE,00-0036290,1.0,0.0,0.0,0.0,0.0,0.0,0.0,0.0,3.33,2.44,15.2,0.19,0.1692,64.0,32.95,28.8,217.5,123.8,1.9642014489709612,0.7658822625961044,0.8236800000000001,1.0,1.0,cole kmet,colekmet,ckmet,Chicago Bears,00-0036290,0.0,0.0,0.0,0.0,0.0,0.0,0.0,4.0,1.0,31.0,0.0,C.Kmet,CHI,team_norm & _alias_init_last,0.0,0.0,0.0,0.0,0.0,0.0,0.0,-0.6699999999999999,1.44,-15.8,0.19
2025,1,0.0,2025_01_MIN_CHI,Chicago Bears,Colston Loveland,TE,00-0040126,1.0,0.0,0.0,0.0,0.0,0.0,0.0,0.0,0.0,0.0,0.0,0.0,0.0,64.0,32.95,28.8,217.5,123.8,1.9642014489709612,0.7658822625961044,0.8236800000000001,1.0,1.0,colston loveland,colstonloveland,cloveland,Chicago Bears,00-0040126,0.0,0.0,0.0,0.0,0.0,0.0,0.0,2.0,2.0,12.0,0.0,C.Loveland,CHI,team_norm & _alias_init_last,0.0,0.0,0.0,0.0,0.0,0.0,0.0,-2.0,-2.0,-12.0,0.0
2025,1,0.0,2025_01_MIN_CHI,Chicago Bears,Durham Smythe,TE,00-0034798,1.0,0.0,0.0,0.0,0.0,0.0,0.0,0.0,0.0,0.0,0.0,0.0,0.0,64.0,32.95,28.8,217.5,123.8,1.9642014489709612,0.7658822625961044,0.8236800000000001,1.0,1.0,durham smythe,durhamsmythe,dsmythe,Chicago Bears,00-0034798,,,,,,,,,,,,,,,,,,,,,,,,,
2025,1,0.0,2025_01_MIN_CHI,Chicago Bears,DJ Moore,WR,00-0034827,1.0,0.0,0.0,0.0,0.0,0.0,0.0,0.0,10.36,6.16,49.0,0.57,0.4346,64.0,32.95,28.8,217.5,123.8,1.9642014489709612,0.7658822625961044,0.8236800000000001,1.0,1.0,dj moore,djmoore,dmoore,Chicago Bears,00-0034827,0.0,0.0,0.0,0.0,3.0,8.0,0.0,6.0,3.0,57.0,0.0,D.Moore,CHI,team_norm & _alias_init_last,0.0,0.0,0.0,0.0,-3.0,-8.0,0.0,4.359999999999999,3.16,-8.0,0.57
2025,1,0.0,2025_01_MIN_CHI,Chicago Bears,Rome Odunze,WR,00-0039919,1.0,0.0,0.0,0.0,0.0,0.0,0.0,0.0,7.8,3.9,39.4,0.45,0.3626,64.0,32.95,28.8,217.5,123.8,1.9642014489709612,0.7658822625961044,0.8236800000000001,1.0,1.0,rome odunze,romeodunze,rodunze,Chicago Bears,00-0039919,0.0,0.0,0.0,0.0,0.0,0.0,0.0,10.0,6.0,37.0,1.0,R.Odunze,CHI,team_norm & _alias_init_last,0.0,0.0,0.0,0.0,0.0,0.0,0.0,-2.2,-2.1,2.3999999999999986,-0.55
2025,1,0.0,2025_01_MIN_CHI,Chicago Bears,Olamide Zaccheaus,WR,00-0035208,1.0,0.0,0.0,0.0,0.0,0.0,0.0,0.0,5.2,3.08,24.0,0.3,0.2575,64.0,32.95,28.8,217.5,123.8,1.9642014489709612,0.7658822625961044,0.8236800000000001,1.0,1.0,olamide zaccheaus,olamidezaccheaus,ozaccheaus,Chicago Bears,00-0035208,0.0,0.0,0.0,0.0,0.0,0.0,0.0,7.0,4.0,42.0,0.0,O.Zaccheaus,CHI,team_norm & _alias_init_last,0.0,0.0,0.0,0.0,0.0,0.0,0.0,-1.7999999999999998,-0.9199999999999999,-18.0,0.3
2025,1,0.0,2025_01_MIN_CHI,Chicago Bears,Luther Burden III,WR,00-0040735,1.0,0.0,0.0,0.0,0.0,0.0,0.0,0.0,0.62,0.42,3.6,0.03,0.0334,64.0,32.95,28.8,217.5,123.8,1.9642014489709612,0.7658822625961044,0.8236800000000001,1.0,1.0,luther burden iii,lutherburdeniii,lburden,Chicago Bears,00-0040735,0.0,0.0,0.0,0.0,0.0,0.0,0.0,1.0,1.0,-3.0,0.0,L.Burden,CHI,team_norm & _alias_init_last,0.0,0.0,0.0,0.0,0.0,0.0,0.0,-0.38,-0.5800000000000001,6.6,0.03
2025,1,0.0,2025_01_MIN_CHI,Chicago Bears,Devin Duvernay,WR,00-0036331,1.0,0.0,0.0,0.0,0.0,0.0,0.0,0.0,0.0,0.0,0.0,0.0,0.0,64.0,32.95,28.8,217.5,123.8,1.9642014489709612,0.7658822625961044,0.8236800000000001,1.0,1.0,devin duvernay,devinduvernay,dduvernay,Chicago Bears,00-0036331,,,,,,,,,,,,,,,,,,,,,,,,,
2025,1,0.0,2025_01_MIN_CHI,Chicago Bears,JP Richardson,WR,00-0040275,0.0,0.0,0.0,0.0,0.0,0.0,0.0,0.0,0.0,0.0,0.0,0.0,0.0,64.0,32.95,28.8,217.5,123.8,1.9642014489709612,0.7658822625961044,0.8236800000000001,0.0,0.0,jp richardson,jprichardson,jrichardson,Chicago Bears,00-0040275,,,,,,,,,,,,,,,,,,,,,,,,,
2025,1,0.0,2025_01_MIN_CHI,Chicago Bears,Jahdae Walker,WR,00-0040277,1.0,0.0,0.0,0.0,0.0,0.0,0.0,0.0,0.0,0.0,0.0,0.0,0.0,64.0,32.95,28.8,217.5,123.8,1.9642014489709612,0.7658822625961044,0.8236800000000001,1.0,1.0,jahdae walker,jahdaewalker,jwalker,Chicago Bears,00-0040277,,,,,,,,,,,,,,,,,,,,,,,,,
2025,1,0.0,2025_01_MIN_CHI,Minnesota Vikings,J.J. McCarthy,QB,00-0039923,1.0,32.95,204.4,1.83,0.82,0.99,4.3,0.02,0.0,0.0,0.0,0.0,0.0227,64.0,32.95,28.8,217.5,123.8,1.7236696652405323,0.672094007401481,0.8236800000000001,1.0,1.0,j.j. mccarthy,jjmccarthy,jmccarthy,Minnesota Vikings,00-0039923,30.0,143.0,2.0,1.0,1.0,14.0,1.0,0.0,0.0,0.0,0.0,J.McCarthy,MIN,team_norm & _alias_init_last,2.950000000000003,61.400000000000006,-0.16999999999999993,-0.18000000000000005,-0.010000000000000009,-9.7,-0.98,0.0,0.0,0.0,0.0
2025,1,0.0,2025_01_MIN_CHI,Minnesota Vikings,Aaron Jones Sr.,RB,,0.0,0.0,0.0,0.0,0.0,14.34,62.7,0.4,3.1,2.24,19.8,0.16,0.4306,64.0,32.95,28.8,217.5,123.8,1.7236696652405323,0.672094007401481,0.8236800000000001,0.0,0.0,aaron jones sr.,aaronjonessr,ajones,Minnesota Vikings,00-0033293,0.0,0.0,0.0,0.0,8.0,23.0,0.0,4.0,3.0,44.0,1.0,A.Jones,MIN,team_norm & _alias_init_last,0.0,0.0,0.0,0.0,6.34,39.7,0.4,-0.8999999999999999,-0.7599999999999998,-24.2,-0.84
2025,1,0.0,2025_01_MIN_CHI,Minnesota Vikings,Jordan Mason,RB,00-0037525,1.0,0.0,0.0,0.0,0.0,7.97,27.0,0.15,1.93,1.48,9.4,0.1,0.2221,64.0,32.95,28.8,217.5,123.8,1.7236696652405323,0.672094007401481,0.8236800000000001,1.0,1.0,jordan mason,jordanmason,jmason,Minnesota Vikings,00-0037525,0.0,0.0,0.0,0.0,16.0,68.0,0.0,1.0,1.0,7.0,0.0,J.Mason,MIN,team_norm & _alias_init_last,0.0,0.0,0.0,0.0,-8.030000000000001,-41.0,0.15,0.9299999999999999,0.48,2.4000000000000004,0.1
2025,1,0.0,2025_01_MIN_CHI,Minnesota Vikings,Aaron Jones,RB,00-0033293,1.0,0.0,0.0,0.0,0.0,5.5,19.3,0.11,1.86,1.29,7.7,0.1,0.1933,64.0,32.95,28.8,217.5,123.8,1.7236696652405323,0.672094007401481,0.8236800000000001,1.0,1.0,aaron jones,aaronjones,ajones,Minnesota Vikings,00-0033293,0.0,0.0,0.0,0.0,8.0,23.0,0.0,4.0,3.0,44.0,1.0,A.Jones,MIN,team_norm & _alias_init_last,0.0,0.0,0.0,0.0,-2.5,-3.6999999999999993,0.11,-2.1399999999999997,-1.71,-36.3,-0.9
2025,1,0.0,2025_01_MIN_CHI,Minnesota Vikings,Ty Chandler,RB,00-0037276,1.0,0.0,0.0,0.0,0.0,0.0,0.0,0.0,0.0,0.0,0.0,0.0,0.0,64.0,32.95,28.8,217.5,123.8,1.7236696652405323,0.672094007401481,0.8236800000000001,1.0,1.0,ty chandler,tychandler,tchandler,Minnesota Vikings,00-0037276,,,,,,,,,,,,,,,,,,,,,,,,,
2025,1,0.0,2025_01_MIN_CHI,Minnesota Vikings,T.J. Hockenson,TE,00-0035229,1.0,0.0,0.0,0.0,0.0,0.0,0.0,0.0,3.31,2.26,14.4,0.16,0.1444,64.0,32.95,28.8,217.5,123.8,1.7236696652405323,0.672094007401481,0.8236800000000001,1.0,1.0,t.j. hockenson,tjhockenson,thockenson,Minnesota Vikings,00-0035229,0.0,0.0,0.0,0.0,0.0,0.0,0.0,4.0,3.0,15.0,0.0,T.Hockenson,MIN,team_norm & _alias_init_last,0.0,0.0,0.0,0.0,0.0,0.0,0.0,-0.69,-0.7400000000000002,-0.5999999999999996,0.16
2025,1,0.0,2025_01_MIN_CHI,Minnesota Vikings,Ben Sims,TE,00-0038809,0.0,0.0,0.0,0.0,0.0,0.0,0.0,0.0,0.0,0.0,0.0,0.0,0.0,64.0,32.95,28.8,217.5,123.8,1.7236696652405323,0.672094007401481,0.8236800000000001,0.0,0.0,ben sims,bensims,bsims,Minnesota Vikings,00-0038809,,,,,,,,,,,,,,,,,,,,,,,,,
2025,1,0.0,2025_01_MIN_CHI,Minnesota Vikings,Ben Yurosek,TE,00-0040509,1.0,0.0,0.0,0.0,0.0,0.0,0.0,0.0,0.0,0.0,0.0,0.0,0.0,64.0,32.95,28.8,217.5,123.8,1.7236696652405323,0.672094007401481,0.8236800000000001,1.0,1.0,ben yurosek,benyurosek,byurosek,Minnesota Vikings,00-0040509,,,,,,,,,,,,,,,,,,,,,,,,,
2025,1,0.0,2025_01_MIN_CHI,Minnesota Vikings,Bryson Nesbit,TE,00-0040504,0.0,0.0,0.0,0.0,0.0,0.0,0.0,0.0,0.0,0.0,0.0,0.0,0.0,64.0,32.95,28.8,217.5,123.8,1.7236696652405323,0.672094007401481,0.8236800000000001,0.0,0.0,bryson nesbit,brysonnesbit,bnesbit,Minnesota Vikings,00-0040504,,,,,,,,,,,,,,,,,,,,,,,,,
2025,1,0.0,2025_01_MIN_CHI,Minnesota Vikings,Josh Oliver,TE,00-0035249,1.0,0.0,0.0,0.0,0.0,0.0,0.0,0.0,0.0,0.0,0.0,0.0,0.0,64.0,32.95,28.8,217.5,123.8,1.7236696652405323,0.672094007401481,0.8236800000000001,1.0,1.0,josh oliver,josholiver,joliver,Minnesota Vikings,00-0035249,0.0,0.0,0.0,0.0,0.0,0.0,0.0,2.0,1.0,5.0,0.0,J.Oliver,MIN,team_norm & _alias_init_last,0.0,0.0,0.0,0.0,0.0,0.0,0.0,-2.0,-1.0,-5.0,0.0
2025,1,0.0,2025_01_MIN_CHI,Minnesota Vikings,Justin Jefferson,WR,00-0036322,1.0,0.0,0.0,0.0,0.0,0.0,0.0,0.0,9.46,5.9,47.5,0.47,0.3774,64.0,32.95,28.8,217.5,123.8,1.7236696652405323,0.672094007401481,0.8236800000000001,1.0,1.0,justin jefferson,justinjefferson,jjefferson,Minnesota Vikings,00-0036322,0.0,0.0,0.0,0.0,1.0,4.0,0.0,8.0,4.0,44.0,1.0,J.Jefferson,MIN,team_norm & _alias_init_last,0.0,0.0,0.0,0.0,-1.0,-4.0,0.0,1.4600000000000009,1.9000000000000004,3.5,-0.53
2025,1,0.0,2025_01_MIN_CHI,Minnesota Vikings,Jalen Nailor,WR,00-0037291,1.0,0.0,0.0,0.0,0.0,0.0,0.0,0.0,7.01,4.09,38.6,0.36,0.3037,64.0,32.95,28.8,217.5,123.8,1.7236696652405323,0.672094007401481,0.8236800000000001,1.0,1.0,jalen nailor,jalennailor,jnailor,Minnesota Vikings,00-0037291,0.0,0.0,0.0,0.0,0.0,0.0,0.0,4.0,1.0,28.0,0.0,J.Nailor,MIN,team_norm & _alias_init_last,0.0,0.0,0.0,0.0,0.0,0.0,0.0,3.01,3.09,10.600000000000001,0.36
2025,1,0.0,2025_01_MIN_CHI,Minnesota Vikings,Adam Thielen,WR,,1.0,0.0,0.0,0.0,0.0,0.0,0.0,0.0,4.67,2.86,41.7,0.24,0.2168,64.0,32.95,28.8,217.5,123.8,1.7236696652405323,0.672094007401481,0.8236800000000001,0.0,1.0,adam thielen,adamthielen,athielen,Minnesota Vikings,,0.0,0.0,0.0,0.0,0.0,0.0,0.0,3.0,0.0,0.0,0.0,A.Thielen,MIN,team_norm & _alias_init_last,0.0,0.0,0.0,0.0,0.0,0.0,0.0,1.67,2.86,41.7,0.24
2025,1,0.0,2025_01_MIN_CHI,Minnesota Vikings,A.Thielen,WR,,0.0,0.0,0.0,0.0,0.0,0.0,0.0,0.0,1.52,0.95,14.4,0.08,0.0766,64.0,32.95,28.8,217.5,123.8,1.7236696652405323,0.672094007401481,0.8236800000000001,0.0,0.0,a.thielen,athielen,athielen,Minnesota Vikings,,0.0,0.0,0.0,0.0,0.0,0.0,0.0,3.0,0.0,0.0,0.0,A.Thielen,MIN,team_norm & _name_norm_loose,0.0,0.0,0.0,0.0,0.0,0.0,0.0,-1.48,0.95,14.4,0.08
2025,1,0.0,2025_01_MIN_CHI,Minnesota Vikings,Dontae Fleming,WR,00-0040498,0.0,0.0,0.0,0.0,0.0,0.0,0.0,0.0,0.0,0.0,0.0,0.0,0.0,64.0,32.95,28.8,217.5,123.8,1.7236696652405323,0.672094007401481,0.8236800000000001,0.0,0.0,dontae fleming,dontaefleming,dfleming,Minnesota Vikings,00-0040498,,,,,,,,,,,,,,,,,,,,,,,,,
2025,1,0.0,2025_01_MIN_CHI,Minnesota Vikings,Jeshaun Jones,WR,00-0039710,0.0,0.0,0.0,0.0,0.0,0.0,0.0,0.0,0.0,0.0,0.0,0.0,0.0,64.0,32.95,28.8,217.5,123.8,1.7236696652405323,0.672094007401481,0.8236800000000001,0.0,0.0,jeshaun jones,jeshaunjones,jjones,Minnesota Vikings,00-0039710,,,,,,,,,,,,,,,,,,,,,,,,,
2025,1,0.0,2025_01_MIN_CHI,Minnesota Vikings,Myles Price,WR,00-0040506,1.0,0.0,0.0,0.0,0.0,0.0,0.0,0.0,0.0,0.0,0.0,0.0,0.0,64.0,32.95,28.8,217.5,123.8,1.7236696652405323,0.672094007401481,0.8236800000000001,1.0,1.0,myles price,mylesprice,mprice,Minnesota Vikings,00-0040506,,,,,,,,,,,,,,,,,,,,,,,,,
2025,1,0.0,2025_01_MIN_CHI,Minnesota Vikings,Tai Felton,WR,00-0040154,1.0,0.0,0.0,0.0,0.0,0.0,0.0,0.0,0.0,0.0,0.0,0.0,0.0,64.0,32.95,28.8,217.5,123.8,1.7236696652405323,0.672094007401481,0.8236800000000001,1.0,1.0,tai felton,taifelton,tfelton,Minnesota Vikings,00-0040154,,,,,,,,,,,,,,,,,,,,,,,,,
2025,1,0.0,2025_01_NYG_WAS,New York Giants,Russell Wilson,QB,00-0029263,1.0,33.06,203.8,2.0,0.82,5.53,20.9,0.17,0.0,0.0,0.0,0.0,0.1549,64.0,32.95,28.8,217.5,123.8,2.020108834337828,0.787681694025625,0.8236800000000001,1.0,1.0,russell wilson,russellwilson,rwilson,New York Giants,00-0029263,51.0,168.0,0.0,0.0,2.0,4.0,0.0,0.0,0.0,0.0,0.0,R.Wilson,NYG,team_norm & _alias_init_last,-17.939999999999998,35.80000000000001,2.0,0.82,3.5300000000000002,16.9,0.17,0.0,0.0,0.0,0.0
2025,1,0.0,2025_01_NYG_WAS,New York Giants,Tyrone Tracy Jr.,RB,00-0039384,1.0,0.0,0.0,0.0,0.0,13.25,45.2,0.43,3.37,2.34,16.1,0.2,0.4696,64.0,32.95,28.8,217.5,123.8,2.020108834337828,0.787681694025625,0.8236800000000001,1.0,1.0,tyrone tracy jr.,tyronetracyjr,ttracy,New York Giants,00-0039384,0.0,0.0,0.0,0.0,10.0,24.0,0.0,5.0,2.0,11.0,0.0,T.Tracy,NYG,team_norm & _alias_init_last,0.0,0.0,0.0,0.0,3.25,21.200000000000003,0.43,-1.63,0.33999999999999986,5.100000000000001,0.2
2025,1,0.0,2025_01_NYG_WAS,New York Giants,Cam Skattebo,RB,00-0040715,1.0,0.0,0.0,0.0,0.0,7.36,26.9,0.17,2.1,1.53,11.1,0.13,0.2553,64.0,32.95,28.8,217.5,123.8,2.020108834337828,0.787681694025625,0.8236800000000001,1.0,1.0,cam skattebo,camskattebo,cskattebo,New York Giants,00-0040715,0.0,0.0,0.0,0.0,2.0,-3.0,0.0,2.0,2.0,12.0,0.0,C.Skattebo,NYG,team_norm & _alias_init_last,0.0,0.0,0.0,0.0,5.36,29.9,0.17,0.10000000000000009,-0.47,-0.9000000000000004,0.13
2025,1,0.0,2025_01_NYG_WAS,New York Giants,Devin Singletary,RB,00-0035250,1.0,0.0,0.0,0.0,0.0,2.65,9.2,0.06,0.0,0.0,0.0,0.0,0.0594,64.0,32.95,28.8,217.5,123.8,2.020108834337828,0.787681694025625,0.8236800000000001,1.0,1.0,devin singletary,devinsingletary,dsingletary,New York Giants,00-0035250,0.0,0.0,0.0,0.0,3.0,9.0,0.0,0.0,0.0,0.0,0.0,D.Singletary,NYG,team_norm & _alias_init_last,0.0,0.0,0.0,0.0,-0.3500000000000001,0.1999999999999993,0.06,0.0,0.0,0.0,0.0
2025,1,0.0,2025_01_NYG_WAS,New York Giants,Theo Johnson,TE,00-0039847,1.0,0.0,0.0,0.0,0.0,0.0,0.0,0.0,3.23,1.92,16.4,0.18,0.1666,64.0,32.95,28.8,217.5,123.8,2.020108834337828,0.787681694025625,0.8236800000000001,1.0,1.0,theo johnson,theojohnson,tjohnson,New York Giants,00-0039847,0.0,0.0,0.0,0.0,0.0,0.0,0.0,4.0,1.0,5.0,0.0,T.Johnson,NYG,team_norm & _alias_init_last,0.0,0.0,0.0,0.0,0.0,0.0,0.0,-0.77,0.9199999999999999,11.399999999999999,0.18
2025,1,0.0,2025_01_NYG_WAS,New York Giants,Chris Manhertz,TE,00-0031484,1.0,0.0,0.0,0.0,0.0,0.0,0.0,0.0,0.0,0.0,0.0,0.0,0.0,64.0,32.95,28.8,217.5,123.8,2.020108834337828,0.787681694025625,0.8236800000000001,1.0,1.0,chris manhertz,chrismanhertz,cmanhertz,New York Giants,00-0031484,,,,,,,,,,,,,,,,,,,,,,,,,
2025,1,0.0,2025_01_NYG_WAS,New York Giants,Daniel Bellinger,TE,00-0038115,1.0,0.0,0.0,0.0,0.0,0.0,0.0,0.0,0.0,0.0,0.0,0.0,0.0,64.0,32.95,28.8,217.5,123.8,2.020108834337828,0.787681694025625,0.8236800000000001,1.0,1.0,daniel bellinger,danielbellinger,dbellinger,New York Giants,00-0038115,0.0,0.0,0.0,0.0,0.0,0.0,0.0,1.0,1.0,14.0,0.0,D.Bellinger,NYG,team_norm & _alias_init_last,0.0,0.0,0.0,0.0,0.0,0.0,0.0,-1.0,-1.0,-14.0,0.0
2025,1,0.0,2025_01_NYG_WAS,New York Giants,Jermaine Terry,TE,00-0040457,0.0,0.0,0.0,0.0,0.0,0.0,0.0,0.0,0.0,0.0,0.0,0.0,0.0,64.0,32.95,28.8,217.5,123.8,2.020108834337828,0.787681694025625,0.8236800000000001,0.0,0.0,jermaine terry,jermaineterry,jterry,New York Giants,00-0040457,,,,,,,,,,,,,,,,,,,,,,,,,
2025,1,0.0,2025_01_NYG_WAS,New York Giants,Thomas Fidone II,TE,00-0040225,1.0,0.0,0.0,0.0,0.0,0.0,0.0,0.0,0.0,0.0,0.0,0.0,0.0,64.0,32.95,28.8,217.5,123.8,2.020108834337828,0.787681694025625,0.8236800000000001,1.0,1.0,thomas fidone ii,thomasfidoneii,tfidone,New York Giants,00-0040225,,,,,,,,,,,,,,,,,,,,,,,,,
2025,1,0.0,2025_01_NYG_WAS,New York Giants,Malik Nabers,WR,00-0039337,1.0,0.0,0.0,0.0,0.0,0.0,0.0,0.0,10.75,6.15,55.8,0.61,0.4562,64.0,32.95,28.8,217.5,123.8,2.020108834337828,0.787681694025625,0.8236800000000001,1.0,1.0,malik nabers,maliknabers,mnabers,New York Giants,00-0039337,0.0,0.0,0.0,0.0,0.0,0.0,0.0,14.0,5.0,71.0,0.0,M.Nabers,NYG,team_norm & _alias_init_last,0.0,0.0,0.0,0.0,0.0,0.0,0.0,-3.25,1.1500000000000004,-15.200000000000003,0.61
2025,1,0.0,2025_01_NYG_WAS,New York Giants,Wan'Dale Robinson,WR,00-0038117,1.0,0.0,0.0,0.0,0.0,0.0,0.0,0.0,8.1,5.26,38.6,0.45,0.3616,64.0,32.95,28.8,217.5,123.8,2.020108834337828,0.787681694025625,0.8236800000000001,1.0,1.0,wan'dale robinson,wandalerobinson,wrobinson,New York Giants,,0.0,0.0,0.0,0.0,0.0,0.0,0.0,10.0,6.0,55.0,0.0,W.Robinson,NYG,team_norm & _alias_init_last,0.0,0.0,0.0,0.0,0.0,0.0,0.0,-1.9000000000000004,-0.7400000000000002,-16.4,0.45
2025,1,0.0,2025_01_NYG_WAS,New York Giants,Darius Slayton,WR,00-0035535,1.0,0.0,0.0,0.0,0.0,0.0,0.0,0.0,5.4,2.98,25.2,0.3,0.2566,64.0,32.95,28.8,217.5,123.8,2.020108834337828,0.787681694025625,0.8236800000000001,1.0,1.0,darius slayton,dariusslayton,dslayton,New York Giants,00-0035535,0.0,0.0,0.0,0.0,0.0,0.0,0.0,2.0,0.0,0.0,0.0,D.Slayton,NYG,team_norm & _alias_init_last,0.0,0.0,0.0,0.0,0.0,0.0,0.0,3.4000000000000004,2.98,25.2,0.3
2025,1,0.0,2025_01_NYG_WAS,New York Giants,Antwane Wells Jr.,WR,00-0040438,0.0,0.0,0.0,0.0,0.0,0.0,0.0,0.0,0.0,0.0,0.0,0.0,0.0,64.0,32.95,28.8,217.5,123.8,2.020108834337828,0.787681694025625,0.8236800000000001,0.0,0.0,antwane wells jr.,antwanewellsjr,awells,New York Giants,00-0040438,,,,,,,,,,,,,,,,,,,,,,,,,
2025,1,0.0,2025_01_NYG_WAS,New York Giants,Beaux Collins,WR,00-0040432,1.0,0.0,0.0,0.0,0.0,0.0,0.0,0.0,0.0,0.0,0.0,0.0,0.0,64.0,32.95,28.8,217.5,123.8,2.020108834337828,0.787681694025625,0.8236800000000001,1.0,1.0,beaux collins,beauxcollins,bcollins,New York Giants,00-0040432,,,,,,,,,,,,,,,,,,,,,,,,,
2025,1,0.0,2025_01_NYG_WAS,New York Giants,Bryce Ford-Wheaton,WR,00-0038477,1.0,0.0,0.0,0.0,0.0,0.0,0.0,0.0,0.0,0.0,0.0,0.0,0.0,64.0,32.95,28.8,217.5,123.8,2.020108834337828,0.787681694025625,0.8236800000000001,0.0,0.0,bryce ford-wheaton,brycefordwheaton,bfordwheaton,New York Giants,00-0038477,,,,,,,,,,,,,,,,,,,,,,,,,
2025,1,0.0,2025_01_NYG_WAS,New York Giants,Gunner Olszewski,WR,00-0035645,1.0,0.0,0.0,0.0,0.0,0.0,0.0,0.0,0.0,0.0,0.0,0.0,0.0,64.0,32.95,28.8,217.5,123.8,2.020108834337828,0.787681694025625,0.8236800000000001,1.0,1.0,gunner olszewski,gunnerolszewski,golszewski,New York Giants,,,,,,,,,,,,,,,,,,,,,,,,,,
2025,1,0.0,2025_01_NYG_WAS,New York Giants,Jalin Hyatt,WR,00-0038938,1.0,0.0,0.0,0.0,0.0,0.0,0.0,0.0,0.0,0.0,0.0,0.0,0.0,64.0,32.95,28.8,217.5,123.8,2.020108834337828,0.787681694025625,0.8236800000000001,1.0,1.0,jalin hyatt,jalinhyatt,jhyatt,New York Giants,00-0038938,,,,,,,,,,,,,,,,,,,,,,,,,
2025,1,0.0,2025_01_NYG_WAS,Washington Commanders,Jayden Daniels,QB,00-0039910,1.0,32.79,205.1,2.39,0.82,8.55,31.6,0.3,0.0,0.0,0.0,0.0,0.2574,64.0,32.95,28.8,217.5,123.8,2.66366504871526,1.0386174062629792,0.8236800000000001,1.0,1.0,jayden daniels,jaydendaniels,jdaniels,Washington Commanders,00-0039910,41.0,233.0,1.0,0.0,4.0,34.0,0.0,0.0,0.0,0.0,0.0,J.Daniels,WAS,team_norm & _alias_init_last,-8.21,-27.900000000000006,1.3900000000000001,0.82,4.550000000000001,-2.3999999999999986,0.3,0.0,0.0,0.0,0.0
2025,1,0.0,2025_01_NYG_WAS,Washington Commanders,Jacory Croskey-Merritt,RB,00-0040242,1.0,0.0,0.0,0.0,0.0,10.99,40.5,0.54,2.73,1.9,15.4,0.22,0.5305,64.0,32.95,28.8,217.5,123.8,2.66366504871526,1.0386174062629792,0.8236800000000001,1.0,1.0,jacory croskey-merritt,jacorycroskeymerritt,jcroskeymerritt,Washington Commanders,00-0040242,0.0,0.0,0.0,0.0,10.0,82.0,1.0,1.0,0.0,0.0,0.0,J.Croskey-Merritt,WAS,team_norm & _alias_init_last,0.0,0.0,0.0,0.0,0.9900000000000002,-41.5,-0.45999999999999996,1.73,1.9,15.4,0.22
2025,1,0.0,2025_01_NYG_WAS,Washington Commanders,Jeremy McNichols,RB,00-0033955,1.0,0.0,0.0,0.0,0.0,6.1,22.1,0.19,1.7,1.22,7.8,0.14,0.2805,64.0,32.95,28.8,217.5,123.8,2.66366504871526,1.0386174062629792,0.8236800000000001,1.0,1.0,jeremy mcnichols,jeremymcnichols,jmcnichols,Washington Commanders,00-0033955,0.0,0.0,0.0,0.0,4.0,25.0,0.0,0.0,0.0,0.0,0.0,J.McNichols,WAS,team_norm & _alias_init_last,0.0,0.0,0.0,0.0,2.0999999999999996,-2.8999999999999986,0.19,1.7,1.22,7.8,0.14
2025,1,0.0,2025_01_NYG_WAS,Washington Commanders,Austin Ekeler,RB,00-0033699,1.0,0.0,0.0,0.0,0.0,3.16,11.1,0.11,1.25,0.94,5.2,0.1,0.1923,64.0,32.95,28.8,217.5,123.8,2.66366504871526,1.0386174062629792,0.8236800000000001,1.0,1.0,austin ekeler,austinekeler,aekeler,Washington Commanders,00-0033699,0.0,0.0,0.0,0.0,6.0,26.0,0.0,3.0,3.0,31.0,0.0,A.Ekeler,WAS,team_norm & _alias_init_last,0.0,0.0,0.0,0.0,-2.84,-14.9,0.11,-1.75,-2.06,-25.8,0.1
2025,1,0.0,2025_01_NYG_WAS,Washington Commanders,Chris Rodriguez Jr.,RB,00-0038611,1.0,0.0,0.0,0.0,0.0,0.0,0.0,0.0,0.0,0.0,0.0,0.0,0.0,64.0,32.95,28.8,217.5,123.8,2.66366504871526,1.0386174062629792,0.8236800000000001,1.0,1.0,chris rodriguez jr.,chrisrodriguezjr,crodriguez,Washington Commanders,00-0038611,,,,,,,,,,,,,,,,,,,,,,,,,
2025,1,0.0,2025_01_NYG_WAS,Washington Commanders,Zach Ertz,TE,00-0030061,1.0,0.0,0.0,0.0,0.0,0.0,0.0,0.0,3.23,2.08,14.4,0.25,0.2199,64.0,32.95,28.8,217.5,123.8,2.66366504871526,1.0386174062629792,0.8236800000000001,1.0,1.0,zach ertz,zachertz,zertz,Washington Commanders,00-0030061,0.0,0.0,0.0,0.0,0.0,0.0,0.0,6.0,3.0,26.0,1.0,Z.Ertz,WAS,team_norm & _alias_init_last,0.0,0.0,0.0,0.0,0.0,0.0,0.0,-2.77,-0.9199999999999999,-11.6,-0.75
2025,1,0.0,2025_01_NYG_WAS,Washington Commanders,Ben Sinnott,TE,00-0039912,1.0,0.0,0.0,0.0,0.0,0.0,0.0,0.0,0.0,0.0,0.0,0.0,0.0,64.0,32.95,28.8,217.5,123.8,2.66366504871526,1.0386174062629792,0.8236800000000001,1.0,1.0,ben sinnott,bensinnott,bsinnott,Washington Commanders,00-0039912,,,,,,,,,,,,,,,,,,,,,,,,,
2025,1,0.0,2025_01_NYG_WAS,Washington Commanders,Colson Yankoff,TE,00-0039686,1.0,0.0,0.0,0.0,0.0,0.0,0.0,0.0,0.0,0.0,0.0,0.0,0.0,64.0,32.95,28.8,217.5,123.8,2.66366504871526,1.0386174062629792,0.8236800000000001,1.0,1.0,colson yankoff,colsonyankoff,cyankoff,Washington Commanders,00-0039686,,,,,,,,,,,,,,,,,,,,,,,,,
2025,1,0.0,2025_01_NYG_WAS,Washington Commanders,Gee Scott Jr.,TE,00-0040571,0.0,0.0,0.0,0.0,0.0,0.0,0.0,0.0,0.0,0.0,0.0,0.0,0.0,64.0,32.95,28.8,217.5,123.8,2.66366504871526,1.0386174062629792,0.8236800000000001,0.0,0.0,gee scott jr.,geescottjr,gscott,Washington Commanders,00-0040571,,,,,,,,,,,,,,,,,,,,,,,,,
2025,1,0.0,2025_01_NYG_WAS,Washington Commanders,John Bates,TE,00-0036628,1.0,0.0,0.0,0.0,0.0,0.0,0.0,0.0,0.0,0.0,0.0,0.0,0.0,64.0,32.95,28.8,217.5,123.8,2.66366504871526,1.0386174062629792,0.8236800000000001,1.0,1.0,john bates,johnbates,jbates,Washington Commanders,00-0036628,,,,,,,,,,,,,,,,,,,,,,,,,
2025,1,0.0,2025_01_NYG_WAS,Washington Commanders,Terry McLaurin,WR,00-0035659,1.0,0.0,0.0,0.0,0.0,0.0,0.0,0.0,7.85,4.75,37.8,0.59,0.4457,64.0,32.95,28.8,217.5,123.8,2.66366504871526,1.0386174062629792,0.8236800000000001,1.0,1.0,terry mclaurin,terrymclaurin,tmclaurin,Washington Commanders,00-0035659,0.0,0.0,0.0,0.0,0.0,0.0,0.0,4.0,2.0,27.0,0.0,T.McLaurin,WAS,team_norm & _alias_init_last,0.0,0.0,0.0,0.0,0.0,0.0,0.0,3.8499999999999996,2.75,10.799999999999997,0.59
2025,1,0.0,2025_01_NYG_WAS,Washington Commanders,Deebo Samuel,WR,,0.0,0.0,0.0,0.0,0.0,0.0,0.0,0.0,5.91,3.69,53.7,0.48,0.3799,64.0,32.95,28.8,217.5,123.8,2.66366504871526,1.0386174062629792,0.8236800000000001,0.0,0.0,deebo samuel,deebosamuel,dsamuel,Washington Commanders,,0.0,0.0,0.0,0.0,2.0,19.0,1.0,10.0,7.0,77.0,0.0,D.Samuel,WAS,team_norm & _alias_init_last,0.0,0.0,0.0,0.0,-2.0,-19.0,-1.0,-4.09,-3.31,-23.299999999999997,0.48
2025,1,0.0,2025_01_NYG_WAS,Washington Commanders,Deebo Samuel Sr.,WR,00-0035719,1.0,0.0,0.0,0.0,0.0,0.0,0.0,0.0,4.87,3.02,23.8,0.37,0.3126,64.0,32.95,28.8,217.5,123.8,2.66366504871526,1.0386174062629792,0.8236800000000001,1.0,1.0,deebo samuel sr.,deebosamuelsr,dsamuel,Washington Commanders,,0.0,0.0,0.0,0.0,2.0,19.0,1.0,10.0,7.0,77.0,0.0,D.Samuel,WAS,team_norm & _alias_init_last,0.0,0.0,0.0,0.0,-2.0,-19.0,-1.0,-5.13,-3.98,-53.2,0.37
2025,1,0.0,2025_01_NYG_WAS,Washington Commanders,Noah Brown,WR,00-0033591,1.0,0.0,0.0,0.0,0.0,0.0,0.0,0.0,3.94,2.05,18.0,0.3,0.2596,64.0,32.95,28.8,217.5,123.8,2.66366504871526,1.0386174062629792,0.8236800000000001,1.0,1.0,noah brown,noahbrown,nbrown,Washington Commanders,00-0033591,0.0,0.0,0.0,0.0,0.0,0.0,0.0,4.0,2.0,27.0,0.0,N.Brown,WAS,team_norm & _alias_init_last,0.0,0.0,0.0,0.0,0.0,0.0,0.0,-0.06000000000000005,0.04999999999999982,-9.0,0.3
2025,1,0.0,2025_01_NYG_WAS,Washington Commanders,Jaylin Lane,WR,00-0040164,1.0,0.0,0.0,0.0,0.0,0.0,0.0,0.0,0.97,0.54,6.8,0.07,0.0717,64.0,32.95,28.8,217.5,123.8,2.66366504871526,1.0386174062629792,0.8236800000000001,1.0,1.0,jaylin lane,jaylinlane,jlane,Washington Commanders,00-0040164,0.0,0.0,0.0,0.0,0.0,0.0,0.0,2.0,1.0,11.0,0.0,J.Lane,WAS,team_norm & _alias_init_last,0.0,0.0,0.0,0.0,0.0,0.0,0.0,-1.03,-0.45999999999999996,-4.2,0.07
2025,1,0.0,2025_01_NYG_WAS,Washington Commanders,Chris Moore,WR,00-0032398,1.0,0.0,0.0,0.0,0.0,0.0,0.0,0.0,0.49,0.28,2.6,0.04,0.0358,64.0,32.95,28.8,217.5,123.8,2.66366504871526,1.0386174062629792,0.8236800000000001,1.0,1.0,chris moore,chrismoore,cmoore,Washington Commanders,00-0032398,0.0,0.0,0.0,0.0,0.0,0.0,0.0,1.0,1.0,34.0,0.0,C.Moore,WAS,team_norm & _alias_init_last,0.0,0.0,0.0,0.0,0.0,0.0,0.0,-0.51,-0.72,-31.4,0.04
2025,1,0.0,2025_01_NYG_WAS,Washington Commanders,Braylon Sanders,WR,00-0037355,0.0,0.0,0.0,0.0,0.0,0.0,0.0,0.0,0.0,0.0,0.0,0.0,0.0,64.0,32.95,28.8,217.5,123.8,2.66366504871526,1.0386174062629792,0.8236800000000001,0.0,0.0,braylon sanders,braylonsanders,bsanders,Washington Commanders,00-0037355,,,,,,,,,,,,,,,,,,,,,,,,,
2025,1,0.0,2025_01_NYG_WAS,Washington Commanders,Luke McCaffrey,WR,00-0039355,1.0,0.0,0.0,0.0,0.0,0.0,0.0,0.0,0.0,0.0,0.0,0.0,0.0,64.0,32.95,28.8,217.5,123.8,2.66366504871526,1.0386174062629792,0.8236800000000001,1.0,1.0,luke mccaffrey,lukemccaffrey,lmccaffrey,Washington Commanders,00-0039355,,,,,,,,,,,,,,,,,,,,,,,,,
2025,1,0.0,2025_01_PIT_NYJ,New York Jets,Justin Fields,QB,00-0036945,1.0,31.33,190.7,1.47,0.82,8.31,29.6,0.17,0.0,0.0,0.0,0.0,0.1557,64.0,32.95,28.8,217.5,123.8,1.599087894090169,0.6235170303216311,0.8236800000000001,1.0,1.0,justin fields,justinfields,jfields,New York Jets,00-0036945,26.0,218.0,1.0,0.0,10.0,37.0,2.0,0.0,0.0,0.0,0.0,J.Fields,NYJ,team_norm & _alias_init_last,5.329999999999998,-27.30000000000001,0.47,0.82,-1.6899999999999995,-7.399999999999999,-1.83,0.0,0.0,0.0,0.0
2025,1,0.0,2025_01_PIT_NYJ,New York Jets,Breece Hall,RB,00-0038120,1.0,0.0,0.0,0.0,0.0,12.55,42.8,0.33,3.44,2.38,14.8,0.17,0.3914,64.0,32.95,28.8,217.5,123.8,1.599087894090169,0.6235170303216311,0.8236800000000001,1.0,1.0,breece hall,breecehall,bhall,New York Jets,00-0038120,0.0,0.0,0.0,0.0,19.0,107.0,0.0,4.0,2.0,38.0,0.0,B.Hall,NYJ,team_norm & _alias_init_last,0.0,0.0,0.0,0.0,-6.449999999999999,-64.2,0.33,-0.56,0.3799999999999999,-23.2,0.17
2025,1,0.0,2025_01_PIT_NYJ,New York Jets,Braelon Allen,RB,00-0039794,1.0,0.0,0.0,0.0,0.0,6.97,25.8,0.12,2.14,1.5,10.5,0.1,0.202,64.0,32.95,28.8,217.5,123.8,1.599087894090169,0.6235170303216311,0.8236800000000001,1.0,1.0,braelon allen,braelonallen,ballen,New York Jets,00-0039794,0.0,0.0,0.0,0.0,7.0,9.0,1.0,0.0,0.0,0.0,0.0,B.Allen,NYJ,team_norm & _alias_init_last,0.0,0.0,0.0,0.0,-0.03000000000000025,16.8,-0.88,2.14,1.5,10.5,0.1
2025,1,0.0,2025_01_PIT_NYJ,New York Jets,Isaiah Davis,RB,00-0039798,1.0,0.0,0.0,0.0,0.0,0.96,3.5,0.02,0.0,0.0,0.0,0.0,0.0177,64.0,32.95,28.8,217.5,123.8,1.599087894090169,0.6235170303216311,0.8236800000000001,1.0,1.0,isaiah davis,isaiahdavis,idavis,New York Jets,00-0039798,0.0,0.0,0.0,0.0,2.0,18.0,0.0,0.0,0.0,0.0,0.0,I.Davis,NYJ,team_norm & _alias_init_last,0.0,0.0,0.0,0.0,-1.04,-14.5,0.02,0.0,0.0,0.0,0.0
2025,1,0.0,2025_01_PIT_NYJ,New York Jets,Kene Nwangwu,RB,00-0036842,1.0,0.0,0.0,0.0,0.0,0.0,0.0,0.0,0.0,0.0,0.0,0.0,0.0,64.0,32.95,28.8,217.5,123.8,1.599087894090169,0.6235170303216311,0.8236800000000001,1.0,1.0,kene nwangwu,kenenwangwu,knwangwu,New York Jets,00-0036842,,,,,,,,,,,,,,,,,,,,,,,,,
2025,1,0.0,2025_01_PIT_NYJ,New York Jets,Jeremy Ruckert,TE,00-0037805,1.0,0.0,0.0,0.0,0.0,0.0,0.0,0.0,3.31,2.3,16.4,0.14,0.1346,64.0,32.95,28.8,217.5,123.8,1.599087894090169,0.6235170303216311,0.8236800000000001,1.0,1.0,jeremy ruckert,jeremyruckert,jruckert,New York Jets,00-0037805,0.0,0.0,0.0,0.0,0.0,0.0,0.0,2.0,2.0,16.0,0.0,J.Ruckert,NYJ,team_norm & _alias_init_last,0.0,0.0,0.0,0.0,0.0,0.0,0.0,1.31,0.2999999999999998,0.3999999999999986,0.14
2025,1,0.0,2025_01_PIT_NYJ,New York Jets,Jelani Woods,TE,00-0037755,1.0,0.0,0.0,0.0,0.0,0.0,0.0,0.0,0.0,0.0,0.0,0.0,0.0,64.0,32.95,28.8,217.5,123.8,1.599087894090169,0.6235170303216311,0.8236800000000001,0.0,0.0,jelani woods,jelaniwoods,jwoods,New York Jets,00-0037755,,,,,,,,,,,,,,,,,,,,,,,,,
2025,1,0.0,2025_01_PIT_NYJ,New York Jets,Mason Taylor,TE,00-0040736,1.0,0.0,0.0,0.0,0.0,0.0,0.0,0.0,0.0,0.0,0.0,0.0,0.0,64.0,32.95,28.8,217.5,123.8,1.599087894090169,0.6235170303216311,0.8236800000000001,1.0,1.0,mason taylor,masontaylor,mtaylor,New York Jets,00-0040736,0.0,0.0,0.0,0.0,0.0,0.0,0.0,1.0,1.0,20.0,0.0,M.Taylor,NYJ,team_norm & _alias_init_last,0.0,0.0,0.0,0.0,0.0,0.0,0.0,-1.0,-1.0,-20.0,0.0
2025,1,0.0,2025_01_PIT_NYJ,New York Jets,Stone Smartt,TE,00-0037475,1.0,0.0,0.0,0.0,0.0,0.0,0.0,0.0,0.0,0.0,0.0,0.0,0.0,64.0,32.95,28.8,217.5,123.8,1.599087894090169,0.6235170303216311,0.8236800000000001,1.0,1.0,stone smartt,stonesmartt,ssmartt,New York Jets,00-0037475,,,,,,,,,,,,,,,,,,,,,,,,,
2025,1,0.0,2025_01_PIT_NYJ,New York Jets,Garrett Wilson,WR,00-0037740,1.0,0.0,0.0,0.0,0.0,0.0,0.0,0.0,10.65,5.97,50.8,0.48,0.3841,64.0,32.95,28.8,217.5,123.8,1.599087894090169,0.6235170303216311,0.8236800000000001,1.0,1.0,garrett wilson,garrettwilson,gwilson,New York Jets,00-0037740,0.0,0.0,0.0,0.0,0.0,0.0,0.0,10.0,7.0,95.0,1.0,G.Wilson,NYJ,team_norm & _alias_init_last,0.0,0.0,0.0,0.0,0.0,0.0,0.0,0.6500000000000004,-1.0300000000000002,-44.2,-0.52
2025,1,0.0,2025_01_PIT_NYJ,New York Jets,Josh Reynolds,WR,00-0033943,1.0,0.0,0.0,0.0,0.0,0.0,0.0,0.0,8.02,4.74,41.4,0.39,0.3205,64.0,32.95,28.8,217.5,123.8,1.599087894090169,0.6235170303216311,0.8236800000000001,1.0,1.0,josh reynolds,joshreynolds,jreynolds,New York Jets,00-0033943,0.0,0.0,0.0,0.0,0.0,0.0,0.0,3.0,2.0,18.0,0.0,J.Reynolds,NYJ,team_norm & _alias_init_last,0.0,0.0,0.0,0.0,0.0,0.0,0.0,5.02,2.74,23.4,0.39
2025,1,0.0,2025_01_PIT_NYJ,New York Jets,Tyler Johnson,WR,00-0036427,1.0,0.0,0.0,0.0,0.0,0.0,0.0,0.0,5.35,3.21,29.6,0.27,0.2334,64.0,32.95,28.8,217.5,123.8,1.599087894090169,0.6235170303216311,0.8236800000000001,1.0,1.0,tyler johnson,tylerjohnson,tjohnson,New York Jets,00-0036427,0.0,0.0,0.0,0.0,0.0,0.0,0.0,2.0,2.0,31.0,0.0,T.Johnson,NYJ,team_norm & _alias_init_last,0.0,0.0,0.0,0.0,0.0,0.0,0.0,3.3499999999999996,1.21,-1.3999999999999986,0.27
2025,1,0.0,2025_01_PIT_NYJ,New York Jets,Adonai Mitchell,WR,00-0039890,0.0,0.0,0.0,0.0,0.0,0.0,0.0,0.0,0.0,0.0,0.0,0.0,0.0,64.0,32.95,28.8,217.5,123.8,1.599087894090169,0.6235170303216311,0.8236800000000001,0.0,0.0,adonai mitchell,adonaimitchell,amitchell,New York Jets,00-0039890,0.0,0.0,0.0,0.0,0.0,0.0,0.0,2.0,2.0,21.0,0.0,A.Mitchell,IND,_alias_init_last,0.0,0.0,0.0,0.0,0.0,0.0,0.0,-2.0,-2.0,-21.0,0.0
2025,1,0.0,2025_01_PIT_NYJ,New York Jets,Allen Lazard,WR,00-0034521,1.0,0.0,0.0,0.0,0.0,0.0,0.0,0.0,0.0,0.0,0.0,0.0,0.0,64.0,32.95,28.8,217.5,123.8,1.599087894090169,0.6235170303216311,0.8236800000000001,0.0,0.0,allen lazard,allenlazard,alazard,New York Jets,00-0034521,,,,,,,,,,,,,,,,,,,,,,,,,
2025,1,0.0,2025_01_PIT_NYJ,New York Jets,Arian Smith,WR,00-0040582,1.0,0.0,0.0,0.0,0.0,0.0,0.0,0.0,0.0,0.0,0.0,0.0,0.0,64.0,32.95,28.8,217.5,123.8,1.599087894090169,0.6235170303216311,0.8236800000000001,1.0,1.0,arian smith,ariansmith,asmith,New York Jets,00-0040407,,,,,,,,,,,,,,,,,,,,,,,,,
2025,1,0.0,2025_01_PIT_NYJ,Pittsburgh Steelers,Aaron Rodgers,QB,00-0023459,1.0,33.65,204.1,2.35,0.82,2.25,9.5,0.07,0.0,0.0,0.0,0.0,0.0704,64.0,32.95,28.8,217.5,123.8,2.578714563017306,1.0054934768263766,0.8236800000000001,1.0,1.0,aaron rodgers,aaronrodgers,arodgers,Pittsburgh Steelers,00-0023459,36.0,244.0,4.0,0.0,0.0,0.0,0.0,0.0,0.0,0.0,0.0,A.Rodgers,PIT,team_norm & _alias_init_last,-2.3500000000000014,-39.900000000000006,-1.65,0.82,2.25,9.5,0.07,0.0,0.0,0.0,0.0
2025,1,0.0,2025_01_PIT_NYJ,Pittsburgh Steelers,Jaylen Warren,RB,00-0037228,1.0,0.0,0.0,0.0,0.0,16.27,56.7,0.68,3.38,2.73,15.7,0.26,0.6115,64.0,32.95,28.8,217.5,123.8,2.578714563017306,1.0054934768263766,0.8236800000000001,1.0,1.0,jaylen warren,jaylenwarren,jwarren,Pittsburgh Steelers,00-0037228,0.0,0.0,0.0,0.0,11.0,37.0,0.0,2.0,2.0,22.0,1.0,J.Warren,PIT,team_norm & _alias_init_last,0.0,0.0,0.0,0.0,5.27,19.700000000000003,0.68,1.38,0.73,-6.300000000000001,-0.74
2025,1,0.0,2025_01_PIT_NYJ,Pittsburgh Steelers,Kenneth Gainwell,RB,00-0036919,1.0,0.0,0.0,0.0,0.0,9.04,31.3,0.27,2.1,1.61,9.3,0.17,0.3509,64.0,32.95,28.8,217.5,123.8,2.578714563017306,1.0054934768263766,0.8236800000000001,1.0,1.0,kenneth gainwell,kennethgainwell,kgainwell,Pittsburgh Steelers,00-0036919,0.0,0.0,0.0,0.0,7.0,19.0,0.0,4.0,3.0,4.0,0.0,K.Gainwell,PIT,team_norm & _alias_init_last,0.0,0.0,0.0,0.0,2.039999999999999,12.3,0.27,-1.9,-1.39,5.300000000000001,0.17
2025,1,0.0,2025_01_PIT_NYJ,Pittsburgh Steelers,Kaleb Johnson,RB,00-0040142,1.0,0.0,0.0,0.0,0.0,1.25,4.7,0.04,0.0,0.0,0.0,0.0,0.0349,64.0,32.95,28.8,217.5,123.8,2.578714563017306,1.0054934768263766,0.8236800000000001,1.0,1.0,kaleb johnson,kalebjohnson,kjohnson,Pittsburgh Steelers,00-0040142,0.0,0.0,0.0,0.0,1.0,-2.0,0.0,0.0,0.0,0.0,0.0,K.Johnson,PIT,team_norm & _alias_init_last,0.0,0.0,0.0,0.0,0.25,6.7,0.04,0.0,0.0,0.0,0.0
2025,1,0.0,2025_01_PIT_NYJ,Pittsburgh Steelers,Jonnu Smith,TE,00-0033858,1.0,0.0,0.0,0.0,0.0,0.0,0.0,0.0,3.31,2.43,15.6,0.24,0.2096,64.0,32.95,28.8,217.5,123.8,2.578714563017306,1.0054934768263766,0.8236800000000001,1.0,1.0,jonnu smith,jonnusmith,jsmith,Pittsburgh Steelers,00-0033858,0.0,0.0,0.0,0.0,0.0,0.0,0.0,7.0,5.0,15.0,1.0,J.Smith,PIT,team_norm & _alias_init_last,0.0,0.0,0.0,0.0,0.0,0.0,0.0,-3.69,-2.57,0.5999999999999996,-0.76
2025,1,0.0,2025_01_PIT_NYJ,Pittsburgh Steelers,Connor Heyward,TE,00-0037304,1.0,0.0,0.0,0.0,0.0,0.0,0.0,0.0,0.0,0.0,0.0,0.0,0.0,64.0,32.95,28.8,217.5,123.8,2.578714563017306,1.0054934768263766,0.8236800000000001,1.0,1.0,connor heyward,connorheyward,cheyward,Pittsburgh Steelers,00-0027969,,,,,,,,,,,,,,,,,,,,,,,,,
2025,1,0.0,2025_01_PIT_NYJ,Pittsburgh Steelers,Darnell Washington,TE,00-0038558,1.0,0.0,0.0,0.0,0.0,0.0,0.0,0.0,0.0,0.0,0.0,0.0,0.0,64.0,32.95,28.8,217.5,123.8,2.578714563017306,1.0054934768263766,0.8236800000000001,1.0,1.0,darnell washington,darnellwashington,dwashington,Pittsburgh Steelers,00-0038558,,,,,,,,,,,,,,,,,,,,,,,,,
2025,1,0.0,2025_01_PIT_NYJ,Pittsburgh Steelers,Donald Parham,TE,00-0035329,0.0,0.0,0.0,0.0,0.0,0.0,0.0,0.0,0.0,0.0,0.0,0.0,0.0,64.0,32.95,28.8,217.5,123.8,2.578714563017306,1.0054934768263766,0.8236800000000001,0.0,0.0,donald parham,donaldparham,dparham,Pittsburgh Steelers,00-0035329,,,,,,,,,,,,,,,,,,,,,,,,,
2025,1,0.0,2025_01_PIT_NYJ,Pittsburgh Steelers,Pat Freiermuth,TE,00-0036894,1.0,0.0,0.0,0.0,0.0,0.0,0.0,0.0,0.0,0.0,0.0,0.0,0.0,64.0,32.95,28.8,217.5,123.8,2.578714563017306,1.0054934768263766,0.8236800000000001,1.0,1.0,pat freiermuth,patfreiermuth,pfreiermuth,Pittsburgh Steelers,00-0036894,0.0,0.0,0.0,0.0,0.0,0.0,0.0,3.0,3.0,28.0,0.0,P.Freiermuth,PIT,team_norm & _alias_init_last,0.0,0.0,0.0,0.0,0.0,0.0,0.0,-3.0,-3.0,-28.0,0.0
2025,1,0.0,2025_01_PIT_NYJ,Pittsburgh Steelers,DK Metcalf,WR,00-0035640,1.0,0.0,0.0,0.0,0.0,0.0,0.0,0.0,10.42,5.84,50.7,0.78,0.5434,64.0,32.95,28.8,217.5,123.8,2.578714563017306,1.0054934768263766,0.8236800000000001,1.0,1.0,dk metcalf,dkmetcalf,dmetcalf,Pittsburgh Steelers,00-0035640,0.0,0.0,0.0,0.0,0.0,0.0,0.0,7.0,4.0,83.0,0.0,D.Metcalf,PIT,team_norm & _alias_init_last,0.0,0.0,0.0,0.0,0.0,0.0,0.0,3.42,1.8399999999999999,-32.3,0.78
2025,1,0.0,2025_01_PIT_NYJ,Pittsburgh Steelers,Calvin Austin III,WR,00-0037837,1.0,0.0,0.0,0.0,0.0,0.0,0.0,0.0,7.85,4.24,39.1,0.55,0.4222,64.0,32.95,28.8,217.5,123.8,2.578714563017306,1.0054934768263766,0.8236800000000001,1.0,1.0,calvin austin iii,calvinaustiniii,caustin,Pittsburgh Steelers,00-0037837,0.0,0.0,0.0,0.0,0.0,0.0,0.0,7.0,4.0,70.0,1.0,C.Austin,PIT,team_norm & _alias_init_last,0.0,0.0,0.0,0.0,0.0,0.0,0.0,0.8499999999999996,0.2400000000000002,-30.9,-0.44999999999999996
2025,1,0.0,2025_01_PIT_NYJ,Pittsburgh Steelers,Roman Wilson,WR,00-0039739,1.0,0.0,0.0,0.0,0.0,0.0,0.0,0.0,5.23,3.15,35.9,0.39,0.3237,64.0,32.95,28.8,217.5,123.8,2.578714563017306,1.0054934768263766,0.8236800000000001,1.0,1.0,roman wilson,romanwilson,rwilson,Pittsburgh Steelers,00-0039739,51.0,168.0,0.0,0.0,2.0,4.0,0.0,0.0,0.0,0.0,0.0,R.Wilson,NYG,_alias_init_last,-51.0,-168.0,0.0,0.0,-2.0,-4.0,0.0,5.23,3.15,35.9,0.39
2025,1,0.0,2025_01_PIT_NYJ,Pittsburgh Steelers,Ben Skowronek,WR,00-0036862,1.0,0.0,0.0,0.0,0.0,0.0,0.0,0.0,0.65,0.42,3.7,0.05,0.0461,64.0,32.95,28.8,217.5,123.8,2.578714563017306,1.0054934768263766,0.8236800000000001,1.0,1.0,ben skowronek,benskowronek,bskowronek,Pittsburgh Steelers,00-0036862,0.0,0.0,0.0,0.0,0.0,0.0,0.0,1.0,1.0,22.0,1.0,B.Skowronek,PIT,team_norm & _alias_init_last,0.0,0.0,0.0,0.0,0.0,0.0,0.0,-0.35,-0.5800000000000001,-18.3,-0.95
2025,1,0.0,2025_01_PIT_NYJ,Pittsburgh Steelers,Adam Thielen,WR,00-0030035,0.0,0.0,0.0,0.0,0.0,0.0,0.0,0.0,0.0,0.0,0.0,0.0,0.0,64.0,32.95,28.8,217.5,123.8,2.578714563017306,1.0054934768263766,0.8236800000000001,0.0,0.0,adam thielen,adamthielen,athielen,Pittsburgh Steelers,00-0030035,0.0,0.0,0.0,0.0,0.0,0.0,0.0,3.0,0.0,0.0,0.0,A.Thielen,MIN,_alias_init_last,0.0,0.0,0.0,0.0,0.0,0.0,0.0,-3.0,0.0,0.0,0.0
2025,1,0.0,2025_01_PIT_NYJ,Pittsburgh Steelers,Brandon Johnson,WR,00-0037382,0.0,0.0,0.0,0.0,0.0,0.0,0.0,0.0,0.0,0.0,0.0,0.0,0.0,64.0,32.95,28.8,217.5,123.8,2.578714563017306,1.0054934768263766,0.8236800000000001,0.0,0.0,brandon johnson,brandonjohnson,bjohnson,Pittsburgh Steelers,00-0037382,,,,,,,,,,,,,,,,,,,,,,,,,
2025,1,0.0,2025_01_PIT_NYJ,Pittsburgh Steelers,Scott Miller,WR,00-0035298,1.0,0.0,0.0,0.0,0.0,0.0,0.0,0.0,0.0,0.0,0.0,0.0,0.0,64.0,32.95,28.8,217.5,123.8,2.578714563017306,1.0054934768263766,0.8236800000000001,1.0,1.0,scott miller,scottmiller,smiller,Pittsburgh Steelers,00-0035298,,,,,,,,,,,,,,,,,,,,,,,,,
2025,1,0.0,2025_01_SF_SEA,San Francisco 49ers,Kyle Juszczyk,FB,00-0029892,1.0,0.0,0.0,0.0,0.0,0.0,0.0,0.0,0.0,0.0,0.0,0.0,0.0,64.0,32.95,28.8,217.5,123.8,2.0949231713044223,0.8168533320470828,0.8236800000000001,1.0,1.0,kyle juszczyk,kylejuszczyk,kjuszczyk,San Francisco 49ers,00-0029892,0.0,0.0,0.0,0.0,0.0,0.0,0.0,2.0,2.0,32.0,0.0,K.Juszczyk,SF,team_norm & _alias_init_last,0.0,0.0,0.0,0.0,0.0,0.0,0.0,-2.0,-2.0,-32.0,0.0
2025,1,0.0,2025_01_SF_SEA,San Francisco 49ers,Brock Purdy,QB,00-0037834,1.0,32.44,217.8,2.03,0.82,5.62,20.9,0.18,0.0,0.0,0.0,0.0,0.1633,64.0,32.95,28.8,217.5,123.8,2.0949231713044223,0.8168533320470828,0.8236800000000001,1.0,1.0,brock purdy,brockpurdy,bpurdy,San Francisco 49ers,00-0037834,42.0,277.0,2.0,2.0,0.0,0.0,0.0,0.0,0.0,0.0,0.0,B.Purdy,SF,team_norm & _alias_init_last,-9.560000000000002,-59.19999999999999,0.029999999999999805,-1.1800000000000002,5.62,20.9,0.18,0.0,0.0,0.0,0.0
2025,1,0.0,2025_01_SF_SEA,San Francisco 49ers,Christian McCaffrey,RB,00-0033280,1.0,0.0,0.0,0.0,0.0,11.96,40.6,0.44,3.25,2.57,13.7,0.21,0.4809,64.0,32.95,28.8,217.5,123.8,2.0949231713044223,0.8168533320470828,0.8236800000000001,1.0,1.0,christian mccaffrey,christianmccaffrey,cmccaffrey,San Francisco 49ers,00-0033280,0.0,0.0,0.0,0.0,23.0,69.0,0.0,10.0,9.0,73.0,0.0,C.McCaffrey,SF,team_norm & _alias_init_last,0.0,0.0,0.0,0.0,-11.04,-28.4,0.44,-6.75,-6.43,-59.3,0.21
2025,1,0.0,2025_01_SF_SEA,San Francisco 49ers,Brian Robinson Jr.,RB,,0.0,0.0,0.0,0.0,0.0,6.64,28.5,0.15,2.02,1.47,12.3,0.13,0.2398,64.0,32.95,28.8,217.5,123.8,2.0949231713044223,0.8168533320470828,0.8236800000000001,0.0,0.0,brian robinson jr.,brianrobinsonjr,brobinson,San Francisco 49ers,00-0037746,0.0,0.0,0.0,0.0,9.0,33.0,0.0,2.0,1.0,4.0,0.0,B.Robinson,SF,team_norm & _alias_init_last,0.0,0.0,0.0,0.0,-2.3600000000000003,-4.5,0.15,0.020000000000000018,0.47,8.3,0.13
2025,1,0.0,2025_01_SF_SEA,San Francisco 49ers,Brian Robinson,RB,00-0037746,1.0,0.0,0.0,0.0,0.0,4.58,16.0,0.11,0.84,0.63,3.7,0.05,0.1533,64.0,32.95,28.8,217.5,123.8,2.0949231713044223,0.8168533320470828,0.8236800000000001,1.0,1.0,brian robinson,brianrobinson,brobinson,San Francisco 49ers,00-0037746,0.0,0.0,0.0,0.0,9.0,33.0,0.0,2.0,1.0,4.0,0.0,B.Robinson,SF,team_norm & _alias_init_last,0.0,0.0,0.0,0.0,-4.42,-17.0,0.11,-1.1600000000000001,-0.37,-0.2999999999999998,0.05
2025,1,0.0,2025_01_SF_SEA,San Francisco 49ers,Isaac Guerendo,RB,00-0039363,1.0,0.0,0.0,0.0,0.0,0.0,0.0,0.0,0.0,0.0,0.0,0.0,0.0,64.0,32.95,28.8,217.5,123.8,2.0949231713044223,0.8168533320470828,0.8236800000000001,1.0,1.0,isaac guerendo,isaacguerendo,iguerendo,San Francisco 49ers,00-0039363,,,,,,,,,,,,,,,,,,,,,,,,,
2025,1,0.0,2025_01_SF_SEA,San Francisco 49ers,Luke Farrell,TE,00-0036887,1.0,0.0,0.0,0.0,0.0,0.0,0.0,0.0,3.32,2.37,18.3,0.2,0.1777,64.0,32.95,28.8,217.5,123.8,2.0949231713044223,0.8168533320470828,0.8236800000000001,1.0,1.0,luke farrell,lukefarrell,lfarrell,San Francisco 49ers,00-0036887,0.0,0.0,0.0,0.0,0.0,0.0,0.0,1.0,1.0,4.0,0.0,L.Farrell,SF,team_norm & _alias_init_last,0.0,0.0,0.0,0.0,0.0,0.0,0.0,2.32,1.37,14.3,0.2
2025,1,0.0,2025_01_SF_SEA,San Francisco 49ers,Brayden Willis,TE,00-0038643,1.0,0.0,0.0,0.0,0.0,0.0,0.0,0.0,0.0,0.0,0.0,0.0,0.0,64.0,32.95,28.8,217.5,123.8,2.0949231713044223,0.8168533320470828,0.8236800000000001,0.0,0.0,brayden willis,braydenwillis,bwillis,San Francisco 49ers,00-0038643,,,,,,,,,,,,,,,,,,,,,,,,,
2025,1,0.0,2025_01_SF_SEA,San Francisco 49ers,George Kittle,TE,00-0033288,1.0,0.0,0.0,0.0,0.0,0.0,0.0,0.0,0.0,0.0,0.0,0.0,0.0,64.0,32.95,28.8,217.5,123.8,2.0949231713044223,0.8168533320470828,0.8236800000000001,1.0,1.0,george kittle,georgekittle,gkittle,San Francisco 49ers,00-0033288,0.0,0.0,0.0,0.0,0.0,0.0,0.0,4.0,4.0,25.0,1.0,G.Kittle,SF,team_norm & _alias_init_last,0.0,0.0,0.0,0.0,0.0,0.0,0.0,-4.0,-4.0,-25.0,-1.0
2025,1,0.0,2025_01_SF_SEA,San Francisco 49ers,Hayden Rucci,TE,00-0039489,0.0,0.0,0.0,0.0,0.0,0.0,0.0,0.0,0.0,0.0,0.0,0.0,0.0,64.0,32.95,28.8,217.5,123.8,2.0949231713044223,0.8168533320470828,0.8236800000000001,0.0,0.0,hayden rucci,haydenrucci,hrucci,San Francisco 49ers,00-0039489,,,,,,,,,,,,,,,,,,,,,,,,,
2025,1,0.0,2025_01_SF_SEA,San Francisco 49ers,Jake Tonges,TE,00-0037112,1.0,0.0,0.0,0.0,0.0,0.0,0.0,0.0,0.0,0.0,0.0,0.0,0.0,64.0,32.95,28.8,217.5,123.8,2.0949231713044223,0.8168533320470828,0.8236800000000001,1.0,1.0,jake tonges,jaketonges,jtonges,San Francisco 49ers,00-0037112,0.0,0.0,0.0,0.0,0.0,0.0,0.0,3.0,3.0,15.0,1.0,J.Tonges,SF,team_norm & _alias_init_last,0.0,0.0,0.0,0.0,0.0,0.0,0.0,-3.0,-3.0,-15.0,-1.0
2025,1,0.0,2025_01_SF_SEA,San Francisco 49ers,Jauan Jennings,WR,00-0036259,1.0,0.0,0.0,0.0,0.0,0.0,0.0,0.0,10.22,6.24,47.5,0.62,0.4601,64.0,32.95,28.8,217.5,123.8,2.0949231713044223,0.8168533320470828,0.8236800000000001,1.0,1.0,jauan jennings,jauanjennings,jjennings,San Francisco 49ers,,0.0,0.0,0.0,0.0,0.0,0.0,0.0,5.0,2.0,16.0,0.0,J.Jennings,SF,team_norm & _alias_init_last,0.0,0.0,0.0,0.0,0.0,0.0,0.0,5.220000000000001,4.24,31.5,0.62
2025,1,0.0,2025_01_SF_SEA,San Francisco 49ers,Ricky Pearsall,WR,00-0039916,1.0,0.0,0.0,0.0,0.0,0.0,0.0,0.0,7.69,4.67,38.9,0.47,0.3733,64.0,32.95,28.8,217.5,123.8,2.0949231713044223,0.8168533320470828,0.8236800000000001,1.0,1.0,ricky pearsall,rickypearsall,rpearsall,San Francisco 49ers,00-0039916,0.0,0.0,0.0,0.0,0.0,0.0,0.0,8.0,4.0,108.0,0.0,R.Pearsall,SF,team_norm & _alias_init_last,0.0,0.0,0.0,0.0,0.0,0.0,0.0,-0.3099999999999996,0.6699999999999999,-69.1,0.47
2025,1,0.0,2025_01_SF_SEA,San Francisco 49ers,Kendrick Bourne,WR,00-0033307,0.0,0.0,0.0,0.0,0.0,0.0,0.0,0.0,5.13,3.37,23.0,0.3,0.2565,64.0,32.95,28.8,217.5,123.8,2.0949231713044223,0.8168533320470828,0.8236800000000001,0.0,0.0,kendrick bourne,kendrickbourne,kbourne,San Francisco 49ers,00-0033307,,,,,,,,,,,,,,,,,,,,,,,,,
2025,1,0.0,2025_01_SF_SEA,San Francisco 49ers,Brandon Aiyuk,WR,00-0036261,1.0,0.0,0.0,0.0,0.0,0.0,0.0,0.0,0.0,0.0,0.0,0.0,0.0,64.0,32.95,28.8,217.5,123.8,2.0949231713044223,0.8168533320470828,0.8236800000000001,0.0,0.0,brandon aiyuk,brandonaiyuk,baiyuk,San Francisco 49ers,00-0036261,,,,,,,,,,,,,,,,,,,,,,,,,
2025,1,0.0,2025_01_SF_SEA,San Francisco 49ers,Colton Dowell,WR,00-0038632,0.0,0.0,0.0,0.0,0.0,0.0,0.0,0.0,0.0,0.0,0.0,0.0,0.0,64.0,32.95,28.8,217.5,123.8,2.0949231713044223,0.8168533320470828,0.8236800000000001,0.0,0.0,colton dowell,coltondowell,cdowell,San Francisco 49ers,00-0038632,,,,,,,,,,,,,,,,,,,,,,,,,
2025,1,0.0,2025_01_SF_SEA,San Francisco 49ers,Demarcus Robinson,WR,00-0032775,1.0,0.0,0.0,0.0,0.0,0.0,0.0,0.0,0.0,0.0,0.0,0.0,0.0,64.0,32.95,28.8,217.5,123.8,2.0949231713044223,0.8168533320470828,0.8236800000000001,0.0,0.0,demarcus robinson,demarcusrobinson,drobinson,San Francisco 49ers,00-0032775,,,,,,,,,,,,,,,,,,,,,,,,,
2025,1,0.0,2025_01_SF_SEA,San Francisco 49ers,Russell Gage,WR,00-0034411,1.0,0.0,0.0,0.0,0.0,0.0,0.0,0.0,0.0,0.0,0.0,0.0,0.0,64.0,32.95,28.8,217.5,123.8,2.0949231713044223,0.8168533320470828,0.8236800000000001,1.0,1.0,russell gage,russellgage,rgage,San Francisco 49ers,00-0034411,,,,,,,,,,,,,,,,,,,,,,,,,
2025,1,0.0,2025_01_SF_SEA,San Francisco 49ers,Skyy Moore,WR,00-0038090,1.0,0.0,0.0,0.0,0.0,0.0,0.0,0.0,0.0,0.0,0.0,0.0,0.0,64.0,32.95,28.8,217.5,123.8,2.0949231713044223,0.8168533320470828,0.8236800000000001,1.0,1.0,skyy moore,skyymoore,smoore,San Francisco 49ers,00-0038090,,,,,,,,,,,,,,,,,,,,,,,,,
2025,1,0.0,2025_01_SF_SEA,Seattle Seahawks,Sam Darnold,QB,00-0034869,1.0,31.57,199.5,1.89,0.82,6.14,23.2,0.16,0.0,0.0,0.0,0.0,0.1499,64.0,32.95,28.8,217.5,123.8,1.88910366832576,0.7366001040951904,0.8236800000000001,1.0,1.0,sam darnold,samdarnold,sdarnold,Seattle Seahawks,00-0034869,26.0,150.0,0.0,0.0,1.0,9.0,0.0,0.0,0.0,0.0,0.0,S.Darnold,SEA,team_norm & _alias_init_last,5.57,49.5,1.89,0.82,5.14,14.2,0.16,0.0,0.0,0.0,0.0
2025,1,0.0,2025_01_SF_SEA,Seattle Seahawks,Kenneth Walker III,RB,00-0038134,1.0,0.0,0.0,0.0,0.0,14.57,51.7,0.46,3.49,2.69,14.8,0.2,0.4824,64.0,32.95,28.8,217.5,123.8,1.88910366832576,0.7366001040951904,0.8236800000000001,1.0,1.0,kenneth walker iii,kennethwalkeriii,kwalker,Seattle Seahawks,00-0038134,0.0,0.0,0.0,0.0,10.0,20.0,0.0,4.0,3.0,4.0,0.0,K.Walker,SEA,team_norm & _alias_init_last,0.0,0.0,0.0,0.0,4.57,31.700000000000003,0.46,-0.5099999999999998,-0.31000000000000005,10.8,0.2
2025,1,0.0,2025_01_SF_SEA,Seattle Seahawks,Zach Charbonnet,RB,00-0039165,1.0,0.0,0.0,0.0,0.0,8.09,28.5,0.17,2.17,1.67,9.2,0.12,0.2505,64.0,32.95,28.8,217.5,123.8,1.88910366832576,0.7366001040951904,0.8236800000000001,1.0,1.0,zach charbonnet,zachcharbonnet,zcharbonnet,Seattle Seahawks,00-0039165,0.0,0.0,0.0,0.0,12.0,47.0,1.0,0.0,0.0,0.0,0.0,Z.Charbonnet,SEA,team_norm & _alias_init_last,0.0,0.0,0.0,0.0,-3.91,-18.5,-0.83,2.17,1.67,9.2,0.12
2025,1,0.0,2025_01_SF_SEA,Seattle Seahawks,George Holani,RB,00-0039299,1.0,0.0,0.0,0.0,0.0,0.0,0.0,0.0,0.0,0.0,0.0,0.0,0.0,64.0,32.95,28.8,217.5,123.8,1.88910366832576,0.7366001040951904,0.8236800000000001,1.0,1.0,george holani,georgeholani,gholani,Seattle Seahawks,00-0039299,,,,,,,,,,,,,,,,,,,,,,,,,
2025,1,0.0,2025_01_SF_SEA,Seattle Seahawks,AJ Barner,TE,00-0039793,1.0,0.0,0.0,0.0,0.0,0.0,0.0,0.0,3.33,2.52,16.8,0.18,0.1666,64.0,32.95,28.8,217.5,123.8,1.88910366832576,0.7366001040951904,0.8236800000000001,1.0,1.0,aj barner,ajbarner,abarner,Seattle Seahawks,00-0039793,0.0,0.0,0.0,0.0,1.0,2.0,0.0,2.0,1.0,0.0,0.0,A.Barner,SEA,team_norm & _alias_init_last,0.0,0.0,0.0,0.0,-1.0,-2.0,0.0,1.33,1.52,16.8,0.18
2025,1,0.0,2025_01_SF_SEA,Seattle Seahawks,Elijah Arroyo,TE,00-0040739,1.0,0.0,0.0,0.0,0.0,0.0,0.0,0.0,0.0,0.0,0.0,0.0,0.0,64.0,32.95,28.8,217.5,123.8,1.88910366832576,0.7366001040951904,0.8236800000000001,1.0,1.0,elijah arroyo,elijaharroyo,earroyo,Seattle Seahawks,00-0040739,0.0,0.0,0.0,0.0,0.0,0.0,0.0,1.0,1.0,7.0,0.0,E.Arroyo,SEA,team_norm & _alias_init_last,0.0,0.0,0.0,0.0,0.0,0.0,0.0,-1.0,-1.0,-7.0,0.0
2025,1,0.0,2025_01_SF_SEA,Seattle Seahawks,Eric Saubert,TE,00-0033576,1.0,0.0,0.0,0.0,0.0,0.0,0.0,0.0,0.0,0.0,0.0,0.0,0.0,64.0,32.95,28.8,217.5,123.8,1.88910366832576,0.7366001040951904,0.8236800000000001,1.0,1.0,eric saubert,ericsaubert,esaubert,Seattle Seahawks,00-0033576,,,,,,,,,,,,,,,,,,,,,,,,,
2025,1,0.0,2025_01_SF_SEA,Seattle Seahawks,Jaxon Smith-Njigba,WR,00-0038543,1.0,0.0,0.0,0.0,0.0,0.0,0.0,0.0,10.42,7.2,52.9,0.55,0.4253,64.0,32.95,28.8,217.5,123.8,1.88910366832576,0.7366001040951904,0.8236800000000001,1.0,1.0,jaxon smith-njigba,jaxonsmithnjigba,jsmithnjigba,Seattle Seahawks,00-0038543,0.0,0.0,0.0,0.0,0.0,0.0,0.0,13.0,9.0,124.0,0.0,J.Smith-Njigba,SEA,team_norm & _alias_init_last,0.0,0.0,0.0,0.0,0.0,0.0,0.0,-2.58,-1.7999999999999998,-71.1,0.55
2025,1,0.0,2025_01_SF_SEA,Seattle Seahawks,Cooper Kupp,WR,00-0033908,1.0,0.0,0.0,0.0,0.0,0.0,0.0,0.0,7.85,5.06,37.1,0.44,0.3533,64.0,32.95,28.8,217.5,123.8,1.88910366832576,0.7366001040951904,0.8236800000000001,1.0,1.0,cooper kupp,cooperkupp,ckupp,Seattle Seahawks,00-0033908,0.0,0.0,0.0,0.0,0.0,0.0,0.0,4.0,2.0,15.0,0.0,C.Kupp,SEA,team_norm & _alias_init_last,0.0,0.0,0.0,0.0,0.0,0.0,0.0,3.8499999999999996,3.0599999999999996,22.1,0.44
2025,1,0.0,2025_01_SF_SEA,Seattle Seahawks,Tory Horton,WR,00-0040648,1.0,0.0,0.0,0.0,0.0,0.0,0.0,0.0,5.23,3.01,35.3,0.3,0.2563,64.0,32.95,28.8,217.5,123.8,1.88910366832576,0.7366001040951904,0.8236800000000001,1.0,1.0,tory horton,toryhorton,thorton,Seattle Seahawks,00-0040648,,,,,,,,,,,,,,,,,,,,,,,,,
2025,1,0.0,2025_01_SF_SEA,Seattle Seahawks,Cody White,WR,00-0035891,1.0,0.0,0.0,0.0,0.0,0.0,0.0,0.0,0.0,0.0,0.0,0.0,0.0,64.0,32.95,28.8,217.5,123.8,1.88910366832576,0.7366001040951904,0.8236800000000001,1.0,1.0,cody white,codywhite,cwhite,Seattle Seahawks,00-0035891,,,,,,,,,,,,,,,,,,,,,,,,,
2025,1,0.0,2025_01_SF_SEA,Seattle Seahawks,Courtney Jackson,WR,00-0040445,0.0,0.0,0.0,0.0,0.0,0.0,0.0,0.0,0.0,0.0,0.0,0.0,0.0,64.0,32.95,28.8,217.5,123.8,1.88910366832576,0.7366001040951904,0.8236800000000001,0.0,0.0,courtney jackson,courtneyjackson,cjackson,Seattle Seahawks,00-0040445,,,,,,,,,,,,,,,,,,,,,,,,,
2025,1,0.0,2025_01_TB_ATL,Atlanta Falcons,Michael Penix Jr.,QB,00-0039917,1.0,32.95,204.4,2.31,0.82,2.53,10.7,0.07,0.0,0.0,0.0,0.0,0.0689,64.0,32.95,28.8,217.5,123.8,2.180349817511406,0.8501629261914503,0.8236800000000001,1.0,1.0,michael penix jr.,michaelpenixjr,mpenix,Atlanta Falcons,00-0039917,51.0,298.0,1.0,0.0,1.0,0.0,0.0,0.0,0.0,0.0,0.0,M.Penix,ATL,team_norm & _alias_init_last,-18.049999999999997,-93.6,1.31,0.82,1.5299999999999998,10.7,0.07,0.0,0.0,0.0,0.0
2025,1,0.0,2025_01_TB_ATL,Atlanta Falcons,Bijan Robinson,RB,00-0038542,1.0,0.0,0.0,0.0,0.0,16.89,56.5,0.59,2.82,2.09,13.1,0.19,0.5417,64.0,32.95,28.8,217.5,123.8,2.180349817511406,0.8501629261914503,0.8236800000000001,1.0,1.0,bijan robinson,bijanrobinson,brobinson,Atlanta Falcons,00-0038542,0.0,0.0,0.0,0.0,13.0,24.0,0.0,8.0,6.0,100.0,1.0,B.Robinson,ATL,team_norm & _alias_init_last,0.0,0.0,0.0,0.0,3.8900000000000006,32.5,0.59,-5.18,-3.91,-86.9,-0.81
2025,1,0.0,2025_01_TB_ATL,Atlanta Falcons,Tyler Allgeier,RB,00-0037263,1.0,0.0,0.0,0.0,0.0,9.38,31.5,0.22,1.75,1.37,8.4,0.11,0.2831,64.0,32.95,28.8,217.5,123.8,2.180349817511406,0.8501629261914503,0.8236800000000001,1.0,1.0,tyler allgeier,tylerallgeier,tallgeier,Atlanta Falcons,00-0037263,0.0,0.0,0.0,0.0,10.0,24.0,0.0,0.0,0.0,0.0,0.0,T.Allgeier,ATL,team_norm & _alias_init_last,0.0,0.0,0.0,0.0,-0.6199999999999992,7.5,0.22,1.75,1.37,8.4,0.11
2025,1,0.0,2025_01_TB_ATL,Atlanta Falcons,Carlos Washington,RB,00-0038930,1.0,0.0,0.0,0.0,0.0,0.0,0.0,0.0,0.0,0.0,0.0,0.0,0.0,64.0,32.95,28.8,217.5,123.8,2.180349817511406,0.8501629261914503,0.8236800000000001,1.0,1.0,carlos washington,carloswashington,cwashington,Atlanta Falcons,00-0038930,0.0,0.0,0.0,0.0,0.0,0.0,0.0,6.0,3.0,33.0,0.0,Cas.Washington,ATL,team_norm & _alias_init_last,0.0,0.0,0.0,0.0,0.0,0.0,0.0,-6.0,-3.0,-33.0,0.0
2025,1,0.0,2025_01_TB_ATL,Atlanta Falcons,Kyle Pitts Sr.,TE,,0.0,0.0,0.0,0.0,0.0,0.0,0.0,0.0,3.27,2.11,25.9,0.22,0.1946,64.0,32.95,28.8,217.5,123.8,2.180349817511406,0.8501629261914503,0.8236800000000001,0.0,0.0,kyle pitts sr.,kylepittssr,kpitts,Atlanta Falcons,00-0036970,0.0,0.0,0.0,0.0,0.0,0.0,0.0,9.0,7.0,59.0,0.0,K.Pitts,ATL,team_norm & _alias_init_last,0.0,0.0,0.0,0.0,0.0,0.0,0.0,-5.73,-4.890000000000001,-33.1,0.22
2025,1,0.0,2025_01_TB_ATL,Atlanta Falcons,Charlie Woerner,TE,00-0036429,1.0,0.0,0.0,0.0,0.0,0.0,0.0,0.0,0.0,0.0,0.0,0.0,0.0,64.0,32.95,28.8,217.5,123.8,2.180349817511406,0.8501629261914503,0.8236800000000001,1.0,1.0,charlie woerner,charliewoerner,cwoerner,Atlanta Falcons,00-0036429,,,,,,,,,,,,,,,,,,,,,,,,,
2025,1,0.0,2025_01_TB_ATL,Atlanta Falcons,Feleipe Franks,TE,00-0036825,1.0,0.0,0.0,0.0,0.0,0.0,0.0,0.0,0.0,0.0,0.0,0.0,0.0,64.0,32.95,28.8,217.5,123.8,2.180349817511406,0.8501629261914503,0.8236800000000001,1.0,1.0,feleipe franks,feleipefranks,ffranks,Atlanta Falcons,00-0036825,,,,,,,,,,,,,,,,,,,,,,,,,
2025,1,0.0,2025_01_TB_ATL,Atlanta Falcons,Joshua Simon,TE,00-0040552,0.0,0.0,0.0,0.0,0.0,0.0,0.0,0.0,0.0,0.0,0.0,0.0,0.0,64.0,32.95,28.8,217.5,123.8,2.180349817511406,0.8501629261914503,0.8236800000000001,0.0,0.0,joshua simon,joshuasimon,jsimon,Atlanta Falcons,00-0040552,,,,,,,,,,,,,,,,,,,,,,,,,
2025,1,0.0,2025_01_TB_ATL,Atlanta Falcons,Kyle Pitts,TE,00-0036970,1.0,0.0,0.0,0.0,0.0,0.0,0.0,0.0,0.0,0.0,0.0,0.0,0.0,64.0,32.95,28.8,217.5,123.8,2.180349817511406,0.8501629261914503,0.8236800000000001,1.0,1.0,kyle pitts,kylepitts,kpitts,Atlanta Falcons,00-0036970,0.0,0.0,0.0,0.0,0.0,0.0,0.0,9.0,7.0,59.0,0.0,K.Pitts,ATL,team_norm & _alias_init_last,0.0,0.0,0.0,0.0,0.0,0.0,0.0,-9.0,-7.0,-59.0,0.0
2025,1,0.0,2025_01_TB_ATL,Atlanta Falcons,Teagan Quitoriano,TE,00-0037277,1.0,0.0,0.0,0.0,0.0,0.0,0.0,0.0,0.0,0.0,0.0,0.0,0.0,64.0,32.95,28.8,217.5,123.8,2.180349817511406,0.8501629261914503,0.8236800000000001,1.0,1.0,teagan quitoriano,teaganquitoriano,tquitoriano,Atlanta Falcons,00-0037277,,,,,,,,,,,,,,,,,,,,,,,,,
2025,1,0.0,2025_01_TB_ATL,Atlanta Falcons,Drake London,WR,00-0037238,1.0,0.0,0.0,0.0,0.0,0.0,0.0,0.0,9.01,5.38,43.3,0.57,0.437,64.0,32.95,28.8,217.5,123.8,2.180349817511406,0.8501629261914503,0.8236800000000001,1.0,1.0,drake london,drakelondon,dlondon,Atlanta Falcons,00-0037238,0.0,0.0,0.0,0.0,0.0,0.0,0.0,15.0,8.0,55.0,0.0,D.London,ATL,team_norm & _alias_init_last,0.0,0.0,0.0,0.0,0.0,0.0,0.0,-5.99,-2.62,-11.700000000000003,0.57
2025,1,0.0,2025_01_TB_ATL,Atlanta Falcons,Darnell Mooney,WR,00-0036309,1.0,0.0,0.0,0.0,0.0,0.0,0.0,0.0,6.78,3.67,32.7,0.41,0.3348,64.0,32.95,28.8,217.5,123.8,2.180349817511406,0.8501629261914503,0.8236800000000001,0.0,0.0,darnell mooney,darnellmooney,dmooney,Atlanta Falcons,00-0036309,,,,,,,,,,,,,,,,,,,,,,,,,
2025,1,0.0,2025_01_TB_ATL,Atlanta Falcons,Ray-Ray McCloud III,WR,,0.0,0.0,0.0,0.0,0.0,0.0,0.0,0.0,4.52,2.78,38.6,0.3,0.2587,64.0,32.95,28.8,217.5,123.8,2.180349817511406,0.8501629261914503,0.8236800000000001,0.0,0.0,ray-ray mccloud iii,rayraymccloudiii,rraymccloud,Atlanta Falcons,,,,,,,,,,,,,,,,,,,,,,,,,,
2025,1,0.0,2025_01_TB_ATL,Atlanta Falcons,Casey Washington,WR,00-0039394,1.0,0.0,0.0,0.0,0.0,0.0,0.0,0.0,2.32,1.33,19.5,0.15,0.1397,64.0,32.95,28.8,217.5,123.8,2.180349817511406,0.8501629261914503,0.8236800000000001,1.0,1.0,casey washington,caseywashington,cwashington,Atlanta Falcons,00-0038930,0.0,0.0,0.0,0.0,0.0,0.0,0.0,6.0,3.0,33.0,0.0,Cas.Washington,ATL,team_norm & _alias_init_last,0.0,0.0,0.0,0.0,0.0,0.0,0.0,-3.68,-1.67,-13.5,0.15
2025,1,0.0,2025_01_TB_ATL,Atlanta Falcons,R.McCloud,WR,,0.0,0.0,0.0,0.0,0.0,0.0,0.0,0.0,1.93,1.23,18.4,0.13,0.1199,64.0,32.95,28.8,217.5,123.8,2.180349817511406,0.8501629261914503,0.8236800000000001,0.0,0.0,r.mccloud,rmccloud,rmccloud,Atlanta Falcons,,0.0,0.0,0.0,0.0,0.0,0.0,0.0,6.0,3.0,51.0,0.0,R.McCloud,ATL,team_norm & _name_norm_loose,0.0,0.0,0.0,0.0,0.0,0.0,0.0,-4.07,-1.77,-32.6,0.13
2025,1,0.0,2025_01_TB_ATL,Atlanta Falcons,KhaDarel Hodge,WR,00-0034854,1.0,0.0,0.0,0.0,0.0,0.0,0.0,0.0,0.54,0.31,3.3,0.03,0.032,64.0,32.95,28.8,217.5,123.8,2.180349817511406,0.8501629261914503,0.8236800000000001,1.0,1.0,khadarel hodge,khadarelhodge,khodge,Atlanta Falcons,00-0034854,0.0,0.0,0.0,0.0,0.0,0.0,0.0,1.0,0.0,0.0,0.0,K.Hodge,ATL,team_norm & _alias_init_last,0.0,0.0,0.0,0.0,0.0,0.0,0.0,-0.45999999999999996,0.31,3.3,0.03
2025,1,0.0,2025_01_TB_ATL,Atlanta Falcons,Chris Blair,WR,00-0036463,0.0,0.0,0.0,0.0,0.0,0.0,0.0,0.0,0.0,0.0,0.0,0.0,0.0,64.0,32.95,28.8,217.5,123.8,2.180349817511406,0.8501629261914503,0.8236800000000001,0.0,0.0,chris blair,chrisblair,cblair,Atlanta Falcons,00-0036463,,,,,,,,,,,,,,,,,,,,,,,,,
2025,1,0.0,2025_01_TB_ATL,Atlanta Falcons,David Sills,WR,00-0035359,1.0,0.0,0.0,0.0,0.0,0.0,0.0,0.0,0.0,0.0,0.0,0.0,0.0,64.0,32.95,28.8,217.5,123.8,2.180349817511406,0.8501629261914503,0.8236800000000001,1.0,1.0,david sills,davidsills,dsills,Atlanta Falcons,00-0035359,,,,,,,,,,,,,,,,,,,,,,,,,
2025,1,0.0,2025_01_TB_ATL,Tampa Bay Buccaneers,Baker Mayfield,QB,00-0034855,1.0,33.98,216.6,2.83,0.82,5.43,21.5,0.22,0.0,0.0,0.0,0.0,0.2013,64.0,32.95,28.8,217.5,123.8,2.991672256677908,1.1665141159990782,0.8236800000000001,1.0,1.0,baker mayfield,bakermayfield,bmayfield,Tampa Bay Buccaneers,00-0034855,38.0,167.0,3.0,0.0,0.0,0.0,0.0,0.0,0.0,0.0,0.0,B.Mayfield,TB,team_norm & _alias_init_last,-4.020000000000003,49.599999999999994,-0.16999999999999993,0.82,5.43,21.5,0.22,0.0,0.0,0.0,0.0
2025,1,0.0,2025_01_TB_ATL,Tampa Bay Buccaneers,Bucky Irving,RB,00-0039361,1.0,0.0,0.0,0.0,0.0,14.41,51.8,0.7,3.06,2.51,14.3,0.28,0.6265,64.0,32.95,28.8,217.5,123.8,2.991672256677908,1.1665141159990782,0.8236800000000001,1.0,1.0,bucky irving,buckyirving,birving,Tampa Bay Buccaneers,,0.0,0.0,0.0,0.0,14.0,37.0,0.0,4.0,4.0,8.0,1.0,B.Irving,TB,team_norm & _alias_init_last,0.0,0.0,0.0,0.0,0.41000000000000014,14.799999999999997,0.7,-0.94,-1.4900000000000002,6.300000000000001,-0.72
2025,1,0.0,2025_01_TB_ATL,Tampa Bay Buccaneers,Rachaad White,RB,00-0037256,1.0,0.0,0.0,0.0,0.0,8.0,27.7,0.25,1.9,1.59,7.8,0.18,0.345,64.0,32.95,28.8,217.5,123.8,2.991672256677908,1.1665141159990782,0.8236800000000001,1.0,1.0,rachaad white,rachaadwhite,rwhite,Tampa Bay Buccaneers,00-0037256,0.0,0.0,0.0,0.0,2.0,14.0,0.0,1.0,1.0,2.0,0.0,R.White,TB,team_norm & _alias_init_last,0.0,0.0,0.0,0.0,6.0,13.7,0.25,0.8999999999999999,0.5900000000000001,5.8,0.18
2025,1,0.0,2025_01_TB_ATL,Tampa Bay Buccaneers,Sean Tucker,RB,00-0038951,1.0,0.0,0.0,0.0,0.0,0.96,3.4,0.03,0.0,0.0,0.0,0.0,0.0321,64.0,32.95,28.8,217.5,123.8,2.991672256677908,1.1665141159990782,0.8236800000000001,1.0,1.0,sean tucker,seantucker,stucker,Tampa Bay Buccaneers,00-0038951,0.0,0.0,0.0,0.0,2.0,2.0,0.0,0.0,0.0,0.0,0.0,S.Tucker,TB,team_norm & _alias_init_last,0.0,0.0,0.0,0.0,-1.04,1.4,0.03,0.0,0.0,0.0,0.0
2025,1,0.0,2025_01_TB_ATL,Tampa Bay Buccaneers,Cade Otton,TE,00-0038129,1.0,0.0,0.0,0.0,0.0,0.0,0.0,0.0,3.19,2.09,14.9,0.27,0.2355,64.0,32.95,28.8,217.5,123.8,2.991672256677908,1.1665141159990782,0.8236800000000001,1.0,1.0,cade otton,cadeotton,cotton,Tampa Bay Buccaneers,00-0038129,0.0,0.0,0.0,0.0,0.0,0.0,0.0,3.0,0.0,0.0,0.0,C.Otton,TB,team_norm & _alias_init_last,0.0,0.0,0.0,0.0,0.0,0.0,0.0,0.18999999999999995,2.09,14.9,0.27
2025,1,0.0,2025_01_TB_ATL,Tampa Bay Buccaneers,Devin Culp,TE,00-0039754,1.0,0.0,0.0,0.0,0.0,0.0,0.0,0.0,0.0,0.0,0.0,0.0,0.0,64.0,32.95,28.8,217.5,123.8,2.991672256677908,1.1665141159990782,0.8236800000000001,0.0,0.0,devin culp,devinculp,dculp,Tampa Bay Buccaneers,00-0039754,,,,,,,,,,,,,,,,,,,,,,,,,
2025,1,0.0,2025_01_TB_ATL,Tampa Bay Buccaneers,Ko Kieft,TE,00-0037311,1.0,0.0,0.0,0.0,0.0,0.0,0.0,0.0,0.0,0.0,0.0,0.0,0.0,64.0,32.95,28.8,217.5,123.8,2.991672256677908,1.1665141159990782,0.8236800000000001,1.0,1.0,ko kieft,kokieft,kkieft,Tampa Bay Buccaneers,00-0037311,,,,,,,,,,,,,,,,,,,,,,,,,
2025,1,0.0,2025_01_TB_ATL,Tampa Bay Buccaneers,Payne Durham,TE,00-0039050,1.0,0.0,0.0,0.0,0.0,0.0,0.0,0.0,0.0,0.0,0.0,0.0,0.0,64.0,32.95,28.8,217.5,123.8,2.991672256677908,1.1665141159990782,0.8236800000000001,1.0,1.0,payne durham,paynedurham,pdurham,Tampa Bay Buccaneers,00-0039050,,,,,,,,,,,,,,,,,,,,,,,,,
2025,1,0.0,2025_01_TB_ATL,Tampa Bay Buccaneers,Mike Evans,WR,00-0031408,1.0,0.0,0.0,0.0,0.0,0.0,0.0,0.0,9.07,4.95,42.5,0.78,0.5406,64.0,32.95,28.8,217.5,123.8,2.991672256677908,1.1665141159990782,0.8236800000000001,1.0,1.0,mike evans,mikeevans,mevans,Tampa Bay Buccaneers,00-0031408,0.0,0.0,0.0,0.0,0.0,0.0,0.0,8.0,5.0,51.0,0.0,M.Evans,TB,team_norm & _alias_init_last,0.0,0.0,0.0,0.0,0.0,0.0,0.0,1.0700000000000003,-0.04999999999999982,-8.5,0.78
2025,1,0.0,2025_01_TB_ATL,Tampa Bay Buccaneers,Chris Godwin Jr.,WR,00-0033921,1.0,0.0,0.0,0.0,0.0,0.0,0.0,0.0,6.83,4.46,31.3,0.58,0.4416,64.0,32.95,28.8,217.5,123.8,2.991672256677908,1.1665141159990782,0.8236800000000001,0.0,0.0,chris godwin jr.,chrisgodwinjr,cgodwin,Tampa Bay Buccaneers,,,,,,,,,,,,,,,,,,,,,,,,,,
2025,1,0.0,2025_01_TB_ATL,Tampa Bay Buccaneers,Emeka Egbuka,WR,00-0040129,1.0,0.0,0.0,0.0,0.0,0.0,0.0,0.0,4.55,2.25,22.6,0.39,0.3236,64.0,32.95,28.8,217.5,123.8,2.991672256677908,1.1665141159990782,0.8236800000000001,1.0,1.0,emeka egbuka,emekaegbuka,eegbuka,Tampa Bay Buccaneers,00-0040129,0.0,0.0,0.0,0.0,1.0,9.0,0.0,6.0,4.0,67.0,2.0,E.Egbuka,TB,team_norm & _alias_init_last,0.0,0.0,0.0,0.0,-1.0,-9.0,0.0,-1.4500000000000002,-1.75,-44.4,-1.6099999999999999
2025,1,0.0,2025_01_TB_ATL,Tampa Bay Buccaneers,Sterling Shepard,WR,00-0032385,1.0,0.0,0.0,0.0,0.0,0.0,0.0,0.0,3.26,1.93,17.1,0.29,0.2491,64.0,32.95,28.8,217.5,123.8,2.991672256677908,1.1665141159990782,0.8236800000000001,1.0,1.0,sterling shepard,sterlingshepard,sshepard,Tampa Bay Buccaneers,00-0032385,0.0,0.0,0.0,0.0,0.0,0.0,0.0,6.0,3.0,39.0,0.0,S.Shepard,TB,team_norm & _alias_init_last,0.0,0.0,0.0,0.0,0.0,0.0,0.0,-2.74,-1.07,-21.9,0.29
2025,1,0.0,2025_01_TB_ATL,Tampa Bay Buccaneers,R.Miller,WR,,0.0,0.0,0.0,0.0,0.0,0.0,0.0,0.0,0.54,0.34,5.1,0.05,0.0482,64.0,32.95,28.8,217.5,123.8,2.991672256677908,1.1665141159990782,0.8236800000000001,0.0,0.0,r.miller,rmiller,rmiller,Tampa Bay Buccaneers,,0.0,0.0,0.0,0.0,0.0,0.0,0.0,1.0,0.0,0.0,0.0,R.Miller,TB,team_norm & _name_norm_loose,0.0,0.0,0.0,0.0,0.0,0.0,0.0,-0.45999999999999996,0.34,5.1,0.05
2025,1,0.0,2025_01_TB_ATL,Tampa Bay Buccaneers,Tez Johnson,WR,00-0040237,1.0,0.0,0.0,0.0,0.0,0.0,0.0,0.0,0.54,0.32,3.4,0.05,0.0471,64.0,32.95,28.8,217.5,123.8,2.991672256677908,1.1665141159990782,0.8236800000000001,1.0,1.0,tez johnson,tezjohnson,tjohnson,Tampa Bay Buccaneers,00-0040237,0.0,0.0,0.0,0.0,0.0,0.0,0.0,1.0,0.0,0.0,0.0,T.Johnson,TB,team_norm & _alias_init_last,0.0,0.0,0.0,0.0,0.0,0.0,0.0,-0.45999999999999996,0.32,3.4,0.05
2025,1,0.0,2025_01_TB_ATL,Tampa Bay Buccaneers,Dennis Houston,WR,00-0037570,0.0,0.0,0.0,0.0,0.0,0.0,0.0,0.0,0.0,0.0,0.0,0.0,0.0,64.0,32.95,28.8,217.5,123.8,2.991672256677908,1.1665141159990782,0.8236800000000001,0.0,0.0,dennis houston,dennishouston,dhouston,Tampa Bay Buccaneers,00-0037570,,,,,,,,,,,,,,,,,,,,,,,,,
2025,1,0.0,2025_01_TB_ATL,Tampa Bay Buccaneers,Kameron Johnson,WR,00-0039589,1.0,0.0,0.0,0.0,0.0,0.0,0.0,0.0,0.0,0.0,0.0,0.0,0.0,64.0,32.95,28.8,217.5,123.8,2.991672256677908,1.1665141159990782,0.8236800000000001,1.0,1.0,kameron johnson,kameronjohnson,kjohnson,Tampa Bay Buccaneers,00-0039589,0.0,0.0,0.0,0.0,1.0,-2.0,0.0,0.0,0.0,0.0,0.0,K.Johnson,PIT,_alias_init_last,0.0,0.0,0.0,0.0,-1.0,2.0,0.0,0.0,0.0,0.0,0.0
2025,1,0.0,2025_01_TEN_DEN,Denver Broncos,Adam Prentice,FB,00-0036727,1.0,0.0,0.0,0.0,0.0,0.0,0.0,0.0,0.0,0.0,0.0,0.0,0.0,64.0,32.95,28.8,217.5,123.8,2.642179742578178,1.0302398465755758,0.8236800000000001,1.0,1.0,adam prentice,adamprentice,aprentice,Denver Broncos,00-0036727,0.0,0.0,0.0,0.0,0.0,0.0,0.0,1.0,1.0,4.0,0.0,A.Prentice,DEN,team_norm & _alias_init_last,0.0,0.0,0.0,0.0,0.0,0.0,0.0,-1.0,-1.0,-4.0,0.0
2025,1,0.0,2025_01_TEN_DEN,Denver Broncos,Bo Nix,QB,00-0039732,1.0,33.39,204.5,2.44,0.82,7.8,28.9,0.29,0.0,0.0,0.0,0.0,0.2546,64.0,32.95,28.8,217.5,123.8,2.642179742578178,1.0302398465755758,0.8236800000000001,1.0,1.0,bo nix,bonix,bnix,Denver Broncos,00-0039732,48.0,176.0,1.0,2.0,4.0,5.0,0.0,0.0,0.0,0.0,0.0,B.Nix,DEN,team_norm & _alias_init_last,-14.61,28.5,1.44,-1.1800000000000002,3.8,23.9,0.29,0.0,0.0,0.0,0.0
2025,1,0.0,2025_01_TEN_DEN,Denver Broncos,J.K. Dobbins,RB,00-0036158,1.0,0.0,0.0,0.0,0.0,13.5,46.3,0.58,3.02,2.24,14.5,0.24,0.56,64.0,32.95,28.8,217.5,123.8,2.642179742578178,1.0302398465755758,0.8236800000000001,1.0,1.0,j.k. dobbins,jkdobbins,jdobbins,Denver Broncos,00-0036158,0.0,0.0,0.0,0.0,16.0,63.0,1.0,2.0,2.0,5.0,0.0,J.Dobbins,DEN,team_norm & _alias_init_last,0.0,0.0,0.0,0.0,-2.5,-16.700000000000003,-0.42000000000000004,1.02,0.2400000000000002,9.5,0.24
2025,1,0.0,2025_01_TEN_DEN,Denver Broncos,RJ Harvey,RB,00-0040730,1.0,0.0,0.0,0.0,0.0,7.5,26.6,0.21,1.88,1.46,9.1,0.16,0.3091,64.0,32.95,28.8,217.5,123.8,2.642179742578178,1.0302398465755758,0.8236800000000001,1.0,1.0,rj harvey,rjharvey,rharvey,Denver Broncos,00-0040730,0.0,0.0,0.0,0.0,6.0,70.0,0.0,1.0,1.0,-1.0,0.0,R.Harvey,DEN,team_norm & _alias_init_last,0.0,0.0,0.0,0.0,1.5,-43.4,0.21,0.8799999999999999,0.45999999999999996,10.1,0.16
2025,1,0.0,2025_01_TEN_DEN,Denver Broncos,Tyler Badie,RB,00-0037085,1.0,0.0,0.0,0.0,0.0,0.0,0.0,0.0,2.16,1.48,11.7,0.17,0.1597,64.0,32.95,28.8,217.5,123.8,2.642179742578178,1.0302398465755758,0.8236800000000001,1.0,1.0,tyler badie,tylerbadie,tbadie,Denver Broncos,00-0037085,0.0,0.0,0.0,0.0,0.0,0.0,0.0,7.0,2.0,16.0,0.0,T.Badie,DEN,team_norm & _alias_init_last,0.0,0.0,0.0,0.0,0.0,0.0,0.0,-4.84,-0.52,-4.300000000000001,0.17
2025,1,0.0,2025_01_TEN_DEN,Denver Broncos,Evan Engram,TE,00-0033881,1.0,0.0,0.0,0.0,0.0,0.0,0.0,0.0,3.28,2.32,15.5,0.23,0.2063,64.0,32.95,28.8,217.5,123.8,2.642179742578178,1.0302398465755758,0.8236800000000001,1.0,1.0,evan engram,evanengram,eengram,Denver Broncos,00-0033881,0.0,0.0,0.0,0.0,0.0,0.0,0.0,4.0,3.0,21.0,0.0,E.Engram,DEN,team_norm & _alias_init_last,0.0,0.0,0.0,0.0,0.0,0.0,0.0,-0.7200000000000002,-0.6800000000000002,-5.5,0.23
2025,1,0.0,2025_01_TEN_DEN,Denver Broncos,Adam Trautman,TE,00-0036422,1.0,0.0,0.0,0.0,0.0,0.0,0.0,0.0,0.0,0.0,0.0,0.0,0.0,64.0,32.95,28.8,217.5,123.8,2.642179742578178,1.0302398465755758,0.8236800000000001,1.0,1.0,adam trautman,adamtrautman,atrautman,Denver Broncos,00-0036422,0.0,0.0,0.0,0.0,0.0,0.0,0.0,1.0,1.0,5.0,0.0,A.Trautman,DEN,team_norm & _alias_init_last,0.0,0.0,0.0,0.0,0.0,0.0,0.0,-1.0,-1.0,-5.0,0.0
2025,1,0.0,2025_01_TEN_DEN,Denver Broncos,Caleb Lohner,TE,00-0040240,0.0,0.0,0.0,0.0,0.0,0.0,0.0,0.0,0.0,0.0,0.0,0.0,0.0,64.0,32.95,28.8,217.5,123.8,2.642179742578178,1.0302398465755758,0.8236800000000001,0.0,0.0,caleb lohner,caleblohner,clohner,Denver Broncos,00-0040240,,,,,,,,,,,,,,,,,,,,,,,,,
2025,1,0.0,2025_01_TEN_DEN,Denver Broncos,Lucas Krull,TE,00-0037539,1.0,0.0,0.0,0.0,0.0,0.0,0.0,0.0,0.0,0.0,0.0,0.0,0.0,64.0,32.95,28.8,217.5,123.8,2.642179742578178,1.0302398465755758,0.8236800000000001,1.0,1.0,lucas krull,lucaskrull,lkrull,Denver Broncos,00-0037539,0.0,0.0,0.0,0.0,0.0,0.0,0.0,2.0,1.0,6.0,0.0,L.Krull,DEN,team_norm & _alias_init_last,0.0,0.0,0.0,0.0,0.0,0.0,0.0,-2.0,-1.0,-6.0,0.0
2025,1,0.0,2025_01_TEN_DEN,Denver Broncos,Courtland Sutton,WR,00-0034348,1.0,0.0,0.0,0.0,0.0,0.0,0.0,0.0,9.76,5.62,50.3,0.75,0.5298,64.0,32.95,28.8,217.5,123.8,2.642179742578178,1.0302398465755758,0.8236800000000001,1.0,1.0,courtland sutton,courtlandsutton,csutton,Denver Broncos,00-0034348,0.0,0.0,0.0,0.0,0.0,0.0,0.0,12.0,6.0,61.0,1.0,C.Sutton,DEN,team_norm & _alias_init_last,0.0,0.0,0.0,0.0,0.0,0.0,0.0,-2.24,-0.3799999999999999,-10.700000000000003,-0.25
2025,1,0.0,2025_01_TEN_DEN,Denver Broncos,Troy Franklin,WR,00-0039868,1.0,0.0,0.0,0.0,0.0,0.0,0.0,0.0,7.35,4.23,38.9,0.58,0.44,64.0,32.95,28.8,217.5,123.8,2.642179742578178,1.0302398465755758,0.8236800000000001,1.0,1.0,troy franklin,troyfranklin,tfranklin,Denver Broncos,00-0039868,0.0,0.0,0.0,0.0,0.0,0.0,0.0,6.0,4.0,44.0,0.0,T.Franklin,DEN,team_norm & _alias_init_last,0.0,0.0,0.0,0.0,0.0,0.0,0.0,1.3499999999999996,0.23000000000000043,-5.100000000000001,0.58
2025,1,0.0,2025_01_TEN_DEN,Denver Broncos,Marvin Mims Jr.,WR,00-0038976,1.0,0.0,0.0,0.0,0.0,0.0,0.0,0.0,4.9,3.23,24.4,0.35,0.2983,64.0,32.95,28.8,217.5,123.8,2.642179742578178,1.0302398465755758,0.8236800000000001,1.0,1.0,marvin mims jr.,marvinmimsjr,mmims,Denver Broncos,00-0038976,0.0,0.0,0.0,0.0,0.0,0.0,0.0,5.0,3.0,12.0,0.0,M.Mims,DEN,team_norm & _alias_init_last,0.0,0.0,0.0,0.0,0.0,0.0,0.0,-0.09999999999999964,0.22999999999999998,12.399999999999999,0.35
2025,1,0.0,2025_01_TEN_DEN,Denver Broncos,T.Sherfield,WR,,0.0,0.0,0.0,0.0,0.0,0.0,0.0,0.0,0.59,0.36,5.7,0.05,0.0459,64.0,32.95,28.8,217.5,123.8,2.642179742578178,1.0302398465755758,0.8236800000000001,0.0,0.0,t.sherfield,tsherfield,tsherfield,Denver Broncos,,0.0,0.0,0.0,0.0,0.0,0.0,0.0,1.0,1.0,3.0,0.0,T.Sherfield,DEN,team_norm & _name_norm_loose,0.0,0.0,0.0,0.0,0.0,0.0,0.0,-0.41000000000000003,-0.64,2.7,0.05
2025,1,0.0,2025_01_TEN_DEN,Denver Broncos,A.T. Perry,WR,00-0038612,0.0,0.0,0.0,0.0,0.0,0.0,0.0,0.0,0.0,0.0,0.0,0.0,0.0,64.0,32.95,28.8,217.5,123.8,2.642179742578178,1.0302398465755758,0.8236800000000001,0.0,0.0,a.t. perry,atperry,aperry,Denver Broncos,00-0038612,,,,,,,,,,,,,,,,,,,,,,,,,
2025,1,0.0,2025_01_TEN_DEN,Denver Broncos,Elijah Moore,WR,00-0036980,0.0,0.0,0.0,0.0,0.0,0.0,0.0,0.0,0.0,0.0,0.0,0.0,0.0,64.0,32.95,28.8,217.5,123.8,2.642179742578178,1.0302398465755758,0.8236800000000001,0.0,0.0,elijah moore,elijahmoore,emoore,Denver Broncos,00-0036980,0.0,0.0,0.0,0.0,1.0,8.0,0.0,1.0,1.0,3.0,0.0,E.Moore,BUF,_alias_init_last,0.0,0.0,0.0,0.0,-1.0,-8.0,0.0,-1.0,-1.0,-3.0,0.0
2025,1,0.0,2025_01_TEN_DEN,Denver Broncos,Pat Bryant,WR,00-0040134,1.0,0.0,0.0,0.0,0.0,0.0,0.0,0.0,0.0,0.0,0.0,0.0,0.0,64.0,32.95,28.8,217.5,123.8,2.642179742578178,1.0302398465755758,0.8236800000000001,1.0,1.0,pat bryant,patbryant,pbryant,Denver Broncos,00-0040134,,,,,,,,,,,,,,,,,,,,,,,,,
2025,1,0.0,2025_01_TEN_DEN,Tennessee Titans,Cam Ward,QB,00-0040676,1.0,32.95,204.4,1.97,0.82,1.12,4.7,0.03,0.0,0.0,0.0,0.0,0.0276,64.0,32.95,28.8,217.5,123.8,1.861413536945924,0.7258031563157847,0.8236800000000001,1.0,1.0,cam ward,camward,cward,Tennessee Titans,00-0040676,36.0,112.0,0.0,0.0,0.0,0.0,0.0,0.0,0.0,0.0,0.0,C.Ward,TEN,team_norm & _alias_init_last,-3.049999999999997,92.4,1.97,0.82,1.12,4.7,0.03,0.0,0.0,0.0,0.0
2025,1,0.0,2025_01_TEN_DEN,Tennessee Titans,Tony Pollard,RB,00-0035261,1.0,0.0,0.0,0.0,0.0,17.8,62.3,0.53,3.17,2.22,12.7,0.18,0.5076,64.0,32.95,28.8,217.5,123.8,1.861413536945924,0.7258031563157847,0.8236800000000001,1.0,1.0,tony pollard,tonypollard,tpollard,Tennessee Titans,00-0035261,0.0,0.0,0.0,0.0,18.0,60.0,0.0,1.0,1.0,29.0,0.0,T.Pollard,TEN,team_norm & _alias_init_last,0.0,0.0,0.0,0.0,-0.1999999999999993,2.299999999999997,0.53,2.17,1.2200000000000002,-16.3,0.18
2025,1,0.0,2025_01_TEN_DEN,Tennessee Titans,Julius Chestnut,RB,00-0037594,1.0,0.0,0.0,0.0,0.0,9.89,38.1,0.2,1.97,1.35,10.6,0.11,0.2644,64.0,32.95,28.8,217.5,123.8,1.861413536945924,0.7258031563157847,0.8236800000000001,1.0,1.0,julius chestnut,juliuschestnut,jchestnut,Tennessee Titans,00-0037594,0.0,0.0,0.0,0.0,2.0,2.0,0.0,0.0,0.0,0.0,0.0,J.Chestnut,TEN,team_norm & _alias_init_last,0.0,0.0,0.0,0.0,7.890000000000001,36.1,0.2,1.97,1.35,10.6,0.11
2025,1,0.0,2025_01_TEN_DEN,Tennessee Titans,Kalel Mullings,RB,00-0040205,1.0,0.0,0.0,0.0,0.0,0.0,0.0,0.0,0.0,0.0,0.0,0.0,0.0,64.0,32.95,28.8,217.5,123.8,1.861413536945924,0.7258031563157847,0.8236800000000001,1.0,1.0,kalel mullings,kalelmullings,kmullings,Tennessee Titans,00-0040205,,,,,,,,,,,,,,,,,,,,,,,,,
2025,1,0.0,2025_01_TEN_DEN,Tennessee Titans,Chig Okonkwo,TE,00-0037809,1.0,0.0,0.0,0.0,0.0,0.0,0.0,0.0,3.27,2.25,15.4,0.16,0.1475,64.0,32.95,28.8,217.5,123.8,1.861413536945924,0.7258031563157847,0.8236800000000001,1.0,1.0,chig okonkwo,chigokonkwo,cokonkwo,Tennessee Titans,00-0037809,0.0,0.0,0.0,0.0,0.0,0.0,0.0,4.0,3.0,19.0,0.0,C.Okonkwo,TEN,team_norm & _alias_init_last,0.0,0.0,0.0,0.0,0.0,0.0,0.0,-0.73,-0.75,-3.5999999999999996,0.16
2025,1,0.0,2025_01_TEN_DEN,Tennessee Titans,Cole Turner,TE,00-0037078,0.0,0.0,0.0,0.0,0.0,0.0,0.0,0.0,0.0,0.0,0.0,0.0,0.0,64.0,32.95,28.8,217.5,123.8,1.861413536945924,0.7258031563157847,0.8236800000000001,0.0,0.0,cole turner,coleturner,cturner,Tennessee Titans,00-0037078,,,,,,,,,,,,,,,,,,,,,,,,,
2025,1,0.0,2025_01_TEN_DEN,Tennessee Titans,David Martin-Robinson,TE,00-0039648,1.0,0.0,0.0,0.0,0.0,0.0,0.0,0.0,0.0,0.0,0.0,0.0,0.0,64.0,32.95,28.8,217.5,123.8,1.861413536945924,0.7258031563157847,0.8236800000000001,1.0,1.0,david martin-robinson,davidmartinrobinson,dmartinrobinson,Tennessee Titans,00-0039648,,,,,,,,,,,,,,,,,,,,,,,,,
2025,1,0.0,2025_01_TEN_DEN,Tennessee Titans,Gunnar Helm,TE,00-0040584,1.0,0.0,0.0,0.0,0.0,0.0,0.0,0.0,0.0,0.0,0.0,0.0,0.0,64.0,32.95,28.8,217.5,123.8,1.861413536945924,0.7258031563157847,0.8236800000000001,1.0,1.0,gunnar helm,gunnarhelm,ghelm,Tennessee Titans,00-0040584,0.0,0.0,0.0,0.0,0.0,0.0,0.0,2.0,1.0,16.0,0.0,G.Helm,TEN,team_norm & _alias_init_last,0.0,0.0,0.0,0.0,0.0,0.0,0.0,-2.0,-1.0,-16.0,0.0
2025,1,0.0,2025_01_TEN_DEN,Tennessee Titans,Calvin Ridley,WR,00-0034837,1.0,0.0,0.0,0.0,0.0,0.0,0.0,0.0,9.93,4.92,45.1,0.53,0.4087,64.0,32.95,28.8,217.5,123.8,1.861413536945924,0.7258031563157847,0.8236800000000001,1.0,1.0,calvin ridley,calvinridley,cridley,Tennessee Titans,00-0034837,0.0,0.0,0.0,0.0,0.0,0.0,0.0,8.0,4.0,27.0,0.0,C.Ridley,TEN,team_norm & _alias_init_last,0.0,0.0,0.0,0.0,0.0,0.0,0.0,1.9299999999999997,0.9199999999999999,18.1,0.53
2025,1,0.0,2025_01_TEN_DEN,Tennessee Titans,Elic Ayomanor,WR,00-0040170,1.0,0.0,0.0,0.0,0.0,0.0,0.0,0.0,7.47,3.52,37.7,0.39,0.3256,64.0,32.95,28.8,217.5,123.8,1.861413536945924,0.7258031563157847,0.8236800000000001,1.0,1.0,elic ayomanor,elicayomanor,eayomanor,Tennessee Titans,00-0040170,0.0,0.0,0.0,0.0,0.0,0.0,0.0,7.0,2.0,13.0,0.0,E.Ayomanor,TEN,team_norm & _alias_init_last,0.0,0.0,0.0,0.0,0.0,0.0,0.0,0.46999999999999975,1.52,24.700000000000003,0.39
2025,1,0.0,2025_01_TEN_DEN,Tennessee Titans,Tyler Lockett,WR,,1.0,0.0,0.0,0.0,0.0,0.0,0.0,0.0,4.98,3.06,40.4,0.28,0.2454,64.0,32.95,28.8,217.5,123.8,1.861413536945924,0.7258031563157847,0.8236800000000001,0.0,1.0,tyler lockett,tylerlockett,tlockett,Tennessee Titans,,0.0,0.0,0.0,0.0,0.0,0.0,0.0,1.0,0.0,0.0,0.0,T.Lockett,TEN,team_norm & _alias_init_last,0.0,0.0,0.0,0.0,0.0,0.0,0.0,3.9800000000000004,3.06,40.4,0.28
2025,1,0.0,2025_01_TEN_DEN,Tennessee Titans,T.Lockett,WR,,0.0,0.0,0.0,0.0,0.0,0.0,0.0,0.0,0.71,0.45,6.5,0.04,0.0396,64.0,32.95,28.8,217.5,123.8,1.861413536945924,0.7258031563157847,0.8236800000000001,0.0,0.0,t.lockett,tlockett,tlockett,Tennessee Titans,,0.0,0.0,0.0,0.0,0.0,0.0,0.0,1.0,0.0,0.0,0.0,T.Lockett,TEN,team_norm & _name_norm_loose,0.0,0.0,0.0,0.0,0.0,0.0,0.0,-0.29000000000000004,0.45,6.5,0.04
2025,1,0.0,2025_01_TEN_DEN,Tennessee Titans,Bryce Oliver,WR,00-0039650,1.0,0.0,0.0,0.0,0.0,0.0,0.0,0.0,0.71,0.47,5.7,0.04,0.0389,64.0,32.95,28.8,217.5,123.8,1.861413536945924,0.7258031563157847,0.8236800000000001,1.0,1.0,bryce oliver,bryceoliver,boliver,Tennessee Titans,00-0039650,0.0,0.0,0.0,0.0,0.0,0.0,0.0,1.0,1.0,8.0,0.0,B.Oliver,TEN,team_norm & _alias_init_last,0.0,0.0,0.0,0.0,0.0,0.0,0.0,-0.29000000000000004,-0.53,-2.3,0.04
2025,1,0.0,2025_01_TEN_DEN,Tennessee Titans,Chimere Dike,WR,00-0040705,1.0,0.0,0.0,0.0,0.0,0.0,0.0,0.0,0.71,0.44,4.1,0.04,0.0389,64.0,32.95,28.8,217.5,123.8,1.861413536945924,0.7258031563157847,0.8236800000000001,1.0,1.0,chimere dike,chimeredike,cdike,Tennessee Titans,00-0040705,0.0,0.0,0.0,0.0,1.0,9.0,0.0,1.0,0.0,0.0,0.0,C.Dike,TEN,team_norm & _alias_init_last,0.0,0.0,0.0,0.0,-1.0,-9.0,0.0,-0.29000000000000004,0.44,4.1,0.04
2025,1,0.0,2025_01_TEN_DEN,Tennessee Titans,Van Jefferson,WR,00-0036415,1.0,0.0,0.0,0.0,0.0,0.0,0.0,0.0,0.0,0.0,0.0,0.0,0.0,64.0,32.95,28.8,217.5,123.8,1.861413536945924,0.7258031563157847,0.8236800000000001,1.0,1.0,van jefferson,vanjefferson,vjefferson,Tennessee Titans,00-0036415,,,,,,,,,,,,,,,,,,,,,,,,,
