season,week,date,game_id,team,player,position,player_id_x,is_active,pass_attempts,pass_yards,pass_tds,interceptions,rush_attempts,rush_yards,rush_tds,targets,receptions,rec_yards,rec_tds,any_td_prob,team_plays,team_pass_attempts,team_rush_attempts,team_pass_yards,team_rush_yards,team_exp_pass_tds,team_exp_rush_tds,team_exp_int,is_active_pid,is_active_nm,_name_norm,_name_norm_loose,_alias_init_last,team_norm,player_id_y,pass_attempts_act,pass_yards_act,pass_tds_act,interceptions_act,rush_attempts_act,rush_yards_act,rush_tds_act,targets_act,receptions_act,rec_yards_act,rec_tds_act,player_act,team_act,match_strategy,pass_attempts_err,pass_yards_err,pass_tds_err,interceptions_err,rush_attempts_err,rush_yards_err,rush_tds_err,targets_err,receptions_err,rec_yards_err,rec_tds_err
2025,14,0.0,2025_14_CHI_GB,Chicago Bears,Caleb Williams,QB,00-0039918,1.0,32.87,189.1,1.34,0.7,9.08,29.0,0.23,0.0,0.0,0.0,0.0,0.203,72.0,33.06,36.84,207.6,150.8,1.6136464610073908,0.8708706632299197,0.8264601410081028,1.0,1.0,caleb williams,calebwilliams,cwilliams,Chicago Bears,00-0035857,40.0,186.0,2.0,1.0,1.0,2.0,0.0,0.0,0.0,0.0,0.0,C.Williams,CHI,team_norm & _alias_init_last,-7.130000000000003,3.0999999999999943,-0.6599999999999999,-0.30000000000000004,8.08,27.0,0.23,0.0,0.0,0.0,0.0
2025,14,0.0,2025_14_CHI_GB,Chicago Bears,D'Andre Swift,RB,00-0036275,1.0,0.0,0.0,0.0,0.0,17.84,65.2,0.51,3.89,2.43,14.1,0.19,0.5038,72.0,33.06,36.84,207.6,150.8,1.6136464610073908,0.8708706632299197,0.8264601410081028,1.0,1.0,d'andre swift,dandreswift,dswift,Chicago Bears,00-0036275,0.0,0.0,0.0,0.0,13.0,63.0,0.0,4.0,3.0,19.0,0.0,D.Swift,CHI,team_norm & _alias_init_last,0.0,0.0,0.0,0.0,4.84,2.200000000000003,0.51,-0.10999999999999988,-0.5699999999999998,-4.9,0.19
2025,14,0.0,2025_14_CHI_GB,Chicago Bears,Kyle Monangai,RB,00-0040236,1.0,0.0,0.0,0.0,0.0,9.91,35.5,0.19,2.42,1.28,9.9,0.12,0.2643,72.0,33.06,36.84,207.6,150.8,1.6136464610073908,0.8708706632299197,0.8264601410081028,1.0,1.0,kyle monangai,kylemonangai,kmonangai,Chicago Bears,00-0040236,0.0,0.0,0.0,0.0,15.0,57.0,0.0,2.0,1.0,0.0,0.0,K.Monangai,CHI,team_norm & _alias_init_last,0.0,0.0,0.0,0.0,-5.09,-21.5,0.19,0.41999999999999993,0.28,9.9,0.12
2025,14,0.0,2025_14_CHI_GB,Chicago Bears,Travis Homer,RB,00-0035594,1.0,0.0,0.0,0.0,0.0,0.0,0.0,0.0,0.0,0.0,0.0,0.0,0.0,72.0,33.06,36.84,207.6,150.8,1.6136464610073908,0.8708706632299197,0.8264601410081028,1.0,1.0,travis homer,travishomer,thomer,Chicago Bears,00-0035594,,,,,,,,,,,,,,,,,,,,,,,,,
2025,14,0.0,2025_14_CHI_GB,Chicago Bears,Colston Loveland,TE,00-0040126,1.0,0.0,0.0,0.0,0.0,0.0,0.0,0.0,6.52,4.35,33.5,0.3,0.2613,72.0,33.06,36.84,207.6,150.8,1.6136464610073908,0.8708706632299197,0.8264601410081028,1.0,1.0,colston loveland,colstonloveland,cloveland,Chicago Bears,00-0040126,0.0,0.0,0.0,0.0,0.0,0.0,0.0,5.0,4.0,29.0,1.0,C.Loveland,CHI,team_norm & _alias_init_last,0.0,0.0,0.0,0.0,0.0,0.0,0.0,1.5199999999999996,0.34999999999999964,4.5,-0.7
2025,14,0.0,2025_14_CHI_GB,Chicago Bears,Cole Kmet,TE,00-0036290,1.0,0.0,0.0,0.0,0.0,0.0,0.0,0.0,3.37,2.44,14.7,0.15,0.1424,72.0,33.06,36.84,207.6,150.8,1.6136464610073908,0.8708706632299197,0.8264601410081028,1.0,1.0,cole kmet,colekmet,ckmet,Chicago Bears,00-0036290,0.0,0.0,0.0,0.0,0.0,0.0,0.0,3.0,2.0,42.0,0.0,C.Kmet,CHI,team_norm & _alias_init_last,0.0,0.0,0.0,0.0,0.0,0.0,0.0,0.3700000000000001,0.43999999999999995,-27.3,0.15
2025,14,0.0,2025_14_CHI_GB,Chicago Bears,Durham Smythe,TE,00-0034798,1.0,0.0,0.0,0.0,0.0,0.0,0.0,0.0,0.0,0.0,0.0,0.0,0.0,72.0,33.06,36.84,207.6,150.8,1.6136464610073908,0.8708706632299197,0.8264601410081028,1.0,1.0,durham smythe,durhamsmythe,dsmythe,Chicago Bears,00-0034798,0.0,0.0,0.0,0.0,0.0,0.0,0.0,1.0,1.0,2.0,0.0,D.Smythe,CHI,team_norm & _alias_init_last,0.0,0.0,0.0,0.0,0.0,0.0,0.0,-1.0,-1.0,-2.0,0.0
2025,14,0.0,2025_14_CHI_GB,Chicago Bears,Rome Odunze,WR,00-0039919,1.0,0.0,0.0,0.0,0.0,0.0,0.0,0.0,7.41,3.51,37.8,0.35,0.2956,72.0,33.06,36.84,207.6,150.8,1.6136464610073908,0.8708706632299197,0.8264601410081028,0.0,0.0,rome odunze,romeodunze,rodunze,Chicago Bears,00-0039919,,,,,,,,,,,,,,,,,,,,,,,,,
2025,14,0.0,2025_14_CHI_GB,Chicago Bears,DJ Moore,WR,00-0034827,1.0,0.0,0.0,0.0,0.0,0.0,0.0,0.0,5.58,3.15,24.7,0.25,0.2224,72.0,33.06,36.84,207.6,150.8,1.6136464610073908,0.8708706632299197,0.8264601410081028,1.0,1.0,dj moore,djmoore,dmoore,Chicago Bears,00-0034827,0.0,0.0,0.0,0.0,0.0,0.0,0.0,3.0,1.0,-4.0,0.0,D.Moore,CHI,team_norm & _alias_init_last,0.0,0.0,0.0,0.0,0.0,0.0,0.0,2.58,2.15,28.7,0.25
2025,14,0.0,2025_14_CHI_GB,Chicago Bears,Luther Burden III,WR,00-0040735,1.0,0.0,0.0,0.0,0.0,0.0,0.0,0.0,3.72,2.36,19.5,0.17,0.1535,72.0,33.06,36.84,207.6,150.8,1.6136464610073908,0.8708706632299197,0.8264601410081028,1.0,1.0,luther burden iii,lutherburdeniii,lburden,Chicago Bears,00-0040735,0.0,0.0,0.0,0.0,1.0,3.0,0.0,6.0,4.0,67.0,0.0,L.Burden,CHI,team_norm & _alias_init_last,0.0,0.0,0.0,0.0,-1.0,-3.0,0.0,-2.28,-1.6400000000000001,-47.5,0.17
2025,14,0.0,2025_14_CHI_GB,Chicago Bears,Devin Duvernay,WR,00-0036331,1.0,0.0,0.0,0.0,0.0,0.0,0.0,0.0,0.0,0.0,0.0,0.0,0.0,72.0,33.06,36.84,207.6,150.8,1.6136464610073908,0.8708706632299197,0.8264601410081028,1.0,1.0,devin duvernay,devinduvernay,dduvernay,Chicago Bears,00-0036331,0.0,0.0,0.0,0.0,0.0,0.0,0.0,1.0,1.0,24.0,0.0,D.Duvernay,CHI,team_norm & _alias_init_last,0.0,0.0,0.0,0.0,0.0,0.0,0.0,-1.0,-1.0,-24.0,0.0
2025,14,0.0,2025_14_CHI_GB,Chicago Bears,Jahdae Walker,WR,00-0040277,1.0,0.0,0.0,0.0,0.0,0.0,0.0,0.0,0.0,0.0,0.0,0.0,0.0,72.0,33.06,36.84,207.6,150.8,1.6136464610073908,0.8708706632299197,0.8264601410081028,1.0,1.0,jahdae walker,jahdaewalker,jwalker,Chicago Bears,00-0040277,,,,,,,,,,,,,,,,,,,,,,,,,
2025,14,0.0,2025_14_CHI_GB,Chicago Bears,Olamide Zaccheaus,WR,00-0035208,1.0,0.0,0.0,0.0,0.0,0.0,0.0,0.0,0.0,0.0,0.0,0.0,0.0,72.0,33.06,36.84,207.6,150.8,1.6136464610073908,0.8708706632299197,0.8264601410081028,1.0,1.0,olamide zaccheaus,olamidezaccheaus,ozaccheaus,Chicago Bears,00-0035208,0.0,0.0,0.0,0.0,0.0,0.0,0.0,3.0,2.0,7.0,1.0,O.Zaccheaus,CHI,team_norm & _alias_init_last,0.0,0.0,0.0,0.0,0.0,0.0,0.0,-3.0,-2.0,-7.0,-1.0
2025,14,0.0,2025_14_CHI_GB,Green Bay Packers,Jordan Love,QB,00-0036264,1.0,35.02,240.6,2.24,0.83,3.13,11.9,0.12,0.0,0.0,0.0,0.0,0.1165,72.0,39.21,30.51,297.6,150.9,2.85626748917554,1.1474331431238811,0.9802946392646116,1.0,1.0,jordan love,jordanlove,jlove,Green Bay Packers,00-0036264,27.0,234.0,3.0,1.0,0.0,0.0,0.0,0.0,0.0,0.0,0.0,J.Love,GB,team_norm & _alias_init_last,8.020000000000003,6.599999999999994,-0.7599999999999998,-0.17000000000000004,3.13,11.9,0.12,0.0,0.0,0.0,0.0
2025,14,0.0,2025_14_CHI_GB,Green Bay Packers,Josh Jacobs,RB,00-0035700,1.0,0.0,0.0,0.0,0.0,17.6,75.7,0.81,4.61,3.0,21.2,0.33,0.6805,72.0,39.21,30.51,297.6,150.9,2.85626748917554,1.1474331431238811,0.9802946392646116,1.0,1.0,josh jacobs,joshjacobs,jjacobs,Green Bay Packers,00-0035700,0.0,0.0,0.0,0.0,20.0,86.0,1.0,3.0,2.0,6.0,0.0,J.Jacobs,GB,team_norm & _alias_init_last,0.0,0.0,0.0,0.0,-2.3999999999999986,-10.299999999999997,-0.18999999999999995,1.6100000000000003,1.0,15.2,0.33
2025,14,0.0,2025_14_CHI_GB,Green Bay Packers,Emanuel Wilson,RB,00-0038797,1.0,0.0,0.0,0.0,0.0,9.78,43.6,0.29,2.87,1.8,15.6,0.21,0.3953,72.0,39.21,30.51,297.6,150.9,2.85626748917554,1.1474331431238811,0.9802946392646116,1.0,1.0,emanuel wilson,emanuelwilson,ewilson,Green Bay Packers,00-0038797,0.0,0.0,0.0,0.0,3.0,10.0,0.0,0.0,0.0,0.0,0.0,E.Wilson,GB,team_norm & _alias_init_last,0.0,0.0,0.0,0.0,6.779999999999999,33.6,0.29,2.87,1.8,15.6,0.21
2025,14,0.0,2025_14_CHI_GB,Green Bay Packers,Chris Brooks,RB,00-0038685,1.0,0.0,0.0,0.0,0.0,0.0,0.0,0.0,0.0,0.0,0.0,0.0,0.0,72.0,39.21,30.51,297.6,150.9,2.85626748917554,1.1474331431238811,0.9802946392646116,1.0,1.0,chris brooks,chrisbrooks,cbrooks,Green Bay Packers,00-0038685,0.0,0.0,0.0,0.0,0.0,0.0,0.0,1.0,1.0,6.0,0.0,C.Brooks,GB,team_norm & _alias_init_last,0.0,0.0,0.0,0.0,0.0,0.0,0.0,-1.0,-1.0,-6.0,0.0
2025,14,0.0,2025_14_CHI_GB,Green Bay Packers,Luke Musgrave,TE,00-0039144,1.0,0.0,0.0,0.0,0.0,0.0,0.0,0.0,7.62,5.25,48.3,0.5,0.3927,72.0,39.21,30.51,297.6,150.9,2.85626748917554,1.1474331431238811,0.9802946392646116,1.0,1.0,luke musgrave,lukemusgrave,lmusgrave,Green Bay Packers,00-0039144,0.0,0.0,0.0,0.0,0.0,0.0,0.0,4.0,2.0,22.0,0.0,L.Musgrave,GB,team_norm & _alias_init_last,0.0,0.0,0.0,0.0,0.0,0.0,0.0,3.62,3.25,26.299999999999997,0.5
2025,14,0.0,2025_14_CHI_GB,Green Bay Packers,John FitzPatrick,TE,00-0037306,1.0,0.0,0.0,0.0,0.0,0.0,0.0,0.0,3.94,2.68,30.4,0.28,0.247,72.0,39.21,30.51,297.6,150.9,2.85626748917554,1.1474331431238811,0.9802946392646116,1.0,1.0,john fitzpatrick,johnfitzpatrick,jfitzpatrick,Green Bay Packers,00-0037306,0.0,0.0,0.0,0.0,0.0,0.0,0.0,2.0,2.0,14.0,0.0,J.FitzPatrick,GB,team_norm & _alias_init_last,0.0,0.0,0.0,0.0,0.0,0.0,0.0,1.94,0.6800000000000002,16.4,0.28
2025,14,0.0,2025_14_CHI_GB,Green Bay Packers,Johnny Lumpkin,TE,00-0038913,1.0,0.0,0.0,0.0,0.0,0.0,0.0,0.0,0.0,0.0,0.0,0.0,0.0,72.0,39.21,30.51,297.6,150.9,2.85626748917554,1.1474331431238811,0.9802946392646116,0.0,0.0,johnny lumpkin,johnnylumpkin,jlumpkin,Green Bay Packers,00-0038913,,,,,,,,,,,,,,,,,,,,,,,,,
2025,14,0.0,2025_14_CHI_GB,Green Bay Packers,Josh Whyle,TE,00-0038589,1.0,0.0,0.0,0.0,0.0,0.0,0.0,0.0,0.0,0.0,0.0,0.0,0.0,72.0,39.21,30.51,297.6,150.9,2.85626748917554,1.1474331431238811,0.9802946392646116,1.0,1.0,josh whyle,joshwhyle,jwhyle,Green Bay Packers,00-0038589,0.0,0.0,0.0,0.0,0.0,0.0,0.0,1.0,1.0,21.0,0.0,J.Whyle,GB,team_norm & _alias_init_last,0.0,0.0,0.0,0.0,0.0,0.0,0.0,-1.0,-1.0,-21.0,0.0
2025,14,0.0,2025_14_CHI_GB,Green Bay Packers,Christian Watson,WR,00-0038124,1.0,0.0,0.0,0.0,0.0,0.0,0.0,0.0,8.87,4.8,55.7,0.64,0.4708,72.0,39.21,30.51,297.6,150.9,2.85626748917554,1.1474331431238811,0.9802946392646116,1.0,1.0,christian watson,christianwatson,cwatson,Green Bay Packers,00-0038124,0.0,0.0,0.0,0.0,0.0,0.0,0.0,4.0,4.0,89.0,2.0,C.Watson,GB,team_norm & _alias_init_last,0.0,0.0,0.0,0.0,0.0,0.0,0.0,4.869999999999999,0.7999999999999998,-33.3,-1.3599999999999999
2025,14,0.0,2025_14_CHI_GB,Green Bay Packers,Romeo Doubs,WR,00-0037816,1.0,0.0,0.0,0.0,0.0,0.0,0.0,0.0,6.68,3.8,38.5,0.48,0.3796,72.0,39.21,30.51,297.6,150.9,2.85626748917554,1.1474331431238811,0.9802946392646116,1.0,1.0,romeo doubs,romeodoubs,rdoubs,Green Bay Packers,00-0037816,0.0,0.0,0.0,0.0,0.0,0.0,0.0,2.0,0.0,0.0,0.0,R.Doubs,GB,team_norm & _alias_init_last,0.0,0.0,0.0,0.0,0.0,0.0,0.0,4.68,3.8,38.5,0.48
2025,14,0.0,2025_14_CHI_GB,Green Bay Packers,Jayden Reed,WR,00-0039146,1.0,0.0,0.0,0.0,0.0,0.0,0.0,0.0,4.45,2.77,25.7,0.32,0.271,72.0,39.21,30.51,297.6,150.9,2.85626748917554,1.1474331431238811,0.9802946392646116,1.0,1.0,jayden reed,jaydenreed,jreed,Green Bay Packers,00-0039146,0.0,0.0,0.0,0.0,2.0,22.0,0.0,4.0,4.0,31.0,0.0,J.Reed,GB,team_norm & _alias_init_last,0.0,0.0,0.0,0.0,-2.0,-22.0,0.0,0.4500000000000002,-1.23,-5.300000000000001,0.32
2025,14,0.0,2025_14_CHI_GB,Green Bay Packers,Dontayvion Wicks,WR,00-0038393,1.0,0.0,0.0,0.0,0.0,0.0,0.0,0.0,0.0,0.0,0.0,0.0,0.0,72.0,39.21,30.51,297.6,150.9,2.85626748917554,1.1474331431238811,0.9802946392646116,1.0,1.0,dontayvion wicks,dontayvionwicks,dwicks,Green Bay Packers,00-0038393,,,,,,,,,,,,,,,,,,,,,,,,,
2025,14,0.0,2025_14_CHI_GB,Green Bay Packers,Matthew Golden,WR,00-0040667,1.0,0.0,0.0,0.0,0.0,0.0,0.0,0.0,0.0,0.0,0.0,0.0,0.0,72.0,39.21,30.51,297.6,150.9,2.85626748917554,1.1474331431238811,0.9802946392646116,1.0,1.0,matthew golden,matthewgolden,mgolden,Green Bay Packers,00-0040667,0.0,0.0,0.0,0.0,0.0,0.0,0.0,1.0,0.0,0.0,0.0,M.Golden,GB,team_norm & _alias_init_last,0.0,0.0,0.0,0.0,0.0,0.0,0.0,-1.0,0.0,0.0,0.0
2025,14,0.0,2025_14_CIN_BUF,Buffalo Bills,Josh Allen,QB,00-0034857,1.0,29.88,204.4,1.67,0.65,12.06,42.1,0.58,0.0,0.0,0.0,0.0,0.442,72.0,30.54,39.6,231.8,195.8,1.887811999316085,1.7568914230754935,0.7635989590962213,1.0,1.0,josh allen,joshallen,jallen,Buffalo Bills,00-0034857,39.0,251.0,3.0,0.0,1.0,-3.0,0.0,0.0,0.0,0.0,0.0,J.Allen,BUF,team_norm & _alias_init_last,-9.120000000000001,-46.599999999999994,-1.33,0.65,11.06,45.1,0.58,0.0,0.0,0.0,0.0
2025,14,0.0,2025_14_CIN_BUF,Buffalo Bills,James Cook III,RB,,1.0,0.0,0.0,0.0,0.0,17.71,97.3,0.96,3.62,2.2,25.5,0.22,0.6933,72.0,30.54,39.6,231.8,195.8,1.887811999316085,1.7568914230754935,0.7635989590962213,0.0,0.0,james cook iii,jamescookiii,jcook,Buffalo Bills,00-0037248,0.0,0.0,0.0,0.0,19.0,80.0,0.0,2.0,2.0,31.0,0.0,J.Cook,BUF,team_norm & _alias_init_last,0.0,0.0,0.0,0.0,-1.2899999999999991,17.299999999999997,0.96,1.62,0.20000000000000018,-5.5,0.22
2025,14,0.0,2025_14_CIN_BUF,Buffalo Bills,Ray Davis,RB,00-0039875,1.0,0.0,0.0,0.0,0.0,9.84,43.5,0.35,2.25,1.48,12.4,0.14,0.389,72.0,30.54,39.6,231.8,195.8,1.887811999316085,1.7568914230754935,0.7635989590962213,1.0,1.0,ray davis,raydavis,rdavis,Buffalo Bills,00-0039875,,,,,,,,,,,,,,,,,,,,,,,,,
2025,14,0.0,2025_14_CIN_BUF,Buffalo Bills,Ty Johnson,RB,00-0035537,1.0,0.0,0.0,0.0,0.0,0.0,0.0,0.0,0.0,0.0,0.0,0.0,0.0,72.0,30.54,39.6,231.8,195.8,1.887811999316085,1.7568914230754935,0.7635989590962213,1.0,1.0,ty johnson,tyjohnson,tjohnson,Buffalo Bills,00-0034376,0.0,0.0,0.0,0.0,2.0,25.0,0.0,4.0,2.0,14.0,0.0,Ty.Johnson,BUF,team_norm & _name_norm_loose,0.0,0.0,0.0,0.0,-2.0,-25.0,0.0,-4.0,-2.0,-14.0,0.0
2025,14,0.0,2025_14_CIN_BUF,Buffalo Bills,Dalton Kincaid,TE,00-0038933,1.0,0.0,0.0,0.0,0.0,0.0,0.0,0.0,6.21,4.18,37.0,0.34,0.2915,72.0,30.54,39.6,231.8,195.8,1.887811999316085,1.7568914230754935,0.7635989590962213,1.0,1.0,dalton kincaid,daltonkincaid,dkincaid,Buffalo Bills,00-0038933,0.0,0.0,0.0,0.0,0.0,0.0,0.0,5.0,4.0,41.0,1.0,D.Kincaid,BUF,team_norm & _alias_init_last,0.0,0.0,0.0,0.0,0.0,0.0,0.0,1.21,0.17999999999999972,-4.0,-0.6599999999999999
2025,14,0.0,2025_14_CIN_BUF,Buffalo Bills,Dawson Knox,TE,00-0035689,1.0,0.0,0.0,0.0,0.0,0.0,0.0,0.0,3.21,2.14,18.8,0.19,0.1766,72.0,30.54,39.6,231.8,195.8,1.887811999316085,1.7568914230754935,0.7635989590962213,1.0,1.0,dawson knox,dawsonknox,dknox,Buffalo Bills,00-0035689,0.0,0.0,0.0,0.0,0.0,0.0,0.0,8.0,6.0,93.0,0.0,D.Knox,BUF,team_norm & _alias_init_last,0.0,0.0,0.0,0.0,0.0,0.0,0.0,-4.79,-3.86,-74.2,0.19
2025,14,0.0,2025_14_CIN_BUF,Buffalo Bills,Jackson Hawes,TE,00-0040194,1.0,0.0,0.0,0.0,0.0,0.0,0.0,0.0,0.0,0.0,0.0,0.0,0.0,72.0,30.54,39.6,231.8,195.8,1.887811999316085,1.7568914230754935,0.7635989590962213,1.0,1.0,jackson hawes,jacksonhawes,jhawes,Buffalo Bills,00-0040194,0.0,0.0,0.0,0.0,0.0,0.0,0.0,1.0,1.0,3.0,1.0,J.Hawes,BUF,team_norm & _alias_init_last,0.0,0.0,0.0,0.0,0.0,0.0,0.0,-1.0,-1.0,-3.0,-1.0
2025,14,0.0,2025_14_CIN_BUF,Buffalo Bills,Khalil Shakir,WR,00-0037261,1.0,0.0,0.0,0.0,0.0,0.0,0.0,0.0,6.56,4.45,38.5,0.38,0.3148,72.0,30.54,39.6,231.8,195.8,1.887811999316085,1.7568914230754935,0.7635989590962213,1.0,1.0,khalil shakir,khalilshakir,kshakir,Buffalo Bills,00-0037261,0.0,0.0,0.0,0.0,0.0,0.0,0.0,3.0,2.0,16.0,1.0,K.Shakir,BUF,team_norm & _alias_init_last,0.0,0.0,0.0,0.0,0.0,0.0,0.0,3.5599999999999996,2.45,22.5,-0.62
2025,14,0.0,2025_14_CIN_BUF,Buffalo Bills,Joshua Palmer,WR,,1.0,0.0,0.0,0.0,0.0,0.0,0.0,0.0,4.94,2.94,55.0,0.31,0.2633,72.0,30.54,39.6,231.8,195.8,1.887811999316085,1.7568914230754935,0.7635989590962213,0.0,0.0,joshua palmer,joshuapalmer,jpalmer,Buffalo Bills,00-0036988,,,,,,,,,,,,,,,,,,,,,,,,,
2025,14,0.0,2025_14_CIN_BUF,Buffalo Bills,Gabe Davis,WR,00-0036196,1.0,0.0,0.0,0.0,0.0,0.0,0.0,0.0,3.3,1.58,18.2,0.2,0.1825,72.0,30.54,39.6,231.8,195.8,1.887811999316085,1.7568914230754935,0.7635989590962213,1.0,1.0,gabe davis,gabedavis,gdavis,Buffalo Bills,00-0036196,0.0,0.0,0.0,0.0,0.0,0.0,0.0,2.0,2.0,21.0,0.0,G.Davis,BUF,team_norm & _alias_init_last,0.0,0.0,0.0,0.0,0.0,0.0,0.0,1.2999999999999998,-0.41999999999999993,-2.8000000000000007,0.2
2025,14,0.0,2025_14_CIN_BUF,Buffalo Bills,Brandin Cooks,WR,00-0031236,1.0,0.0,0.0,0.0,0.0,0.0,0.0,0.0,0.0,0.0,0.0,0.0,0.0,72.0,30.54,39.6,231.8,195.8,1.887811999316085,1.7568914230754935,0.7635989590962213,1.0,1.0,brandin cooks,brandincooks,bcooks,Buffalo Bills,00-0031236,0.0,0.0,0.0,0.0,0.0,0.0,0.0,1.0,0.0,0.0,0.0,B.Cooks,BUF,team_norm & _alias_init_last,0.0,0.0,0.0,0.0,0.0,0.0,0.0,-1.0,0.0,0.0,0.0
2025,14,0.0,2025_14_CIN_BUF,Buffalo Bills,David White,WR,00-0039562,1.0,0.0,0.0,0.0,0.0,0.0,0.0,0.0,0.0,0.0,0.0,0.0,0.0,72.0,30.54,39.6,231.8,195.8,1.887811999316085,1.7568914230754935,0.7635989590962213,1.0,1.0,david white,davidwhite,dwhite,Buffalo Bills,00-0039562,,,,,,,,,,,,,,,,,,,,,,,,,
2025,14,0.0,2025_14_CIN_BUF,Buffalo Bills,Keon Coleman,WR,00-0039901,1.0,0.0,0.0,0.0,0.0,0.0,0.0,0.0,0.0,0.0,0.0,0.0,0.0,72.0,30.54,39.6,231.8,195.8,1.887811999316085,1.7568914230754935,0.7635989590962213,1.0,1.0,keon coleman,keoncoleman,kcoleman,Buffalo Bills,00-0039901,0.0,0.0,0.0,0.0,0.0,0.0,0.0,3.0,2.0,16.0,0.0,K.Coleman,BUF,team_norm & _alias_init_last,0.0,0.0,0.0,0.0,0.0,0.0,0.0,-3.0,-2.0,-16.0,0.0
2025,14,0.0,2025_14_CIN_BUF,Buffalo Bills,Tyrell Shavers,WR,00-0038679,1.0,0.0,0.0,0.0,0.0,0.0,0.0,0.0,0.0,0.0,0.0,0.0,0.0,72.0,30.54,39.6,231.8,195.8,1.887811999316085,1.7568914230754935,0.7635989590962213,1.0,1.0,tyrell shavers,tyrellshavers,tshavers,Buffalo Bills,00-0038679,0.0,0.0,0.0,0.0,0.0,0.0,0.0,1.0,1.0,16.0,0.0,T.Shavers,BUF,team_norm & _alias_init_last,0.0,0.0,0.0,0.0,0.0,0.0,0.0,-1.0,-1.0,-16.0,0.0
2025,14,0.0,2025_14_CIN_BUF,Cincinnati Bengals,Joe Burrow,QB,00-0036442,1.0,37.98,253.3,2.18,0.85,4.28,16.0,0.14,0.0,0.0,0.0,0.0,0.129,72.0,39.85,29.49,302.5,145.8,2.416233780911783,0.8477295316263511,0.996316939773545,1.0,1.0,joe burrow,joeburrow,jburrow,Cincinnati Bengals,00-0036442,41.0,284.0,4.0,2.0,0.0,0.0,0.0,0.0,0.0,0.0,0.0,J.Burrow,CIN,team_norm & _alias_init_last,-3.020000000000003,-30.69999999999999,-1.8199999999999998,-1.15,4.28,16.0,0.14,0.0,0.0,0.0,0.0
2025,14,0.0,2025_14_CIN_BUF,Cincinnati Bengals,Chase Brown,RB,00-0038597,1.0,0.0,0.0,0.0,0.0,16.21,68.2,0.57,4.62,3.09,20.6,0.29,0.5754,72.0,39.85,29.49,302.5,145.8,2.416233780911783,0.8477295316263511,0.996316939773545,1.0,1.0,chase brown,chasebrown,cbrown,Cincinnati Bengals,00-0038597,0.0,0.0,0.0,0.0,12.0,23.0,1.0,4.0,3.0,12.0,1.0,C.Brown,CIN,team_norm & _alias_init_last,0.0,0.0,0.0,0.0,4.210000000000001,45.2,-0.43000000000000005,0.6200000000000001,0.08999999999999986,8.600000000000001,-0.71
2025,14,0.0,2025_14_CIN_BUF,Cincinnati Bengals,Samaje Perine,RB,00-0033526,1.0,0.0,0.0,0.0,0.0,9.01,39.6,0.2,2.88,1.91,12.1,0.17,0.3122,72.0,39.85,29.49,302.5,145.8,2.416233780911783,0.8477295316263511,0.996316939773545,1.0,1.0,samaje perine,samajeperine,sperine,Cincinnati Bengals,00-0033526,0.0,0.0,0.0,0.0,6.0,31.0,0.0,1.0,1.0,7.0,0.0,S.Perine,CIN,team_norm & _alias_init_last,0.0,0.0,0.0,0.0,3.01,8.600000000000001,0.2,1.88,0.9099999999999999,5.1,0.17
2025,14,0.0,2025_14_CIN_BUF,Cincinnati Bengals,Tahj Brooks,RB,00-0040208,1.0,0.0,0.0,0.0,0.0,0.0,0.0,0.0,0.0,0.0,0.0,0.0,0.0,72.0,39.85,29.49,302.5,145.8,2.416233780911783,0.8477295316263511,0.996316939773545,1.0,1.0,tahj brooks,tahjbrooks,tbrooks,Cincinnati Bengals,00-0040208,,,,,,,,,,,,,,,,,,,,,,,,,
2025,14,0.0,2025_14_CIN_BUF,Cincinnati Bengals,Mike Gesicki,TE,00-0034829,1.0,0.0,0.0,0.0,0.0,0.0,0.0,0.0,7.51,4.8,42.1,0.43,0.3492,72.0,39.85,29.49,302.5,145.8,2.416233780911783,0.8477295316263511,0.996316939773545,1.0,1.0,mike gesicki,mikegesicki,mgesicki,Cincinnati Bengals,00-0034829,0.0,0.0,0.0,0.0,0.0,0.0,0.0,7.0,6.0,86.0,1.0,M.Gesicki,CIN,team_norm & _alias_init_last,0.0,0.0,0.0,0.0,0.0,0.0,0.0,0.5099999999999998,-1.2000000000000002,-43.9,-0.5700000000000001
2025,14,0.0,2025_14_CIN_BUF,Cincinnati Bengals,Noah Fant,TE,00-0035644,1.0,0.0,0.0,0.0,0.0,0.0,0.0,0.0,3.88,2.76,20.5,0.21,0.1869,72.0,39.85,29.49,302.5,145.8,2.416233780911783,0.8477295316263511,0.996316939773545,1.0,1.0,noah fant,noahfant,nfant,Cincinnati Bengals,00-0035644,0.0,0.0,0.0,0.0,0.0,0.0,0.0,2.0,1.0,15.0,0.0,N.Fant,CIN,team_norm & _alias_init_last,0.0,0.0,0.0,0.0,0.0,0.0,0.0,1.88,1.7599999999999998,5.5,0.21
2025,14,0.0,2025_14_CIN_BUF,Cincinnati Bengals,Drew Sample,TE,00-0035631,1.0,0.0,0.0,0.0,0.0,0.0,0.0,0.0,0.0,0.0,0.0,0.0,0.0,72.0,39.85,29.49,302.5,145.8,2.416233780911783,0.8477295316263511,0.996316939773545,1.0,1.0,drew sample,drewsample,dsample,Cincinnati Bengals,00-0035631,,,,,,,,,,,,,,,,,,,,,,,,,
2025,14,0.0,2025_14_CIN_BUF,Cincinnati Bengals,Tanner Hudson,TE,00-0034613,1.0,0.0,0.0,0.0,0.0,0.0,0.0,0.0,0.0,0.0,0.0,0.0,0.0,72.0,39.85,29.49,302.5,145.8,2.416233780911783,0.8477295316263511,0.996316939773545,1.0,1.0,tanner hudson,tannerhudson,thudson,Cincinnati Bengals,00-0034613,0.0,0.0,0.0,0.0,0.0,0.0,0.0,1.0,1.0,11.0,0.0,T.Hudson,CIN,team_norm & _alias_init_last,0.0,0.0,0.0,0.0,0.0,0.0,0.0,-1.0,-1.0,-11.0,0.0
2025,14,0.0,2025_14_CIN_BUF,Cincinnati Bengals,Ja'Marr Chase,WR,00-0036900,1.0,0.0,0.0,0.0,0.0,0.0,0.0,0.0,9.3,5.68,52.4,0.54,0.4192,72.0,39.85,29.49,302.5,145.8,2.416233780911783,0.8477295316263511,0.996316939773545,1.0,1.0,ja'marr chase,jamarrchase,jchase,Cincinnati Bengals,00-0036900,0.0,0.0,0.0,0.0,1.0,8.0,0.0,9.0,5.0,44.0,0.0,J.Chase,CIN,team_norm & _alias_init_last,0.0,0.0,0.0,0.0,-1.0,-8.0,0.0,0.3000000000000007,0.6799999999999997,8.399999999999999,0.54
2025,14,0.0,2025_14_CIN_BUF,Cincinnati Bengals,Tee Higgins,WR,00-0036410,1.0,0.0,0.0,0.0,0.0,0.0,0.0,0.0,7.0,3.99,39.9,0.41,0.3386,72.0,39.85,29.49,302.5,145.8,2.416233780911783,0.8477295316263511,0.996316939773545,1.0,1.0,tee higgins,teehiggins,thiggins,Cincinnati Bengals,00-0036410,0.0,0.0,0.0,0.0,0.0,0.0,0.0,11.0,6.0,92.0,2.0,T.Higgins,CIN,team_norm & _alias_init_last,0.0,0.0,0.0,0.0,0.0,0.0,0.0,-4.0,-2.01,-52.1,-1.59
2025,14,0.0,2025_14_CIN_BUF,Cincinnati Bengals,Andrei Iosivas,WR,00-0038619,1.0,0.0,0.0,0.0,0.0,0.0,0.0,0.0,4.67,2.39,26.9,0.27,0.2402,72.0,39.85,29.49,302.5,145.8,2.416233780911783,0.8477295316263511,0.996316939773545,1.0,1.0,andrei iosivas,andreiiosivas,aiosivas,Cincinnati Bengals,00-0038619,0.0,0.0,0.0,0.0,0.0,0.0,0.0,4.0,2.0,17.0,0.0,A.Iosivas,CIN,team_norm & _alias_init_last,0.0,0.0,0.0,0.0,0.0,0.0,0.0,0.6699999999999999,0.3900000000000001,9.899999999999999,0.27
2025,14,0.0,2025_14_CIN_BUF,Cincinnati Bengals,Charlie Jones,WR,00-0038576,1.0,0.0,0.0,0.0,0.0,0.0,0.0,0.0,0.0,0.0,0.0,0.0,0.0,72.0,39.85,29.49,302.5,145.8,2.416233780911783,0.8477295316263511,0.996316939773545,1.0,1.0,charlie jones,charliejones,cjones,Cincinnati Bengals,00-0038576,,,,,,,,,,,,,,,,,,,,,,,,,
2025,14,0.0,2025_14_CIN_BUF,Cincinnati Bengals,Cole Burgess,WR,00-0039626,1.0,0.0,0.0,0.0,0.0,0.0,0.0,0.0,0.0,0.0,0.0,0.0,0.0,72.0,39.85,29.49,302.5,145.8,2.416233780911783,0.8477295316263511,0.996316939773545,0.0,0.0,cole burgess,coleburgess,cburgess,Cincinnati Bengals,00-0039626,,,,,,,,,,,,,,,,,,,,,,,,,
2025,14,0.0,2025_14_CIN_BUF,Cincinnati Bengals,Mitchell Tinsley,WR,00-0038839,1.0,0.0,0.0,0.0,0.0,0.0,0.0,0.0,0.0,0.0,0.0,0.0,0.0,72.0,39.85,29.49,302.5,145.8,2.416233780911783,0.8477295316263511,0.996316939773545,1.0,1.0,mitchell tinsley,mitchelltinsley,mtinsley,Cincinnati Bengals,00-0038839,,,,,,,,,,,,,,,,,,,,,,,,,
2025,14,0.0,2025_14_DAL_DET,Dallas Cowboys,Dak Prescott,QB,00-0033077,1.0,40.68,242.3,2.05,0.96,2.41,7.2,0.06,0.0,0.0,0.0,0.0,0.0598,72.0,45.21,24.0,284.3,98.3,2.326900329844864,0.5536654524512739,1.1302551374134937,1.0,1.0,dak prescott,dakprescott,dprescott,Dallas Cowboys,,60.0,376.0,1.0,2.0,1.0,1.0,0.0,0.0,0.0,0.0,0.0,D.Prescott,DAL,team_norm & _alias_init_last,-19.32,-133.7,1.0499999999999998,-1.04,1.4100000000000001,6.2,0.06,0.0,0.0,0.0,0.0
2025,14,0.0,2025_14_DAL_DET,Dallas Cowboys,Javonte Williams,RB,00-0036997,1.0,0.0,0.0,0.0,0.0,13.88,48.6,0.4,5.07,3.1,18.3,0.27,0.4841,72.0,45.21,24.0,284.3,98.3,2.326900329844864,0.5536654524512739,1.1302551374134937,1.0,1.0,javonte williams,javontewilliams,jwilliams,Dallas Cowboys,00-0036997,0.0,0.0,0.0,0.0,17.0,67.0,1.0,4.0,2.0,0.0,0.0,J.Williams,DAL,team_norm & _alias_init_last,0.0,0.0,0.0,0.0,-3.119999999999999,-18.4,-0.6,1.0700000000000003,1.1,18.3,0.27
2025,14,0.0,2025_14_DAL_DET,Dallas Cowboys,Malik Davis,RB,00-0037563,1.0,0.0,0.0,0.0,0.0,7.71,29.6,0.13,3.16,1.86,14.5,0.16,0.2559,72.0,45.21,24.0,284.3,98.3,2.326900329844864,0.5536654524512739,1.1302551374134937,1.0,1.0,malik davis,malikdavis,mdavis,Dallas Cowboys,00-0037563,0.0,0.0,0.0,0.0,3.0,6.0,0.0,0.0,0.0,0.0,0.0,M.Davis,DAL,team_norm & _alias_init_last,0.0,0.0,0.0,0.0,4.71,23.6,0.13,3.16,1.86,14.5,0.16
2025,14,0.0,2025_14_DAL_DET,Dallas Cowboys,Jake Ferguson,TE,00-0038041,1.0,0.0,0.0,0.0,0.0,0.0,0.0,0.0,8.76,6.34,41.6,0.43,0.3504,72.0,45.21,24.0,284.3,98.3,2.326900329844864,0.5536654524512739,1.1302551374134937,1.0,1.0,jake ferguson,jakeferguson,jferguson,Dallas Cowboys,00-0038041,0.0,0.0,0.0,0.0,0.0,0.0,0.0,8.0,5.0,58.0,0.0,J.Ferguson,DAL,team_norm & _alias_init_last,0.0,0.0,0.0,0.0,0.0,0.0,0.0,0.7599999999999998,1.3399999999999999,-16.4,0.43
2025,14,0.0,2025_14_DAL_DET,Dallas Cowboys,Luke Schoonmaker,TE,00-0038547,1.0,0.0,0.0,0.0,0.0,0.0,0.0,0.0,4.53,2.83,22.4,0.21,0.1925,72.0,45.21,24.0,284.3,98.3,2.326900329844864,0.5536654524512739,1.1302551374134937,1.0,1.0,luke schoonmaker,lukeschoonmaker,lschoonmaker,Dallas Cowboys,00-0038547,0.0,0.0,0.0,0.0,0.0,0.0,0.0,2.0,1.0,12.0,0.0,L.Schoonmaker,DAL,team_norm & _alias_init_last,0.0,0.0,0.0,0.0,0.0,0.0,0.0,2.5300000000000002,1.83,10.399999999999999,0.21
2025,14,0.0,2025_14_DAL_DET,Dallas Cowboys,Brevyn Spann-Ford,TE,00-0039530,1.0,0.0,0.0,0.0,0.0,0.0,0.0,0.0,0.0,0.0,0.0,0.0,0.0,72.0,45.21,24.0,284.3,98.3,2.326900329844864,0.5536654524512739,1.1302551374134937,1.0,1.0,brevyn spann-ford,brevynspannford,bspannford,Dallas Cowboys,00-0039530,0.0,0.0,0.0,0.0,0.0,0.0,0.0,1.0,1.0,7.0,0.0,B.Spann-Ford,DAL,team_norm & _alias_init_last,0.0,0.0,0.0,0.0,0.0,0.0,0.0,-1.0,-1.0,-7.0,0.0
2025,14,0.0,2025_14_DAL_DET,Dallas Cowboys,John Stephens Jr.,TE,00-0038741,1.0,0.0,0.0,0.0,0.0,0.0,0.0,0.0,0.0,0.0,0.0,0.0,0.0,72.0,45.21,24.0,284.3,98.3,2.326900329844864,0.5536654524512739,1.1302551374134937,0.0,0.0,john stephens jr.,johnstephensjr,jstephens,Dallas Cowboys,00-0038741,,,,,,,,,,,,,,,,,,,,,,,,,
2025,14,0.0,2025_14_DAL_DET,Dallas Cowboys,CeeDee Lamb,WR,00-0036358,1.0,0.0,0.0,0.0,0.0,0.0,0.0,0.0,10.51,6.14,48.0,0.51,0.4003,72.0,45.21,24.0,284.3,98.3,2.326900329844864,0.5536654524512739,1.1302551374134937,1.0,1.0,ceedee lamb,ceedeelamb,clamb,Dallas Cowboys,00-0036358,0.0,0.0,0.0,0.0,0.0,0.0,0.0,8.0,6.0,121.0,0.0,C.Lamb,DAL,team_norm & _alias_init_last,0.0,0.0,0.0,0.0,0.0,0.0,0.0,2.51,0.13999999999999968,-73.0,0.51
2025,14,0.0,2025_14_DAL_DET,Dallas Cowboys,George Pickens,WR,00-0037247,1.0,0.0,0.0,0.0,0.0,0.0,0.0,0.0,7.91,4.14,35.2,0.38,0.318,72.0,45.21,24.0,284.3,98.3,2.326900329844864,0.5536654524512739,1.1302551374134937,1.0,1.0,george pickens,georgepickens,gpickens,Dallas Cowboys,00-0037247,0.0,0.0,0.0,0.0,0.0,0.0,0.0,12.0,5.0,37.0,0.0,G.Pickens,DAL,team_norm & _alias_init_last,0.0,0.0,0.0,0.0,0.0,0.0,0.0,-4.09,-0.8600000000000003,-1.7999999999999972,0.38
2025,14,0.0,2025_14_DAL_DET,Dallas Cowboys,Ryan Flournoy,WR,00-0039410,1.0,0.0,0.0,0.0,0.0,0.0,0.0,0.0,5.28,3.18,27.9,0.26,0.2261,72.0,45.21,24.0,284.3,98.3,2.326900329844864,0.5536654524512739,1.1302551374134937,1.0,1.0,ryan flournoy,ryanflournoy,rflournoy,Dallas Cowboys,00-0039410,0.0,0.0,0.0,0.0,0.0,0.0,0.0,14.0,9.0,115.0,1.0,R.Flournoy,DAL,team_norm & _alias_init_last,0.0,0.0,0.0,0.0,0.0,0.0,0.0,-8.719999999999999,-5.82,-87.1,-0.74
2025,14,0.0,2025_14_DAL_DET,Dallas Cowboys,Jonathan Mingo,WR,00-0039062,1.0,0.0,0.0,0.0,0.0,0.0,0.0,0.0,0.0,0.0,0.0,0.0,0.0,72.0,45.21,24.0,284.3,98.3,2.326900329844864,0.5536654524512739,1.1302551374134937,1.0,1.0,jonathan mingo,jonathanmingo,jmingo,Dallas Cowboys,00-0039062,0.0,0.0,0.0,0.0,0.0,0.0,0.0,1.0,0.0,0.0,0.0,J.Mingo,DAL,team_norm & _alias_init_last,0.0,0.0,0.0,0.0,0.0,0.0,0.0,-1.0,0.0,0.0,0.0
2025,14,0.0,2025_14_DAL_DET,Dallas Cowboys,KaVontae Turpin,WR,00-0037801,1.0,0.0,0.0,0.0,0.0,0.0,0.0,0.0,0.0,0.0,0.0,0.0,0.0,72.0,45.21,24.0,284.3,98.3,2.326900329844864,0.5536654524512739,1.1302551374134937,1.0,1.0,kavontae turpin,kavontaeturpin,kturpin,Dallas Cowboys,00-0037801,0.0,0.0,0.0,0.0,1.0,4.0,0.0,3.0,2.0,26.0,0.0,K.Turpin,DAL,team_norm & _alias_init_last,0.0,0.0,0.0,0.0,-1.0,-4.0,0.0,-3.0,-2.0,-26.0,0.0
2025,14,0.0,2025_14_DAL_DET,Detroit Lions,Jared Goff,QB,00-0033106,1.0,33.11,192.4,2.53,0.73,4.39,12.9,0.22,0.0,0.0,0.0,0.0,0.1993,72.0,34.29,35.43,192.4,129.5,3.242888598966896,1.6916029470572511,0.8573260606380592,1.0,1.0,jared goff,jaredgoff,jgoff,Detroit Lions,00-0033106,39.0,309.0,1.0,0.0,0.0,0.0,0.0,0.0,0.0,0.0,0.0,J.Goff,DET,team_norm & _alias_init_last,-5.890000000000001,-116.6,1.5299999999999998,0.73,4.39,12.9,0.22,0.0,0.0,0.0,0.0
2025,14,0.0,2025_14_DAL_DET,Detroit Lions,Jahmyr Gibbs,RB,00-0039139,1.0,0.0,0.0,0.0,0.0,19.95,64.0,1.2,4.05,2.62,14.0,0.4,0.798,72.0,34.29,35.43,192.4,129.5,3.242888598966896,1.6916029470572511,0.8573260606380592,1.0,1.0,jahmyr gibbs,jahmyrgibbs,jgibbs,Detroit Lions,00-0039139,0.0,0.0,0.0,0.0,13.0,43.0,3.0,7.0,7.0,77.0,0.0,J.Gibbs,DET,team_norm & _alias_init_last,0.0,0.0,0.0,0.0,6.949999999999999,21.0,-1.8,-2.95,-4.38,-63.0,0.4
2025,14,0.0,2025_14_DAL_DET,Detroit Lions,David Montgomery,RB,00-0035685,1.0,0.0,0.0,0.0,0.0,11.09,34.9,0.44,2.52,1.69,8.8,0.23,0.486,72.0,34.29,35.43,192.4,129.5,3.242888598966896,1.6916029470572511,0.8573260606380592,1.0,1.0,david montgomery,davidmontgomery,dmontgomery,Detroit Lions,00-0035685,0.0,0.0,0.0,0.0,6.0,60.0,1.0,1.0,1.0,13.0,0.0,D.Montgomery,DET,team_norm & _alias_init_last,0.0,0.0,0.0,0.0,5.09,-25.1,-0.56,1.52,0.69,-4.199999999999999,0.23
2025,14,0.0,2025_14_DAL_DET,Detroit Lions,Jacob Saylors,RB,00-0038896,1.0,0.0,0.0,0.0,0.0,0.0,0.0,0.0,0.0,0.0,0.0,0.0,0.0,72.0,34.29,35.43,192.4,129.5,3.242888598966896,1.6916029470572511,0.8573260606380592,1.0,1.0,jacob saylors,jacobsaylors,jsaylors,Detroit Lions,00-0038896,,,,,,,,,,,,,,,,,,,,,,,,,
2025,14,0.0,2025_14_DAL_DET,Detroit Lions,Sione Vaki,RB,00-0039364,1.0,0.0,0.0,0.0,0.0,0.0,0.0,0.0,0.0,0.0,0.0,0.0,0.0,72.0,34.29,35.43,192.4,129.5,3.242888598966896,1.6916029470572511,0.8573260606380592,1.0,1.0,sione vaki,sionevaki,svaki,Detroit Lions,00-0039364,,,,,,,,,,,,,,,,,,,,,,,,,
2025,14,0.0,2025_14_DAL_DET,Detroit Lions,Ross Dwelley,TE,,1.0,0.0,0.0,0.0,0.0,0.0,0.0,0.0,6.74,4.3,47.6,0.64,0.4714,72.0,34.29,35.43,192.4,129.5,3.242888598966896,1.6916029470572511,0.8573260606380592,0.0,1.0,ross dwelley,rossdwelley,rdwelley,Detroit Lions,,0.0,0.0,0.0,0.0,0.0,0.0,0.0,1.0,1.0,4.0,0.0,R.Dwelley,DET,team_norm & _alias_init_last,0.0,0.0,0.0,0.0,0.0,0.0,0.0,5.74,3.3,43.6,0.64
2025,14,0.0,2025_14_DAL_DET,Detroit Lions,Anthony Firkser,TE,00-0033455,1.0,0.0,0.0,0.0,0.0,0.0,0.0,0.0,3.49,2.48,19.2,0.33,0.2776,72.0,34.29,35.43,192.4,129.5,3.242888598966896,1.6916029470572511,0.8573260606380592,1.0,1.0,anthony firkser,anthonyfirkser,afirkser,Detroit Lions,00-0033455,0.0,0.0,0.0,0.0,0.0,0.0,0.0,1.0,1.0,7.0,0.0,A.Firkser,DET,team_norm & _alias_init_last,0.0,0.0,0.0,0.0,0.0,0.0,0.0,2.49,1.48,12.2,0.33
2025,14,0.0,2025_14_DAL_DET,Detroit Lions,Amon-Ra St. Brown,WR,00-0036963,1.0,0.0,0.0,0.0,0.0,0.0,0.0,0.0,7.67,5.14,32.8,0.71,0.5103,72.0,34.29,35.43,192.4,129.5,3.242888598966896,1.6916029470572511,0.8573260606380592,1.0,1.0,amon-ra st. brown,amonrastbrown,astbrown,Detroit Lions,00-0036963,0.0,0.0,0.0,0.0,0.0,0.0,0.0,9.0,6.0,92.0,0.0,A.St. Brown,DET,team_norm & _alias_init_last,0.0,0.0,0.0,0.0,0.0,0.0,0.0,-1.33,-0.8600000000000003,-59.2,0.71
2025,14,0.0,2025_14_DAL_DET,Detroit Lions,Jameson Williams,WR,00-0037240,1.0,0.0,0.0,0.0,0.0,0.0,0.0,0.0,5.78,3.15,26.2,0.5,0.3959,72.0,34.29,35.43,192.4,129.5,3.242888598966896,1.6916029470572511,0.8573260606380592,1.0,1.0,jameson williams,jamesonwilliams,jwilliams,Detroit Lions,00-0037240,0.0,0.0,0.0,0.0,1.0,7.0,0.0,9.0,7.0,96.0,0.0,J.Williams,DET,team_norm & _alias_init_last,0.0,0.0,0.0,0.0,-1.0,-7.0,0.0,-3.2199999999999998,-3.85,-69.8,0.5
2025,14,0.0,2025_14_DAL_DET,Detroit Lions,Kalif Raymond,WR,00-0032464,1.0,0.0,0.0,0.0,0.0,0.0,0.0,0.0,3.85,2.55,16.7,0.34,0.2867,72.0,34.29,35.43,192.4,129.5,3.242888598966896,1.6916029470572511,0.8573260606380592,0.0,0.0,kalif raymond,kalifraymond,kraymond,Detroit Lions,00-0032464,,,,,,,,,,,,,,,,,,,,,,,,,
2025,14,0.0,2025_14_DAL_DET,Detroit Lions,Dominic Lovett,WR,00-0040241,1.0,0.0,0.0,0.0,0.0,0.0,0.0,0.0,0.0,0.0,0.0,0.0,0.0,72.0,34.29,35.43,192.4,129.5,3.242888598966896,1.6916029470572511,0.8573260606380592,1.0,1.0,dominic lovett,dominiclovett,dlovett,Detroit Lions,00-0040241,,,,,,,,,,,,,,,,,,,,,,,,,
2025,14,0.0,2025_14_DAL_DET,Detroit Lions,Isaac TeSlaa,WR,00-0040669,1.0,0.0,0.0,0.0,0.0,0.0,0.0,0.0,0.0,0.0,0.0,0.0,0.0,72.0,34.29,35.43,192.4,129.5,3.242888598966896,1.6916029470572511,0.8573260606380592,1.0,1.0,isaac teslaa,isaacteslaa,iteslaa,Detroit Lions,00-0040669,0.0,0.0,0.0,0.0,0.0,0.0,0.0,4.0,2.0,20.0,1.0,I.TeSlaa,DET,team_norm & _alias_init_last,0.0,0.0,0.0,0.0,0.0,0.0,0.0,-4.0,-2.0,-20.0,-1.0
2025,14,0.0,2025_14_DAL_DET,Detroit Lions,Malik Cunningham,WR,00-0038911,1.0,0.0,0.0,0.0,0.0,0.0,0.0,0.0,0.0,0.0,0.0,0.0,0.0,72.0,34.29,35.43,192.4,129.5,3.242888598966896,1.6916029470572511,0.8573260606380592,1.0,1.0,malik cunningham,malikcunningham,mcunningham,Detroit Lions,00-0038911,0.0,0.0,0.0,0.0,1.0,1.0,0.0,0.0,0.0,0.0,0.0,M.Cunningham,DET,team_norm & _alias_init_last,0.0,0.0,0.0,0.0,-1.0,-1.0,0.0,0.0,0.0,0.0,0.0
2025,14,0.0,2025_14_DAL_DET,Detroit Lions,Tom Kennedy,WR,00-0035544,1.0,0.0,0.0,0.0,0.0,0.0,0.0,0.0,0.0,0.0,0.0,0.0,0.0,72.0,34.29,35.43,192.4,129.5,3.242888598966896,1.6916029470572511,0.8573260606380592,1.0,1.0,tom kennedy,tomkennedy,tkennedy,Detroit Lions,00-0035544,,,,,,,,,,,,,,,,,,,,,,,,,
2025,14,0.0,2025_14_DEN_LV,Denver Broncos,Bo Nix,QB,00-0039732,1.0,40.84,247.5,2.42,1.02,5.85,18.6,0.19,0.0,0.0,0.0,0.0,0.1697,72.0,47.83,21.6,319.0,93.9,3.1325271147155247,0.651860822119902,1.1957092881479905,1.0,1.0,bo nix,bonix,bnix,Denver Broncos,00-0039732,43.0,212.0,0.0,0.0,1.0,1.0,0.0,0.0,0.0,0.0,0.0,B.Nix,DEN,team_norm & _alias_init_last,-2.1599999999999966,35.5,2.42,1.02,4.85,17.6,0.19,0.0,0.0,0.0,0.0
2025,14,0.0,2025_14_DEN_LV,Denver Broncos,RJ Harvey,RB,00-0040730,1.0,0.0,0.0,0.0,0.0,10.12,39.8,0.38,5.52,3.69,24.7,0.37,0.5289,72.0,47.83,21.6,319.0,93.9,3.1325271147155247,0.651860822119902,1.1957092881479905,1.0,1.0,rj harvey,rjharvey,rharvey,Denver Broncos,00-0040730,0.0,0.0,0.0,0.0,18.0,75.0,1.0,6.0,6.0,25.0,0.0,R.Harvey,DEN,team_norm & _alias_init_last,0.0,0.0,0.0,0.0,-7.880000000000001,-35.2,-0.62,-0.4800000000000004,-2.31,-0.3000000000000007,0.37
2025,14,0.0,2025_14_DEN_LV,Denver Broncos,Jaleel McLaughlin,RB,00-0038794,1.0,0.0,0.0,0.0,0.0,5.62,22.3,0.13,3.43,2.32,14.2,0.23,0.3005,72.0,47.83,21.6,319.0,93.9,3.1325271147155247,0.651860822119902,1.1957092881479905,1.0,1.0,jaleel mclaughlin,jaleelmclaughlin,jmclaughlin,Denver Broncos,00-0038794,0.0,0.0,0.0,0.0,5.0,22.0,0.0,1.0,1.0,9.0,0.0,J.McLaughlin,DEN,team_norm & _alias_init_last,0.0,0.0,0.0,0.0,0.6200000000000001,0.3000000000000007,0.13,2.43,1.3199999999999998,5.199999999999999,0.23
2025,14,0.0,2025_14_DEN_LV,Denver Broncos,Tyler Badie,RB,00-0037085,1.0,0.0,0.0,0.0,0.0,0.0,0.0,0.0,0.0,0.0,0.0,0.0,0.0,72.0,47.83,21.6,319.0,93.9,3.1325271147155247,0.651860822119902,1.1957092881479905,1.0,1.0,tyler badie,tylerbadie,tbadie,Denver Broncos,00-0037085,0.0,0.0,0.0,0.0,4.0,16.0,0.0,1.0,1.0,5.0,0.0,T.Badie,DEN,team_norm & _alias_init_last,0.0,0.0,0.0,0.0,-4.0,-16.0,0.0,-1.0,-1.0,-5.0,0.0
2025,14,0.0,2025_14_DEN_LV,Denver Broncos,Evan Engram,TE,00-0033881,1.0,0.0,0.0,0.0,0.0,0.0,0.0,0.0,9.0,6.3,45.2,0.52,0.4039,72.0,47.83,21.6,319.0,93.9,3.1325271147155247,0.651860822119902,1.1957092881479905,1.0,1.0,evan engram,evanengram,eengram,Denver Broncos,00-0033881,0.0,0.0,0.0,0.0,0.0,0.0,0.0,2.0,2.0,8.0,0.0,E.Engram,DEN,team_norm & _alias_init_last,0.0,0.0,0.0,0.0,0.0,0.0,0.0,7.0,4.3,37.2,0.52
2025,14,0.0,2025_14_DEN_LV,Denver Broncos,Nate Adkins,TE,00-0038783,1.0,0.0,0.0,0.0,0.0,0.0,0.0,0.0,4.65,3.24,28.2,0.3,0.2571,72.0,47.83,21.6,319.0,93.9,3.1325271147155247,0.651860822119902,1.1957092881479905,0.0,0.0,nate adkins,nateadkins,nadkins,Denver Broncos,00-0038783,,,,,,,,,,,,,,,,,,,,,,,,,
2025,14,0.0,2025_14_DEN_LV,Denver Broncos,Adam Trautman,TE,00-0036422,1.0,0.0,0.0,0.0,0.0,0.0,0.0,0.0,0.0,0.0,0.0,0.0,0.0,72.0,47.83,21.6,319.0,93.9,3.1325271147155247,0.651860822119902,1.1957092881479905,1.0,1.0,adam trautman,adamtrautman,atrautman,Denver Broncos,00-0036422,0.0,0.0,0.0,0.0,0.0,0.0,0.0,2.0,2.0,17.0,0.0,A.Trautman,DEN,team_norm & _alias_init_last,0.0,0.0,0.0,0.0,0.0,0.0,0.0,-2.0,-2.0,-17.0,0.0
2025,14,0.0,2025_14_DEN_LV,Denver Broncos,Marcedes Lewis,TE,00-0024243,1.0,0.0,0.0,0.0,0.0,0.0,0.0,0.0,0.0,0.0,0.0,0.0,0.0,72.0,47.83,21.6,319.0,93.9,3.1325271147155247,0.651860822119902,1.1957092881479905,1.0,1.0,marcedes lewis,marcedeslewis,mlewis,Denver Broncos,00-0024243,,,,,,,,,,,,,,,,,,,,,,,,,
2025,14,0.0,2025_14_DEN_LV,Denver Broncos,Courtland Sutton,WR,00-0034348,1.0,0.0,0.0,0.0,0.0,0.0,0.0,0.0,11.19,6.11,58.6,0.71,0.5065,72.0,47.83,21.6,319.0,93.9,3.1325271147155247,0.651860822119902,1.1957092881479905,1.0,1.0,courtland sutton,courtlandsutton,csutton,Denver Broncos,00-0034348,0.0,0.0,0.0,0.0,0.0,0.0,0.0,10.0,6.0,62.0,0.0,C.Sutton,DEN,team_norm & _alias_init_last,0.0,0.0,0.0,0.0,0.0,0.0,0.0,1.1899999999999995,0.11000000000000032,-3.3999999999999986,0.71
2025,14,0.0,2025_14_DEN_LV,Denver Broncos,Troy Franklin,WR,00-0039868,1.0,0.0,0.0,0.0,0.0,0.0,0.0,0.0,8.42,4.59,45.3,0.54,0.4188,72.0,47.83,21.6,319.0,93.9,3.1325271147155247,0.651860822119902,1.1957092881479905,1.0,1.0,troy franklin,troyfranklin,tfranklin,Denver Broncos,00-0039868,0.0,0.0,0.0,0.0,0.0,0.0,0.0,4.0,3.0,11.0,0.0,T.Franklin,DEN,team_norm & _alias_init_last,0.0,0.0,0.0,0.0,0.0,0.0,0.0,4.42,1.5899999999999999,34.3,0.54
2025,14,0.0,2025_14_DEN_LV,Denver Broncos,Pat Bryant,WR,00-0040134,1.0,0.0,0.0,0.0,0.0,0.0,0.0,0.0,5.62,3.38,35.2,0.36,0.3005,72.0,47.83,21.6,319.0,93.9,3.1325271147155247,0.651860822119902,1.1957092881479905,1.0,1.0,pat bryant,patbryant,pbryant,Denver Broncos,00-0040134,0.0,0.0,0.0,0.0,0.0,0.0,0.0,4.0,4.0,32.0,0.0,P.Bryant,DEN,team_norm & _alias_init_last,0.0,0.0,0.0,0.0,0.0,0.0,0.0,1.62,-0.6200000000000001,3.200000000000003,0.36
2025,14,0.0,2025_14_DEN_LV,Denver Broncos,Lil'Jordan Humphrey,WR,00-0035406,1.0,0.0,0.0,0.0,0.0,0.0,0.0,0.0,0.0,0.0,0.0,0.0,0.0,72.0,47.83,21.6,319.0,93.9,3.1325271147155247,0.651860822119902,1.1957092881479905,1.0,1.0,lil'jordan humphrey,liljordanhumphrey,lhumphrey,Denver Broncos,00-0035406,0.0,0.0,0.0,0.0,0.0,0.0,0.0,3.0,3.0,27.0,0.0,L.Humphrey,DEN,team_norm & _alias_init_last,0.0,0.0,0.0,0.0,0.0,0.0,0.0,-3.0,-3.0,-27.0,0.0
2025,14,0.0,2025_14_DEN_LV,Denver Broncos,Marvin Mims Jr.,WR,00-0038976,1.0,0.0,0.0,0.0,0.0,0.0,0.0,0.0,0.0,0.0,0.0,0.0,0.0,72.0,47.83,21.6,319.0,93.9,3.1325271147155247,0.651860822119902,1.1957092881479905,1.0,1.0,marvin mims jr.,marvinmimsjr,mmims,Denver Broncos,00-0038976,0.0,0.0,0.0,0.0,1.0,2.0,0.0,1.0,1.0,5.0,0.0,M.Mims,DEN,team_norm & _alias_init_last,0.0,0.0,0.0,0.0,-1.0,-2.0,0.0,-1.0,-1.0,-5.0,0.0
2025,14,0.0,2025_14_DEN_LV,Las Vegas Raiders,Geno Smith,QB,00-0030565,1.0,31.8,177.7,1.79,0.68,3.51,9.9,0.13,0.0,0.0,0.0,0.0,0.1223,55.0,32.02,19.89,179.7,72.7,2.2427602929112176,0.7307164706154894,0.8005996526270082,1.0,1.0,geno smith,genosmith,gsmith,Las Vegas Raiders,,26.0,116.0,1.0,0.0,0.0,0.0,0.0,0.0,0.0,0.0,0.0,G.Smith,LV,team_norm & _alias_init_last,5.800000000000001,61.69999999999999,0.79,0.68,3.51,9.9,0.13,0.0,0.0,0.0,0.0
2025,14,0.0,2025_14_DEN_LV,Las Vegas Raiders,Ashton Jeanty,RB,00-0040122,1.0,0.0,0.0,0.0,0.0,10.53,33.7,0.45,3.54,2.19,12.6,0.25,0.5051,55.0,32.02,19.89,179.7,72.7,2.2427602929112176,0.7307164706154894,0.8005996526270082,1.0,1.0,ashton jeanty,ashtonjeanty,ajeanty,Las Vegas Raiders,00-0040122,0.0,0.0,0.0,0.0,11.0,30.0,0.0,4.0,2.0,8.0,0.0,A.Jeanty,LV,team_norm & _alias_init_last,0.0,0.0,0.0,0.0,-0.47000000000000064,3.700000000000003,0.45,-0.45999999999999996,0.18999999999999995,4.6,0.25
2025,14,0.0,2025_14_DEN_LV,Las Vegas Raiders,Raheem Mostert,RB,00-0031687,1.0,0.0,0.0,0.0,0.0,5.85,19.0,0.17,2.2,1.38,7.3,0.16,0.2786,55.0,32.02,19.89,179.7,72.7,2.2427602929112176,0.7307164706154894,0.8005996526270082,1.0,1.0,raheem mostert,raheemmostert,rmostert,Las Vegas Raiders,,0.0,0.0,0.0,0.0,0.0,0.0,0.0,1.0,1.0,2.0,0.0,R.Mostert,LV,team_norm & _alias_init_last,0.0,0.0,0.0,0.0,5.85,19.0,0.17,1.2000000000000002,0.3799999999999999,5.3,0.16
2025,14,0.0,2025_14_DEN_LV,Las Vegas Raiders,Dylan Laube,RB,00-0039407,1.0,0.0,0.0,0.0,0.0,0.0,0.0,0.0,0.0,0.0,0.0,0.0,0.0,55.0,32.02,19.89,179.7,72.7,2.2427602929112176,0.7307164706154894,0.8005996526270082,1.0,1.0,dylan laube,dylanlaube,dlaube,Las Vegas Raiders,00-0039407,,,,,,,,,,,,,,,,,,,,,,,,,
2025,14,0.0,2025_14_DEN_LV,Las Vegas Raiders,Brock Bowers,TE,00-0039338,1.0,0.0,0.0,0.0,0.0,0.0,0.0,0.0,6.25,4.4,27.7,0.4,0.3295,55.0,32.02,19.89,179.7,72.7,2.2427602929112176,0.7307164706154894,0.8005996526270082,1.0,1.0,brock bowers,brockbowers,bbowers,Las Vegas Raiders,00-0039338,0.0,0.0,0.0,0.0,0.0,0.0,0.0,5.0,4.0,46.0,1.0,B.Bowers,LV,team_norm & _alias_init_last,0.0,0.0,0.0,0.0,0.0,0.0,0.0,1.25,0.40000000000000036,-18.3,-0.6
2025,14,0.0,2025_14_DEN_LV,Las Vegas Raiders,Michael Mayer,TE,00-0039066,1.0,0.0,0.0,0.0,0.0,0.0,0.0,0.0,3.23,2.16,14.4,0.21,0.1906,55.0,32.02,19.89,179.7,72.7,2.2427602929112176,0.7307164706154894,0.8005996526270082,0.0,0.0,michael mayer,michaelmayer,mmayer,Las Vegas Raiders,00-0039066,,,,,,,,,,,,,,,,,,,,,,,,,
2025,14,0.0,2025_14_DEN_LV,Las Vegas Raiders,Carter Runyon,TE,00-0040488,1.0,0.0,0.0,0.0,0.0,0.0,0.0,0.0,0.0,0.0,0.0,0.0,0.0,55.0,32.02,19.89,179.7,72.7,2.2427602929112176,0.7307164706154894,0.8005996526270082,1.0,1.0,carter runyon,carterrunyon,crunyon,Las Vegas Raiders,00-0040488,,,,,,,,,,,,,,,,,,,,,,,,,
2025,14,0.0,2025_14_DEN_LV,Las Vegas Raiders,Ian Thomas,TE,00-0034365,1.0,0.0,0.0,0.0,0.0,0.0,0.0,0.0,0.0,0.0,0.0,0.0,0.0,55.0,32.02,19.89,179.7,72.7,2.2427602929112176,0.7307164706154894,0.8005996526270082,1.0,1.0,ian thomas,ianthomas,ithomas,Las Vegas Raiders,00-0034365,0.0,0.0,0.0,0.0,0.0,0.0,0.0,2.0,2.0,17.0,0.0,I.Thomas,LV,team_norm & _alias_init_last,0.0,0.0,0.0,0.0,0.0,0.0,0.0,-2.0,-2.0,-17.0,0.0
2025,14,0.0,2025_14_DEN_LV,Las Vegas Raiders,Tre Tucker,WR,00-0038563,1.0,0.0,0.0,0.0,0.0,0.0,0.0,0.0,7.45,3.9,31.2,0.48,0.3791,55.0,32.02,19.89,179.7,72.7,2.2427602929112176,0.7307164706154894,0.8005996526270082,1.0,1.0,tre tucker,tretucker,ttucker,Las Vegas Raiders,00-0038563,0.0,0.0,0.0,0.0,0.0,0.0,0.0,5.0,2.0,24.0,0.0,T.Tucker,LV,team_norm & _alias_init_last,0.0,0.0,0.0,0.0,0.0,0.0,0.0,2.45,1.9,7.199999999999999,0.48
2025,14,0.0,2025_14_DEN_LV,Las Vegas Raiders,Jack Bech,WR,00-0040729,1.0,0.0,0.0,0.0,0.0,0.0,0.0,0.0,5.61,3.46,32.0,0.38,0.3176,55.0,32.02,19.89,179.7,72.7,2.2427602929112176,0.7307164706154894,0.8005996526270082,1.0,1.0,jack bech,jackbech,jbech,Las Vegas Raiders,00-0040729,0.0,0.0,0.0,0.0,0.0,0.0,0.0,7.0,6.0,50.0,0.0,J.Bech,LV,team_norm & _alias_init_last,0.0,0.0,0.0,0.0,0.0,0.0,0.0,-1.3899999999999997,-2.54,-18.0,0.38
2025,14,0.0,2025_14_DEN_LV,Las Vegas Raiders,Tyler Lockett,WR,00-0032211,1.0,0.0,0.0,0.0,0.0,0.0,0.0,0.0,3.74,2.12,13.8,0.24,0.2151,55.0,32.02,19.89,179.7,72.7,2.2427602929112176,0.7307164706154894,0.8005996526270082,1.0,1.0,tyler lockett,tylerlockett,tlockett,Las Vegas Raiders,00-0032211,0.0,0.0,0.0,0.0,0.0,0.0,0.0,5.0,3.0,41.0,0.0,T.Lockett,LV,team_norm & _alias_init_last,0.0,0.0,0.0,0.0,0.0,0.0,0.0,-1.2599999999999998,-0.8799999999999999,-27.2,0.24
2025,14,0.0,2025_14_DEN_LV,Las Vegas Raiders,Alex Bachman,WR,00-0035602,1.0,0.0,0.0,0.0,0.0,0.0,0.0,0.0,0.0,0.0,0.0,0.0,0.0,55.0,32.02,19.89,179.7,72.7,2.2427602929112176,0.7307164706154894,0.8005996526270082,0.0,0.0,alex bachman,alexbachman,abachman,Las Vegas Raiders,00-0035602,,,,,,,,,,,,,,,,,,,,,,,,,
2025,14,0.0,2025_14_DEN_LV,Las Vegas Raiders,Amari Cooper,WR,00-0031544,1.0,0.0,0.0,0.0,0.0,0.0,0.0,0.0,0.0,0.0,0.0,0.0,0.0,55.0,32.02,19.89,179.7,72.7,2.2427602929112176,0.7307164706154894,0.8005996526270082,1.0,1.0,amari cooper,amaricooper,acooper,Las Vegas Raiders,00-0031544,,,,,,,,,,,,,,,,,,,,,,,,,
2025,14,0.0,2025_14_DEN_LV,Las Vegas Raiders,DJ Turner,WR,00-0036527,1.0,0.0,0.0,0.0,0.0,0.0,0.0,0.0,0.0,0.0,0.0,0.0,0.0,55.0,32.02,19.89,179.7,72.7,2.2427602929112176,0.7307164706154894,0.8005996526270082,1.0,1.0,dj turner,djturner,dturner,Las Vegas Raiders,00-0036527,,,,,,,,,,,,,,,,,,,,,,,,,
2025,14,0.0,2025_14_DEN_LV,Las Vegas Raiders,Shedrick Jackson,WR,00-0038891,1.0,0.0,0.0,0.0,0.0,0.0,0.0,0.0,0.0,0.0,0.0,0.0,0.0,55.0,32.02,19.89,179.7,72.7,2.2427602929112176,0.7307164706154894,0.8005996526270082,1.0,1.0,shedrick jackson,shedrickjackson,sjackson,Las Vegas Raiders,00-0038891,0.0,0.0,0.0,0.0,0.0,0.0,0.0,1.0,1.0,25.0,1.0,S.Jackson,LV,team_norm & _alias_init_last,0.0,0.0,0.0,0.0,0.0,0.0,0.0,-1.0,-1.0,-25.0,-1.0
2025,14,0.0,2025_14_HOU_KC,Houston Texans,C.J. Stroud,QB,00-0039163,1.0,34.07,191.1,1.21,0.78,5.76,16.8,0.11,0.0,0.0,0.0,0.0,0.1061,72.0,36.57,33.16,205.2,121.2,1.321803052237055,0.6111783619370774,0.9142678998436056,1.0,1.0,c.j. stroud,cjstroud,cstroud,Houston Texans,00-0039163,39.0,203.0,1.0,0.0,1.0,2.0,0.0,0.0,0.0,0.0,0.0,C.Stroud,HOU,team_norm & _alias_init_last,-4.93,-11.900000000000006,0.20999999999999996,0.78,4.76,14.8,0.11,0.0,0.0,0.0,0.0
2025,14,0.0,2025_14_HOU_KC,Houston Texans,Woody Marks,RB,00-0040583,1.0,0.0,0.0,0.0,0.0,17.62,56.9,0.39,4.25,2.41,16.7,0.16,0.4232,72.0,36.57,33.16,205.2,121.2,1.321803052237055,0.6111783619370774,0.9142678998436056,1.0,1.0,woody marks,woodymarks,wmarks,Houston Texans,,0.0,0.0,0.0,0.0,26.0,68.0,0.0,3.0,2.0,8.0,1.0,W.Marks,HOU,team_norm & _alias_init_last,0.0,0.0,0.0,0.0,-8.379999999999999,-11.100000000000001,0.39,1.25,0.41000000000000014,8.7,-0.84
2025,14,0.0,2025_14_HOU_KC,Houston Texans,Nick Chubb,RB,00-0034791,1.0,0.0,0.0,0.0,0.0,9.79,30.5,0.14,2.64,1.54,9.4,0.09,0.2041,72.0,36.57,33.16,205.2,121.2,1.321803052237055,0.6111783619370774,0.9142678998436056,1.0,1.0,nick chubb,nickchubb,nchubb,Houston Texans,00-0034791,0.0,0.0,0.0,0.0,1.0,3.0,0.0,0.0,0.0,0.0,0.0,N.Chubb,HOU,team_norm & _alias_init_last,0.0,0.0,0.0,0.0,8.79,27.5,0.14,2.64,1.54,9.4,0.09
2025,14,0.0,2025_14_HOU_KC,Houston Texans,Dare Ogunbowale,RB,00-0033854,1.0,0.0,0.0,0.0,0.0,0.0,0.0,0.0,0.0,0.0,0.0,0.0,0.0,72.0,36.57,33.16,205.2,121.2,1.321803052237055,0.6111783619370774,0.9142678998436056,1.0,1.0,dare ogunbowale,dareogunbowale,dogunbowale,Houston Texans,,0.0,0.0,0.0,0.0,1.0,5.0,1.0,0.0,0.0,0.0,0.0,D.Ogunbowale,HOU,team_norm & _alias_init_last,0.0,0.0,0.0,0.0,-1.0,-5.0,-1.0,0.0,0.0,0.0,0.0
2025,14,0.0,2025_14_HOU_KC,Houston Texans,Dalton Schultz,TE,00-0034383,1.0,0.0,0.0,0.0,0.0,0.0,0.0,0.0,6.94,4.6,31.0,0.23,0.2022,72.0,36.57,33.16,205.2,121.2,1.321803052237055,0.6111783619370774,0.9142678998436056,1.0,1.0,dalton schultz,daltonschultz,dschultz,Houston Texans,00-0034383,0.0,0.0,0.0,0.0,0.0,0.0,0.0,6.0,3.0,22.0,0.0,D.Schultz,HOU,team_norm & _alias_init_last,0.0,0.0,0.0,0.0,0.0,0.0,0.0,0.9400000000000004,1.5999999999999996,9.0,0.23
2025,14,0.0,2025_14_HOU_KC,Houston Texans,Cade Stover,TE,00-0039359,1.0,0.0,0.0,0.0,0.0,0.0,0.0,0.0,3.59,2.46,18.3,0.12,0.1156,72.0,36.57,33.16,205.2,121.2,1.321803052237055,0.6111783619370774,0.9142678998436056,1.0,1.0,cade stover,cadestover,cstover,Houston Texans,00-0039359,0.0,0.0,0.0,0.0,1.0,0.0,0.0,0.0,0.0,0.0,0.0,C.Stover,HOU,team_norm & _alias_init_last,0.0,0.0,0.0,0.0,-1.0,0.0,0.0,3.59,2.46,18.3,0.12
2025,14,0.0,2025_14_HOU_KC,Houston Texans,Dalton Keene,TE,00-0036225,1.0,0.0,0.0,0.0,0.0,0.0,0.0,0.0,0.0,0.0,0.0,0.0,0.0,72.0,36.57,33.16,205.2,121.2,1.321803052237055,0.6111783619370774,0.9142678998436056,0.0,0.0,dalton keene,daltonkeene,dkeene,Houston Texans,00-0036225,,,,,,,,,,,,,,,,,,,,,,,,,
2025,14,0.0,2025_14_HOU_KC,Houston Texans,Nico Collins,WR,00-0036554,1.0,0.0,0.0,0.0,0.0,0.0,0.0,0.0,8.49,4.82,34.8,0.29,0.2523,72.0,36.57,33.16,205.2,121.2,1.321803052237055,0.6111783619370774,0.9142678998436056,1.0,1.0,nico collins,nicocollins,ncollins,Houston Texans,00-0036554,0.0,0.0,0.0,0.0,0.0,0.0,0.0,9.0,4.0,121.0,0.0,N.Collins,HOU,team_norm & _alias_init_last,0.0,0.0,0.0,0.0,0.0,0.0,0.0,-0.5099999999999998,0.8200000000000003,-86.2,0.29
2025,14,0.0,2025_14_HOU_KC,Houston Texans,Jayden Higgins,WR,00-0040130,1.0,0.0,0.0,0.0,0.0,0.0,0.0,0.0,6.39,3.56,31.3,0.22,0.1975,72.0,36.57,33.16,205.2,121.2,1.321803052237055,0.6111783619370774,0.9142678998436056,1.0,1.0,jayden higgins,jaydenhiggins,jhiggins,Houston Texans,00-0040130,0.0,0.0,0.0,0.0,0.0,0.0,0.0,5.0,3.0,34.0,0.0,J.Higgins,HOU,team_norm & _alias_init_last,0.0,0.0,0.0,0.0,0.0,0.0,0.0,1.3899999999999997,0.56,-2.6999999999999993,0.22
2025,14,0.0,2025_14_HOU_KC,Houston Texans,Xavier Hutchinson,WR,00-0038618,1.0,0.0,0.0,0.0,0.0,0.0,0.0,0.0,4.26,2.13,18.7,0.14,0.1331,72.0,36.57,33.16,205.2,121.2,1.321803052237055,0.6111783619370774,0.9142678998436056,1.0,1.0,xavier hutchinson,xavierhutchinson,xhutchinson,Houston Texans,00-0038618,0.0,0.0,0.0,0.0,0.0,0.0,0.0,2.0,0.0,0.0,0.0,X.Hutchinson,HOU,team_norm & _alias_init_last,0.0,0.0,0.0,0.0,0.0,0.0,0.0,2.26,2.13,18.7,0.14
2025,14,0.0,2025_14_HOU_KC,Houston Texans,Braxton Berrios,WR,00-0034419,1.0,0.0,0.0,0.0,0.0,0.0,0.0,0.0,0.0,0.0,0.0,0.0,0.0,72.0,36.57,33.16,205.2,121.2,1.321803052237055,0.6111783619370774,0.9142678998436056,0.0,0.0,braxton berrios,braxtonberrios,bberrios,Houston Texans,00-0034419,,,,,,,,,,,,,,,,,,,,,,,,,
2025,14,0.0,2025_14_HOU_KC,Houston Texans,Christian Kirk,WR,00-0034775,1.0,0.0,0.0,0.0,0.0,0.0,0.0,0.0,0.0,0.0,0.0,0.0,0.0,72.0,36.57,33.16,205.2,121.2,1.321803052237055,0.6111783619370774,0.9142678998436056,1.0,1.0,christian kirk,christiankirk,ckirk,Houston Texans,00-0034775,0.0,0.0,0.0,0.0,0.0,0.0,0.0,3.0,1.0,6.0,0.0,C.Kirk,HOU,team_norm & _alias_init_last,0.0,0.0,0.0,0.0,0.0,0.0,0.0,-3.0,-1.0,-6.0,0.0
2025,14,0.0,2025_14_HOU_KC,Houston Texans,Daniel Jackson,WR,00-0040412,1.0,0.0,0.0,0.0,0.0,0.0,0.0,0.0,0.0,0.0,0.0,0.0,0.0,72.0,36.57,33.16,205.2,121.2,1.321803052237055,0.6111783619370774,0.9142678998436056,0.0,0.0,daniel jackson,danieljackson,djackson,Houston Texans,00-0040412,,,,,,,,,,,,,,,,,,,,,,,,,
2025,14,0.0,2025_14_HOU_KC,Houston Texans,Jaylin Noel,WR,00-0040138,1.0,0.0,0.0,0.0,0.0,0.0,0.0,0.0,0.0,0.0,0.0,0.0,0.0,72.0,36.57,33.16,205.2,121.2,1.321803052237055,0.6111783619370774,0.9142678998436056,1.0,1.0,jaylin noel,jaylinnoel,jnoel,Houston Texans,00-0040138,0.0,0.0,0.0,0.0,1.0,1.0,0.0,2.0,2.0,12.0,0.0,J.Noel,HOU,team_norm & _alias_init_last,0.0,0.0,0.0,0.0,-1.0,-1.0,0.0,-2.0,-2.0,-12.0,0.0
2025,14,0.0,2025_14_HOU_KC,Kansas City Chiefs,Patrick Mahomes,QB,00-0033873,1.0,41.64,279.1,2.39,1.0,3.77,14.8,0.16,0.0,0.0,0.0,0.0,0.1509,72.0,46.92,21.82,356.1,107.9,3.043315907429631,0.7591730117454456,1.1729992663476876,1.0,1.0,patrick mahomes,patrickmahomes,pmahomes,Kansas City Chiefs,00-0033873,41.0,160.0,0.0,3.0,0.0,0.0,0.0,1.0,1.0,-10.0,0.0,P.Mahomes,KC,team_norm & _alias_init_last,0.6400000000000006,119.10000000000002,2.39,-2.0,3.77,14.8,0.16,-1.0,-1.0,10.0,0.0
2025,14,0.0,2025_14_HOU_KC,Kansas City Chiefs,Kareem Hunt,RB,00-0033923,1.0,0.0,0.0,0.0,0.0,8.11,34.4,0.44,5.42,3.23,24.4,0.37,0.5573,72.0,46.92,21.82,356.1,107.9,3.043315907429631,0.7591730117454456,1.1729992663476876,1.0,1.0,kareem hunt,kareemhunt,khunt,Kansas City Chiefs,00-0033923,0.0,0.0,0.0,0.0,12.0,30.0,1.0,1.0,0.0,0.0,0.0,K.Hunt,KC,team_norm & _alias_init_last,0.0,0.0,0.0,0.0,-3.8900000000000006,4.399999999999999,-0.56,4.42,3.23,24.4,0.37
2025,14,0.0,2025_14_HOU_KC,Kansas City Chiefs,Isiah Pacheco,RB,00-0037197,1.0,0.0,0.0,0.0,0.0,9.93,41.7,0.22,3.37,2.24,14.5,0.22,0.3569,72.0,46.92,21.82,356.1,107.9,3.043315907429631,0.7591730117454456,1.1729992663476876,1.0,1.0,isiah pacheco,isiahpacheco,ipacheco,Kansas City Chiefs,00-0037197,0.0,0.0,0.0,0.0,9.0,30.0,0.0,0.0,0.0,0.0,0.0,I.Pacheco,KC,team_norm & _alias_init_last,0.0,0.0,0.0,0.0,0.9299999999999997,11.700000000000003,0.22,3.37,2.24,14.5,0.22
2025,14,0.0,2025_14_HOU_KC,Kansas City Chiefs,Brashard Smith,RB,00-0040078,1.0,0.0,0.0,0.0,0.0,0.0,0.0,0.0,0.0,0.0,0.0,0.0,0.0,72.0,46.92,21.82,356.1,107.9,3.043315907429631,0.7591730117454456,1.1729992663476876,1.0,1.0,brashard smith,brashardsmith,bsmith,Kansas City Chiefs,00-0040078,0.0,0.0,0.0,0.0,1.0,7.0,0.0,0.0,0.0,0.0,0.0,B.Smith,KC,team_norm & _alias_init_last,0.0,0.0,0.0,0.0,-1.0,-7.0,0.0,0.0,0.0,0.0,0.0
2025,14,0.0,2025_14_HOU_KC,Kansas City Chiefs,Travis Kelce,TE,00-0030506,1.0,0.0,0.0,0.0,0.0,0.0,0.0,0.0,8.94,6.1,47.0,0.54,0.4181,72.0,46.92,21.82,356.1,107.9,3.043315907429631,0.7591730117454456,1.1729992663476876,1.0,1.0,travis kelce,traviskelce,tkelce,Kansas City Chiefs,00-0030506,0.0,0.0,0.0,0.0,0.0,0.0,0.0,5.0,1.0,8.0,0.0,T.Kelce,KC,team_norm & _alias_init_last,0.0,0.0,0.0,0.0,0.0,0.0,0.0,3.9399999999999995,5.1,39.0,0.54
2025,14,0.0,2025_14_HOU_KC,Kansas City Chiefs,Noah Gray,TE,00-0036637,1.0,0.0,0.0,0.0,0.0,0.0,0.0,0.0,4.62,3.1,25.1,0.27,0.2364,72.0,46.92,21.82,356.1,107.9,3.043315907429631,0.7591730117454456,1.1729992663476876,1.0,1.0,noah gray,noahgray,ngray,Kansas City Chiefs,00-0036637,0.0,0.0,0.0,0.0,0.0,0.0,0.0,3.0,1.0,14.0,0.0,N.Gray,KC,team_norm & _alias_init_last,0.0,0.0,0.0,0.0,0.0,0.0,0.0,1.62,2.1,11.100000000000001,0.27
2025,14,0.0,2025_14_HOU_KC,Kansas City Chiefs,Geor'Quarius Spivey,TE,00-0039941,1.0,0.0,0.0,0.0,0.0,0.0,0.0,0.0,0.0,0.0,0.0,0.0,0.0,72.0,46.92,21.82,356.1,107.9,3.043315907429631,0.7591730117454456,1.1729992663476876,0.0,0.0,geor'quarius spivey,georquariusspivey,gspivey,Kansas City Chiefs,00-0039941,,,,,,,,,,,,,,,,,,,,,,,,,
2025,14,0.0,2025_14_HOU_KC,Kansas City Chiefs,Jared Wiley,TE,00-0039824,1.0,0.0,0.0,0.0,0.0,0.0,0.0,0.0,0.0,0.0,0.0,0.0,0.0,72.0,46.92,21.82,356.1,107.9,3.043315907429631,0.7591730117454456,1.1729992663476876,1.0,1.0,jared wiley,jaredwiley,jwiley,Kansas City Chiefs,00-0039824,,,,,,,,,,,,,,,,,,,,,,,,,
2025,14,0.0,2025_14_HOU_KC,Kansas City Chiefs,Robert Tonyan,TE,00-0033757,1.0,0.0,0.0,0.0,0.0,0.0,0.0,0.0,0.0,0.0,0.0,0.0,0.0,72.0,46.92,21.82,356.1,107.9,3.043315907429631,0.7591730117454456,1.1729992663476876,1.0,1.0,robert tonyan,roberttonyan,rtonyan,Kansas City Chiefs,00-0033757,,,,,,,,,,,,,,,,,,,,,,,,,
2025,14,0.0,2025_14_HOU_KC,Kansas City Chiefs,Rashee Rice,WR,00-0039067,1.0,0.0,0.0,0.0,0.0,0.0,0.0,0.0,10.89,7.41,63.6,0.71,0.506,72.0,46.92,21.82,356.1,107.9,3.043315907429631,0.7591730117454456,1.1729992663476876,1.0,1.0,rashee rice,rasheerice,rrice,Kansas City Chiefs,00-0039067,0.0,0.0,0.0,0.0,0.0,0.0,0.0,8.0,4.0,34.0,0.0,R.Rice,KC,team_norm & _alias_init_last,0.0,0.0,0.0,0.0,0.0,0.0,0.0,2.8900000000000006,3.41,29.6,0.71
2025,14,0.0,2025_14_HOU_KC,Kansas City Chiefs,Xavier Worthy,WR,00-0039894,1.0,0.0,0.0,0.0,0.0,0.0,0.0,0.0,8.2,4.73,47.8,0.52,0.4029,72.0,46.92,21.82,356.1,107.9,3.043315907429631,0.7591730117454456,1.1729992663476876,1.0,1.0,xavier worthy,xavierworthy,xworthy,Kansas City Chiefs,00-0039894,0.0,0.0,0.0,0.0,0.0,0.0,0.0,4.0,3.0,55.0,0.0,X.Worthy,KC,team_norm & _alias_init_last,0.0,0.0,0.0,0.0,0.0,0.0,0.0,4.199999999999999,1.7300000000000004,-7.200000000000003,0.52
2025,14,0.0,2025_14_HOU_KC,Kansas City Chiefs,Marquise Brown,WR,00-0035662,1.0,0.0,0.0,0.0,0.0,0.0,0.0,0.0,5.47,2.76,28.0,0.33,0.2813,72.0,46.92,21.82,356.1,107.9,3.043315907429631,0.7591730117454456,1.1729992663476876,1.0,1.0,marquise brown,marquisebrown,mbrown,Kansas City Chiefs,00-0035662,0.0,0.0,0.0,0.0,0.0,0.0,0.0,2.0,1.0,35.0,0.0,M.Brown,KC,team_norm & _alias_init_last,0.0,0.0,0.0,0.0,0.0,0.0,0.0,3.4699999999999998,1.7599999999999998,-7.0,0.33
2025,14,0.0,2025_14_HOU_KC,Kansas City Chiefs,Elijhah Badger,WR,00-0040080,1.0,0.0,0.0,0.0,0.0,0.0,0.0,0.0,0.0,0.0,0.0,0.0,0.0,72.0,46.92,21.82,356.1,107.9,3.043315907429631,0.7591730117454456,1.1729992663476876,0.0,0.0,elijhah badger,elijhahbadger,ebadger,Kansas City Chiefs,00-0040080,,,,,,,,,,,,,,,,,,,,,,,,,
2025,14,0.0,2025_14_HOU_KC,Kansas City Chiefs,Jalen Royals,WR,00-0040646,1.0,0.0,0.0,0.0,0.0,0.0,0.0,0.0,0.0,0.0,0.0,0.0,0.0,72.0,46.92,21.82,356.1,107.9,3.043315907429631,0.7591730117454456,1.1729992663476876,0.0,0.0,jalen royals,jalenroyals,jroyals,Kansas City Chiefs,00-0040646,,,,,,,,,,,,,,,,,,,,,,,,,
2025,14,0.0,2025_14_HOU_KC,Kansas City Chiefs,JuJu Smith-Schuster,WR,00-0033857,1.0,0.0,0.0,0.0,0.0,0.0,0.0,0.0,0.0,0.0,0.0,0.0,0.0,72.0,46.92,21.82,356.1,107.9,3.043315907429631,0.7591730117454456,1.1729992663476876,1.0,1.0,juju smith-schuster,jujusmithschuster,jsmithschuster,Kansas City Chiefs,00-0033857,0.0,0.0,0.0,0.0,0.0,0.0,0.0,2.0,1.0,5.0,0.0,J.Smith-Schuster,KC,team_norm & _alias_init_last,0.0,0.0,0.0,0.0,0.0,0.0,0.0,-2.0,-1.0,-5.0,0.0
2025,14,0.0,2025_14_HOU_KC,Kansas City Chiefs,Tyquan Thornton,WR,00-0038104,1.0,0.0,0.0,0.0,0.0,0.0,0.0,0.0,0.0,0.0,0.0,0.0,0.0,72.0,46.92,21.82,356.1,107.9,3.043315907429631,0.7591730117454456,1.1729992663476876,1.0,1.0,tyquan thornton,tyquanthornton,tthornton,Kansas City Chiefs,00-0038104,0.0,0.0,0.0,0.0,0.0,0.0,0.0,3.0,2.0,19.0,0.0,T.Thornton,KC,team_norm & _alias_init_last,0.0,0.0,0.0,0.0,0.0,0.0,0.0,-3.0,-2.0,-19.0,0.0
2025,14,0.0,2025_14_IND_JAX,Indianapolis Colts,Riley Leonard,QB,00-0040206,1.0,32.95,230.2,2.45,0.74,0.71,3.0,0.03,0.0,0.0,0.0,0.0,0.0253,64.07,34.75,27.29,263.8,134.9,2.6619084238634168,1.036001953663138,0.8688037107079656,1.0,1.0,riley leonard,rileyleonard,rleonard,Indianapolis Colts,00-0040206,36.0,145.0,0.0,1.0,0.0,0.0,0.0,0.0,0.0,0.0,0.0,R.Leonard,IND,team_norm & _alias_init_last,-3.049999999999997,85.19999999999999,2.45,-0.26,0.71,3.0,0.03,0.0,0.0,0.0,0.0
2025,14,0.0,2025_14_IND_JAX,Indianapolis Colts,Jonathan Taylor,RB,00-0036223,1.0,0.0,0.0,0.0,0.0,17.09,73.5,0.8,4.01,2.38,18.4,0.31,0.6699,64.07,34.75,27.29,263.8,134.9,2.6619084238634168,1.036001953663138,0.8688037107079656,1.0,1.0,jonathan taylor,jonathantaylor,jtaylor,Indianapolis Colts,00-0036223,0.0,0.0,0.0,0.0,21.0,74.0,1.0,0.0,0.0,0.0,0.0,J.Taylor,IND,team_norm & _alias_init_last,0.0,0.0,0.0,0.0,-3.91,-0.5,-0.19999999999999996,4.01,2.38,18.4,0.31
2025,14,0.0,2025_14_IND_JAX,Indianapolis Colts,Ameer Abdullah,RB,00-0032104,1.0,0.0,0.0,0.0,0.0,9.49,43.4,0.28,2.5,1.68,11.2,0.19,0.3744,64.07,34.75,27.29,263.8,134.9,2.6619084238634168,1.036001953663138,0.8688037107079656,1.0,1.0,ameer abdullah,ameerabdullah,aabdullah,Indianapolis Colts,00-0032104,0.0,0.0,0.0,0.0,1.0,4.0,0.0,2.0,2.0,5.0,0.0,A.Abdullah,IND,team_norm & _alias_init_last,0.0,0.0,0.0,0.0,8.49,39.4,0.28,0.5,-0.32000000000000006,6.199999999999999,0.19
2025,14,0.0,2025_14_IND_JAX,Indianapolis Colts,Tyler Goodson,RB,00-0037120,1.0,0.0,0.0,0.0,0.0,0.0,0.0,0.0,0.0,0.0,0.0,0.0,0.0,64.07,34.75,27.29,263.8,134.9,2.6619084238634168,1.036001953663138,0.8688037107079656,1.0,1.0,tyler goodson,tylergoodson,tgoodson,Indianapolis Colts,00-0037120,,,,,,,,,,,,,,,,,,,,,,,,,
2025,14,0.0,2025_14_IND_JAX,Indianapolis Colts,Tyler Warren,TE,00-0040128,1.0,0.0,0.0,0.0,0.0,0.0,0.0,0.0,6.85,4.28,42.2,0.51,0.399,64.07,34.75,27.29,263.8,134.9,2.6619084238634168,1.036001953663138,0.8688037107079656,1.0,1.0,tyler warren,tylerwarren,twarren,Indianapolis Colts,00-0040128,0.0,0.0,0.0,0.0,1.0,2.0,0.0,8.0,2.0,15.0,0.0,T.Warren,IND,team_norm & _alias_init_last,0.0,0.0,0.0,0.0,-1.0,-2.0,0.0,-1.1500000000000004,2.2800000000000002,27.200000000000003,0.51
2025,14,0.0,2025_14_IND_JAX,Indianapolis Colts,Mo Alie-Cox,TE,00-0033217,1.0,0.0,0.0,0.0,0.0,0.0,0.0,0.0,3.54,2.2,22.1,0.27,0.2347,64.07,34.75,27.29,263.8,134.9,2.6619084238634168,1.036001953663138,0.8688037107079656,1.0,1.0,mo alie-cox,moaliecox,maliecox,Indianapolis Colts,00-0033217,0.0,0.0,0.0,0.0,0.0,0.0,0.0,2.0,0.0,0.0,0.0,M.Alie-Cox,IND,team_norm & _alias_init_last,0.0,0.0,0.0,0.0,0.0,0.0,0.0,1.54,2.2,22.1,0.27
2025,14,0.0,2025_14_IND_JAX,Indianapolis Colts,Andrew Ogletree,TE,00-0037292,1.0,0.0,0.0,0.0,0.0,0.0,0.0,0.0,0.0,0.0,0.0,0.0,0.0,64.07,34.75,27.29,263.8,134.9,2.6619084238634168,1.036001953663138,0.8688037107079656,1.0,1.0,andrew ogletree,andrewogletree,aogletree,Indianapolis Colts,00-0037292,,,,,,,,,,,,,,,,,,,,,,,,,
2025,14,0.0,2025_14_IND_JAX,Indianapolis Colts,Michael Pittman Jr.,WR,,1.0,0.0,0.0,0.0,0.0,0.0,0.0,0.0,7.92,4.61,84.0,0.61,0.4546,64.07,34.75,27.29,263.8,134.9,2.6619084238634168,1.036001953663138,0.8688037107079656,0.0,0.0,michael pittman jr.,michaelpittmanjr,mpittman,Indianapolis Colts,00-0036252,0.0,0.0,0.0,0.0,0.0,0.0,0.0,13.0,9.0,79.0,0.0,M.Pittman,IND,team_norm & _alias_init_last,0.0,0.0,0.0,0.0,0.0,0.0,0.0,-5.08,-4.39,5.0,0.61
2025,14,0.0,2025_14_IND_JAX,Indianapolis Colts,Alec Pierce,WR,00-0037664,1.0,0.0,0.0,0.0,0.0,0.0,0.0,0.0,5.96,2.85,32.9,0.42,0.3397,64.07,34.75,27.29,263.8,134.9,2.6619084238634168,1.036001953663138,0.8688037107079656,1.0,1.0,alec pierce,alecpierce,apierce,Indianapolis Colts,00-0037664,0.0,0.0,0.0,0.0,0.0,0.0,0.0,12.0,5.0,80.0,0.0,A.Pierce,IND,team_norm & _alias_init_last,0.0,0.0,0.0,0.0,0.0,0.0,0.0,-6.04,-2.15,-47.1,0.42
2025,14,0.0,2025_14_IND_JAX,Indianapolis Colts,Josh Downs,WR,00-0038997,1.0,0.0,0.0,0.0,0.0,0.0,0.0,0.0,3.97,2.35,20.2,0.29,0.2488,64.07,34.75,27.29,263.8,134.9,2.6619084238634168,1.036001953663138,0.8688037107079656,1.0,1.0,josh downs,joshdowns,jdowns,Indianapolis Colts,00-0038997,0.0,0.0,0.0,0.0,0.0,0.0,0.0,5.0,4.0,23.0,0.0,J.Downs,IND,team_norm & _alias_init_last,0.0,0.0,0.0,0.0,0.0,0.0,0.0,-1.0299999999999998,-1.65,-2.8000000000000007,0.29
2025,14,0.0,2025_14_IND_JAX,Indianapolis Colts,Ajou Ajou,WR,00-0039957,1.0,0.0,0.0,0.0,0.0,0.0,0.0,0.0,0.0,0.0,0.0,0.0,0.0,64.07,34.75,27.29,263.8,134.9,2.6619084238634168,1.036001953663138,0.8688037107079656,0.0,0.0,ajou ajou,ajouajou,aajou,Indianapolis Colts,00-0039957,,,,,,,,,,,,,,,,,,,,,,,,,
2025,14,0.0,2025_14_IND_JAX,Indianapolis Colts,Anthony Gould,WR,00-0039816,1.0,0.0,0.0,0.0,0.0,0.0,0.0,0.0,0.0,0.0,0.0,0.0,0.0,64.07,34.75,27.29,263.8,134.9,2.6619084238634168,1.036001953663138,0.8688037107079656,1.0,1.0,anthony gould,anthonygould,agould,Indianapolis Colts,00-0039816,0.0,0.0,0.0,0.0,0.0,0.0,0.0,1.0,1.0,3.0,0.0,A.Gould,IND,team_norm & _alias_init_last,0.0,0.0,0.0,0.0,0.0,0.0,0.0,-1.0,-1.0,-3.0,0.0
2025,14,0.0,2025_14_IND_JAX,Indianapolis Colts,Laquon Treadwell,WR,00-0032951,1.0,0.0,0.0,0.0,0.0,0.0,0.0,0.0,0.0,0.0,0.0,0.0,0.0,64.07,34.75,27.29,263.8,134.9,2.6619084238634168,1.036001953663138,0.8688037107079656,1.0,1.0,laquon treadwell,laquontreadwell,ltreadwell,Indianapolis Colts,00-0032951,,,,,,,,,,,,,,,,,,,,,,,,,
2025,14,0.0,2025_14_IND_JAX,Jacksonville Jaguars,Trevor Lawrence,QB,00-0036971,1.0,35.74,198.0,1.29,0.83,4.55,12.3,0.11,0.0,0.0,0.0,0.0,0.1001,72.0,39.18,30.0,223.5,111.5,1.5125152657145406,0.6071728986315921,0.9794815337171052,1.0,1.0,trevor lawrence,trevorlawrence,tlawrence,Jacksonville Jaguars,00-0036971,33.0,244.0,2.0,0.0,2.0,4.0,0.0,0.0,0.0,0.0,0.0,T.Lawrence,JAX,team_norm & _alias_init_last,2.740000000000002,-46.0,-0.71,0.83,2.55,8.3,0.11,0.0,0.0,0.0,0.0
2025,14,0.0,2025_14_IND_JAX,Jacksonville Jaguars,Travis Etienne Jr.,RB,,1.0,0.0,0.0,0.0,0.0,16.36,70.5,0.38,4.53,2.73,21.5,0.17,0.4279,72.0,39.18,30.0,223.5,111.5,1.5125152657145406,0.6071728986315921,0.9794815337171052,0.0,0.0,travis etienne jr.,travisetiennejr,tetienne,Jacksonville Jaguars,00-0036973,0.0,0.0,0.0,0.0,20.0,74.0,2.0,1.0,1.0,8.0,0.0,T.Etienne,JAX,team_norm & _alias_init_last,0.0,0.0,0.0,0.0,-3.6400000000000006,-3.5,-1.62,3.5300000000000002,1.73,13.5,0.17
2025,14,0.0,2025_14_IND_JAX,Jacksonville Jaguars,Bhayshul Tuten,RB,00-0040719,1.0,0.0,0.0,0.0,0.0,9.09,30.2,0.15,2.82,1.74,11.8,0.11,0.2316,72.0,39.18,30.0,223.5,111.5,1.5125152657145406,0.6071728986315921,0.9794815337171052,1.0,1.0,bhayshul tuten,bhayshultuten,btuten,Jacksonville Jaguars,00-0040719,0.0,0.0,0.0,0.0,2.0,5.0,0.0,0.0,0.0,0.0,0.0,B.Tuten,JAX,team_norm & _alias_init_last,0.0,0.0,0.0,0.0,7.09,25.2,0.15,2.82,1.74,11.8,0.11
2025,14,0.0,2025_14_IND_JAX,Jacksonville Jaguars,LeQuint Allen Jr.,RB,00-0040238,1.0,0.0,0.0,0.0,0.0,0.0,0.0,0.0,0.0,0.0,0.0,0.0,0.0,72.0,39.18,30.0,223.5,111.5,1.5125152657145406,0.6071728986315921,0.9794815337171052,1.0,1.0,lequint allen jr.,lequintallenjr,lallen,Jacksonville Jaguars,00-0040238,0.0,0.0,0.0,0.0,0.0,0.0,0.0,2.0,2.0,8.0,0.0,L.Allen,JAX,team_norm & _alias_init_last,0.0,0.0,0.0,0.0,0.0,0.0,0.0,-2.0,-2.0,-8.0,0.0
2025,14,0.0,2025_14_IND_JAX,Jacksonville Jaguars,Brenton Strange,TE,00-0038935,1.0,0.0,0.0,0.0,0.0,0.0,0.0,0.0,7.66,5.12,36.4,0.28,0.2424,72.0,39.18,30.0,223.5,111.5,1.5125152657145406,0.6071728986315921,0.9794815337171052,1.0,1.0,brenton strange,brentonstrange,bstrange,Jacksonville Jaguars,00-0038935,0.0,0.0,0.0,0.0,0.0,0.0,0.0,7.0,3.0,27.0,0.0,B.Strange,JAX,team_norm & _alias_init_last,0.0,0.0,0.0,0.0,0.0,0.0,0.0,0.6600000000000001,2.12,9.399999999999999,0.28
2025,14,0.0,2025_14_IND_JAX,Jacksonville Jaguars,Quintin Morris,TE,00-0036590,1.0,0.0,0.0,0.0,0.0,0.0,0.0,0.0,3.96,2.52,21.2,0.15,0.1387,72.0,39.18,30.0,223.5,111.5,1.5125152657145406,0.6071728986315921,0.9794815337171052,1.0,1.0,quintin morris,quintinmorris,qmorris,Jacksonville Jaguars,00-0036590,,,,,,,,,,,,,,,,,,,,,,,,,
2025,14,0.0,2025_14_IND_JAX,Jacksonville Jaguars,Hunter Long,TE,00-0037004,1.0,0.0,0.0,0.0,0.0,0.0,0.0,0.0,0.0,0.0,0.0,0.0,0.0,72.0,39.18,30.0,223.5,111.5,1.5125152657145406,0.6071728986315921,0.9794815337171052,1.0,1.0,hunter long,hunterlong,hlong,Jacksonville Jaguars,00-0037004,,,,,,,,,,,,,,,,,,,,,,,,,
2025,14,0.0,2025_14_IND_JAX,Jacksonville Jaguars,John Copenhaver,TE,00-0040327,1.0,0.0,0.0,0.0,0.0,0.0,0.0,0.0,0.0,0.0,0.0,0.0,0.0,72.0,39.18,30.0,223.5,111.5,1.5125152657145406,0.6071728986315921,0.9794815337171052,0.0,0.0,john copenhaver,johncopenhaver,jcopenhaver,Jacksonville Jaguars,00-0040327,,,,,,,,,,,,,,,,,,,,,,,,,
2025,14,0.0,2025_14_IND_JAX,Jacksonville Jaguars,Brian Thomas Jr.,WR,00-0039893,1.0,0.0,0.0,0.0,0.0,0.0,0.0,0.0,8.96,4.73,39.1,0.32,0.2743,72.0,39.18,30.0,223.5,111.5,1.5125152657145406,0.6071728986315921,0.9794815337171052,1.0,1.0,brian thomas jr.,brianthomasjr,bthomas,Jacksonville Jaguars,00-0039893,0.0,0.0,0.0,0.0,0.0,0.0,0.0,6.0,3.0,87.0,0.0,B.Thomas,JAX,team_norm & _alias_init_last,0.0,0.0,0.0,0.0,0.0,0.0,0.0,2.960000000000001,1.7300000000000004,-47.9,0.32
2025,14,0.0,2025_14_IND_JAX,Jacksonville Jaguars,Jakobi Meyers,WR,00-0034960,1.0,0.0,0.0,0.0,0.0,0.0,0.0,0.0,6.75,4.1,28.0,0.25,0.2178,72.0,39.18,30.0,223.5,111.5,1.5125152657145406,0.6071728986315921,0.9794815337171052,1.0,1.0,jakobi meyers,jakobimeyers,jmeyers,Jacksonville Jaguars,00-0034960,0.0,0.0,0.0,0.0,3.0,9.0,0.0,10.0,4.0,39.0,1.0,J.Meyers,JAX,team_norm & _alias_init_last,0.0,0.0,0.0,0.0,-3.0,-9.0,0.0,-3.25,0.09999999999999964,-11.0,-0.75
2025,14,0.0,2025_14_IND_JAX,Jacksonville Jaguars,Parker Washington,WR,00-0038606,1.0,0.0,0.0,0.0,0.0,0.0,0.0,0.0,4.5,2.59,19.7,0.17,0.1559,72.0,39.18,30.0,223.5,111.5,1.5125152657145406,0.6071728986315921,0.9794815337171052,0.0,0.0,parker washington,parkerwashington,pwashington,Jacksonville Jaguars,,,,,,,,,,,,,,,,,,,,,,,,,,
2025,14,0.0,2025_14_IND_JAX,Jacksonville Jaguars,Austin Trammell,WR,00-0036841,1.0,0.0,0.0,0.0,0.0,0.0,0.0,0.0,0.0,0.0,0.0,0.0,0.0,72.0,39.18,30.0,223.5,111.5,1.5125152657145406,0.6071728986315921,0.9794815337171052,1.0,1.0,austin trammell,austintrammell,atrammell,Jacksonville Jaguars,00-0036841,,,,,,,,,,,,,,,,,,,,,,,,,
2025,14,0.0,2025_14_IND_JAX,Jacksonville Jaguars,Cam Camper,WR,00-0040324,1.0,0.0,0.0,0.0,0.0,0.0,0.0,0.0,0.0,0.0,0.0,0.0,0.0,72.0,39.18,30.0,223.5,111.5,1.5125152657145406,0.6071728986315921,0.9794815337171052,0.0,0.0,cam camper,camcamper,ccamper,Jacksonville Jaguars,00-0040324,,,,,,,,,,,,,,,,,,,,,,,,,
2025,14,0.0,2025_14_IND_JAX,Jacksonville Jaguars,Dyami Brown,WR,00-0036626,1.0,0.0,0.0,0.0,0.0,0.0,0.0,0.0,0.0,0.0,0.0,0.0,0.0,72.0,39.18,30.0,223.5,111.5,1.5125152657145406,0.6071728986315921,0.9794815337171052,1.0,1.0,dyami brown,dyamibrown,dbrown,Jacksonville Jaguars,00-0036626,,,,,,,,,,,,,,,,,,,,,,,,,
2025,14,0.0,2025_14_IND_JAX,Jacksonville Jaguars,Tim Patrick,WR,00-0033375,1.0,0.0,0.0,0.0,0.0,0.0,0.0,0.0,0.0,0.0,0.0,0.0,0.0,72.0,39.18,30.0,223.5,111.5,1.5125152657145406,0.6071728986315921,0.9794815337171052,1.0,1.0,tim patrick,timpatrick,tpatrick,Jacksonville Jaguars,00-0033375,0.0,0.0,0.0,0.0,0.0,0.0,0.0,6.0,5.0,78.0,1.0,T.Patrick,JAX,team_norm & _alias_init_last,0.0,0.0,0.0,0.0,0.0,0.0,0.0,-6.0,-5.0,-78.0,-1.0
2025,14,0.0,2025_14_LA_ARI,Arizona Cardinals,Jacoby Brissett,QB,00-0033119,1.0,34.97,184.6,1.46,0.95,2.64,7.3,0.05,0.0,0.0,0.0,0.0,0.0459,68.5,44.59,20.55,250.2,75.1,2.026291810795601,0.3533340424466944,1.1147698283119964,1.0,1.0,jacoby brissett,jacobybrissett,jbrissett,Arizona Cardinals,00-0033119,50.0,271.0,2.0,1.0,1.0,5.0,0.0,0.0,0.0,0.0,0.0,J.Brissett,ARI,team_norm & _alias_init_last,-15.030000000000001,-86.4,-0.54,-0.050000000000000044,1.6400000000000001,2.3,0.05,0.0,0.0,0.0,0.0
2025,14,0.0,2025_14_LA_ARI,Arizona Cardinals,Bam Knight,RB,00-0037157,1.0,0.0,0.0,0.0,0.0,11.52,37.7,0.24,5.07,3.29,19.8,0.24,0.3762,68.5,44.59,20.55,250.2,75.1,2.026291810795601,0.3533340424466944,1.1147698283119964,1.0,1.0,bam knight,bamknight,bknight,Arizona Cardinals,,,,,,,,,,,,,,,,,,,,,,,,,,
2025,14,0.0,2025_14_LA_ARI,Arizona Cardinals,Emari Demercado,RB,00-0038705,1.0,0.0,0.0,0.0,0.0,6.4,21.5,0.08,3.16,1.95,11.5,0.14,0.1992,68.5,44.59,20.55,250.2,75.1,2.026291810795601,0.3533340424466944,1.1147698283119964,0.0,0.0,emari demercado,emaridemercado,edemercado,Arizona Cardinals,00-0038705,,,,,,,,,,,,,,,,,,,,,,,,,
2025,14,0.0,2025_14_LA_ARI,Arizona Cardinals,Corey Kiner,RB,00-0040556,1.0,0.0,0.0,0.0,0.0,0.0,0.0,0.0,0.0,0.0,0.0,0.0,0.0,68.5,44.59,20.55,250.2,75.1,2.026291810795601,0.3533340424466944,1.1147698283119964,1.0,1.0,corey kiner,coreykiner,ckiner,Arizona Cardinals,00-0040556,,,,,,,,,,,,,,,,,,,,,,,,,
2025,14,0.0,2025_14_LA_ARI,Arizona Cardinals,Michael Carter,RB,00-0036924,1.0,0.0,0.0,0.0,0.0,0.0,0.0,0.0,0.0,0.0,0.0,0.0,0.0,68.5,44.59,20.55,250.2,75.1,2.026291810795601,0.3533340424466944,1.1147698283119964,1.0,1.0,michael carter,michaelcarter,mcarter,Arizona Cardinals,00-0036924,0.0,0.0,0.0,0.0,3.0,13.0,0.0,4.0,2.0,18.0,0.0,M.Carter,ARI,team_norm & _alias_init_last,0.0,0.0,0.0,0.0,-3.0,-13.0,0.0,-4.0,-2.0,-18.0,0.0
2025,14,0.0,2025_14_LA_ARI,Arizona Cardinals,Trey McBride,TE,00-0037744,1.0,0.0,0.0,0.0,0.0,0.0,0.0,0.0,8.73,6.24,34.1,0.36,0.303,68.5,44.59,20.55,250.2,75.1,2.026291810795601,0.3533340424466944,1.1147698283119964,1.0,1.0,trey mcbride,treymcbride,tmcbride,Arizona Cardinals,00-0037744,0.0,0.0,0.0,0.0,0.0,0.0,0.0,9.0,5.0,58.0,0.0,T.McBride,ARI,team_norm & _alias_init_last,0.0,0.0,0.0,0.0,0.0,0.0,0.0,-0.2699999999999996,1.2400000000000002,-23.9,0.36
2025,14,0.0,2025_14_LA_ARI,Arizona Cardinals,Elijah Higgins,TE,00-0039041,1.0,0.0,0.0,0.0,0.0,0.0,0.0,0.0,4.51,3.27,19.4,0.19,0.1716,68.5,44.59,20.55,250.2,75.1,2.026291810795601,0.3533340424466944,1.1147698283119964,1.0,1.0,elijah higgins,elijahhiggins,ehiggins,Arizona Cardinals,00-0039041,0.0,0.0,0.0,0.0,0.0,0.0,0.0,1.0,1.0,0.0,0.0,E.Higgins,ARI,team_norm & _alias_init_last,0.0,0.0,0.0,0.0,0.0,0.0,0.0,3.51,2.27,19.4,0.19
2025,14,0.0,2025_14_LA_ARI,Arizona Cardinals,Josiah Deguara,TE,00-0036332,1.0,0.0,0.0,0.0,0.0,0.0,0.0,0.0,0.0,0.0,0.0,0.0,0.0,68.5,44.59,20.55,250.2,75.1,2.026291810795601,0.3533340424466944,1.1147698283119964,1.0,1.0,josiah deguara,josiahdeguara,jdeguara,Arizona Cardinals,00-0036332,0.0,0.0,0.0,0.0,0.0,0.0,0.0,1.0,0.0,0.0,0.0,J.Deguara,ARI,team_norm & _alias_init_last,0.0,0.0,0.0,0.0,0.0,0.0,0.0,-1.0,0.0,0.0,0.0
2025,14,0.0,2025_14_LA_ARI,Arizona Cardinals,Oscar Cardenas,TE,00-0040381,1.0,0.0,0.0,0.0,0.0,0.0,0.0,0.0,0.0,0.0,0.0,0.0,0.0,68.5,44.59,20.55,250.2,75.1,2.026291810795601,0.3533340424466944,1.1147698283119964,0.0,0.0,oscar cardenas,oscarcardenas,ocardenas,Arizona Cardinals,00-0040381,,,,,,,,,,,,,,,,,,,,,,,,,
2025,14,0.0,2025_14_LA_ARI,Arizona Cardinals,Pharaoh Brown,TE,00-0033439,1.0,0.0,0.0,0.0,0.0,0.0,0.0,0.0,0.0,0.0,0.0,0.0,0.0,68.5,44.59,20.55,250.2,75.1,2.026291810795601,0.3533340424466944,1.1147698283119964,1.0,1.0,pharaoh brown,pharaohbrown,pbrown,Arizona Cardinals,00-0033439,,,,,,,,,,,,,,,,,,,,,,,,,
2025,14,0.0,2025_14_LA_ARI,Arizona Cardinals,Marvin Harrison Jr.,WR,00-0039849,1.0,0.0,0.0,0.0,0.0,0.0,0.0,0.0,10.25,4.91,45.0,0.44,0.3558,68.5,44.59,20.55,250.2,75.1,2.026291810795601,0.3533340424466944,1.1147698283119964,0.0,0.0,marvin harrison jr.,marvinharrisonjr,mharrison,Arizona Cardinals,00-0039849,,,,,,,,,,,,,,,,,,,,,,,,,
2025,14,0.0,2025_14_LA_ARI,Arizona Cardinals,Michael Wilson,WR,00-0038559,1.0,0.0,0.0,0.0,0.0,0.0,0.0,0.0,7.72,4.13,38.9,0.35,0.2921,68.5,44.59,20.55,250.2,75.1,2.026291810795601,0.3533340424466944,1.1147698283119964,1.0,1.0,michael wilson,michaelwilson,mwilson,Arizona Cardinals,00-0035144,0.0,0.0,0.0,0.0,0.0,0.0,0.0,16.0,11.0,142.0,2.0,M.Wilson,ARI,team_norm & _alias_init_last,0.0,0.0,0.0,0.0,0.0,0.0,0.0,-8.280000000000001,-6.87,-103.1,-1.65
2025,14,0.0,2025_14_LA_ARI,Arizona Cardinals,Xavier Weaver,WR,00-0039521,1.0,0.0,0.0,0.0,0.0,0.0,0.0,0.0,5.15,2.54,30.5,0.23,0.2069,68.5,44.59,20.55,250.2,75.1,2.026291810795601,0.3533340424466944,1.1147698283119964,0.0,0.0,xavier weaver,xavierweaver,xweaver,Arizona Cardinals,00-0039521,,,,,,,,,,,,,,,,,,,,,,,,,
2025,14,0.0,2025_14_LA_ARI,Arizona Cardinals,Andre Baccellia,WR,00-0035876,1.0,0.0,0.0,0.0,0.0,0.0,0.0,0.0,0.0,0.0,0.0,0.0,0.0,68.5,44.59,20.55,250.2,75.1,2.026291810795601,0.3533340424466944,1.1147698283119964,1.0,1.0,andre baccellia,andrebaccellia,abaccellia,Arizona Cardinals,00-0035876,0.0,0.0,0.0,0.0,0.0,0.0,0.0,3.0,1.0,3.0,0.0,A.Baccellia,ARI,team_norm & _alias_init_last,0.0,0.0,0.0,0.0,0.0,0.0,0.0,-3.0,-1.0,-3.0,0.0
2025,14,0.0,2025_14_LA_ARI,Arizona Cardinals,Jalen Brooks,WR,00-0038640,1.0,0.0,0.0,0.0,0.0,0.0,0.0,0.0,0.0,0.0,0.0,0.0,0.0,68.5,44.59,20.55,250.2,75.1,2.026291810795601,0.3533340424466944,1.1147698283119964,1.0,1.0,jalen brooks,jalenbrooks,jbrooks,Arizona Cardinals,00-0038640,0.0,0.0,0.0,0.0,0.0,0.0,0.0,3.0,2.0,32.0,0.0,J.Brooks,ARI,team_norm & _alias_init_last,0.0,0.0,0.0,0.0,0.0,0.0,0.0,-3.0,-2.0,-32.0,0.0
2025,14,0.0,2025_14_LA_ARI,Los Angeles Rams,Matthew Stafford,QB,00-0026498,1.0,33.55,228.9,1.97,0.75,2.97,12.0,0.1,0.0,0.0,0.0,0.0,0.096,63.2,35.16,26.02,266.9,128.7,2.4489974615298364,0.8904065255054188,0.879078172314258,1.0,1.0,matthew stafford,matthewstafford,mstafford,Los Angeles Rams,,33.0,281.0,3.0,0.0,0.0,0.0,0.0,0.0,0.0,0.0,0.0,M.Stafford,LA,team_norm & _alias_init_last,0.5499999999999972,-52.099999999999994,-1.03,0.75,2.97,12.0,0.1,0.0,0.0,0.0,0.0
2025,14,0.0,2025_14_LA_ARI,Los Angeles Rams,Kyren Williams,RB,00-0037840,1.0,0.0,0.0,0.0,0.0,14.82,63.2,0.63,4.04,2.52,18.9,0.31,0.6101,63.2,35.16,26.02,266.9,128.7,2.4489974615298364,0.8904065255054188,0.879078172314258,1.0,1.0,kyren williams,kyrenwilliams,kwilliams,Los Angeles Rams,00-0037840,0.0,0.0,0.0,0.0,13.0,84.0,1.0,2.0,2.0,13.0,0.0,K.Williams,LA,team_norm & _alias_init_last,0.0,0.0,0.0,0.0,1.8200000000000003,-20.799999999999997,-0.37,2.04,0.52,5.899999999999999,0.31
2025,14,0.0,2025_14_LA_ARI,Los Angeles Rams,Blake Corum,RB,00-0039738,1.0,0.0,0.0,0.0,0.0,8.23,35.2,0.22,2.51,1.52,13.2,0.17,0.3207,63.2,35.16,26.02,266.9,128.7,2.4489974615298364,0.8904065255054188,0.879078172314258,1.0,1.0,blake corum,blakecorum,bcorum,Los Angeles Rams,00-0039738,0.0,0.0,0.0,0.0,12.0,128.0,2.0,1.0,1.0,3.0,0.0,B.Corum,LA,team_norm & _alias_init_last,0.0,0.0,0.0,0.0,-3.7699999999999996,-92.8,-1.78,1.5099999999999998,0.52,10.2,0.17
2025,14,0.0,2025_14_LA_ARI,Los Angeles Rams,Ronnie Rivers,RB,00-0037557,1.0,0.0,0.0,0.0,0.0,0.0,0.0,0.0,0.0,0.0,0.0,0.0,0.0,63.2,35.16,26.02,266.9,128.7,2.4489974615298364,0.8904065255054188,0.879078172314258,1.0,1.0,ronnie rivers,ronnierivers,rrivers,Los Angeles Rams,00-0037557,0.0,0.0,0.0,0.0,9.0,41.0,0.0,0.0,0.0,0.0,0.0,R.Rivers,LA,team_norm & _alias_init_last,0.0,0.0,0.0,0.0,-9.0,-41.0,0.0,0.0,0.0,0.0,0.0
2025,14,0.0,2025_14_LA_ARI,Los Angeles Rams,Colby Parkinson,TE,00-0036244,1.0,0.0,0.0,0.0,0.0,0.0,0.0,0.0,6.93,4.53,40.7,0.49,0.3857,63.2,35.16,26.02,266.9,128.7,2.4489974615298364,0.8904065255054188,0.879078172314258,1.0,1.0,colby parkinson,colbyparkinson,cparkinson,Los Angeles Rams,00-0036244,0.0,0.0,0.0,0.0,0.0,0.0,0.0,5.0,3.0,32.0,1.0,C.Parkinson,LA,team_norm & _alias_init_last,0.0,0.0,0.0,0.0,0.0,0.0,0.0,1.9299999999999997,1.5300000000000002,8.700000000000003,-0.51
2025,14,0.0,2025_14_LA_ARI,Los Angeles Rams,Davis Allen,TE,00-0039074,1.0,0.0,0.0,0.0,0.0,0.0,0.0,0.0,3.58,2.23,22.5,0.25,0.2211,63.2,35.16,26.02,266.9,128.7,2.4489974615298364,0.8904065255054188,0.879078172314258,1.0,1.0,davis allen,davisallen,dallen,Los Angeles Rams,00-0039074,0.0,0.0,0.0,0.0,0.0,0.0,0.0,3.0,2.0,21.0,0.0,D.Allen,LA,team_norm & _alias_init_last,0.0,0.0,0.0,0.0,0.0,0.0,0.0,0.5800000000000001,0.22999999999999998,1.5,0.25
2025,14,0.0,2025_14_LA_ARI,Los Angeles Rams,Nick Vannett,TE,00-0032394,1.0,0.0,0.0,0.0,0.0,0.0,0.0,0.0,0.0,0.0,0.0,0.0,0.0,63.2,35.16,26.02,266.9,128.7,2.4489974615298364,0.8904065255054188,0.879078172314258,1.0,1.0,nick vannett,nickvannett,nvannett,Los Angeles Rams,00-0032394,,,,,,,,,,,,,,,,,,,,,,,,,
2025,14,0.0,2025_14_LA_ARI,Los Angeles Rams,Terrance Ferguson,TE,00-0040737,1.0,0.0,0.0,0.0,0.0,0.0,0.0,0.0,0.0,0.0,0.0,0.0,0.0,63.2,35.16,26.02,266.9,128.7,2.4489974615298364,0.8904065255054188,0.879078172314258,1.0,1.0,terrance ferguson,terranceferguson,tferguson,Los Angeles Rams,00-0040737,0.0,0.0,0.0,0.0,0.0,0.0,0.0,1.0,0.0,0.0,0.0,T.Ferguson,LA,team_norm & _alias_init_last,0.0,0.0,0.0,0.0,0.0,0.0,0.0,-1.0,0.0,0.0,0.0
2025,14,0.0,2025_14_LA_ARI,Los Angeles Rams,Puka Nacua,WR,00-0039075,1.0,0.0,0.0,0.0,0.0,0.0,0.0,0.0,8.03,5.18,46.6,0.52,0.4027,63.2,35.16,26.02,266.9,128.7,2.4489974615298364,0.8904065255054188,0.879078172314258,1.0,1.0,puka nacua,pukanacua,pnacua,Los Angeles Rams,00-0039075,0.0,0.0,0.0,0.0,0.0,0.0,0.0,11.0,7.0,167.0,2.0,P.Nacua,LA,team_norm & _alias_init_last,0.0,0.0,0.0,0.0,0.0,0.0,0.0,-2.9700000000000006,-1.8200000000000003,-120.4,-1.48
2025,14,0.0,2025_14_LA_ARI,Los Angeles Rams,Davante Adams,WR,00-0031381,1.0,0.0,0.0,0.0,0.0,0.0,0.0,0.0,6.05,3.05,32.3,0.41,0.3384,63.2,35.16,26.02,266.9,128.7,2.4489974615298364,0.8904065255054188,0.879078172314258,1.0,1.0,davante adams,davanteadams,dadams,Los Angeles Rams,00-0031381,0.0,0.0,0.0,0.0,0.0,0.0,0.0,7.0,4.0,29.0,0.0,D.Adams,LA,team_norm & _alias_init_last,0.0,0.0,0.0,0.0,0.0,0.0,0.0,-0.9500000000000002,-0.9500000000000002,3.299999999999997,0.41
2025,14,0.0,2025_14_LA_ARI,Los Angeles Rams,Xavier Smith,WR,00-0038359,1.0,0.0,0.0,0.0,0.0,0.0,0.0,0.0,4.03,2.6,31.6,0.27,0.2382,63.2,35.16,26.02,266.9,128.7,2.4489974615298364,0.8904065255054188,0.879078172314258,1.0,1.0,xavier smith,xaviersmith,xsmith,Los Angeles Rams,00-0038359,0.0,0.0,0.0,0.0,0.0,0.0,0.0,1.0,1.0,6.0,0.0,X.Smith,LA,team_norm & _alias_init_last,0.0,0.0,0.0,0.0,0.0,0.0,0.0,3.0300000000000002,1.6,25.6,0.27
2025,14,0.0,2025_14_LA_ARI,Los Angeles Rams,Drake Stoops,WR,00-0039773,1.0,0.0,0.0,0.0,0.0,0.0,0.0,0.0,0.0,0.0,0.0,0.0,0.0,63.2,35.16,26.02,266.9,128.7,2.4489974615298364,0.8904065255054188,0.879078172314258,0.0,0.0,drake stoops,drakestoops,dstoops,Los Angeles Rams,00-0039773,,,,,,,,,,,,,,,,,,,,,,,,,
2025,14,0.0,2025_14_LA_ARI,Los Angeles Rams,Jordan Whittington,WR,00-0039751,1.0,0.0,0.0,0.0,0.0,0.0,0.0,0.0,0.0,0.0,0.0,0.0,0.0,63.2,35.16,26.02,266.9,128.7,2.4489974615298364,0.8904065255054188,0.879078172314258,1.0,1.0,jordan whittington,jordanwhittington,jwhittington,Los Angeles Rams,00-0039751,0.0,0.0,0.0,0.0,0.0,0.0,0.0,1.0,1.0,5.0,0.0,J.Whittington,LA,team_norm & _alias_init_last,0.0,0.0,0.0,0.0,0.0,0.0,0.0,-1.0,-1.0,-5.0,0.0
2025,14,0.0,2025_14_LA_ARI,Los Angeles Rams,Konata Mumpfield,WR,00-0040590,1.0,0.0,0.0,0.0,0.0,0.0,0.0,0.0,0.0,0.0,0.0,0.0,0.0,63.2,35.16,26.02,266.9,128.7,2.4489974615298364,0.8904065255054188,0.879078172314258,1.0,1.0,konata mumpfield,konatamumpfield,kmumpfield,Los Angeles Rams,00-0040590,0.0,0.0,0.0,0.0,0.0,0.0,0.0,1.0,1.0,5.0,0.0,K.Mumpfield,LA,team_norm & _alias_init_last,0.0,0.0,0.0,0.0,0.0,0.0,0.0,-1.0,-1.0,-5.0,0.0
2025,14,0.0,2025_14_MIA_NYJ,Miami Dolphins,Tua Tagovailoa,QB,00-0036212,1.0,32.89,188.5,1.66,0.72,3.45,10.0,0.09,0.0,0.0,0.0,0.0,0.084,72.0,33.77,36.0,189.5,131.6,1.8869687996540023,0.9519956230321978,0.8443364883764884,1.0,1.0,tua tagovailoa,tuatagovailoa,ttagovailoa,Miami Dolphins,00-0036212,23.0,127.0,1.0,0.0,1.0,0.0,0.0,0.0,0.0,0.0,0.0,T.Tagovailoa,MIA,team_norm & _alias_init_last,9.89,61.5,0.6599999999999999,0.72,2.45,10.0,0.09,0.0,0.0,0.0,0.0
2025,14,0.0,2025_14_MIA_NYJ,Miami Dolphins,De'Von Achane,RB,00-0039040,1.0,0.0,0.0,0.0,0.0,20.92,67.0,0.67,3.94,2.64,13.7,0.22,0.59,72.0,33.77,36.0,189.5,131.6,1.8869687996540023,0.9519956230321978,0.8443364883764884,1.0,1.0,de'von achane,devonachane,dachane,Miami Dolphins,00-0039040,0.0,0.0,0.0,0.0,7.0,92.0,1.0,1.0,1.0,13.0,0.0,D.Achane,MIA,team_norm & _alias_init_last,0.0,0.0,0.0,0.0,13.920000000000002,-25.0,-0.32999999999999996,2.94,1.6400000000000001,0.6999999999999993,0.22
2025,14,0.0,2025_14_MIA_NYJ,Miami Dolphins,Jaylen Wright,RB,00-0039874,1.0,0.0,0.0,0.0,0.0,11.62,39.4,0.23,2.45,1.33,10.2,0.13,0.3059,72.0,33.77,36.0,189.5,131.6,1.8869687996540023,0.9519956230321978,0.8443364883764884,1.0,1.0,jaylen wright,jaylenwright,jwright,Miami Dolphins,00-0039874,0.0,0.0,0.0,0.0,25.0,107.0,1.0,3.0,0.0,0.0,0.0,J.Wright,MIA,team_norm & _alias_init_last,0.0,0.0,0.0,0.0,-13.38,-67.6,-0.77,-0.5499999999999998,1.33,10.2,0.13
2025,14,0.0,2025_14_MIA_NYJ,Miami Dolphins,Ollie Gordon II,RB,00-0040198,1.0,0.0,0.0,0.0,0.0,0.0,0.0,0.0,0.0,0.0,0.0,0.0,0.0,72.0,33.77,36.0,189.5,131.6,1.8869687996540023,0.9519956230321978,0.8443364883764884,1.0,1.0,ollie gordon ii,olliegordonii,ogordon,Miami Dolphins,00-0040198,0.0,0.0,0.0,0.0,5.0,17.0,1.0,0.0,0.0,0.0,0.0,O.Gordon,MIA,team_norm & _alias_init_last,0.0,0.0,0.0,0.0,-5.0,-17.0,-1.0,0.0,0.0,0.0,0.0
2025,14,0.0,2025_14_MIA_NYJ,Miami Dolphins,Darren Waller,TE,00-0031610,1.0,0.0,0.0,0.0,0.0,0.0,0.0,0.0,6.58,4.29,29.0,0.35,0.2924,72.0,33.77,36.0,189.5,131.6,1.8869687996540023,0.9519956230321978,0.8443364883764884,1.0,1.0,darren waller,darrenwaller,dwaller,Miami Dolphins,00-0031610,0.0,0.0,0.0,0.0,1.0,4.0,0.0,3.0,1.0,13.0,0.0,D.Waller,MIA,team_norm & _alias_init_last,0.0,0.0,0.0,0.0,-1.0,-4.0,0.0,3.58,3.29,16.0,0.35
2025,14,0.0,2025_14_MIA_NYJ,Miami Dolphins,Greg Dulcich,TE,00-0037252,1.0,0.0,0.0,0.0,0.0,0.0,0.0,0.0,3.4,2.04,14.3,0.17,0.1592,72.0,33.77,36.0,189.5,131.6,1.8869687996540023,0.9519956230321978,0.8443364883764884,1.0,1.0,greg dulcich,gregdulcich,gdulcich,Miami Dolphins,00-0037252,0.0,0.0,0.0,0.0,0.0,0.0,0.0,4.0,3.0,41.0,0.0,G.Dulcich,MIA,team_norm & _alias_init_last,0.0,0.0,0.0,0.0,0.0,0.0,0.0,-0.6000000000000001,-0.96,-26.7,0.17
2025,14,0.0,2025_14_MIA_NYJ,Miami Dolphins,Julian Hill,TE,00-0038720,1.0,0.0,0.0,0.0,0.0,0.0,0.0,0.0,0.0,0.0,0.0,0.0,0.0,72.0,33.77,36.0,189.5,131.6,1.8869687996540023,0.9519956230321978,0.8443364883764884,1.0,1.0,julian hill,julianhill,jhill,Miami Dolphins,00-0038720,,,,,,,,,,,,,,,,,,,,,,,,,
2025,14,0.0,2025_14_MIA_NYJ,Miami Dolphins,Jaylen Waddle,WR,00-0036613,1.0,0.0,0.0,0.0,0.0,0.0,0.0,0.0,7.69,4.43,32.1,0.39,0.3244,72.0,33.77,36.0,189.5,131.6,1.8869687996540023,0.9519956230321978,0.8443364883764884,1.0,1.0,jaylen waddle,jaylenwaddle,jwaddle,Miami Dolphins,00-0036613,0.0,0.0,0.0,0.0,1.0,21.0,0.0,7.0,5.0,50.0,1.0,J.Waddle,MIA,team_norm & _alias_init_last,0.0,0.0,0.0,0.0,-1.0,-21.0,0.0,0.6900000000000004,-0.5700000000000003,-17.9,-0.61
2025,14,0.0,2025_14_MIA_NYJ,Miami Dolphins,Malik Washington,WR,00-0039880,1.0,0.0,0.0,0.0,0.0,0.0,0.0,0.0,5.79,3.72,28.1,0.31,0.2672,72.0,33.77,36.0,189.5,131.6,1.8869687996540023,0.9519956230321978,0.8443364883764884,1.0,1.0,malik washington,malikwashington,mwashington,Miami Dolphins,00-0039880,0.0,0.0,0.0,0.0,0.0,0.0,0.0,4.0,3.0,10.0,0.0,M.Washington,MIA,team_norm & _alias_init_last,0.0,0.0,0.0,0.0,0.0,0.0,0.0,1.79,0.7200000000000002,18.1,0.31
2025,14,0.0,2025_14_MIA_NYJ,Miami Dolphins,Nick Westbrook-Ikhine,WR,00-0036182,1.0,0.0,0.0,0.0,0.0,0.0,0.0,0.0,3.86,1.87,16.2,0.21,0.1859,72.0,33.77,36.0,189.5,131.6,1.8869687996540023,0.9519956230321978,0.8443364883764884,1.0,1.0,nick westbrook-ikhine,nickwestbrookikhine,nwestbrookikhine,Miami Dolphins,00-0036182,,,,,,,,,,,,,,,,,,,,,,,,,
2025,14,0.0,2025_14_MIA_NYJ,Miami Dolphins,Cedrick Wilson Jr.,WR,00-0034418,1.0,0.0,0.0,0.0,0.0,0.0,0.0,0.0,0.0,0.0,0.0,0.0,0.0,72.0,33.77,36.0,189.5,131.6,1.8869687996540023,0.9519956230321978,0.8443364883764884,1.0,1.0,cedrick wilson jr.,cedrickwilsonjr,cwilson,Miami Dolphins,00-0034418,,,,,,,,,,,,,,,,,,,,,,,,,
2025,14,0.0,2025_14_MIA_NYJ,Miami Dolphins,Dee Eskridge,WR,00-0036620,1.0,0.0,0.0,0.0,0.0,0.0,0.0,0.0,0.0,0.0,0.0,0.0,0.0,72.0,33.77,36.0,189.5,131.6,1.8869687996540023,0.9519956230321978,0.8443364883764884,1.0,1.0,dee eskridge,deeeskridge,deskridge,Miami Dolphins,00-0036620,,,,,,,,,,,,,,,,,,,,,,,,,
2025,14,0.0,2025_14_MIA_NYJ,New York Jets,Tyrod Taylor,QB,00-0028118,1.0,34.53,234.2,1.17,0.94,2.28,9.3,0.04,0.0,0.0,0.0,0.0,0.0374,72.0,44.17,24.37,335.2,120.5,1.535663127972445,0.43078133475339,1.1042292123413,1.0,1.0,tyrod taylor,tyrodtaylor,ttaylor,New York Jets,00-0028118,4.0,6.0,0.0,1.0,0.0,0.0,0.0,0.0,0.0,0.0,0.0,T.Taylor,NYJ,team_norm & _alias_init_last,30.53,228.2,1.17,-0.06000000000000005,2.28,9.3,0.04,0.0,0.0,0.0,0.0
2025,14,0.0,2025_14_MIA_NYJ,New York Jets,Breece Hall,RB,00-0038120,1.0,0.0,0.0,0.0,0.0,14.2,60.2,0.29,5.19,3.09,25.0,0.18,0.3749,72.0,44.17,24.37,335.2,120.5,1.535663127972445,0.43078133475339,1.1042292123413,1.0,1.0,breece hall,breecehall,bhall,New York Jets,00-0038120,0.0,0.0,0.0,0.0,14.0,43.0,0.0,2.0,0.0,0.0,0.0,B.Hall,NYJ,team_norm & _alias_init_last,0.0,0.0,0.0,0.0,0.1999999999999993,17.200000000000003,0.29,3.1900000000000004,3.09,25.0,0.18
2025,14,0.0,2025_14_MIA_NYJ,New York Jets,Isaiah Davis,RB,00-0039798,1.0,0.0,0.0,0.0,0.0,7.89,36.5,0.11,3.23,1.93,17.2,0.11,0.1961,72.0,44.17,24.37,335.2,120.5,1.535663127972445,0.43078133475339,1.1042292123413,1.0,1.0,isaiah davis,isaiahdavis,idavis,New York Jets,00-0039798,0.0,0.0,0.0,0.0,2.0,22.0,0.0,0.0,0.0,0.0,0.0,I.Davis,NYJ,team_norm & _alias_init_last,0.0,0.0,0.0,0.0,5.89,14.5,0.11,3.23,1.93,17.2,0.11
2025,14,0.0,2025_14_MIA_NYJ,New York Jets,Kene Nwangwu,RB,00-0036842,1.0,0.0,0.0,0.0,0.0,0.0,0.0,0.0,0.0,0.0,0.0,0.0,0.0,72.0,44.17,24.37,335.2,120.5,1.535663127972445,0.43078133475339,1.1042292123413,1.0,1.0,kene nwangwu,kenenwangwu,knwangwu,New York Jets,00-0036842,,,,,,,,,,,,,,,,,,,,,,,,,
2025,14,0.0,2025_14_MIA_NYJ,New York Jets,Khalil Herbert,RB,00-0036906,1.0,0.0,0.0,0.0,0.0,0.0,0.0,0.0,0.0,0.0,0.0,0.0,0.0,72.0,44.17,24.37,335.2,120.5,1.535663127972445,0.43078133475339,1.1042292123413,1.0,1.0,khalil herbert,khalilherbert,kherbert,New York Jets,00-0036906,,,,,,,,,,,,,,,,,,,,,,,,,
2025,14,0.0,2025_14_MIA_NYJ,New York Jets,Mason Taylor,TE,00-0040736,1.0,0.0,0.0,0.0,0.0,0.0,0.0,0.0,8.79,5.58,60.3,0.28,0.2479,72.0,44.17,24.37,335.2,120.5,1.535663127972445,0.43078133475339,1.1042292123413,1.0,1.0,mason taylor,masontaylor,mtaylor,New York Jets,00-0040736,0.0,0.0,0.0,0.0,0.0,0.0,0.0,8.0,5.0,51.0,0.0,M.Taylor,NYJ,team_norm & _alias_init_last,0.0,0.0,0.0,0.0,0.0,0.0,0.0,0.7899999999999991,0.5800000000000001,9.299999999999997,0.28
2025,14,0.0,2025_14_MIA_NYJ,New York Jets,Jeremy Ruckert,TE,00-0037805,1.0,0.0,0.0,0.0,0.0,0.0,0.0,0.0,4.54,3.13,28.8,0.14,0.1324,72.0,44.17,24.37,335.2,120.5,1.535663127972445,0.43078133475339,1.1042292123413,1.0,1.0,jeremy ruckert,jeremyruckert,jruckert,New York Jets,00-0037805,0.0,0.0,0.0,0.0,0.0,0.0,0.0,3.0,2.0,19.0,0.0,J.Ruckert,NYJ,team_norm & _alias_init_last,0.0,0.0,0.0,0.0,0.0,0.0,0.0,1.54,1.13,9.8,0.14
2025,14,0.0,2025_14_MIA_NYJ,New York Jets,Jelani Woods,TE,00-0037755,1.0,0.0,0.0,0.0,0.0,0.0,0.0,0.0,0.0,0.0,0.0,0.0,0.0,72.0,44.17,24.37,335.2,120.5,1.535663127972445,0.43078133475339,1.1042292123413,0.0,0.0,jelani woods,jelaniwoods,jwoods,New York Jets,00-0037755,,,,,,,,,,,,,,,,,,,,,,,,,
2025,14,0.0,2025_14_MIA_NYJ,New York Jets,Stone Smartt,TE,00-0037475,1.0,0.0,0.0,0.0,0.0,0.0,0.0,0.0,0.0,0.0,0.0,0.0,0.0,72.0,44.17,24.37,335.2,120.5,1.535663127972445,0.43078133475339,1.1042292123413,1.0,1.0,stone smartt,stonesmartt,ssmartt,New York Jets,00-0037475,0.0,0.0,0.0,0.0,0.0,0.0,0.0,1.0,0.0,0.0,0.0,S.Smartt,NYJ,team_norm & _alias_init_last,0.0,0.0,0.0,0.0,0.0,0.0,0.0,-1.0,0.0,0.0,0.0
2025,14,0.0,2025_14_MIA_NYJ,New York Jets,John Metchie III,WR,00-0037614,1.0,0.0,0.0,0.0,0.0,0.0,0.0,0.0,9.8,5.84,63.0,0.33,0.2793,72.0,44.17,24.37,335.2,120.5,1.535663127972445,0.43078133475339,1.1042292123413,1.0,1.0,john metchie iii,johnmetchieiii,jmetchie,New York Jets,00-0037614,0.0,0.0,0.0,0.0,0.0,0.0,0.0,8.0,4.0,34.0,0.0,J.Metchie,NYJ,team_norm & _alias_init_last,0.0,0.0,0.0,0.0,0.0,0.0,0.0,1.8000000000000007,1.8399999999999999,29.0,0.33
2025,14,0.0,2025_14_MIA_NYJ,New York Jets,Adonai Mitchell,WR,00-0039890,1.0,0.0,0.0,0.0,0.0,0.0,0.0,0.0,7.38,3.07,44.7,0.24,0.2151,72.0,44.17,24.37,335.2,120.5,1.535663127972445,0.43078133475339,1.1042292123413,1.0,1.0,adonai mitchell,adonaimitchell,amitchell,New York Jets,00-0039890,0.0,0.0,0.0,0.0,0.0,0.0,0.0,6.0,1.0,24.0,0.0,A.Mitchell,NYJ,team_norm & _alias_init_last,0.0,0.0,0.0,0.0,0.0,0.0,0.0,1.38,2.07,20.700000000000003,0.24
2025,14,0.0,2025_14_MIA_NYJ,New York Jets,Isaiah Williams,WR,00-0039451,1.0,0.0,0.0,0.0,0.0,0.0,0.0,0.0,4.92,3.01,34.8,0.16,0.1458,72.0,44.17,24.37,335.2,120.5,1.535663127972445,0.43078133475339,1.1042292123413,1.0,1.0,isaiah williams,isaiahwilliams,iwilliams,New York Jets,00-0039451,0.0,0.0,0.0,0.0,0.0,0.0,0.0,4.0,2.0,24.0,0.0,I.Williams,NYJ,team_norm & _alias_init_last,0.0,0.0,0.0,0.0,0.0,0.0,0.0,0.9199999999999999,1.0099999999999998,10.799999999999997,0.16
2025,14,0.0,2025_14_MIA_NYJ,New York Jets,Allen Lazard,WR,00-0034521,1.0,0.0,0.0,0.0,0.0,0.0,0.0,0.0,0.0,0.0,0.0,0.0,0.0,72.0,44.17,24.37,335.2,120.5,1.535663127972445,0.43078133475339,1.1042292123413,1.0,1.0,allen lazard,allenlazard,alazard,New York Jets,00-0034521,0.0,0.0,0.0,0.0,0.0,0.0,0.0,1.0,0.0,0.0,0.0,A.Lazard,NYJ,team_norm & _alias_init_last,0.0,0.0,0.0,0.0,0.0,0.0,0.0,-1.0,0.0,0.0,0.0
2025,14,0.0,2025_14_MIA_NYJ,New York Jets,Arian Smith,WR,00-0040582,1.0,0.0,0.0,0.0,0.0,0.0,0.0,0.0,0.0,0.0,0.0,0.0,0.0,72.0,44.17,24.37,335.2,120.5,1.535663127972445,0.43078133475339,1.1042292123413,1.0,1.0,arian smith,ariansmith,asmith,New York Jets,00-0040407,,,,,,,,,,,,,,,,,,,,,,,,,
2025,14,0.0,2025_14_NO_TB,New Orleans Saints,Tyler Shough,QB,00-0040743,1.0,41.73,225.6,1.72,0.94,1.78,5.5,0.03,0.0,0.0,0.0,0.0,0.0343,72.0,44.0,25.0,258.5,95.7,1.8538665096374949,0.4728334162077063,1.1000296033402923,1.0,1.0,tyler shough,tylershough,tshough,New Orleans Saints,00-0040743,26.0,144.0,0.0,1.0,4.0,45.0,1.0,0.0,0.0,0.0,0.0,T.Shough,NO,team_norm & _alias_init_last,15.729999999999997,81.6,1.72,-0.06000000000000005,-2.2199999999999998,-39.5,-0.97,0.0,0.0,0.0,0.0
2025,14,0.0,2025_14_NO_TB,New Orleans Saints,Alvin Kamara,RB,00-0033906,1.0,0.0,0.0,0.0,0.0,14.93,49.7,0.34,5.05,3.36,18.4,0.21,0.4208,72.0,44.0,25.0,258.5,95.7,1.8538665096374949,0.4728334162077063,1.1000296033402923,0.0,0.0,alvin kamara,alvinkamara,akamara,New Orleans Saints,00-0033906,,,,,,,,,,,,,,,,,,,,,,,,,
2025,14,0.0,2025_14_NO_TB,New Orleans Saints,Devin Neal,RB,00-0040202,1.0,0.0,0.0,0.0,0.0,8.29,30.8,0.11,3.14,2.1,14.3,0.13,0.2162,72.0,44.0,25.0,258.5,95.7,1.8538665096374949,0.4728334162077063,1.1000296033402923,1.0,1.0,devin neal,devinneal,dneal,New Orleans Saints,00-0040202,0.0,0.0,0.0,0.0,20.0,70.0,1.0,1.0,1.0,14.0,0.0,D.Neal,NO,team_norm & _alias_init_last,0.0,0.0,0.0,0.0,-11.71,-39.2,-0.89,2.14,1.1,0.3000000000000007,0.13
2025,14,0.0,2025_14_NO_TB,New Orleans Saints,Audric Estime,RB,00-0039373,1.0,0.0,0.0,0.0,0.0,0.0,0.0,0.0,0.0,0.0,0.0,0.0,0.0,72.0,44.0,25.0,258.5,95.7,1.8538665096374949,0.4728334162077063,1.1000296033402923,1.0,1.0,audric estime,audricestime,aestime,New Orleans Saints,00-0039373,0.0,0.0,0.0,0.0,3.0,11.0,0.0,0.0,0.0,0.0,0.0,A.Estime,NO,team_norm & _alias_init_last,0.0,0.0,0.0,0.0,-3.0,-11.0,0.0,0.0,0.0,0.0,0.0
2025,14,0.0,2025_14_NO_TB,New Orleans Saints,Evan Hull,RB,00-0038397,1.0,0.0,0.0,0.0,0.0,0.0,0.0,0.0,0.0,0.0,0.0,0.0,0.0,72.0,44.0,25.0,258.5,95.7,1.8538665096374949,0.4728334162077063,1.1000296033402923,1.0,1.0,evan hull,evanhull,ehull,New Orleans Saints,00-0038397,0.0,0.0,0.0,0.0,1.0,4.0,0.0,1.0,1.0,6.0,0.0,E.Hull,NO,team_norm & _alias_init_last,0.0,0.0,0.0,0.0,-1.0,-4.0,0.0,-1.0,-1.0,-6.0,0.0
2025,14,0.0,2025_14_NO_TB,New Orleans Saints,Juwan Johnson,TE,00-0036040,1.0,0.0,0.0,0.0,0.0,0.0,0.0,0.0,8.43,5.41,35.6,0.32,0.2705,72.0,44.0,25.0,258.5,95.7,1.8538665096374949,0.4728334162077063,1.1000296033402923,1.0,1.0,juwan johnson,juwanjohnson,jjohnson,New Orleans Saints,00-0036040,0.0,0.0,0.0,0.0,0.0,0.0,0.0,4.0,4.0,38.0,0.0,J.Johnson,NO,team_norm & _alias_init_last,0.0,0.0,0.0,0.0,0.0,0.0,0.0,4.43,1.4100000000000001,-2.3999999999999986,0.32
2025,14,0.0,2025_14_NO_TB,New Orleans Saints,Foster Moreau,TE,00-0034981,1.0,0.0,0.0,0.0,0.0,0.0,0.0,0.0,4.36,2.85,18.9,0.17,0.1557,72.0,44.0,25.0,258.5,95.7,1.8538665096374949,0.4728334162077063,1.1000296033402923,1.0,1.0,foster moreau,fostermoreau,fmoreau,New Orleans Saints,00-0034981,0.0,0.0,0.0,0.0,0.0,0.0,0.0,1.0,1.0,16.0,0.0,F.Moreau,NO,team_norm & _alias_init_last,0.0,0.0,0.0,0.0,0.0,0.0,0.0,3.3600000000000003,1.85,2.8999999999999986,0.17
2025,14,0.0,2025_14_NO_TB,New Orleans Saints,Jack Stoll,TE,00-0036741,1.0,0.0,0.0,0.0,0.0,0.0,0.0,0.0,0.0,0.0,0.0,0.0,0.0,72.0,44.0,25.0,258.5,95.7,1.8538665096374949,0.4728334162077063,1.1000296033402923,1.0,1.0,jack stoll,jackstoll,jstoll,New Orleans Saints,00-0036741,0.0,0.0,0.0,0.0,0.0,0.0,0.0,1.0,0.0,0.0,0.0,J.Stoll,NO,team_norm & _alias_init_last,0.0,0.0,0.0,0.0,0.0,0.0,0.0,-1.0,0.0,0.0,0.0
2025,14,0.0,2025_14_NO_TB,New Orleans Saints,Chris Olave,WR,00-0037239,1.0,0.0,0.0,0.0,0.0,0.0,0.0,0.0,10.21,5.86,45.7,0.39,0.3233,72.0,44.0,25.0,258.5,95.7,1.8538665096374949,0.4728334162077063,1.1000296033402923,1.0,1.0,chris olave,chrisolave,colave,New Orleans Saints,00-0037239,0.0,0.0,0.0,0.0,0.0,0.0,0.0,7.0,3.0,30.0,0.0,C.Olave,NO,team_norm & _alias_init_last,0.0,0.0,0.0,0.0,0.0,0.0,0.0,3.210000000000001,2.8600000000000003,15.700000000000003,0.39
2025,14,0.0,2025_14_NO_TB,New Orleans Saints,Devaughn Vele,WR,00-0039424,1.0,0.0,0.0,0.0,0.0,0.0,0.0,0.0,7.69,4.51,37.9,0.3,0.2627,72.0,44.0,25.0,258.5,95.7,1.8538665096374949,0.4728334162077063,1.1000296033402923,1.0,1.0,devaughn vele,devaughnvele,dvele,New Orleans Saints,00-0039424,0.0,0.0,0.0,0.0,0.0,0.0,0.0,5.0,3.0,40.0,0.0,D.Vele,NO,team_norm & _alias_init_last,0.0,0.0,0.0,0.0,0.0,0.0,0.0,2.6900000000000004,1.5099999999999998,-2.1000000000000014,0.3
2025,14,0.0,2025_14_NO_TB,New Orleans Saints,Mason Tipton,WR,00-0039623,1.0,0.0,0.0,0.0,0.0,0.0,0.0,0.0,5.12,2.65,27.3,0.2,0.1842,72.0,44.0,25.0,258.5,95.7,1.8538665096374949,0.4728334162077063,1.1000296033402923,1.0,1.0,mason tipton,masontipton,mtipton,New Orleans Saints,00-0039623,,,,,,,,,,,,,,,,,,,,,,,,,
2025,14,0.0,2025_14_NO_TB,New Orleans Saints,Dante Pettis,WR,00-0034860,1.0,0.0,0.0,0.0,0.0,0.0,0.0,0.0,0.0,0.0,0.0,0.0,0.0,72.0,44.0,25.0,258.5,95.7,1.8538665096374949,0.4728334162077063,1.1000296033402923,1.0,1.0,dante pettis,dantepettis,dpettis,New Orleans Saints,00-0034860,,,,,,,,,,,,,,,,,,,,,,,,,
2025,14,0.0,2025_14_NO_TB,New Orleans Saints,Kevin Austin Jr.,WR,00-0037231,1.0,0.0,0.0,0.0,0.0,0.0,0.0,0.0,0.0,0.0,0.0,0.0,0.0,72.0,44.0,25.0,258.5,95.7,1.8538665096374949,0.4728334162077063,1.1000296033402923,1.0,1.0,kevin austin jr.,kevinaustinjr,kaustin,New Orleans Saints,00-0037231,,,,,,,,,,,,,,,,,,,,,,,,,
2025,14,0.0,2025_14_NO_TB,Tampa Bay Buccaneers,Baker Mayfield,QB,00-0034855,1.0,36.95,252.6,2.18,0.86,5.57,21.5,0.19,0.0,0.0,0.0,0.0,0.174,72.0,40.62,28.55,308.3,141.2,2.503801954087688,0.9656175465002028,1.0155202133517691,1.0,1.0,baker mayfield,bakermayfield,bmayfield,Tampa Bay Buccaneers,00-0034855,39.0,122.0,1.0,1.0,1.0,4.0,0.0,0.0,0.0,0.0,0.0,B.Mayfield,TB,team_norm & _alias_init_last,-2.049999999999997,130.6,1.1800000000000002,-0.14,4.57,17.5,0.19,0.0,0.0,0.0,0.0
2025,14,0.0,2025_14_NO_TB,Tampa Bay Buccaneers,Bucky Irving,RB,00-0039361,1.0,0.0,0.0,0.0,0.0,14.77,66.0,0.6,4.65,3.29,23.3,0.29,0.589,72.0,40.62,28.55,308.3,141.2,2.503801954087688,0.9656175465002028,1.0155202133517691,1.0,1.0,bucky irving,buckyirving,birving,Tampa Bay Buccaneers,,0.0,0.0,0.0,0.0,15.0,55.0,0.0,3.0,2.0,26.0,1.0,B.Irving,TB,team_norm & _alias_init_last,0.0,0.0,0.0,0.0,-0.23000000000000043,11.0,0.6,1.6500000000000004,1.29,-2.6999999999999993,-0.71
2025,14,0.0,2025_14_NO_TB,Tampa Bay Buccaneers,Rachaad White,RB,00-0037256,1.0,0.0,0.0,0.0,0.0,8.21,35.4,0.21,2.89,2.09,12.8,0.18,0.3245,72.0,40.62,28.55,308.3,141.2,2.503801954087688,0.9656175465002028,1.0155202133517691,1.0,1.0,rachaad white,rachaadwhite,rwhite,Tampa Bay Buccaneers,00-0037256,0.0,0.0,0.0,0.0,11.0,53.0,0.0,2.0,1.0,2.0,0.0,R.White,TB,team_norm & _alias_init_last,0.0,0.0,0.0,0.0,-2.789999999999999,-17.6,0.21,0.8900000000000001,1.0899999999999999,10.8,0.18
2025,14,0.0,2025_14_NO_TB,Tampa Bay Buccaneers,Sean Tucker,RB,00-0038951,1.0,0.0,0.0,0.0,0.0,0.0,0.0,0.0,0.0,0.0,0.0,0.0,0.0,72.0,40.62,28.55,308.3,141.2,2.503801954087688,0.9656175465002028,1.0155202133517691,1.0,1.0,sean tucker,seantucker,stucker,Tampa Bay Buccaneers,00-0038951,0.0,0.0,0.0,0.0,8.0,29.0,1.0,0.0,0.0,0.0,0.0,S.Tucker,TB,team_norm & _alias_init_last,0.0,0.0,0.0,0.0,-8.0,-29.0,-1.0,0.0,0.0,0.0,0.0
2025,14,0.0,2025_14_NO_TB,Tampa Bay Buccaneers,Cade Otton,TE,00-0038129,1.0,0.0,0.0,0.0,0.0,0.0,0.0,0.0,8.05,5.23,46.8,0.46,0.3686,72.0,40.62,28.55,308.3,141.2,2.503801954087688,0.9656175465002028,1.0155202133517691,1.0,1.0,cade otton,cadeotton,cotton,Tampa Bay Buccaneers,00-0038129,0.0,0.0,0.0,0.0,0.0,0.0,0.0,4.0,3.0,19.0,0.0,C.Otton,TB,team_norm & _alias_init_last,0.0,0.0,0.0,0.0,0.0,0.0,0.0,4.050000000000001,2.2300000000000004,27.799999999999997,0.46
2025,14,0.0,2025_14_NO_TB,Tampa Bay Buccaneers,Payne Durham,TE,00-0039050,1.0,0.0,0.0,0.0,0.0,0.0,0.0,0.0,4.16,2.79,31.2,0.25,0.2198,72.0,40.62,28.55,308.3,141.2,2.503801954087688,0.9656175465002028,1.0155202133517691,1.0,1.0,payne durham,paynedurham,pdurham,Tampa Bay Buccaneers,00-0039050,,,,,,,,,,,,,,,,,,,,,,,,,
2025,14,0.0,2025_14_NO_TB,Tampa Bay Buccaneers,Devin Culp,TE,00-0039754,1.0,0.0,0.0,0.0,0.0,0.0,0.0,0.0,0.0,0.0,0.0,0.0,0.0,72.0,40.62,28.55,308.3,141.2,2.503801954087688,0.9656175465002028,1.0155202133517691,1.0,1.0,devin culp,devinculp,dculp,Tampa Bay Buccaneers,00-0039754,,,,,,,,,,,,,,,,,,,,,,,,,
2025,14,0.0,2025_14_NO_TB,Tampa Bay Buccaneers,Emeka Egbuka,WR,00-0040129,1.0,0.0,0.0,0.0,0.0,0.0,0.0,0.0,9.25,4.33,60.4,0.54,0.4169,72.0,40.62,28.55,308.3,141.2,2.503801954087688,0.9656175465002028,1.0155202133517691,1.0,1.0,emeka egbuka,emekaegbuka,eegbuka,Tampa Bay Buccaneers,00-0040129,0.0,0.0,0.0,0.0,0.0,0.0,0.0,10.0,2.0,15.0,0.0,E.Egbuka,TB,team_norm & _alias_init_last,0.0,0.0,0.0,0.0,0.0,0.0,0.0,-0.75,2.33,45.4,0.54
2025,14,0.0,2025_14_NO_TB,Tampa Bay Buccaneers,Chris Godwin Jr.,WR,00-0033921,1.0,0.0,0.0,0.0,0.0,0.0,0.0,0.0,6.97,4.31,38.9,0.4,0.3321,72.0,40.62,28.55,308.3,141.2,2.503801954087688,0.9656175465002028,1.0155202133517691,1.0,1.0,chris godwin jr.,chrisgodwinjr,cgodwin,Tampa Bay Buccaneers,,0.0,0.0,0.0,0.0,0.0,0.0,0.0,8.0,5.0,55.0,0.0,C.Godwin,TB,team_norm & _alias_init_last,0.0,0.0,0.0,0.0,0.0,0.0,0.0,-1.0300000000000002,-0.6900000000000004,-16.1,0.4
2025,14,0.0,2025_14_NO_TB,Tampa Bay Buccaneers,Sterling Shepard,WR,00-0032385,1.0,0.0,0.0,0.0,0.0,0.0,0.0,0.0,4.64,2.61,27.4,0.28,0.2417,72.0,40.62,28.55,308.3,141.2,2.503801954087688,0.9656175465002028,1.0155202133517691,1.0,1.0,sterling shepard,sterlingshepard,sshepard,Tampa Bay Buccaneers,00-0032385,0.0,0.0,0.0,0.0,0.0,0.0,0.0,2.0,1.0,5.0,0.0,S.Shepard,TB,team_norm & _alias_init_last,0.0,0.0,0.0,0.0,0.0,0.0,0.0,2.6399999999999997,1.6099999999999999,22.4,0.28
2025,14,0.0,2025_14_NO_TB,Tampa Bay Buccaneers,Kameron Johnson,WR,00-0039589,1.0,0.0,0.0,0.0,0.0,0.0,0.0,0.0,0.0,0.0,0.0,0.0,0.0,72.0,40.62,28.55,308.3,141.2,2.503801954087688,0.9656175465002028,1.0155202133517691,1.0,1.0,kameron johnson,kameronjohnson,kjohnson,Tampa Bay Buccaneers,00-0039589,0.0,0.0,0.0,0.0,0.0,0.0,0.0,1.0,0.0,0.0,0.0,K.Johnson,TB,team_norm & _alias_init_last,0.0,0.0,0.0,0.0,0.0,0.0,0.0,-1.0,0.0,0.0,0.0
2025,14,0.0,2025_14_NO_TB,Tampa Bay Buccaneers,Tez Johnson,WR,00-0040237,1.0,0.0,0.0,0.0,0.0,0.0,0.0,0.0,0.0,0.0,0.0,0.0,0.0,72.0,40.62,28.55,308.3,141.2,2.503801954087688,0.9656175465002028,1.0155202133517691,1.0,1.0,tez johnson,tezjohnson,tjohnson,Tampa Bay Buccaneers,00-0040237,0.0,0.0,0.0,0.0,0.0,0.0,0.0,2.0,0.0,0.0,0.0,T.Johnson,TB,team_norm & _alias_init_last,0.0,0.0,0.0,0.0,0.0,0.0,0.0,-2.0,0.0,0.0,0.0
2025,14,0.0,2025_14_PHI_LAC,Los Angeles Chargers,Justin Herbert,QB,00-0036355,1.0,30.11,201.7,1.43,0.64,8.63,31.8,0.25,0.0,0.0,0.0,0.0,0.2231,72.0,30.26,39.6,229.7,195.8,1.6036098251723183,1.116917992594699,0.756474648272889,1.0,1.0,justin herbert,justinherbert,jherbert,Los Angeles Chargers,00-0036355,43.0,139.0,1.0,1.0,2.0,21.0,0.0,0.0,0.0,0.0,0.0,J.Herbert,LAC,team_norm & _alias_init_last,-12.89,62.69999999999999,0.42999999999999994,-0.36,6.630000000000001,10.8,0.25,0.0,0.0,0.0,0.0
2025,14,0.0,2025_14_PHI_LAC,Los Angeles Chargers,Omarion Hampton,RB,00-0040666,1.0,0.0,0.0,0.0,0.0,19.91,89.8,0.7,3.42,2.48,20.2,0.18,0.5848,72.0,30.26,39.6,229.7,195.8,1.6036098251723183,1.116917992594699,0.756474648272889,1.0,1.0,omarion hampton,omarionhampton,ohampton,Los Angeles Chargers,00-0040666,0.0,0.0,0.0,0.0,14.0,56.0,0.0,2.0,2.0,11.0,1.0,O.Hampton,LAC,team_norm & _alias_init_last,0.0,0.0,0.0,0.0,5.91,33.8,0.7,1.42,0.48,9.2,-0.8200000000000001
2025,14,0.0,2025_14_PHI_LAC,Los Angeles Chargers,Kimani Vidal,RB,00-0039391,1.0,0.0,0.0,0.0,0.0,11.06,49.3,0.24,2.13,1.27,11.9,0.12,0.2989,72.0,30.26,39.6,229.7,195.8,1.6036098251723183,1.116917992594699,0.756474648272889,1.0,1.0,kimani vidal,kimanividal,kvidal,Los Angeles Chargers,00-0039391,0.0,0.0,0.0,0.0,14.0,44.0,0.0,3.0,1.0,60.0,0.0,K.Vidal,LAC,team_norm & _alias_init_last,0.0,0.0,0.0,0.0,-2.9399999999999995,5.299999999999997,0.24,-0.8700000000000001,0.27,-48.1,0.12
2025,14,0.0,2025_14_PHI_LAC,Los Angeles Chargers,Hassan Haskins,RB,00-0037617,1.0,0.0,0.0,0.0,0.0,0.0,0.0,0.0,0.0,0.0,0.0,0.0,0.0,72.0,30.26,39.6,229.7,195.8,1.6036098251723183,1.116917992594699,0.756474648272889,1.0,1.0,hassan haskins,hassanhaskins,hhaskins,Los Angeles Chargers,00-0037617,,,,,,,,,,,,,,,,,,,,,,,,,
2025,14,0.0,2025_14_PHI_LAC,Los Angeles Chargers,Oronde Gadsden II,TE,00-0040189,1.0,0.0,0.0,0.0,0.0,0.0,0.0,0.0,5.79,3.92,37.1,0.3,0.2566,72.0,30.26,39.6,229.7,195.8,1.6036098251723183,1.116917992594699,0.756474648272889,1.0,1.0,oronde gadsden ii,orondegadsdenii,ogadsden,Los Angeles Chargers,00-0040189,0.0,0.0,0.0,0.0,0.0,0.0,0.0,4.0,1.0,7.0,0.0,O.Gadsden,LAC,team_norm & _alias_init_last,0.0,0.0,0.0,0.0,0.0,0.0,0.0,1.79,2.92,30.1,0.3
2025,14,0.0,2025_14_PHI_LAC,Los Angeles Chargers,Will Dissly,TE,00-0034159,1.0,0.0,0.0,0.0,0.0,0.0,0.0,0.0,2.99,2.19,16.0,0.14,0.133,72.0,30.26,39.6,229.7,195.8,1.6036098251723183,1.116917992594699,0.756474648272889,1.0,1.0,will dissly,willdissly,wdissly,Los Angeles Chargers,00-0034159,0.0,0.0,0.0,0.0,0.0,0.0,0.0,1.0,1.0,1.0,0.0,W.Dissly,LAC,team_norm & _alias_init_last,0.0,0.0,0.0,0.0,0.0,0.0,0.0,1.9900000000000002,1.19,15.0,0.14
2025,14,0.0,2025_14_PHI_LAC,Los Angeles Chargers,Stevo Klotz,TE,00-0040469,1.0,0.0,0.0,0.0,0.0,0.0,0.0,0.0,0.0,0.0,0.0,0.0,0.0,72.0,30.26,39.6,229.7,195.8,1.6036098251723183,1.116917992594699,0.756474648272889,0.0,0.0,stevo klotz,stevoklotz,sklotz,Los Angeles Chargers,00-0040469,,,,,,,,,,,,,,,,,,,,,,,,,
2025,14,0.0,2025_14_PHI_LAC,Los Angeles Chargers,Tanner McLachlan,TE,00-0039399,1.0,0.0,0.0,0.0,0.0,0.0,0.0,0.0,0.0,0.0,0.0,0.0,0.0,72.0,30.26,39.6,229.7,195.8,1.6036098251723183,1.116917992594699,0.756474648272889,0.0,0.0,tanner mclachlan,tannermclachlan,tmclachlan,Los Angeles Chargers,00-0039399,,,,,,,,,,,,,,,,,,,,,,,,,
2025,14,0.0,2025_14_PHI_LAC,Los Angeles Chargers,Ladd McConkey,WR,00-0039915,1.0,0.0,0.0,0.0,0.0,0.0,0.0,0.0,7.06,4.34,42.2,0.34,0.2914,72.0,30.26,39.6,229.7,195.8,1.6036098251723183,1.116917992594699,0.756474648272889,1.0,1.0,ladd mcconkey,laddmcconkey,lmcconkey,Los Angeles Chargers,,0.0,0.0,0.0,0.0,0.0,0.0,0.0,6.0,1.0,12.0,0.0,L.McConkey,LAC,team_norm & _alias_init_last,0.0,0.0,0.0,0.0,0.0,0.0,0.0,1.0599999999999996,3.34,30.200000000000003,0.34
2025,14,0.0,2025_14_PHI_LAC,Los Angeles Chargers,Quentin Johnston,WR,00-0038544,1.0,0.0,0.0,0.0,0.0,0.0,0.0,0.0,5.32,2.72,29.2,0.27,0.2343,72.0,30.26,39.6,229.7,195.8,1.6036098251723183,1.116917992594699,0.756474648272889,1.0,1.0,quentin johnston,quentinjohnston,qjohnston,Los Angeles Chargers,00-0038544,0.0,0.0,0.0,0.0,0.0,0.0,0.0,4.0,2.0,8.0,0.0,Q.Johnston,LAC,team_norm & _alias_init_last,0.0,0.0,0.0,0.0,0.0,0.0,0.0,1.3200000000000003,0.7200000000000002,21.2,0.27
2025,14,0.0,2025_14_PHI_LAC,Los Angeles Chargers,Keenan Allen,WR,00-0030279,1.0,0.0,0.0,0.0,0.0,0.0,0.0,0.0,3.54,2.14,18.6,0.18,0.1631,72.0,30.26,39.6,229.7,195.8,1.6036098251723183,1.116917992594699,0.756474648272889,1.0,1.0,keenan allen,keenanallen,kallen,Los Angeles Chargers,00-0030279,0.0,0.0,0.0,0.0,0.0,0.0,0.0,3.0,3.0,22.0,0.0,K.Allen,LAC,team_norm & _alias_init_last,0.0,0.0,0.0,0.0,0.0,0.0,0.0,0.54,-0.8599999999999999,-3.3999999999999986,0.18
2025,14,0.0,2025_14_PHI_LAC,Los Angeles Chargers,Dalevon Campbell,WR,00-0040629,1.0,0.0,0.0,0.0,0.0,0.0,0.0,0.0,0.0,0.0,0.0,0.0,0.0,72.0,30.26,39.6,229.7,195.8,1.6036098251723183,1.116917992594699,0.756474648272889,0.0,0.0,dalevon campbell,dalevoncampbell,dcampbell,Los Angeles Chargers,00-0040629,,,,,,,,,,,,,,,,,,,,,,,,,
2025,14,0.0,2025_14_PHI_LAC,Los Angeles Chargers,Derius Davis,WR,00-0038573,1.0,0.0,0.0,0.0,0.0,0.0,0.0,0.0,0.0,0.0,0.0,0.0,0.0,72.0,30.26,39.6,229.7,195.8,1.6036098251723183,1.116917992594699,0.756474648272889,1.0,1.0,derius davis,deriusdavis,ddavis,Los Angeles Chargers,00-0038573,,,,,,,,,,,,,,,,,,,,,,,,,
2025,14,0.0,2025_14_PHI_LAC,Los Angeles Chargers,Tre Harris,WR,00-0040727,1.0,0.0,0.0,0.0,0.0,0.0,0.0,0.0,0.0,0.0,0.0,0.0,0.0,72.0,30.26,39.6,229.7,195.8,1.6036098251723183,1.116917992594699,0.756474648272889,1.0,1.0,tre harris,treharris,tharris,Los Angeles Chargers,,0.0,0.0,0.0,0.0,1.0,3.0,0.0,2.0,1.0,18.0,0.0,T.Harris,LAC,team_norm & _alias_init_last,0.0,0.0,0.0,0.0,-1.0,-3.0,0.0,-2.0,-1.0,-18.0,0.0
2025,14,0.0,2025_14_PHI_LAC,Philadelphia Eagles,Jalen Hurts,QB,00-0036389,1.0,35.72,243.4,1.47,0.89,7.26,25.5,0.15,0.0,0.0,0.0,0.0,0.1361,66.67,41.69,21.79,316.4,107.8,1.8168967609289897,0.4538157700303364,1.0422587719298246,1.0,1.0,jalen hurts,jalenhurts,jhurts,Philadelphia Eagles,00-0036389,47.0,240.0,0.0,4.0,1.0,-1.0,0.0,0.0,0.0,0.0,0.0,J.Hurts,PHI,team_norm & _alias_init_last,-11.280000000000001,3.4000000000000057,1.47,-3.11,6.26,26.5,0.15,0.0,0.0,0.0,0.0
2025,14,0.0,2025_14_PHI_LAC,Philadelphia Eagles,Saquon Barkley,RB,00-0034844,1.0,0.0,0.0,0.0,0.0,9.34,41.0,0.26,4.95,3.06,21.8,0.21,0.3752,66.67,41.69,21.79,316.4,107.8,1.8168967609289897,0.4538157700303364,1.0422587719298246,1.0,1.0,saquon barkley,saquonbarkley,sbarkley,Philadelphia Eagles,00-0034844,0.0,0.0,0.0,0.0,21.0,122.0,1.0,2.0,0.0,0.0,0.0,S.Barkley,PHI,team_norm & _alias_init_last,0.0,0.0,0.0,0.0,-11.66,-81.0,-0.74,2.95,3.06,21.8,0.21
2025,14,0.0,2025_14_PHI_LAC,Philadelphia Eagles,Tank Bigsby,RB,00-0038555,1.0,0.0,0.0,0.0,0.0,5.19,22.8,0.1,3.08,1.61,15.9,0.13,0.2051,66.67,41.69,21.79,316.4,107.8,1.8168967609289897,0.4538157700303364,1.0422587719298246,1.0,1.0,tank bigsby,tankbigsby,tbigsby,Philadelphia Eagles,,0.0,0.0,0.0,0.0,1.0,4.0,0.0,0.0,0.0,0.0,0.0,T.Bigsby,PHI,team_norm & _alias_init_last,0.0,0.0,0.0,0.0,4.19,18.8,0.1,3.08,1.61,15.9,0.13
2025,14,0.0,2025_14_PHI_LAC,Philadelphia Eagles,Will Shipley,RB,00-0039746,1.0,0.0,0.0,0.0,0.0,0.0,0.0,0.0,0.0,0.0,0.0,0.0,0.0,66.67,41.69,21.79,316.4,107.8,1.8168967609289897,0.4538157700303364,1.0422587719298246,1.0,1.0,will shipley,willshipley,wshipley,Philadelphia Eagles,00-0039746,0.0,0.0,0.0,0.0,0.0,0.0,0.0,1.0,1.0,3.0,0.0,W.Shipley,PHI,team_norm & _alias_init_last,0.0,0.0,0.0,0.0,0.0,0.0,0.0,-1.0,-1.0,-3.0,0.0
2025,14,0.0,2025_14_PHI_LAC,Philadelphia Eagles,Dallas Goedert,TE,00-0034351,1.0,0.0,0.0,0.0,0.0,0.0,0.0,0.0,7.86,5.61,45.2,0.31,0.2686,66.67,41.69,21.79,316.4,107.8,1.8168967609289897,0.4538157700303364,1.0422587719298246,1.0,1.0,dallas goedert,dallasgoedert,dgoedert,Philadelphia Eagles,00-0034351,0.0,0.0,0.0,0.0,0.0,0.0,0.0,10.0,8.0,78.0,0.0,D.Goedert,PHI,team_norm & _alias_init_last,0.0,0.0,0.0,0.0,0.0,0.0,0.0,-2.1399999999999997,-2.3899999999999997,-32.8,0.31
2025,14,0.0,2025_14_PHI_LAC,Philadelphia Eagles,Grant Calcaterra,TE,00-0037086,1.0,0.0,0.0,0.0,0.0,0.0,0.0,0.0,4.06,2.92,27.3,0.17,0.1544,66.67,41.69,21.79,316.4,107.8,1.8168967609289897,0.4538157700303364,1.0422587719298246,1.0,1.0,grant calcaterra,grantcalcaterra,gcalcaterra,Philadelphia Eagles,00-0037086,,,,,,,,,,,,,,,,,,,,,,,,,
2025,14,0.0,2025_14_PHI_LAC,Philadelphia Eagles,Cameron Latu,TE,00-0038564,1.0,0.0,0.0,0.0,0.0,0.0,0.0,0.0,0.0,0.0,0.0,0.0,0.0,66.67,41.69,21.79,316.4,107.8,1.8168967609289897,0.4538157700303364,1.0422587719298246,1.0,1.0,cameron latu,cameronlatu,clatu,Philadelphia Eagles,00-0038564,,,,,,,,,,,,,,,,,,,,,,,,,
2025,14,0.0,2025_14_PHI_LAC,Philadelphia Eagles,Kylen Granson,TE,00-0036876,1.0,0.0,0.0,0.0,0.0,0.0,0.0,0.0,0.0,0.0,0.0,0.0,0.0,66.67,41.69,21.79,316.4,107.8,1.8168967609289897,0.4538157700303364,1.0422587719298246,1.0,1.0,kylen granson,kylengranson,kgranson,Philadelphia Eagles,00-0036876,,,,,,,,,,,,,,,,,,,,,,,,,
2025,14,0.0,2025_14_PHI_LAC,Philadelphia Eagles,A.J. Brown,WR,00-0035676,1.0,0.0,0.0,0.0,0.0,0.0,0.0,0.0,9.55,5.32,51.1,0.38,0.3187,66.67,41.69,21.79,316.4,107.8,1.8168967609289897,0.4538157700303364,1.0422587719298246,1.0,1.0,a.j. brown,ajbrown,abrown,Philadelphia Eagles,00-0035676,0.0,0.0,0.0,0.0,0.0,0.0,0.0,15.0,6.0,100.0,0.0,A.Brown,PHI,team_norm & _alias_init_last,0.0,0.0,0.0,0.0,0.0,0.0,0.0,-5.449999999999999,-0.6799999999999997,-48.9,0.38
2025,14,0.0,2025_14_PHI_LAC,Philadelphia Eagles,DeVonta Smith,WR,00-0036912,1.0,0.0,0.0,0.0,0.0,0.0,0.0,0.0,7.19,4.72,38.3,0.29,0.2493,66.67,41.69,21.79,316.4,107.8,1.8168967609289897,0.4538157700303364,1.0422587719298246,1.0,1.0,devonta smith,devontasmith,dsmith,Philadelphia Eagles,00-0036912,0.0,0.0,0.0,0.0,0.0,0.0,0.0,8.0,4.0,37.0,0.0,D.Smith,PHI,team_norm & _alias_init_last,0.0,0.0,0.0,0.0,0.0,0.0,0.0,-0.8099999999999996,0.7199999999999998,1.2999999999999972,0.29
2025,14,0.0,2025_14_PHI_LAC,Philadelphia Eagles,Jahan Dotson,WR,00-0037741,1.0,0.0,0.0,0.0,0.0,0.0,0.0,0.0,4.8,2.43,25.0,0.2,0.1808,66.67,41.69,21.79,316.4,107.8,1.8168967609289897,0.4538157700303364,1.0422587719298246,1.0,1.0,jahan dotson,jahandotson,jdotson,Philadelphia Eagles,00-0037741,0.0,0.0,0.0,0.0,0.0,0.0,0.0,3.0,1.0,3.0,0.0,J.Dotson,PHI,team_norm & _alias_init_last,0.0,0.0,0.0,0.0,0.0,0.0,0.0,1.7999999999999998,1.4300000000000002,22.0,0.2
2025,14,0.0,2025_14_PHI_LAC,Philadelphia Eagles,Britain Covey,WR,00-0037132,1.0,0.0,0.0,0.0,0.0,0.0,0.0,0.0,0.0,0.0,0.0,0.0,0.0,66.67,41.69,21.79,316.4,107.8,1.8168967609289897,0.4538157700303364,1.0422587719298246,1.0,1.0,britain covey,britaincovey,bcovey,Philadelphia Eagles,00-0037132,,,,,,,,,,,,,,,,,,,,,,,,,
2025,14,0.0,2025_14_PHI_LAC,Philadelphia Eagles,Darius Cooper,WR,00-0040024,1.0,0.0,0.0,0.0,0.0,0.0,0.0,0.0,0.0,0.0,0.0,0.0,0.0,66.67,41.69,21.79,316.4,107.8,1.8168967609289897,0.4538157700303364,1.0422587719298246,1.0,1.0,darius cooper,dariuscooper,dcooper,Philadelphia Eagles,00-0040024,0.0,0.0,0.0,0.0,0.0,0.0,0.0,1.0,1.0,19.0,0.0,D.Cooper,PHI,team_norm & _alias_init_last,0.0,0.0,0.0,0.0,0.0,0.0,0.0,-1.0,-1.0,-19.0,0.0
2025,14,0.0,2025_14_PIT_BAL,Baltimore Ravens,Lamar Jackson,QB,00-0034796,1.0,37.08,211.8,2.6,0.93,7.51,19.1,0.24,0.0,0.0,0.0,0.0,0.2129,69.97,43.99,22.53,246.8,82.4,3.323662975186527,0.836220499364003,1.099674421792386,1.0,1.0,lamar jackson,lamarjackson,ljackson,Baltimore Ravens,00-0034796,43.0,219.0,1.0,1.0,2.0,15.0,0.0,0.0,0.0,0.0,0.0,L.Jackson,BAL,team_norm & _alias_init_last,-5.920000000000002,-7.199999999999989,1.6,-0.06999999999999995,5.51,4.100000000000001,0.24,0.0,0.0,0.0,0.0
2025,14,0.0,2025_14_PIT_BAL,Baltimore Ravens,Derrick Henry,RB,00-0032764,1.0,0.0,0.0,0.0,0.0,9.66,29.8,0.47,5.05,3.13,17.1,0.39,0.5759,69.97,43.99,22.53,246.8,82.4,3.323662975186527,0.836220499364003,1.099674421792386,1.0,1.0,derrick henry,derrickhenry,dhenry,Baltimore Ravens,00-0032764,0.0,0.0,0.0,0.0,25.0,94.0,0.0,2.0,1.0,8.0,0.0,D.Henry,BAL,team_norm & _alias_init_last,0.0,0.0,0.0,0.0,-15.34,-64.2,0.47,3.05,2.13,9.100000000000001,0.39
2025,14,0.0,2025_14_PIT_BAL,Baltimore Ravens,Keaton Mitchell,RB,00-0038454,1.0,0.0,0.0,0.0,0.0,5.36,17.4,0.17,3.14,2.01,12.6,0.23,0.3293,69.97,43.99,22.53,246.8,82.4,3.323662975186527,0.836220499364003,1.099674421792386,1.0,1.0,keaton mitchell,keatonmitchell,kmitchell,Baltimore Ravens,00-0038454,0.0,0.0,0.0,0.0,6.0,76.0,0.0,0.0,0.0,0.0,0.0,K.Mitchell,BAL,team_norm & _alias_init_last,0.0,0.0,0.0,0.0,-0.6399999999999997,-58.6,0.17,3.14,2.01,12.6,0.23
2025,14,0.0,2025_14_PIT_BAL,Baltimore Ravens,Rasheen Ali,RB,00-0039796,1.0,0.0,0.0,0.0,0.0,0.0,0.0,0.0,0.0,0.0,0.0,0.0,0.0,69.97,43.99,22.53,246.8,82.4,3.323662975186527,0.836220499364003,1.099674421792386,1.0,1.0,rasheen ali,rasheenali,rali,Baltimore Ravens,00-0039796,0.0,0.0,0.0,0.0,1.0,2.0,0.0,4.0,2.0,11.0,0.0,R.Ali,BAL,team_norm & _alias_init_last,0.0,0.0,0.0,0.0,-1.0,-2.0,0.0,-4.0,-2.0,-11.0,0.0
2025,14,0.0,2025_14_PIT_BAL,Baltimore Ravens,Mark Andrews,TE,00-0034753,1.0,0.0,0.0,0.0,0.0,0.0,0.0,0.0,8.48,5.43,35.4,0.62,0.4594,69.97,43.99,22.53,246.8,82.4,3.323662975186527,0.836220499364003,1.099674421792386,1.0,1.0,mark andrews,markandrews,mandrews,Baltimore Ravens,00-0034753,0.0,0.0,0.0,0.0,0.0,0.0,0.0,5.0,1.0,9.0,0.0,M.Andrews,BAL,team_norm & _alias_init_last,0.0,0.0,0.0,0.0,0.0,0.0,0.0,3.4800000000000004,4.43,26.4,0.62
2025,14,0.0,2025_14_PIT_BAL,Baltimore Ravens,Isaiah Likely,TE,00-0037838,1.0,0.0,0.0,0.0,0.0,0.0,0.0,0.0,4.39,2.92,18.6,0.31,0.2698,69.97,43.99,22.53,246.8,82.4,3.323662975186527,0.836220499364003,1.099674421792386,1.0,1.0,isaiah likely,isaiahlikely,ilikely,Baltimore Ravens,00-0037838,0.0,0.0,0.0,0.0,0.0,0.0,0.0,6.0,4.0,25.0,1.0,I.Likely,BAL,team_norm & _alias_init_last,0.0,0.0,0.0,0.0,0.0,0.0,0.0,-1.6100000000000003,-1.08,-6.399999999999999,-0.69
2025,14,0.0,2025_14_PIT_BAL,Baltimore Ravens,Baylor Cupp,TE,00-0039316,1.0,0.0,0.0,0.0,0.0,0.0,0.0,0.0,0.0,0.0,0.0,0.0,0.0,69.97,43.99,22.53,246.8,82.4,3.323662975186527,0.836220499364003,1.099674421792386,0.0,0.0,baylor cupp,baylorcupp,bcupp,Baltimore Ravens,00-0039316,,,,,,,,,,,,,,,,,,,,,,,,,
2025,14,0.0,2025_14_PIT_BAL,Baltimore Ravens,Charlie Kolar,TE,00-0038046,1.0,0.0,0.0,0.0,0.0,0.0,0.0,0.0,0.0,0.0,0.0,0.0,0.0,69.97,43.99,22.53,246.8,82.4,3.323662975186527,0.836220499364003,1.099674421792386,1.0,1.0,charlie kolar,charliekolar,ckolar,Baltimore Ravens,00-0038046,0.0,0.0,0.0,0.0,0.0,0.0,0.0,1.0,1.0,19.0,0.0,C.Kolar,BAL,team_norm & _alias_init_last,0.0,0.0,0.0,0.0,0.0,0.0,0.0,-1.0,-1.0,-19.0,0.0
2025,14,0.0,2025_14_PIT_BAL,Baltimore Ravens,Zay Flowers,WR,00-0039064,1.0,0.0,0.0,0.0,0.0,0.0,0.0,0.0,10.17,6.5,44.9,0.7,0.5059,69.97,43.99,22.53,246.8,82.4,3.323662975186527,0.836220499364003,1.099674421792386,1.0,1.0,zay flowers,zayflowers,zflowers,Baltimore Ravens,,0.0,0.0,0.0,0.0,1.0,2.0,0.0,12.0,8.0,124.0,0.0,Z.Flowers,BAL,team_norm & _alias_init_last,0.0,0.0,0.0,0.0,-1.0,-2.0,0.0,-1.83,-1.5,-79.1,0.7
2025,14,0.0,2025_14_PIT_BAL,Baltimore Ravens,Rashod Bateman,WR,00-0036550,1.0,0.0,0.0,0.0,0.0,0.0,0.0,0.0,7.66,4.24,33.9,0.54,0.4193,69.97,43.99,22.53,246.8,82.4,3.323662975186527,0.836220499364003,1.099674421792386,1.0,1.0,rashod bateman,rashodbateman,rbateman,Baltimore Ravens,00-0036550,0.0,0.0,0.0,0.0,0.0,0.0,0.0,3.0,2.0,23.0,0.0,R.Bateman,BAL,team_norm & _alias_init_last,0.0,0.0,0.0,0.0,0.0,0.0,0.0,4.66,2.24,10.899999999999999,0.54
2025,14,0.0,2025_14_PIT_BAL,Baltimore Ravens,DeAndre Hopkins,WR,00-0030564,1.0,0.0,0.0,0.0,0.0,0.0,0.0,0.0,5.1,2.83,20.7,0.36,0.3001,69.97,43.99,22.53,246.8,82.4,3.323662975186527,0.836220499364003,1.099674421792386,1.0,1.0,deandre hopkins,deandrehopkins,dhopkins,Baltimore Ravens,00-0030564,0.0,0.0,0.0,0.0,0.0,0.0,0.0,2.0,0.0,0.0,0.0,D.Hopkins,BAL,team_norm & _alias_init_last,0.0,0.0,0.0,0.0,0.0,0.0,0.0,3.0999999999999996,2.83,20.7,0.36
2025,14,0.0,2025_14_PIT_BAL,Baltimore Ravens,Anthony Miller,WR,00-0034353,1.0,0.0,0.0,0.0,0.0,0.0,0.0,0.0,0.0,0.0,0.0,0.0,0.0,69.97,43.99,22.53,246.8,82.4,3.323662975186527,0.836220499364003,1.099674421792386,0.0,0.0,anthony miller,anthonymiller,amiller,Baltimore Ravens,00-0034353,,,,,,,,,,,,,,,,,,,,,,,,,
2025,14,0.0,2025_14_PIT_BAL,Baltimore Ravens,LaJohntay Wester,WR,00-0040075,1.0,0.0,0.0,0.0,0.0,0.0,0.0,0.0,0.0,0.0,0.0,0.0,0.0,69.97,43.99,22.53,246.8,82.4,3.323662975186527,0.836220499364003,1.099674421792386,1.0,1.0,lajohntay wester,lajohntaywester,lwester,Baltimore Ravens,00-0040075,,,,,,,,,,,,,,,,,,,,,,,,,
2025,14,0.0,2025_14_PIT_BAL,Baltimore Ravens,Tylan Wallace,WR,00-0036630,1.0,0.0,0.0,0.0,0.0,0.0,0.0,0.0,0.0,0.0,0.0,0.0,0.0,69.97,43.99,22.53,246.8,82.4,3.323662975186527,0.836220499364003,1.099674421792386,1.0,1.0,tylan wallace,tylanwallace,twallace,Baltimore Ravens,00-0036630,,,,,,,,,,,,,,,,,,,,,,,,,
2025,14,0.0,2025_14_PIT_BAL,Pittsburgh Steelers,Aaron Rodgers,QB,00-0023459,1.0,30.94,166.1,1.75,0.67,1.95,5.9,0.05,0.0,0.0,0.0,0.0,0.0526,57.07,31.39,23.89,176.1,87.3,2.0718479380304613,0.7180509136433502,0.7846737312670422,1.0,1.0,aaron rodgers,aaronrodgers,arodgers,Pittsburgh Steelers,00-0023459,36.0,284.0,1.0,0.0,0.0,0.0,0.0,1.0,1.0,-9.0,0.0,A.Rodgers,PIT,team_norm & _alias_init_last,-5.059999999999999,-117.9,0.75,0.67,1.95,5.9,0.05,-1.0,-1.0,9.0,0.0
2025,14,0.0,2025_14_PIT_BAL,Pittsburgh Steelers,Jaylen Warren,RB,00-0037228,1.0,0.0,0.0,0.0,0.0,14.11,45.2,0.51,3.63,2.53,12.7,0.24,0.5242,57.07,31.39,23.89,176.1,87.3,2.0718479380304613,0.7180509136433502,0.7846737312670422,1.0,1.0,jaylen warren,jaylenwarren,jwarren,Pittsburgh Steelers,00-0037228,0.0,0.0,0.0,0.0,8.0,13.0,0.0,4.0,3.0,49.0,1.0,J.Warren,PIT,team_norm & _alias_init_last,0.0,0.0,0.0,0.0,6.109999999999999,32.2,0.51,-0.3700000000000001,-0.4700000000000002,-36.3,-0.76
2025,14,0.0,2025_14_PIT_BAL,Pittsburgh Steelers,Kenneth Gainwell,RB,00-0036919,1.0,0.0,0.0,0.0,0.0,7.84,24.9,0.2,2.26,1.49,7.5,0.15,0.2935,57.07,31.39,23.89,176.1,87.3,2.0718479380304613,0.7180509136433502,0.7846737312670422,1.0,1.0,kenneth gainwell,kennethgainwell,kgainwell,Pittsburgh Steelers,00-0036919,0.0,0.0,0.0,0.0,4.0,15.0,1.0,7.0,6.0,27.0,0.0,K.Gainwell,PIT,team_norm & _alias_init_last,0.0,0.0,0.0,0.0,3.84,9.899999999999999,-0.8,-4.74,-4.51,-19.5,0.15
2025,14,0.0,2025_14_PIT_BAL,Pittsburgh Steelers,Kaleb Johnson,RB,00-0040142,1.0,0.0,0.0,0.0,0.0,0.0,0.0,0.0,0.0,0.0,0.0,0.0,0.0,57.07,31.39,23.89,176.1,87.3,2.0718479380304613,0.7180509136433502,0.7846737312670422,1.0,1.0,kaleb johnson,kalebjohnson,kjohnson,Pittsburgh Steelers,00-0040142,0.0,0.0,0.0,0.0,2.0,4.0,0.0,0.0,0.0,0.0,0.0,K.Johnson,PIT,team_norm & _alias_init_last,0.0,0.0,0.0,0.0,-2.0,-4.0,0.0,0.0,0.0,0.0,0.0
2025,14,0.0,2025_14_PIT_BAL,Pittsburgh Steelers,Darnell Washington,TE,00-0038558,1.0,0.0,0.0,0.0,0.0,0.0,0.0,0.0,5.96,3.92,28.9,0.38,0.3145,57.07,31.39,23.89,176.1,87.3,2.0718479380304613,0.7180509136433502,0.7846737312670422,1.0,1.0,darnell washington,darnellwashington,dwashington,Pittsburgh Steelers,00-0038558,0.0,0.0,0.0,0.0,0.0,0.0,0.0,1.0,1.0,12.0,0.0,D.Washington,PIT,team_norm & _alias_init_last,0.0,0.0,0.0,0.0,0.0,0.0,0.0,4.96,2.92,16.9,0.38
2025,14,0.0,2025_14_PIT_BAL,Pittsburgh Steelers,Pat Freiermuth,TE,00-0036894,1.0,0.0,0.0,0.0,0.0,0.0,0.0,0.0,3.08,2.02,12.1,0.19,0.1701,57.07,31.39,23.89,176.1,87.3,2.0718479380304613,0.7180509136433502,0.7846737312670422,1.0,1.0,pat freiermuth,patfreiermuth,pfreiermuth,Pittsburgh Steelers,00-0036894,0.0,0.0,0.0,0.0,0.0,0.0,0.0,3.0,2.0,9.0,0.0,P.Freiermuth,PIT,team_norm & _alias_init_last,0.0,0.0,0.0,0.0,0.0,0.0,0.0,0.08000000000000007,0.020000000000000018,3.0999999999999996,0.19
2025,14,0.0,2025_14_PIT_BAL,Pittsburgh Steelers,Connor Heyward,TE,00-0037304,1.0,0.0,0.0,0.0,0.0,0.0,0.0,0.0,0.0,0.0,0.0,0.0,0.0,57.07,31.39,23.89,176.1,87.3,2.0718479380304613,0.7180509136433502,0.7846737312670422,1.0,1.0,connor heyward,connorheyward,cheyward,Pittsburgh Steelers,00-0027969,0.0,0.0,0.0,0.0,1.0,2.0,0.0,0.0,0.0,0.0,0.0,Co.Heyward,PIT,team_norm & _alias_init_last,0.0,0.0,0.0,0.0,-1.0,-2.0,0.0,0.0,0.0,0.0,0.0
2025,14,0.0,2025_14_PIT_BAL,Pittsburgh Steelers,Jonnu Smith,TE,00-0033858,1.0,0.0,0.0,0.0,0.0,0.0,0.0,0.0,0.0,0.0,0.0,0.0,0.0,57.07,31.39,23.89,176.1,87.3,2.0718479380304613,0.7180509136433502,0.7846737312670422,1.0,1.0,jonnu smith,jonnusmith,jsmith,Pittsburgh Steelers,00-0033858,0.0,0.0,0.0,0.0,0.0,0.0,0.0,1.0,0.0,0.0,0.0,J.Smith,PIT,team_norm & _alias_init_last,0.0,0.0,0.0,0.0,0.0,0.0,0.0,-1.0,0.0,0.0,0.0
2025,14,0.0,2025_14_PIT_BAL,Pittsburgh Steelers,DK Metcalf,WR,00-0035640,1.0,0.0,0.0,0.0,0.0,0.0,0.0,0.0,7.3,3.88,30.6,0.46,0.3705,57.07,31.39,23.89,176.1,87.3,2.0718479380304613,0.7180509136433502,0.7846737312670422,1.0,1.0,dk metcalf,dkmetcalf,dmetcalf,Pittsburgh Steelers,00-0035640,0.0,0.0,0.0,0.0,0.0,0.0,0.0,12.0,7.0,148.0,0.0,D.Metcalf,PIT,team_norm & _alias_init_last,0.0,0.0,0.0,0.0,0.0,0.0,0.0,-4.7,-3.12,-117.4,0.46
2025,14,0.0,2025_14_PIT_BAL,Pittsburgh Steelers,Calvin Austin III,WR,00-0037837,1.0,0.0,0.0,0.0,0.0,0.0,0.0,0.0,5.49,2.82,23.6,0.32,0.2767,57.07,31.39,23.89,176.1,87.3,2.0718479380304613,0.7180509136433502,0.7846737312670422,1.0,1.0,calvin austin iii,calvinaustiniii,caustin,Pittsburgh Steelers,00-0037837,0.0,0.0,0.0,0.0,0.0,0.0,0.0,2.0,1.0,31.0,0.0,C.Austin,PIT,team_norm & _alias_init_last,0.0,0.0,0.0,0.0,0.0,0.0,0.0,3.49,1.8199999999999998,-7.399999999999999,0.32
2025,14,0.0,2025_14_PIT_BAL,Pittsburgh Steelers,Adam Thielen,WR,00-0030035,1.0,0.0,0.0,0.0,0.0,0.0,0.0,0.0,3.66,2.3,14.2,0.23,0.2071,57.07,31.39,23.89,176.1,87.3,2.0718479380304613,0.7180509136433502,0.7846737312670422,1.0,1.0,adam thielen,adamthielen,athielen,Pittsburgh Steelers,00-0030035,0.0,0.0,0.0,0.0,0.0,0.0,0.0,1.0,1.0,4.0,0.0,A.Thielen,PIT,team_norm & _alias_init_last,0.0,0.0,0.0,0.0,0.0,0.0,0.0,2.66,1.2999999999999998,10.2,0.23
2025,14,0.0,2025_14_PIT_BAL,Pittsburgh Steelers,Ben Skowronek,WR,00-0036862,1.0,0.0,0.0,0.0,0.0,0.0,0.0,0.0,0.0,0.0,0.0,0.0,0.0,57.07,31.39,23.89,176.1,87.3,2.0718479380304613,0.7180509136433502,0.7846737312670422,1.0,1.0,ben skowronek,benskowronek,bskowronek,Pittsburgh Steelers,00-0036862,0.0,0.0,0.0,0.0,0.0,0.0,0.0,1.0,1.0,13.0,0.0,B.Skowronek,PIT,team_norm & _alias_init_last,0.0,0.0,0.0,0.0,0.0,0.0,0.0,-1.0,-1.0,-13.0,0.0
2025,14,0.0,2025_14_PIT_BAL,Pittsburgh Steelers,Brandon Johnson,WR,00-0037382,1.0,0.0,0.0,0.0,0.0,0.0,0.0,0.0,0.0,0.0,0.0,0.0,0.0,57.07,31.39,23.89,176.1,87.3,2.0718479380304613,0.7180509136433502,0.7846737312670422,0.0,0.0,brandon johnson,brandonjohnson,bjohnson,Pittsburgh Steelers,00-0037382,,,,,,,,,,,,,,,,,,,,,,,,,
2025,14,0.0,2025_14_PIT_BAL,Pittsburgh Steelers,Marquez Valdes-Scantling,WR,00-0034272,1.0,0.0,0.0,0.0,0.0,0.0,0.0,0.0,0.0,0.0,0.0,0.0,0.0,57.07,31.39,23.89,176.1,87.3,2.0718479380304613,0.7180509136433502,0.7846737312670422,1.0,1.0,marquez valdes-scantling,marquezvaldesscantling,mvaldesscantling,Pittsburgh Steelers,00-0034272,0.0,0.0,0.0,0.0,0.0,0.0,0.0,1.0,0.0,0.0,0.0,M.Valdes-Scantling,PIT,team_norm & _alias_init_last,0.0,0.0,0.0,0.0,0.0,0.0,0.0,-1.0,0.0,0.0,0.0
2025,14,0.0,2025_14_PIT_BAL,Pittsburgh Steelers,Scott Miller,WR,00-0035298,1.0,0.0,0.0,0.0,0.0,0.0,0.0,0.0,0.0,0.0,0.0,0.0,0.0,57.07,31.39,23.89,176.1,87.3,2.0718479380304613,0.7180509136433502,0.7846737312670422,1.0,1.0,scott miller,scottmiller,smiller,Pittsburgh Steelers,00-0035298,,,,,,,,,,,,,,,,,,,,,,,,,
2025,14,0.0,2025_14_SEA_ATL,Atlanta Falcons,Kirk Cousins,QB,00-0029604,1.0,33.93,232.7,1.98,0.75,3.49,13.7,0.12,0.0,0.0,0.0,0.0,0.1165,72.0,35.22,34.43,267.4,170.3,2.413038867242832,1.211188332632997,0.8806210175206242,1.0,1.0,kirk cousins,kirkcousins,kcousins,Atlanta Falcons,00-0029604,33.0,162.0,0.0,2.0,0.0,0.0,0.0,0.0,0.0,0.0,0.0,K.Cousins,ATL,team_norm & _alias_init_last,0.9299999999999997,70.69999999999999,1.98,-1.25,3.49,13.7,0.12,0.0,0.0,0.0,0.0
2025,14,0.0,2025_14_SEA_ATL,Atlanta Falcons,Bijan Robinson,RB,00-0038542,1.0,0.0,0.0,0.0,0.0,19.89,82.8,0.83,4.15,2.65,18.7,0.29,0.6731,72.0,35.22,34.43,267.4,170.3,2.413038867242832,1.211188332632997,0.8806210175206242,1.0,1.0,bijan robinson,bijanrobinson,brobinson,Atlanta Falcons,00-0038542,0.0,0.0,0.0,0.0,20.0,86.0,0.0,2.0,2.0,8.0,0.0,B.Robinson,ATL,team_norm & _alias_init_last,0.0,0.0,0.0,0.0,-0.10999999999999943,-3.200000000000003,0.83,2.1500000000000004,0.6499999999999999,10.7,0.29
2025,14,0.0,2025_14_SEA_ATL,Atlanta Falcons,Tyler Allgeier,RB,00-0037263,1.0,0.0,0.0,0.0,0.0,11.05,46.1,0.31,2.58,1.73,12.0,0.17,0.3818,72.0,35.22,34.43,267.4,170.3,2.413038867242832,1.211188332632997,0.8806210175206242,1.0,1.0,tyler allgeier,tylerallgeier,tallgeier,Atlanta Falcons,00-0037263,0.0,0.0,0.0,0.0,11.0,34.0,0.0,3.0,2.0,33.0,0.0,T.Allgeier,ATL,team_norm & _alias_init_last,0.0,0.0,0.0,0.0,0.05000000000000071,12.100000000000001,0.31,-0.41999999999999993,-0.27,-21.0,0.17
2025,14,0.0,2025_14_SEA_ATL,Atlanta Falcons,Kyle Pitts Sr.,TE,,1.0,0.0,0.0,0.0,0.0,0.0,0.0,0.0,6.96,4.44,69.7,0.48,0.3793,72.0,35.22,34.43,267.4,170.3,2.413038867242832,1.211188332632997,0.8806210175206242,0.0,0.0,kyle pitts sr.,kylepittssr,kpitts,Atlanta Falcons,00-0036970,0.0,0.0,0.0,0.0,0.0,0.0,0.0,10.0,6.0,90.0,0.0,K.Pitts,ATL,team_norm & _alias_init_last,0.0,0.0,0.0,0.0,0.0,0.0,0.0,-3.04,-1.5599999999999996,-20.299999999999997,0.48
2025,14,0.0,2025_14_SEA_ATL,Atlanta Falcons,Charlie Woerner,TE,00-0036429,1.0,0.0,0.0,0.0,0.0,0.0,0.0,0.0,3.6,2.47,27.8,0.23,0.207,72.0,35.22,34.43,267.4,170.3,2.413038867242832,1.211188332632997,0.8806210175206242,1.0,1.0,charlie woerner,charliewoerner,cwoerner,Atlanta Falcons,00-0036429,,,,,,,,,,,,,,,,,,,,,,,,,
2025,14,0.0,2025_14_SEA_ATL,Atlanta Falcons,Feleipe Franks,TE,00-0036825,1.0,0.0,0.0,0.0,0.0,0.0,0.0,0.0,0.0,0.0,0.0,0.0,0.0,72.0,35.22,34.43,267.4,170.3,2.413038867242832,1.211188332632997,0.8806210175206242,1.0,1.0,feleipe franks,feleipefranks,ffranks,Atlanta Falcons,00-0036825,,,,,,,,,,,,,,,,,,,,,,,,,
2025,14,0.0,2025_14_SEA_ATL,Atlanta Falcons,Teagan Quitoriano,TE,00-0037277,1.0,0.0,0.0,0.0,0.0,0.0,0.0,0.0,0.0,0.0,0.0,0.0,0.0,72.0,35.22,34.43,267.4,170.3,2.413038867242832,1.211188332632997,0.8806210175206242,1.0,1.0,teagan quitoriano,teaganquitoriano,tquitoriano,Atlanta Falcons,00-0037277,,,,,,,,,,,,,,,,,,,,,,,,,
2025,14,0.0,2025_14_SEA_ATL,Atlanta Falcons,Drake London,WR,00-0037238,1.0,0.0,0.0,0.0,0.0,0.0,0.0,0.0,7.94,4.5,43.5,0.52,0.4078,72.0,35.22,34.43,267.4,170.3,2.413038867242832,1.211188332632997,0.8806210175206242,0.0,0.0,drake london,drakelondon,dlondon,Atlanta Falcons,00-0037238,,,,,,,,,,,,,,,,,,,,,,,,,
2025,14,0.0,2025_14_SEA_ATL,Atlanta Falcons,Darnell Mooney,WR,00-0036309,1.0,0.0,0.0,0.0,0.0,0.0,0.0,0.0,5.98,3.06,32.8,0.37,0.3105,72.0,35.22,34.43,267.4,170.3,2.413038867242832,1.211188332632997,0.8806210175206242,1.0,1.0,darnell mooney,darnellmooney,dmooney,Atlanta Falcons,00-0036309,0.0,0.0,0.0,0.0,0.0,0.0,0.0,4.0,1.0,6.0,0.0,D.Mooney,ATL,team_norm & _alias_init_last,0.0,0.0,0.0,0.0,0.0,0.0,0.0,1.9800000000000004,2.06,26.799999999999997,0.37
2025,14,0.0,2025_14_SEA_ATL,Atlanta Falcons,David Sills V,WR,,1.0,0.0,0.0,0.0,0.0,0.0,0.0,0.0,3.99,2.36,39.4,0.27,0.2389,72.0,35.22,34.43,267.4,170.3,2.413038867242832,1.211188332632997,0.8806210175206242,0.0,0.0,david sills v,davidsillsv,dsills,Atlanta Falcons,00-0035359,0.0,0.0,0.0,0.0,0.0,0.0,0.0,5.0,0.0,0.0,0.0,D.Sills,ATL,team_norm & _alias_init_last,0.0,0.0,0.0,0.0,0.0,0.0,0.0,-1.0099999999999998,2.36,39.4,0.27
2025,14,0.0,2025_14_SEA_ATL,Atlanta Falcons,Casey Washington,WR,00-0039394,1.0,0.0,0.0,0.0,0.0,0.0,0.0,0.0,0.0,0.0,0.0,0.0,0.0,72.0,35.22,34.43,267.4,170.3,2.413038867242832,1.211188332632997,0.8806210175206242,0.0,0.0,casey washington,caseywashington,cwashington,Atlanta Falcons,00-0038930,,,,,,,,,,,,,,,,,,,,,,,,,
2025,14,0.0,2025_14_SEA_ATL,Atlanta Falcons,Deven Thompkins,WR,00-0037487,1.0,0.0,0.0,0.0,0.0,0.0,0.0,0.0,0.0,0.0,0.0,0.0,0.0,72.0,35.22,34.43,267.4,170.3,2.413038867242832,1.211188332632997,0.8806210175206242,1.0,1.0,deven thompkins,deventhompkins,dthompkins,Atlanta Falcons,00-0037487,0.0,0.0,0.0,0.0,0.0,0.0,0.0,1.0,1.0,4.0,0.0,D.Thompkins,ATL,team_norm & _alias_init_last,0.0,0.0,0.0,0.0,0.0,0.0,0.0,-1.0,-1.0,-4.0,0.0
2025,14,0.0,2025_14_SEA_ATL,Atlanta Falcons,Dylan Drummond,WR,00-0038953,1.0,0.0,0.0,0.0,0.0,0.0,0.0,0.0,0.0,0.0,0.0,0.0,0.0,72.0,35.22,34.43,267.4,170.3,2.413038867242832,1.211188332632997,0.8806210175206242,1.0,1.0,dylan drummond,dylandrummond,ddrummond,Atlanta Falcons,00-0038953,0.0,0.0,0.0,0.0,0.0,0.0,0.0,5.0,3.0,21.0,0.0,D.Drummond,ATL,team_norm & _alias_init_last,0.0,0.0,0.0,0.0,0.0,0.0,0.0,-5.0,-3.0,-21.0,0.0
2025,14,0.0,2025_14_SEA_ATL,Atlanta Falcons,KhaDarel Hodge,WR,00-0034854,1.0,0.0,0.0,0.0,0.0,0.0,0.0,0.0,0.0,0.0,0.0,0.0,0.0,72.0,35.22,34.43,267.4,170.3,2.413038867242832,1.211188332632997,0.8806210175206242,1.0,1.0,khadarel hodge,khadarelhodge,khodge,Atlanta Falcons,00-0034854,,,,,,,,,,,,,,,,,,,,,,,,,
2025,14,0.0,2025_14_SEA_ATL,Seattle Seahawks,Sam Darnold,QB,00-0034869,1.0,29.41,164.0,1.78,0.68,8.01,21.9,0.28,0.0,0.0,0.0,0.0,0.2462,72.0,32.1,37.61,180.1,137.5,2.2088121067623185,1.282166042666462,0.802456959377389,1.0,1.0,sam darnold,samdarnold,sdarnold,Seattle Seahawks,00-0034869,35.0,249.0,3.0,1.0,1.0,3.0,0.0,0.0,0.0,0.0,0.0,S.Darnold,SEA,team_norm & _alias_init_last,-5.59,-85.0,-1.22,-0.31999999999999995,7.01,18.9,0.28,0.0,0.0,0.0,0.0
2025,14,0.0,2025_14_SEA_ATL,Seattle Seahawks,Kenneth Walker III,RB,00-0038134,1.0,0.0,0.0,0.0,0.0,19.03,62.1,0.8,3.87,2.56,12.6,0.26,0.6551,72.0,32.1,37.61,180.1,137.5,2.2088121067623185,1.282166042666462,0.802456959377389,1.0,1.0,kenneth walker iii,kennethwalkeriii,kwalker,Seattle Seahawks,00-0038134,0.0,0.0,0.0,0.0,11.0,29.0,0.0,3.0,1.0,-1.0,0.0,K.Walker,SEA,team_norm & _alias_init_last,0.0,0.0,0.0,0.0,8.030000000000001,33.1,0.8,0.8700000000000001,1.56,13.6,0.26
2025,14,0.0,2025_14_SEA_ATL,Seattle Seahawks,Zach Charbonnet,RB,00-0039165,1.0,0.0,0.0,0.0,0.0,10.57,34.3,0.3,2.4,1.59,7.8,0.16,0.3643,72.0,32.1,37.61,180.1,137.5,2.2088121067623185,1.282166042666462,0.802456959377389,1.0,1.0,zach charbonnet,zachcharbonnet,zcharbonnet,Seattle Seahawks,00-0039165,0.0,0.0,0.0,0.0,7.0,46.0,0.0,3.0,2.0,20.0,0.0,Z.Charbonnet,SEA,team_norm & _alias_init_last,0.0,0.0,0.0,0.0,3.5700000000000003,-11.700000000000003,0.3,-0.6000000000000001,-0.4099999999999999,-12.2,0.16
2025,14,0.0,2025_14_SEA_ATL,Seattle Seahawks,Velus Jones Jr.,RB,00-0037745,1.0,0.0,0.0,0.0,0.0,0.0,0.0,0.0,0.0,0.0,0.0,0.0,0.0,72.0,32.1,37.61,180.1,137.5,2.2088121067623185,1.282166042666462,0.802456959377389,1.0,1.0,velus jones jr.,velusjonesjr,vjones,Seattle Seahawks,00-0037745,0.0,0.0,0.0,0.0,5.0,32.0,0.0,0.0,0.0,0.0,0.0,V.Jones,SEA,team_norm & _alias_init_last,0.0,0.0,0.0,0.0,-5.0,-32.0,0.0,0.0,0.0,0.0,0.0
2025,14,0.0,2025_14_SEA_ATL,Seattle Seahawks,AJ Barner,TE,00-0039793,1.0,0.0,0.0,0.0,0.0,0.0,0.0,0.0,5.99,4.48,28.9,0.39,0.3252,72.0,32.1,37.61,180.1,137.5,2.2088121067623185,1.282166042666462,0.802456959377389,1.0,1.0,aj barner,ajbarner,abarner,Seattle Seahawks,00-0039793,0.0,0.0,0.0,0.0,0.0,0.0,0.0,5.0,3.0,27.0,0.0,A.Barner,SEA,team_norm & _alias_init_last,0.0,0.0,0.0,0.0,0.0,0.0,0.0,0.9900000000000002,1.4800000000000004,1.8999999999999986,0.39
2025,14,0.0,2025_14_SEA_ATL,Seattle Seahawks,Elijah Arroyo,TE,00-0040739,1.0,0.0,0.0,0.0,0.0,0.0,0.0,0.0,3.1,1.85,16.8,0.21,0.1897,72.0,32.1,37.61,180.1,137.5,2.2088121067623185,1.282166042666462,0.802456959377389,1.0,1.0,elijah arroyo,elijaharroyo,earroyo,Seattle Seahawks,00-0040739,0.0,0.0,0.0,0.0,0.0,0.0,0.0,1.0,0.0,0.0,0.0,E.Arroyo,SEA,team_norm & _alias_init_last,0.0,0.0,0.0,0.0,0.0,0.0,0.0,2.1,1.85,16.8,0.21
2025,14,0.0,2025_14_SEA_ATL,Seattle Seahawks,Nick Kallerup,TE,00-0040058,1.0,0.0,0.0,0.0,0.0,0.0,0.0,0.0,0.0,0.0,0.0,0.0,0.0,72.0,32.1,37.61,180.1,137.5,2.2088121067623185,1.282166042666462,0.802456959377389,1.0,1.0,nick kallerup,nickkallerup,nkallerup,Seattle Seahawks,00-0040058,,,,,,,,,,,,,,,,,,,,,,,,,
2025,14,0.0,2025_14_SEA_ATL,Seattle Seahawks,Jaxon Smith-Njigba,WR,00-0038543,1.0,0.0,0.0,0.0,0.0,0.0,0.0,0.0,7.32,4.79,32.2,0.47,0.3729,72.0,32.1,37.61,180.1,137.5,2.2088121067623185,1.282166042666462,0.802456959377389,1.0,1.0,jaxon smith-njigba,jaxonsmithnjigba,jsmithnjigba,Seattle Seahawks,00-0038543,0.0,0.0,0.0,0.0,1.0,-1.0,0.0,10.0,7.0,92.0,2.0,J.Smith-Njigba,SEA,team_norm & _alias_init_last,0.0,0.0,0.0,0.0,-1.0,1.0,0.0,-2.6799999999999997,-2.21,-59.8,-1.53
2025,14,0.0,2025_14_SEA_ATL,Seattle Seahawks,Cooper Kupp,WR,00-0033908,1.0,0.0,0.0,0.0,0.0,0.0,0.0,0.0,5.51,3.37,22.6,0.37,0.3073,72.0,32.1,37.61,180.1,137.5,2.2088121067623185,1.282166042666462,0.802456959377389,1.0,1.0,cooper kupp,cooperkupp,ckupp,Seattle Seahawks,00-0033908,0.0,0.0,0.0,0.0,0.0,0.0,0.0,3.0,2.0,35.0,1.0,C.Kupp,SEA,team_norm & _alias_init_last,0.0,0.0,0.0,0.0,0.0,0.0,0.0,2.51,1.37,-12.399999999999999,-0.63
2025,14,0.0,2025_14_SEA_ATL,Seattle Seahawks,Rashid Shaheed,WR,00-0037545,1.0,0.0,0.0,0.0,0.0,0.0,0.0,0.0,3.67,2.22,15.6,0.23,0.2043,72.0,32.1,37.61,180.1,137.5,2.2088121067623185,1.282166042666462,0.802456959377389,1.0,1.0,rashid shaheed,rashidshaheed,rshaheed,Seattle Seahawks,00-0037545,0.0,0.0,0.0,0.0,0.0,0.0,0.0,5.0,4.0,67.0,0.0,R.Shaheed,SEA,team_norm & _alias_init_last,0.0,0.0,0.0,0.0,0.0,0.0,0.0,-1.33,-1.7799999999999998,-51.4,0.23
2025,14,0.0,2025_14_SEA_ATL,Seattle Seahawks,Cody White,WR,00-0035891,1.0,0.0,0.0,0.0,0.0,0.0,0.0,0.0,0.0,0.0,0.0,0.0,0.0,72.0,32.1,37.61,180.1,137.5,2.2088121067623185,1.282166042666462,0.802456959377389,1.0,1.0,cody white,codywhite,cwhite,Seattle Seahawks,00-0035891,0.0,0.0,0.0,0.0,0.0,0.0,0.0,1.0,1.0,9.0,0.0,C.White,SEA,team_norm & _alias_init_last,0.0,0.0,0.0,0.0,0.0,0.0,0.0,-1.0,-1.0,-9.0,0.0
2025,14,0.0,2025_14_SEA_ATL,Seattle Seahawks,Jake Bobo,WR,00-0038752,1.0,0.0,0.0,0.0,0.0,0.0,0.0,0.0,0.0,0.0,0.0,0.0,0.0,72.0,32.1,37.61,180.1,137.5,2.2088121067623185,1.282166042666462,0.802456959377389,1.0,1.0,jake bobo,jakebobo,jbobo,Seattle Seahawks,00-0038752,,,,,,,,,,,,,,,,,,,,,,,,,
2025,14,0.0,2025_14_TEN_CLE,Cleveland Browns,Shedeur Sanders,QB,00-0040668,1.0,32.29,166.7,2.64,0.72,0.92,2.8,0.04,0.0,0.0,0.0,0.0,0.037,72.0,34.05,35.43,191.0,129.5,2.866386279742096,1.5180438858792549,0.8512024929794365,1.0,1.0,shedeur sanders,shedeursanders,ssanders,Cleveland Browns,00-0040668,49.0,364.0,3.0,1.0,1.0,0.0,0.0,0.0,0.0,0.0,0.0,S.Sanders,CLE,team_norm & _alias_init_last,-16.71,-197.3,-0.3599999999999999,-0.28,-0.07999999999999996,2.8,0.04,0.0,0.0,0.0,0.0
2025,14,0.0,2025_14_TEN_CLE,Cleveland Browns,Quinshon Judkins,RB,00-0040784,1.0,0.0,0.0,0.0,0.0,22.18,71.6,1.11,3.9,2.36,15.0,0.32,0.7599,72.0,34.05,35.43,191.0,129.5,2.866386279742096,1.5180438858792549,0.8512024929794365,1.0,1.0,quinshon judkins,quinshonjudkins,qjudkins,Cleveland Browns,00-0040784,1.0,0.0,0.0,0.0,15.0,26.0,0.0,3.0,1.0,58.0,0.0,Q.Judkins,CLE,team_norm & _alias_init_last,-1.0,0.0,0.0,0.0,7.18,45.599999999999994,1.11,0.8999999999999999,1.3599999999999999,-43.0,0.32
2025,14,0.0,2025_14_TEN_CLE,Cleveland Browns,Dylan Sampson,RB,00-0040162,1.0,0.0,0.0,0.0,0.0,12.32,42.8,0.39,2.43,1.59,8.5,0.21,0.4479,72.0,34.05,35.43,191.0,129.5,2.866386279742096,1.5180438858792549,0.8512024929794365,1.0,1.0,dylan sampson,dylansampson,dsampson,Cleveland Browns,00-0040162,0.0,0.0,0.0,0.0,2.0,4.0,0.0,6.0,5.0,64.0,0.0,D.Sampson,CLE,team_norm & _alias_init_last,0.0,0.0,0.0,0.0,10.32,38.8,0.39,-3.57,-3.41,-55.5,0.21
2025,14,0.0,2025_14_TEN_CLE,Cleveland Browns,Jerome Ford,RB,00-0037267,1.0,0.0,0.0,0.0,0.0,0.0,0.0,0.0,0.0,0.0,0.0,0.0,0.0,72.0,34.05,35.43,191.0,129.5,2.866386279742096,1.5180438858792549,0.8512024929794365,1.0,1.0,jerome ford,jeromeford,jford,Cleveland Browns,00-0037267,0.0,0.0,0.0,0.0,0.0,0.0,0.0,3.0,2.0,10.0,0.0,J.Ford,CLE,team_norm & _alias_init_last,0.0,0.0,0.0,0.0,0.0,0.0,0.0,-3.0,-2.0,-10.0,0.0
2025,14,0.0,2025_14_TEN_CLE,Cleveland Browns,Harold Fannin Jr.,TE,00-0040663,1.0,0.0,0.0,0.0,0.0,0.0,0.0,0.0,6.58,4.05,29.5,0.49,0.3904,72.0,34.05,35.43,191.0,129.5,2.866386279742096,1.5180438858792549,0.8512024929794365,1.0,1.0,harold fannin jr.,haroldfanninjr,hfannin,Cleveland Browns,00-0040663,0.0,0.0,0.0,0.0,0.0,0.0,0.0,12.0,8.0,114.0,1.0,H.Fannin,CLE,team_norm & _alias_init_last,0.0,0.0,0.0,0.0,0.0,0.0,0.0,-5.42,-3.95,-84.5,-0.51
2025,14,0.0,2025_14_TEN_CLE,Cleveland Browns,David Njoku,TE,00-0033885,1.0,0.0,0.0,0.0,0.0,0.0,0.0,0.0,3.4,2.12,13.0,0.27,0.2353,72.0,34.05,35.43,191.0,129.5,2.866386279742096,1.5180438858792549,0.8512024929794365,1.0,1.0,david njoku,davidnjoku,dnjoku,Cleveland Browns,00-0033885,0.0,0.0,0.0,0.0,0.0,0.0,0.0,1.0,1.0,1.0,1.0,D.Njoku,CLE,team_norm & _alias_init_last,0.0,0.0,0.0,0.0,0.0,0.0,0.0,2.4,1.12,12.0,-0.73
2025,14,0.0,2025_14_TEN_CLE,Cleveland Browns,Blake Whiteheart,TE,00-0038710,1.0,0.0,0.0,0.0,0.0,0.0,0.0,0.0,0.0,0.0,0.0,0.0,0.0,72.0,34.05,35.43,191.0,129.5,2.866386279742096,1.5180438858792549,0.8512024929794365,1.0,1.0,blake whiteheart,blakewhiteheart,bwhiteheart,Cleveland Browns,00-0038710,0.0,0.0,0.0,0.0,0.0,0.0,0.0,1.0,0.0,0.0,0.0,B.Whiteheart,CLE,team_norm & _alias_init_last,0.0,0.0,0.0,0.0,0.0,0.0,0.0,-1.0,0.0,0.0,0.0
2025,14,0.0,2025_14_TEN_CLE,Cleveland Browns,Brenden Bates,TE,00-0039458,1.0,0.0,0.0,0.0,0.0,0.0,0.0,0.0,0.0,0.0,0.0,0.0,0.0,72.0,34.05,35.43,191.0,129.5,2.866386279742096,1.5180438858792549,0.8512024929794365,0.0,0.0,brenden bates,brendenbates,bbates,Cleveland Browns,00-0039458,,,,,,,,,,,,,,,,,,,,,,,,,
2025,14,0.0,2025_14_TEN_CLE,Cleveland Browns,Jerry Jeudy,WR,00-0036407,1.0,0.0,0.0,0.0,0.0,0.0,0.0,0.0,7.86,4.33,36.2,0.61,0.4567,72.0,34.05,35.43,191.0,129.5,2.866386279742096,1.5180438858792549,0.8512024929794365,1.0,1.0,jerry jeudy,jerryjeudy,jjeudy,Cleveland Browns,00-0036407,0.0,0.0,0.0,0.0,0.0,0.0,0.0,5.0,3.0,76.0,1.0,J.Jeudy,CLE,team_norm & _alias_init_last,0.0,0.0,0.0,0.0,0.0,0.0,0.0,2.8600000000000003,1.33,-39.8,-0.39
2025,14,0.0,2025_14_TEN_CLE,Cleveland Browns,Cedric Tillman,WR,00-0038979,1.0,0.0,0.0,0.0,0.0,0.0,0.0,0.0,5.92,2.85,27.6,0.48,0.3789,72.0,34.05,35.43,191.0,129.5,2.866386279742096,1.5180438858792549,0.8512024929794365,1.0,1.0,cedric tillman,cedrictillman,ctillman,Cleveland Browns,00-0038979,0.0,0.0,0.0,0.0,0.0,0.0,0.0,4.0,1.0,23.0,0.0,C.Tillman,CLE,team_norm & _alias_init_last,0.0,0.0,0.0,0.0,0.0,0.0,0.0,1.92,1.85,4.600000000000001,0.48
2025,14,0.0,2025_14_TEN_CLE,Cleveland Browns,Isaiah Bond,WR,00-0040782,1.0,0.0,0.0,0.0,0.0,0.0,0.0,0.0,3.95,1.79,21.7,0.31,0.2694,72.0,34.05,35.43,191.0,129.5,2.866386279742096,1.5180438858792549,0.8512024929794365,1.0,1.0,isaiah bond,isaiahbond,ibond,Cleveland Browns,00-0040782,0.0,0.0,0.0,0.0,0.0,0.0,0.0,2.0,0.0,0.0,0.0,I.Bond,CLE,team_norm & _alias_init_last,0.0,0.0,0.0,0.0,0.0,0.0,0.0,1.9500000000000002,1.79,21.7,0.31
2025,14,0.0,2025_14_TEN_CLE,Cleveland Browns,Cade McDonald,WR,00-0040615,1.0,0.0,0.0,0.0,0.0,0.0,0.0,0.0,0.0,0.0,0.0,0.0,0.0,72.0,34.05,35.43,191.0,129.5,2.866386279742096,1.5180438858792549,0.8512024929794365,0.0,0.0,cade mcdonald,cademcdonald,cmcdonald,Cleveland Browns,00-0040615,,,,,,,,,,,,,,,,,,,,,,,,,
2025,14,0.0,2025_14_TEN_CLE,Cleveland Browns,Chase Cota,WR,00-0038651,1.0,0.0,0.0,0.0,0.0,0.0,0.0,0.0,0.0,0.0,0.0,0.0,0.0,72.0,34.05,35.43,191.0,129.5,2.866386279742096,1.5180438858792549,0.8512024929794365,0.0,0.0,chase cota,chasecota,ccota,Cleveland Browns,00-0038651,,,,,,,,,,,,,,,,,,,,,,,,,
2025,14,0.0,2025_14_TEN_CLE,Cleveland Browns,David Bell,WR,00-0037257,1.0,0.0,0.0,0.0,0.0,0.0,0.0,0.0,0.0,0.0,0.0,0.0,0.0,72.0,34.05,35.43,191.0,129.5,2.866386279742096,1.5180438858792549,0.8512024929794365,1.0,1.0,david bell,davidbell,dbell,Cleveland Browns,00-0037257,,,,,,,,,,,,,,,,,,,,,,,,,
2025,14,0.0,2025_14_TEN_CLE,Cleveland Browns,Gage Larvadain,WR,00-0040259,1.0,0.0,0.0,0.0,0.0,0.0,0.0,0.0,0.0,0.0,0.0,0.0,0.0,72.0,34.05,35.43,191.0,129.5,2.866386279742096,1.5180438858792549,0.8512024929794365,1.0,1.0,gage larvadain,gagelarvadain,glarvadain,Cleveland Browns,,0.0,0.0,0.0,0.0,0.0,0.0,0.0,4.0,2.0,18.0,0.0,G.Larvadain,CLE,team_norm & _alias_init_last,0.0,0.0,0.0,0.0,0.0,0.0,0.0,-4.0,-2.0,-18.0,0.0
2025,14,0.0,2025_14_TEN_CLE,Cleveland Browns,Malachi Corley,WR,00-0039920,1.0,0.0,0.0,0.0,0.0,0.0,0.0,0.0,0.0,0.0,0.0,0.0,0.0,72.0,34.05,35.43,191.0,129.5,2.866386279742096,1.5180438858792549,0.8512024929794365,1.0,1.0,malachi corley,malachicorley,mcorley,Cleveland Browns,00-0039920,0.0,0.0,0.0,0.0,1.0,2.0,0.0,0.0,0.0,0.0,0.0,M.Corley,CLE,team_norm & _alias_init_last,0.0,0.0,0.0,0.0,-1.0,-2.0,0.0,0.0,0.0,0.0,0.0
2025,14,0.0,2025_14_TEN_CLE,Tennessee Titans,Cam Ward,QB,00-0040676,1.0,39.02,201.5,1.93,0.87,0.75,2.3,0.01,0.0,0.0,0.0,0.0,0.0123,64.48,41.15,19.34,230.8,70.7,2.064978192019402,0.3201553740903571,1.0286725207891878,1.0,1.0,cam ward,camward,cward,Tennessee Titans,00-0040676,30.0,117.0,2.0,1.0,2.0,4.0,0.0,0.0,0.0,0.0,0.0,C.Ward,TEN,team_norm & _alias_init_last,9.020000000000003,84.5,-0.07000000000000006,-0.13,-1.25,-1.7000000000000002,0.01,0.0,0.0,0.0,0.0
2025,14,0.0,2025_14_TEN_CLE,Tennessee Titans,Tony Pollard,RB,00-0035261,1.0,0.0,0.0,0.0,0.0,11.95,38.5,0.23,4.81,2.9,15.6,0.24,0.3781,64.48,41.15,19.34,230.8,70.7,2.064978192019402,0.3201553740903571,1.0286725207891878,1.0,1.0,tony pollard,tonypollard,tpollard,Tennessee Titans,00-0035261,0.0,0.0,0.0,0.0,25.0,161.0,2.0,0.0,0.0,0.0,0.0,T.Pollard,TEN,team_norm & _alias_init_last,0.0,0.0,0.0,0.0,-13.05,-122.5,-1.77,4.81,2.9,15.6,0.24
2025,14,0.0,2025_14_TEN_CLE,Tennessee Titans,Tyjae Spears,RB,00-0039032,1.0,0.0,0.0,0.0,0.0,6.64,21.5,0.08,2.99,1.96,9.5,0.15,0.2053,64.48,41.15,19.34,230.8,70.7,2.064978192019402,0.3201553740903571,1.0286725207891878,1.0,1.0,tyjae spears,tyjaespears,tspears,Tennessee Titans,00-0039032,0.0,0.0,0.0,0.0,9.0,19.0,0.0,4.0,2.0,28.0,0.0,T.Spears,TEN,team_norm & _alias_init_last,0.0,0.0,0.0,0.0,-2.3600000000000003,2.5,0.08,-1.0099999999999998,-0.040000000000000036,-18.5,0.15
2025,14,0.0,2025_14_TEN_CLE,Tennessee Titans,Julius Chestnut,RB,00-0037594,1.0,0.0,0.0,0.0,0.0,0.0,0.0,0.0,0.0,0.0,0.0,0.0,0.0,64.48,41.15,19.34,230.8,70.7,2.064978192019402,0.3201553740903571,1.0286725207891878,1.0,1.0,julius chestnut,juliuschestnut,jchestnut,Tennessee Titans,00-0037594,,,,,,,,,,,,,,,,,,,,,,,,,
2025,14,0.0,2025_14_TEN_CLE,Tennessee Titans,Kalel Mullings,RB,00-0040205,1.0,0.0,0.0,0.0,0.0,0.0,0.0,0.0,0.0,0.0,0.0,0.0,0.0,64.48,41.15,19.34,230.8,70.7,2.064978192019402,0.3201553740903571,1.0286725207891878,1.0,1.0,kalel mullings,kalelmullings,kmullings,Tennessee Titans,00-0040205,,,,,,,,,,,,,,,,,,,,,,,,,
2025,14,0.0,2025_14_TEN_CLE,Tennessee Titans,Gunnar Helm,TE,00-0040584,1.0,0.0,0.0,0.0,0.0,0.0,0.0,0.0,8.17,6.18,42.5,0.39,0.3236,64.48,41.15,19.34,230.8,70.7,2.064978192019402,0.3201553740903571,1.0286725207891878,1.0,1.0,gunnar helm,gunnarhelm,ghelm,Tennessee Titans,00-0040584,0.0,0.0,0.0,0.0,0.0,0.0,0.0,2.0,1.0,8.0,0.0,G.Helm,TEN,team_norm & _alias_init_last,0.0,0.0,0.0,0.0,0.0,0.0,0.0,6.17,5.18,34.5,0.39
2025,14,0.0,2025_14_TEN_CLE,Tennessee Titans,Chig Okonkwo,TE,00-0037809,1.0,0.0,0.0,0.0,0.0,0.0,0.0,0.0,4.23,2.88,17.1,0.18,0.1673,64.48,41.15,19.34,230.8,70.7,2.064978192019402,0.3201553740903571,1.0286725207891878,1.0,1.0,chig okonkwo,chigokonkwo,cokonkwo,Tennessee Titans,00-0037809,0.0,0.0,0.0,0.0,0.0,0.0,0.0,2.0,2.0,20.0,0.0,C.Okonkwo,TEN,team_norm & _alias_init_last,0.0,0.0,0.0,0.0,0.0,0.0,0.0,2.2300000000000004,0.8799999999999999,-2.8999999999999986,0.18
2025,14,0.0,2025_14_TEN_CLE,Tennessee Titans,Cole Turner,TE,00-0037078,1.0,0.0,0.0,0.0,0.0,0.0,0.0,0.0,0.0,0.0,0.0,0.0,0.0,64.48,41.15,19.34,230.8,70.7,2.064978192019402,0.3201553740903571,1.0286725207891878,0.0,0.0,cole turner,coleturner,cturner,Tennessee Titans,00-0037078,,,,,,,,,,,,,,,,,,,,,,,,,
2025,14,0.0,2025_14_TEN_CLE,Tennessee Titans,David Martin-Robinson,TE,00-0039648,1.0,0.0,0.0,0.0,0.0,0.0,0.0,0.0,0.0,0.0,0.0,0.0,0.0,64.48,41.15,19.34,230.8,70.7,2.064978192019402,0.3201553740903571,1.0286725207891878,1.0,1.0,david martin-robinson,davidmartinrobinson,dmartinrobinson,Tennessee Titans,00-0039648,0.0,0.0,0.0,0.0,0.0,0.0,0.0,1.0,1.0,6.0,0.0,D.Martin-Robinson,TEN,team_norm & _alias_init_last,0.0,0.0,0.0,0.0,0.0,0.0,0.0,-1.0,-1.0,-6.0,0.0
2025,14,0.0,2025_14_TEN_CLE,Tennessee Titans,Elic Ayomanor,WR,00-0040170,1.0,0.0,0.0,0.0,0.0,0.0,0.0,0.0,9.29,4.15,45.1,0.43,0.3525,64.48,41.15,19.34,230.8,70.7,2.064978192019402,0.3201553740903571,1.0286725207891878,1.0,1.0,elic ayomanor,elicayomanor,eayomanor,Tennessee Titans,00-0040170,0.0,0.0,0.0,0.0,0.0,0.0,0.0,3.0,1.0,14.0,1.0,E.Ayomanor,TEN,team_norm & _alias_init_last,0.0,0.0,0.0,0.0,0.0,0.0,0.0,6.289999999999999,3.1500000000000004,31.1,-0.5700000000000001
2025,14,0.0,2025_14_TEN_CLE,Tennessee Titans,Chimere Dike,WR,00-0040705,1.0,0.0,0.0,0.0,0.0,0.0,0.0,0.0,6.99,4.1,35.4,0.35,0.2918,64.48,41.15,19.34,230.8,70.7,2.064978192019402,0.3201553740903571,1.0286725207891878,1.0,1.0,chimere dike,chimeredike,cdike,Tennessee Titans,00-0040705,0.0,0.0,0.0,0.0,0.0,0.0,0.0,8.0,5.0,24.0,1.0,C.Dike,TEN,team_norm & _alias_init_last,0.0,0.0,0.0,0.0,0.0,0.0,0.0,-1.0099999999999998,-0.9000000000000004,11.399999999999999,-0.65
2025,14,0.0,2025_14_TEN_CLE,Tennessee Titans,Van Jefferson,WR,00-0036415,1.0,0.0,0.0,0.0,0.0,0.0,0.0,0.0,4.66,2.28,19.2,0.21,0.1918,64.48,41.15,19.34,230.8,70.7,2.064978192019402,0.3201553740903571,1.0286725207891878,1.0,1.0,van jefferson,vanjefferson,vjefferson,Tennessee Titans,00-0036415,0.0,0.0,0.0,0.0,0.0,0.0,0.0,4.0,2.0,17.0,0.0,V.Jefferson,TEN,team_norm & _alias_init_last,0.0,0.0,0.0,0.0,0.0,0.0,0.0,0.6600000000000001,0.2799999999999998,2.1999999999999993,0.21
2025,14,0.0,2025_14_TEN_CLE,Tennessee Titans,James Proche,WR,00-0036133,1.0,0.0,0.0,0.0,0.0,0.0,0.0,0.0,0.0,0.0,0.0,0.0,0.0,64.48,41.15,19.34,230.8,70.7,2.064978192019402,0.3201553740903571,1.0286725207891878,1.0,1.0,james proche,jamesproche,jproche,Tennessee Titans,00-0036133,0.0,0.0,0.0,0.0,0.0,0.0,0.0,2.0,0.0,0.0,0.0,J.Proche,TEN,team_norm & _alias_init_last,0.0,0.0,0.0,0.0,0.0,0.0,0.0,-2.0,0.0,0.0,0.0
2025,14,0.0,2025_14_TEN_CLE,Tennessee Titans,Mason Kinsey,WR,00-0036176,1.0,0.0,0.0,0.0,0.0,0.0,0.0,0.0,0.0,0.0,0.0,0.0,0.0,64.48,41.15,19.34,230.8,70.7,2.064978192019402,0.3201553740903571,1.0286725207891878,1.0,1.0,mason kinsey,masonkinsey,mkinsey,Tennessee Titans,00-0036176,,,,,,,,,,,,,,,,,,,,,,,,,
2025,14,0.0,2025_14_WAS_MIN,Minnesota Vikings,J.J. McCarthy,QB,00-0039923,1.0,40.03,206.7,2.14,0.9,0.89,2.7,0.02,0.0,0.0,0.0,0.0,0.0227,66.43,42.21,20.84,236.8,76.2,2.265777361378107,0.5667306738018616,1.0552292574191475,1.0,1.0,j.j. mccarthy,jjmccarthy,jmccarthy,Minnesota Vikings,00-0039923,31.0,163.0,3.0,0.0,0.0,0.0,0.0,0.0,0.0,0.0,0.0,J.McCarthy,MIN,team_norm & _alias_init_last,9.030000000000001,43.69999999999999,-0.8599999999999999,0.9,0.89,2.7,0.02,0.0,0.0,0.0,0.0
2025,14,0.0,2025_14_WAS_MIN,Minnesota Vikings,Aaron Jones Sr.,RB,,1.0,0.0,0.0,0.0,0.0,12.83,51.6,0.4,4.78,2.97,25.4,0.26,0.4818,66.43,42.21,20.84,236.8,76.2,2.265777361378107,0.5667306738018616,1.0552292574191475,0.0,0.0,aaron jones sr.,aaronjonessr,ajones,Minnesota Vikings,00-0033293,0.0,0.0,0.0,0.0,14.0,76.0,0.0,2.0,0.0,0.0,0.0,A.Jones,MIN,team_norm & _alias_init_last,0.0,0.0,0.0,0.0,-1.17,-24.4,0.4,2.7800000000000002,2.97,25.4,0.26
2025,14,0.0,2025_14_WAS_MIN,Minnesota Vikings,Jordan Mason,RB,00-0037525,1.0,0.0,0.0,0.0,0.0,7.13,22.2,0.15,2.97,1.97,12.0,0.16,0.2664,66.43,42.21,20.84,236.8,76.2,2.265777361378107,0.5667306738018616,1.0552292574191475,1.0,1.0,jordan mason,jordanmason,jmason,Minnesota Vikings,00-0037525,0.0,0.0,0.0,0.0,12.0,52.0,1.0,0.0,0.0,0.0,0.0,J.Mason,MIN,team_norm & _alias_init_last,0.0,0.0,0.0,0.0,-4.87,-29.8,-0.85,2.97,1.97,12.0,0.16
2025,14,0.0,2025_14_WAS_MIN,Minnesota Vikings,Zavier Scott,RB,00-0038440,1.0,0.0,0.0,0.0,0.0,0.0,0.0,0.0,0.0,0.0,0.0,0.0,0.0,66.43,42.21,20.84,236.8,76.2,2.265777361378107,0.5667306738018616,1.0552292574191475,1.0,1.0,zavier scott,zavierscott,zscott,Minnesota Vikings,00-0038440,0.0,0.0,0.0,0.0,3.0,15.0,0.0,1.0,1.0,5.0,0.0,Z.Scott,MIN,team_norm & _alias_init_last,0.0,0.0,0.0,0.0,-3.0,-15.0,0.0,-1.0,-1.0,-5.0,0.0
2025,14,0.0,2025_14_WAS_MIN,Minnesota Vikings,T.J. Hockenson,TE,00-0035229,1.0,0.0,0.0,0.0,0.0,0.0,0.0,0.0,8.35,5.64,36.1,0.4,0.332,66.43,42.21,20.84,236.8,76.2,2.265777361378107,0.5667306738018616,1.0552292574191475,1.0,1.0,t.j. hockenson,tjhockenson,thockenson,Minnesota Vikings,00-0035229,0.0,0.0,0.0,0.0,0.0,0.0,0.0,3.0,2.0,12.0,1.0,T.Hockenson,MIN,team_norm & _alias_init_last,0.0,0.0,0.0,0.0,0.0,0.0,0.0,5.35,3.6399999999999997,24.1,-0.6
2025,14,0.0,2025_14_WAS_MIN,Minnesota Vikings,Josh Oliver,TE,00-0035249,1.0,0.0,0.0,0.0,0.0,0.0,0.0,0.0,4.19,2.89,19.1,0.22,0.1997,66.43,42.21,20.84,236.8,76.2,2.265777361378107,0.5667306738018616,1.0552292574191475,1.0,1.0,josh oliver,josholiver,joliver,Minnesota Vikings,00-0035249,0.0,0.0,0.0,0.0,0.0,0.0,0.0,2.0,2.0,24.0,2.0,J.Oliver,MIN,team_norm & _alias_init_last,0.0,0.0,0.0,0.0,0.0,0.0,0.0,2.1900000000000004,0.8900000000000001,-4.899999999999999,-1.78
2025,14,0.0,2025_14_WAS_MIN,Minnesota Vikings,Ben Sims,TE,00-0038809,1.0,0.0,0.0,0.0,0.0,0.0,0.0,0.0,0.0,0.0,0.0,0.0,0.0,66.43,42.21,20.84,236.8,76.2,2.265777361378107,0.5667306738018616,1.0552292574191475,1.0,1.0,ben sims,bensims,bsims,Minnesota Vikings,00-0038809,0.0,0.0,0.0,0.0,0.0,0.0,0.0,1.0,1.0,9.0,0.0,B.Sims,MIN,team_norm & _alias_init_last,0.0,0.0,0.0,0.0,0.0,0.0,0.0,-1.0,-1.0,-9.0,0.0
2025,14,0.0,2025_14_WAS_MIN,Minnesota Vikings,Ben Yurosek,TE,00-0040509,1.0,0.0,0.0,0.0,0.0,0.0,0.0,0.0,0.0,0.0,0.0,0.0,0.0,66.43,42.21,20.84,236.8,76.2,2.265777361378107,0.5667306738018616,1.0552292574191475,0.0,0.0,ben yurosek,benyurosek,byurosek,Minnesota Vikings,00-0040509,,,,,,,,,,,,,,,,,,,,,,,,,
2025,14,0.0,2025_14_WAS_MIN,Minnesota Vikings,Justin Jefferson,WR,00-0036322,1.0,0.0,0.0,0.0,0.0,0.0,0.0,0.0,9.82,5.8,43.7,0.5,0.3961,66.43,42.21,20.84,236.8,76.2,2.265777361378107,0.5667306738018616,1.0552292574191475,1.0,1.0,justin jefferson,justinjefferson,jjefferson,Minnesota Vikings,00-0036322,0.0,0.0,0.0,0.0,0.0,0.0,0.0,5.0,2.0,11.0,0.0,J.Jefferson,MIN,team_norm & _alias_init_last,0.0,0.0,0.0,0.0,0.0,0.0,0.0,4.82,3.8,32.7,0.5
2025,14,0.0,2025_14_WAS_MIN,Minnesota Vikings,Jordan Addison,WR,00-0038994,1.0,0.0,0.0,0.0,0.0,0.0,0.0,0.0,7.26,3.91,31.9,0.38,0.3147,66.43,42.21,20.84,236.8,76.2,2.265777361378107,0.5667306738018616,1.0552292574191475,1.0,1.0,jordan addison,jordanaddison,jaddison,Minnesota Vikings,00-0038994,0.0,0.0,0.0,0.0,0.0,0.0,0.0,7.0,4.0,62.0,0.0,J.Addison,MIN,team_norm & _alias_init_last,0.0,0.0,0.0,0.0,0.0,0.0,0.0,0.2599999999999998,-0.08999999999999986,-30.1,0.38
2025,14,0.0,2025_14_WAS_MIN,Minnesota Vikings,Jalen Nailor,WR,00-0037291,1.0,0.0,0.0,0.0,0.0,0.0,0.0,0.0,4.84,2.68,22.7,0.26,0.2263,66.43,42.21,20.84,236.8,76.2,2.265777361378107,0.5667306738018616,1.0552292574191475,1.0,1.0,jalen nailor,jalennailor,jnailor,Minnesota Vikings,00-0037291,0.0,0.0,0.0,0.0,0.0,0.0,0.0,3.0,3.0,30.0,0.0,J.Nailor,MIN,team_norm & _alias_init_last,0.0,0.0,0.0,0.0,0.0,0.0,0.0,1.8399999999999999,-0.31999999999999984,-7.300000000000001,0.26
2025,14,0.0,2025_14_WAS_MIN,Minnesota Vikings,Myles Price,WR,00-0040506,1.0,0.0,0.0,0.0,0.0,0.0,0.0,0.0,0.0,0.0,0.0,0.0,0.0,66.43,42.21,20.84,236.8,76.2,2.265777361378107,0.5667306738018616,1.0552292574191475,1.0,1.0,myles price,mylesprice,mprice,Minnesota Vikings,00-0040506,,,,,,,,,,,,,,,,,,,,,,,,,
2025,14,0.0,2025_14_WAS_MIN,Minnesota Vikings,Tai Felton,WR,00-0040154,1.0,0.0,0.0,0.0,0.0,0.0,0.0,0.0,0.0,0.0,0.0,0.0,0.0,66.43,42.21,20.84,236.8,76.2,2.265777361378107,0.5667306738018616,1.0552292574191475,1.0,1.0,tai felton,taifelton,tfelton,Minnesota Vikings,00-0040154,0.0,0.0,0.0,0.0,0.0,0.0,0.0,1.0,1.0,10.0,0.0,T.Felton,MIN,team_norm & _alias_init_last,0.0,0.0,0.0,0.0,0.0,0.0,0.0,-1.0,-1.0,-10.0,0.0
2025,14,0.0,2025_14_WAS_MIN,Washington Commanders,Jayden Daniels,QB,00-0039910,1.0,38.15,258.2,1.99,0.94,8.09,29.3,0.2,0.0,0.0,0.0,0.0,0.1814,72.0,44.39,24.27,336.9,120.0,2.577114040821665,0.6307894274337893,1.1097251286855758,1.0,1.0,jayden daniels,jaydendaniels,jdaniels,Washington Commanders,00-0039910,27.0,78.0,0.0,1.0,0.0,0.0,0.0,0.0,0.0,0.0,0.0,J.Daniels,WAS,team_norm & _alias_init_last,11.149999999999999,180.2,1.99,-0.06000000000000005,8.09,29.3,0.2,0.0,0.0,0.0,0.0
2025,14,0.0,2025_14_WAS_MIN,Washington Commanders,Chris Rodriguez Jr.,RB,00-0038611,1.0,0.0,0.0,0.0,0.0,10.4,46.0,0.38,5.25,3.36,31.4,0.31,0.4978,72.0,44.39,24.27,336.9,120.0,2.577114040821665,0.6307894274337893,1.1097251286855758,1.0,1.0,chris rodriguez jr.,chrisrodriguezjr,crodriguez,Washington Commanders,00-0038611,0.0,0.0,0.0,0.0,10.0,52.0,0.0,0.0,0.0,0.0,0.0,C.Rodriguez,WAS,team_norm & _alias_init_last,0.0,0.0,0.0,0.0,0.40000000000000036,-6.0,0.38,5.25,3.36,31.4,0.31
2025,14,0.0,2025_14_WAS_MIN,Washington Commanders,Jeremy McNichols,RB,00-0033955,1.0,0.0,0.0,0.0,0.0,5.78,26.0,0.13,3.27,2.02,15.2,0.19,0.2726,72.0,44.39,24.27,336.9,120.0,2.577114040821665,0.6307894274337893,1.1097251286855758,1.0,1.0,jeremy mcnichols,jeremymcnichols,jmcnichols,Washington Commanders,00-0033955,0.0,0.0,0.0,0.0,1.0,0.0,0.0,1.0,1.0,2.0,0.0,J.McNichols,WAS,team_norm & _alias_init_last,0.0,0.0,0.0,0.0,4.78,26.0,0.13,2.27,1.02,13.2,0.19
2025,14,0.0,2025_14_WAS_MIN,Washington Commanders,Jacory Croskey-Merritt,RB,00-0040242,1.0,0.0,0.0,0.0,0.0,0.0,0.0,0.0,0.0,0.0,0.0,0.0,0.0,72.0,44.39,24.27,336.9,120.0,2.577114040821665,0.6307894274337893,1.1097251286855758,1.0,1.0,jacory croskey-merritt,jacorycroskeymerritt,jcroskeymerritt,Washington Commanders,00-0040242,0.0,0.0,0.0,0.0,7.0,32.0,0.0,0.0,0.0,0.0,0.0,J.Croskey-Merritt,WAS,team_norm & _alias_init_last,0.0,0.0,0.0,0.0,-7.0,-32.0,0.0,0.0,0.0,0.0,0.0
2025,14,0.0,2025_14_WAS_MIN,Washington Commanders,John Bates,TE,00-0036628,1.0,0.0,0.0,0.0,0.0,0.0,0.0,0.0,8.79,5.6,57.0,0.47,0.3749,72.0,44.39,24.27,336.9,120.0,2.577114040821665,0.6307894274337893,1.1097251286855758,1.0,1.0,john bates,johnbates,jbates,Washington Commanders,00-0036628,,,,,,,,,,,,,,,,,,,,,,,,,
2025,14,0.0,2025_14_WAS_MIN,Washington Commanders,Ben Sinnott,TE,00-0039912,1.0,0.0,0.0,0.0,0.0,0.0,0.0,0.0,4.55,3.34,34.2,0.25,0.2238,72.0,44.39,24.27,336.9,120.0,2.577114040821665,0.6307894274337893,1.1097251286855758,1.0,1.0,ben sinnott,bensinnott,bsinnott,Washington Commanders,00-0039912,0.0,0.0,0.0,0.0,0.0,0.0,0.0,1.0,1.0,8.0,0.0,B.Sinnott,WAS,team_norm & _alias_init_last,0.0,0.0,0.0,0.0,0.0,0.0,0.0,3.55,2.34,26.200000000000003,0.25
2025,14,0.0,2025_14_WAS_MIN,Washington Commanders,Colson Yankoff,TE,00-0039686,1.0,0.0,0.0,0.0,0.0,0.0,0.0,0.0,0.0,0.0,0.0,0.0,0.0,72.0,44.39,24.27,336.9,120.0,2.577114040821665,0.6307894274337893,1.1097251286855758,1.0,1.0,colson yankoff,colsonyankoff,cyankoff,Washington Commanders,00-0039686,0.0,0.0,0.0,0.0,0.0,0.0,0.0,1.0,0.0,0.0,0.0,C.Yankoff,WAS,team_norm & _alias_init_last,0.0,0.0,0.0,0.0,0.0,0.0,0.0,-1.0,0.0,0.0,0.0
2025,14,0.0,2025_14_WAS_MIN,Washington Commanders,Gee Scott Jr.,TE,00-0040571,1.0,0.0,0.0,0.0,0.0,0.0,0.0,0.0,0.0,0.0,0.0,0.0,0.0,72.0,44.39,24.27,336.9,120.0,2.577114040821665,0.6307894274337893,1.1097251286855758,0.0,0.0,gee scott jr.,geescottjr,gscott,Washington Commanders,00-0040571,,,,,,,,,,,,,,,,,,,,,,,,,
2025,14,0.0,2025_14_WAS_MIN,Washington Commanders,Terry McLaurin,WR,00-0035659,1.0,0.0,0.0,0.0,0.0,0.0,0.0,0.0,9.74,5.59,58.0,0.53,0.4089,72.0,44.39,24.27,336.9,120.0,2.577114040821665,0.6307894274337893,1.1097251286855758,1.0,1.0,terry mclaurin,terrymclaurin,tmclaurin,Washington Commanders,00-0035659,0.0,0.0,0.0,0.0,0.0,0.0,0.0,6.0,3.0,41.0,0.0,T.McLaurin,WAS,team_norm & _alias_init_last,0.0,0.0,0.0,0.0,0.0,0.0,0.0,3.74,2.59,17.0,0.53
2025,14,0.0,2025_14_WAS_MIN,Washington Commanders,Deebo Samuel,WR,,1.0,0.0,0.0,0.0,0.0,0.0,0.0,0.0,7.34,4.34,82.3,0.43,0.3468,72.0,44.39,24.27,336.9,120.0,2.577114040821665,0.6307894274337893,1.1097251286855758,0.0,0.0,deebo samuel,deebosamuel,dsamuel,Washington Commanders,,0.0,0.0,0.0,0.0,0.0,0.0,0.0,6.0,4.0,27.0,0.0,D.Samuel,WAS,team_norm & _alias_init_last,0.0,0.0,0.0,0.0,0.0,0.0,0.0,1.3399999999999999,0.33999999999999986,55.3,0.43
2025,14,0.0,2025_14_WAS_MIN,Washington Commanders,Noah Brown,WR,00-0033591,1.0,0.0,0.0,0.0,0.0,0.0,0.0,0.0,4.89,2.41,27.6,0.27,0.235,72.0,44.39,24.27,336.9,120.0,2.577114040821665,0.6307894274337893,1.1097251286855758,1.0,1.0,noah brown,noahbrown,nbrown,Washington Commanders,00-0033591,0.0,0.0,0.0,0.0,0.0,0.0,0.0,3.0,1.0,19.0,0.0,N.Brown,WAS,team_norm & _alias_init_last,0.0,0.0,0.0,0.0,0.0,0.0,0.0,1.8899999999999997,1.4100000000000001,8.600000000000001,0.27
2025,14,0.0,2025_14_WAS_MIN,Washington Commanders,Braylon Sanders,WR,00-0037355,1.0,0.0,0.0,0.0,0.0,0.0,0.0,0.0,0.0,0.0,0.0,0.0,0.0,72.0,44.39,24.27,336.9,120.0,2.577114040821665,0.6307894274337893,1.1097251286855758,0.0,0.0,braylon sanders,braylonsanders,bsanders,Washington Commanders,00-0037355,,,,,,,,,,,,,,,,,,,,,,,,,
2025,14,0.0,2025_14_WAS_MIN,Washington Commanders,Jaylin Lane,WR,00-0040164,1.0,0.0,0.0,0.0,0.0,0.0,0.0,0.0,0.0,0.0,0.0,0.0,0.0,72.0,44.39,24.27,336.9,120.0,2.577114040821665,0.6307894274337893,1.1097251286855758,1.0,1.0,jaylin lane,jaylinlane,jlane,Washington Commanders,00-0040164,,,,,,,,,,,,,,,,,,,,,,,,,
2025,14,0.0,2025_14_WAS_MIN,Washington Commanders,Treylon Burks,WR,00-0037742,1.0,0.0,0.0,0.0,0.0,0.0,0.0,0.0,0.0,0.0,0.0,0.0,0.0,72.0,44.39,24.27,336.9,120.0,2.577114040821665,0.6307894274337893,1.1097251286855758,1.0,1.0,treylon burks,treylonburks,tburks,Washington Commanders,00-0037742,0.0,0.0,0.0,0.0,0.0,0.0,0.0,1.0,0.0,0.0,0.0,T.Burks,WAS,team_norm & _alias_init_last,0.0,0.0,0.0,0.0,0.0,0.0,0.0,-1.0,0.0,0.0,0.0
