{"ats_sigma": 22.80286042599718, "total_sigma": 13.310200511675873, "weeks": 6}