{
  "scale": 1.6285391776401041,
  "shift": -34.91302836221423,
  "market_blend": 0.15000000000000002,
  "metrics": {
    "mse": 312.5674069264853,
    "mae": 13.102860296019742,
    "n": 54
  },
  "weeks_used": [
    [
      2025,
      16
    ],
    [
      2025,
      17
    ],
    [
      2025,
      18
    ],
    [
      2025,
      19
    ]
  ]
}