{
  "scale": 0.886940148080914,
  "shift": 5.43669712179801,
  "market_blend": 0.8,
  "metrics": {
    "mse": 188.53200921218345,
    "mae": 10.639423844017816,
    "n": 84
  },
  "weeks_used": [
    [
      2025,
      14
    ],
    [
      2025,
      15
    ],
    [
      2025,
      16
    ],
    [
      2025,
      17
    ],
    [
      2025,
      18
    ],
    [
      2025,
      19
    ]
  ]
}