{
  "games": {
    "season": 2025.0,
    "start_week": 1.0,
    "end_week": 10.0,
    "n_games": 149.0,
    "mae_margin": 10.699713992688103,
    "mae_total": 10.843175972466202,
    "acc_home_win": 0.6308724832214765
  }
}