season,start_week,end_week,n_games,mae_margin,mae_total,acc_home_win
2025,1,10,149,10.699713992688103,10.843175972466202,0.6308724832214765
