season,week,game_id,home_team,away_team,home_q1,home_q2,home_q3,home_q4,away_q1,away_q2,away_q3,away_q4,home_points_mean,away_points_mean
2025,20,2025_20_CHICAGO BEARS_LOS ANGELES RAMS,Chicago Bears,Los Angeles Rams,6.5296666666666665,8.388666666666667,6.593333333333334,7.039,5.012333333333333,6.952,5.616,6.852666666666667,28.550666666666668,24.433
2025,20,2025_20_DENVER BRONCOS_BUFFALO BILLS,Denver Broncos,Buffalo Bills,5.011666666666667,6.304,4.9863333333333335,5.429333333333333,3.0046666666666666,4.089333333333333,3.5566666666666666,4.250666666666667,21.731333333333332,14.901333333333334
2025,20,2025_20_NEW ENGLAND PATRIOTS_HOUSTON TEXANS,New England Patriots,Houston Texans,5.558,6.984,5.368,5.6786666666666665,3.648,4.899666666666667,4.044666666666667,5.127,23.588666666666665,17.719333333333335
2025,20,2025_20_SEATTLE SEAHAWKS_SAN FRANCISCO 49ERS,Seattle Seahawks,San Francisco 49ers,6.191666666666666,7.7603333333333335,6.099333333333333,6.149333333333334,2.4966666666666666,3.5813333333333333,2.949666666666667,3.9006666666666665,26.200666666666667,12.928333333333333
