{
  "games": {
    "season": 2025.0,
    "start_week": 1.0,
    "end_week": 17.0,
    "n_games": 256.0,
    "mae_margin": 12.010895981104113,
    "mae_total": 11.52168956398964,
    "acc_home_win": 0.58203125,
    "acc_spread_cover": 0.48,
    "acc_over_under": 0.5644444444444444,
    "weekly_h1_acc_spread_cover": 0.41955128205128206,
    "weekly_h2_acc_spread_cover": 0.47361111111111104,
    "weekly_h1_acc_over_under": 0.6720303506017792,
    "weekly_h2_acc_over_under": 0.5259920634920634
  }
}