season,start_week,end_week,n_games,mae_margin,mae_total,acc_home_win
2024,1,18,272,10.397204401261789,10.390527205036767,0.6691176470588235
