{
  "games": {
    "season": 2024.0,
    "start_week": 1.0,
    "end_week": 18.0,
    "n_games": 272.0,
    "mae_margin": 10.397204401261789,
    "mae_total": 10.390527205036767,
    "acc_home_win": 0.6691176470588235
  }
}