season,start_week,end_week,n_games,mae_margin,mae_total,acc_home_win,acc_spread_cover,acc_over_under
2025,1,17,240,10.641073523651054,10.676972861907881,0.5625,0.6458333333333334,0.6458333333333334
