{
  "season": 2025.0,
  "start_week": 1.0,
  "end_week": 11.0,
  "n_games": 164.0,
  "n_ml_probs": 164.0,
  "n_ats_probs": 133.0,
  "n_total_probs": 133.0,
  "ats_sigma": 14.8022933230614,
  "total_sigma": 13.403020391494687,
  "n_sims": 2000.0
}