season,start_week,end_week,n_games,mae_margin,mae_total,acc_home_win,acc_spread_cover,acc_over_under,blend_margin,blend_total
2025.0,1.0,17.0,240.0,10.557651552332903,10.840659040986855,0.6375,0.6458333333333334,0.6458333333333334,0.0,0.0
2025.0,1.0,17.0,240.0,10.799151113917997,10.840629066951083,0.5625,0.6458333333333334,0.6458333333333334,0.1,0.05
2025.0,1.0,17.0,240.0,10.69150023866344,10.755989769975857,0.5625,0.6458333333333334,0.6458333333333334,0.2,0.1
2025.0,1.0,17.0,240.0,10.641073523651054,10.676972861907883,0.5625,0.6458333333333334,0.6458333333333334,0.25,0.15
