bin_low,bin_high,count,pred_mean,obs_rate
0.425,0.495,11,0.4748071636038728,0.5454545454545454
0.495,0.519,10,0.5085441124801231,0.5
0.519,0.535,11,0.527628371453029,0.5454545454545454
0.535,0.546,10,0.5407047745812606,0.5
0.546,0.553,11,0.5492614080697903,0.6363636363636364
0.553,0.562,10,0.5566210557489191,0.3
0.562,0.568,10,0.5643314946315733,0.5
0.568,0.584,11,0.575300615199647,0.36363636363636365
0.584,0.603,10,0.5950439843596257,0.3
0.603,0.648,11,0.6227549678985654,0.36363636363636365
