season,start_week,end_week,n_games,mae_margin,mae_total,acc_home_win,acc_spread_cover,acc_over_under
2025,1,18,272,10.692481661516736,12.91738730318406,0.6323529411764706,0.5020746887966805,0.48132780082987553
