{
  "games": {
    "season": 2025.0,
    "start_week": 1.0,
    "end_week": 18.0,
    "n_games": 272.0,
    "mae_margin": 10.996392372584737,
    "mae_total": 12.652928366380578,
    "acc_home_win": 0.6323529411764706,
    "acc_spread_cover": 0.5228215767634855,
    "acc_over_under": 0.4730290456431535,
    "weekly_h1_acc_spread_cover": 0.48078885400313975,
    "weekly_h2_acc_spread_cover": 0.5033333333333333,
    "weekly_h1_acc_over_under": 0.444459706959707,
    "weekly_h2_acc_over_under": 0.45160714285714293
  }
}