{
  "games": {
    "season": 2025.0,
    "start_week": 1.0,
    "end_week": 18.0,
    "n_games": 272.0,
    "mae_margin": 10.692481661516736,
    "mae_total": 12.91738730318406,
    "acc_home_win": 0.6323529411764706,
    "acc_spread_cover": 0.5020746887966805,
    "acc_over_under": 0.48132780082987553,
    "weekly_h1_acc_spread_cover": 0.411492673992674,
    "weekly_h2_acc_spread_cover": 0.5163095238095238,
    "weekly_h1_acc_over_under": 0.49322344322344325,
    "weekly_h2_acc_over_under": 0.4319047619047619
  }
}