bin_low,bin_high,count,pred_mean,obs_rate
0.776,0.822,27,0.8097497514728974,0.48148148148148145
0.822,0.845,10,0.8381106526518325,0.4
0.845,0.864,17,0.854499017087497,0.5882352941176471
0.864,0.871,9,0.8685705379395838,0.5555555555555556
0.871,0.893,11,0.8870991771045442,0.36363636363636365
0.893,0.935,14,0.9159450588891648,0.6428571428571429
0.935,0.974,10,0.958669203827012,0.6
0.974,0.983,14,0.9812640117282984,0.5
0.983,0.984,11,0.9834688128504823,0.6363636363636364
