bin_low,bin_high,count,pred_mean,obs_rate
0.599,0.757,37,0.6283473570850432,0.4594594594594595
0.757,0.912,17,0.835992136699975,0.5882352941176471
0.912,0.972,9,0.9485643035166706,0.5555555555555556
0.972,1.0,60,0.9999412063141759,0.55
