{
  "ML": {
    "threshold": 0.55,
    "acc": 0.6482758620689655,
    "coverage": 0.5330882352941176,
    "n": 145
  },
  "ATS": {
    "threshold": 0.86,
    "acc": 0.5882352941176471,
    "coverage": 0.0625,
    "n": 17
  },
  "TOTAL": {
    "threshold": 0.55,
    "acc": 0.5,
    "coverage": 0.15441176470588236,
    "n": 42
  }
}