{
  "ML": {
    "threshold": 0.55,
    "acc": 0.6482758620689655,
    "coverage": 0.5330882352941176,
    "n": 145
  },
  "ATS": {
    "threshold": 0.64,
    "acc": 0.49473684210526314,
    "coverage": 0.3492647058823529,
    "n": 95
  },
  "TOTAL": {
    "threshold": 0.55,
    "acc": 0.5,
    "coverage": 0.15441176470588236,
    "n": 42
  }
}