{
  "season": 2025,
  "start_week": 1,
  "end_week": 18,
  "n_games": 272,
  "mae_margin": 10.804752223759174,
  "mae_total": 12.669174622569676,
  "brier_ml": 0.24878427450980395,
  "brier_ats": 0.30277542554172426,
  "brier_total": 0.2917987865375749,
  "acc_ml": 0.6360294117647058,
  "acc_ats": 0.4854771784232365,
  "acc_total": 0.5020746887966805,
  "acc_ml_p_ge_0.55": 0.6482758620689655,
  "coverage_ml_p_ge_0.55": 0.5330882352941176,
  "n_ml_p_ge_0.55": 145,
  "acc_ats_p_ge_0.55": 0.4838709677419355,
  "coverage_ats_p_ge_0.55": 0.45588235294117646,
  "n_ats_p_ge_0.55": 124,
  "acc_total_p_ge_0.55": 0.5,
  "coverage_total_p_ge_0.55": 0.15441176470588236,
  "n_total_p_ge_0.55": 42
}