bin_low,bin_high,count,pred_mean,obs_rate
-0.001,0.47,52,0.1330319332570279,0.5192307692307693
0.47,0.581,8,0.5538390056605225,0.25
0.581,0.6,37,0.5997948662015642,0.6756756756756757
0.6,0.641,8,0.6281880498299761,0.625
0.641,0.657,15,0.6503879806463478,0.4
0.657,0.789,14,0.7222252173900197,0.5714285714285714
0.789,1.0,15,0.8954967559397595,0.5333333333333333
