bin_low,bin_high,count,pred_mean,obs_rate
0.783,0.8178,2,0.7995787572584772,0.5
0.8178,0.8316,1,0.8219886610632372,0.0
0.8316,0.8472,1,0.8379551388059228,0.0
0.8472,0.8644,2,0.8561255001433324,0.5
0.8644,0.8685,1,0.8658538373169631,1.0
0.8685,0.9226,1,0.8711634558634337,1.0
0.9226,0.9782,2,0.9565498402285391,0.5
0.9782,0.9827,1,0.982590818180264,1.0
0.9827,0.9829,3,0.9828958741153234,0.6666666666666666
