bin_low,bin_high,count,pred_mean,obs_rate
0.466,0.49,2,0.4763364569425704,0.5
0.49,0.502,1,0.49945956016204024,0.0
0.502,0.509,1,0.5037482163833432,0.0
0.509,0.513,2,0.510821062836831,0.5
0.513,0.524,1,0.5167724460743295,1.0
0.524,0.536,1,0.5315330791921066,1.0
0.536,0.537,2,0.5368096001023779,0.5
0.537,0.545,1,0.5385511444963611,0.0
0.545,0.574,1,0.5547677630584147,1.0
0.574,0.611,2,0.5967750861905325,0.5
