season,start_week,end_week,n_games,mae_margin,mae_total,acc_home_win,acc_spread_cover,acc_over_under
2025,1,17,256,6.027840181556332,11.396278301202031,0.484375,0.5066666666666667,0.5155555555555555
