{
  "games": {
    "season": 2025.0,
    "start_week": 1.0,
    "end_week": 17.0,
    "n_games": 256.0,
    "mae_margin": 6.027840181556332,
    "mae_total": 11.396278301202031,
    "acc_home_win": 0.484375,
    "acc_spread_cover": 0.5066666666666667,
    "acc_over_under": 0.5155555555555555,
    "weekly_h1_acc_spread_cover": 0.49261512297226584,
    "weekly_h2_acc_spread_cover": 0.5692460317460317,
    "weekly_h1_acc_over_under": 0.6389521193092621,
    "weekly_h2_acc_over_under": 0.4759920634920635
  }
}