season,start_week,end_week,n_games,mae_margin,mae_total,acc_home_win,acc_spread_cover,acc_over_under
2025,1,17,240,10.744897575008476,10.755989769975857,0.5625,0.6458333333333334,0.6458333333333334
