season,start_week,end_week,n_games,mae_margin,mae_total,acc_home_win,acc_spread_cover,acc_over_under
2025,1,17,256,7.094419866800308,11.52168956398964,0.48046875,0.5066666666666667,0.5644444444444444
