{
  "games": {
    "season": 2025.0,
    "start_week": 1.0,
    "end_week": 17.0,
    "n_games": 256.0,
    "mae_margin": 7.094419866800308,
    "mae_total": 11.52168956398964,
    "acc_home_win": 0.48046875,
    "acc_spread_cover": 0.5066666666666667,
    "acc_over_under": 0.5644444444444444,
    "weekly_h1_acc_spread_cover": 0.49261512297226584,
    "weekly_h2_acc_spread_cover": 0.5692460317460317,
    "weekly_h1_acc_over_under": 0.6720303506017792,
    "weekly_h2_acc_over_under": 0.5259920634920634
  }
}