bin_low,bin_high,count,pred_mean,obs_rate
0.423,0.491,11,0.4719270855886389,0.6363636363636364
0.491,0.516,10,0.5033134748765955,0.4
0.516,0.534,10,0.5246684994668435,0.5
0.534,0.545,11,0.5396465860221121,0.5454545454545454
0.545,0.552,10,0.549352773896947,0.6
0.552,0.559,10,0.5556039450239125,0.4
0.559,0.566,11,0.5624249771569841,0.45454545454545453
0.566,0.576,10,0.5710212541915645,0.3
0.576,0.599,10,0.5871951757638637,0.3
0.599,0.653,11,0.6209200620599599,0.5454545454545454
