season,start_week,end_week,n_games,mae_margin,mae_total,acc_home_win,acc_spread_cover,acc_over_under
2025,1,17,256,10.715366920427186,12.864393919706345,0.6328125,0.49777777777777776,0.47555555555555556
