{
  "overall_home_pred_rate": 0.5291666666666667,
  "overall_acc_home_win": 0.6375,
  "trend_acc_slope_per_week": 0.00017655138978671633
}