{
  "games": {
    "season": 2025.0,
    "start_week": 1.0,
    "end_week": 17.0,
    "n_games": 240.0,
    "mae_margin": 10.557651552332903,
    "mae_total": 10.840659040986857,
    "acc_home_win": 0.6375,
    "acc_spread_cover": 0.6458333333333334,
    "acc_over_under": 0.6458333333333334,
    "weekly_h1_acc_spread_cover": 0.7427197802197802,
    "weekly_h2_acc_spread_cover": 0.5298363095238094,
    "weekly_h1_acc_over_under": 0.8033882783882784,
    "weekly_h2_acc_over_under": 0.48065476190476186
  }
}