{
  "games": {
    "season": 2025.0,
    "start_week": 1.0,
    "end_week": 17.0,
    "n_games": 256.0,
    "mae_margin": 10.715366920427186,
    "mae_total": 12.864393919706345,
    "acc_home_win": 0.6328125,
    "acc_spread_cover": 0.49777777777777776,
    "acc_over_under": 0.47555555555555556,
    "weekly_h1_acc_spread_cover": 0.411492673992674,
    "weekly_h2_acc_spread_cover": 0.5111772486772487,
    "weekly_h1_acc_over_under": 0.49322344322344325,
    "weekly_h2_acc_over_under": 0.4173941798941799
  }
}