bin_low,bin_high,count,pred_mean,obs_rate
-0.001,0.347,33,0.06192771132218461,0.48484848484848486
0.347,0.757,10,0.4883508699664523,0.6
0.757,0.923,12,0.8204404742593847,0.5
0.923,1.0,53,0.9973117715921201,0.5283018867924528
