{
  "rows": 91,
  "MONEYLINE": {
    "rows": 89,
    "wins": 39,
    "losses": 35,
    "pushes": 0,
    "win_rate": 0.527027027027027,
    "ev_mean": 0.5560906596657896,
    "ev_median": 0.4939643653311031,
    "tiers": {
      "High": {
        "rows": 85,
        "wins": 37,
        "losses": 34,
        "win_rate": 0.5211267605633803,
        "ev_mean": 0.578160237884652
      },
      "Medium": {
        "rows": 3,
        "wins": 2,
        "losses": 0,
        "win_rate": 1.0,
        "ev_mean": 0.0948994860318876
      },
      "Low": {
        "rows": 1,
        "wins": 0,
        "losses": 1,
        "win_rate": 0.0,
        "ev_mean": 0.06375003196418938
      }
    }
  },
  "SPREAD": {
    "rows": 2,
    "wins": 0,
    "losses": 2,
    "pushes": 0,
    "win_rate": 0.0,
    "ev_mean": 0.11964329753797198,
    "ev_median": 0.11964329753797198,
    "tiers": {
      "High": {
        "rows": 1,
        "wins": 0,
        "losses": 1,
        "win_rate": 0.0,
        "ev_mean": 0.138835215866274
      },
      "Medium": {
        "rows": 1,
        "wins": 0,
        "losses": 1,
        "win_rate": 0.0,
        "ev_mean": 0.10045137920966996
      },
      "Low": {
        "rows": 0
      }
    }
  },
  "TOTAL": {
    "rows": 0
  },
  "meta": {
    "season": 2025,
    "end_week": 17,
    "lookback": 6,
    "rows": 91
  }
}