{
  "rows": 187,
  "MONEYLINE": {
    "rows": 3,
    "wins": 2,
    "losses": 1,
    "pushes": 0,
    "win_rate": 0.6666666666666666,
    "ev_mean": 0.3130638819805014,
    "ev_median": 0.3076923076923077,
    "tiers": {
      "High": {
        "rows": 3,
        "wins": 2,
        "losses": 1,
        "win_rate": 0.6666666666666666,
        "ev_mean": 0.3130638819805014
      },
      "Medium": {
        "rows": 0
      },
      "Low": {
        "rows": 0
      }
    }
  },
  "SPREAD": {
    "rows": 92,
    "wins": 40,
    "losses": 52,
    "pushes": 0,
    "win_rate": 0.43478260869565216,
    "ev_mean": 0.14700819479867952,
    "ev_median": 0.1427250295924214,
    "tiers": {
      "High": {
        "rows": 53,
        "wins": 20,
        "losses": 33,
        "win_rate": 0.37735849056603776,
        "ev_mean": 0.2244978155085129
      },
      "Medium": {
        "rows": 12,
        "wins": 7,
        "losses": 5,
        "win_rate": 0.5833333333333334,
        "ev_mean": 0.10144049507865512
      },
      "Low": {
        "rows": 9,
        "wins": 4,
        "losses": 5,
        "win_rate": 0.4444444444444444,
        "ev_mean": 0.055169211416944634
      }
    }
  },
  "TOTAL": {
    "rows": 92,
    "wins": 41,
    "losses": 51,
    "pushes": 0,
    "win_rate": 0.44565217391304346,
    "ev_mean": -0.004386477055530726,
    "ev_median": -0.01115350655011127,
    "tiers": {
      "High": {
        "rows": 0
      },
      "Medium": {
        "rows": 2,
        "wins": 1,
        "losses": 1,
        "win_rate": 0.5,
        "ev_mean": 0.08145445989690575
      },
      "Low": {
        "rows": 7,
        "wins": 0,
        "losses": 7,
        "win_rate": 0.0,
        "ev_mean": 0.051658841328168226
      }
    }
  },
  "meta": {
    "season": 2025,
    "end_week": 17,
    "lookback": 6,
    "rows": 187
  }
}