{
  "rows": 92,
  "MONEYLINE": {
    "rows": 76,
    "wins": 39,
    "losses": 37,
    "pushes": 0,
    "win_rate": 0.5131578947368421,
    "ev_mean": 0.5883442662957149,
    "ev_median": 0.5066121291091086,
    "tiers": {
      "High": {"rows": 75, "wins": 38, "losses": 37, "win_rate": 0.5066666666666667, "ev_mean": 0.5958883870294229},
      "Medium": {"rows": 0},
      "Low": {"rows": 0}
    }
  },
  "SPREAD": {
    "rows": 16,
    "wins": 7,
    "losses": 9,
    "pushes": 0,
    "win_rate": 0.4375,
    "ev_mean": 0.06195014074132511,
    "ev_median": 0.0737080623728335,
    "tiers": {
      "High": {"rows": 2, "wins": 1, "losses": 1, "win_rate": 0.5, "ev_mean": 0.13612115640522116},
      "Medium": {"rows": 6, "wins": 3, "losses": 3, "win_rate": 0.5, "ev_mean": 0.10058685907608678},
      "Low": {"rows": 2, "wins": 1, "losses": 1, "win_rate": 0.5, "ev_mean": 0.04848129819280059}
    }
  },
  "TOTAL": {"rows": 0},
  "meta": {"season": 2025, "end_week": 17, "lookback": 6, "rows": 92}
}
