{
  "rows": 101,
  "MONEYLINE": {"rows": 75, "wins": 38, "losses": 37, "pushes": 0, "win_rate": 0.5066666666666667, "ev_mean": 0.5958883870294229, "ev_median": 0.5066121291091086, "tiers": {"High": {"rows": 75, "wins": 38, "losses": 37, "win_rate": 0.5066666666666667, "ev_mean": 0.5958883870294229}, "Medium": {"rows": 0}, "Low": {"rows": 0}}},
  "SPREAD": {"rows": 26, "wins": 9, "losses": 17, "pushes": 0, "win_rate": 0.34615384615384615, "ev_mean": 0.15433140448125587, "ev_median": 0.14764631503947778, "tiers": {"High": {"rows": 20, "wins": 7, "losses": 13, "win_rate": 0.35, "ev_mean": 0.1678098959957796}, "Medium": {"rows": 6, "wins": 2, "losses": 4, "win_rate": 0.3333333333333333, "ev_mean": 0.10940309943284338}, "Low": {"rows": 0}}},
  "TOTAL": {"rows": 0},
  "meta": {"season": 2025, "end_week": 17, "lookback": 6, "rows": 101}
}
