{
  "rows": 261,
  "MONEYLINE": {"rows": 77, "wins": 39, "losses": 38, "pushes": 0, "win_rate": 0.5064935064935064, "ev_mean": 0.580773631738698, "ev_median": 0.5066121291091086, "tiers": {"High": {"rows": 75, "wins": 38, "losses": 37, "win_rate": 0.5066666666666667, "ev_mean": 0.5958883870294229}, "Medium": {"rows": 0}, "Low": {"rows": 0}}},
  "SPREAD": {"rows": 92, "wins": 40, "losses": 52, "pushes": 0, "win_rate": 0.43478260869565216, "ev_mean": 0.04032285135513521, "ev_median": 0.03586450898865434, "tiers": {"High": {"rows": 7, "wins": 2, "losses": 5, "win_rate": 0.2857142857142857, "ev_mean": 0.1498646755281147}, "Medium": {"rows": 15, "wins": 6, "losses": 9, "win_rate": 0.4, "ev_mean": 0.09895368902165105}, "Low": {"rows": 24, "wins": 10, "losses": 14, "win_rate": 0.4166666666666667, "ev_mean": 0.0534794690699148}}},
  "TOTAL": {"rows": 92, "wins": 48, "losses": 44, "pushes": 0, "win_rate": 0.5217391304347826, "ev_mean": -0.04536305079783334, "ev_median": -0.045454545454545414, "tiers": {"High": {"rows": 0}, "Medium": {"rows": 0}, "Low": {"rows": 0}}},
  "meta": {"season": 2025, "end_week": 17, "lookback": 6, "rows": 261}
}
