bin_low,bin_high,count,pred_mean,obs_rate
0.477,0.495,11,0.4900922331992746,0.7272727272727273
0.495,0.499,10,0.49728911692557987,0.4
0.499,0.502,11,0.4999445581367647,0.36363636363636365
0.502,0.504,10,0.5034043226415192,0.6
0.504,0.507,11,0.5056604973028824,0.5454545454545454
0.507,0.509,10,0.508182214243231,0.6
0.509,0.511,10,0.5099213266197269,0.2
0.511,0.513,11,0.5123282043631399,0.5454545454545454
0.513,0.517,10,0.5150922874142917,0.4
0.517,0.536,11,0.5224551765254052,0.5454545454545454
