{
  "games": {
    "season": 2025.0,
    "start_week": 4.0,
    "end_week": 4.0,
    "n_games": 16.0,
    "mae_margin": 11.105465814692668,
    "mae_total": 12.3829149326837,
    "acc_home_win": 0.6875
  }
}