season,week,game_id,home_team,away_team,pred_margin,pred_total,spread_ref,total_ref,home_points_mean,away_points_mean,total_points_mean,prob_home_win_mc,prob_home_cover_mc,prob_over_total_mc
2025,19,2025_19_BUF_JAX,Jacksonville Jaguars,Buffalo Bills,-4.746784927698529,48.46584893832492,1.5,51.5,22.147830597581535,26.826920557275695,48.974751154857245,0.316,0.37,0.44666666666666666
2025,19,2025_19_GB_CHI,Chicago Bears,Green Bay Packers,10.965815646494644,45.96341447209541,1.5,44.5,28.4585367720324,17.449040880351763,45.907577652384155,0.894,0.9213333333333333,0.526
2025,19,2025_19_HOU_PIT,Pittsburgh Steelers,Houston Texans,-0.6858106431261448,46.06224292666264,3.0,38.5,22.80162605119725,23.139576687518964,45.94120273871621,0.49333333333333335,0.6093333333333333,0.67
2025,19,2025_19_LAC_NE,New England Patriots,Los Angeles Chargers,7.488304679845992,55.393113110806695,-3.5,45.5,31.39810175946391,23.64274740751062,55.040849166974525,0.8073333333333333,0.6766666666666666,0.6933333333333334
2025,19,2025_19_LA_CAR,Carolina Panthers,Los Angeles Rams,-2.0659738683956643,44.61186855527012,10.5,45.5,21.745129155821953,23.461445426557606,45.20657458237957,0.4246666666666667,0.8186666666666667,0.49733333333333335
2025,19,2025_19_SF_PHI,Philadelphia Eagles,San Francisco 49ers,6.992421085106233,50.99271361580082,-5.5,44.5,28.890949932294554,21.567406742237992,50.45835667453254,0.7886666666666666,0.5833333333333334,0.628
