season,week,game_id,home_team,away_team,home_q1,home_q2,home_q3,home_q4,away_q1,away_q2,away_q3,away_q4,home_points_mean,away_points_mean
2025,19,2025_19_BUF_JAX,Jacksonville Jaguars,Buffalo Bills,4.834,6.312,5.004666666666667,5.998666666666667,6.244,7.73,6.118666666666667,6.646,22.149333333333335,26.738666666666667
2025,19,2025_19_GB_CHI,Chicago Bears,Green Bay Packers,6.846,8.543333333333333,6.346,6.582,3.550666666666667,4.679333333333333,4.066666666666666,5.274,28.317333333333334,17.570666666666668
2025,19,2025_19_HOU_PIT,Pittsburgh Steelers,Houston Texans,5.046,6.391333333333334,5.298,6.082666666666666,4.964,6.407333333333334,5.424666666666667,6.316666666666666,22.818,23.112666666666666
2025,19,2025_19_LAC_NE,New England Patriots,Los Angeles Chargers,7.3133333333333335,9.314,7.163333333333333,7.511333333333333,4.875333333333334,6.456,5.343333333333334,6.884666666666667,31.302,23.559333333333335
2025,19,2025_19_LA_CAR,Carolina Panthers,Los Angeles Rams,4.766,6.227333333333333,4.913333333333333,5.849333333333333,5.154,6.719333333333333,5.434666666666667,6.1033333333333335,21.756,23.411333333333335
2025,19,2025_19_SF_PHI,Philadelphia Eagles,San Francisco 49ers,6.629333333333333,8.579333333333333,6.633333333333334,6.988666666666667,4.314,6.145333333333333,5.02,6.067333333333333,28.830666666666666,21.546666666666667
